ISO-10303-21;
HEADER;
FILE_DESCRIPTION(('FreeCAD Model'),'2;1');
FILE_NAME('Open CASCADE Shape Model','2026-08-12T19:57:47',('FreeCAD'),(
    'FreeCAD'),'Open CASCADE STEP processor 7.8','FreeCAD','Unknown');
FILE_SCHEMA(('AUTOMOTIVE_DESIGN { 1 0 10303 214 1 1 1 1 }'));
ENDSEC;
DATA;
#1 = APPLICATION_PROTOCOL_DEFINITION('international standard',
  'automotive_design',2000,#2);
#2 = APPLICATION_CONTEXT(
  'core data for automotive mechanical design processes');
#3 = SHAPE_DEFINITION_REPRESENTATION(#4,#10);
#4 = PRODUCT_DEFINITION_SHAPE('','',#5);
#5 = PRODUCT_DEFINITION('design','',#6,#9);
#6 = PRODUCT_DEFINITION_FORMATION('','',#7);
#7 = PRODUCT('Open CASCADE STEP translator 7.8 1',
  'Open CASCADE STEP translator 7.8 1','',(#8));
#8 = PRODUCT_CONTEXT('',#2,'mechanical');
#9 = PRODUCT_DEFINITION_CONTEXT('part definition',#2,'design');
#10 = SHAPE_REPRESENTATION('',(#11,#15,#1073,#2333,#5452,#6459,#7466,
    #8162,#8780,#9398,#10016,#10634,#11252,#11870,#12488,#13106,#13724,
    #14342),#14960);
#11 = AXIS2_PLACEMENT_3D('',#12,#13,#14);
#12 = CARTESIAN_POINT('',(0.,0.,0.));
#13 = DIRECTION('',(0.,0.,1.));
#14 = DIRECTION('',(1.,0.,-0.));
#15 = MANIFOLD_SOLID_BREP('',#16);
#16 = CLOSED_SHELL('',(#17,#913,#965,#1010));
#17 = ADVANCED_FACE('',(#18,#650),#877,.T.);
#18 = FACE_BOUND('',#19,.T.);
#19 = EDGE_LOOP('',(#20,#358,#412,#422,#447,#457,#458,#649));
#20 = ORIENTED_EDGE('',*,*,#21,.T.);
#21 = EDGE_CURVE('',#22,#24,#26,.T.);
#22 = VERTEX_POINT('',#23);
#23 = CARTESIAN_POINT('',(23.7962461647,96.,-83.17286666034));
#24 = VERTEX_POINT('',#25);
#25 = CARTESIAN_POINT('',(63.811238548926,55.,-23.66184911536));
#26 = B_SPLINE_CURVE_WITH_KNOTS('',8,(#27,#28,#29,#30,#31,#32,#33,#34,
    #35,#36,#37,#38,#39,#40,#41,#42,#43,#44,#45,#46,#47,#48,#49,#50,#51,
    #52,#53,#54,#55,#56,#57,#58,#59,#60,#61,#62,#63,#64,#65,#66,#67,#68,
    #69,#70,#71,#72,#73,#74,#75,#76,#77,#78,#79,#80,#81,#82,#83,#84,#85,
    #86,#87,#88,#89,#90,#91,#92,#93,#94,#95,#96,#97,#98,#99,#100,#101,
    #102,#103,#104,#105,#106,#107,#108,#109,#110,#111,#112,#113,#114,
    #115,#116,#117,#118,#119,#120,#121,#122,#123,#124,#125,#126,#127,
    #128,#129,#130,#131,#132,#133,#134,#135,#136,#137,#138,#139,#140,
    #141,#142,#143,#144,#145,#146,#147,#148,#149,#150,#151,#152,#153,
    #154,#155,#156,#157,#158,#159,#160,#161,#162,#163,#164,#165,#166,
    #167,#168,#169,#170,#171,#172,#173,#174,#175,#176,#177,#178,#179,
    #180,#181,#182,#183,#184,#185,#186,#187,#188,#189,#190,#191,#192,
    #193,#194,#195,#196,#197,#198,#199,#200,#201,#202,#203,#204,#205,
    #206,#207,#208,#209,#210,#211,#212,#213,#214,#215,#216,#217,#218,
    #219,#220,#221,#222,#223,#224,#225,#226,#227,#228,#229,#230,#231,
    #232,#233,#234,#235,#236,#237,#238,#239,#240,#241,#242,#243,#244,
    #245,#246,#247,#248,#249,#250,#251,#252,#253,#254,#255,#256,#257,
    #258,#259,#260,#261,#262,#263,#264,#265,#266,#267,#268,#269,#270,
    #271,#272,#273,#274,#275,#276,#277,#278,#279,#280,#281,#282,#283,
    #284,#285,#286,#287,#288,#289,#290,#291,#292,#293,#294,#295,#296,
    #297,#298,#299,#300,#301,#302,#303,#304,#305,#306,#307,#308,#309,
    #310,#311,#312,#313,#314,#315,#316,#317,#318,#319,#320,#321,#322,
    #323,#324,#325,#326,#327,#328,#329,#330,#331,#332,#333,#334,#335,
    #336,#337,#338,#339,#340,#341,#342,#343,#344,#345,#346,#347,#348,
    #349,#350,#351,#352,#353,#354,#355,#356,#357),.UNSPECIFIED.,.F.,.F.,
  (9,7,7,7,7,7,7,7,7,7,7,7,7,7,7,7,7,7,7,7,7,7,7,7,7,7,7,7,7,7,7,7,7,7,7
    ,7,7,7,7,7,7,7,7,7,7,7,7,9),(0.,3.364728905243E-02,
    4.898641277171E-02,5.594116224265E-02,6.018472046227E-02,
    6.300813911E-02,6.566365213366E-02,6.623549617989E-02,
    6.648041103812E-02,6.688326710448E-02,6.797804448011E-02,
    6.806571818899E-02,6.816801625935E-02,7.165121023479E-02,
    7.382698084136E-02,7.604962174114E-02,7.8458434173E-02,
    8.116115515212E-02,8.496226115183E-02,9.999954455412E-02,
    0.128712911493,0.15923252419,0.16271622303,0.188629705277,
    0.24625019943,0.309640949857,0.321955993115,0.324835400521,
    0.334298877819,0.369546230584,0.399990542742,0.416895018459,
    0.451851444549,0.497741695568,0.521265734885,0.560338228624,
    0.569516396206,0.573233317699,0.576165537499,0.599349516602,
    0.6516942897,0.704416826807,0.75753798383,0.805497639398,
    0.891387346449,0.916430907465,0.965451512406,1.),.UNSPECIFIED.);
#27 = CARTESIAN_POINT('',(23.796246164701,96.,-83.17286666034));
#28 = CARTESIAN_POINT('',(22.345643426825,96.212193656258,
    -83.77696357263));
#29 = CARTESIAN_POINT('',(20.876219290657,96.407902665257,
    -84.34166168436));
#30 = CARTESIAN_POINT('',(19.389255727698,96.587325861067,
    -84.86571675202));
#31 = CARTESIAN_POINT('',(17.886113485839,96.750646279362,
    -85.34796291613));
#32 = CARTESIAN_POINT('',(16.368233680409,96.898028462933,
    -85.78732405872));
#33 = CARTESIAN_POINT('',(14.837145773464,97.02961621817,-86.18282660463
    ));
#34 = CARTESIAN_POINT('',(13.294467106499,97.145531310049,
    -86.53361421437));
#35 = CARTESIAN_POINT('',(11.034154176241,97.291618772746,
    -86.97816983327));
#36 = CARTESIAN_POINT('',(10.324345660573,97.334126033197,
    -87.10792825767));
#37 = CARTESIAN_POINT('',(9.612646701009,97.373407056896,-87.22817714719
    ));
#38 = CARTESIAN_POINT('',(8.89921957499,97.409470674571,-87.33885473698)
  );
#39 = CARTESIAN_POINT('',(8.184241177096,97.442324055849,-87.43990310864
    ));
#40 = CARTESIAN_POINT('',(7.467912171383,97.47197316257,-87.53126981806)
  );
#41 = CARTESIAN_POINT('',(6.750451138828,97.498423120276,-87.61290929977
    ));
#42 = CARTESIAN_POINT('',(5.706453093577,97.532222990268,-87.71737344715
    ));
#43 = CARTESIAN_POINT('',(5.380629069534,97.542109354627,-87.74795121987
    ));
#44 = CARTESIAN_POINT('',(5.054664653662,97.551339503602,-87.77651832965
    ));
#45 = CARTESIAN_POINT('',(4.728588269743,97.559913816285,-87.80307153961
    ));
#46 = CARTESIAN_POINT('',(4.402461456774,97.567831956471,-87.82760580461
    ));
#47 = CARTESIAN_POINT('',(4.076380845546,97.575093286131,-87.85011554884
    ));
#48 = CARTESIAN_POINT('',(3.750487471023,97.581697334113,-87.8705961268)
  );
#49 = CARTESIAN_POINT('',(3.226388135304,97.591273141323,-87.90030315094
    ));
#50 = CARTESIAN_POINT('',(3.02800699826,97.594655893439,-87.91080012703)
  );
#51 = CARTESIAN_POINT('',(2.829843491911,97.597794069218,-87.92054038834
    ));
#52 = CARTESIAN_POINT('',(2.631971813802,97.600687542078,-87.92952297664
    ));
#53 = CARTESIAN_POINT('',(2.434547501385,97.603335410169,-87.93774458176
    ));
#54 = CARTESIAN_POINT('',(2.237820325641,97.605736769782,-87.94520194238
    ));
#55 = CARTESIAN_POINT('',(2.04214506059,97.607891601953,-87.95189460471)
  );
#56 = CARTESIAN_POINT('',(1.71878623827,97.611072825011,-87.96177621317)
  );
#57 = CARTESIAN_POINT('',(1.590293387516,97.612235216769,-87.96538719634
    ));
#58 = CARTESIAN_POINT('',(1.462661284096,97.61328942192,-87.96866235731)
  );
#59 = CARTESIAN_POINT('',(1.336113526176,97.614235851464,-87.97160288643
    ));
#60 = CARTESIAN_POINT('',(1.210925714954,97.615075587234,-87.97421207083
    ));
#61 = CARTESIAN_POINT('',(1.08740305055,97.615810791824,-87.97649656875)
  );
#62 = CARTESIAN_POINT('',(0.96584275474,97.616444874093,-87.97846692397)
  );
#63 = CARTESIAN_POINT('',(0.734218180368,97.61748797658,-87.98170837041)
  );
#64 = CARTESIAN_POINT('',(0.623839139424,97.617908408325,-87.98301491632
    ));
#65 = CARTESIAN_POINT('',(0.515574546683,97.618247161497,-87.98406766663
    ));
#66 = CARTESIAN_POINT('',(0.409485939603,97.618509297226,-87.98488232811
    ));
#67 = CARTESIAN_POINT('',(0.305434350594,97.618700349411,-87.98547608471
    ));
#68 = CARTESIAN_POINT('',(0.203116014341,97.618825179735,-87.98586403769
    ));
#69 = CARTESIAN_POINT('',(0.102125511741,97.618887189651,-87.98605675496
    ));
#70 = CARTESIAN_POINT('',(-1.955348771956E-02,97.61888848895,
    -87.98606079295));
#71 = CARTESIAN_POINT('',(-4.107340904653E-02,97.618885892881,
    -87.98605272477));
#72 = CARTESIAN_POINT('',(-6.255805348733E-02,97.618880489021,
    -87.98603593041));
#73 = CARTESIAN_POINT('',(-8.401211379315E-02,97.618872292267,
    -87.98601045619));
#74 = CARTESIAN_POINT('',(-0.1054402998,97.618861314039,-87.9859763376)
  );
#75 = CARTESIAN_POINT('',(-0.126847338426,97.618847562281,
    -87.98593359935));
#76 = CARTESIAN_POINT('',(-0.148237973678,97.618831041459,
    -87.98588225536));
#77 = CARTESIAN_POINT('',(-0.178773367003,97.618803491329,
    -87.98579663422));
#78 = CARTESIAN_POINT('',(-0.187927622668,97.61879472235,-87.98576938174
    ));
#79 = CARTESIAN_POINT('',(-0.197080103272,97.618785445707,
    -87.98574055153));
#80 = CARTESIAN_POINT('',(-0.206231176219,97.618775661368,
    -87.98571014352));
#81 = CARTESIAN_POINT('',(-0.215381206683,97.618765369193,
    -87.98567815726));
#82 = CARTESIAN_POINT('',(-0.224530557604,97.618754568928,
    -87.98564459197));
#83 = CARTESIAN_POINT('',(-0.233679589694,97.618743260208,
    -87.98560944652));
#84 = CARTESIAN_POINT('',(-0.257877805764,97.618712003907,
    -87.98551230768));
#85 = CARTESIAN_POINT('',(-0.272927050283,97.618691188324,
    -87.98544761674));
#86 = CARTESIAN_POINT('',(-0.287977995003,97.618668993651,
    -87.98537863995));
#87 = CARTESIAN_POINT('',(-0.303032210518,97.618645416994,
    -87.98530536832));
#88 = CARTESIAN_POINT('',(-0.318091237996,97.61862045472,-87.9852277906)
  );
#89 = CARTESIAN_POINT('',(-0.333156589183,97.618594102461,
    -87.98514589321));
#90 = CARTESIAN_POINT('',(-0.348229746399,97.618566355113,
    -87.98505966034));
#91 = CARTESIAN_POINT('',(-0.404299227951,97.618457992183,-87.984722892)
  );
#92 = CARTESIAN_POINT('',(-0.445354242034,97.618368440592,-87.9844445865
    ));
#93 = CARTESIAN_POINT('',(-0.48650681994,97.618268423833,-87.98413375938
    ));
#94 = CARTESIAN_POINT('',(-0.527783960517,97.618157787812,
    -87.98378993246));
#95 = CARTESIAN_POINT('',(-0.56921004631,97.618036352562,-87.98341254729
    ));
#96 = CARTESIAN_POINT('',(-0.610806843563,97.617903912249,
    -87.98300096514));
#97 = CARTESIAN_POINT('',(-0.65259350222,97.617760235167,-87.98255446708
    ));
#98 = CARTESIAN_POINT('',(-0.697949510903,97.617592643064,
    -87.98203365517));
#99 = CARTESIAN_POINT('',(-0.701578129981,97.617579157515,-87.9819917473
    ));
#100 = CARTESIAN_POINT('',(-0.705307085307,97.617565218956,
    -87.98194843169));
#101 = CARTESIAN_POINT('',(-0.709022340973,97.617551250329,
    -87.98190502267));
#102 = CARTESIAN_POINT('',(-0.712661153012,97.617537485658,
    -87.98186224751));
#103 = CARTESIAN_POINT('',(-0.716212069407,97.617523970049,
    -87.98182024637));
#104 = CARTESIAN_POINT('',(-0.719714930081,97.617510559686,
    -87.98177857234));
#105 = CARTESIAN_POINT('',(-0.727398280487,97.617480981169,
    -87.98168665425));
#106 = CARTESIAN_POINT('',(-0.730873778745,97.61746753936,
    -87.98164488256));
#107 = CARTESIAN_POINT('',(-0.734188651564,97.617454639705,
    -87.98160479571));
#108 = CARTESIAN_POINT('',(-0.737654022596,97.617441068449,
    -87.98156262183));
#109 = CARTESIAN_POINT('',(-0.741390849256,97.617426354786,
    -87.98151689787));
#110 = CARTESIAN_POINT('',(-0.745329922725,97.617410770859,
    -87.98146846953));
#111 = CARTESIAN_POINT('',(-0.749211867946,97.61739533176,-87.9814204913
    ));
#112 = CARTESIAN_POINT('',(-0.867513488203,97.616921662877,
    -87.97994852913));
#113 = CARTESIAN_POINT('',(-0.987438912268,97.616361176376,
    -87.97820681766));
#114 = CARTESIAN_POINT('',(-1.111706979879,97.61569077242,
    -87.97612360505));
#115 = CARTESIAN_POINT('',(-1.239526455487,97.614903077058,
    -87.97367602416));
#116 = CARTESIAN_POINT('',(-1.370070855749,97.613994272364,
    -87.97085227669));
#117 = CARTESIAN_POINT('',(-1.502619589252,97.612963369667,
    -87.96764937255));
#118 = CARTESIAN_POINT('',(-1.636660116601,97.611810475203,
    -87.9640677377));
#119 = CARTESIAN_POINT('',(-1.856329516274,97.609738495804,
    -87.9576314246));
#120 = CARTESIAN_POINT('',(-1.941237409119,97.608894158663,
    -87.95500873862));
#121 = CARTESIAN_POINT('',(-2.026513638589,97.608002060871,
    -87.95223784673));
#122 = CARTESIAN_POINT('',(-2.11209005738,97.607062248953,
    -87.94931892272));
#123 = CARTESIAN_POINT('',(-2.19791071732,97.606074827887,
    -87.94625232408));
#124 = CARTESIAN_POINT('',(-2.283931612569,97.60503991155,
    -87.94303843814));
#125 = CARTESIAN_POINT('',(-2.370120422815,97.603957573173,
    -87.93967752812));
#126 = CARTESIAN_POINT('',(-2.544651930452,97.60167368097,-87.9325860627
    ));
#127 = CARTESIAN_POINT('',(-2.632994764563,97.600470142635,
    -87.92884935676));
#128 = CARTESIAN_POINT('',(-2.721458435573,97.599217229027,
    -87.9249596516));
#129 = CARTESIAN_POINT('',(-2.810020901617,97.597915007453,
    -87.92091719896));
#130 = CARTESIAN_POINT('',(-2.898664143006,97.596563550585,
    -87.91672226953));
#131 = CARTESIAN_POINT('',(-2.987373903041,97.595162922765,
    -87.91237511046));
#132 = CARTESIAN_POINT('',(-3.076139428828,97.593713166299,
    -87.90787590277));
#133 = CARTESIAN_POINT('',(-3.261206162957,97.590589861367,
    -87.89818394625));
#134 = CARTESIAN_POINT('',(-3.357513728909,97.588907774566,
    -87.89296478148));
#135 = CARTESIAN_POINT('',(-3.453865146436,97.587168063118,
    -87.88756740178));
#136 = CARTESIAN_POINT('',(-3.550251335787,97.585370766772,
    -87.88199199989));
#137 = CARTESIAN_POINT('',(-3.646664783794,97.583515924052,
    -87.87623876796));
#138 = CARTESIAN_POINT('',(-3.743099426695,97.581603567033,
    -87.87030788126));
#139 = CARTESIAN_POINT('',(-3.839550532969,97.579633716125,
    -87.86419948207));
#140 = CARTESIAN_POINT('',(-4.04424859264,97.57533166997,-87.8508608882)
  );
#141 = CARTESIAN_POINT('',(-4.152498078576,97.572984607121,
    -87.84358481129));
#142 = CARTESIAN_POINT('',(-4.260757643101,97.570565203889,
    -87.83608560328));
#143 = CARTESIAN_POINT('',(-4.369022655801,97.568073478355,
    -87.82836344128));
#144 = CARTESIAN_POINT('',(-4.477289200753,97.565509446592,
    -87.8204185012));
#145 = CARTESIAN_POINT('',(-4.585554020567,97.562873120149,
    -87.81225094992));
#146 = CARTESIAN_POINT('',(-4.69381446043,97.560164503544,
    -87.80386093754));
#147 = CARTESIAN_POINT('',(-4.954316738437,97.553472518382,
    -87.78313618648));
#148 = CARTESIAN_POINT('',(-5.10655154131,97.549418465834,
    -87.77058406766));
#149 = CARTESIAN_POINT('',(-5.258766747152,97.545221429779,
    -87.75759261229));
#150 = CARTESIAN_POINT('',(-5.410957094833,97.54088140528,
    -87.74416221714));
#151 = CARTESIAN_POINT('',(-5.563118064747,97.536398383373,
    -87.73029328601));
#152 = CARTESIAN_POINT('',(-5.715245807844,97.531772347646,
    -87.71598621908));
#153 = CARTESIAN_POINT('',(-5.867337074667,97.527003270824,
    -87.70124140232));
#154 = CARTESIAN_POINT('',(-6.620911455277,97.50265846931,
    -87.62599796195));
#155 = CARTESIAN_POINT('',(-7.221800537411,97.480987205058,
    -87.55909351523));
#156 = CARTESIAN_POINT('',(-7.821902377496,97.457074594627,
    -87.48536774151));
#157 = CARTESIAN_POINT('',(-8.421090214878,97.430917705427,
    -87.40484662709));
#158 = CARTESIAN_POINT('',(-9.019247535444,97.402513171428,
    -87.31755947822));
#159 = CARTESIAN_POINT('',(-9.616269296723,97.371857019185,
    -87.22353829337));
#160 = CARTESIAN_POINT('',(-10.21205838864,97.338944485975,
    -87.12281710255));
#161 = CARTESIAN_POINT('',(-11.94164893608,97.236604618001,
    -86.81038056496));
#162 = CARTESIAN_POINT('',(-13.07192797367,97.161193000035,
    -86.58103465939));
#163 = CARTESIAN_POINT('',(-14.19668756164,97.077499098925,
    -86.32765253034));
#164 = CARTESIAN_POINT('',(-15.31528247835,96.985480999721,
    -86.05053235773));
#165 = CARTESIAN_POINT('',(-16.42709151059,96.885090612428,
    -85.75000815045));
#166 = CARTESIAN_POINT('',(-17.53151748713,96.776273866992,
    -85.42644678454));
#167 = CARTESIAN_POINT('',(-18.62798547712,96.658971112192,
    -85.08024535953));
#168 = CARTESIAN_POINT('',(-20.87233859331,96.399347267073,
    -84.32023662464));
#169 = CARTESIAN_POINT('',(-22.01912384456,96.255916018379,
    -83.90354490387));
#170 = CARTESIAN_POINT('',(-23.15563417459,96.102746109403,
    -83.46226355435));
#171 = CARTESIAN_POINT('',(-24.28124105556,95.939752342012,
    -82.99693530423));
#172 = CARTESIAN_POINT('',(-25.3953495766,95.766842450624,-82.5081312731
    ));
#173 = CARTESIAN_POINT('',(-26.49739674387,95.583917475261,
    -81.99644694303));
#174 = CARTESIAN_POINT('',(-27.58684998745,95.390872184831,
    -81.46249853484));
#175 = CARTESIAN_POINT('',(-28.78606784549,95.164392288299,
    -80.8435025681));
#176 = CARTESIAN_POINT('',(-28.90886625071,95.141035494502,
    -80.77974824382));
#177 = CARTESIAN_POINT('',(-29.03160044789,95.117524478101,
    -80.71565657379));
#178 = CARTESIAN_POINT('',(-29.15426898424,95.093858696597,
    -80.65122773838));
#179 = CARTESIAN_POINT('',(-29.27687082459,95.070037524516,
    -80.58646170797));
#180 = CARTESIAN_POINT('',(-29.39940503953,95.046060312068,
    -80.52135840352));
#181 = CARTESIAN_POINT('',(-29.52187032664,95.02192647529,-80.4559179433
    ));
#182 = CARTESIAN_POINT('',(-30.55470359677,94.816945963337,
    -79.90085325739));
#183 = CARTESIAN_POINT('',(-31.45534275427,94.628731450048,
    -79.39609577369));
#184 = CARTESIAN_POINT('',(-32.34588092224,94.432919919683,
    -78.87626762876));
#185 = CARTESIAN_POINT('',(-33.22603176982,94.229436250222,-78.341776342
    ));
#186 = CARTESIAN_POINT('',(-34.09552411519,94.018202148678,
    -77.7930358147));
#187 = CARTESIAN_POINT('',(-34.95410111809,93.799136202814,
    -77.23046500458));
#188 = CARTESIAN_POINT('',(-35.8015194722,93.572153932861,
    -76.65448660026));
#189 = CARTESIAN_POINT('',(-38.49651963866,92.814659416474,
    -74.75592877395));
#190 = CARTESIAN_POINT('',(-40.29912653736,92.252592114534,
    -73.38217975246));
#191 = CARTESIAN_POINT('',(-42.04290606651,91.649990240108,
    -71.94891424023));
#192 = CARTESIAN_POINT('',(-43.72562525382,91.005811077919,
    -70.46086321985));
#193 = CARTESIAN_POINT('',(-45.34525538935,90.318959420137,
    -68.92281809515));
#194 = CARTESIAN_POINT('',(-46.89994193456,89.588288409619,
    -67.33959764857));
#195 = CARTESIAN_POINT('',(-48.38797033308,88.812586700984,
    -65.71601690811));
#196 = CARTESIAN_POINT('',(-51.3696630286,87.086196675364,
    -62.23154666767));
#197 = CARTESIAN_POINT('',(-52.84878801428,86.125866964472,
    -60.36338522633));
#198 = CARTESIAN_POINT('',(-54.24306977551,85.107803865322,
    -58.45866089203));
#199 = CARTESIAN_POINT('',(-55.55033293956,84.030243214286,
    -56.52390191263));
#200 = CARTESIAN_POINT('',(-56.76831004356,82.891449343968,
    -54.56589246232));
#201 = CARTESIAN_POINT('',(-57.89465609035,81.689729584423,
    -52.59167554584));
#202 = CARTESIAN_POINT('',(-58.92692728217,80.423429547274,
    -50.60854383669));
#203 = CARTESIAN_POINT('',(-60.04428406515,78.832037852046,
    -48.23848089166));
#204 = CARTESIAN_POINT('',(-60.22239247292,78.570671625098,
    -47.85289725132));
#205 = CARTESIAN_POINT('',(-60.39682941642,78.306799777317,
    -47.46732449227));
#206 = CARTESIAN_POINT('',(-60.56757484546,78.040411989416,
    -47.08182033244));
#207 = CARTESIAN_POINT('',(-60.73460839868,77.771498357358,
    -46.69644324359));
#208 = CARTESIAN_POINT('',(-60.89790940354,77.500049392358,
    -46.31125245127));
#209 = CARTESIAN_POINT('',(-61.05745687634,77.226056020884,
    -45.92630793491));
#210 = CARTESIAN_POINT('',(-61.24965106966,76.884849655513,
    -45.45173748331));
#211 = CARTESIAN_POINT('',(-61.28586625316,76.820050160859,
    -45.36182132764));
#212 = CARTESIAN_POINT('',(-61.32187480283,76.75511098675,-45.2719227316
    ));
#213 = CARTESIAN_POINT('',(-61.35767644438,76.690032027443,
    -45.1820424776));
#214 = CARTESIAN_POINT('',(-61.39327090167,76.624813180554,
    -45.09218135288));
#215 = CARTESIAN_POINT('',(-61.42865789929,76.559454342226,
    -45.00234014298));
#216 = CARTESIAN_POINT('',(-61.46383716508,76.493955402292,
    -44.91251962505));
#217 = CARTESIAN_POINT('',(-61.61374520262,76.212586175922,
    -44.5275864329));
#218 = CARTESIAN_POINT('',(-61.72643515424,75.995341611882,
    -44.23268423815));
#219 = CARTESIAN_POINT('',(-61.8368684463,75.776578916481,
    -43.93804199587));
#220 = CARTESIAN_POINT('',(-61.94503513066,75.556294692038,
    -43.6436880369));
#221 = CARTESIAN_POINT('',(-62.05092515235,75.334485774021,
    -43.34965100403));
#222 = CARTESIAN_POINT('',(-62.15452834953,75.111149231049,
    -43.05595985204));
#223 = CARTESIAN_POINT('',(-62.25583445353,74.886282364893,
    -42.76264384764));
#224 = CARTESIAN_POINT('',(-62.72356011131,73.81664209444,
    -41.37876496061));
#225 = CARTESIAN_POINT('',(-63.06027308989,72.952147713343,
    -40.29342396574));
#226 = CARTESIAN_POINT('',(-63.36444328163,72.066260933307,
    -39.2152205237));
#227 = CARTESIAN_POINT('',(-63.63551411307,71.158906975709,
    -38.14574588257));
#228 = CARTESIAN_POINT('',(-63.8729102014,70.230083442657,
    -37.08666642437));
#229 = CARTESIAN_POINT('',(-64.07604632207,69.279871237567,
    -36.03971636117));
#230 = CARTESIAN_POINT('',(-64.24433632305,68.308447880832,
    -35.00668830263));
#231 = CARTESIAN_POINT('',(-64.49196248171,66.458982099365,
    -33.11077465342));
#232 = CARTESIAN_POINT('',(-64.58029421591,65.586261293874,
    -32.24389461898));
#233 = CARTESIAN_POINT('',(-64.64182441733,64.698135661367,
    -31.38997422888));
#234 = CARTESIAN_POINT('',(-64.67618572381,63.794873234607,
    -30.55024077779));
#235 = CARTESIAN_POINT('',(-64.6830228692,62.876822859318,
    -29.72594799926));
#236 = CARTESIAN_POINT('',(-64.66200110804,61.944423685504,
    -28.91836581164));
#237 = CARTESIAN_POINT('',(-64.61281637785,60.998216512657,
    -28.1287680285));
#238 = CARTESIAN_POINT('',(-64.49211403122,59.506164069187,
    -26.93067431943));
#239 = CARTESIAN_POINT('',(-64.44025716187,58.96941512628,
    -26.50886416514));
#240 = CARTESIAN_POINT('',(-64.379591923,58.428722658779,-26.0932039921)
  );
#241 = CARTESIAN_POINT('',(-64.31007755921,57.884208917623,
    -25.68390837101));
#242 = CARTESIAN_POINT('',(-64.23167788312,57.336006475288,
    -25.28118913289));
#243 = CARTESIAN_POINT('',(-64.1443619309,56.784258795039,
    -24.88525448032));
#244 = CARTESIAN_POINT('',(-64.04810461785,56.229120800178,
    -24.49630809861));
#245 = CARTESIAN_POINT('',(-63.72531079478,54.516135221575,
    -23.32511474292));
#246 = CARTESIAN_POINT('',(-63.46940980171,53.347668851439,
    -22.56637165551));
#247 = CARTESIAN_POINT('',(-63.17502651185,52.166901820384,
    -21.84012287765));
#248 = CARTESIAN_POINT('',(-62.84212303657,50.975516175567,
    -21.14800443152));
#249 = CARTESIAN_POINT('',(-62.47078603188,49.775345968237,
    -20.49146138021));
#250 = CARTESIAN_POINT('',(-62.06124179879,48.568387359516,
    -19.87172137392));
#251 = CARTESIAN_POINT('',(-61.61388195382,47.356807387529,
    -19.28976485042));
#252 = CARTESIAN_POINT('',(-60.49314790402,44.54942014362,-18.0328288781
    ));
#253 = CARTESIAN_POINT('',(-59.79269117582,42.95157853492,
    -17.38551608685));
#254 = CARTESIAN_POINT('',(-59.02929669898,41.354915440683,
    -16.80607494876));
#255 = CARTESIAN_POINT('',(-58.20468961331,39.764757087872,
    -16.29504759213));
#256 = CARTESIAN_POINT('',(-57.32087521527,38.186270814387,
    -15.85191113106));
#257 = CARTESIAN_POINT('',(-56.38009554453,36.624451739882,
    -15.47519002195));
#258 = CARTESIAN_POINT('',(-55.38482032594,35.084092352534,
    -15.16256648677));
#259 = CARTESIAN_POINT('',(-53.80103945909,32.793452496017,
    -14.78202661264));
#260 = CARTESIAN_POINT('',(-53.25065987553,32.023942206168,
    -14.66909599579));
#261 = CARTESIAN_POINT('',(-52.68697020765,31.261780258046,
    -14.57178413953));
#262 = CARTESIAN_POINT('',(-52.11030551666,30.507506503292,
    -14.48962917037));
#263 = CARTESIAN_POINT('',(-51.52099727983,29.76162534829,
    -14.42212715786));
#264 = CARTESIAN_POINT('',(-50.91937143649,29.024606573095,
    -14.36873891823));
#265 = CARTESIAN_POINT('',(-50.30574643424,28.296886150363,
    -14.32889681802));
#266 = CARTESIAN_POINT('',(-48.64180771199,26.386265881025,
    -14.25735616138));
#267 = CARTESIAN_POINT('',(-47.57095305199,25.220451325509,
    -14.24844625468));
#268 = CARTESIAN_POINT('',(-46.46925228883,24.0832287464,-14.27257555812
    ));
#269 = CARTESIAN_POINT('',(-45.33802838262,22.976177161413,
    -14.32687538059));
#270 = CARTESIAN_POINT('',(-44.17853251003,21.900663099842,
    -14.40838338265));
#271 = CARTESIAN_POINT('',(-42.99193163958,20.857856801531,
    -14.51410168308));
#272 = CARTESIAN_POINT('',(-41.77929343219,19.84875077228,-14.6410443289
    ));
#273 = CARTESIAN_POINT('',(-40.25082563966,18.64525321942,
    -14.82038874072));
#274 = CARTESIAN_POINT('',(-39.95870034165,18.418232815546,
    -14.85551223083));
#275 = CARTESIAN_POINT('',(-39.66520552499,18.193130733953,
    -14.89160639135));
#276 = CARTESIAN_POINT('',(-39.3703539789,17.969957891912,
    -14.92863317326));
#277 = CARTESIAN_POINT('',(-39.07415832947,17.748724874086,
    -14.96655468608));
#278 = CARTESIAN_POINT('',(-38.77663103964,17.529441932524,
    -15.00533319785));
#279 = CARTESIAN_POINT('',(-38.47778440919,17.312118986665,
    -15.04493113518));
#280 = CARTESIAN_POINT('',(-38.05607592977,17.009553198915,
    -15.10166413853));
#281 = CARTESIAN_POINT('',(-37.94009131178,16.926812990963,
    -15.11736646397));
#282 = CARTESIAN_POINT('',(-37.82546971739,16.845450558147,
    -15.13296712043));
#283 = CARTESIAN_POINT('',(-37.70957696877,16.763589262361,
    -15.14882103844));
#284 = CARTESIAN_POINT('',(-37.59137261481,16.68053225376,
    -15.16507582993));
#285 = CARTESIAN_POINT('',(-37.4714308323,16.596724455783,
    -15.18165860006));
#286 = CARTESIAN_POINT('',(-37.351961327,16.513714550193,-15.19826275899
    ));
#287 = CARTESIAN_POINT('',(-37.14600514549,16.371323752829,
    -15.22701398263));
#288 = CARTESIAN_POINT('',(-37.05506566236,16.308708693955,
    -15.23975531011));
#289 = CARTESIAN_POINT('',(-36.96401209543,16.246272022375,
    -15.25255782798));
#290 = CARTESIAN_POINT('',(-36.87284475242,16.184013972166,
    -15.26542055015));
#291 = CARTESIAN_POINT('',(-36.78156393873,16.121934774587,
    -15.27834249259));
#292 = CARTESIAN_POINT('',(-36.69016995748,16.060034658076,
    -15.29132267329));
#293 = CARTESIAN_POINT('',(-36.59866310949,15.998313848252,
    -15.30436011229));
#294 = CARTESIAN_POINT('',(-35.78264279675,15.450188401709,
    -15.42098103246));
#295 = CARTESIAN_POINT('',(-35.05120803958,14.974829672006,
    -15.52802613415));
#296 = CARTESIAN_POINT('',(-34.3128924676,14.510810146022,
    -15.63810495662));
#297 = CARTESIAN_POINT('',(-33.56784889997,14.058238093768,
    -15.75074031734));
#298 = CARTESIAN_POINT('',(-32.81622993223,13.617216536356,
    -15.86546303401));
#299 = CARTESIAN_POINT('',(-32.05818793937,13.187843494304,
    -15.98181292714));
#300 = CARTESIAN_POINT('',(-31.29387507885,12.770212235839,
    -16.09933982271));
#301 = CARTESIAN_POINT('',(-28.78396284817,11.448195071931,
    -16.48462266712));
#302 = CARTESIAN_POINT('',(-27.01331826936,10.59230107063,
    -16.75539721534));
#303 = CARTESIAN_POINT('',(-25.21320813133,9.797723658652,
    -17.02488221502));
#304 = CARTESIAN_POINT('',(-23.38547575464,9.065431244726,
    -17.28829036858));
#305 = CARTESIAN_POINT('',(-21.53212413808,8.396347923465,
    -17.54114885659));
#306 = CARTESIAN_POINT('',(-19.65533017236,7.791338027143,
    -17.77935976824));
#307 = CARTESIAN_POINT('',(-17.75745813572,7.251193814722,
    -17.99926517103));
#308 = CARTESIAN_POINT('',(-13.91085655682,6.298633874321,-18.397600633)
  );
#309 = CARTESIAN_POINT('',(-11.96180994888,5.887154804289,
    -18.57572436053));
#310 = CARTESIAN_POINT('',(-9.996704425431,5.54295899207,-18.72885286795
    ));
#311 = CARTESIAN_POINT('',(-8.018457421802,5.266677938192,
    -18.85428755568));
#312 = CARTESIAN_POINT('',(-6.030134499934,5.058813217128,-18.9499354125
    ));
#313 = CARTESIAN_POINT('',(-4.034953024332,4.919727856142,
    -19.01436407281));
#314 = CARTESIAN_POINT('',(-2.036287045117,4.849620615517,
    -19.04684287743));
#315 = CARTESIAN_POINT('',(1.976051210968,4.8473369186,-19.04790086526)
  );
#316 = CARTESIAN_POINT('',(3.989943041537,4.916207209987,-19.01599512971
    ));
#317 = CARTESIAN_POINT('',(6.000382685415,5.055109149064,-18.95163642752
    ));
#318 = CARTESIAN_POINT('',(8.003917723613,5.263843922674,-18.8555597875)
  );
#319 = CARTESIAN_POINT('',(9.997256461719,5.542043376405,-18.72922392644
    ));
#320 = CARTESIAN_POINT('',(11.977262916086,5.889196681287,
    -18.57476890655));
#321 = CARTESIAN_POINT('',(13.940953060832,6.304659090561,
    -18.39495909479));
#322 = CARTESIAN_POINT('',(17.641091023122,7.223697541097,
    -18.01087622839));
#323 = CARTESIAN_POINT('',(19.381132615727,7.714803641512,
    -17.81067262546));
#324 = CARTESIAN_POINT('',(21.103637708606,8.260414178427,
    -17.59492838815));
#325 = CARTESIAN_POINT('',(22.806772346339,8.859924023154,-17.3664299113
    ));
#326 = CARTESIAN_POINT('',(24.488839246546,9.512677521804,
    -17.12827712416));
#327 = CARTESIAN_POINT('',(26.148268783961,10.217977623071,
    -16.88384112814));
#328 = CARTESIAN_POINT('',(27.783609734953,10.975096439643,
    -16.63672456004));
#329 = CARTESIAN_POINT('',(32.276666066979,13.230655259953,
    -15.95016992453));
#330 = CARTESIAN_POINT('',(35.076615318157,14.8410044512,-15.51344709267
    ));
#331 = CARTESIAN_POINT('',(37.787790423742,16.610714299966,
    -15.10206259837));
#332 = CARTESIAN_POINT('',(40.402761091713,18.535297756463,
    -14.7398623672));
#333 = CARTESIAN_POINT('',(42.912907953343,20.608452872392,-14.45263842)
  );
#334 = CARTESIAN_POINT('',(45.308730357445,22.8215102486,-14.2671138648)
  );
#335 = CARTESIAN_POINT('',(47.579931051739,25.163125283944,
    -14.20946434312));
#336 = CARTESIAN_POINT('',(50.338070252972,28.33516227753,
    -14.33096253908));
#337 = CARTESIAN_POINT('',(50.949101235867,29.060876702567,
    -14.3712861367));
#338 = CARTESIAN_POINT('',(51.548197802765,29.795807150323,
    -14.42508717249));
#339 = CARTESIAN_POINT('',(52.135044631365,30.539520747553,
    -14.49292649058));
#340 = CARTESIAN_POINT('',(52.709319091872,31.291551288928,
    -14.57533668408));
#341 = CARTESIAN_POINT('',(53.270693168717,32.051398440199,
    -14.67281540339));
#342 = CARTESIAN_POINT('',(53.818835382291,32.818526941352,
    -14.78581866443));
#343 = CARTESIAN_POINT('',(55.399801444748,35.107088564711,
    -15.16713433527));
#344 = CARTESIAN_POINT('',(56.394379791327,36.647755599609,
    -15.48059545791));
#345 = CARTESIAN_POINT('',(57.334424287499,38.209816023997,
    -15.85818046043));
#346 = CARTESIAN_POINT('',(58.217467493092,39.78847159014,
    -16.30219656641));
#347 = CARTESIAN_POINT('',(59.041271840198,41.378724427392,
    -16.81410775064));
#348 = CARTESIAN_POINT('',(59.803837961705,42.975407603108,
    -17.39442537202));
#349 = CARTESIAN_POINT('',(60.503447498853,44.573198510109,
    -18.04259697615));
#350 = CARTESIAN_POINT('',(61.586479005339,47.289614925672,
    -19.26031117074));
#351 = CARTESIAN_POINT('',(62.002343393125,48.410622214464,
    -19.79665393104));
#352 = CARTESIAN_POINT('',(62.38587105713,49.527791407145,
    -20.36536730931));
#353 = CARTESIAN_POINT('',(62.736743729917,50.639402768761,
    -20.96569148821));
#354 = CARTESIAN_POINT('',(63.054763888095,51.743857881045,
    -21.59668250102));
#355 = CARTESIAN_POINT('',(63.339837929797,52.839674188577,
    -22.25723167744));
#356 = CARTESIAN_POINT('',(63.591966012177,53.925478579387,
    -22.94608310633));
#357 = CARTESIAN_POINT('',(63.811238548926,55.,-23.66184911536));
#358 = ORIENTED_EDGE('',*,*,#359,.T.);
#359 = EDGE_CURVE('',#24,#22,#360,.T.);
#360 = B_SPLINE_CURVE_WITH_KNOTS('',8,(#361,#362,#363,#364,#365,#366,
    #367,#368,#369,#370,#371,#372,#373,#374,#375,#376,#377,#378,#379,
    #380,#381,#382,#383,#384,#385,#386,#387,#388,#389,#390,#391,#392,
    #393,#394,#395,#396,#397,#398,#399,#400,#401,#402,#403,#404,#405,
    #406,#407,#408,#409,#410,#411),.UNSPECIFIED.,.F.,.F.,(9,7,7,7,7,7,7,
    9),(0.,0.205936658443,0.324886090762,0.345993344316,0.40944949901,
    0.625110623454,0.867842316436,1.),.UNSPECIFIED.);
#361 = CARTESIAN_POINT('',(63.811238548926,55.,-23.66184911536));
#362 = CARTESIAN_POINT('',(64.197905089977,56.894817306712,
    -24.92403498915));
#363 = CARTESIAN_POINT('',(64.482461473011,58.754836185656,
    -26.27010568851));
#364 = CARTESIAN_POINT('',(64.665355533634,60.573092319875,
    -27.6925103804));
#365 = CARTESIAN_POINT('',(64.74805554071,62.344440356321,-29.1829803314
    ));
#366 = CARTESIAN_POINT('',(64.732575581435,64.065166855485,
    -30.73300979003));
#367 = CARTESIAN_POINT('',(64.621239528846,65.732719548646,
    -32.33418365934));
#368 = CARTESIAN_POINT('',(64.416539860351,67.345512175272,
    -33.97840788968));
#369 = CARTESIAN_POINT('',(63.950212933293,69.802236248526,
    -36.62829110182));
#370 = CARTESIAN_POINT('',(63.749154671051,70.683177725272,
    -37.6103161485));
#371 = CARTESIAN_POINT('',(63.518247605855,71.545448814301,
    -38.60272101809));
#372 = CARTESIAN_POINT('',(63.257966471941,72.38897999492,
    -39.60409426784));
#373 = CARTESIAN_POINT('',(62.968780571836,73.213764611557,
    -40.61307034732));
#374 = CARTESIAN_POINT('',(62.651148407158,74.019851470483,
    -41.62833429028));
#375 = CARTESIAN_POINT('',(62.305512309422,74.807337436522,
    -42.64862640656));
#376 = CARTESIAN_POINT('',(61.866066323734,75.712821023188,
    -43.85447436539));
#377 = CARTESIAN_POINT('',(61.798971142175,75.848700466618,
    -44.0363220269));
#378 = CARTESIAN_POINT('',(61.731009936689,75.983999027253,
    -44.21828310001));
#379 = CARTESIAN_POINT('',(61.662184992704,76.118717606462,
    -44.4003510476));
#380 = CARTESIAN_POINT('',(61.592498802212,76.252856730845,
    -44.58251881666));
#381 = CARTESIAN_POINT('',(61.521953510926,76.386417562336,
    -44.7647802311));
#382 = CARTESIAN_POINT('',(61.450551622477,76.519400608501,
    -44.94712821604));
#383 = CARTESIAN_POINT('',(61.161066291993,77.049869314888,
    -45.6780031457));
#384 = CARTESIAN_POINT('',(60.93611496492,77.442718805748,
    -46.22717512394));
#385 = CARTESIAN_POINT('',(60.703503779911,77.830379900026,
    -46.77689459764));
#386 = CARTESIAN_POINT('',(60.463293918698,78.21287868474,-47.3269867462
    ));
#387 = CARTESIAN_POINT('',(60.215545279845,78.590242911376,
    -47.87727983176));
#388 = CARTESIAN_POINT('',(59.96031647875,78.962501995883,
    -48.42760519917));
#389 = CARTESIAN_POINT('',(59.697664847648,79.329687018681,-48.977797276
    ));
#390 = CARTESIAN_POINT('',(58.509965718911,80.922606492349,
    -51.39656288586));
#391 = CARTESIAN_POINT('',(57.507258105726,82.095066960555,
    -53.26188751324));
#392 = CARTESIAN_POINT('',(56.421653795214,83.210609923536,
    -55.11745984228));
#393 = CARTESIAN_POINT('',(55.255169052331,84.270636922561,
    -56.95724470043));
#394 = CARTESIAN_POINT('',(54.009746824624,85.27657186535,
    -58.77539416692));
#395 = CARTESIAN_POINT('',(52.687272778196,86.229865711381,
    -60.56625421564));
#396 = CARTESIAN_POINT('',(51.289566752866,87.131987223096,
    -62.32436318879));
#397 = CARTESIAN_POINT('',(48.162459780275,88.943810124616,
    -65.98043145808));
#398 = CARTESIAN_POINT('',(46.41365697111,89.840129520112,
    -67.86799947158));
#399 = CARTESIAN_POINT('',(44.574470699871,90.675448279475,
    -69.6995942607));
#400 = CARTESIAN_POINT('',(42.647630023042,91.451673105406,
    -71.46757747149));
#401 = CARTESIAN_POINT('',(40.636147943126,92.170588407149,
    -73.16429106257));
#402 = CARTESIAN_POINT('',(38.54339834776,92.833884137583,
    -74.78213139827));
#403 = CARTESIAN_POINT('',(36.373185507555,93.443150153553,
    -76.31363064964));
#404 = CARTESIAN_POINT('',(32.908376012398,94.302930972197,
    -78.53443262361));
#405 = CARTESIAN_POINT('',(31.665286511537,94.590431530178,
    -79.28955920151));
#406 = CARTESIAN_POINT('',(30.401255795918,94.862569168947,
    -80.01574443142));
#407 = CARTESIAN_POINT('',(29.117057790297,95.119562093696,
    -80.71182479523));
#408 = CARTESIAN_POINT('',(27.813525910512,95.361616012577,
    -81.37666131379));
#409 = CARTESIAN_POINT('',(26.491557304165,95.588923582901,
    -82.00914780868));
#410 = CARTESIAN_POINT('',(25.152117599817,95.801663610176,
    -82.60822017429));
#411 = CARTESIAN_POINT('',(23.7962461647,96.,-83.17286666034));
#412 = ORIENTED_EDGE('',*,*,#413,.T.);
#413 = EDGE_CURVE('',#22,#414,#416,.T.);
#414 = VERTEX_POINT('',#415);
#415 = CARTESIAN_POINT('',(73.227905089738,96.,-17.69133721839));
#416 = ( BOUNDED_CURVE() B_SPLINE_CURVE(2,(#417,#418,#419,#420,#421),
.UNSPECIFIED.,.F.,.F.) B_SPLINE_CURVE_WITH_KNOTS((3,2,3),(4.712388980385
,6.28318530718,7.853981633974),.PIECEWISE_BEZIER_KNOTS.) CURVE() 
GEOMETRIC_REPRESENTATION_ITEM() RATIONAL_B_SPLINE_CURVE((1.,
0.707106781187,1.,0.707106781187,1.)) REPRESENTATION_ITEM('') );
#417 = CARTESIAN_POINT('',(-1.396E-14,96.,-88.));
#418 = CARTESIAN_POINT('',(76.,96.,-88.));
#419 = CARTESIAN_POINT('',(76.,96.,8.));
#420 = CARTESIAN_POINT('',(76.,96.,104.));
#421 = CARTESIAN_POINT('',(2.327E-14,96.,104.));
#422 = ORIENTED_EDGE('',*,*,#423,.T.);
#423 = EDGE_CURVE('',#414,#424,#426,.T.);
#424 = VERTEX_POINT('',#425);
#425 = CARTESIAN_POINT('',(75.555786037623,96.,-2.364300681749));
#426 = B_SPLINE_CURVE_WITH_KNOTS('',7,(#427,#428,#429,#430,#431,#432,
    #433,#434,#435,#436,#437,#438,#439,#440,#441,#442,#443,#444,#445,
    #446),.UNSPECIFIED.,.F.,.F.,(8,6,6,8),(0.,0.325466785379,
    0.652052097693,1.),.UNSPECIFIED.);
#427 = CARTESIAN_POINT('',(73.227905089737,96.,-17.69133721839));
#428 = CARTESIAN_POINT('',(73.376163543786,95.754277910294,
    -17.01708146161));
#429 = CARTESIAN_POINT('',(73.521721835059,95.542242487226,
    -16.33006850974));
#430 = CARTESIAN_POINT('',(73.663992501449,95.361443879133,
    -15.63304926244));
#431 = CARTESIAN_POINT('',(73.802507831315,95.210011245403,
    -14.92828242222));
#432 = CARTESIAN_POINT('',(73.936914357807,95.086343661189,
    -14.21760742689));
#433 = CARTESIAN_POINT('',(74.066957568364,94.98911758812,
    -13.50244055991));
#434 = CARTESIAN_POINT('',(74.318399679425,94.845212919211,
    -12.06263466495));
#435 = CARTESIAN_POINT('',(74.439734749316,94.798727802498,
    -11.33815818525));
#436 = CARTESIAN_POINT('',(74.556276665174,94.776769220017,
    -10.61145735096));
#437 = CARTESIAN_POINT('',(74.66785823255,94.778571856722,
    -9.883567514923));
#438 = CARTESIAN_POINT('',(74.774339201609,94.803591957941,
    -9.155446347845));
#439 = CARTESIAN_POINT('',(74.875603935217,94.851494083945,
    -8.427974095251));
#440 = CARTESIAN_POINT('',(75.073780608341,94.997534315733,
    -6.928441144156));
#441 = CARTESIAN_POINT('',(75.169955235849,95.098740502067,
    -6.156722149457));
#442 = CARTESIAN_POINT('',(75.259968324697,95.225707953917,
    -5.387728295298));
#443 = CARTESIAN_POINT('',(75.343691995621,95.378647761997,
    -4.622582230529));
#444 = CARTESIAN_POINT('',(75.420994455154,95.558036502688,
    -3.862587445809));
#445 = CARTESIAN_POINT('',(75.491741614676,95.7646944505,-3.109245615323
    ));
#446 = CARTESIAN_POINT('',(75.555786037624,96.,-2.364300681748));
#447 = ORIENTED_EDGE('',*,*,#448,.T.);
#448 = EDGE_CURVE('',#424,#449,#451,.T.);
#449 = VERTEX_POINT('',#450);
#450 = CARTESIAN_POINT('',(5.E-15,96.,104.));
#451 = ( BOUNDED_CURVE() B_SPLINE_CURVE(2,(#452,#453,#454,#455,#456),
.UNSPECIFIED.,.F.,.F.) B_SPLINE_CURVE_WITH_KNOTS((3,2,3),(4.712388980385
,6.28318530718,7.853981633974),.PIECEWISE_BEZIER_KNOTS.) CURVE() 
GEOMETRIC_REPRESENTATION_ITEM() RATIONAL_B_SPLINE_CURVE((1.,
0.707106781187,1.,0.707106781187,1.)) REPRESENTATION_ITEM('') );
#452 = CARTESIAN_POINT('',(-1.396E-14,96.,-88.));
#453 = CARTESIAN_POINT('',(76.,96.,-88.));
#454 = CARTESIAN_POINT('',(76.,96.,8.));
#455 = CARTESIAN_POINT('',(76.,96.,104.));
#456 = CARTESIAN_POINT('',(2.327E-14,96.,104.));
#457 = ORIENTED_EDGE('',*,*,#448,.F.);
#458 = ORIENTED_EDGE('',*,*,#459,.T.);
#459 = EDGE_CURVE('',#424,#414,#460,.T.);
#460 = B_SPLINE_CURVE_WITH_KNOTS('',7,(#461,#462,#463,#464,#465,#466,
    #467,#468,#469,#470,#471,#472,#473,#474,#475,#476,#477,#478,#479,
    #480,#481,#482,#483,#484,#485,#486,#487,#488,#489,#490,#491,#492,
    #493,#494,#495,#496,#497,#498,#499,#500,#501,#502,#503,#504,#505,
    #506,#507,#508,#509,#510,#511,#512,#513,#514,#515,#516,#517,#518,
    #519,#520,#521,#522,#523,#524,#525,#526,#527,#528,#529,#530,#531,
    #532,#533,#534,#535,#536,#537,#538,#539,#540,#541,#542,#543,#544,
    #545,#546,#547,#548,#549,#550,#551,#552,#553,#554,#555,#556,#557,
    #558,#559,#560,#561,#562,#563,#564,#565,#566,#567,#568,#569,#570,
    #571,#572,#573,#574,#575,#576,#577,#578,#579,#580,#581,#582,#583,
    #584,#585,#586,#587,#588,#589,#590,#591,#592,#593,#594,#595,#596,
    #597,#598,#599,#600,#601,#602,#603,#604,#605,#606,#607,#608,#609,
    #610,#611,#612,#613,#614,#615,#616,#617,#618,#619,#620,#621,#622,
    #623,#624,#625,#626,#627,#628,#629,#630,#631,#632,#633,#634,#635,
    #636,#637,#638,#639,#640,#641,#642,#643,#644,#645,#646,#647,#648),
  .UNSPECIFIED.,.F.,.F.,(8,6,6,6,6,6,6,6,6,6,6,6,6,6,6,6,6,6,6,6,6,6,6,6
    ,6,6,6,6,6,6,6,8),(0.,7.146740142269E-02,0.137056198598,
    0.163771518762,0.177805304672,0.20557175349,0.224960935737,
    0.233690987494,0.247883411774,0.275624194492,0.316786781405,
    0.355349841239,0.389526647531,0.498758170418,0.608834086625,
    0.648148559602,0.658900185534,0.667084284536,0.694642746883,
    0.746122345805,0.781749636401,0.79891986085,0.80968663858,
    0.832735557203,0.863490365106,0.878439838226,0.90699257362,
    0.956776308363,0.978691841774,0.989141187622,0.994168825044,1.),
  .UNSPECIFIED.);
#461 = CARTESIAN_POINT('',(75.555786037624,96.,-2.364300681748));
#462 = CARTESIAN_POINT('',(75.609193189525,96.196223661622,
    -1.743084923682));
#463 = CARTESIAN_POINT('',(75.6579218328,96.412306198896,-1.127910130113
    ));
#464 = CARTESIAN_POINT('',(75.701900029245,96.649063363067,
    -0.519681036792));
#465 = CARTESIAN_POINT('',(75.74101641671,96.907496639062,
    8.024739592972E-02));
#466 = CARTESIAN_POINT('',(75.775133892866,97.188833153562,
    0.670049410425));
#467 = CARTESIAN_POINT('',(75.804103284026,97.49454054991,1.24741982983)
  );
#468 = CARTESIAN_POINT('',(75.849425694436,98.131570244809,
    2.325147090758));
#469 = CARTESIAN_POINT('',(75.866597777392,98.458397049748,
    2.827391447645));
#470 = CARTESIAN_POINT('',(75.87914215258,98.809003380992,3.314327928983
    ));
#471 = CARTESIAN_POINT('',(75.886858531471,99.185157666778,
    3.782666886484));
#472 = CARTESIAN_POINT('',(75.889512272686,99.588528994106,
    4.227673749914));
#473 = CARTESIAN_POINT('',(75.886884428932,100.02055041716,
    4.643268041379));
#474 = CARTESIAN_POINT('',(75.875399435522,100.67091647344,
    5.176009543809));
#475 = CARTESIAN_POINT('',(75.87115891513,100.86405893724,5.323981115146
    ));
#476 = CARTESIAN_POINT('',(75.865987258309,101.06215214433,5.46519235574
    ));
#477 = CARTESIAN_POINT('',(75.859871189347,101.26518387848,
    5.599023641726));
#478 = CARTESIAN_POINT('',(75.85280057645,101.47307468402,5.724801113475
    ));
#479 = CARTESIAN_POINT('',(75.844770160947,101.68566463898,
    5.841820147182));
#480 = CARTESIAN_POINT('',(75.831059355409,102.01671065225,
    6.005865213357));
#481 = CARTESIAN_POINT('',(75.826073005014,102.13194618813,
    6.059747761166));
#482 = CARTESIAN_POINT('',(75.820822528065,102.24836783754,
    6.110913087153));
#483 = CARTESIAN_POINT('',(75.815308760007,102.36592891107,
    6.159257630158));
#484 = CARTESIAN_POINT('',(75.809533169697,102.48457424751,
    6.204679551007));
#485 = CARTESIAN_POINT('',(75.803497950122,102.60423953289,
    6.247080632919));
#486 = CARTESIAN_POINT('',(75.784757426935,102.96348484295,
    6.364100278121));
#487 = CARTESIAN_POINT('',(75.771302025203,103.20586320872,
    6.429657992748));
#488 = CARTESIAN_POINT('',(75.756865631813,103.45135368818,
    6.482296490188));
#489 = CARTESIAN_POINT('',(75.741484243383,103.69924730857,
    6.521404921713));
#490 = CARTESIAN_POINT('',(75.725203047987,103.94875434722,
    6.546535359319));
#491 = CARTESIAN_POINT('',(75.708077988581,104.19899348346,
    6.557446863796));
#492 = CARTESIAN_POINT('',(75.677681873502,104.6235340796,6.55187282817)
  );
#493 = CARTESIAN_POINT('',(75.664804536503,104.79800036493,
    6.542659346537));
#494 = CARTESIAN_POINT('',(75.651570927937,104.97205003599,
    6.526528829866));
#495 = CARTESIAN_POINT('',(75.63800404189,105.14537914193,6.503544403097
    ));
#496 = CARTESIAN_POINT('',(75.624126918832,105.31770101035,
    6.473822152779));
#497 = CARTESIAN_POINT('',(75.609962669729,105.48874474833,
    6.437525551495));
#498 = CARTESIAN_POINT('',(75.589038166352,105.73457581979,
    6.375649574966));
#499 = CARTESIAN_POINT('',(75.582488185735,105.81058848101,
    6.355147534462));
#500 = CARTESIAN_POINT('',(75.575886586527,105.88626945619,
    6.333372417607));
#501 = CARTESIAN_POINT('',(75.569235332374,105.96159778065,
    6.310344030116));
#502 = CARTESIAN_POINT('',(75.562536322355,106.03655379589,
    6.286083326576));
#503 = CARTESIAN_POINT('',(75.555791390982,106.11111914966,
    6.260612410452));
#504 = CARTESIAN_POINT('',(75.537965313049,106.30583468132,
    6.190616823983));
#505 = CARTESIAN_POINT('',(75.526811580796,106.42531546758,6.14414148799
    ));
#506 = CARTESIAN_POINT('',(75.515548723373,106.54364556701,
    6.094627504098));
#507 = CARTESIAN_POINT('',(75.504183723588,106.66076189219,
    6.042179010327));
#508 = CARTESIAN_POINT('',(75.492722943057,106.7766110846,5.986903303624
    ));
#509 = CARTESIAN_POINT('',(75.481172130151,106.89114874316,
    5.928908838783));
#510 = CARTESIAN_POINT('',(75.446793041885,107.22558197267,
    5.749842661649));
#511 = CARTESIAN_POINT('',(75.423726150003,107.44166844017,
    5.621408723236));
#512 = CARTESIAN_POINT('',(75.400372209244,107.65234737577,
    5.483801831022));
#513 = CARTESIAN_POINT('',(75.376760203252,107.85747166644,
    5.337806480946));
#514 = CARTESIAN_POINT('',(75.352911876608,108.05698182424,
    5.184166054837));
#515 = CARTESIAN_POINT('',(75.328841969095,108.25089004482,
    5.023557629261));
#516 = CARTESIAN_POINT('',(75.268525807562,108.71877973191,
    4.608781185308));
#517 = CARTESIAN_POINT('',(75.23203060867,108.98605047249,4.347000428791
    ));
#518 = CARTESIAN_POINT('',(75.195091338001,109.24136752365,
    4.073110005386));
#519 = CARTESIAN_POINT('',(75.157717899595,109.48508315629,
    3.788746211534));
#520 = CARTESIAN_POINT('',(75.11991224541,109.71760599527,3.495289972716
    ));
#521 = CARTESIAN_POINT('',(75.081666280576,109.93938970599,
    3.193856886204));
#522 = CARTESIAN_POINT('',(75.006692401056,110.34908213705,
    2.596197140803));
#523 = CARTESIAN_POINT('',(74.970028681143,110.53820585467,
    2.300904531935));
#524 = CARTESIAN_POINT('',(74.932952368941,110.71865801557,
    2.000136273117));
#525 = CARTESIAN_POINT('',(74.895452393441,110.8907724177,1.694523399086
    ));
#526 = CARTESIAN_POINT('',(74.857518576158,111.05485300266,1.38460227703
    ));
#527 = CARTESIAN_POINT('',(74.819140078053,111.21118181582,
    1.070819520621));
#528 = CARTESIAN_POINT('',(74.745884942516,111.49194182345,
    0.472342623569));
#529 = CARTESIAN_POINT('',(74.711108380406,111.61797090701,
    0.188414420907));
#530 = CARTESIAN_POINT('',(74.675966384187,111.73829463956,
    -9.798671375432E-02));
#531 = CARTESIAN_POINT('',(74.640452827331,111.8530732761,
    -0.386628035946));
#532 = CARTESIAN_POINT('',(74.604562714796,111.96245003274,
    -0.677303702893));
#533 = CARTESIAN_POINT('',(74.568291665082,112.0665542153,
    -0.969833429512));
#534 = CARTESIAN_POINT('',(74.414479342482,112.48175544303,
    -2.204434225518));
#535 = CARTESIAN_POINT('',(74.293441988101,112.74521389913,
    -3.161720461299));
#536 = CARTESIAN_POINT('',(74.16831904337,112.95999145612,
    -4.131391007416));
#537 = CARTESIAN_POINT('',(74.03912333312,113.1282033275,-5.109787131131
    ));
#538 = CARTESIAN_POINT('',(73.905979623659,113.25128463389,
    -6.093847627787));
#539 = CARTESIAN_POINT('',(73.769095724921,113.32991390451,
    -7.081117639549));
#540 = CARTESIAN_POINT('',(73.487265554641,113.39830476711,
    -9.066005576704));
#541 = CARTESIAN_POINT('',(73.342349576335,113.38735300542,
    -10.06305064127));
#542 = CARTESIAN_POINT('',(73.194255006854,113.33108146206,
    -11.05887980824));
#543 = CARTESIAN_POINT('',(73.04346293435,113.22860041568,
    -12.05104187628));
#544 = CARTESIAN_POINT('',(72.890666234567,113.07839235361,
    -13.03664831716));
#545 = CARTESIAN_POINT('',(72.736786160942,112.87837209994,
    -14.01238084815));
#546 = CARTESIAN_POINT('',(72.52813929336,112.53481615532,
    -15.31801639409));
#547 = CARTESIAN_POINT('',(72.473255453447,112.43763856724,
    -15.65982563207));
#548 = CARTESIAN_POINT('',(72.418455518189,112.33355185287,
    -15.99965244862));
#549 = CARTESIAN_POINT('',(72.363806444956,112.22240053288,
    -16.33727718408));
#550 = CARTESIAN_POINT('',(72.309383877469,112.10401544234,
    -16.67245270739));
#551 = CARTESIAN_POINT('',(72.255272866306,111.97821163354,
    -17.00490381913));
#552 = CARTESIAN_POINT('',(72.186881677008,111.80829742081,
    -17.42441639906));
#553 = CARTESIAN_POINT('',(72.172225241684,111.77123865478,
    -17.51427932072));
#554 = CARTESIAN_POINT('',(72.157601252769,111.73360588399,
    -17.60390906225));
#555 = CARTESIAN_POINT('',(72.143011750903,111.69539493159,
    -17.6932990315));
#556 = CARTESIAN_POINT('',(72.128458848034,111.65660154049,
    -17.78244240149));
#557 = CARTESIAN_POINT('',(72.113944727415,111.61722137339,
    -17.87133211048));
#558 = CARTESIAN_POINT('',(72.088454784547,111.54682395583,
    -18.02742474845));
#559 = CARTESIAN_POINT('',(72.077461722833,111.51605540188,
    -18.09473731328));
#560 = CARTESIAN_POINT('',(72.066493319392,111.4849420246,
    -18.16189615993));
#561 = CARTESIAN_POINT('',(72.055550764757,111.45348230987,
    -18.22889694557));
#562 = CARTESIAN_POINT('',(72.044634958538,111.42167384146,
    -18.29573718298));
#563 = CARTESIAN_POINT('',(72.033747076013,111.38951486238,
    -18.36241277322));
#564 = CARTESIAN_POINT('',(71.986322779204,111.24752618079,
    -18.65287267066));
#565 = CARTESIAN_POINT('',(71.950086589478,111.1340511137,
    -18.87491777578));
#566 = CARTESIAN_POINT('',(71.914221161178,111.01649876359,
    -19.09492117419));
#567 = CARTESIAN_POINT('',(71.878772571452,110.89478787045,
    -19.31273230815));
#568 = CARTESIAN_POINT('',(71.843791424472,110.76883515131,
    -19.52818458664));
#569 = CARTESIAN_POINT('',(71.809332851441,110.63855530023,
    -19.74109538532));
#570 = CARTESIAN_POINT('',(71.712175122269,110.25224994965,
    -20.34386774405));
#571 = CARTESIAN_POINT('',(71.65093829071,109.98528216107,
    -20.72683093183));
#572 = CARTESIAN_POINT('',(71.592119256003,109.70233189268,
    -21.09896518284));
#573 = CARTESIAN_POINT('',(71.536181924827,109.40282640493,
    -21.45868856405));
#574 = CARTESIAN_POINT('',(71.483678881147,109.08628812305,
    -21.80406217608));
#575 = CARTESIAN_POINT('',(71.435248136865,108.75236143808,
    -22.13281145481));
#576 = CARTESIAN_POINT('',(71.361407204744,108.15753699068,
    -22.65654442781));
#577 = CARTESIAN_POINT('',(71.333506972792,107.90586694459,
    -22.86150045643));
#578 = CARTESIAN_POINT('',(71.308147108122,107.64576501522,
    -23.05632900676));
#579 = CARTESIAN_POINT('',(71.285592305261,107.37728909101,
    -23.24002585819));
#580 = CARTESIAN_POINT('',(71.266125977006,107.10062301886,
    -23.41148297137));
#581 = CARTESIAN_POINT('',(71.250037725717,106.8161053771,
    -23.56952985785));
#582 = CARTESIAN_POINT('',(71.231613279413,106.38361974564,
    -23.78212810803));
#583 = CARTESIAN_POINT('',(71.226470688395,106.24127453427,
    -23.8478772614));
#584 = CARTESIAN_POINT('',(71.222208351561,106.09729490656,
    -23.91010405236));
#585 = CARTESIAN_POINT('',(71.218856637521,105.95175487008,
    -23.96867536221));
#586 = CARTESIAN_POINT('',(71.216444507835,105.80474083514,
    -24.0234600764));
#587 = CARTESIAN_POINT('',(71.214998785332,105.65635261808,
    -24.07433156828));
#588 = CARTESIAN_POINT('',(71.21425789854,105.41286589713,
    -24.15054079428));
#589 = CARTESIAN_POINT('',(71.21436172376,105.31853170044,
    -24.17832597248));
#590 = CARTESIAN_POINT('',(71.214860893428,105.22372992045,
    -24.20449590797));
#591 = CARTESIAN_POINT('',(71.215760831407,105.12849056321,
    -24.22902243566));
#592 = CARTESIAN_POINT('',(71.217066390087,105.03284557502,
    -24.25187903494));
#593 = CARTESIAN_POINT('',(71.21878185038,104.93682884236,
    -24.27304082963));
#594 = CARTESIAN_POINT('',(71.225468667116,104.63420984316,
    -24.3341089253));
#595 = CARTESIAN_POINT('',(71.23192191665,104.42639342221,
    -24.36786268951));
#596 = CARTESIAN_POINT('',(71.240305966217,104.21739385392,
    -24.39351789291));
#597 = CARTESIAN_POINT('',(71.250641521452,104.00759694245,
    -24.41089685159));
#598 = CARTESIAN_POINT('',(71.262932743924,103.79740778077,
    -24.41987938588));
#599 = CARTESIAN_POINT('',(71.27716529733,103.58725116013,
    -24.42041002087));
#600 = CARTESIAN_POINT('',(71.314839219838,103.09779125945,
    -24.4019576717));
#601 = CARTESIAN_POINT('',(71.339773437709,102.81879574874,
    -24.37638944052));
#602 = CARTESIAN_POINT('',(71.368024275942,102.54167730291,
    -24.33583085927));
#603 = CARTESIAN_POINT('',(71.399454743056,102.26741292278,
    -24.28054903514));
#604 = CARTESIAN_POINT('',(71.433884921603,101.99687524099,
    -24.2109973535));
#605 = CARTESIAN_POINT('',(71.471101285004,101.73084022855,
    -24.12777937966));
#606 = CARTESIAN_POINT('',(71.53019214239,101.34319758049,
    -23.98488888573));
#607 = CARTESIAN_POINT('',(71.550123286678,101.21761962613,
    -23.93509117219));
#608 = CARTESIAN_POINT('',(71.570631016123,101.09333091778,
    -23.88231502317));
#609 = CARTESIAN_POINT('',(71.591688273383,100.97039515146,
    -23.8266459763));
#610 = CARTESIAN_POINT('',(71.613267704778,100.84886769773,
    -23.76817276348));
#611 = CARTESIAN_POINT('',(71.635341967484,100.72879623955,
    -23.70698600581));
#612 = CARTESIAN_POINT('',(71.700938190325,100.38374937908,
    -23.52130497484));
#613 = CARTESIAN_POINT('',(71.745698685583,100.16273937937,
    -23.38986731172));
#614 = CARTESIAN_POINT('',(71.791977664693,99.947466244528,
    -23.24949906044));
#615 = CARTESIAN_POINT('',(71.839593202725,99.738111047322,
    -23.10083685772));
#616 = CARTESIAN_POINT('',(71.888373249849,99.534775141242,
    -22.94450001319));
#617 = CARTESIAN_POINT('',(71.938159573569,99.337494201959,
    -22.78107168686));
#618 = CARTESIAN_POINT('',(72.077127015732,98.812807913954,
    -22.31468786568));
#619 = CARTESIAN_POINT('',(72.168051786245,98.497808130475,
    -21.99842183755));
#620 = CARTESIAN_POINT('',(72.260859152498,98.201046580199,
    -21.66502546513));
#621 = CARTESIAN_POINT('',(72.354924037766,97.922097784669,
    -21.31693863654));
#622 = CARTESIAN_POINT('',(72.449726715854,97.660371976228,
    -20.95625449697));
#623 = CARTESIAN_POINT('',(72.544856378373,97.415169949114,
    -20.58467630047));
#624 = CARTESIAN_POINT('',(72.681904728617,97.084738510768,
    -20.03566351352));
#625 = CARTESIAN_POINT('',(72.72379622812,96.986804376424,
    -19.86600335422));
#626 = CARTESIAN_POINT('',(72.765661187075,96.891876099422,
    -19.69461255553));
#627 = CARTESIAN_POINT('',(72.807473825814,96.799895241895,
    -19.5216013922));
#628 = CARTESIAN_POINT('',(72.849210598436,96.710804336215,
    -19.34707164214));
#629 = CARTESIAN_POINT('',(72.89085019281,96.624546884995,-19.1711165864
    ));
#630 = CARTESIAN_POINT('',(72.952171888683,96.501264248025,
    -18.90928631935));
#631 = CARTESIAN_POINT('',(72.971943763712,96.462092747362,
    -18.82444705952));
#632 = CARTESIAN_POINT('',(72.991687054575,96.423546893972,
    -18.73931253321));
#633 = CARTESIAN_POINT('',(73.011399745556,96.385620811359,
    -18.65389170965));
#634 = CARTESIAN_POINT('',(73.031079906312,96.348308711654,
    -18.56819322379));
#635 = CARTESIAN_POINT('',(73.050725691871,96.311604895613,
    -18.48222537628));
#636 = CARTESIAN_POINT('',(73.079770385051,96.258133922974,
    -18.35450746425));
#637 = CARTESIAN_POINT('',(73.090264007504,96.238939172783,
    -18.3082672361));
#638 = CARTESIAN_POINT('',(73.100783136055,96.219873073545,
    -18.26177570737));
#639 = CARTESIAN_POINT('',(73.110822670795,96.201832176643,
    -18.2172796306));
#640 = CARTESIAN_POINT('',(73.120400222238,96.184737574275,
    -18.17473787338));
#641 = CARTESIAN_POINT('',(73.13005084772,96.167616460371,
    -18.13178703919));
#642 = CARTESIAN_POINT('',(73.153314158587,96.126725065642,
    -18.02794277577));
#643 = CARTESIAN_POINT('',(73.165789879164,96.105008217527,
    -17.9720793019));
#644 = CARTESIAN_POINT('',(73.178248562658,96.083531655292,
    -17.91611844255));
#645 = CARTESIAN_POINT('',(73.19068983508,96.062293908541,
    -17.86006191638));
#646 = CARTESIAN_POINT('',(73.203113268993,96.041293633819,
    -17.8039116892));
#647 = CARTESIAN_POINT('',(73.215518437665,96.020529520909,
    -17.74766972994));
#648 = CARTESIAN_POINT('',(73.227905089738,96.,-17.69133721839));
#649 = ORIENTED_EDGE('',*,*,#413,.F.);
#650 = FACE_BOUND('',#651,.T.);
#651 = EDGE_LOOP('',(#652,#739));
#652 = ORIENTED_EDGE('',*,*,#653,.T.);
#653 = EDGE_CURVE('',#654,#656,#658,.T.);
#654 = VERTEX_POINT('',#655);
#655 = CARTESIAN_POINT('',(-71.2178634652,105.,-24.25819193806));
#656 = VERTEX_POINT('',#657);
#657 = CARTESIAN_POINT('',(-75.64907257107,105.,6.517298431364));
#658 = B_SPLINE_CURVE_WITH_KNOTS('',7,(#659,#660,#661,#662,#663,#664,
    #665,#666,#667,#668,#669,#670,#671,#672,#673,#674,#675,#676,#677,
    #678,#679,#680,#681,#682,#683,#684,#685,#686,#687,#688,#689,#690,
    #691,#692,#693,#694,#695,#696,#697,#698,#699,#700,#701,#702,#703,
    #704,#705,#706,#707,#708,#709,#710,#711,#712,#713,#714,#715,#716,
    #717,#718,#719,#720,#721,#722,#723,#724,#725,#726,#727,#728,#729,
    #730,#731,#732,#733,#734,#735,#736,#737,#738),.UNSPECIFIED.,.F.,.F.,
  (8,6,6,6,6,6,6,6,6,6,6,6,6,8),(0.,0.130234192588,0.228900353962,
    0.273315670511,0.282870003355,0.310356616668,0.371368517099,
    0.542178990631,0.716671236749,0.771577739405,0.832922506054,
    0.8980349294,0.941534884403,1.),.UNSPECIFIED.);
#659 = CARTESIAN_POINT('',(-71.2178634652,105.,-24.25819193806));
#660 = CARTESIAN_POINT('',(-71.20817157453,105.60167026493,
    -24.12091493731));
#661 = CARTESIAN_POINT('',(-71.21459105191,106.1886776786,
    -23.91700301159));
#662 = CARTESIAN_POINT('',(-71.23609360367,106.75229002594,
    -23.65258992305));
#663 = CARTESIAN_POINT('',(-71.27062190715,107.28782457533,
    -23.33659453174));
#664 = CARTESIAN_POINT('',(-71.31607844906,107.79294260076,
    -22.97743392382));
#665 = CARTESIAN_POINT('',(-71.37055417907,108.2672730223,
    -22.58242902246));
#666 = CARTESIAN_POINT('',(-71.47957622939,109.04847862722,
    -21.83412027642));
#667 = CARTESIAN_POINT('',(-71.53087581456,109.36787382914,
    -21.49411368028));
#668 = CARTESIAN_POINT('',(-71.58581875257,109.67027031458,
    -21.13901423234));
#669 = CARTESIAN_POINT('',(-71.64382240454,109.9560890901,
    -20.77087257888));
#670 = CARTESIAN_POINT('',(-71.70438438206,110.22583368871,
    -20.39143289212));
#671 = CARTESIAN_POINT('',(-71.76708285291,110.48007352726,
    -20.00212084675));
#672 = CARTESIAN_POINT('',(-71.86060985858,110.82714728463,
    -19.42480741334));
#673 = CARTESIAN_POINT('',(-71.8900042398,110.93185787718,
    -19.24382943787));
#674 = CARTESIAN_POINT('',(-71.91972794719,111.0335908727,
    -19.06119027919));
#675 = CARTESIAN_POINT('',(-71.94975067404,111.13239546286,
    -18.8769898512));
#676 = CARTESIAN_POINT('',(-71.98004421921,111.22831968732,
    -18.69132068811));
#677 = CARTESIAN_POINT('',(-72.01058248716,111.32141043368,
    -18.50426794446));
#678 = CARTESIAN_POINT('',(-72.04795813415,111.4311388543,
    -18.27539094088));
#679 = CARTESIAN_POINT('',(-72.05561772344,111.45346758872,
    -18.22848855107));
#680 = CARTESIAN_POINT('',(-72.06329423607,111.47559408393,
    -18.18148420277));
#681 = CARTESIAN_POINT('',(-72.0704805838,111.49609430425,
    -18.13748206478));
#682 = CARTESIAN_POINT('',(-72.07719644145,111.51511374759,
    -18.09636069945));
#683 = CARTESIAN_POINT('',(-72.0839960784,111.53425545801,
    -18.05472526467));
#684 = CARTESIAN_POINT('',(-72.114933926,111.62037048927,-17.86527951636
    ));
#685 = CARTESIAN_POINT('',(-72.13799737556,111.68277774289,
    -17.72403366242));
#686 = CARTESIAN_POINT('',(-72.16115743429,111.7437075528,
    -17.58215163302));
#687 = CARTESIAN_POINT('',(-72.18440543708,111.80317716229,
    -17.43966146781));
#688 = CARTESIAN_POINT('',(-72.20773315817,111.86120330408,
    -17.29658976711));
#689 = CARTESIAN_POINT('',(-72.23113281124,111.91780220035,
    -17.15296169185));
#690 = CARTESIAN_POINT('',(-72.30668050125,112.09548864796,
    -16.68880809136));
#691 = CARTESIAN_POINT('',(-72.35908147749,112.21103196761,
    -16.36619467937));
#692 = CARTESIAN_POINT('',(-72.41172016847,112.31979310924,
    -16.04121599896));
#693 = CARTESIAN_POINT('',(-72.46452493128,112.42193064062,
    -15.7141044821));
#694 = CARTESIAN_POINT('',(-72.51743173263,112.51758974652,
    -15.38507016381));
#695 = CARTESIAN_POINT('',(-72.57038359171,112.60690386548,
    -15.05430112461));
#696 = CARTESIAN_POINT('',(-72.77156023388,112.92262380936,
    -13.79154418148));
#697 = CARTESIAN_POINT('',(-72.91970483811,113.10641852469,
    -12.84910368296));
#698 = CARTESIAN_POINT('',(-73.0667128766,113.24420627671,
    -11.89796061616));
#699 = CARTESIAN_POINT('',(-73.211785148,113.33780042887,-10.94102436548
    ));
#700 = CARTESIAN_POINT('',(-73.35431603702,113.38851014254,
    -9.980849249742));
#701 = CARTESIAN_POINT('',(-73.49387947942,113.39710132201,
    -9.019629893486));
#702 = CARTESIAN_POINT('',(-73.76950234309,113.32940063447,
    -7.078041924346));
#703 = CARTESIAN_POINT('',(-73.90534496949,113.2512952574,
    -6.098244608847));
#704 = CARTESIAN_POINT('',(-74.03750288521,113.12940257337,
    -5.121619551142));
#705 = CARTESIAN_POINT('',(-74.16577316471,112.96306186379,
    -4.150566218792));
#706 = CARTESIAN_POINT('',(-74.29003389471,112.75087889955,
    -3.18806669091));
#707 = CARTESIAN_POINT('',(-74.41027208569,112.49079269302,
    -2.237678590966));
#708 = CARTESIAN_POINT('',(-74.56331470175,112.08065546164,
    -1.009932963046));
#709 = CARTESIAN_POINT('',(-74.5995614543,111.97736546074,-0.71774746433
    ));
#710 = CARTESIAN_POINT('',(-74.63542846374,111.86883488448,
    -0.427390517348));
#711 = CARTESIAN_POINT('',(-74.6709200434,111.75493610588,
    -0.139039444566));
#712 = CARTESIAN_POINT('',(-74.70604112599,111.63552769366,
    0.147103443327));
#713 = CARTESIAN_POINT('',(-74.74079777133,111.5104513298,0.430809529077
    ));
#714 = CARTESIAN_POINT('',(-74.81363126729,111.23325400456,
    1.025786685932));
#715 = CARTESIAN_POINT('',(-74.85161731685,111.07969073371,
    1.336371174699));
#716 = CARTESIAN_POINT('',(-74.88916828653,110.91858209446,
    1.643230724196));
#717 = CARTESIAN_POINT('',(-74.92629462261,110.74965751048,
    1.945940494335));
#718 = CARTESIAN_POINT('',(-74.96300620128,110.57262519762,
    2.243991472166));
#719 = CARTESIAN_POINT('',(-74.99931377611,110.38716471215,
    2.536785826467));
#720 = CARTESIAN_POINT('',(-75.07335292323,109.98674379175,
    3.128095899738));
#721 = CARTESIAN_POINT('',(-75.11102740952,109.77071309607,
    3.425795182466));
#722 = CARTESIAN_POINT('',(-75.14827469149,109.54437294726,
    3.715950092026));
#723 = CARTESIAN_POINT('',(-75.18510366718,109.30729557295,
    3.997527392425));
#724 = CARTESIAN_POINT('',(-75.22151322698,109.05909095905,
    4.269248549814));
#725 = CARTESIAN_POINT('',(-75.257494155,108.79941791562,4.529597652136)
  );
#726 = CARTESIAN_POINT('',(-75.31677223229,108.34666460956,
    4.941998673599));
#727 = CARTESIAN_POINT('',(-75.34031092882,108.16012148267,
    5.101282349595));
#728 = CARTESIAN_POINT('',(-75.36364150258,107.96829125564,5.25416194186
    ));
#729 = CARTESIAN_POINT('',(-75.38675129934,107.77115401268,
    5.400027488455));
#730 = CARTESIAN_POINT('',(-75.40962056986,107.56876032072,
    5.538202150234));
#731 = CARTESIAN_POINT('',(-75.4322224118,107.36124712125,5.667966880674
    ));
#732 = CARTESIAN_POINT('',(-75.4844948961,106.86339121048,5.950699581775
    ));
#733 = CARTESIAN_POINT('',(-75.51393254402,106.56901576471,
    6.096349538129));
#734 = CARTESIAN_POINT('',(-75.5427382813,106.26642960859,6.223662317986
    ));
#735 = CARTESIAN_POINT('',(-75.57079648402,105.95665191594,
    6.330798721962));
#736 = CARTESIAN_POINT('',(-75.59797445754,105.64106531631,
    6.416130063477));
#737 = CARTESIAN_POINT('',(-75.62412094075,105.32143581589,
    6.478453106203));
#738 = CARTESIAN_POINT('',(-75.64907257107,105.,6.517298431364));
#739 = ORIENTED_EDGE('',*,*,#740,.T.);
#740 = EDGE_CURVE('',#656,#654,#741,.T.);
#741 = B_SPLINE_CURVE_WITH_KNOTS('',8,(#742,#743,#744,#745,#746,#747,
    #748,#749,#750,#751,#752,#753,#754,#755,#756,#757,#758,#759,#760,
    #761,#762,#763,#764,#765,#766,#767,#768,#769,#770,#771,#772,#773,
    #774,#775,#776,#777,#778,#779,#780,#781,#782,#783,#784,#785,#786,
    #787,#788,#789,#790,#791,#792,#793,#794,#795,#796,#797,#798,#799,
    #800,#801,#802,#803,#804,#805,#806,#807,#808,#809,#810,#811,#812,
    #813,#814,#815,#816,#817,#818,#819,#820,#821,#822,#823,#824,#825,
    #826,#827,#828,#829,#830,#831,#832,#833,#834,#835,#836,#837,#838,
    #839,#840,#841,#842,#843,#844,#845,#846,#847,#848,#849,#850,#851,
    #852,#853,#854,#855,#856,#857,#858,#859,#860,#861,#862,#863,#864,
    #865,#866,#867,#868,#869,#870,#871,#872,#873,#874,#875,#876),
  .UNSPECIFIED.,.F.,.F.,(9,7,7,7,7,7,7,7,7,7,7,7,7,7,7,7,7,7,7,9),(0.,
    1.9910074188E-02,8.18959098665E-02,0.123721234489,0.186063171161,
    0.24382880045,0.295343954698,0.457420256592,0.622366617448,
    0.680523816927,0.697400862336,0.70990066472,0.728947948429,
    0.749687168509,0.827647426885,0.881640435708,0.90830072621,
    0.924781939587,0.960051529757,1.),.UNSPECIFIED.);
#742 = CARTESIAN_POINT('',(-75.64907257107,105.,6.517298431364));
#743 = CARTESIAN_POINT('',(-75.65691041897,104.89903005985,
    6.529500597146));
#744 = CARTESIAN_POINT('',(-75.66464272784,104.79775727465,
    6.539448929933));
#745 = CARTESIAN_POINT('',(-75.67226523408,104.69623310276,
    6.547121325315));
#746 = CARTESIAN_POINT('',(-75.67977369629,104.59451011565,6.55250040885
    ));
#747 = CARTESIAN_POINT('',(-75.68716389696,104.49264209555,
    6.555573776464));
#748 = CARTESIAN_POINT('',(-75.69443164423,104.39068413316,6.55633423485
    ));
#749 = CARTESIAN_POINT('',(-75.70157277368,104.28869272534,6.55478004187
    ));
#750 = CARTESIAN_POINT('',(-75.73040849079,103.86927348463,
    6.538882658293));
#751 = CARTESIAN_POINT('',(-75.75098093675,103.55184916421,
    6.504445499965));
#752 = CARTESIAN_POINT('',(-75.77015300057,103.23649540589,
    6.447684209999));
#753 = CARTESIAN_POINT('',(-75.78782028112,102.924912106,6.369313944538)
  );
#754 = CARTESIAN_POINT('',(-75.80390705148,102.61851913637,6.27048510212
    ));
#755 = CARTESIAN_POINT('',(-75.81836249274,102.31847954921,
    6.152637476423));
#756 = CARTESIAN_POINT('',(-75.83116051121,102.02570910411,
    6.017383691066));
#757 = CARTESIAN_POINT('',(-75.84980987167,101.54871961015,
    5.764518961326));
#758 = CARTESIAN_POINT('',(-75.85656935101,101.36009907704,
    5.655442420584));
#759 = CARTESIAN_POINT('',(-75.86257404099,101.17520318553,5.53964820636
    ));
#760 = CARTESIAN_POINT('',(-75.86782738526,100.99414228398,5.41761205994
    ));
#761 = CARTESIAN_POINT('',(-75.87233586011,100.81697836785,
    5.289791253731));
#762 = CARTESIAN_POINT('',(-75.87610810192,100.64373192514,
    5.156613099163));
#763 = CARTESIAN_POINT('',(-75.87915404592,100.4743873516,5.018466014114
    ));
#764 = CARTESIAN_POINT('',(-75.88495696502,100.06222848621,
    4.662885650405));
#765 = CARTESIAN_POINT('',(-75.88683875479,99.824186148326,
    4.439856423423));
#766 = CARTESIAN_POINT('',(-75.88716453953,99.59459826019,4.207743035506
    ));
#767 = CARTESIAN_POINT('',(-75.88597058093,99.373261267399,
    3.967562743785));
#768 = CARTESIAN_POINT('',(-75.88329299401,99.159943571896,
    3.720209337789));
#769 = CARTESIAN_POINT('',(-75.87916643275,98.95438938053,3.466449981321
    ));
#770 = CARTESIAN_POINT('',(-75.8736227758,98.756322553629,3.206922054319
    ));
#771 = CARTESIAN_POINT('',(-75.86026566567,98.388589922275,
    2.696775194412));
#772 = CARTESIAN_POINT('',(-75.85264964242,98.217936224672,
    2.446942705835));
#773 = CARTESIAN_POINT('',(-75.8438643978,98.053272492335,2.19305862544)
  );
#774 = CARTESIAN_POINT('',(-75.83393117231,97.894399467411,
    1.935502642509));
#775 = CARTESIAN_POINT('',(-75.822869666,97.741132656384,1.674609857934)
  );
#776 = CARTESIAN_POINT('',(-75.81069791315,97.59329948384,1.41067260297)
  );
#777 = CARTESIAN_POINT('',(-75.79743215678,97.450736446238,
    1.143942257991));
#778 = CARTESIAN_POINT('',(-75.7702934934,97.190708977929,0.63446033159)
  );
#779 = CARTESIAN_POINT('',(-75.7566421018,97.072203626037,0.392247336053
    ));
#780 = CARTESIAN_POINT('',(-75.74214293614,96.957662408549,0.14814775878
    ));
#781 = CARTESIAN_POINT('',(-75.72680577546,96.846987245779,
    -9.769639053309E-02));
#782 = CARTESIAN_POINT('',(-75.71063977004,96.740088632495,
    -0.345156246475));
#783 = CARTESIAN_POINT('',(-75.69365342128,96.636884490617,
    -0.59411556776));
#784 = CARTESIAN_POINT('',(-75.6758545616,96.537299021906,
    -0.844470217072));
#785 = CARTESIAN_POINT('',(-75.59871791191,96.139110219789,
    -1.887889095022));
#786 = CARTESIAN_POINT('',(-75.53223437698,95.872186195797,
    -2.692264340232));
#787 = CARTESIAN_POINT('',(-75.45800681582,95.63814723772,
    -3.506675069886));
#788 = CARTESIAN_POINT('',(-75.37620908257,95.435559248344,
    -4.328964996881));
#789 = CARTESIAN_POINT('',(-75.28700882713,95.263467644474,
    -5.157295733921));
#790 = CARTESIAN_POINT('',(-75.19056832857,95.121264010869,
    -5.990113161338));
#791 = CARTESIAN_POINT('',(-75.0870315333,95.008697981186,-6.8261476266)
  );
#792 = CARTESIAN_POINT('',(-74.86403070364,94.841604512729,
    -8.517519083528));
#793 = CARTESIAN_POINT('',(-74.74437067675,94.788180982256,
    -9.372529129739));
#794 = CARTESIAN_POINT('',(-74.61766400223,94.765698038233,
    -10.22835345983));
#795 = CARTESIAN_POINT('',(-74.48407695724,94.774679900246,
    -11.08371182916));
#796 = CARTESIAN_POINT('',(-74.34382207598,94.81601795025,
    -11.93713406099));
#797 = CARTESIAN_POINT('',(-74.19716877979,94.890935945348,
    -12.78696174004));
#798 = CARTESIAN_POINT('',(-74.04444657048,95.001058700529,
    -13.63134444395));
#799 = CARTESIAN_POINT('',(-73.83018466877,95.200687938288,
    -14.76329532243));
#800 = CARTESIAN_POINT('',(-73.77363084832,95.257378686181,
    -15.05740284705));
#801 = CARTESIAN_POINT('',(-73.71639466812,95.318818265598,
    -15.35044724113));
#802 = CARTESIAN_POINT('',(-73.6584978162,95.385109827992,
    -15.64231577956));
#803 = CARTESIAN_POINT('',(-73.59996475742,95.456364227536,
    -15.93288385025));
#804 = CARTESIAN_POINT('',(-73.54082286654,95.532700802607,
    -16.22201478788));
#805 = CARTESIAN_POINT('',(-73.48110256139,95.614248157251,
    -16.50955970774));
#806 = CARTESIAN_POINT('',(-73.40334867598,95.726362144406,
    -16.87829495318));
#807 = CARTESIAN_POINT('',(-73.38581408785,95.752029787635,
    -16.96108516119));
#808 = CARTESIAN_POINT('',(-73.36823451128,95.77815123512,
    -17.04372392886));
#809 = CARTESIAN_POINT('',(-73.35061081835,95.804729913955,
    -17.12620709037));
#810 = CARTESIAN_POINT('',(-73.33294391344,95.831769315564,
    -17.20853034876));
#811 = CARTESIAN_POINT('',(-73.31523473327,95.859272995695,
    -17.29068927592));
#812 = CARTESIAN_POINT('',(-73.29748424685,95.887244574428,
    -17.37267931257));
#813 = CARTESIAN_POINT('',(-73.26651689718,95.936753858987,
    -17.51509224712));
#814 = CARTESIAN_POINT('',(-73.25331823181,95.958078666822,
    -17.57559350076));
#815 = CARTESIAN_POINT('',(-73.24009786664,95.979663657028,
    -17.63599762222));
#816 = CARTESIAN_POINT('',(-73.22685622053,96.001510346091,
    -17.69630265773));
#817 = CARTESIAN_POINT('',(-73.213593724,96.023620269632,-17.75650660675
    ));
#818 = CARTESIAN_POINT('',(-73.20031081923,96.045994982407,
    -17.81660742195));
#819 = CARTESIAN_POINT('',(-73.18700796007,96.0686360583,-17.8766030092)
  );
#820 = CARTESIAN_POINT('',(-73.15338492767,96.126454029561,
    -18.02774930103));
#821 = CARTESIAN_POINT('',(-73.13303908606,96.161984994598,
    -18.11875763857));
#822 = CARTESIAN_POINT('',(-73.11264927167,96.198144427693,
    -18.20951074263));
#823 = CARTESIAN_POINT('',(-73.09221780276,96.234937048266,
    -18.29999804638));
#824 = CARTESIAN_POINT('',(-73.07174587337,96.272369721927,
    -18.39021408298));
#825 = CARTESIAN_POINT('',(-73.05123580284,96.310447617467,
    -18.48014836031));
#826 = CARTESIAN_POINT('',(-73.03068929008,96.349177196536,
    -18.5697932266));
#827 = CARTESIAN_POINT('',(-72.98769946196,96.431450378993,
    -18.75642157095));
#828 = CARTESIAN_POINT('',(-72.96524977271,96.475116025738,
    -18.85334962538));
#829 = CARTESIAN_POINT('',(-72.94276199416,96.51956931092,
    -18.94991165021));
#830 = CARTESIAN_POINT('',(-72.92023886915,96.564818275855,
    -19.04609542489));
#831 = CARTESIAN_POINT('',(-72.89768327747,96.610871072195,
    -19.14188819864));
#832 = CARTESIAN_POINT('',(-72.87509823585,96.657735961929,
    -19.23727669047));
#833 = CARTESIAN_POINT('',(-72.85248689795,96.705421317381,
    -19.33224708915));
#834 = CARTESIAN_POINT('',(-72.74476839245,96.936304444546,
    -19.78216024883));
#835 = CARTESIAN_POINT('',(-72.65937227257,97.130359021207,
    -20.13137005348));
#836 = CARTESIAN_POINT('',(-72.57382190415,97.336581169228,
    -20.47372905645));
#837 = CARTESIAN_POINT('',(-72.48832141855,97.555449995481,
    -20.80835913399));
#838 = CARTESIAN_POINT('',(-72.40312328643,97.787426441074,
    -21.13420035631));
#839 = CARTESIAN_POINT('',(-72.31852933402,98.032941251377,
    -21.45001926253));
#840 = CARTESIAN_POINT('',(-72.23489085856,98.29238637069,
    -21.75441450334));
#841 = CARTESIAN_POINT('',(-72.09562102393,98.755682687511,
    -22.24763866909));
#842 = CARTESIAN_POINT('',(-72.03929510685,98.95206837009,
    -22.44318874825));
#843 = CARTESIAN_POINT('',(-71.98376521715,99.155369827512,
    -22.63194409276));
#844 = CARTESIAN_POINT('',(-71.92918675494,99.365645671338,
    -22.81330981526));
#845 = CARTESIAN_POINT('',(-71.87573412627,99.582902061398,
    -22.98663157739));
#846 = CARTESIAN_POINT('',(-71.82359846333,99.807081842725,
    -23.15120833503));
#847 = CARTESIAN_POINT('',(-71.77298433327,100.03805086449,
    -23.30630838884));
#848 = CARTESIAN_POINT('',(-71.69997034962,100.39286767106,
    -23.52272677401));
#849 = CARTESIAN_POINT('',(-71.6762587425,100.5117516947,-23.5917719151)
  );
#850 = CARTESIAN_POINT('',(-71.65299661472,100.63220433391,
    -23.65823403362));
#851 = CARTESIAN_POINT('',(-71.63021058016,100.75419033217,
    -23.72202220676));
#852 = CARTESIAN_POINT('',(-71.60792764036,100.87766786378,
    -23.78304569715));
#853 = CARTESIAN_POINT('',(-71.58617495878,101.00258800316,
    -23.84121493146));
#854 = CARTESIAN_POINT('',(-71.56497963507,101.12889419424,
    -23.89644247882));
#855 = CARTESIAN_POINT('',(-71.53162681224,101.33542022429,
    -23.98091463139));
#856 = CARTESIAN_POINT('',(-71.51910831665,101.41482384408,
    -24.01202906561));
#857 = CARTESIAN_POINT('',(-71.50681937111,101.49471737729,
    -24.04196722771));
#858 = CARTESIAN_POINT('',(-71.49476622657,101.57508454493,
    -24.07070976737));
#859 = CARTESIAN_POINT('',(-71.48295500639,101.65590799085,
    -24.09823808829));
#860 = CARTESIAN_POINT('',(-71.47139170634,101.73716928177,
    -24.12453434822));
#861 = CARTESIAN_POINT('',(-71.46008219459,101.81884890725,
    -24.14958145891));
#862 = CARTESIAN_POINT('',(-71.42538534892,102.07657076899,
    -24.22425565894));
#863 = CARTESIAN_POINT('',(-71.40292578611,102.25404456876,
    -24.26935568678));
#864 = CARTESIAN_POINT('',(-71.38171060738,102.43313619403,
    -24.30850220984));
#865 = CARTESIAN_POINT('',(-71.36179126289,102.61362169083,
    -24.34155893502));
#866 = CARTESIAN_POINT('',(-71.34321288743,102.79526418004,
    -24.36841683523));
#867 = CARTESIAN_POINT('',(-71.32601361897,102.97781340121,
    -24.38899674866));
#868 = CARTESIAN_POINT('',(-71.3102239172,103.16100525637,
    -24.40325197805));
#869 = CARTESIAN_POINT('',(-71.27960307414,103.55246807567,
    -24.42014055249));
#870 = CARTESIAN_POINT('',(-71.26517496087,103.7608683529,
    -24.42098211694));
#871 = CARTESIAN_POINT('',(-71.252614583,103.96935293737,-24.41367691));
#872 = CARTESIAN_POINT('',(-71.24193776131,104.1775312075,
    -24.39826631743));
#873 = CARTESIAN_POINT('',(-71.23314459151,104.38503079965,
    -24.37484628523));
#874 = CARTESIAN_POINT('',(-71.22622093901,104.59149723949,
    -24.34356182074));
#875 = CARTESIAN_POINT('',(-71.2211399338,104.79659357343,
    -24.30460149384));
#876 = CARTESIAN_POINT('',(-71.2178634652,105.,-24.25819193806));
#877 = ( BOUNDED_SURFACE() B_SPLINE_SURFACE(2,2,(
    (#878,#879,#880,#881,#882)
    ,(#883,#884,#885,#886,#887)
    ,(#888,#889,#890,#891,#892)
    ,(#893,#894,#895,#896,#897)
    ,(#898,#899,#900,#901,#902)
    ,(#903,#904,#905,#906,#907)
    ,(#908,#909,#910,#911,#912
)),.UNSPECIFIED.,.T.,.F.,.F.) B_SPLINE_SURFACE_WITH_KNOTS((1,2,2,2,2,1),
  (3,2,3),(-2.094395102393,0.,2.094395102393,4.188790204786,
    6.28318530718,8.377580409573),(-1.570796326795,0.,1.570796326795),
.UNSPECIFIED.) GEOMETRIC_REPRESENTATION_ITEM() RATIONAL_B_SPLINE_SURFACE
((
    (1.,0.707106781187,1.,0.707106781187,1.)
    ,(0.5,0.353553390593,0.5,0.353553390593,0.5)
    ,(1.,0.707106781187,1.,0.707106781187,1.)
    ,(0.5,0.353553390593,0.5,0.353553390593,0.5)
    ,(1.,0.707106781187,1.,0.707106781187,1.)
    ,(0.5,0.353553390593,0.5,0.353553390593,0.5)
,(1.,0.707106781187,1.,0.707106781187,1.
))) REPRESENTATION_ITEM('') SURFACE() );
#878 = CARTESIAN_POINT('',(4.65E-15,96.,-88.));
#879 = CARTESIAN_POINT('',(76.,96.,-88.));
#880 = CARTESIAN_POINT('',(76.,96.,8.));
#881 = CARTESIAN_POINT('',(76.,96.,104.));
#882 = CARTESIAN_POINT('',(4.65E-15,96.,104.));
#883 = CARTESIAN_POINT('',(4.65E-15,96.,-88.));
#884 = CARTESIAN_POINT('',(76.,260.54482671904,-88.));
#885 = CARTESIAN_POINT('',(76.,260.54482671904,8.));
#886 = CARTESIAN_POINT('',(76.,260.54482671904,104.));
#887 = CARTESIAN_POINT('',(4.65E-15,96.,104.));
#888 = CARTESIAN_POINT('',(-2.33E-15,96.,-88.));
#889 = CARTESIAN_POINT('',(-38.,178.27241335952,-88.));
#890 = CARTESIAN_POINT('',(-38.,178.27241335952,8.));
#891 = CARTESIAN_POINT('',(-38.,178.27241335952,104.));
#892 = CARTESIAN_POINT('',(-2.33E-15,96.,104.));
#893 = CARTESIAN_POINT('',(-9.31E-15,96.,-88.));
#894 = CARTESIAN_POINT('',(-152.,96.,-88.));
#895 = CARTESIAN_POINT('',(-152.,96.,8.));
#896 = CARTESIAN_POINT('',(-152.,96.,104.));
#897 = CARTESIAN_POINT('',(-9.31E-15,96.,104.));
#898 = CARTESIAN_POINT('',(-2.33E-15,96.,-88.));
#899 = CARTESIAN_POINT('',(-38.,13.727586640478,-88.));
#900 = CARTESIAN_POINT('',(-38.,13.727586640478,8.));
#901 = CARTESIAN_POINT('',(-38.,13.727586640478,104.));
#902 = CARTESIAN_POINT('',(-2.33E-15,96.,104.));
#903 = CARTESIAN_POINT('',(4.65E-15,96.,-88.));
#904 = CARTESIAN_POINT('',(76.,-68.54482671904,-88.));
#905 = CARTESIAN_POINT('',(76.,-68.54482671904,8.));
#906 = CARTESIAN_POINT('',(76.,-68.54482671904,104.));
#907 = CARTESIAN_POINT('',(4.65E-15,96.,104.));
#908 = CARTESIAN_POINT('',(4.65E-15,96.,-88.));
#909 = CARTESIAN_POINT('',(76.,96.,-88.));
#910 = CARTESIAN_POINT('',(76.,96.,8.));
#911 = CARTESIAN_POINT('',(76.,96.,104.));
#912 = CARTESIAN_POINT('',(4.65E-15,96.,104.));
#913 = ADVANCED_FACE('',(#914),#929,.T.);
#914 = FACE_BOUND('',#915,.T.);
#915 = EDGE_LOOP('',(#916,#917,#927,#928));
#916 = ORIENTED_EDGE('',*,*,#359,.F.);
#917 = ORIENTED_EDGE('',*,*,#918,.F.);
#918 = EDGE_CURVE('',#919,#24,#921,.T.);
#919 = VERTEX_POINT('',#920);
#920 = CARTESIAN_POINT('',(4.E-15,55.,-115.));
#921 = ( BOUNDED_CURVE() B_SPLINE_CURVE(2,(#922,#923,#924,#925,#926),
.UNSPECIFIED.,.F.,.F.) B_SPLINE_CURVE_WITH_KNOTS((3,2,3),(4.712388980385
,6.28318530718,7.853981633974),.PIECEWISE_BEZIER_KNOTS.) CURVE() 
GEOMETRIC_REPRESENTATION_ITEM() RATIONAL_B_SPLINE_CURVE((1.,
0.707106781187,1.,0.707106781187,1.)) REPRESENTATION_ITEM('') );
#922 = CARTESIAN_POINT('',(-1.231E-14,55.,-115.));
#923 = CARTESIAN_POINT('',(67.,55.,-115.));
#924 = CARTESIAN_POINT('',(67.,55.,-45.));
#925 = CARTESIAN_POINT('',(67.,55.,25.));
#926 = CARTESIAN_POINT('',(2.051E-14,55.,25.));
#927 = ORIENTED_EDGE('',*,*,#918,.T.);
#928 = ORIENTED_EDGE('',*,*,#21,.F.);
#929 = ( BOUNDED_SURFACE() B_SPLINE_SURFACE(2,2,(
    (#930,#931,#932,#933,#934)
    ,(#935,#936,#937,#938,#939)
    ,(#940,#941,#942,#943,#944)
    ,(#945,#946,#947,#948,#949)
    ,(#950,#951,#952,#953,#954)
    ,(#955,#956,#957,#958,#959)
    ,(#960,#961,#962,#963,#964
)),.UNSPECIFIED.,.T.,.F.,.F.) B_SPLINE_SURFACE_WITH_KNOTS((1,2,2,2,2,1),
  (3,2,3),(-2.094395102393,0.,2.094395102393,4.188790204786,
    6.28318530718,8.377580409573),(-1.570796326795,0.,1.570796326795),
.UNSPECIFIED.) GEOMETRIC_REPRESENTATION_ITEM() RATIONAL_B_SPLINE_SURFACE
((
    (1.,0.707106781187,1.,0.707106781187,1.)
    ,(0.5,0.353553390593,0.5,0.353553390593,0.5)
    ,(1.,0.707106781187,1.,0.707106781187,1.)
    ,(0.5,0.353553390593,0.5,0.353553390593,0.5)
    ,(1.,0.707106781187,1.,0.707106781187,1.)
    ,(0.5,0.353553390593,0.5,0.353553390593,0.5)
,(1.,0.707106781187,1.,0.707106781187,1.
))) REPRESENTATION_ITEM('') SURFACE() );
#930 = CARTESIAN_POINT('',(4.1E-15,55.,-115.));
#931 = CARTESIAN_POINT('',(67.,55.,-115.));
#932 = CARTESIAN_POINT('',(67.,55.,-45.));
#933 = CARTESIAN_POINT('',(67.,55.,25.));
#934 = CARTESIAN_POINT('',(4.1E-15,55.,25.));
#935 = CARTESIAN_POINT('',(4.1E-15,55.,-115.));
#936 = CARTESIAN_POINT('',(67.,148.53074360871,-115.));
#937 = CARTESIAN_POINT('',(67.,148.53074360871,-45.));
#938 = CARTESIAN_POINT('',(67.,148.53074360871,25.));
#939 = CARTESIAN_POINT('',(4.1E-15,55.,25.));
#940 = CARTESIAN_POINT('',(-2.05E-15,55.,-115.));
#941 = CARTESIAN_POINT('',(-33.5,101.76537180436,-115.));
#942 = CARTESIAN_POINT('',(-33.5,101.76537180436,-45.));
#943 = CARTESIAN_POINT('',(-33.5,101.76537180436,25.));
#944 = CARTESIAN_POINT('',(-2.05E-15,55.,25.));
#945 = CARTESIAN_POINT('',(-8.21E-15,55.,-115.));
#946 = CARTESIAN_POINT('',(-134.,55.,-115.));
#947 = CARTESIAN_POINT('',(-134.,55.,-45.));
#948 = CARTESIAN_POINT('',(-134.,55.,25.));
#949 = CARTESIAN_POINT('',(-8.21E-15,55.,25.));
#950 = CARTESIAN_POINT('',(-2.05E-15,55.,-115.));
#951 = CARTESIAN_POINT('',(-33.5,8.23462819564,-115.));
#952 = CARTESIAN_POINT('',(-33.5,8.23462819564,-45.));
#953 = CARTESIAN_POINT('',(-33.5,8.23462819564,25.));
#954 = CARTESIAN_POINT('',(-2.05E-15,55.,25.));
#955 = CARTESIAN_POINT('',(4.1E-15,55.,-115.));
#956 = CARTESIAN_POINT('',(67.,-38.53074360871,-115.));
#957 = CARTESIAN_POINT('',(67.,-38.53074360871,-45.));
#958 = CARTESIAN_POINT('',(67.,-38.53074360871,25.));
#959 = CARTESIAN_POINT('',(4.1E-15,55.,25.));
#960 = CARTESIAN_POINT('',(4.1E-15,55.,-115.));
#961 = CARTESIAN_POINT('',(67.,55.,-115.));
#962 = CARTESIAN_POINT('',(67.,55.,-45.));
#963 = CARTESIAN_POINT('',(67.,55.,25.));
#964 = CARTESIAN_POINT('',(4.1E-15,55.,25.));
#965 = ADVANCED_FACE('',(#966,#970),#974,.T.);
#966 = FACE_BOUND('',#967,.T.);
#967 = VERTEX_LOOP('',#968);
#968 = VERTEX_POINT('',#969);
#969 = CARTESIAN_POINT('',(79.,105.,9.));
#970 = FACE_BOUND('',#971,.T.);
#971 = EDGE_LOOP('',(#972,#973));
#972 = ORIENTED_EDGE('',*,*,#459,.F.);
#973 = ORIENTED_EDGE('',*,*,#423,.F.);
#974 = ( BOUNDED_SURFACE() B_SPLINE_SURFACE(2,2,(
    (#975,#976,#977,#978,#979)
    ,(#980,#981,#982,#983,#984)
    ,(#985,#986,#987,#988,#989)
    ,(#990,#991,#992,#993,#994)
    ,(#995,#996,#997,#998,#999)
    ,(#1000,#1001,#1002,#1003,#1004)
    ,(#1005,#1006,#1007,#1008,#1009
)),.UNSPECIFIED.,.T.,.F.,.F.) B_SPLINE_SURFACE_WITH_KNOTS((1,2,2,2,2,1),
  (3,2,3),(-2.094395102393,0.,2.094395102393,4.188790204786,
    6.28318530718,8.377580409573),(-1.570796326795,0.,1.570796326795),
.UNSPECIFIED.) GEOMETRIC_REPRESENTATION_ITEM() RATIONAL_B_SPLINE_SURFACE
((
    (1.,0.707106781187,1.,0.707106781187,1.)
    ,(0.5,0.353553390593,0.5,0.353553390593,0.5)
    ,(1.,0.707106781187,1.,0.707106781187,1.)
    ,(0.5,0.353553390593,0.5,0.353553390593,0.5)
    ,(1.,0.707106781187,1.,0.707106781187,1.)
    ,(0.5,0.353553390593,0.5,0.353553390593,0.5)
,(1.,0.707106781187,1.,0.707106781187,1.
))) REPRESENTATION_ITEM('') SURFACE() );
#975 = CARTESIAN_POINT('',(79.,105.,-45.));
#976 = CARTESIAN_POINT('',(87.,105.,-45.));
#977 = CARTESIAN_POINT('',(87.,105.,-18.));
#978 = CARTESIAN_POINT('',(87.,105.,9.));
#979 = CARTESIAN_POINT('',(79.,105.,9.));
#980 = CARTESIAN_POINT('',(79.,105.,-45.));
#981 = CARTESIAN_POINT('',(87.,127.51666049839,-45.));
#982 = CARTESIAN_POINT('',(87.,127.51666049839,-18.));
#983 = CARTESIAN_POINT('',(87.,127.51666049839,9.));
#984 = CARTESIAN_POINT('',(79.,105.,9.));
#985 = CARTESIAN_POINT('',(79.,105.,-45.));
#986 = CARTESIAN_POINT('',(75.,116.25833024919,-45.));
#987 = CARTESIAN_POINT('',(75.,116.25833024919,-18.));
#988 = CARTESIAN_POINT('',(75.,116.25833024919,9.));
#989 = CARTESIAN_POINT('',(79.,105.,9.));
#990 = CARTESIAN_POINT('',(79.,105.,-45.));
#991 = CARTESIAN_POINT('',(63.,105.,-45.));
#992 = CARTESIAN_POINT('',(63.,105.,-18.));
#993 = CARTESIAN_POINT('',(63.,105.,9.));
#994 = CARTESIAN_POINT('',(79.,105.,9.));
#995 = CARTESIAN_POINT('',(79.,105.,-45.));
#996 = CARTESIAN_POINT('',(75.,93.741669750802,-45.));
#997 = CARTESIAN_POINT('',(75.,93.741669750802,-18.));
#998 = CARTESIAN_POINT('',(75.,93.741669750802,9.));
#999 = CARTESIAN_POINT('',(79.,105.,9.));
#1000 = CARTESIAN_POINT('',(79.,105.,-45.));
#1001 = CARTESIAN_POINT('',(87.,82.483339501605,-45.));
#1002 = CARTESIAN_POINT('',(87.,82.483339501605,-18.));
#1003 = CARTESIAN_POINT('',(87.,82.483339501605,9.));
#1004 = CARTESIAN_POINT('',(79.,105.,9.));
#1005 = CARTESIAN_POINT('',(79.,105.,-45.));
#1006 = CARTESIAN_POINT('',(87.,105.,-45.));
#1007 = CARTESIAN_POINT('',(87.,105.,-18.));
#1008 = CARTESIAN_POINT('',(87.,105.,9.));
#1009 = CARTESIAN_POINT('',(79.,105.,9.));
#1010 = ADVANCED_FACE('',(#1011),#1037,.T.);
#1011 = FACE_BOUND('',#1012,.T.);
#1012 = EDGE_LOOP('',(#1013,#1023,#1024,#1025,#1035,#1036));
#1013 = ORIENTED_EDGE('',*,*,#1014,.T.);
#1014 = EDGE_CURVE('',#656,#1015,#1017,.T.);
#1015 = VERTEX_POINT('',#1016);
#1016 = CARTESIAN_POINT('',(-79.,105.,9.));
#1017 = ( BOUNDED_CURVE() B_SPLINE_CURVE(2,(#1018,#1019,#1020,#1021,
#1022),.UNSPECIFIED.,.F.,.F.) B_SPLINE_CURVE_WITH_KNOTS((3,2,3),(
    4.712388980385,6.28318530718,7.853981633974),
.PIECEWISE_BEZIER_KNOTS.) CURVE() GEOMETRIC_REPRESENTATION_ITEM() 
RATIONAL_B_SPLINE_CURVE((1.,0.707106781187,1.,0.707106781187,1.)) 
REPRESENTATION_ITEM('') );
#1018 = CARTESIAN_POINT('',(-79.,105.,-45.));
#1019 = CARTESIAN_POINT('',(-71.,105.,-45.));
#1020 = CARTESIAN_POINT('',(-71.,105.,-18.));
#1021 = CARTESIAN_POINT('',(-71.,105.,9.));
#1022 = CARTESIAN_POINT('',(-79.,105.,9.));
#1023 = ORIENTED_EDGE('',*,*,#1014,.F.);
#1024 = ORIENTED_EDGE('',*,*,#653,.F.);
#1025 = ORIENTED_EDGE('',*,*,#1026,.F.);
#1026 = EDGE_CURVE('',#1027,#654,#1029,.T.);
#1027 = VERTEX_POINT('',#1028);
#1028 = CARTESIAN_POINT('',(-79.,105.,-45.));
#1029 = ( BOUNDED_CURVE() B_SPLINE_CURVE(2,(#1030,#1031,#1032,#1033,
#1034),.UNSPECIFIED.,.F.,.F.) B_SPLINE_CURVE_WITH_KNOTS((3,2,3),(
    4.712388980385,6.28318530718,7.853981633974),
.PIECEWISE_BEZIER_KNOTS.) CURVE() GEOMETRIC_REPRESENTATION_ITEM() 
RATIONAL_B_SPLINE_CURVE((1.,0.707106781187,1.,0.707106781187,1.)) 
REPRESENTATION_ITEM('') );
#1030 = CARTESIAN_POINT('',(-79.,105.,-45.));
#1031 = CARTESIAN_POINT('',(-71.,105.,-45.));
#1032 = CARTESIAN_POINT('',(-71.,105.,-18.));
#1033 = CARTESIAN_POINT('',(-71.,105.,9.));
#1034 = CARTESIAN_POINT('',(-79.,105.,9.));
#1035 = ORIENTED_EDGE('',*,*,#1026,.T.);
#1036 = ORIENTED_EDGE('',*,*,#740,.F.);
#1037 = ( BOUNDED_SURFACE() B_SPLINE_SURFACE(2,2,(
    (#1038,#1039,#1040,#1041,#1042)
    ,(#1043,#1044,#1045,#1046,#1047)
    ,(#1048,#1049,#1050,#1051,#1052)
    ,(#1053,#1054,#1055,#1056,#1057)
    ,(#1058,#1059,#1060,#1061,#1062)
    ,(#1063,#1064,#1065,#1066,#1067)
    ,(#1068,#1069,#1070,#1071,#1072
)),.UNSPECIFIED.,.T.,.F.,.F.) B_SPLINE_SURFACE_WITH_KNOTS((1,2,2,2,2,1),
  (3,2,3),(-2.094395102393,0.,2.094395102393,4.188790204786,
    6.28318530718,8.377580409573),(-1.570796326795,0.,1.570796326795),
.UNSPECIFIED.) GEOMETRIC_REPRESENTATION_ITEM() RATIONAL_B_SPLINE_SURFACE
((
    (1.,0.707106781187,1.,0.707106781187,1.)
    ,(0.5,0.353553390593,0.5,0.353553390593,0.5)
    ,(1.,0.707106781187,1.,0.707106781187,1.)
    ,(0.5,0.353553390593,0.5,0.353553390593,0.5)
    ,(1.,0.707106781187,1.,0.707106781187,1.)
    ,(0.5,0.353553390593,0.5,0.353553390593,0.5)
,(1.,0.707106781187,1.,0.707106781187,1.
))) REPRESENTATION_ITEM('') SURFACE() );
#1038 = CARTESIAN_POINT('',(-79.,105.,-45.));
#1039 = CARTESIAN_POINT('',(-71.,105.,-45.));
#1040 = CARTESIAN_POINT('',(-71.,105.,-18.));
#1041 = CARTESIAN_POINT('',(-71.,105.,9.));
#1042 = CARTESIAN_POINT('',(-79.,105.,9.));
#1043 = CARTESIAN_POINT('',(-79.,105.,-45.));
#1044 = CARTESIAN_POINT('',(-71.,127.51666049839,-45.));
#1045 = CARTESIAN_POINT('',(-71.,127.51666049839,-18.));
#1046 = CARTESIAN_POINT('',(-71.,127.51666049839,9.));
#1047 = CARTESIAN_POINT('',(-79.,105.,9.));
#1048 = CARTESIAN_POINT('',(-79.,105.,-45.));
#1049 = CARTESIAN_POINT('',(-83.,116.25833024919,-45.));
#1050 = CARTESIAN_POINT('',(-83.,116.25833024919,-18.));
#1051 = CARTESIAN_POINT('',(-83.,116.25833024919,9.));
#1052 = CARTESIAN_POINT('',(-79.,105.,9.));
#1053 = CARTESIAN_POINT('',(-79.,105.,-45.));
#1054 = CARTESIAN_POINT('',(-95.,105.,-45.));
#1055 = CARTESIAN_POINT('',(-95.,105.,-18.));
#1056 = CARTESIAN_POINT('',(-95.,105.,9.));
#1057 = CARTESIAN_POINT('',(-79.,105.,9.));
#1058 = CARTESIAN_POINT('',(-79.,105.,-45.));
#1059 = CARTESIAN_POINT('',(-83.,93.741669750802,-45.));
#1060 = CARTESIAN_POINT('',(-83.,93.741669750802,-18.));
#1061 = CARTESIAN_POINT('',(-83.,93.741669750802,9.));
#1062 = CARTESIAN_POINT('',(-79.,105.,9.));
#1063 = CARTESIAN_POINT('',(-79.,105.,-45.));
#1064 = CARTESIAN_POINT('',(-71.,82.483339501605,-45.));
#1065 = CARTESIAN_POINT('',(-71.,82.483339501605,-18.));
#1066 = CARTESIAN_POINT('',(-71.,82.483339501605,9.));
#1067 = CARTESIAN_POINT('',(-79.,105.,9.));
#1068 = CARTESIAN_POINT('',(-79.,105.,-45.));
#1069 = CARTESIAN_POINT('',(-71.,105.,-45.));
#1070 = CARTESIAN_POINT('',(-71.,105.,-18.));
#1071 = CARTESIAN_POINT('',(-71.,105.,9.));
#1072 = CARTESIAN_POINT('',(-79.,105.,9.));
#1073 = MANIFOLD_SOLID_BREP('',#1074);
#1074 = CLOSED_SHELL('',(#1075,#2177,#2229,#2282));
#1075 = ADVANCED_FACE('',(#1076,#1803),#2141,.T.);
#1076 = FACE_BOUND('',#1077,.T.);
#1077 = EDGE_LOOP('',(#1078,#1423,#1482,#1492,#1583,#1593,#1594,#1643,
    #1802));
#1078 = ORIENTED_EDGE('',*,*,#1079,.T.);
#1079 = EDGE_CURVE('',#1080,#1082,#1084,.T.);
#1080 = VERTEX_POINT('',#1081);
#1081 = CARTESIAN_POINT('',(36.423996191358,96.,-81.03381118158));
#1082 = VERTEX_POINT('',#1083);
#1083 = CARTESIAN_POINT('',(68.123450198325,55.,-24.14983532401));
#1084 = B_SPLINE_CURVE_WITH_KNOTS('',8,(#1085,#1086,#1087,#1088,#1089,
    #1090,#1091,#1092,#1093,#1094,#1095,#1096,#1097,#1098,#1099,#1100,
    #1101,#1102,#1103,#1104,#1105,#1106,#1107,#1108,#1109,#1110,#1111,
    #1112,#1113,#1114,#1115,#1116,#1117,#1118,#1119,#1120,#1121,#1122,
    #1123,#1124,#1125,#1126,#1127,#1128,#1129,#1130,#1131,#1132,#1133,
    #1134,#1135,#1136,#1137,#1138,#1139,#1140,#1141,#1142,#1143,#1144,
    #1145,#1146,#1147,#1148,#1149,#1150,#1151,#1152,#1153,#1154,#1155,
    #1156,#1157,#1158,#1159,#1160,#1161,#1162,#1163,#1164,#1165,#1166,
    #1167,#1168,#1169,#1170,#1171,#1172,#1173,#1174,#1175,#1176,#1177,
    #1178,#1179,#1180,#1181,#1182,#1183,#1184,#1185,#1186,#1187,#1188,
    #1189,#1190,#1191,#1192,#1193,#1194,#1195,#1196,#1197,#1198,#1199,
    #1200,#1201,#1202,#1203,#1204,#1205,#1206,#1207,#1208,#1209,#1210,
    #1211,#1212,#1213,#1214,#1215,#1216,#1217,#1218,#1219,#1220,#1221,
    #1222,#1223,#1224,#1225,#1226,#1227,#1228,#1229,#1230,#1231,#1232,
    #1233,#1234,#1235,#1236,#1237,#1238,#1239,#1240,#1241,#1242,#1243,
    #1244,#1245,#1246,#1247,#1248,#1249,#1250,#1251,#1252,#1253,#1254,
    #1255,#1256,#1257,#1258,#1259,#1260,#1261,#1262,#1263,#1264,#1265,
    #1266,#1267,#1268,#1269,#1270,#1271,#1272,#1273,#1274,#1275,#1276,
    #1277,#1278,#1279,#1280,#1281,#1282,#1283,#1284,#1285,#1286,#1287,
    #1288,#1289,#1290,#1291,#1292,#1293,#1294,#1295,#1296,#1297,#1298,
    #1299,#1300,#1301,#1302,#1303,#1304,#1305,#1306,#1307,#1308,#1309,
    #1310,#1311,#1312,#1313,#1314,#1315,#1316,#1317,#1318,#1319,#1320,
    #1321,#1322,#1323,#1324,#1325,#1326,#1327,#1328,#1329,#1330,#1331,
    #1332,#1333,#1334,#1335,#1336,#1337,#1338,#1339,#1340,#1341,#1342,
    #1343,#1344,#1345,#1346,#1347,#1348,#1349,#1350,#1351,#1352,#1353,
    #1354,#1355,#1356,#1357,#1358,#1359,#1360,#1361,#1362,#1363,#1364,
    #1365,#1366,#1367,#1368,#1369,#1370,#1371,#1372,#1373,#1374,#1375,
    #1376,#1377,#1378,#1379,#1380,#1381,#1382,#1383,#1384,#1385,#1386,
    #1387,#1388,#1389,#1390,#1391,#1392,#1393,#1394,#1395,#1396,#1397,
    #1398,#1399,#1400,#1401,#1402,#1403,#1404,#1405,#1406,#1407,#1408,
    #1409,#1410,#1411,#1412,#1413,#1414,#1415,#1416,#1417,#1418,#1419,
    #1420,#1421,#1422),.UNSPECIFIED.,.F.,.F.,(9,7,7,7,7,7,7,7,7,7,7,7,7,
    7,7,7,7,7,7,7,7,7,7,7,7,7,7,7,7,7,7,7,7,7,7,7,7,7,7,7,7,7,7,7,7,7,7,
    7,9),(0.,3.812662319919E-02,6.551317342012E-02,8.575701309423E-02,
    0.106223090571,0.115123222365,0.122885100997,0.129360343687,
    0.130416101204,0.134577831079,0.139604143702,0.143750561421,
    0.1480345652,0.153199726257,0.16383291244,0.192226238378,
    0.221043396227,0.230200808707,0.233755293588,0.25916406174,
    0.331095660958,0.403204392865,0.417248928564,0.424225107858,
    0.42729397914,0.430239161771,0.46041666576,0.486475668799,
    0.501142405201,0.530655723835,0.570231698645,0.590495640077,
    0.611526767065,0.625124981408,0.633695157716,0.636868974544,
    0.639745173275,0.650004521575,0.655254568818,0.657710750469,
    0.66050655277,0.701585210731,0.746845528005,0.792037947017,
    0.833409025902,0.906004422812,0.927653330725,0.96947144105,1.),
  .UNSPECIFIED.);
#1085 = CARTESIAN_POINT('',(36.423996191358,96.,-81.03381118158));
#1086 = CARTESIAN_POINT('',(35.232710343798,96.295112973671,
    -81.79530894739));
#1087 = CARTESIAN_POINT('',(34.022156625634,96.576245501688,
    -82.53207559047));
#1088 = CARTESIAN_POINT('',(32.792928744812,96.843598316803,
    -83.24315544908));
#1089 = CARTESIAN_POINT('',(31.545661034597,97.097363014591,
    -83.92760696036));
#1090 = CARTESIAN_POINT('',(30.281030951038,97.337721761992,
    -84.58450746082));
#1091 = CARTESIAN_POINT('',(28.999761883563,97.564846833486,
    -85.21295857108));
#1092 = CARTESIAN_POINT('',(27.702626278716,97.778899974906,
    -85.81209216483));
#1093 = CARTESIAN_POINT('',(25.447905421725,98.124505477126,
    -86.78978161144));
#1094 = CARTESIAN_POINT('',(24.497599594067,98.262312547438,
    -87.18293120641));
#1095 = CARTESIAN_POINT('',(23.539837490905,98.393508498666,
    -87.56021745731));
#1096 = CARTESIAN_POINT('',(22.574937504771,98.518146289268,
    -87.9213426463));
#1097 = CARTESIAN_POINT('',(21.603230898755,98.636275929493,
    -88.26602069944));
#1098 = CARTESIAN_POINT('',(20.625062315369,98.747944305705,
    -88.59397841516));
#1099 = CARTESIAN_POINT('',(19.640790419407,98.853195042851,
    -88.90495680893));
#1100 = CARTESIAN_POINT('',(17.918990166516,99.025154517615,
    -89.41585363647));
#1101 = CARTESIAN_POINT('',(17.18406099783,99.094756019013,
    -89.62358421329));
#1102 = CARTESIAN_POINT('',(16.446150984303,99.160889273649,
    -89.82180633532));
#1103 = CARTESIAN_POINT('',(15.705414524932,99.223569614079,
    -90.01042662714));
#1104 = CARTESIAN_POINT('',(14.962010673715,99.282811321764,
    -90.18935663036));
#1105 = CARTESIAN_POINT('',(14.216103471213,99.338627624291,
    -90.35851315924));
#1106 = CARTESIAN_POINT('',(13.467862536074,99.391030709048,
    -90.51781868893));
#1107 = CARTESIAN_POINT('',(11.958827387779,99.489570735382,
    -90.81822480395));
#1108 = CARTESIAN_POINT('',(11.19801622759,99.535630558273,
    -90.95910019736));
#1109 = CARTESIAN_POINT('',(10.435180594514,99.578225406034,
    -91.08976210032));
#1110 = CARTESIAN_POINT('',(9.670500275754,99.617365926408,
    -91.21014358658));
#1111 = CARTESIAN_POINT('',(8.904190656662,99.653060302816,
    -91.32018004053));
#1112 = CARTESIAN_POINT('',(8.136504696157,99.685315098662,
    -91.41981200487));
#1113 = CARTESIAN_POINT('',(7.367744067738,99.714136292531,
    -91.50898869222));
#1114 = CARTESIAN_POINT('',(6.263679447329,99.750574346897,
    -91.62189114806));
#1115 = CARTESIAN_POINT('',(5.928956209729,99.760969080328,
    -91.65412264439));
#1116 = CARTESIAN_POINT('',(5.594149140971,99.770716026187,
    -91.68436582534));
#1117 = CARTESIAN_POINT('',(5.25930267682,99.779815555192,
    -91.71261740756));
#1118 = CARTESIAN_POINT('',(4.924481603767,99.788267762432,
    -91.73887363716));
#1119 = CARTESIAN_POINT('',(4.589772673051,99.796072767811,
    -91.76313122337));
#1120 = CARTESIAN_POINT('',(4.255285685831,99.803231060198,
    -91.78538841426));
#1121 = CARTESIAN_POINT('',(3.629755084075,99.815423780225,
    -91.8233132299));
#1122 = CARTESIAN_POINT('',(3.338637344141,99.82061250406,
    -91.83945879621));
#1123 = CARTESIAN_POINT('',(3.047897434277,99.825310881727,
    -91.85408357708));
#1124 = CARTESIAN_POINT('',(2.757666669007,99.829519619626,
    -91.86718809375));
#1125 = CARTESIAN_POINT('',(2.468113781866,99.833240143949,
    -91.8787753419));
#1126 = CARTESIAN_POINT('',(2.179433723706,99.836475194945,
    -91.88885264618));
#1127 = CARTESIAN_POINT('',(1.891822550236,99.839229177073,
    -91.89743275254));
#1128 = CARTESIAN_POINT('',(1.366526277157,99.843409550155,
    -91.9104583686));
#1129 = CARTESIAN_POINT('',(1.12843837681,99.844980596225,
    -91.91535429877));
#1130 = CARTESIAN_POINT('',(0.891283569965,99.846224524478,
    -91.91923124054));
#1131 = CARTESIAN_POINT('',(0.65509865819,99.847146098045,-91.9221037176
    ));
#1132 = CARTESIAN_POINT('',(0.419822052185,99.847750476506,
    -91.92398759675));
#1133 = CARTESIAN_POINT('',(0.185293793421,99.848042153841,
    -91.92489677092));
#1134 = CARTESIAN_POINT('',(-4.871808233947E-02,99.848024079804,
    -91.92484041416));
#1135 = CARTESIAN_POINT('',(-0.320576136483,99.847643631525,
    -91.92365457106));
#1136 = CARTESIAN_POINT('',(-0.358680534121,99.847582083778,
    -91.92346272961));
#1137 = CARTESIAN_POINT('',(-0.396779148106,99.847512324967,
    -91.92324529543));
#1138 = CARTESIAN_POINT('',(-0.434873090456,99.847434357208,
    -91.9230022755));
#1139 = CARTESIAN_POINT('',(-0.47296346967,99.847348181252,
    -91.92273367258));
#1140 = CARTESIAN_POINT('',(-0.511051390736,99.847253796489,
    -91.92243948528));
#1141 = CARTESIAN_POINT('',(-0.549137955122,99.847151200946,
    -91.922119708));
#1142 = CARTESIAN_POINT('',(-0.737358087557,99.846603586908,
    -91.92041287745));
#1143 = CARTESIAN_POINT('',(-0.887486721264,99.846039146351,
    -91.91865363869));
#1144 = CARTESIAN_POINT('',(-1.037678421072,99.845346871859,
    -91.91649603672));
#1145 = CARTESIAN_POINT('',(-1.187995236167,99.844526238803,
    -91.91393849041));
#1146 = CARTESIAN_POINT('',(-1.338489439699,99.843576473986,
    -91.91097866017));
#1147 = CARTESIAN_POINT('',(-1.489201575873,99.842496638209,
    -91.9076137059));
#1148 = CARTESIAN_POINT('',(-1.6401601202,99.841285713105,
    -91.90384055834));
#1149 = CARTESIAN_POINT('',(-1.974021283042,99.838320662978,
    -91.89460256262));
#1150 = CARTESIAN_POINT('',(-2.157883768893,99.836498504597,
    -91.88892591038));
#1151 = CARTESIAN_POINT('',(-2.342763744303,99.834473490633,
    -91.88261797514));
#1152 = CARTESIAN_POINT('',(-2.528472073008,99.832243901954,
    -91.87567366752));
#1153 = CARTESIAN_POINT('',(-2.714844965012,99.829808780777,
    -91.86809031259));
#1154 = CARTESIAN_POINT('',(-2.901749104305,99.827167652483,
    -91.85986678213));
#1155 = CARTESIAN_POINT('',(-3.089083887891,99.824320215223,
    -91.85100252735));
#1156 = CARTESIAN_POINT('',(-3.431619872398,99.818746444815,
    -91.83365460134));
#1157 = CARTESIAN_POINT('',(-3.586696804327,99.816086314321,
    -91.82537639663));
#1158 = CARTESIAN_POINT('',(-3.741968439811,99.813285452318,
    -91.81666166284));
#1159 = CARTESIAN_POINT('',(-3.897397699212,99.810343805855,
    -91.80751049667));
#1160 = CARTESIAN_POINT('',(-4.05295338822,99.807261382215,
    -91.79792320105));
#1161 = CARTESIAN_POINT('',(-4.208610030692,99.804038208585,
    -91.78790015951));
#1162 = CARTESIAN_POINT('',(-4.364347701492,99.80067429172,
    -91.77744171058));
#1163 = CARTESIAN_POINT('',(-4.681125896804,99.793548570706,
    -91.7552928614));
#1164 = CARTESIAN_POINT('',(-4.842168113138,99.789777330596,
    -91.74357329338));
#1165 = CARTESIAN_POINT('',(-5.003260897585,99.785855844843,
    -91.73138965007));
#1166 = CARTESIAN_POINT('',(-5.164389060501,99.78178412381,
    -91.71874235522));
#1167 = CARTESIAN_POINT('',(-5.325539702728,99.77756218674,
    -91.7056318811));
#1168 = CARTESIAN_POINT('',(-5.486702084958,99.773190047846,
    -91.69205870515));
#1169 = CARTESIAN_POINT('',(-5.647867497102,99.76866770239,
    -91.67802326678));
#1170 = CARTESIAN_POINT('',(-6.003339362104,99.758361439794,
    -91.64604668976));
#1171 = CARTESIAN_POINT('',(-6.197642596451,99.752509404178,
    -91.62789613177));
#1172 = CARTESIAN_POINT('',(-6.391926227454,99.74643896899,
    -91.60907496756));
#1173 = CARTESIAN_POINT('',(-6.586179243188,99.740150104627,
    -91.58958398105));
#1174 = CARTESIAN_POINT('',(-6.780392112864,99.733642779163,
    -91.5694239924));
#1175 = CARTESIAN_POINT('',(-6.97455667666,99.72691694869,
    -91.54859582797));
#1176 = CARTESIAN_POINT('',(-7.168666035545,99.71997254766,
    -91.52710029013));
#1177 = CARTESIAN_POINT('',(-7.762189462925,99.698063329691,
    -91.45931430401));
#1178 = CARTESIAN_POINT('',(-8.161401299212,99.682390653133,
    -91.41086589771));
#1179 = CARTESIAN_POINT('',(-8.560300157695,99.665790647265,
    -91.35959956859));
#1180 = CARTESIAN_POINT('',(-8.958842697828,99.648262500527,
    -91.30552272096));
#1181 = CARTESIAN_POINT('',(-9.356990773403,99.629805328133,
    -91.24864329353));
#1182 = CARTESIAN_POINT('',(-9.754710556131,99.61041811237,
    -91.18896956534));
#1183 = CARTESIAN_POINT('',(-10.15197204017,99.59009964715,
    -91.12650997697));
#1184 = CARTESIAN_POINT('',(-11.60824466982,99.512102454434,
    -90.88707346898));
#1185 = CARTESIAN_POINT('',(-12.66425607665,99.448707602624,
    -90.69307496066));
#1186 = CARTESIAN_POINT('',(-13.71625720335,99.378638347257,
    -90.47944401754));
#1187 = CARTESIAN_POINT('',(-14.76376070756,99.301865414808,
    -90.2463730857));
#1188 = CARTESIAN_POINT('',(-15.80630129009,99.218355426619,
    -89.99407763853));
#1189 = CARTESIAN_POINT('',(-16.84343594278,99.128070772087,
    -89.72279397183));
#1190 = CARTESIAN_POINT('',(-17.87474030098,99.030969548741,
    -89.43277705136));
#1191 = CARTESIAN_POINT('',(-19.94017795416,98.821489713395,
    -88.81121540114));
#1192 = CARTESIAN_POINT('',(-20.97411972724,98.708905085877,
    -88.47911658065));
#1193 = CARTESIAN_POINT('',(-22.00120237377,98.589204227129,
    -88.12828855485));
#1194 = CARTESIAN_POINT('',(-23.02101236635,98.462335547116,
    -87.75903668947));
#1195 = CARTESIAN_POINT('',(-24.03315314029,98.328243468561,
    -87.37168341551));
#1196 = CARTESIAN_POINT('',(-25.03724433416,98.186868611444,
    -86.96656651692));
#1197 = CARTESIAN_POINT('',(-26.03292117189,98.038148024214,
    -86.5440375711));
#1198 = CARTESIAN_POINT('',(-27.3334515824,97.832400218647,-85.964773342
    ));
#1199 = CARTESIAN_POINT('',(-27.64618426278,97.782036486188,
    -85.82336454473));
#1200 = CARTESIAN_POINT('',(-27.95802084921,97.730922130195,
    -85.68024582135));
#1201 = CARTESIAN_POINT('',(-28.26895032507,97.679054981263,
    -85.53542895173));
#1202 = CARTESIAN_POINT('',(-28.57896183575,97.626432834703,
    -85.38892582456));
#1203 = CARTESIAN_POINT('',(-28.88804468869,97.573053450548,
    -85.24074843736));
#1204 = CARTESIAN_POINT('',(-29.19618835333,97.51891455355,
    -85.09090889646));
#1205 = CARTESIAN_POINT('',(-29.6226210354,97.442703907597,
    -84.88061819188));
#1206 = CARTESIAN_POINT('',(-29.74171659554,97.421279193894,
    -84.82156835472));
#1207 = CARTESIAN_POINT('',(-29.86066842572,97.399739577295,
    -84.76227067481));
#1208 = CARTESIAN_POINT('',(-29.9794759492,97.378084917222,
    -84.70272585503));
#1209 = CARTESIAN_POINT('',(-30.09813865771,97.35631506025,
    -84.64293456739));
#1210 = CARTESIAN_POINT('',(-30.21665604072,97.334429853067,
    -84.58289748857));
#1211 = CARTESIAN_POINT('',(-30.33502751482,97.312429155435,
    -84.52261533546));
#1212 = CARTESIAN_POINT('',(-31.29836707842,97.132217370704,
    -84.02942364137));
#1213 = CARTESIAN_POINT('',(-32.1359926552,96.968213902846,
    -83.58427386936));
#1214 = CARTESIAN_POINT('',(-32.96591357483,96.798251637134,
    -83.12690418249));
#1215 = CARTESIAN_POINT('',(-33.78792374995,96.622277761161,
    -82.65758442596));
#1216 = CARTESIAN_POINT('',(-34.60182612224,96.440237517232,
    -82.17658899999));
#1217 = CARTESIAN_POINT('',(-35.40743227026,96.252074257055,
    -81.68419616748));
#1218 = CARTESIAN_POINT('',(-36.20456201731,96.057729496415,
    -81.18068736156));
#1219 = CARTESIAN_POINT('',(-39.22521358561,95.28928759674,
    -79.21026023373));
#1220 = CARTESIAN_POINT('',(-41.38799024586,94.671427211285,
    -77.66741228689));
#1221 = CARTESIAN_POINT('',(-43.47757640624,94.002176621938,
    -76.0441905571));
#1222 = CARTESIAN_POINT('',(-45.49057015152,93.280038807527,
    -74.34717670865));
#1223 = CARTESIAN_POINT('',(-47.42391783394,92.503435177627,
    -72.58307949437));
#1224 = CARTESIAN_POINT('',(-49.27486202963,91.670711626326,
    -70.75867297422));
#1225 = CARTESIAN_POINT('',(-51.04088388236,90.780120379403,
    -68.88073962389));
#1226 = CARTESIAN_POINT('',(-54.40252962863,88.877094633068,
    -65.02655729209));
#1227 = CARTESIAN_POINT('',(-55.99751936533,87.86447860041,
    -63.05030986522));
#1228 = CARTESIAN_POINT('',(-57.50235374158,86.790016324077,
    -61.0340019624));
#1229 = CARTESIAN_POINT('',(-58.9146459324,85.651793692692,
    -58.98462129725));
#1230 = CARTESIAN_POINT('',(-60.23192889786,84.44793310924,
    -56.90943164076));
#1231 = CARTESIAN_POINT('',(-61.45167042113,83.176611378906,
    -54.81597437816));
#1232 = CARTESIAN_POINT('',(-62.5712518778,81.83605807187,
    -52.71205736912));
#1233 = CARTESIAN_POINT('',(-63.78592419425,80.149613448707,
    -50.19548435639));
#1234 = CARTESIAN_POINT('',(-63.9800300426,79.872004791307,
    -49.78515293649));
#1235 = CARTESIAN_POINT('',(-64.17020714908,79.591696872601,
    -49.3747982161));
#1236 = CARTESIAN_POINT('',(-64.35643407837,79.308678633799,
    -48.96448235249));
#1237 = CARTESIAN_POINT('',(-64.53868909228,79.02293947357,
    -48.55426829576));
#1238 = CARTESIAN_POINT('',(-64.71695014973,78.734469248044,
    -48.14421978882));
#1239 = CARTESIAN_POINT('',(-64.89119490682,78.443258270806,
    -47.73440136743));
#1240 = CARTESIAN_POINT('',(-65.14594507812,78.003281501975,
    -47.121460745));
#1241 = CARTESIAN_POINT('',(-65.22949291244,77.856587212466,
    -46.91811603065));
#1242 = CARTESIAN_POINT('',(-65.31204144319,77.709213323586,
    -46.71485223067));
#1243 = CARTESIAN_POINT('',(-65.3935878754,77.56115875258,
    -46.51167741262));
#1244 = CARTESIAN_POINT('',(-65.47412939557,77.412422454733,
    -46.30859969816));
#1245 = CARTESIAN_POINT('',(-65.55366317172,77.263003423365,
    -46.10562726299));
#1246 = CARTESIAN_POINT('',(-65.63218635339,77.112900689835,
    -45.90276833686));
#1247 = CARTESIAN_POINT('',(-65.74379290703,76.895780627169,
    -45.61084577972));
#1248 = CARTESIAN_POINT('',(-65.78141713529,76.822075963214,
    -45.51194807314));
#1249 = CARTESIAN_POINT('',(-65.81940646483,76.746937891157,
    -45.41140808462));
#1250 = CARTESIAN_POINT('',(-65.8559777314,76.673902807388,
    -45.31395469385));
#1251 = CARTESIAN_POINT('',(-65.89065741121,76.604059305193,
    -45.22098595792));
#1252 = CARTESIAN_POINT('',(-65.92421213413,76.536002534744,
    -45.13057940988));
#1253 = CARTESIAN_POINT('',(-65.95857919688,76.465788563089,
    -45.03750235723));
#1254 = CARTESIAN_POINT('',(-66.0334738427,76.31116822363,
    -44.83314517581));
#1255 = CARTESIAN_POINT('',(-66.07289449415,76.22910321724,
    -44.72493844577));
#1256 = CARTESIAN_POINT('',(-66.11265870038,76.145437928245,
    -44.61495382695));
#1257 = CARTESIAN_POINT('',(-66.15140382278,76.06303467707,
    -44.50695671125));
#1258 = CARTESIAN_POINT('',(-66.18874469757,75.982833351918,
    -44.40213524217));
#1259 = CARTESIAN_POINT('',(-66.22521341901,75.903810869392,
    -44.29910951107));
#1260 = CARTESIAN_POINT('',(-66.26219912257,75.82294063512,
    -44.19394075345));
#1261 = CARTESIAN_POINT('',(-66.70854930577,74.835631523643,
    -42.91410000033));
#1262 = CARTESIAN_POINT('',(-67.0807542387,73.913076341441,
    -41.75383178108));
#1263 = CARTESIAN_POINT('',(-67.41793842826,72.967338500208,
    -40.60097378386));
#1264 = CARTESIAN_POINT('',(-67.71950983614,71.998339041982,
    -39.45724834333));
#1265 = CARTESIAN_POINT('',(-67.98485810658,71.006077238512,
    -38.32445669253));
#1266 = CARTESIAN_POINT('',(-68.21336408317,69.990642376327,
    -37.20447115224));
#1267 = CARTESIAN_POINT('',(-68.40440926045,68.952228096781,
    -36.09922504958));
#1268 = CARTESIAN_POINT('',(-68.68948356037,66.974882135288,
    -34.07073302727));
#1269 = CARTESIAN_POINT('',(-68.79319365286,66.041723000204,
    -33.14324284505));
#1270 = CARTESIAN_POINT('',(-68.86812333549,65.091883176377,
    -32.22951382833));
#1271 = CARTESIAN_POINT('',(-68.91388711135,64.125652082947,
    -31.33086555126));
#1272 = CARTESIAN_POINT('',(-68.93011305506,63.143405394207,
    -30.44864447732));
#1273 = CARTESIAN_POINT('',(-68.91645157727,62.145615127251,
    -29.58421314901));
#1274 = CARTESIAN_POINT('',(-68.87258599741,61.132861690696,
    -28.73893724301));
#1275 = CARTESIAN_POINT('',(-68.75640371106,59.527815789003,
    -27.4499686611));
#1276 = CARTESIAN_POINT('',(-68.70490851311,58.945265159707,
    -26.99226269282));
#1277 = CARTESIAN_POINT('',(-68.64371104174,58.358321562574,
    -26.54129407521));
#1278 = CARTESIAN_POINT('',(-68.57276740227,57.767121475774,
    -26.09730209736));
#1279 = CARTESIAN_POINT('',(-68.49203881756,57.171812943888,
    -25.66052285209));
#1280 = CARTESIAN_POINT('',(-68.40149235108,56.572556222124,
    -25.23118823972));
#1281 = CARTESIAN_POINT('',(-68.30110162989,55.96952442054,
    -24.80952497179));
#1282 = CARTESIAN_POINT('',(-67.96898748088,54.142225152708,
    -23.56313702087));
#1283 = CARTESIAN_POINT('',(-67.70717859873,52.906957697263,
    -22.76243654342));
#1284 = CARTESIAN_POINT('',(-67.40527098964,51.658685766106,
    -21.99549813123));
#1285 = CARTESIAN_POINT('',(-67.06323481832,50.399135230545,
    -21.26399782721));
#1286 = CARTESIAN_POINT('',(-66.68116433935,49.130185119305,
    -20.56941928958));
#1287 = CARTESIAN_POINT('',(-66.25929222958,47.853877710613,
    -19.91302800416));
#1288 = CARTESIAN_POINT('',(-65.79801425939,46.572427446076,
    -19.29584214758));
#1289 = CARTESIAN_POINT('',(-64.62732747402,43.566178357804,
    -17.94454540147));
#1290 = CARTESIAN_POINT('',(-63.88677712018,41.838768344643,
    -17.24212955423));
#1291 = CARTESIAN_POINT('',(-63.0777356277,40.11198245427,
    -16.61328769291));
#1292 = CARTESIAN_POINT('',(-62.20205551997,38.391637005236,
    -16.05867058677));
#1293 = CARTESIAN_POINT('',(-61.26189287496,36.683385444799,
    -15.57776732716));
#1294 = CARTESIAN_POINT('',(-60.25966002375,34.992703938102,
    -15.16902532575));
#1295 = CARTESIAN_POINT('',(-59.19801753011,33.324857908995,
    -14.82996762552));
#1296 = CARTESIAN_POINT('',(-57.50740253272,30.845122098599,
    -14.41769842921));
#1297 = CARTESIAN_POINT('',(-56.92004914482,30.012626396602,
    -14.29548633492));
#1298 = CARTESIAN_POINT('',(-56.31820732953,29.187994637648,
    -14.1902279342));
#1299 = CARTESIAN_POINT('',(-55.70223747481,28.371819932673,
    -14.10142623496));
#1300 = CARTESIAN_POINT('',(-55.07249623094,27.564657134516,
    -14.02853792468));
#1301 = CARTESIAN_POINT('',(-54.42933442717,26.767023680026,
    -13.97098073481));
#1302 = CARTESIAN_POINT('',(-53.77309498847,25.979400432183,
    -13.92814080519));
#1303 = CARTESIAN_POINT('',(-52.40979921518,24.39564132037,
    -13.86953027334));
#1304 = CARTESIAN_POINT('',(-51.70176018782,23.600312648503,
    -13.85484599259));
#1305 = CARTESIAN_POINT('',(-50.98036238083,22.816739953578,
    -13.85461244196));
#1306 = CARTESIAN_POINT('',(-50.24596348866,22.045376420654,
    -13.86808737531));
#1307 = CARTESIAN_POINT('',(-49.4989085841,21.286636774529,
    -13.89450751259));
#1308 = CARTESIAN_POINT('',(-48.73952841285,20.54089908139,
    -13.9330949877));
#1309 = CARTESIAN_POINT('',(-47.9681376882,19.808506550467,
    -13.98306379645));
#1310 = CARTESIAN_POINT('',(-46.67869720861,18.625051372396,
    -14.08278439221));
#1311 = CARTESIAN_POINT('',(-46.1674654533,18.166043472308,
    -14.12637109726));
#1312 = CARTESIAN_POINT('',(-45.6514188343,17.712829870331,
    -14.17417315394));
#1313 = CARTESIAN_POINT('',(-45.1306361655,17.265490113103,
    -14.22597682272));
#1314 = CARTESIAN_POINT('',(-44.60519425625,16.824099235974,
    -14.28156828505));
#1315 = CARTESIAN_POINT('',(-44.0751678075,16.388727939997,
    -14.34073409833));
#1316 = CARTESIAN_POINT('',(-43.54062930798,15.959442768913,
    -14.40326165072));
#1317 = CARTESIAN_POINT('',(-42.66196044508,15.269627569788,
    -14.5103326573));
#1318 = CARTESIAN_POINT('',(-42.32050782871,15.005391343362,
    -14.5529770784));
#1319 = CARTESIAN_POINT('',(-41.97730875352,14.743613312724,
    -14.59681988244));
#1320 = CARTESIAN_POINT('',(-41.63238067085,14.484308701994,
    -14.64180831415));
#1321 = CARTESIAN_POINT('',(-41.285740811,14.227492253562,
    -14.68788985994));
#1322 = CARTESIAN_POINT('',(-40.93740618325,13.973178228082,
    -14.73501224784));
#1323 = CARTESIAN_POINT('',(-40.58739357584,13.721380404478,
    -14.7831234476));
#1324 = CARTESIAN_POINT('',(-40.10548308936,13.379799992825,
    -14.85033604239));
#1325 = CARTESIAN_POINT('',(-39.98076263306,13.291905195829,
    -14.86782706545));
#1326 = CARTESIAN_POINT('',(-39.85739062234,13.205398360908,
    -14.88521043637));
#1327 = CARTESIAN_POINT('',(-39.73275720698,13.118442625368,
    -14.90285026408));
#1328 = CARTESIAN_POINT('',(-39.60583125714,13.030356061072,
    -14.92089683154));
#1329 = CARTESIAN_POINT('',(-39.47718136916,12.941574143652,
    -14.93927435741));
#1330 = CARTESIAN_POINT('',(-39.3489968714,12.853612221716,
    -14.95766875769));
#1331 = CARTESIAN_POINT('',(-39.11283811763,12.692375518992,
    -14.99168868802));
#1332 = CARTESIAN_POINT('',(-39.00040552391,12.615977742473,
    -15.00794429538));
#1333 = CARTESIAN_POINT('',(-38.88781151815,12.539835024631,
    -15.02428062786));
#1334 = CARTESIAN_POINT('',(-38.77505658084,12.463947738701,
    -15.04069608547));
#1335 = CARTESIAN_POINT('',(-38.66214120375,12.388316263019,
    -15.0571890699));
#1336 = CARTESIAN_POINT('',(-38.54906588989,12.31294098103,
    -15.07375798442));
#1337 = CARTESIAN_POINT('',(-38.43583115358,12.237822281284,
    -15.09040123398));
#1338 = CARTESIAN_POINT('',(-37.91796450441,11.895930150076,
    -15.16674283486));
#1339 = CARTESIAN_POINT('',(-37.51146971986,11.632169306283,
    -15.22729403664));
#1340 = CARTESIAN_POINT('',(-37.10297610127,11.371695233858,
    -15.2886985589));
#1341 = CARTESIAN_POINT('',(-36.69250653032,11.114524705174,
    -15.35088477538));
#1342 = CARTESIAN_POINT('',(-36.28008383579,10.860674057173,
    -15.41378170515));
#1343 = CARTESIAN_POINT('',(-35.86573079363,10.610159191366,
    -15.47731901262));
#1344 = CARTESIAN_POINT('',(-35.44947012691,10.362995573833,
    -15.54142700752));
#1345 = CARTESIAN_POINT('',(-34.81734558594,9.994439091499,
    -15.63909954134));
#1346 = CARTESIAN_POINT('',(-34.60287307742,9.870561497615,-15.672293818
    ));
#1347 = CARTESIAN_POINT('',(-34.3879100269,9.747567476014,
    -15.70561023013));
#1348 = CARTESIAN_POINT('',(-34.17245948896,9.625459027786,-15.739039584
    ));
#1349 = CARTESIAN_POINT('',(-33.95652452613,9.504238132669,
    -15.77257273693));
#1350 = CARTESIAN_POINT('',(-33.74010820885,9.38390674905,
    -15.80620059726));
#1351 = CARTESIAN_POINT('',(-33.52321361549,9.264466813964,
    -15.83991412436));
#1352 = CARTESIAN_POINT('',(-33.20414957184,9.090459425371,
    -15.88951273526));
#1353 = CARTESIAN_POINT('',(-33.10235127121,9.035194124599,
    -15.90533793022));
#1354 = CARTESIAN_POINT('',(-33.00044928364,8.980124556515,
    -15.92117898748));
#1355 = CARTESIAN_POINT('',(-32.89844394334,8.92525092567,
    -15.93703498665));
#1356 = CARTESIAN_POINT('',(-32.79633556561,8.870573425427,
    -15.95290501297));
#1357 = CARTESIAN_POINT('',(-32.69412444677,8.816092237959,
    -15.96878815734));
#1358 = CARTESIAN_POINT('',(-32.59181086423,8.761807534255,
    -15.98468351629));
#1359 = CARTESIAN_POINT('',(-32.37281807347,8.646152560866,
    -16.01869631236));
#1360 = CARTESIAN_POINT('',(-32.25610865752,8.584840437612,
    -16.03681709391));
#1361 = CARTESIAN_POINT('',(-32.1392673005,8.523783389081,-16.0549511984
    ));
#1362 = CARTESIAN_POINT('',(-32.02229447514,8.462981698358,
    -16.07309729218));
#1363 = CARTESIAN_POINT('',(-31.90519065489,8.402435646887,
    -16.09125404625));
#1364 = CARTESIAN_POINT('',(-31.78795631395,8.34214551447,
    -16.10942013623));
#1365 = CARTESIAN_POINT('',(-31.67059192728,8.282111579267,
    -16.12759424238));
#1366 = CARTESIAN_POINT('',(-29.82676198051,7.344025340309,
    -16.41290527876));
#1367 = CARTESIAN_POINT('',(-28.07248782278,6.52110184488,
    -16.68147669192));
#1368 = CARTESIAN_POINT('',(-26.29173448884,5.754411931706,
    -16.9473269543));
#1369 = CARTESIAN_POINT('',(-24.48608292705,5.044781319502,
    -17.20650024369));
#1370 = CARTESIAN_POINT('',(-22.65724689082,4.392999815099,
    -17.45528918385));
#1371 = CARTESIAN_POINT('',(-20.80708350765,3.799809637136,
    -17.69027995388));
#1372 = CARTESIAN_POINT('',(-18.93760356917,3.265895393864,
    -17.9084005736));
#1373 = CARTESIAN_POINT('',(-14.97230818654,2.269602569569,
    -18.32575805345));
#1374 = CARTESIAN_POINT('',(-12.87275573474,1.820020212827,
    -18.52081907845));
#1375 = CARTESIAN_POINT('',(-10.75539086863,1.444005161465,
    -18.68855282084));
#1376 = CARTESIAN_POINT('',(-8.623446259907,1.142275537122,
    -18.82595032198));
#1377 = CARTESIAN_POINT('',(-6.480323393177,0.915401501431,
    -18.93067615578));
#1378 = CARTESIAN_POINT('',(-4.329596826599,0.763795694982,
    -19.00113215353));
#1379 = CARTESIAN_POINT('',(-2.175019890042,0.687683680259,
    -19.03650498149));
#1380 = CARTESIAN_POINT('',(2.13072414547,0.686425804363,-19.0370895889)
  );
#1381 = CARTESIAN_POINT('',(4.282135702014,0.76105354918,-19.00240656474
    ));
#1382 = CARTESIAN_POINT('',(6.429782522463,0.910952871592,
    -18.93273534154));
#1383 = CARTESIAN_POINT('',(8.569927560556,1.135903852285,
    -18.82887402716));
#1384 = CARTESIAN_POINT('',(10.699010071951,1.435500464928,
    -18.69240132517));
#1385 = CARTESIAN_POINT('',(12.813640056208,1.809179747209,
    -18.52562974656));
#1386 = CARTESIAN_POINT('',(14.910594118847,2.256231082026,
    -18.33154270236));
#1387 = CARTESIAN_POINT('',(18.887472344948,3.251408095053,
    -17.91430709519));
#1388 = CARTESIAN_POINT('',(20.770814029866,3.78780657735,
    -17.69499786552));
#1389 = CARTESIAN_POINT('',(22.634612413423,4.384352152026,
    -17.4585154057));
#1390 = CARTESIAN_POINT('',(24.476810885412,5.040347934585,
    -17.20799304137));
#1391 = CARTESIAN_POINT('',(26.295511236363,5.755037808271,
    -16.94691647552));
#1392 = CARTESIAN_POINT('',(28.08896298905,6.527616914787,
    -16.67907378641));
#1393 = CARTESIAN_POINT('',(29.855552445399,7.357243867162,
    -16.40850875438));
#1394 = CARTESIAN_POINT('',(34.643945174441,9.797420450453,
    -15.6673982989));
#1395 = CARTESIAN_POINT('',(37.605137140593,11.523934524327,
    -15.20030083476));
#1396 = CARTESIAN_POINT('',(40.47147890745,13.418614078288,
    -14.76086921372));
#1397 = CARTESIAN_POINT('',(43.235212702496,15.47653552565,
    -14.37416073817));
#1398 = CARTESIAN_POINT('',(45.887392707373,17.690866790023,
    -14.06716621626));
#1399 = CARTESIAN_POINT('',(48.418192842885,20.052311581849,
    -13.86774635642));
#1400 = CARTESIAN_POINT('',(50.816982691909,22.548807241566,
    -13.80311344018));
#1401 = CARTESIAN_POINT('',(53.744882652463,25.945595707824,
    -13.92633196482));
#1402 = CARTESIAN_POINT('',(54.404599753413,26.736437183043,
    -13.96882136626));
#1403 = CARTESIAN_POINT('',(55.051127495468,27.537391799288,
    -14.02614303515));
#1404 = CARTESIAN_POINT('',(55.684118667889,28.34797287693,
    -14.09891982452));
#1405 = CARTESIAN_POINT('',(56.303217984601,29.167656529645,
    -14.18774253293));
#1406 = CARTESIAN_POINT('',(56.908064212191,29.995880802642,
    -14.29316237885));
#1407 = CARTESIAN_POINT('',(57.498292297904,30.832044810897,
    -14.41568347498));
#1408 = CARTESIAN_POINT('',(59.184703790576,33.30478330014,
    -14.82632513999));
#1409 = CARTESIAN_POINT('',(60.240130497336,34.961541878163,
    -15.16242077037));
#1410 = CARTESIAN_POINT('',(61.236935791193,36.640881304903,
    -15.56726656472));
#1411 = CARTESIAN_POINT('',(62.172510677788,38.33764186602,
    -16.04329859172));
#1412 = CARTESIAN_POINT('',(63.044487154286,40.046457067609,
    -16.59205329126));
#1413 = CARTESIAN_POINT('',(63.850746067988,41.761785950529,
    -17.21405349133));
#1414 = CARTESIAN_POINT('',(64.589462674412,43.477927090802,
    -17.90869176819));
#1415 = CARTESIAN_POINT('',(65.748112418972,46.438162683211,
    -19.23289164957));
#1416 = CARTESIAN_POINT('',(66.20034999012,47.68482759256,
    -19.82948798539));
#1417 = CARTESIAN_POINT('',(66.615352352747,48.926807438817,
    -20.4632356994));
#1418 = CARTESIAN_POINT('',(66.992744942451,50.162057831384,
    -21.13321867942));
#1419 = CARTESIAN_POINT('',(67.332299047972,51.388685360035,
    -21.83829663668));
#1420 = CARTESIAN_POINT('',(67.63391074649,52.604940280759,
    -22.57712984975));
#1421 = CARTESIAN_POINT('',(67.897588612226,53.809208091816,
    -23.34820117512));
#1422 = CARTESIAN_POINT('',(68.123450198325,55.,-24.14983532401));
#1423 = ORIENTED_EDGE('',*,*,#1424,.T.);
#1424 = EDGE_CURVE('',#1082,#1080,#1425,.T.);
#1425 = B_SPLINE_CURVE_WITH_KNOTS('',7,(#1426,#1427,#1428,#1429,#1430,
    #1431,#1432,#1433,#1434,#1435,#1436,#1437,#1438,#1439,#1440,#1441,
    #1442,#1443,#1444,#1445,#1446,#1447,#1448,#1449,#1450,#1451,#1452,
    #1453,#1454,#1455,#1456,#1457,#1458,#1459,#1460,#1461,#1462,#1463,
    #1464,#1465,#1466,#1467,#1468,#1469,#1470,#1471,#1472,#1473,#1474,
    #1475,#1476,#1477,#1478,#1479,#1480,#1481),.UNSPECIFIED.,.F.,.F.,(8,
    6,6,6,6,6,6,6,6,8),(0.,0.241322663987,0.312826489445,0.346716816602,
    0.363573350755,0.371653710582,0.381033927433,0.478846400526,
    0.727982861202,1.),.UNSPECIFIED.);
#1426 = CARTESIAN_POINT('',(68.123450198325,55.,-24.14983532401));
#1427 = CARTESIAN_POINT('',(68.556656095686,57.283956346127,
    -25.68738130663));
#1428 = CARTESIAN_POINT('',(68.847918406238,59.517695341618,
    -27.33996633385));
#1429 = CARTESIAN_POINT('',(68.998057836594,61.69001994395,
    -29.0950505541));
#1430 = CARTESIAN_POINT('',(69.009870456627,63.79336378626,
    -30.93871164952));
#1431 = CARTESIAN_POINT('',(68.886922581334,65.82277114427,
    -32.85688391635));
#1432 = CARTESIAN_POINT('',(68.633247132311,67.775337804379,
    -34.83601174735));
#1433 = CARTESIAN_POINT('',(68.140140241759,70.205182008146,
    -37.46430033968));
#1434 = CARTESIAN_POINT('',(68.016303528102,70.753723606125,
    -38.06930921382));
#1435 = CARTESIAN_POINT('',(67.88144533764,71.295375925048,
    -38.67824381768));
#1436 = CARTESIAN_POINT('',(67.73566998128,71.83011681638,
    -39.29078406081));
#1437 = CARTESIAN_POINT('',(67.579081326237,72.357934150314,
    -39.90661656141));
#1438 = CARTESIAN_POINT('',(67.411782165407,72.878824954008,
    -40.52543524947));
#1439 = CARTESIAN_POINT('',(67.149551108772,73.636398273511,
    -41.4415145423));
#1440 = CARTESIAN_POINT('',(67.062845318737,73.878447108059,
    -41.73669086934));
#1441 = CARTESIAN_POINT('',(66.973767011074,74.11894160247,
    -42.03243913654));
#1442 = CARTESIAN_POINT('',(66.882326898249,74.357882656764,
    -42.32872787807));
#1443 = CARTESIAN_POINT('',(66.788535610765,74.595271521984,
    -42.62552597665));
#1444 = CARTESIAN_POINT('',(66.692403697158,74.831109800195,
    -42.92280266352));
#1445 = CARTESIAN_POINT('',(66.544968101682,75.181931612161,
    -43.36861130264));
#1446 = CARTESIAN_POINT('',(66.495134415068,75.298755139368,
    -43.5176635933));
#1447 = CARTESIAN_POINT('',(66.445237364484,75.413942588196,
    -43.66524200845));
#1448 = CARTESIAN_POINT('',(66.395555600902,75.526969448879,
    -43.81063059275));
#1449 = CARTESIAN_POINT('',(66.345781771783,75.638672829481,
    -43.95485504231));
#1450 = CARTESIAN_POINT('',(66.294954666911,75.751210145571,
    -44.10069792953));
#1451 = CARTESIAN_POINT('',(66.215715156471,75.924010790146,
    -44.32558441541));
#1452 = CARTESIAN_POINT('',(66.189902015178,75.979912075671,
    -44.39847711249));
#1453 = CARTESIAN_POINT('',(66.16395208838,76.035721704452,
    -44.4713915902));
#1454 = CARTESIAN_POINT('',(66.137865524136,76.091439714617,
    -44.54432741974));
#1455 = CARTESIAN_POINT('',(66.111642470538,76.147066144448,
    -44.61728417239));
#1456 = CARTESIAN_POINT('',(66.085283075706,76.202601032383,
    -44.69026141956));
#1457 = CARTESIAN_POINT('',(66.028029654526,76.322406769899,
    -44.84799884852));
#1458 = CARTESIAN_POINT('',(65.997088288584,76.386645806841,
    -44.93276599865));
#1459 = CARTESIAN_POINT('',(65.965963616343,76.450761599468,
    -45.01755952765));
#1460 = CARTESIAN_POINT('',(65.934655864836,76.514754218247,
    -45.1023787784));
#1461 = CARTESIAN_POINT('',(65.903165261753,76.578623732481,
    -45.18722309222));
#1462 = CARTESIAN_POINT('',(65.871492035441,76.642370210312,
    -45.27209180883));
#1463 = CARTESIAN_POINT('',(65.507461028463,77.369429633104,
    -46.242202729));
#1464 = CARTESIAN_POINT('',(65.155454112663,78.019493180967,
    -47.13000068975));
#1465 = CARTESIAN_POINT('',(64.783872657613,78.656265997686,
    -48.01963491911));
#1466 = CARTESIAN_POINT('',(64.392967334565,79.279844818471,
    -48.91038243568));
#1467 = CARTESIAN_POINT('',(63.98298143527,79.89033993775,
    -49.80154111577));
#1468 = CARTESIAN_POINT('',(63.55414981134,80.487873668569,
    -50.6924303031));
#1469 = CARTESIAN_POINT('',(61.967000433487,82.561871029363,
    -53.84919601696));
#1470 = CARTESIAN_POINT('',(60.706593812056,83.967815794173,
    -56.10979477917));
#1471 = CARTESIAN_POINT('',(59.329108102818,85.292791622893,
    -58.35355271619));
#1472 = CARTESIAN_POINT('',(57.837964981103,86.539209283558,
    -60.57020181316));
#1473 = CARTESIAN_POINT('',(56.236487017013,87.709556465358,
    -62.7498855636));
#1474 = CARTESIAN_POINT('',(54.527907530483,88.806385609025,
    -64.88316917688));
#1475 = CARTESIAN_POINT('',(50.736182844746,90.952319138345,
    -69.22969100145));
#1476 = CARTESIAN_POINT('',(48.633311875456,91.987641356933,
    -71.43197739891));
#1477 = CARTESIAN_POINT('',(46.410775839487,92.941530250827,
    -73.55605994508));
#1478 = CARTESIAN_POINT('',(44.073070259428,93.816975944727,
    -75.59000815798));
#1479 = CARTESIAN_POINT('',(41.625307587472,94.616811237183,
    -77.52195876685));
#1480 = CARTESIAN_POINT('',(39.073351516444,95.343684679329,
    -79.34028130665));
#1481 = CARTESIAN_POINT('',(36.423996191358,96.,-81.03381118158));
#1482 = ORIENTED_EDGE('',*,*,#1483,.T.);
#1483 = EDGE_CURVE('',#1080,#1484,#1486,.T.);
#1484 = VERTEX_POINT('',#1485);
#1485 = CARTESIAN_POINT('',(71.704660602916,96.,-36.34315138462));
#1486 = ( BOUNDED_CURVE() B_SPLINE_CURVE(2,(#1487,#1488,#1489,#1490,
#1491),.UNSPECIFIED.,.F.,.F.) B_SPLINE_CURVE_WITH_KNOTS((3,2,3),(
    4.712388980385,6.28318530718,7.853981633974),
.PIECEWISE_BEZIER_KNOTS.) CURVE() GEOMETRIC_REPRESENTATION_ITEM() 
RATIONAL_B_SPLINE_CURVE((1.,0.707106781187,1.,0.707106781187,1.)) 
REPRESENTATION_ITEM('') );
#1487 = CARTESIAN_POINT('',(-1.47E-14,96.,-92.));
#1488 = CARTESIAN_POINT('',(80.,96.,-92.));
#1489 = CARTESIAN_POINT('',(80.,96.,8.));
#1490 = CARTESIAN_POINT('',(80.,96.,108.));
#1491 = CARTESIAN_POINT('',(2.449E-14,96.,108.));
#1492 = ORIENTED_EDGE('',*,*,#1493,.T.);
#1493 = EDGE_CURVE('',#1484,#1494,#1496,.T.);
#1494 = VERTEX_POINT('',#1495);
#1495 = CARTESIAN_POINT('',(79.999881443877,96.,8.172159835));
#1496 = B_SPLINE_CURVE_WITH_KNOTS('',8,(#1497,#1498,#1499,#1500,#1501,
    #1502,#1503,#1504,#1505,#1506,#1507,#1508,#1509,#1510,#1511,#1512,
    #1513,#1514,#1515,#1516,#1517,#1518,#1519,#1520,#1521,#1522,#1523,
    #1524,#1525,#1526,#1527,#1528,#1529,#1530,#1531,#1532,#1533,#1534,
    #1535,#1536,#1537,#1538,#1539,#1540,#1541,#1542,#1543,#1544,#1545,
    #1546,#1547,#1548,#1549,#1550,#1551,#1552,#1553,#1554,#1555,#1556,
    #1557,#1558,#1559,#1560,#1561,#1562,#1563,#1564,#1565,#1566,#1567,
    #1568,#1569,#1570,#1571,#1572,#1573,#1574,#1575,#1576,#1577,#1578,
    #1579,#1580,#1581,#1582),.UNSPECIFIED.,.F.,.F.,(9,7,7,7,7,7,7,7,7,7,
    7,7,9),(0.,0.131119900232,0.157538835348,0.239513784539,
    0.327646120551,0.388935146023,0.411494091437,0.430707059448,
    0.58074373811,0.83237523636,0.909213598541,0.954412151433,1.),
  .UNSPECIFIED.);
#1497 = CARTESIAN_POINT('',(71.704660602916,96.,-36.34315138462));
#1498 = CARTESIAN_POINT('',(71.902691132098,95.371165002217,
    -35.84280245524));
#1499 = CARTESIAN_POINT('',(72.1086570574,94.775606079086,
    -35.30397362495));
#1500 = CARTESIAN_POINT('',(72.320757568632,94.213689454428,
    -34.73118313426));
#1501 = CARTESIAN_POINT('',(72.537349842278,93.68524574897,
    -34.12864689174));
#1502 = CARTESIAN_POINT('',(72.75698612747,93.189695861551,
    -33.50018201276));
#1503 = CARTESIAN_POINT('',(72.978436813036,92.72616138109,
    -32.84912031972));
#1504 = CARTESIAN_POINT('',(73.200699475612,92.293559529352,
    -32.17823180367));
#1505 = CARTESIAN_POINT('',(73.467783321214,91.809508295901,
    -31.35091946283));
#1506 = CARTESIAN_POINT('',(73.512571059408,91.729546026462,
    -31.21147215886));
#1507 = CARTESIAN_POINT('',(73.557354334917,91.650779722614,
    -31.07132236833));
#1508 = CARTESIAN_POINT('',(73.602114556596,91.573220714375,
    -30.93052639567));
#1509 = CARTESIAN_POINT('',(73.646866053051,91.496823944153,
    -30.7890369838));
#1510 = CARTESIAN_POINT('',(73.691581675673,91.42161675927,
    -30.64693739131));
#1511 = CARTESIAN_POINT('',(73.73626902589,91.347566273741,
    -30.50420195889));
#1512 = CARTESIAN_POINT('',(73.919450875046,91.048498673594,
    -29.91611346899));
#1513 = CARTESIAN_POINT('',(74.057609501299,90.833455647104,
    -29.46554874422));
#1514 = CARTESIAN_POINT('',(74.195219894814,90.629272041178,
    -29.00966144655));
#1515 = CARTESIAN_POINT('',(74.332126145402,90.435681515635,
    -28.54890247522));
#1516 = CARTESIAN_POINT('',(74.468187931202,90.252424739987,
    -28.08368447334));
#1517 = CARTESIAN_POINT('',(74.603279935832,90.079249594387,
    -27.61438165035));
#1518 = CARTESIAN_POINT('',(74.737291265557,89.91591137058,
    -27.14132960458));
#1519 = CARTESIAN_POINT('',(75.01293598373,89.596887019044,
    -26.15252892334));
#1520 = CARTESIAN_POINT('',(75.154381250355,89.442702388006,
    -25.63625840524));
#1521 = CARTESIAN_POINT('',(75.294338993661,89.299326188816,
    -25.1163860542));
#1522 = CARTESIAN_POINT('',(75.432699463974,89.166482702199,
    -24.5932560541));
#1523 = CARTESIAN_POINT('',(75.569364270582,89.043912549138,
    -24.06718440809));
#1524 = CARTESIAN_POINT('',(75.704245817706,88.931371859491,
    -23.53845903681));
#1525 = CARTESIAN_POINT('',(75.837266740478,88.82863144061,
    -23.00733987662));
#1526 = CARTESIAN_POINT('',(76.059523835922,88.670693857049,
    -22.10320453608));
#1527 = CARTESIAN_POINT('',(76.149754751049,88.610547762642,
    -21.73130841872));
#1528 = CARTESIAN_POINT('',(76.239028946713,88.554965999888,
    -21.35845063073));
#1529 = CARTESIAN_POINT('',(76.327324756768,88.503880433847,
    -20.98470747044));
#1530 = CARTESIAN_POINT('',(76.414621988511,88.457226457483,
    -20.61015152954));
#1531 = CARTESIAN_POINT('',(76.50090192268,88.414942991662,
    -20.23485169303));
#1532 = CARTESIAN_POINT('',(76.586147313451,88.37697248515,
    -19.85887313922));
#1533 = CARTESIAN_POINT('',(76.70133245106,88.330852620079,
    -19.34366190597));
#1534 = CARTESIAN_POINT('',(76.731992351406,88.319096153732,
    -19.20580331017));
#1535 = CARTESIAN_POINT('',(76.762509149971,88.307903341124,
    -19.06787924752));
#1536 = CARTESIAN_POINT('',(76.792954758591,88.297248590591,
    -18.92955894557));
#1537 = CARTESIAN_POINT('',(76.823290369652,88.287151620776,
    -18.79100547027));
#1538 = CARTESIAN_POINT('',(76.853370885302,88.277660188128,
    -18.65287803192));
#1539 = CARTESIAN_POINT('',(76.882949346648,88.26883281441,
    -18.51633429115));
#1540 = CARTESIAN_POINT('',(76.936151780726,88.253813429125,
    -18.26950252743));
#1541 = CARTESIAN_POINT('',(76.960524591952,88.247279428768,
    -18.15592797158));
#1542 = CARTESIAN_POINT('',(76.984799093657,88.241118289989,
    -18.04231206827));
#1543 = CARTESIAN_POINT('',(77.008975102075,88.23532868957,
    -17.92865547428));
#1544 = CARTESIAN_POINT('',(77.033052440228,88.229909336702,
    -17.81495882638));
#1545 = CARTESIAN_POINT('',(77.057030725968,88.224859025699,
    -17.70122373423));
#1546 = CARTESIAN_POINT('',(77.0809094605,88.220176608924,
    -17.58745237208));
#1547 = CARTESIAN_POINT('',(77.290381520499,88.18215887465,
    -16.5849136566));
#1548 = CARTESIAN_POINT('',(77.469982150883,88.170820684214,
    -15.6940632832));
#1549 = CARTESIAN_POINT('',(77.643335400199,88.181289629452,
    -14.8017561102));
#1550 = CARTESIAN_POINT('',(77.810303821124,88.213114484421,
    -13.90863282694));
#1551 = CARTESIAN_POINT('',(77.970767737227,88.265937744075,
    -13.01531294459));
#1552 = CARTESIAN_POINT('',(78.124624754602,88.33949205111,
    -12.12239471251));
#1553 = CARTESIAN_POINT('',(78.271788475263,88.433604791988,
    -11.23045525743));
#1554 = CARTESIAN_POINT('',(78.647652463051,88.74042040545,
    -8.846724280546));
#1555 = CARTESIAN_POINT('',(78.863991668301,88.99019530961,
    -7.358325742894));
#1556 = CARTESIAN_POINT('',(79.060976168165,89.297212847476,
    -5.876923710421));
#1557 = CARTESIAN_POINT('',(79.238308252778,89.662020799257,
    -4.405320263006));
#1558 = CARTESIAN_POINT('',(79.395696548981,90.085856317755,
    -2.947015701136));
#1559 = CARTESIAN_POINT('',(79.532889315804,90.570853899694,
    -1.506278182672));
#1560 = CARTESIAN_POINT('',(79.649713159645,91.120118248929,
    -8.817199765087E-02));
#1561 = CARTESIAN_POINT('',(79.775397054202,91.928057786986,
    1.725265319206));
#1562 = CARTESIAN_POINT('',(79.802878115604,92.123524529138,
    2.146719479589));
#1563 = CARTESIAN_POINT('',(79.828433673214,92.325599195512,
    2.565213657795));
#1564 = CARTESIAN_POINT('',(79.852057693473,92.534431916624,
    2.980521446121));
#1565 = CARTESIAN_POINT('',(79.873743928051,92.750184029197,
    3.392388918751));
#1566 = CARTESIAN_POINT('',(79.893486160438,92.973030286147,
    3.800533451138));
#1567 = CARTESIAN_POINT('',(79.911278452543,93.203161066565,
    4.20464253939));
#1568 = CARTESIAN_POINT('',(79.936431108806,93.58056159672,
    4.839505466025));
#1569 = CARTESIAN_POINT('',(79.945070168331,93.722929955166,
    5.073120118153));
#1570 = CARTESIAN_POINT('',(79.953031359329,93.867931327188,
    5.305146022315));
#1571 = CARTESIAN_POINT('',(79.960313518579,94.015608768722,
    5.53550668244));
#1572 = CARTESIAN_POINT('',(79.966915530167,94.166006725487,
    5.764119660108));
#1573 = CARTESIAN_POINT('',(79.972836325489,94.319171032985,
    5.990896574553));
#1574 = CARTESIAN_POINT('',(79.978074883249,94.475148916504,
    6.215743102659));
#1575 = CARTESIAN_POINT('',(79.987224827397,94.794197265469,
    6.663293893533));
#1576 = CARTESIAN_POINT('',(79.99112440425,94.957316442393,
    6.885961284621));
#1577 = CARTESIAN_POINT('',(79.994328036721,95.123396906069,
    7.106458179427));
#1578 = CARTESIAN_POINT('',(79.996834845425,95.292489214019,
    7.324672722325));
#1579 = CARTESIAN_POINT('',(79.998644068437,95.464644242936,
    7.540484277737));
#1580 = CARTESIAN_POINT('',(79.999755119814,95.639913180305,
    7.753763276655));
#1581 = CARTESIAN_POINT('',(80.000167627347,95.818347617496,
    7.96437104287));
#1582 = CARTESIAN_POINT('',(79.999881443877,96.,8.172159835));
#1583 = ORIENTED_EDGE('',*,*,#1584,.T.);
#1584 = EDGE_CURVE('',#1494,#1585,#1587,.T.);
#1585 = VERTEX_POINT('',#1586);
#1586 = CARTESIAN_POINT('',(5.E-15,96.,108.));
#1587 = ( BOUNDED_CURVE() B_SPLINE_CURVE(2,(#1588,#1589,#1590,#1591,
#1592),.UNSPECIFIED.,.F.,.F.) B_SPLINE_CURVE_WITH_KNOTS((3,2,3),(
    4.712388980385,6.28318530718,7.853981633974),
.PIECEWISE_BEZIER_KNOTS.) CURVE() GEOMETRIC_REPRESENTATION_ITEM() 
RATIONAL_B_SPLINE_CURVE((1.,0.707106781187,1.,0.707106781187,1.)) 
REPRESENTATION_ITEM('') );
#1588 = CARTESIAN_POINT('',(-1.47E-14,96.,-92.));
#1589 = CARTESIAN_POINT('',(80.,96.,-92.));
#1590 = CARTESIAN_POINT('',(80.,96.,8.));
#1591 = CARTESIAN_POINT('',(80.,96.,108.));
#1592 = CARTESIAN_POINT('',(2.449E-14,96.,108.));
#1593 = ORIENTED_EDGE('',*,*,#1584,.F.);
#1594 = ORIENTED_EDGE('',*,*,#1595,.T.);
#1595 = EDGE_CURVE('',#1494,#1596,#1598,.T.);
#1596 = VERTEX_POINT('',#1597);
#1597 = CARTESIAN_POINT('',(79.569657113529,105.,12.965050486267));
#1598 = B_SPLINE_CURVE_WITH_KNOTS('',8,(#1599,#1600,#1601,#1602,#1603,
    #1604,#1605,#1606,#1607,#1608,#1609,#1610,#1611,#1612,#1613,#1614,
    #1615,#1616,#1617,#1618,#1619,#1620,#1621,#1622,#1623,#1624,#1625,
    #1626,#1627,#1628,#1629,#1630,#1631,#1632,#1633,#1634,#1635,#1636,
    #1637,#1638,#1639,#1640,#1641,#1642),.UNSPECIFIED.,.F.,.F.,(9,7,7,7,
    7,7,9),(0.,0.364431236783,0.671242943405,0.780650807486,
    0.888374739491,0.924483952869,1.),.UNSPECIFIED.);
#1599 = CARTESIAN_POINT('',(79.999881443877,96.,8.172159834999));
#1600 = CARTESIAN_POINT('',(79.9993665693,96.326812119418,8.545994163184
    ));
#1601 = CARTESIAN_POINT('',(79.996590240471,96.664000977538,
    8.910659351536));
#1602 = CARTESIAN_POINT('',(79.991552494246,97.011901947181,
    9.265338213133));
#1603 = CARTESIAN_POINT('',(79.984254452526,97.370806419282,
    9.609046319104));
#1604 = CARTESIAN_POINT('',(79.974702042799,97.740951898435,
    9.940642357853));
#1605 = CARTESIAN_POINT('',(79.962908637397,98.12251210013,
    10.25883885183));
#1606 = CARTESIAN_POINT('',(79.948896500757,98.515584209025,
    10.5622154741));
#1607 = CARTESIAN_POINT('',(79.919058649317,99.260788347908,
    11.09087847274));
#1608 = CARTESIAN_POINT('',(79.903872528189,99.609503094124,
    11.320882288958));
#1609 = CARTESIAN_POINT('',(79.887157896275,99.966319405818,
    11.53834608718));
#1610 = CARTESIAN_POINT('',(79.868941404874,100.33112241998,
    11.742259861924));
#1611 = CARTESIAN_POINT('',(79.849259129248,100.70366692571,
    11.931536993947));
#1612 = CARTESIAN_POINT('',(79.828159918446,101.08353677854,
    12.105053792192));
#1613 = CARTESIAN_POINT('',(79.80570504576,101.47013684713,
    12.261697426029));
#1614 = CARTESIAN_POINT('',(79.773516232164,102.00249959452,
    12.449918750406));
#1615 = CARTESIAN_POINT('',(79.764894481412,102.14315666106,
    12.497111440696));
#1616 = CARTESIAN_POINT('',(79.756115451582,102.28450104933,
    12.541978531216));
#1617 = CARTESIAN_POINT('',(79.747183665281,102.42648038407,
    12.584473469243));
#1618 = CARTESIAN_POINT('',(79.738105005613,102.56902161087,
    12.624547487468));
#1619 = CARTESIAN_POINT('',(79.728887050935,102.71202761239,
    12.662152082524));
#1620 = CARTESIAN_POINT('',(79.719539616766,102.85537111991,
    12.697241897542));
#1621 = CARTESIAN_POINT('',(79.700757059233,103.14019183278,
    12.76181336462));
#1622 = CARTESIAN_POINT('',(79.691342260825,103.28140963528,
    12.791315379457));
#1623 = CARTESIAN_POINT('',(79.681826851632,103.42264060532,
    12.818322186254));
#1624 = CARTESIAN_POINT('',(79.67222452919,103.5637026494,
    12.842794867461));
#1625 = CARTESIAN_POINT('',(79.662571140657,103.70409757264,
    12.864659763752));
#1626 = CARTESIAN_POINT('',(79.652926802893,103.84300058753,
    12.883844188742));
#1627 = CARTESIAN_POINT('',(79.643384380555,103.97917741449,
    12.900341416149));
#1628 = CARTESIAN_POINT('',(79.630922057404,104.15552420419,
    12.918905453047));
#1629 = CARTESIAN_POINT('',(79.627818573492,104.199310791,12.92327201994
    ));
#1630 = CARTESIAN_POINT('',(79.624745484153,104.24254364277,
    12.927346721695));
#1631 = CARTESIAN_POINT('',(79.621708190092,104.28515273559,
    12.931133665487));
#1632 = CARTESIAN_POINT('',(79.618712079638,104.32706914819,
    12.93463894428));
#1633 = CARTESIAN_POINT('',(79.61576233565,104.36822761014,
    12.937870554907));
#1634 = CARTESIAN_POINT('',(79.612863742416,104.40856905011,
    12.940838316158));
#1635 = CARTESIAN_POINT('',(79.604074336447,104.53059624637,
    12.949232692737));
#1636 = CARTESIAN_POINT('',(79.598365319922,104.6094238694,
    12.953812415473));
#1637 = CARTESIAN_POINT('',(79.592937774563,104.68398100933,
    12.957389557222));
#1638 = CARTESIAN_POINT('',(79.587801349201,104.75421386772,
    12.960115285134));
#1639 = CARTESIAN_POINT('',(79.58293946771,104.82041921182,
    12.962139647987));
#1640 = CARTESIAN_POINT('',(79.578319127836,104.88309863201,
    12.963582020628));
#1641 = CARTESIAN_POINT('',(79.573902041067,104.94280769599,
    12.964527676214));
#1642 = CARTESIAN_POINT('',(79.569657113529,105.,12.965050486267));
#1643 = ORIENTED_EDGE('',*,*,#1644,.T.);
#1644 = EDGE_CURVE('',#1596,#1484,#1645,.T.);
#1645 = B_SPLINE_CURVE_WITH_KNOTS('',8,(#1646,#1647,#1648,#1649,#1650,
    #1651,#1652,#1653,#1654,#1655,#1656,#1657,#1658,#1659,#1660,#1661,
    #1662,#1663,#1664,#1665,#1666,#1667,#1668,#1669,#1670,#1671,#1672,
    #1673,#1674,#1675,#1676,#1677,#1678,#1679,#1680,#1681,#1682,#1683,
    #1684,#1685,#1686,#1687,#1688,#1689,#1690,#1691,#1692,#1693,#1694,
    #1695,#1696,#1697,#1698,#1699,#1700,#1701,#1702,#1703,#1704,#1705,
    #1706,#1707,#1708,#1709,#1710,#1711,#1712,#1713,#1714,#1715,#1716,
    #1717,#1718,#1719,#1720,#1721,#1722,#1723,#1724,#1725,#1726,#1727,
    #1728,#1729,#1730,#1731,#1732,#1733,#1734,#1735,#1736,#1737,#1738,
    #1739,#1740,#1741,#1742,#1743,#1744,#1745,#1746,#1747,#1748,#1749,
    #1750,#1751,#1752,#1753,#1754,#1755,#1756,#1757,#1758,#1759,#1760,
    #1761,#1762,#1763,#1764,#1765,#1766,#1767,#1768,#1769,#1770,#1771,
    #1772,#1773,#1774,#1775,#1776,#1777,#1778,#1779,#1780,#1781,#1782,
    #1783,#1784,#1785,#1786,#1787,#1788,#1789,#1790,#1791,#1792,#1793,
    #1794,#1795,#1796,#1797,#1798,#1799,#1800,#1801),.UNSPECIFIED.,.F.,
  .F.,(9,7,7,7,7,7,7,7,7,7,7,7,7,7,7,7,7,7,7,7,7,7,9),(0.,
    1.146830856665E-02,2.144607072943E-02,4.554344282951E-02,
    6.84008307793E-02,0.132893544158,0.146333307179,0.190464787716,
    0.242068613359,0.41585153223,0.49043605404,0.508962444076,
    0.522170752701,0.563890216783,0.590550180408,0.603383421405,
    0.617551315821,0.683828604499,0.761413999065,0.817366269097,
    0.862367263086,0.899614154538,1.),.UNSPECIFIED.);
#1646 = CARTESIAN_POINT('',(79.569657113529,105.,12.965050486267));
#1647 = CARTESIAN_POINT('',(79.563770087238,105.07931523696,
    12.965773182085));
#1648 = CARTESIAN_POINT('',(79.557695016474,105.1607806166,
    12.965738808676));
#1649 = CARTESIAN_POINT('',(79.551320666215,105.24585776722,
    12.964885039665));
#1650 = CARTESIAN_POINT('',(79.544545413684,105.33583995692,
    12.963070323954));
#1651 = CARTESIAN_POINT('',(79.53724110823,105.43233534974,
    12.960069542576));
#1652 = CARTESIAN_POINT('',(79.529296340459,105.53665671487,
    12.955514946582));
#1653 = CARTESIAN_POINT('',(79.520689975067,105.64886285989,
    12.948955461128));
#1654 = CARTESIAN_POINT('',(79.503590101536,105.87015124543,
    12.932596283936));
#1655 = CARTESIAN_POINT('',(79.495922158695,105.96875190103,
    12.923992885738));
#1656 = CARTESIAN_POINT('',(79.488521058139,106.06335887047,
    12.914562742547));
#1657 = CARTESIAN_POINT('',(79.481341109281,106.15463656022,
    12.904414500362));
#1658 = CARTESIAN_POINT('',(79.474310482923,106.24355391935,
    12.893563331163));
#1659 = CARTESIAN_POINT('',(79.467336867106,106.3313065569,
    12.881927673178));
#1660 = CARTESIAN_POINT('',(79.46031082573,106.41926811057,
    12.869324100299));
#1661 = CARTESIAN_POINT('',(79.435676686138,106.72597849394,
    12.821857364672));
#1662 = CARTESIAN_POINT('',(79.41783571782,106.94529204358,
    12.782027300088));
#1663 = CARTESIAN_POINT('',(79.3996989501,107.1652931256,12.735943809123
    ));
#1664 = CARTESIAN_POINT('',(79.381347779433,107.38489161594,
    12.68376843381));
#1665 = CARTESIAN_POINT('',(79.362832975955,107.60341836646,
    12.625708084173));
#1666 = CARTESIAN_POINT('',(79.344183626762,107.82048566274,
    12.561966664527));
#1667 = CARTESIAN_POINT('',(79.325406696103,108.03596722428,
    12.492693011983));
#1668 = CARTESIAN_POINT('',(79.288544600855,108.45291680586,
    12.347037434781));
#1669 = CARTESIAN_POINT('',(79.270492075561,108.65432591518,
    12.271277892782));
#1670 = CARTESIAN_POINT('',(79.252340045417,108.85403058737,
    12.190805642923));
#1671 = CARTESIAN_POINT('',(79.234095079806,109.05191388314,
    12.10577006528));
#1672 = CARTESIAN_POINT('',(79.215761999264,109.24788099499,
    12.016324062437));
#1673 = CARTESIAN_POINT('',(79.197344141046,109.44185560099,
    11.92262095574));
#1674 = CARTESIAN_POINT('',(79.178843507284,109.63377766883,
    11.824811840931));
#1675 = CARTESIAN_POINT('',(79.107829192743,110.35919898316,
    11.435901098843));
#1676 = CARTESIAN_POINT('',(79.054761480352,110.87792368355,
    11.117333033824));
#1677 = CARTESIAN_POINT('',(79.00106334503,111.37890496065,
    10.770609408429));
#1678 = CARTESIAN_POINT('',(78.946701670635,111.86177031031,
    10.398902378707));
#1679 = CARTESIAN_POINT('',(78.891624316149,112.32648179851,
    10.005119280982));
#1680 = CARTESIAN_POINT('',(78.835766032999,112.77328011966,
    9.591820730718));
#1681 = CARTESIAN_POINT('',(78.779047238009,113.20262016192,
    9.161150866967));
#1682 = CARTESIAN_POINT('',(78.709346113756,113.70109221388,
    8.621763906834));
#1683 = CARTESIAN_POINT('',(78.697284755734,113.78632003024,
    8.528067878321));
#1684 = CARTESIAN_POINT('',(78.685181553972,113.87081664754,
    8.433711979247));
#1685 = CARTESIAN_POINT('',(78.673035792369,113.95458659958,
    8.338712446462));
#1686 = CARTESIAN_POINT('',(78.660846757775,114.03763449749,
    8.243085005171));
#1687 = CARTESIAN_POINT('',(78.648613739986,114.1199650297,
    8.146844868935));
#1688 = CARTESIAN_POINT('',(78.636336031744,114.20158296199,
    8.050006739666));
#1689 = CARTESIAN_POINT('',(78.583548157423,114.5481737543,
    7.632685181985));
#1690 = CARTESIAN_POINT('',(78.542594992112,114.80621648034,
    7.306499363507));
#1691 = CARTESIAN_POINT('',(78.501127039987,115.05680121101,
    6.97451902021));
#1692 = CARTESIAN_POINT('',(78.459120121665,115.30010208629,
    6.637192505827));
#1693 = CARTESIAN_POINT('',(78.416551766725,115.53628847988,
    6.294925675413));
#1694 = CARTESIAN_POINT('',(78.373400709215,115.76552598842,
    5.948082700933));
#1695 = CARTESIAN_POINT('',(78.329646383175,115.98797742073,
    5.596986886865));
#1696 = CARTESIAN_POINT('',(78.233376363464,116.45617360372,
    4.826736217118));
#1697 = CARTESIAN_POINT('',(78.180634019554,116.69947316156,
    4.406143076808));
#1698 = CARTESIAN_POINT('',(78.127009399277,116.93395608597,
    3.980598574819));
#1699 = CARTESIAN_POINT('',(78.072474659208,117.15985462329,
    3.55051604233));
#1700 = CARTESIAN_POINT('',(78.017005299077,117.37738247026,
    3.116267239534));
#1701 = CARTESIAN_POINT('',(77.960579361215,117.58673760353,
    2.678183963417));
#1702 = CARTESIAN_POINT('',(77.903176629995,117.78810510929,
    2.236559655548));
#1703 = CARTESIAN_POINT('',(77.648111934437,118.63348170402,
    0.293360117057));
#1704 = CARTESIAN_POINT('',(77.44029628556,119.19621000543,
    -1.241062817813));
#1705 = CARTESIAN_POINT('',(77.220458195433,119.67725244655,
    -2.803017760879));
#1706 = CARTESIAN_POINT('',(76.988231312188,120.08062271698,
    -4.3856302229));
#1707 = CARTESIAN_POINT('',(76.743556650457,120.4092020119,
    -5.983116779514));
#1708 = CARTESIAN_POINT('',(76.486616063571,120.66469926729,
    -7.590781663132));
#1709 = CARTESIAN_POINT('',(76.217730827591,120.84799779262,
    -9.204902310243));
#1710 = CARTESIAN_POINT('',(75.816929934663,121.00635289807,
    -11.51716404167));
#1711 = CARTESIAN_POINT('',(75.694468421715,121.04054316507,
    -12.21207182928));
#1712 = CARTESIAN_POINT('',(75.569951282338,121.06135074927,
    -12.90722782107));
#1713 = CARTESIAN_POINT('',(75.443434643438,121.06872532197,
    -13.60233682735));
#1714 = CARTESIAN_POINT('',(75.314985119456,121.06258600154,
    -14.29709788552));
#1715 = CARTESIAN_POINT('',(75.184679906016,121.0428220134,
    -14.99120424135));
#1716 = CARTESIAN_POINT('',(75.052606873577,121.00929335006,
    -15.68434333033));
#1717 = CARTESIAN_POINT('',(74.885643824619,120.95004210418,
    -16.54804938963));
#1718 = CARTESIAN_POINT('',(74.852320088912,120.93739308619,
    -16.71982225052));
#1719 = CARTESIAN_POINT('',(74.818894995695,120.9238817895,
    -16.89151031284));
#1720 = CARTESIAN_POINT('',(74.785370138686,120.90950551608,
    -17.06310847934));
#1721 = CARTESIAN_POINT('',(74.751747163582,120.89426145753,
    -17.23461158428));
#1722 = CARTESIAN_POINT('',(74.718027768058,120.8781466951,
    -17.4060143935));
#1723 = CARTESIAN_POINT('',(74.684213701769,120.86115819969,
    -17.57731160435));
#1724 = CARTESIAN_POINT('',(74.626132964691,120.83055578874,
    -17.87054432579));
#1725 = CARTESIAN_POINT('',(74.60136588562,120.817085356,-17.99529139531
    ));
#1726 = CARTESIAN_POINT('',(74.576305329347,120.80300458621,
    -18.12120338567));
#1727 = CARTESIAN_POINT('',(74.551154613961,120.78841432724,
    -18.24725234028));
#1728 = CARTESIAN_POINT('',(74.526020994282,120.77338026863,
    -18.37290605777));
#1729 = CARTESIAN_POINT('',(74.500913095389,120.75791597278,
    -18.49812994102));
#1730 = CARTESIAN_POINT('',(74.475738280106,120.74196510514,
    -18.62338921753));
#1731 = CARTESIAN_POINT('',(74.369963118784,120.67301995902,
    -19.1484049368));
#1732 = CARTESIAN_POINT('',(74.289160645801,120.61577943592,
    -19.54643722551));
#1733 = CARTESIAN_POINT('',(74.207920873184,120.55361898833,
    -19.94366297429));
#1734 = CARTESIAN_POINT('',(74.126271337791,120.48648979568,
    -20.34000643353));
#1735 = CARTESIAN_POINT('',(74.044241690932,120.4143397373,
    -20.73538809236));
#1736 = CARTESIAN_POINT('',(73.961863698368,120.33711339242,
    -21.12972467864));
#1737 = CARTESIAN_POINT('',(73.879171240313,120.25475204022,
    -21.52292915894));
#1738 = CARTESIAN_POINT('',(73.743179469707,120.11124125107,
    -22.16539848525));
#1739 = CARTESIAN_POINT('',(73.690045055898,120.05316660186,
    -22.41538644228));
#1740 = CARTESIAN_POINT('',(73.636806511201,119.99295352339,
    -22.66485077488));
#1741 = CARTESIAN_POINT('',(73.583473738674,119.93058528904,
    -22.91376671465));
#1742 = CARTESIAN_POINT('',(73.530057103237,119.86604463434,
    -23.16210855961));
#1743 = CARTESIAN_POINT('',(73.47656743167,119.79931375689,
    -23.40984967413));
#1744 = CARTESIAN_POINT('',(73.423016012615,119.73037431645,
    -23.65696248902));
#1745 = CARTESIAN_POINT('',(73.343612618176,119.62495000666,
    -24.02205442504));
#1746 = CARTESIAN_POINT('',(73.317694846041,119.59003807304,
    -24.14101731483));
#1747 = CARTESIAN_POINT('',(73.291684404226,119.55449141748,
    -24.26020081262));
#1748 = CARTESIAN_POINT('',(73.265602931017,119.51832998342,
    -24.37950650551));
#1749 = CARTESIAN_POINT('',(73.23947069502,119.48157387758,
    -24.49884327009));
#1750 = CARTESIAN_POINT('',(73.213306711269,119.44424337311,
    -24.61812661681));
#1751 = CARTESIAN_POINT('',(73.187128857324,119.40635891279,
    -24.73727803415));
#1752 = CARTESIAN_POINT('',(73.132056942784,119.32552786595,
    -24.98754101122));
#1753 = CARTESIAN_POINT('',(73.103243830636,119.28258248541,
    -25.11824282443));
#1754 = CARTESIAN_POINT('',(73.074338713764,119.23884739476,
    -25.24913610828));
#1755 = CARTESIAN_POINT('',(73.045258653236,119.19417949928,
    -25.38059669886));
#1756 = CARTESIAN_POINT('',(73.016013801798,119.14856680939,
    -25.51257627701));
#1757 = CARTESIAN_POINT('',(72.986707589869,119.1021479858,
    -25.64460818348));
#1758 = CARTESIAN_POINT('',(72.957536712987,119.05523284283,
    -25.77581336106));
#1759 = CARTESIAN_POINT('',(72.794316683877,118.7888725949,
    -26.50880638414));
#1760 = CARTESIAN_POINT('',(72.660041877708,118.55466760541,
    -27.10735141897));
#1761 = CARTESIAN_POINT('',(72.5261915439,118.30535994808,
    -27.70002185613));
#1762 = CARTESIAN_POINT('',(72.393022120753,118.0405886109,
    -28.2862143755));
#1763 = CARTESIAN_POINT('',(72.260822376963,117.75998310993,
    -28.86524505281));
#1764 = CARTESIAN_POINT('',(72.129914898386,117.46316480373,
    -29.43635023428));
#1765 = CARTESIAN_POINT('',(72.000657834684,117.1497449126,
    -29.99868589792));
#1766 = CARTESIAN_POINT('',(71.724531491987,116.43251697855,
    -31.19825543781));
#1767 = CARTESIAN_POINT('',(71.578446970086,116.02248047263,
    -31.83178122799));
#1768 = CARTESIAN_POINT('',(71.435809423289,115.58853168512,
    -32.45049899084));
#1769 = CARTESIAN_POINT('',(71.297346360714,115.13004944227,
    -33.05266999216));
#1770 = CARTESIAN_POINT('',(71.163895563325,114.64650455287,
    -33.63624800051));
#1771 = CARTESIAN_POINT('',(71.03640150634,114.13748940422,
    -34.19890180954));
#1772 = CARTESIAN_POINT('',(70.915909358198,113.6027420378,
    -34.73803292686));
#1773 = CARTESIAN_POINT('',(70.722531094569,112.63789299074,
    -35.62057230745));
#1774 = CARTESIAN_POINT('',(70.645751308634,112.22025035507,
    -35.976581301));
#1775 = CARTESIAN_POINT('',(70.573646199602,111.78922811564,
    -36.31773197517));
#1776 = CARTESIAN_POINT('',(70.506679803459,111.34492912792,
    -36.64282209034));
#1777 = CARTESIAN_POINT('',(70.445344092554,110.88758344689,
    -36.95055155271));
#1778 = CARTESIAN_POINT('',(70.390148064311,110.41756842723,
    -37.23954936722));
#1779 = CARTESIAN_POINT('',(70.341603016918,109.93543326183,
    -37.508406593));
#1780 = CARTESIAN_POINT('',(70.266907828096,109.0450141551,
    -37.95461946261));
#1781 = CARTESIAN_POINT('',(70.238233955155,108.640745363,
    -38.13958540486));
#1782 = CARTESIAN_POINT('',(70.214442012691,108.22953727214,
    -38.30986799615));
#1783 = CARTESIAN_POINT('',(70.195782174331,107.81189018638,
    -38.46473156858));
#1784 = CARTESIAN_POINT('',(70.18248848732,107.3883943264,
    -38.60346470221));
#1785 = CARTESIAN_POINT('',(70.17477023703,106.95973696123,
    -38.72540032948));
#1786 = CARTESIAN_POINT('',(70.17280135649,106.52671136826,
    -38.82994116034));
#1787 = CARTESIAN_POINT('',(70.179941231411,105.72895425142,
    -38.98830941616));
#1788 = CARTESIAN_POINT('',(70.187200003491,105.36528220404,
    -39.0477767361));
#1789 = CARTESIAN_POINT('',(70.19855638851,104.99973477066,
    -39.09470753069));
#1790 = CARTESIAN_POINT('',(70.214060214825,104.6328533093,
    -39.12887130276));
#1791 = CARTESIAN_POINT('',(70.23373696005,104.26519748097,
    -39.15009694257));
#1792 = CARTESIAN_POINT('',(70.257585763308,103.89734548542,
    -39.15827775534));
#1793 = CARTESIAN_POINT('',(70.285577437486,103.52989429709,
    -39.15337648876));
#1794 = CARTESIAN_POINT('',(70.404099341941,102.17586532256,
    -39.08706349233));
#1795 = CARTESIAN_POINT('',(70.520356514674,101.19393928152,
    -38.94386201136));
#1796 = CARTESIAN_POINT('',(70.665235378909,100.23205406405,
    -38.70612306459));
#1797 = CARTESIAN_POINT('',(70.835963219174,99.30068819755,
    -38.37918746868));
#1798 = CARTESIAN_POINT('',(71.02902855511,98.407501085925,
    -37.97058605824));
#1799 = CARTESIAN_POINT('',(71.240620601719,97.557760626952,
    -37.48905863396));
#1800 = CARTESIAN_POINT('',(71.466983296816,96.754730633364,
    -36.94367287073));
#1801 = CARTESIAN_POINT('',(71.704660602916,96.,-36.34315138462));
#1802 = ORIENTED_EDGE('',*,*,#1483,.F.);
#1803 = FACE_BOUND('',#1804,.T.);
#1804 = EDGE_LOOP('',(#1805));
#1805 = ORIENTED_EDGE('',*,*,#1806,.T.);
#1806 = EDGE_CURVE('',#1807,#1807,#1809,.T.);
#1807 = VERTEX_POINT('',#1808);
#1808 = CARTESIAN_POINT('',(-70.20238347465,105.,-39.08258689019));
#1809 = B_SPLINE_CURVE_WITH_KNOTS('',8,(#1810,#1811,#1812,#1813,#1814,
    #1815,#1816,#1817,#1818,#1819,#1820,#1821,#1822,#1823,#1824,#1825,
    #1826,#1827,#1828,#1829,#1830,#1831,#1832,#1833,#1834,#1835,#1836,
    #1837,#1838,#1839,#1840,#1841,#1842,#1843,#1844,#1845,#1846,#1847,
    #1848,#1849,#1850,#1851,#1852,#1853,#1854,#1855,#1856,#1857,#1858,
    #1859,#1860,#1861,#1862,#1863,#1864,#1865,#1866,#1867,#1868,#1869,
    #1870,#1871,#1872,#1873,#1874,#1875,#1876,#1877,#1878,#1879,#1880,
    #1881,#1882,#1883,#1884,#1885,#1886,#1887,#1888,#1889,#1890,#1891,
    #1892,#1893,#1894,#1895,#1896,#1897,#1898,#1899,#1900,#1901,#1902,
    #1903,#1904,#1905,#1906,#1907,#1908,#1909,#1910,#1911,#1912,#1913,
    #1914,#1915,#1916,#1917,#1918,#1919,#1920,#1921,#1922,#1923,#1924,
    #1925,#1926,#1927,#1928,#1929,#1930,#1931,#1932,#1933,#1934,#1935,
    #1936,#1937,#1938,#1939,#1940,#1941,#1942,#1943,#1944,#1945,#1946,
    #1947,#1948,#1949,#1950,#1951,#1952,#1953,#1954,#1955,#1956,#1957,
    #1958,#1959,#1960,#1961,#1962,#1963,#1964,#1965,#1966,#1967,#1968,
    #1969,#1970,#1971,#1972,#1973,#1974,#1975,#1976,#1977,#1978,#1979,
    #1980,#1981,#1982,#1983,#1984,#1985,#1986,#1987,#1988,#1989,#1990,
    #1991,#1992,#1993,#1994,#1995,#1996,#1997,#1998,#1999,#2000,#2001,
    #2002,#2003,#2004,#2005,#2006,#2007,#2008,#2009,#2010,#2011,#2012,
    #2013,#2014,#2015,#2016,#2017,#2018,#2019,#2020,#2021,#2022,#2023,
    #2024,#2025,#2026,#2027,#2028,#2029,#2030,#2031,#2032,#2033,#2034,
    #2035,#2036,#2037,#2038,#2039,#2040,#2041,#2042,#2043,#2044,#2045,
    #2046,#2047,#2048,#2049,#2050,#2051,#2052,#2053,#2054,#2055,#2056,
    #2057,#2058,#2059,#2060,#2061,#2062,#2063,#2064,#2065,#2066,#2067,
    #2068,#2069,#2070,#2071,#2072,#2073,#2074,#2075,#2076,#2077,#2078,
    #2079,#2080,#2081,#2082,#2083,#2084,#2085,#2086,#2087,#2088,#2089,
    #2090,#2091,#2092,#2093,#2094,#2095,#2096,#2097,#2098,#2099,#2100,
    #2101,#2102,#2103,#2104,#2105,#2106,#2107,#2108,#2109,#2110,#2111,
    #2112,#2113,#2114,#2115,#2116,#2117,#2118,#2119,#2120,#2121,#2122,
    #2123,#2124,#2125,#2126,#2127,#2128,#2129,#2130,#2131,#2132,#2133,
    #2134,#2135,#2136,#2137,#2138,#2139,#2140),.UNSPECIFIED.,.T.,.F.,(9,
    7,7,7,7,7,7,7,7,7,7,7,7,7,7,7,7,7,7,7,7,7,7,7,7,7,7,7,7,7,7,7,7,7,7,
    7,7,7,7,7,7,7,7,7,7,7,7,9),(0.,3.696136512317E-02,6.779569591747E-02
    ,0.112086747239,0.149719913881,0.180112957035,0.200342704815,
    0.207680395817,0.214135368491,0.260688532495,0.347173010202,
    0.374073221358,0.404411808785,0.413150194466,0.437711598682,
    0.457120432054,0.47318471196,0.479110720402,0.479661041677,
    0.481242879197,0.487812482393,0.489387804549,0.491763185733,
    0.493587978062,0.497367720369,0.505230967905,0.505917459636,
    0.510701803234,0.520687481966,0.531139250429,0.565573846301,
    0.57291894844,0.596425329303,0.623899652756,0.715600319722,
    0.755485040953,0.765199094521,0.768875619801,0.772136964489,
    0.783530811721,0.795455754648,0.82562400044,0.863113110937,
    0.907522653552,0.939204740524,0.955047439219,0.98659155795,1.),
  .UNSPECIFIED.);
#1810 = CARTESIAN_POINT('',(-70.20238347465,105.,-39.08258689019));
#1811 = CARTESIAN_POINT('',(-70.17822766468,105.63346482321,
    -39.0153165958));
#1812 = CARTESIAN_POINT('',(-70.16645630172,106.26374133974,
    -38.90974507864));
#1813 = CARTESIAN_POINT('',(-70.16696181087,106.88765600275,
    -38.76673820685));
#1814 = CARTESIAN_POINT('',(-70.17936577258,107.5025418606,
    -38.58777469396));
#1815 = CARTESIAN_POINT('',(-70.20310771786,108.10616945322,
    -38.3747081877));
#1816 = CARTESIAN_POINT('',(-70.2375077769,108.69670307543,
    -38.12961934755));
#1817 = CARTESIAN_POINT('',(-70.28181347043,109.27266966804,
    -37.85471443362));
#1818 = CARTESIAN_POINT('',(-70.37981177789,110.300312386,
    -37.29988242967));
#1819 = CARTESIAN_POINT('',(-70.43073514381,110.75680924265,
    -37.02831790529));
#1820 = CARTESIAN_POINT('',(-70.48756498454,111.20182895336,
    -36.73878350952));
#1821 = CARTESIAN_POINT('',(-70.54984716695,111.63494445011,
    -36.43251813264));
#1822 = CARTESIAN_POINT('',(-70.61713340499,112.05586800634,
    -36.11072017115));
#1823 = CARTESIAN_POINT('',(-70.68899236148,112.46443172967,
    -35.77452257736));
#1824 = CARTESIAN_POINT('',(-70.76501791788,112.86057135232,
    -35.42497218941));
#1825 = CARTESIAN_POINT('',(-70.95948494401,113.79552787883,
    -34.5430882924));
#1826 = CARTESIAN_POINT('',(-71.08193360071,114.32104664851,
    -33.99766967609));
#1827 = CARTESIAN_POINT('',(-71.21107412011,114.82101855203,
    -33.42952162307));
#1828 = CARTESIAN_POINT('',(-71.34589248149,115.29574116814,
    -32.84115750991));
#1829 = CARTESIAN_POINT('',(-71.4854740422,115.74564447143,
    -32.23482943671));
#1830 = CARTESIAN_POINT('',(-71.62900838139,116.17126887881,
    -31.61251279036));
#1831 = CARTESIAN_POINT('',(-71.77579205103,116.57323760206,
    -30.97588589421));
#1832 = CARTESIAN_POINT('',(-72.05220283972,117.27423943091,
    -29.77436942961));
#1833 = CARTESIAN_POINT('',(-72.18107337035,117.57961558372,
    -29.21316339576));
#1834 = CARTESIAN_POINT('',(-72.31146418447,117.86874705937,
    -28.64356767734));
#1835 = CARTESIAN_POINT('',(-72.44303426506,118.14201318127,
    -28.06638551118));
#1836 = CARTESIAN_POINT('',(-72.57547629143,118.39978233412,
    -27.48234436046));
#1837 = CARTESIAN_POINT('',(-72.70851495759,118.64241392064,
    -26.89209655256));
#1838 = CARTESIAN_POINT('',(-72.8419055371,118.87025724217,
    -26.29621853032));
#1839 = CARTESIAN_POINT('',(-73.08327099594,119.25598389534,
    -25.20982522684));
#1840 = CARTESIAN_POINT('',(-73.19119476468,119.41888807497,
    -24.7211108004));
#1841 = CARTESIAN_POINT('',(-73.29908873157,119.57253408989,
    -24.22933660504));
#1842 = CARTESIAN_POINT('',(-73.40684661027,119.71708661228,
    -23.73475660739));
#1843 = CARTESIAN_POINT('',(-73.51437071428,119.85270117639,
    -23.23760762712));
#1844 = CARTESIAN_POINT('',(-73.62157157406,119.97952461623,
    -22.73810939099));
#1845 = CARTESIAN_POINT('',(-73.72836755425,120.0976955033,-22.236464587
    ));
#1846 = CARTESIAN_POINT('',(-73.90544951511,120.28032744718,
    -21.397656685));
#1847 = CARTESIAN_POINT('',(-73.97600187451,120.34953446538,
    -21.06158762611));
#1848 = CARTESIAN_POINT('',(-74.04631954662,120.41500380611,
    -20.72470747514));
#1849 = CARTESIAN_POINT('',(-74.11638165598,120.47677186794,
    -20.38706996157));
#1850 = CARTESIAN_POINT('',(-74.18616845401,120.53487328081,
    -20.04872681102));
#1851 = CARTESIAN_POINT('',(-74.25566131901,120.58934090605,
    -19.70972774523));
#1852 = CARTESIAN_POINT('',(-74.32484275618,120.64020583637,
    -19.37012048204));
#1853 = CARTESIAN_POINT('',(-74.4186708373,120.70465089649,
    -18.90656508959));
#1854 = CARTESIAN_POINT('',(-74.44360213561,120.72133426945,
    -18.78310548515));
#1855 = CARTESIAN_POINT('',(-74.4684895048,120.73754891435,
    -18.65957412267));
#1856 = CARTESIAN_POINT('',(-74.49333217342,120.75329620029,
    -18.53597317756));
#1857 = CARTESIAN_POINT('',(-74.51812938632,120.76857746586,
    -18.41230480011));
#1858 = CARTESIAN_POINT('',(-74.54288040462,120.78339401916,
    -18.28857111549));
#1859 = CARTESIAN_POINT('',(-74.56758450573,120.79774713777,
    -18.16477422372));
#1860 = CARTESIAN_POINT('',(-74.61393130646,120.82385793192,
    -17.9319581964));
#1861 = CARTESIAN_POINT('',(-74.63558478892,120.83572012911,
    -17.82295281428));
#1862 = CARTESIAN_POINT('',(-74.65720115434,120.84722562007,
    -17.71390043444));
#1863 = CARTESIAN_POINT('',(-74.67877963013,120.85837506143,
    -17.60480396404));
#1864 = CARTESIAN_POINT('',(-74.70032007813,120.86916944394,
    -17.49566315533));
#1865 = CARTESIAN_POINT('',(-74.72182178475,120.87960941084,
    -17.38648068424));
#1866 = CARTESIAN_POINT('',(-74.74328445421,120.88969581761,
    -17.27725715957));
#1867 = CARTESIAN_POINT('',(-74.9192109193,120.96962771105,
    -16.37999164973));
#1868 = CARTESIAN_POINT('',(-75.0716559481,121.02147299018,
    -15.58995002706));
#1869 = CARTESIAN_POINT('',(-75.22188299059,121.05525055725,
    -14.79835500645));
#1870 = CARTESIAN_POINT('',(-75.36975161842,121.07119216482,
    -14.00568013826));
#1871 = CARTESIAN_POINT('',(-75.51514008891,121.06948060235,
    -13.21238688388));
#1872 = CARTESIAN_POINT('',(-75.65794496884,121.05025057034,
    -12.41892462234));
#1873 = CARTESIAN_POINT('',(-75.79808095402,121.01358580778,
    -11.62573065805));
#1874 = CARTESIAN_POINT('',(-76.19073659398,120.85905741883,
    -9.360956809592));
#1875 = CARTESIAN_POINT('',(-76.43645882887,120.6985559023,
    -7.891600153837));
#1876 = CARTESIAN_POINT('',(-76.67231823235,120.47821789589,
    -6.427365590496));
#1877 = CARTESIAN_POINT('',(-76.89805221686,120.19748860651,
    -4.971081742506));
#1878 = CARTESIAN_POINT('',(-77.11350592627,119.85521272749,
    -3.526175795642));
#1879 = CARTESIAN_POINT('',(-77.31868639167,119.44947309369,
    -2.096724686142));
#1880 = CARTESIAN_POINT('',(-77.51380554311,118.97752031251,
    -0.687480634978));
#1881 = CARTESIAN_POINT('',(-77.75710607246,118.26580845563,
    1.12611122617));
#1882 = CARTESIAN_POINT('',(-77.81389728804,118.0901206588,1.55381270971
    ));
#1883 = CARTESIAN_POINT('',(-77.86977061046,117.90746639473,
    1.978753609035));
#1884 = CARTESIAN_POINT('',(-77.924740266,117.71770639845,2.40071768131)
  );
#1885 = CARTESIAN_POINT('',(-77.97882195137,117.52069064309,
    2.819463767867));
#1886 = CARTESIAN_POINT('',(-78.03203336553,117.31625635514,
    3.234724783238));
#1887 = CARTESIAN_POINT('',(-78.08439474152,117.10422602981,
    3.646206704195));
#1888 = CARTESIAN_POINT('',(-78.1940511564,116.63648737091,
    4.513039650195));
#1889 = CARTESIAN_POINT('',(-78.25111787918,116.37867442008,
    4.967247499063));
#1890 = CARTESIAN_POINT('',(-78.30716531803,116.11068003877,
    5.415766535001));
#1891 = CARTESIAN_POINT('',(-78.3622292992,115.83220561523,
    5.858067029147));
#1892 = CARTESIAN_POINT('',(-78.41634748163,115.54294158818,
    6.293534530296));
#1893 = CARTESIAN_POINT('',(-78.46956095559,115.24256519995,
    6.721468079816));
#1894 = CARTESIAN_POINT('',(-78.52191566225,114.93073489556,
    7.141076205363));
#1895 = CARTESIAN_POINT('',(-78.58831093263,114.51385983635,7.6696761025
    ));
#1896 = CARTESIAN_POINT('',(-78.60309107258,114.4196588855,
    7.787115292517));
#1897 = CARTESIAN_POINT('',(-78.61780521921,114.32447024598,
    7.903766420931));
#1898 = CARTESIAN_POINT('',(-78.63245453206,114.22828579867,
    8.019606607326));
#1899 = CARTESIAN_POINT('',(-78.64704018934,114.13109744027,
    8.134612098745));
#1900 = CARTESIAN_POINT('',(-78.66156337928,114.03289716415,
    8.248758178383));
#1901 = CARTESIAN_POINT('',(-78.67602529202,113.9336771345,8.36201908058
    ));
#1902 = CARTESIAN_POINT('',(-78.73090713401,113.55165872336,
    8.790153210314));
#1903 = CARTESIAN_POINT('',(-78.77091032639,113.26178581847,
    9.098716809535));
#1904 = CARTESIAN_POINT('',(-78.81046664645,112.96361934267,
    9.399490436145));
#1905 = CARTESIAN_POINT('',(-78.84960316177,112.65699575138,
    9.691815681404));
#1906 = CARTESIAN_POINT('',(-78.88834509738,112.34178398366,
    9.97494908958));
#1907 = CARTESIAN_POINT('',(-78.92671617472,112.01789130554,
    10.248068216285));
#1908 = CARTESIAN_POINT('',(-78.96473827575,111.68527044305,
    10.510278919989));
#1909 = CARTESIAN_POINT('',(-79.03221540436,111.07419349827,
    10.958450691098));
#1910 = CARTESIAN_POINT('',(-79.06179194071,110.79903460777,
    11.148852107538));
#1911 = CARTESIAN_POINT('',(-79.09116931389,110.518457772,
    11.331356964121));
#1912 = CARTESIAN_POINT('',(-79.12035318606,110.23251292024,
    11.505453469756));
#1913 = CARTESIAN_POINT('',(-79.14934542761,109.94130076464,
    11.670598483093));
#1914 = CARTESIAN_POINT('',(-79.17814371894,109.64497887109,
    11.826228089399));
#1915 = CARTESIAN_POINT('',(-79.20674060835,109.34377211333,
    11.971771135038));
#1916 = CARTESIAN_POINT('',(-79.25861212672,108.78490630673,
    12.218318089636));
#1917 = CARTESIAN_POINT('',(-79.28193227168,108.52892931041,
    12.322568785965));
#1918 = CARTESIAN_POINT('',(-79.30509799397,108.2699956427,
    12.419236665909));
#1919 = CARTESIAN_POINT('',(-79.32810407926,108.0082479586,
    12.508030436098));
#1920 = CARTESIAN_POINT('',(-79.35092704517,107.74402925718,
    12.588590557337));
#1921 = CARTESIAN_POINT('',(-79.37351756194,107.4780129526,
    12.660548273109));
#1922 = CARTESIAN_POINT('',(-79.39580562799,107.21114758442,
    12.723571913762));
#1923 = CARTESIAN_POINT('',(-79.42571845237,106.84720096695,
    12.797354198252));
#1924 = CARTESIAN_POINT('',(-79.43370705436,106.74941770145,
    12.815963553704));
#1925 = CARTESIAN_POINT('',(-79.44162039866,106.6519775439,
    12.833305114163));
#1926 = CARTESIAN_POINT('',(-79.44944410432,106.55507071715,
    12.849360115589));
#1927 = CARTESIAN_POINT('',(-79.45715264456,106.45903034334,
    12.864097389615));
#1928 = CARTESIAN_POINT('',(-79.46470916423,106.36434305228,
    12.877489804483));
#1929 = CARTESIAN_POINT('',(-79.47206712581,106.27163464601,
    12.889530355893));
#1930 = CARTESIAN_POINT('',(-79.47983635133,106.1732355039,
    12.901238263249));
#1931 = CARTESIAN_POINT('',(-79.48049395183,106.16490267958,
    12.902221033926));
#1932 = CARTESIAN_POINT('',(-79.48115172377,106.15656356091,
    12.903195910476));
#1933 = CARTESIAN_POINT('',(-79.48180592527,106.1482655695,
    12.904157308224));
#1934 = CARTESIAN_POINT('',(-79.48246033231,106.13996091173,
    12.905110972109));
#1935 = CARTESIAN_POINT('',(-79.48311202178,106.13168664049,
    12.906052553595));
#1936 = CARTESIAN_POINT('',(-79.48376261837,106.12342220985,
    12.906984558105));
#1937 = CARTESIAN_POINT('',(-79.48627646667,106.09147354343,
    12.910554747622));
#1938 = CARTESIAN_POINT('',(-79.48812813818,106.06790714205,
    12.913118304115));
#1939 = CARTESIAN_POINT('',(-79.48996607266,106.0444826874,
    12.915597518282));
#1940 = CARTESIAN_POINT('',(-79.49178990119,106.02120563963,
    12.917993297412));
#1941 = CARTESIAN_POINT('',(-79.49359928345,105.99808111996,
    12.920306646852));
#1942 = CARTESIAN_POINT('',(-79.49539390771,105.97511391075,
    12.922538670009));
#1943 = CARTESIAN_POINT('',(-79.4971734908,105.95230845546,
    12.924690568352));
#1944 = CARTESIAN_POINT('',(-79.50626512079,105.83564328832,
    12.935373366127));
#1945 = CARTESIAN_POINT('',(-79.51333400764,105.74440953127,
    12.942629685957));
#1946 = CARTESIAN_POINT('',(-79.52011790394,105.65636565883,
    12.948610981044));
#1947 = CARTESIAN_POINT('',(-79.5266144037,105.57160990997,
    12.953446113488));
#1948 = CARTESIAN_POINT('',(-79.53284547205,105.4899185371,
    12.957276071864));
#1949 = CARTESIAN_POINT('',(-79.53885133839,105.41081404658,
    12.960225417093));
#1950 = CARTESIAN_POINT('',(-79.54468321251,105.33365492437,
    12.962385272299));
#1951 = CARTESIAN_POINT('',(-79.5517708204,105.23945944952,
    12.964151134449));
#1952 = CARTESIAN_POINT('',(-79.55313508315,105.22130818887,
    12.964450380071));
#1953 = CARTESIAN_POINT('',(-79.55449361116,105.20321342675,
    12.964708075641));
#1954 = CARTESIAN_POINT('',(-79.55584724105,105.18516424015,
    12.964924821609));
#1955 = CARTESIAN_POINT('',(-79.55719681881,105.16714951114,
    12.965101079399));
#1956 = CARTESIAN_POINT('',(-79.55854319982,105.14915792691,
    12.965237171408));
#1957 = CARTESIAN_POINT('',(-79.55988724883,105.13117797973,
    12.965333281008));
#1958 = CARTESIAN_POINT('',(-79.56325429279,105.08608644312,
    12.965474142005));
#1959 = CARTESIAN_POINT('',(-79.56527534839,105.05897587976,
    12.965468031988));
#1960 = CARTESIAN_POINT('',(-79.56729605947,105.0318253914,
    12.965371237667));
#1961 = CARTESIAN_POINT('',(-79.56931939054,105.00459490799,
    12.965183136144));
#1962 = CARTESIAN_POINT('',(-79.57134821798,104.97724517488,
    12.964902366454));
#1963 = CARTESIAN_POINT('',(-79.57338533006,104.94973775281,
    12.964526829565));
#1964 = CARTESIAN_POINT('',(-79.57543342691,104.92203501791,
    12.964053688377));
#1965 = CARTESIAN_POINT('',(-79.57907893456,104.87264031717,
    12.963038160598));
#1966 = CARTESIAN_POINT('',(-79.58067071102,104.85104433911,
    12.962537296252));
#1967 = CARTESIAN_POINT('',(-79.58227161824,104.82929574122,
    12.961975129992));
#1968 = CARTESIAN_POINT('',(-79.58388273234,104.80737917601,
    12.961349822967));
#1969 = CARTESIAN_POINT('',(-79.58550503719,104.78528043488,
    12.960659342158));
#1970 = CARTESIAN_POINT('',(-79.58713942446,104.76298644802,
    12.959901460383));
#1971 = CARTESIAN_POINT('',(-79.58878669362,104.74048528452,
    12.959073756294));
#1972 = CARTESIAN_POINT('',(-79.5938877341,104.67070739074,
    12.956309152126));
#1973 = CARTESIAN_POINT('',(-79.5973865401,104.62270911813,
    12.954133841831));
#1974 = CARTESIAN_POINT('',(-79.6009494805,104.57368617858,
    12.95162520024));
#1975 = CARTESIAN_POINT('',(-79.60458025,104.52357647972,12.948758235131
    ));
#1976 = CARTESIAN_POINT('',(-79.60828025454,104.47234798149,
    12.945506812371));
#1977 = CARTESIAN_POINT('',(-79.61204834765,104.42000306887,
    12.941845398102));
#1978 = CARTESIAN_POINT('',(-79.61588077626,104.36658030859,
    12.93775117604));
#1979 = CARTESIAN_POINT('',(-79.62786512376,104.19892609164,
    12.923752037422));
#1980 = CARTESIAN_POINT('',(-79.63621653424,104.08126901136,
    12.912340956082));
#1981 = CARTESIAN_POINT('',(-79.64476962995,103.95984644559,
    12.898810425775));
#1982 = CARTESIAN_POINT('',(-79.65345484585,103.83553018,12.883052792893
    ));
#1983 = CARTESIAN_POINT('',(-79.66220669645,103.7091713709,
    12.865034967791));
#1984 = CARTESIAN_POINT('',(-79.67097353277,103.58145791905,
    12.844773273989));
#1985 = CARTESIAN_POINT('',(-79.67972043805,103.45285651302,
    12.82229357609));
#1986 = CARTESIAN_POINT('',(-79.68918641118,103.31235707458,
    12.795451183493));
#1987 = CARTESIAN_POINT('',(-79.68994616696,103.30107100589,
    12.79327906195));
#1988 = CARTESIAN_POINT('',(-79.69070567059,103.28977931209,
    12.791089908938));
#1989 = CARTESIAN_POINT('',(-79.69146494859,103.27848156779,
    12.788883608893));
#1990 = CARTESIAN_POINT('',(-79.69222400224,103.26717772352,
    12.786660120513));
#1991 = CARTESIAN_POINT('',(-79.69298280757,103.25586810575,
    12.78441947676));
#1992 = CARTESIAN_POINT('',(-79.69374131538,103.24455341687,
    12.782161784861));
#1993 = CARTESIAN_POINT('',(-79.6997831033,103.15435182352,
    12.764035256384));
#1994 = CARTESIAN_POINT('',(-79.70505088168,103.07524245327,
    12.747357882961));
#1995 = CARTESIAN_POINT('',(-79.71029606304,102.99599739751,
    12.729864215017));
#1996 = CARTESIAN_POINT('',(-79.71551317532,102.91669115646,
    12.711564751731));
#1997 = CARTESIAN_POINT('',(-79.72069786646,102.83738329712,
    12.692470535526));
#1998 = CARTESIAN_POINT('',(-79.72584677321,102.75811979287,
    12.67259230511));
#1999 = CARTESIAN_POINT('',(-79.73095738998,102.67893436299,
    12.651939648515));
#2000 = CARTESIAN_POINT('',(-79.7466109704,102.43478789026,
    12.585814327601));
#2001 = CARTESIAN_POINT('',(-79.75701794046,102.27018910205,
    12.537774619646));
#2002 = CARTESIAN_POINT('',(-79.76723306884,102.10625631233,
    12.486471845391));
#2003 = CARTESIAN_POINT('',(-79.77724456825,101.94313946271,
    12.431984131109));
#2004 = CARTESIAN_POINT('',(-79.78704326808,101.78095252786,
    12.374392579335));
#2005 = CARTESIAN_POINT('',(-79.79662199154,101.61978062044,
    12.313777678693));
#2006 = CARTESIAN_POINT('',(-79.80597525508,101.459682753,
    12.250216174902));
#2007 = CARTESIAN_POINT('',(-79.82464831788,101.13428792699,
    12.114239013397));
#2008 = CARTESIAN_POINT('',(-79.83394520595,100.969114034,
    12.041555649115));
#2009 = CARTESIAN_POINT('',(-79.84298382881,100.80523291227,
    11.965816698055));
#2010 = CARTESIAN_POINT('',(-79.85175919059,100.64269346219,
    11.88711202784));
#2011 = CARTESIAN_POINT('',(-79.86026689821,100.48153603953,
    11.805531626681));
#2012 = CARTESIAN_POINT('',(-79.86850308357,100.321793509,
    11.721164643526));
#2013 = CARTESIAN_POINT('',(-79.87646434526,100.16349196966,
    11.634098541928));
#2014 = CARTESIAN_POINT('',(-79.9094614688,99.48992040237,
    11.248956354122));
#2015 = CARTESIAN_POINT('',(-79.9317517304,98.989188953358,
    10.925201941813));
#2016 = CARTESIAN_POINT('',(-79.95092209701,98.505003239156,
    10.576141199232));
#2017 = CARTESIAN_POINT('',(-79.96690457902,98.037530273174,
    10.204613275991));
#2018 = CARTESIAN_POINT('',(-79.97965654019,97.586678720876,
    9.813198016661));
#2019 = CARTESIAN_POINT('',(-79.98915808167,97.152141536023,
    9.404156334314));
#2020 = CARTESIAN_POINT('',(-79.99540308583,96.733443874087,
    8.97938011248));
#2021 = CARTESIAN_POINT('',(-79.99902431963,96.243911728074,
    8.446705148066));
#2022 = CARTESIAN_POINT('',(-79.99951257238,96.158546466548,
    8.352414215609));
#2023 = CARTESIAN_POINT('',(-79.99985242618,96.073873615223,
    8.257495445308));
#2024 = CARTESIAN_POINT('',(-80.00004387493,95.989888334135,
    8.16196423152));
#2025 = CARTESIAN_POINT('',(-80.00008692468,95.90658573177,
    8.065835475558));
#2026 = CARTESIAN_POINT('',(-79.99998159362,95.823960865077,
    7.969123585687));
#2027 = CARTESIAN_POINT('',(-79.99972791211,95.742008739455,
    7.871842477131));
#2028 = CARTESIAN_POINT('',(-79.99803942276,95.400591477544,
    7.460900051848));
#2029 = CARTESIAN_POINT('',(-79.99523405978,95.147302620938,
    7.142109456491));
#2030 = CARTESIAN_POINT('',(-79.99091104845,94.900685475672,
    6.818065052976));
#2031 = CARTESIAN_POINT('',(-79.98507263034,94.66057449568,
    6.489160433969));
#2032 = CARTESIAN_POINT('',(-79.97772178693,94.426809774954,
    6.155752340485));
#2033 = CARTESIAN_POINT('',(-79.96886195262,94.199235970396,
    5.818161484547));
#2034 = CARTESIAN_POINT('',(-79.95849672779,93.977701224671,
    5.476673371851));
#2035 = CARTESIAN_POINT('',(-79.93275920874,93.510009684741,
    4.728145111336));
#2036 = CARTESIAN_POINT('',(-79.91683762203,93.266019131954,
    4.319786563123));
#2037 = CARTESIAN_POINT('',(-79.89887039943,93.029848998179,
    3.906867280719));
#2038 = CARTESIAN_POINT('',(-79.87886379059,92.801283828904,
    3.489753174282));
#2039 = CARTESIAN_POINT('',(-79.85682442006,92.580125544608,
    3.068773719964));
#2040 = CARTESIAN_POINT('',(-79.83275898019,92.366190837767,
    2.644223416669));
#2041 = CARTESIAN_POINT('',(-79.80667392404,92.159308569851,
    2.216363242821));
#2042 = CARTESIAN_POINT('',(-79.6847902174,91.291809302172,
    0.347075606167));
#2043 = CARTESIAN_POINT('',(-79.56863199885,90.701500303777,
    -1.12466910906));
#2044 = CARTESIAN_POINT('',(-79.43029567991,90.181769687739,
    -2.622297708586));
#2045 = CARTESIAN_POINT('',(-79.26996760433,89.728937478904,
    -4.139833280073));
#2046 = CARTESIAN_POINT('',(-79.0879345581,89.340440445949,
    -5.672283309446));
#2047 = CARTESIAN_POINT('',(-78.88452827147,89.014798325345,
    -7.215620386422));
#2048 = CARTESIAN_POINT('',(-78.6600837392,88.751323821849,
    -8.76668300998));
#2049 = CARTESIAN_POINT('',(-78.30816931798,88.46297951866,
    -11.00024126339));
#2050 = CARTESIAN_POINT('',(-78.19758715806,88.387425693749,
    -11.67815469308));
#2051 = CARTESIAN_POINT('',(-78.08312389802,88.323748709036,
    -12.35671820366));
#2052 = CARTESIAN_POINT('',(-77.96481675956,88.272012277493,
    -13.03567608598));
#2053 = CARTESIAN_POINT('',(-77.84270773754,88.232312429136,
    -13.71476852813));
#2054 = CARTESIAN_POINT('',(-77.71684375693,88.204777083722,
    -14.39373158757));
#2055 = CARTESIAN_POINT('',(-77.58727682976,88.189565623444,
    -15.0722971631));
#2056 = CARTESIAN_POINT('',(-77.42161984208,88.186211604362,
    -15.91529669403));
#2057 = CARTESIAN_POINT('',(-77.388959292,88.186297108076,
    -16.08036029229));
#2058 = CARTESIAN_POINT('',(-77.35608341383,88.18712774076,
    -16.24537969816));
#2059 = CARTESIAN_POINT('',(-77.32299308702,88.188706380787,
    -16.410350793));
#2060 = CARTESIAN_POINT('',(-77.28968921847,88.191036020919,
    -16.57526940306));
#2061 = CARTESIAN_POINT('',(-77.25617274259,88.194119768302,
    -16.74013129954));
#2062 = CARTESIAN_POINT('',(-77.22244462122,88.19796084447,
    -16.90493219853));
#2063 = CARTESIAN_POINT('',(-77.17566085267,88.204304278825,
    -17.13201602889));
#2064 = CARTESIAN_POINT('',(-77.16334121791,88.206079386722,
    -17.19165881896));
#2065 = CARTESIAN_POINT('',(-77.15122087471,88.207917090832,
    -17.25020135071));
#2066 = CARTESIAN_POINT('',(-77.13907250042,88.209847658526,
    -17.30874811379));
#2067 = CARTESIAN_POINT('',(-77.12676933091,88.211895169976,
    -17.36790446679));
#2068 = CARTESIAN_POINT('',(-77.11428697696,88.214070245384,
    -17.42777823593));
#2069 = CARTESIAN_POINT('',(-77.10170524068,88.216362772211,
    -17.48798131376));
#2070 = CARTESIAN_POINT('',(-77.07812568031,88.220838663448,
    -17.60054508437));
#2071 = CARTESIAN_POINT('',(-77.06673722395,88.223075700716,
    -17.65480057215));
#2072 = CARTESIAN_POINT('',(-77.05521880869,88.225419719408,
    -17.70955580534));
#2073 = CARTESIAN_POINT('',(-77.04368939994,88.227848298134,
    -17.76424285371));
#2074 = CARTESIAN_POINT('',(-77.03221166404,88.230346310743,
    -17.8185675137));
#2075 = CARTESIAN_POINT('',(-77.02079094958,88.232909618161,
    -17.87250904935));
#2076 = CARTESIAN_POINT('',(-77.00937426871,88.235548760212,
    -17.92631993338));
#2077 = CARTESIAN_POINT('',(-76.95758552445,88.247878721256,
    -18.16989868567));
#2078 = CARTESIAN_POINT('',(-76.9170476761,88.258493979021,
    -18.35916166415));
#2079 = CARTESIAN_POINT('',(-76.87623734521,88.270144181908,
    -18.54830781849));
#2080 = CARTESIAN_POINT('',(-76.83515637098,88.282835259339,
    -18.73732952034));
#2081 = CARTESIAN_POINT('',(-76.79380644814,88.296573399008,
    -18.92621997221));
#2082 = CARTESIAN_POINT('',(-76.75218954046,88.311364950768,
    -19.11497126956));
#2083 = CARTESIAN_POINT('',(-76.71030753503,88.327216512221,
    -19.30357603073));
#2084 = CARTESIAN_POINT('',(-76.62405290292,88.361841853793,
    -19.68926083827));
#2085 = CARTESIAN_POINT('',(-76.57965518736,88.380717407977,
    -19.88632613481));
#2086 = CARTESIAN_POINT('',(-76.53497161489,88.400769333437,
    -20.08321332938));
#2087 = CARTESIAN_POINT('',(-76.49000458368,88.422005682872,
    -20.27991325101));
#2088 = CARTESIAN_POINT('',(-76.44475659154,88.444434771294,
    -20.47641648203));
#2089 = CARTESIAN_POINT('',(-76.39923023595,88.468065176033,
    -20.67271335805));
#2090 = CARTESIAN_POINT('',(-76.35342821402,88.492905736734,
    -20.86879396801));
#2091 = CARTESIAN_POINT('',(-76.19079103092,88.584892891238,
    -21.5601286912));
#2092 = CARTESIAN_POINT('',(-76.07248322132,88.658622988397,
    -22.05415653813));
#2093 = CARTESIAN_POINT('',(-75.95247424856,88.740304168447,
    -22.54657143821));
#2094 = CARTESIAN_POINT('',(-75.83081399291,88.830094920315,
    -23.0371974101));
#2095 = CARTESIAN_POINT('',(-75.70755815724,88.928164472329,
    -23.52584270049));
#2096 = CARTESIAN_POINT('',(-75.58276856409,89.034693364306,
    -24.01229973695));
#2097 = CARTESIAN_POINT('',(-75.45651345278,89.149874019644,
    -24.49634508063));
#2098 = CARTESIAN_POINT('',(-75.17024658875,89.428048535835,
    -25.57595260457));
#2099 = CARTESIAN_POINT('',(-75.00948452589,89.595856513758,
    -26.17004743856));
#2100 = CARTESIAN_POINT('',(-74.84672147597,89.777731162061,
    -26.75958083577));
#2101 = CARTESIAN_POINT('',(-74.6821223426,89.974093272079,
    -27.34403492147));
#2102 = CARTESIAN_POINT('',(-74.51587889053,90.18538509317,
    -27.92281867016));
#2103 = CARTESIAN_POINT('',(-74.34821136257,90.412069809554,
    -28.49526847353));
#2104 = CARTESIAN_POINT('',(-74.17936986774,90.654633916401,
    -29.06064759741));
#2105 = CARTESIAN_POINT('',(-73.80856852383,91.22035442137,
    -30.27855453971));
#2106 = CARTESIAN_POINT('',(-73.6062843215,91.550068114442,
    -30.92778619891));
#2107 = CARTESIAN_POINT('',(-73.40322802502,91.903610899586,
    -31.56457330614));
#2108 = CARTESIAN_POINT('',(-73.19995639864,92.2818531258,
    -32.18732459547));
#2109 = CARTESIAN_POINT('',(-72.99714334125,92.685625117388,
    -32.79414619025));
#2110 = CARTESIAN_POINT('',(-72.79558221299,93.115688058108,
    -33.38286054742));
#2111 = CARTESIAN_POINT('',(-72.59618502675,93.572708807998,
    -33.95102189035));
#2112 = CARTESIAN_POINT('',(-72.26000337008,94.402905803987,
    -34.88466809442));
#2113 = CARTESIAN_POINT('',(-72.12167306952,94.762521740652,
    -35.26151418457));
#2114 = CARTESIAN_POINT('',(-71.9853668132,95.136262601661,
    -35.62547090388));
#2115 = CARTESIAN_POINT('',(-71.85151253198,95.524219315644,
    -35.97542569296));
#2116 = CARTESIAN_POINT('',(-71.72058338613,95.926380974632,
    -36.31016674738));
#2117 = CARTESIAN_POINT('',(-71.59309160687,96.342613312464,
    -36.62840584912));
#2118 = CARTESIAN_POINT('',(-71.46957967076,96.772632287989,
    -36.92880621189));
#2119 = CARTESIAN_POINT('',(-71.29111714476,97.437666142381,
    -37.35063464572));
#2120 = CARTESIAN_POINT('',(-71.23276184204,97.662687444298,
    -37.48645313747));
#2121 = CARTESIAN_POINT('',(-71.17561367046,97.89097538607,
    -37.61730046647));
#2122 = CARTESIAN_POINT('',(-71.1197446373,98.122456857852,
    -37.74300532527));
#2123 = CARTESIAN_POINT('',(-71.06522738689,98.357045915405,
    -37.86339714824));
#2124 = CARTESIAN_POINT('',(-71.01213460204,98.594642762769,
    -37.97830781142));
#2125 = CARTESIAN_POINT('',(-70.96053840544,98.835132734949,
    -38.08757333251));
#2126 = CARTESIAN_POINT('',(-70.81089860262,99.562721163425,
    -38.39703737015));
#2127 = CARTESIAN_POINT('',(-70.71748294422,100.05809967816,
    -38.58007213579));
#2128 = CARTESIAN_POINT('',(-70.63084897664,100.56338867481,
    -38.73883055591));
#2129 = CARTESIAN_POINT('',(-70.55153122998,101.07730500239,
    -38.87218066326));
#2130 = CARTESIAN_POINT('',(-70.4800001619,101.59840904677,
    -38.97918719463));
#2131 = CARTESIAN_POINT('',(-70.41664663195,102.12509549406,
    -39.05914706685));
#2132 = CARTESIAN_POINT('',(-70.36176326174,102.65558031931,
    -39.11164096907));
#2133 = CARTESIAN_POINT('',(-70.29586713886,103.41415002918,
    -39.14721109928));
#2134 = CARTESIAN_POINT('',(-70.27777153314,103.64076610236,
    -39.15284675855));
#2135 = CARTESIAN_POINT('',(-70.26124842983,103.86759062434,
    -39.15350261611));
#2136 = CARTESIAN_POINT('',(-70.24630644074,104.09448365479,
    -39.14918312701));
#2137 = CARTESIAN_POINT('',(-70.23295022372,104.32130690896,
    -39.13990263446));
#2138 = CARTESIAN_POINT('',(-70.22118048271,104.54792375768,
    -39.12568536981));
#2139 = CARTESIAN_POINT('',(-70.21099396768,104.77419922737,
    -39.10656545252));
#2140 = CARTESIAN_POINT('',(-70.20238347465,105.,-39.08258689019));
#2141 = ( BOUNDED_SURFACE() B_SPLINE_SURFACE(2,2,(
    (#2142,#2143,#2144,#2145,#2146)
    ,(#2147,#2148,#2149,#2150,#2151)
    ,(#2152,#2153,#2154,#2155,#2156)
    ,(#2157,#2158,#2159,#2160,#2161)
    ,(#2162,#2163,#2164,#2165,#2166)
    ,(#2167,#2168,#2169,#2170,#2171)
    ,(#2172,#2173,#2174,#2175,#2176
)),.UNSPECIFIED.,.T.,.F.,.F.) B_SPLINE_SURFACE_WITH_KNOTS((1,2,2,2,2,1),
  (3,2,3),(-2.094395102393,0.,2.094395102393,4.188790204786,
    6.28318530718,8.377580409573),(-1.570796326795,0.,1.570796326795),
.UNSPECIFIED.) GEOMETRIC_REPRESENTATION_ITEM() RATIONAL_B_SPLINE_SURFACE
((
    (1.,0.707106781187,1.,0.707106781187,1.)
    ,(0.5,0.353553390593,0.5,0.353553390593,0.5)
    ,(1.,0.707106781187,1.,0.707106781187,1.)
    ,(0.5,0.353553390593,0.5,0.353553390593,0.5)
    ,(1.,0.707106781187,1.,0.707106781187,1.)
    ,(0.5,0.353553390593,0.5,0.353553390593,0.5)
,(1.,0.707106781187,1.,0.707106781187,1.
))) REPRESENTATION_ITEM('') SURFACE() );
#2142 = CARTESIAN_POINT('',(4.9E-15,96.,-92.));
#2143 = CARTESIAN_POINT('',(80.,96.,-92.));
#2144 = CARTESIAN_POINT('',(80.,96.,8.));
#2145 = CARTESIAN_POINT('',(80.,96.,108.));
#2146 = CARTESIAN_POINT('',(4.9E-15,96.,108.));
#2147 = CARTESIAN_POINT('',(4.9E-15,96.,-92.));
#2148 = CARTESIAN_POINT('',(80.,267.47302994931,-92.));
#2149 = CARTESIAN_POINT('',(80.,267.47302994931,8.));
#2150 = CARTESIAN_POINT('',(80.,267.47302994931,108.));
#2151 = CARTESIAN_POINT('',(4.9E-15,96.,108.));
#2152 = CARTESIAN_POINT('',(-2.45E-15,96.,-92.));
#2153 = CARTESIAN_POINT('',(-40.,181.73651497465,-92.));
#2154 = CARTESIAN_POINT('',(-40.,181.73651497465,8.));
#2155 = CARTESIAN_POINT('',(-40.,181.73651497465,108.));
#2156 = CARTESIAN_POINT('',(-2.45E-15,96.,108.));
#2157 = CARTESIAN_POINT('',(-9.8E-15,96.,-92.));
#2158 = CARTESIAN_POINT('',(-160.,96.,-92.));
#2159 = CARTESIAN_POINT('',(-160.,96.,8.));
#2160 = CARTESIAN_POINT('',(-160.,96.,108.));
#2161 = CARTESIAN_POINT('',(-9.8E-15,96.,108.));
#2162 = CARTESIAN_POINT('',(-2.45E-15,96.,-92.));
#2163 = CARTESIAN_POINT('',(-40.,10.263485025341,-92.));
#2164 = CARTESIAN_POINT('',(-40.,10.263485025341,8.));
#2165 = CARTESIAN_POINT('',(-40.,10.263485025341,108.));
#2166 = CARTESIAN_POINT('',(-2.45E-15,96.,108.));
#2167 = CARTESIAN_POINT('',(4.9E-15,96.,-92.));
#2168 = CARTESIAN_POINT('',(80.,-75.47302994931,-92.));
#2169 = CARTESIAN_POINT('',(80.,-75.47302994931,8.));
#2170 = CARTESIAN_POINT('',(80.,-75.47302994931,108.));
#2171 = CARTESIAN_POINT('',(4.9E-15,96.,108.));
#2172 = CARTESIAN_POINT('',(4.9E-15,96.,-92.));
#2173 = CARTESIAN_POINT('',(80.,96.,-92.));
#2174 = CARTESIAN_POINT('',(80.,96.,8.));
#2175 = CARTESIAN_POINT('',(80.,96.,108.));
#2176 = CARTESIAN_POINT('',(4.9E-15,96.,108.));
#2177 = ADVANCED_FACE('',(#2178),#2193,.T.);
#2178 = FACE_BOUND('',#2179,.T.);
#2179 = EDGE_LOOP('',(#2180,#2181,#2191,#2192));
#2180 = ORIENTED_EDGE('',*,*,#1424,.F.);
#2181 = ORIENTED_EDGE('',*,*,#2182,.F.);
#2182 = EDGE_CURVE('',#2183,#1082,#2185,.T.);
#2183 = VERTEX_POINT('',#2184);
#2184 = CARTESIAN_POINT('',(4.E-15,55.,-119.));
#2185 = ( BOUNDED_CURVE() B_SPLINE_CURVE(2,(#2186,#2187,#2188,#2189,
#2190),.UNSPECIFIED.,.F.,.F.) B_SPLINE_CURVE_WITH_KNOTS((3,2,3),(
    4.712388980385,6.28318530718,7.853981633974),
.PIECEWISE_BEZIER_KNOTS.) CURVE() GEOMETRIC_REPRESENTATION_ITEM() 
RATIONAL_B_SPLINE_CURVE((1.,0.707106781187,1.,0.707106781187,1.)) 
REPRESENTATION_ITEM('') );
#2186 = CARTESIAN_POINT('',(-1.304E-14,55.,-119.));
#2187 = CARTESIAN_POINT('',(71.,55.,-119.));
#2188 = CARTESIAN_POINT('',(71.,55.,-45.));
#2189 = CARTESIAN_POINT('',(71.,55.,29.));
#2190 = CARTESIAN_POINT('',(2.174E-14,55.,29.));
#2191 = ORIENTED_EDGE('',*,*,#2182,.T.);
#2192 = ORIENTED_EDGE('',*,*,#1079,.F.);
#2193 = ( BOUNDED_SURFACE() B_SPLINE_SURFACE(2,2,(
    (#2194,#2195,#2196,#2197,#2198)
    ,(#2199,#2200,#2201,#2202,#2203)
    ,(#2204,#2205,#2206,#2207,#2208)
    ,(#2209,#2210,#2211,#2212,#2213)
    ,(#2214,#2215,#2216,#2217,#2218)
    ,(#2219,#2220,#2221,#2222,#2223)
    ,(#2224,#2225,#2226,#2227,#2228
)),.UNSPECIFIED.,.T.,.F.,.F.) B_SPLINE_SURFACE_WITH_KNOTS((1,2,2,2,2,1),
  (3,2,3),(-2.094395102393,0.,2.094395102393,4.188790204786,
    6.28318530718,8.377580409573),(-1.570796326795,0.,1.570796326795),
.UNSPECIFIED.) GEOMETRIC_REPRESENTATION_ITEM() RATIONAL_B_SPLINE_SURFACE
((
    (1.,0.707106781187,1.,0.707106781187,1.)
    ,(0.5,0.353553390593,0.5,0.353553390593,0.5)
    ,(1.,0.707106781187,1.,0.707106781187,1.)
    ,(0.5,0.353553390593,0.5,0.353553390593,0.5)
    ,(1.,0.707106781187,1.,0.707106781187,1.)
    ,(0.5,0.353553390593,0.5,0.353553390593,0.5)
,(1.,0.707106781187,1.,0.707106781187,1.
))) REPRESENTATION_ITEM('') SURFACE() );
#2194 = CARTESIAN_POINT('',(4.35E-15,55.,-119.));
#2195 = CARTESIAN_POINT('',(71.,55.,-119.));
#2196 = CARTESIAN_POINT('',(71.,55.,-45.));
#2197 = CARTESIAN_POINT('',(71.,55.,29.));
#2198 = CARTESIAN_POINT('',(4.35E-15,55.,29.));
#2199 = CARTESIAN_POINT('',(4.35E-15,55.,-119.));
#2200 = CARTESIAN_POINT('',(71.,155.45894683899,-119.));
#2201 = CARTESIAN_POINT('',(71.,155.45894683899,-45.));
#2202 = CARTESIAN_POINT('',(71.,155.45894683899,29.));
#2203 = CARTESIAN_POINT('',(4.35E-15,55.,29.));
#2204 = CARTESIAN_POINT('',(-2.17E-15,55.,-119.));
#2205 = CARTESIAN_POINT('',(-35.5,105.22947341949,-119.));
#2206 = CARTESIAN_POINT('',(-35.5,105.22947341949,-45.));
#2207 = CARTESIAN_POINT('',(-35.5,105.22947341949,29.));
#2208 = CARTESIAN_POINT('',(-2.17E-15,55.,29.));
#2209 = CARTESIAN_POINT('',(-8.69E-15,55.,-119.));
#2210 = CARTESIAN_POINT('',(-142.,55.,-119.));
#2211 = CARTESIAN_POINT('',(-142.,55.,-45.));
#2212 = CARTESIAN_POINT('',(-142.,55.,29.));
#2213 = CARTESIAN_POINT('',(-8.69E-15,55.,29.));
#2214 = CARTESIAN_POINT('',(-2.17E-15,55.,-119.));
#2215 = CARTESIAN_POINT('',(-35.5,4.770526580503,-119.));
#2216 = CARTESIAN_POINT('',(-35.5,4.770526580503,-45.));
#2217 = CARTESIAN_POINT('',(-35.5,4.770526580503,29.));
#2218 = CARTESIAN_POINT('',(-2.17E-15,55.,29.));
#2219 = CARTESIAN_POINT('',(4.35E-15,55.,-119.));
#2220 = CARTESIAN_POINT('',(71.,-45.45894683899,-119.));
#2221 = CARTESIAN_POINT('',(71.,-45.45894683899,-45.));
#2222 = CARTESIAN_POINT('',(71.,-45.45894683899,29.));
#2223 = CARTESIAN_POINT('',(4.35E-15,55.,29.));
#2224 = CARTESIAN_POINT('',(4.35E-15,55.,-119.));
#2225 = CARTESIAN_POINT('',(71.,55.,-119.));
#2226 = CARTESIAN_POINT('',(71.,55.,-45.));
#2227 = CARTESIAN_POINT('',(71.,55.,29.));
#2228 = CARTESIAN_POINT('',(4.35E-15,55.,29.));
#2229 = ADVANCED_FACE('',(#2230),#2246,.T.);
#2230 = FACE_BOUND('',#2231,.T.);
#2231 = EDGE_LOOP('',(#2232,#2233,#2243,#2244,#2245));
#2232 = ORIENTED_EDGE('',*,*,#1644,.F.);
#2233 = ORIENTED_EDGE('',*,*,#2234,.F.);
#2234 = EDGE_CURVE('',#2235,#1596,#2237,.T.);
#2235 = VERTEX_POINT('',#2236);
#2236 = CARTESIAN_POINT('',(79.,105.,-49.));
#2237 = ( BOUNDED_CURVE() B_SPLINE_CURVE(2,(#2238,#2239,#2240,#2241,
#2242),.UNSPECIFIED.,.F.,.F.) B_SPLINE_CURVE_WITH_KNOTS((3,2,3),(
    4.712388980385,6.28318530718,7.853981633974),
.PIECEWISE_BEZIER_KNOTS.) CURVE() GEOMETRIC_REPRESENTATION_ITEM() 
RATIONAL_B_SPLINE_CURVE((1.,0.707106781187,1.,0.707106781187,1.)) 
REPRESENTATION_ITEM('') );
#2238 = CARTESIAN_POINT('',(79.,105.,-49.));
#2239 = CARTESIAN_POINT('',(91.,105.,-49.));
#2240 = CARTESIAN_POINT('',(91.,105.,-18.));
#2241 = CARTESIAN_POINT('',(91.,105.,13.));
#2242 = CARTESIAN_POINT('',(79.,105.,13.));
#2243 = ORIENTED_EDGE('',*,*,#2234,.T.);
#2244 = ORIENTED_EDGE('',*,*,#1595,.F.);
#2245 = ORIENTED_EDGE('',*,*,#1493,.F.);
#2246 = ( BOUNDED_SURFACE() B_SPLINE_SURFACE(2,2,(
    (#2247,#2248,#2249,#2250,#2251)
    ,(#2252,#2253,#2254,#2255,#2256)
    ,(#2257,#2258,#2259,#2260,#2261)
    ,(#2262,#2263,#2264,#2265,#2266)
    ,(#2267,#2268,#2269,#2270,#2271)
    ,(#2272,#2273,#2274,#2275,#2276)
    ,(#2277,#2278,#2279,#2280,#2281
)),.UNSPECIFIED.,.T.,.F.,.F.) B_SPLINE_SURFACE_WITH_KNOTS((1,2,2,2,2,1),
  (3,2,3),(-2.094395102393,0.,2.094395102393,4.188790204786,
    6.28318530718,8.377580409573),(-1.570796326795,0.,1.570796326795),
.UNSPECIFIED.) GEOMETRIC_REPRESENTATION_ITEM() RATIONAL_B_SPLINE_SURFACE
((
    (1.,0.707106781187,1.,0.707106781187,1.)
    ,(0.5,0.353553390593,0.5,0.353553390593,0.5)
    ,(1.,0.707106781187,1.,0.707106781187,1.)
    ,(0.5,0.353553390593,0.5,0.353553390593,0.5)
    ,(1.,0.707106781187,1.,0.707106781187,1.)
    ,(0.5,0.353553390593,0.5,0.353553390593,0.5)
,(1.,0.707106781187,1.,0.707106781187,1.
))) REPRESENTATION_ITEM('') SURFACE() );
#2247 = CARTESIAN_POINT('',(79.,105.,-49.));
#2248 = CARTESIAN_POINT('',(91.,105.,-49.));
#2249 = CARTESIAN_POINT('',(91.,105.,-18.));
#2250 = CARTESIAN_POINT('',(91.,105.,13.));
#2251 = CARTESIAN_POINT('',(79.,105.,13.));
#2252 = CARTESIAN_POINT('',(79.,105.,-49.));
#2253 = CARTESIAN_POINT('',(91.,134.44486372867,-49.));
#2254 = CARTESIAN_POINT('',(91.,134.44486372867,-18.));
#2255 = CARTESIAN_POINT('',(91.,134.44486372867,13.));
#2256 = CARTESIAN_POINT('',(79.,105.,13.));
#2257 = CARTESIAN_POINT('',(79.,105.,-49.));
#2258 = CARTESIAN_POINT('',(73.,119.72243186433,-49.));
#2259 = CARTESIAN_POINT('',(73.,119.72243186433,-18.));
#2260 = CARTESIAN_POINT('',(73.,119.72243186433,13.));
#2261 = CARTESIAN_POINT('',(79.,105.,13.));
#2262 = CARTESIAN_POINT('',(79.,105.,-49.));
#2263 = CARTESIAN_POINT('',(55.,105.,-49.));
#2264 = CARTESIAN_POINT('',(55.,105.,-18.));
#2265 = CARTESIAN_POINT('',(55.,105.,13.));
#2266 = CARTESIAN_POINT('',(79.,105.,13.));
#2267 = CARTESIAN_POINT('',(79.,105.,-49.));
#2268 = CARTESIAN_POINT('',(73.,90.277568135665,-49.));
#2269 = CARTESIAN_POINT('',(73.,90.277568135665,-18.));
#2270 = CARTESIAN_POINT('',(73.,90.277568135665,13.));
#2271 = CARTESIAN_POINT('',(79.,105.,13.));
#2272 = CARTESIAN_POINT('',(79.,105.,-49.));
#2273 = CARTESIAN_POINT('',(91.,75.555136271329,-49.));
#2274 = CARTESIAN_POINT('',(91.,75.555136271329,-18.));
#2275 = CARTESIAN_POINT('',(91.,75.555136271329,13.));
#2276 = CARTESIAN_POINT('',(79.,105.,13.));
#2277 = CARTESIAN_POINT('',(79.,105.,-49.));
#2278 = CARTESIAN_POINT('',(91.,105.,-49.));
#2279 = CARTESIAN_POINT('',(91.,105.,-18.));
#2280 = CARTESIAN_POINT('',(91.,105.,13.));
#2281 = CARTESIAN_POINT('',(79.,105.,13.));
#2282 = ADVANCED_FACE('',(#2283),#2297,.T.);
#2283 = FACE_BOUND('',#2284,.T.);
#2284 = EDGE_LOOP('',(#2285,#2286,#2296));
#2285 = ORIENTED_EDGE('',*,*,#1806,.F.);
#2286 = ORIENTED_EDGE('',*,*,#2287,.F.);
#2287 = EDGE_CURVE('',#2288,#1807,#2290,.T.);
#2288 = VERTEX_POINT('',#2289);
#2289 = CARTESIAN_POINT('',(-79.,105.,-49.));
#2290 = ( BOUNDED_CURVE() B_SPLINE_CURVE(2,(#2291,#2292,#2293,#2294,
#2295),.UNSPECIFIED.,.F.,.F.) B_SPLINE_CURVE_WITH_KNOTS((3,2,3),(
    4.712388980385,6.28318530718,7.853981633974),
.PIECEWISE_BEZIER_KNOTS.) CURVE() GEOMETRIC_REPRESENTATION_ITEM() 
RATIONAL_B_SPLINE_CURVE((1.,0.707106781187,1.,0.707106781187,1.)) 
REPRESENTATION_ITEM('') );
#2291 = CARTESIAN_POINT('',(-79.,105.,-49.));
#2292 = CARTESIAN_POINT('',(-67.,105.,-49.));
#2293 = CARTESIAN_POINT('',(-67.,105.,-18.));
#2294 = CARTESIAN_POINT('',(-67.,105.,13.));
#2295 = CARTESIAN_POINT('',(-79.,105.,13.));
#2296 = ORIENTED_EDGE('',*,*,#2287,.T.);
#2297 = ( BOUNDED_SURFACE() B_SPLINE_SURFACE(2,2,(
    (#2298,#2299,#2300,#2301,#2302)
    ,(#2303,#2304,#2305,#2306,#2307)
    ,(#2308,#2309,#2310,#2311,#2312)
    ,(#2313,#2314,#2315,#2316,#2317)
    ,(#2318,#2319,#2320,#2321,#2322)
    ,(#2323,#2324,#2325,#2326,#2327)
    ,(#2328,#2329,#2330,#2331,#2332
)),.UNSPECIFIED.,.T.,.F.,.F.) B_SPLINE_SURFACE_WITH_KNOTS((1,2,2,2,2,1),
  (3,2,3),(-2.094395102393,0.,2.094395102393,4.188790204786,
    6.28318530718,8.377580409573),(-1.570796326795,0.,1.570796326795),
.UNSPECIFIED.) GEOMETRIC_REPRESENTATION_ITEM() RATIONAL_B_SPLINE_SURFACE
((
    (1.,0.707106781187,1.,0.707106781187,1.)
    ,(0.5,0.353553390593,0.5,0.353553390593,0.5)
    ,(1.,0.707106781187,1.,0.707106781187,1.)
    ,(0.5,0.353553390593,0.5,0.353553390593,0.5)
    ,(1.,0.707106781187,1.,0.707106781187,1.)
    ,(0.5,0.353553390593,0.5,0.353553390593,0.5)
,(1.,0.707106781187,1.,0.707106781187,1.
))) REPRESENTATION_ITEM('') SURFACE() );
#2298 = CARTESIAN_POINT('',(-79.,105.,-49.));
#2299 = CARTESIAN_POINT('',(-67.,105.,-49.));
#2300 = CARTESIAN_POINT('',(-67.,105.,-18.));
#2301 = CARTESIAN_POINT('',(-67.,105.,13.));
#2302 = CARTESIAN_POINT('',(-79.,105.,13.));
#2303 = CARTESIAN_POINT('',(-79.,105.,-49.));
#2304 = CARTESIAN_POINT('',(-67.,134.44486372867,-49.));
#2305 = CARTESIAN_POINT('',(-67.,134.44486372867,-18.));
#2306 = CARTESIAN_POINT('',(-67.,134.44486372867,13.));
#2307 = CARTESIAN_POINT('',(-79.,105.,13.));
#2308 = CARTESIAN_POINT('',(-79.,105.,-49.));
#2309 = CARTESIAN_POINT('',(-85.,119.72243186433,-49.));
#2310 = CARTESIAN_POINT('',(-85.,119.72243186433,-18.));
#2311 = CARTESIAN_POINT('',(-85.,119.72243186433,13.));
#2312 = CARTESIAN_POINT('',(-79.,105.,13.));
#2313 = CARTESIAN_POINT('',(-79.,105.,-49.));
#2314 = CARTESIAN_POINT('',(-103.,105.,-49.));
#2315 = CARTESIAN_POINT('',(-103.,105.,-18.));
#2316 = CARTESIAN_POINT('',(-103.,105.,13.));
#2317 = CARTESIAN_POINT('',(-79.,105.,13.));
#2318 = CARTESIAN_POINT('',(-79.,105.,-49.));
#2319 = CARTESIAN_POINT('',(-85.,90.277568135665,-49.));
#2320 = CARTESIAN_POINT('',(-85.,90.277568135665,-18.));
#2321 = CARTESIAN_POINT('',(-85.,90.277568135665,13.));
#2322 = CARTESIAN_POINT('',(-79.,105.,13.));
#2323 = CARTESIAN_POINT('',(-79.,105.,-49.));
#2324 = CARTESIAN_POINT('',(-67.,75.555136271329,-49.));
#2325 = CARTESIAN_POINT('',(-67.,75.555136271329,-18.));
#2326 = CARTESIAN_POINT('',(-67.,75.555136271329,13.));
#2327 = CARTESIAN_POINT('',(-79.,105.,13.));
#2328 = CARTESIAN_POINT('',(-79.,105.,-49.));
#2329 = CARTESIAN_POINT('',(-67.,105.,-49.));
#2330 = CARTESIAN_POINT('',(-67.,105.,-18.));
#2331 = CARTESIAN_POINT('',(-67.,105.,13.));
#2332 = CARTESIAN_POINT('',(-79.,105.,13.));
#2333 = MANIFOLD_SOLID_BREP('',#2334);
#2334 = CLOSED_SHELL('',(#2335,#2386,#2454,#2487,#2520,#2572,#3003,#3020
    ,#3067,#3091,#3104,#3135,#3152,#3169,#3209,#3249,#3282,#3334,#3352,
    #3410,#3434,#3463,#3511,#3557,#3575,#3616,#3642,#3667,#3693,#3720,
    #3751,#3776,#3823,#3863,#3896,#3923,#3939,#3972,#3983,#4008,#4039,
    #4057,#4082,#4099,#4124,#4189,#4214,#4247,#4272,#4296,#4325,#4350,
    #4383,#4400,#4425,#4450,#4481,#4492,#4509,#4542,#4559,#4592,#4616,
    #4633,#4673,#4717,#4750,#4789,#4806,#4823,#4840,#4852,#4883,#4895,
    #4920,#4946,#4994,#5028,#5054,#5079,#5112,#5129,#5167,#5192,#5203,
    #5214,#5239,#5256,#5280,#5297,#5321,#5352,#5370,#5387,#5405,#5423,
    #5441));
#2335 = ADVANCED_FACE('',(#2336),#2381,.F.);
#2336 = FACE_BOUND('',#2337,.F.);
#2337 = EDGE_LOOP('',(#2338,#2348,#2359,#2367,#2375));
#2338 = ORIENTED_EDGE('',*,*,#2339,.F.);
#2339 = EDGE_CURVE('',#2340,#2342,#2344,.T.);
#2340 = VERTEX_POINT('',#2341);
#2341 = CARTESIAN_POINT('',(9.,1.8,10.179368149169));
#2342 = VERTEX_POINT('',#2343);
#2343 = CARTESIAN_POINT('',(9.,1.8,14.2));
#2344 = LINE('',#2345,#2346);
#2345 = CARTESIAN_POINT('',(9.,1.8,8.));
#2346 = VECTOR('',#2347,1.);
#2347 = DIRECTION('',(0.,0.,1.));
#2348 = ORIENTED_EDGE('',*,*,#2349,.T.);
#2349 = EDGE_CURVE('',#2340,#2350,#2352,.T.);
#2350 = VERTEX_POINT('',#2351);
#2351 = CARTESIAN_POINT('',(9.,2.181270601357,9.8));
#2352 = B_SPLINE_CURVE_WITH_KNOTS('',5,(#2353,#2354,#2355,#2356,#2357,
    #2358),.UNSPECIFIED.,.F.,.F.,(6,6),(0.,1.),
  .PIECEWISE_BEZIER_KNOTS.);
#2353 = CARTESIAN_POINT('',(9.,1.8,10.179368149169));
#2354 = CARTESIAN_POINT('',(9.,1.882118247289,10.110580760103));
#2355 = CARTESIAN_POINT('',(9.,1.961595535078,10.038177022034));
#2356 = CARTESIAN_POINT('',(9.,2.038147482385,9.962210701852));
#2357 = CARTESIAN_POINT('',(9.,2.111473457925,9.882771674872));
#2358 = CARTESIAN_POINT('',(9.,2.181270601357,9.8));
#2359 = ORIENTED_EDGE('',*,*,#2360,.T.);
#2360 = EDGE_CURVE('',#2350,#2361,#2363,.T.);
#2361 = VERTEX_POINT('',#2362);
#2362 = CARTESIAN_POINT('',(9.,3.2,9.8));
#2363 = LINE('',#2364,#2365);
#2364 = CARTESIAN_POINT('',(9.,0.,9.8));
#2365 = VECTOR('',#2366,1.);
#2366 = DIRECTION('',(0.,1.,0.));
#2367 = ORIENTED_EDGE('',*,*,#2368,.T.);
#2368 = EDGE_CURVE('',#2361,#2369,#2371,.T.);
#2369 = VERTEX_POINT('',#2370);
#2370 = CARTESIAN_POINT('',(9.,3.2,14.2));
#2371 = LINE('',#2372,#2373);
#2372 = CARTESIAN_POINT('',(9.,3.2,8.));
#2373 = VECTOR('',#2374,1.);
#2374 = DIRECTION('',(0.,0.,1.));
#2375 = ORIENTED_EDGE('',*,*,#2376,.F.);
#2376 = EDGE_CURVE('',#2342,#2369,#2377,.T.);
#2377 = LINE('',#2378,#2379);
#2378 = CARTESIAN_POINT('',(9.,0.,14.2));
#2379 = VECTOR('',#2380,1.);
#2380 = DIRECTION('',(0.,1.,0.));
#2381 = PLANE('',#2382);
#2382 = AXIS2_PLACEMENT_3D('',#2383,#2384,#2385);
#2383 = CARTESIAN_POINT('',(9.,0.,8.));
#2384 = DIRECTION('',(1.,0.,0.));
#2385 = DIRECTION('',(0.,0.,1.));
#2386 = ADVANCED_FACE('',(#2387),#2449,.T.);
#2387 = FACE_BOUND('',#2388,.T.);
#2388 = EDGE_LOOP('',(#2389,#2390,#2417,#2425,#2434,#2442));
#2389 = ORIENTED_EDGE('',*,*,#2339,.F.);
#2390 = ORIENTED_EDGE('',*,*,#2391,.F.);
#2391 = EDGE_CURVE('',#2392,#2340,#2394,.T.);
#2392 = VERTEX_POINT('',#2393);
#2393 = CARTESIAN_POINT('',(9.887088845815,0.248680166901,
    10.987542342102));
#2394 = B_SPLINE_CURVE_WITH_KNOTS('',6,(#2395,#2396,#2397,#2398,#2399,
    #2400,#2401,#2402,#2403,#2404,#2405,#2406,#2407,#2408,#2409,#2410,
    #2411,#2412,#2413,#2414,#2415,#2416),.UNSPECIFIED.,.F.,.F.,(7,5,5,5,
    7),(0.,0.269589370248,0.511864581417,0.652648189305,1.),
  .UNSPECIFIED.);
#2395 = CARTESIAN_POINT('',(9.887088845815,0.248680166901,
    10.987542342102));
#2396 = CARTESIAN_POINT('',(9.809666941101,0.294240933214,
    10.980557769841));
#2397 = CARTESIAN_POINT('',(9.733889814218,0.345076160093,
    10.970837847443));
#2398 = CARTESIAN_POINT('',(9.660487780685,0.401083813193,
    10.957930610843));
#2399 = CARTESIAN_POINT('',(9.590238303237,0.461965906519,
    10.941432126252));
#2400 = CARTESIAN_POINT('',(9.523906885989,0.527163934113,
    10.921077089918));
#2401 = CARTESIAN_POINT('',(9.406623566833,0.657464489709,
    10.875168673494));
#2402 = CARTESIAN_POINT('',(9.354761910232,0.721943485857,
    10.850338277457));
#2403 = CARTESIAN_POINT('',(9.307022331954,0.788593175137,
    10.822422135676));
#2404 = CARTESIAN_POINT('',(9.263628112021,0.856753415122,
    10.791563155428));
#2405 = CARTESIAN_POINT('',(9.224627948934,0.925803724785,
    10.758000816223));
#2406 = CARTESIAN_POINT('',(9.169794794514,1.035498555878,
    10.701127975441));
#2407 = CARTESIAN_POINT('',(9.151096196685,1.075934533473,10.67940776142
    ));
#2408 = CARTESIAN_POINT('',(9.133832748422,1.116391388959,
    10.656921374862));
#2409 = CARTESIAN_POINT('',(9.117971354101,1.156783283106,
    10.633722179032));
#2410 = CARTESIAN_POINT('',(9.103469637676,1.197037868553,
    10.609862223486));
#2411 = CARTESIAN_POINT('',(9.057740879414,1.335930718914,
    10.525008330935));
#2412 = CARTESIAN_POINT('',(9.033209109121,1.433523468711,
    10.460924970736));
#2413 = CARTESIAN_POINT('',(9.015934698656,1.529086509162,
    10.393807760958));
#2414 = CARTESIAN_POINT('',(9.005107571014,1.622147242354,
    10.324250521445));
#2415 = CARTESIAN_POINT('',(9.,1.712469371704,10.252689287681));
#2416 = CARTESIAN_POINT('',(9.,1.8,10.179368149169));
#2417 = ORIENTED_EDGE('',*,*,#2418,.F.);
#2418 = EDGE_CURVE('',#2419,#2392,#2421,.T.);
#2419 = VERTEX_POINT('',#2420);
#2420 = CARTESIAN_POINT('',(9.887088845815,0.248680166901,9.8));
#2421 = LINE('',#2422,#2423);
#2422 = CARTESIAN_POINT('',(9.887088845815,0.248680166901,8.));
#2423 = VECTOR('',#2424,1.);
#2424 = DIRECTION('',(0.,0.,1.));
#2425 = ORIENTED_EDGE('',*,*,#2426,.T.);
#2426 = EDGE_CURVE('',#2419,#2427,#2429,.T.);
#2427 = VERTEX_POINT('',#2428);
#2428 = CARTESIAN_POINT('',(10.8,-2.22044604925E-16,9.8));
#2429 = CIRCLE('',#2430,1.8);
#2430 = AXIS2_PLACEMENT_3D('',#2431,#2432,#2433);
#2431 = CARTESIAN_POINT('',(10.8,1.8,9.8));
#2432 = DIRECTION('',(0.,0.,1.));
#2433 = DIRECTION('',(-1.,0.,0.));
#2434 = ORIENTED_EDGE('',*,*,#2435,.T.);
#2435 = EDGE_CURVE('',#2427,#2436,#2438,.T.);
#2436 = VERTEX_POINT('',#2437);
#2437 = CARTESIAN_POINT('',(10.8,-2.22044604925E-16,14.2));
#2438 = LINE('',#2439,#2440);
#2439 = CARTESIAN_POINT('',(10.8,-2.22044604925E-16,8.));
#2440 = VECTOR('',#2441,1.);
#2441 = DIRECTION('',(0.,0.,1.));
#2442 = ORIENTED_EDGE('',*,*,#2443,.F.);
#2443 = EDGE_CURVE('',#2342,#2436,#2444,.T.);
#2444 = CIRCLE('',#2445,1.8);
#2445 = AXIS2_PLACEMENT_3D('',#2446,#2447,#2448);
#2446 = CARTESIAN_POINT('',(10.8,1.8,14.2));
#2447 = DIRECTION('',(0.,0.,1.));
#2448 = DIRECTION('',(-1.,0.,0.));
#2449 = CYLINDRICAL_SURFACE('',#2450,1.8);
#2450 = AXIS2_PLACEMENT_3D('',#2451,#2452,#2453);
#2451 = CARTESIAN_POINT('',(10.8,1.8,8.));
#2452 = DIRECTION('',(0.,0.,1.));
#2453 = DIRECTION('',(-1.,0.,0.));
#2454 = ADVANCED_FACE('',(#2455),#2482,.T.);
#2455 = FACE_BOUND('',#2456,.T.);
#2456 = EDGE_LOOP('',(#2457,#2466,#2474,#2481));
#2457 = ORIENTED_EDGE('',*,*,#2458,.F.);
#2458 = EDGE_CURVE('',#2459,#2342,#2461,.T.);
#2459 = VERTEX_POINT('',#2460);
#2460 = CARTESIAN_POINT('',(10.8,1.8,16.));
#2461 = CIRCLE('',#2462,1.8);
#2462 = AXIS2_PLACEMENT_3D('',#2463,#2464,#2465);
#2463 = CARTESIAN_POINT('',(10.8,1.8,14.2));
#2464 = DIRECTION('',(0.,-1.,0.));
#2465 = DIRECTION('',(-1.,0.,0.));
#2466 = ORIENTED_EDGE('',*,*,#2467,.T.);
#2467 = EDGE_CURVE('',#2459,#2468,#2470,.T.);
#2468 = VERTEX_POINT('',#2469);
#2469 = CARTESIAN_POINT('',(10.8,3.2,16.));
#2470 = LINE('',#2471,#2472);
#2471 = CARTESIAN_POINT('',(10.8,0.,16.));
#2472 = VECTOR('',#2473,1.);
#2473 = DIRECTION('',(0.,1.,0.));
#2474 = ORIENTED_EDGE('',*,*,#2475,.F.);
#2475 = EDGE_CURVE('',#2369,#2468,#2476,.T.);
#2476 = CIRCLE('',#2477,1.8);
#2477 = AXIS2_PLACEMENT_3D('',#2478,#2479,#2480);
#2478 = CARTESIAN_POINT('',(10.8,3.2,14.2));
#2479 = DIRECTION('',(0.,1.,-0.));
#2480 = DIRECTION('',(-1.,0.,0.));
#2481 = ORIENTED_EDGE('',*,*,#2376,.F.);
#2482 = CYLINDRICAL_SURFACE('',#2483,1.8);
#2483 = AXIS2_PLACEMENT_3D('',#2484,#2485,#2486);
#2484 = CARTESIAN_POINT('',(10.8,0.,14.2));
#2485 = DIRECTION('',(0.,1.,0.));
#2486 = DIRECTION('',(-1.,0.,0.));
#2487 = ADVANCED_FACE('',(#2488),#2515,.T.);
#2488 = FACE_BOUND('',#2489,.F.);
#2489 = EDGE_LOOP('',(#2490,#2491,#2500,#2508));
#2490 = ORIENTED_EDGE('',*,*,#2368,.F.);
#2491 = ORIENTED_EDGE('',*,*,#2492,.T.);
#2492 = EDGE_CURVE('',#2361,#2493,#2495,.T.);
#2493 = VERTEX_POINT('',#2494);
#2494 = CARTESIAN_POINT('',(10.8,5.,9.8));
#2495 = CIRCLE('',#2496,1.8);
#2496 = AXIS2_PLACEMENT_3D('',#2497,#2498,#2499);
#2497 = CARTESIAN_POINT('',(10.8,3.2,9.8));
#2498 = DIRECTION('',(0.,0.,-1.));
#2499 = DIRECTION('',(-1.,0.,0.));
#2500 = ORIENTED_EDGE('',*,*,#2501,.T.);
#2501 = EDGE_CURVE('',#2493,#2502,#2504,.T.);
#2502 = VERTEX_POINT('',#2503);
#2503 = CARTESIAN_POINT('',(10.8,5.,14.2));
#2504 = LINE('',#2505,#2506);
#2505 = CARTESIAN_POINT('',(10.8,5.,8.));
#2506 = VECTOR('',#2507,1.);
#2507 = DIRECTION('',(0.,0.,1.));
#2508 = ORIENTED_EDGE('',*,*,#2509,.T.);
#2509 = EDGE_CURVE('',#2502,#2369,#2510,.T.);
#2510 = CIRCLE('',#2511,1.8);
#2511 = AXIS2_PLACEMENT_3D('',#2512,#2513,#2514);
#2512 = CARTESIAN_POINT('',(10.8,3.2,14.2));
#2513 = DIRECTION('',(0.,0.,1.));
#2514 = DIRECTION('',(-1.,0.,0.));
#2515 = CYLINDRICAL_SURFACE('',#2516,1.8);
#2516 = AXIS2_PLACEMENT_3D('',#2517,#2518,#2519);
#2517 = CARTESIAN_POINT('',(10.8,3.2,8.));
#2518 = DIRECTION('',(0.,0.,1.));
#2519 = DIRECTION('',(-1.,0.,0.));
#2520 = ADVANCED_FACE('',(#2521),#2567,.T.);
#2521 = FACE_BOUND('',#2522,.F.);
#2522 = EDGE_LOOP('',(#2523,#2534,#2542,#2549,#2550,#2560));
#2523 = ORIENTED_EDGE('',*,*,#2524,.F.);
#2524 = EDGE_CURVE('',#2525,#2527,#2529,.T.);
#2525 = VERTEX_POINT('',#2526);
#2526 = CARTESIAN_POINT('',(10.8,1.8,8.));
#2527 = VERTEX_POINT('',#2528);
#2528 = CARTESIAN_POINT('',(9.182725023611,1.8,9.009796449801));
#2529 = CIRCLE('',#2530,1.8);
#2530 = AXIS2_PLACEMENT_3D('',#2531,#2532,#2533);
#2531 = CARTESIAN_POINT('',(10.8,1.8,9.8));
#2532 = DIRECTION('',(0.,1.,-0.));
#2533 = DIRECTION('',(-1.,0.,0.));
#2534 = ORIENTED_EDGE('',*,*,#2535,.T.);
#2535 = EDGE_CURVE('',#2525,#2536,#2538,.T.);
#2536 = VERTEX_POINT('',#2537);
#2537 = CARTESIAN_POINT('',(10.8,3.2,8.));
#2538 = LINE('',#2539,#2540);
#2539 = CARTESIAN_POINT('',(10.8,0.,8.));
#2540 = VECTOR('',#2541,1.);
#2541 = DIRECTION('',(0.,1.,0.));
#2542 = ORIENTED_EDGE('',*,*,#2543,.T.);
#2543 = EDGE_CURVE('',#2536,#2361,#2544,.T.);
#2544 = CIRCLE('',#2545,1.8);
#2545 = AXIS2_PLACEMENT_3D('',#2546,#2547,#2548);
#2546 = CARTESIAN_POINT('',(10.8,3.2,9.8));
#2547 = DIRECTION('',(0.,1.,-0.));
#2548 = DIRECTION('',(-1.,0.,0.));
#2549 = ORIENTED_EDGE('',*,*,#2360,.F.);
#2550 = ORIENTED_EDGE('',*,*,#2551,.T.);
#2551 = EDGE_CURVE('',#2350,#2552,#2554,.T.);
#2552 = VERTEX_POINT('',#2553);
#2553 = CARTESIAN_POINT('',(9.000171160041,2.202064132538,9.775177694478
    ));
#2554 = B_SPLINE_CURVE_WITH_KNOTS('',3,(#2555,#2556,#2557,#2558,#2559),
  .UNSPECIFIED.,.F.,.F.,(4,1,4),(0.,0.489632779826,1.),.UNSPECIFIED.);
#2555 = CARTESIAN_POINT('',(9.,2.181270601357,9.8));
#2556 = CARTESIAN_POINT('',(9.,2.184677107029,9.795960261894));
#2557 = CARTESIAN_POINT('',(9.000027764342,2.191620263328,9.787699604089
    ));
#2558 = CARTESIAN_POINT('',(9.0001127582,2.19854003537,9.779412325998));
#2559 = CARTESIAN_POINT('',(9.000171160041,2.202064132538,9.775177694478
    ));
#2560 = ORIENTED_EDGE('',*,*,#2561,.F.);
#2561 = EDGE_CURVE('',#2527,#2552,#2562,.T.);
#2562 = ELLIPSE('',#2563,4.35389706626,1.8);
#2563 = AXIS2_PLACEMENT_3D('',#2564,#2565,#2566);
#2564 = CARTESIAN_POINT('',(10.8,-1.761952881958,9.8));
#2565 = DIRECTION('',(0.910539207536,0.413422727411,8.897474479973E-16)
  );
#2566 = DIRECTION('',(-0.413422727411,0.910539207536,-4.039824025298E-16
    ));
#2567 = CYLINDRICAL_SURFACE('',#2568,1.8);
#2568 = AXIS2_PLACEMENT_3D('',#2569,#2570,#2571);
#2569 = CARTESIAN_POINT('',(10.8,0.,9.8));
#2570 = DIRECTION('',(0.,1.,0.));
#2571 = DIRECTION('',(-1.,0.,0.));
#2572 = ADVANCED_FACE('',(#2573),#2694,.T.);
#2573 = FACE_BOUND('',#2574,.T.);
#2574 = EDGE_LOOP('',(#2575,#2589,#2638,#2648,#2649,#2650,#2651,#2661,
    #2662,#2674));
#2575 = ORIENTED_EDGE('',*,*,#2576,.T.);
#2576 = EDGE_CURVE('',#2577,#2579,#2581,.T.);
#2577 = VERTEX_POINT('',#2578);
#2578 = CARTESIAN_POINT('',(-9.829621795174,0.28396367471,
    10.981666631058));
#2579 = VERTEX_POINT('',#2580);
#2580 = CARTESIAN_POINT('',(-8.456512733717,2.572478777138,8.));
#2581 = ( BOUNDED_CURVE() B_SPLINE_CURVE(6,(#2582,#2583,#2584,#2585,
#2586,#2587,#2588),.UNSPECIFIED.,.T.,.F.) B_SPLINE_CURVE_WITH_KNOTS((1,6
    ,6,1),(-6.28318530718,0.,6.28318530718,12.566370614359),
.UNSPECIFIED.) CURVE() GEOMETRIC_REPRESENTATION_ITEM() 
RATIONAL_B_SPLINE_CURVE((1.669078461068,1.03672962321,1.038346699848,
    0.853534330196,1.038346699848,1.03672962321,1.669078461068)) 
REPRESENTATION_ITEM('') );
#2582 = CARTESIAN_POINT('',(-8.456512733717,2.572478777138,8.));
#2583 = CARTESIAN_POINT('',(-8.456512733717,2.572478777138,
    12.984629226713));
#2584 = CARTESIAN_POINT('',(-11.62768170379,-2.712802839654,
    13.700337149737));
#2585 = CARTESIAN_POINT('',(-14.24322696109,-7.072044935164,8.));
#2586 = CARTESIAN_POINT('',(-11.62768170379,-2.712802839654,
    2.299662850263));
#2587 = CARTESIAN_POINT('',(-8.456512733717,2.572478777138,
    3.015370773287));
#2588 = CARTESIAN_POINT('',(-8.456512733717,2.572478777138,8.));
#2589 = ORIENTED_EDGE('',*,*,#2590,.T.);
#2590 = EDGE_CURVE('',#2579,#2591,#2593,.T.);
#2591 = VERTEX_POINT('',#2592);
#2592 = CARTESIAN_POINT('',(8.759731817767,2.731617622608,8.));
#2593 = ( BOUNDED_CURVE() B_SPLINE_CURVE(8,(#2594,#2595,#2596,#2597,
    #2598,#2599,#2600,#2601,#2602,#2603,#2604,#2605,#2606,#2607,#2608,
    #2609,#2610,#2611,#2612,#2613,#2614,#2615,#2616,#2617,#2618,#2619,
    #2620,#2621,#2622,#2623,#2624,#2625,#2626,#2627,#2628,#2629,#2630,
    #2631,#2632,#2633,#2634,#2635,#2636,#2637),.UNSPECIFIED.,.F.,.F.) 
B_SPLINE_CURVE_WITH_KNOTS((9,7,7,7,7,7,9),(0.,3.498571136907,
    7.529700011056,11.169754955697,14.809809900337,18.840938774486,
22.339509911393),.UNSPECIFIED.) CURVE() GEOMETRIC_REPRESENTATION_ITEM() 
RATIONAL_B_SPLINE_CURVE((1.669078461068,1.669078461068,1.669078461068,
    1.669078461068,1.669078461068,1.669078461068,1.669078461068,
    1.669078461068,1.669078461068,1.669078461068,1.669078461068,
    1.669078461068,1.669078461068,1.669078461068,1.669078461068,
    1.669078461068,1.669078461068,1.669078461068,1.669078461068,
    1.669078461068,1.669078461068,1.669078461068,1.669078461068,
    1.669078461068,1.669078461068,1.669078461068,1.669078461068,
    1.669078461068,1.669078461068,1.669078461068,1.669078461068,
    1.669078461068,1.669078461068,1.669078461068,1.669078461068,
    1.669078461068,1.669078461068,1.669078461068,1.669078461068,
    1.669078461068,1.669078461068,1.669078461068,1.669078461068,
1.669078461068)) REPRESENTATION_ITEM('') );
#2594 = CARTESIAN_POINT('',(-8.456512733717,2.572478777138,8.));
#2595 = CARTESIAN_POINT('',(-8.012527397325,2.334943718448,8.));
#2596 = CARTESIAN_POINT('',(-7.583561864234,2.090893177036,8.));
#2597 = CARTESIAN_POINT('',(-7.168237023461,1.843381341461,8.));
#2598 = CARTESIAN_POINT('',(-6.765268034863,1.595118390631,8.));
#2599 = CARTESIAN_POINT('',(-6.373565084028,1.348613234989,8.));
#2600 = CARTESIAN_POINT('',(-5.992293496422,1.106261471801,8.));
#2601 = CARTESIAN_POINT('',(-5.620893210785,0.870378554521,8.));
#2602 = CARTESIAN_POINT('',(-4.842142856066,0.381393016176,8.));
#2603 = CARTESIAN_POINT('',(-4.433089579783,0.127688393023,8.));
#2604 = CARTESIAN_POINT('',(-4.030149156992,-0.116839437641,8.));
#2605 = CARTESIAN_POINT('',(-3.631553044284,-0.35129629108,8.));
#2606 = CARTESIAN_POINT('',(-3.235469393436,-0.575020609314,8.));
#2607 = CARTESIAN_POINT('',(-2.839952551362,-0.787573198004,8.));
#2608 = CARTESIAN_POINT('',(-2.442885447361,-0.988686144322,8.));
#2609 = CARTESIAN_POINT('',(-1.679843848131,-1.349273105971,8.));
#2610 = CARTESIAN_POINT('',(-1.332403691876,-1.500987080032,8.));
#2611 = CARTESIAN_POINT('',(-1.002737754741,-1.6279459681,8.));
#2612 = CARTESIAN_POINT('',(-0.696410650568,-1.725113483607,8.));
#2613 = CARTESIAN_POINT('',(-0.419155473797,-1.789252803764,8.));
#2614 = CARTESIAN_POINT('',(-0.180957968033,-1.818590116439,8.));
#2615 = CARTESIAN_POINT('',(1.335543725621E-02,-1.821458920455,8.));
#2616 = CARTESIAN_POINT('',(0.32908723688,-1.788321299359,8.));
#2617 = CARTESIAN_POINT('',(0.519735872176,-1.75627255689,8.));
#2618 = CARTESIAN_POINT('',(0.75213335339,-1.702817246467,8.));
#2619 = CARTESIAN_POINT('',(1.023211104815,-1.619337101,8.));
#2620 = CARTESIAN_POINT('',(1.323623004432,-1.506667353772,8.));
#2621 = CARTESIAN_POINT('',(1.648081147205,-1.367581355706,8.));
#2622 = CARTESIAN_POINT('',(1.991259941495,-1.206659398595,8.));
#2623 = CARTESIAN_POINT('',(2.747706624028,-0.832435060062,8.));
#2624 = CARTESIAN_POINT('',(3.141454193853,-0.624943527966,8.));
#2625 = CARTESIAN_POINT('',(3.533906873454,-0.406861344003,8.));
#2626 = CARTESIAN_POINT('',(3.927283570066,-0.178490266425,8.));
#2627 = CARTESIAN_POINT('',(4.323613370569,5.97173158831E-02,8.));
#2628 = CARTESIAN_POINT('',(4.724786957506,0.30710106843,8.));
#2629 = CARTESIAN_POINT('',(5.132605610535,0.562776759803,8.));
#2630 = CARTESIAN_POINT('',(5.910062316094,1.053816516509,8.));
#2631 = CARTESIAN_POINT('',(6.281541927242,1.289565502674,8.));
#2632 = CARTESIAN_POINT('',(6.663576291933,1.530721250317,8.));
#2633 = CARTESIAN_POINT('',(7.056715273357,1.774966396742,8.));
#2634 = CARTESIAN_POINT('',(7.461772425604,2.019872662226,8.));
#2635 = CARTESIAN_POINT('',(7.879801867114,2.262870115962,8.));
#2636 = CARTESIAN_POINT('',(8.312028534641,2.501166644489,8.));
#2637 = CARTESIAN_POINT('',(8.759731817767,2.731617622608,8.));
#2638 = ORIENTED_EDGE('',*,*,#2639,.F.);
#2639 = EDGE_CURVE('',#2392,#2591,#2640,.T.);
#2640 = ( BOUNDED_CURVE() B_SPLINE_CURVE(6,(#2641,#2642,#2643,#2644,
#2645,#2646,#2647),.UNSPECIFIED.,.T.,.F.) B_SPLINE_CURVE_WITH_KNOTS((1,6
    ,6,1),(-6.28318530718,0.,6.28318530718,12.566370614359),
.UNSPECIFIED.) CURVE() GEOMETRIC_REPRESENTATION_ITEM() 
RATIONAL_B_SPLINE_CURVE((1.669078461068,1.03672962321,1.038346699848,
    0.853534330196,1.038346699848,1.03672962321,1.669078461068)) 
REPRESENTATION_ITEM('') );
#2641 = CARTESIAN_POINT('',(8.759731817767,2.731617622608,8.));
#2642 = CARTESIAN_POINT('',(8.759731817767,2.731617622608,
    12.984629226713));
#2643 = CARTESIAN_POINT('',(11.307922567368,-2.88062242119,
    13.700337149737));
#2644 = CARTESIAN_POINT('',(13.409642246365,-7.509536228036,8.));
#2645 = CARTESIAN_POINT('',(11.307922567368,-2.88062242119,
    2.299662850263));
#2646 = CARTESIAN_POINT('',(8.759731817767,2.731617622608,3.015370773287
    ));
#2647 = CARTESIAN_POINT('',(8.759731817767,2.731617622608,8.));
#2648 = ORIENTED_EDGE('',*,*,#2391,.T.);
#2649 = ORIENTED_EDGE('',*,*,#2349,.T.);
#2650 = ORIENTED_EDGE('',*,*,#2551,.T.);
#2651 = ORIENTED_EDGE('',*,*,#2652,.F.);
#2652 = EDGE_CURVE('',#2591,#2552,#2653,.T.);
#2653 = ( BOUNDED_CURVE() B_SPLINE_CURVE(6,(#2654,#2655,#2656,#2657,
#2658,#2659,#2660),.UNSPECIFIED.,.T.,.F.) B_SPLINE_CURVE_WITH_KNOTS((1,6
    ,6,1),(-6.28318530718,0.,6.28318530718,12.566370614359),
.UNSPECIFIED.) CURVE() GEOMETRIC_REPRESENTATION_ITEM() 
RATIONAL_B_SPLINE_CURVE((1.669078461068,1.03672962321,1.038346699848,
    0.853534330196,1.038346699848,1.03672962321,1.669078461068)) 
REPRESENTATION_ITEM('') );
#2654 = CARTESIAN_POINT('',(8.759731817767,2.731617622608,8.));
#2655 = CARTESIAN_POINT('',(8.759731817767,2.731617622608,
    12.984629226713));
#2656 = CARTESIAN_POINT('',(11.307922567368,-2.88062242119,
    13.700337149737));
#2657 = CARTESIAN_POINT('',(13.409642246365,-7.509536228036,8.));
#2658 = CARTESIAN_POINT('',(11.307922567368,-2.88062242119,
    2.299662850263));
#2659 = CARTESIAN_POINT('',(8.759731817767,2.731617622608,3.015370773287
    ));
#2660 = CARTESIAN_POINT('',(8.759731817767,2.731617622608,8.));
#2661 = ORIENTED_EDGE('',*,*,#2590,.F.);
#2662 = ORIENTED_EDGE('',*,*,#2663,.T.);
#2663 = EDGE_CURVE('',#2579,#2664,#2666,.T.);
#2664 = VERTEX_POINT('',#2665);
#2665 = CARTESIAN_POINT('',(-9.005672322473,1.657212795878,
    10.294549676708));
#2666 = ( BOUNDED_CURVE() B_SPLINE_CURVE(6,(#2667,#2668,#2669,#2670,
#2671,#2672,#2673),.UNSPECIFIED.,.T.,.F.) B_SPLINE_CURVE_WITH_KNOTS((1,6
    ,6,1),(-6.28318530718,0.,6.28318530718,12.566370614359),
.UNSPECIFIED.) CURVE() GEOMETRIC_REPRESENTATION_ITEM() 
RATIONAL_B_SPLINE_CURVE((1.669078461068,1.03672962321,1.038346699848,
    0.853534330196,1.038346699848,1.03672962321,1.669078461068)) 
REPRESENTATION_ITEM('') );
#2667 = CARTESIAN_POINT('',(-8.456512733717,2.572478777138,8.));
#2668 = CARTESIAN_POINT('',(-8.456512733717,2.572478777138,
    12.984629226713));
#2669 = CARTESIAN_POINT('',(-11.62768170379,-2.712802839654,
    13.700337149737));
#2670 = CARTESIAN_POINT('',(-14.24322696109,-7.072044935164,8.));
#2671 = CARTESIAN_POINT('',(-11.62768170379,-2.712802839654,
    2.299662850263));
#2672 = CARTESIAN_POINT('',(-8.456512733717,2.572478777138,
    3.015370773287));
#2673 = CARTESIAN_POINT('',(-8.456512733717,2.572478777138,8.));
#2674 = ORIENTED_EDGE('',*,*,#2675,.T.);
#2675 = EDGE_CURVE('',#2664,#2577,#2676,.T.);
#2676 = B_SPLINE_CURVE_WITH_KNOTS('',6,(#2677,#2678,#2679,#2680,#2681,
    #2682,#2683,#2684,#2685,#2686,#2687,#2688,#2689,#2690,#2691,#2692,
    #2693),.UNSPECIFIED.,.F.,.F.,(7,5,5,7),(0.,0.364092952722,
    0.596708414248,1.),.UNSPECIFIED.);
#2677 = CARTESIAN_POINT('',(-9.005672322473,1.657212795878,
    10.294549676708));
#2678 = CARTESIAN_POINT('',(-9.012217996366,1.574956938949,
    10.358395072316));
#2679 = CARTESIAN_POINT('',(-9.023488264624,1.490550526477,
    10.42052567518));
#2680 = CARTESIAN_POINT('',(-9.039998445218,1.404079016288,
    10.480710454509));
#2681 = CARTESIAN_POINT('',(-9.062343423252,1.31578871571,
    10.538573714773));
#2682 = CARTESIAN_POINT('',(-9.091165564696,1.226125305071,
    10.59362525295));
#2683 = CARTESIAN_POINT('',(-9.149946706494,1.078071795507,
    10.678368222852));
#2684 = CARTESIAN_POINT('',(-9.175732540222,1.020092346861,
    10.71003206628));
#2685 = CARTESIAN_POINT('',(-9.204524781985,0.962051986953,
    10.740175166309));
#2686 = CARTESIAN_POINT('',(-9.236435364418,0.904217641131,
    10.768632572203));
#2687 = CARTESIAN_POINT('',(-9.271514288883,0.846915403049,
    10.795246199356));
#2688 = CARTESIAN_POINT('',(-9.375933784869,0.69276072639,
    10.862608773835));
#2689 = CARTESIAN_POINT('',(-9.451670232447,0.597525842037,
    10.899494362181));
#2690 = CARTESIAN_POINT('',(-9.536410780818,0.507279769228,
    10.929628604552));
#2691 = CARTESIAN_POINT('',(-9.628944388085,0.424060304245,
    10.952911640848));
#2692 = CARTESIAN_POINT('',(-9.727451343795,0.349360510882,
    10.96993685504));
#2693 = CARTESIAN_POINT('',(-9.829621795174,0.28396367471,
    10.981666631058));
#2694 = ( BOUNDED_SURFACE() B_SPLINE_SURFACE(6,8,(
    (#2695,#2696,#2697,#2698,#2699,#2700,#2701,#2702,#2703,#2704,#2705
      ,#2706,#2707,#2708,#2709,#2710,#2711,#2712,#2713,#2714,#2715,#2716
      ,#2717,#2718,#2719,#2720,#2721,#2722,#2723,#2724,#2725,#2726,#2727
      ,#2728,#2729,#2730,#2731,#2732,#2733,#2734,#2735,#2736,#2737,#2738
      )
    ,(#2739,#2740,#2741,#2742,#2743,#2744,#2745,#2746,#2747,#2748,#2749
      ,#2750,#2751,#2752,#2753,#2754,#2755,#2756,#2757,#2758,#2759,#2760
      ,#2761,#2762,#2763,#2764,#2765,#2766,#2767,#2768,#2769,#2770,#2771
      ,#2772,#2773,#2774,#2775,#2776,#2777,#2778,#2779,#2780,#2781,#2782
      )
    ,(#2783,#2784,#2785,#2786,#2787,#2788,#2789,#2790,#2791,#2792,#2793
      ,#2794,#2795,#2796,#2797,#2798,#2799,#2800,#2801,#2802,#2803,#2804
      ,#2805,#2806,#2807,#2808,#2809,#2810,#2811,#2812,#2813,#2814,#2815
      ,#2816,#2817,#2818,#2819,#2820,#2821,#2822,#2823,#2824,#2825,#2826
      )
    ,(#2827,#2828,#2829,#2830,#2831,#2832,#2833,#2834,#2835,#2836,#2837
      ,#2838,#2839,#2840,#2841,#2842,#2843,#2844,#2845,#2846,#2847,#2848
      ,#2849,#2850,#2851,#2852,#2853,#2854,#2855,#2856,#2857,#2858,#2859
      ,#2860,#2861,#2862,#2863,#2864,#2865,#2866,#2867,#2868,#2869,#2870
      )
    ,(#2871,#2872,#2873,#2874,#2875,#2876,#2877,#2878,#2879,#2880,#2881
      ,#2882,#2883,#2884,#2885,#2886,#2887,#2888,#2889,#2890,#2891,#2892
      ,#2893,#2894,#2895,#2896,#2897,#2898,#2899,#2900,#2901,#2902,#2903
      ,#2904,#2905,#2906,#2907,#2908,#2909,#2910,#2911,#2912,#2913,#2914
      )
    ,(#2915,#2916,#2917,#2918,#2919,#2920,#2921,#2922,#2923,#2924,#2925
      ,#2926,#2927,#2928,#2929,#2930,#2931,#2932,#2933,#2934,#2935,#2936
      ,#2937,#2938,#2939,#2940,#2941,#2942,#2943,#2944,#2945,#2946,#2947
      ,#2948,#2949,#2950,#2951,#2952,#2953,#2954,#2955,#2956,#2957,#2958
      )
    ,(#2959,#2960,#2961,#2962,#2963,#2964,#2965,#2966,#2967,#2968,#2969
      ,#2970,#2971,#2972,#2973,#2974,#2975,#2976,#2977,#2978,#2979,#2980
      ,#2981,#2982,#2983,#2984,#2985,#2986,#2987,#2988,#2989,#2990,#2991
      ,#2992,#2993,#2994,#2995,#2996,#2997,#2998,#2999,#3000,#3001,#3002
)),.UNSPECIFIED.,.T.,.F.,.F.) B_SPLINE_SURFACE_WITH_KNOTS((1,6,6,1),(9,7
    ,7,7,7,7,9),(-6.28318530718,0.,6.28318530718,12.566370614359),(0.,
    3.498571136907,7.529700011056,11.169754955697,14.809809900337,
    18.840938774486,22.339509911393),.UNSPECIFIED.) 
GEOMETRIC_REPRESENTATION_ITEM() RATIONAL_B_SPLINE_SURFACE((
    (1.669078461068,1.669078461068,1.669078461068,1.669078461068
      ,1.669078461068,1.669078461068,1.669078461068,1.669078461068
      ,1.669078461068,1.669078461068,1.669078461068,1.669078461068
      ,1.669078461068,1.669078461068,1.669078461068,1.669078461068
      ,1.669078461068,1.669078461068,1.669078461068,1.669078461068
      ,1.669078461068,1.669078461068,1.669078461068,1.669078461068
      ,1.669078461068,1.669078461068,1.669078461068,1.669078461068
      ,1.669078461068,1.669078461068,1.669078461068,1.669078461068
      ,1.669078461068,1.669078461068,1.669078461068,1.669078461068
      ,1.669078461068,1.669078461068,1.669078461068,1.669078461068
      ,1.669078461068,1.669078461068,1.669078461068,1.669078461068)
    ,(1.03672962321,1.03672962321,1.03672962321,1.03672962321
      ,1.03672962321,1.03672962321,1.03672962321,1.03672962321
      ,1.03672962321,1.03672962321,1.03672962321,1.03672962321
      ,1.03672962321,1.03672962321,1.03672962321,1.03672962321
      ,1.03672962321,1.03672962321,1.03672962321,1.03672962321
      ,1.03672962321,1.03672962321,1.03672962321,1.03672962321
      ,1.03672962321,1.03672962321,1.03672962321,1.03672962321
      ,1.03672962321,1.03672962321,1.03672962321,1.03672962321
      ,1.03672962321,1.03672962321,1.03672962321,1.03672962321
      ,1.03672962321,1.03672962321,1.03672962321,1.03672962321
      ,1.03672962321,1.03672962321,1.03672962321,1.03672962321)
    ,(1.038346699848,1.038346699848,1.038346699848,1.038346699848
      ,1.038346699848,1.038346699847,1.038346699848,1.038346699848
      ,1.038346699848,1.038346699847,1.038346699848,1.038346699847
      ,1.038346699848,1.038346699848,1.038346699848,1.038346699848
      ,1.038346699848,1.038346699848,1.038346699848,1.038346699848
      ,1.038346699848,1.038346699848,1.038346699848,1.038346699848
      ,1.038346699847,1.038346699848,1.038346699847,1.038346699848
      ,1.038346699848,1.038346699848,1.038346699848,1.038346699847
      ,1.038346699848,1.038346699847,1.038346699848,1.038346699848
      ,1.038346699848,1.038346699848,1.038346699848,1.038346699848
      ,1.038346699848,1.038346699848,1.038346699848,1.038346699848)
    ,(0.853534330196,0.853534330196,0.853534330196,0.853534330196
      ,0.853534330196,0.853534330196,0.853534330196,0.853534330196
      ,0.853534330196,0.853534330196,0.853534330196,0.853534330196
      ,0.853534330196,0.853534330196,0.853534330196,0.853534330196
      ,0.853534330196,0.853534330196,0.853534330196,0.853534330196
      ,0.853534330196,0.853534330196,0.853534330196,0.853534330196
      ,0.853534330196,0.853534330196,0.853534330196,0.853534330196
      ,0.853534330196,0.853534330196,0.853534330196,0.853534330196
      ,0.853534330196,0.853534330196,0.853534330196,0.853534330196
      ,0.853534330196,0.853534330196,0.853534330196,0.853534330196
      ,0.853534330196,0.853534330196,0.853534330196,0.853534330196)
    ,(1.038346699848,1.038346699848,1.038346699848,1.038346699848
      ,1.038346699847,1.038346699848,1.038346699848,1.038346699848
      ,1.038346699848,1.038346699847,1.038346699848,1.038346699847
      ,1.038346699848,1.038346699848,1.038346699848,1.038346699848
      ,1.038346699847,1.038346699848,1.038346699847,1.038346699848
      ,1.038346699847,1.038346699848,1.038346699848,1.038346699848
      ,1.038346699847,1.038346699848,1.038346699847,1.038346699848
      ,1.038346699848,1.038346699848,1.038346699848,1.038346699847
      ,1.038346699848,1.038346699847,1.038346699848,1.038346699848
      ,1.038346699848,1.038346699848,1.038346699848,1.038346699848
      ,1.038346699848,1.038346699848,1.038346699848,1.038346699848)
    ,(1.03672962321,1.03672962321,1.03672962321,1.03672962321
      ,1.03672962321,1.03672962321,1.03672962321,1.03672962321
      ,1.03672962321,1.03672962321,1.03672962321,1.03672962321
      ,1.03672962321,1.03672962321,1.03672962321,1.03672962321
      ,1.03672962321,1.03672962321,1.03672962321,1.03672962321
      ,1.03672962321,1.03672962321,1.03672962321,1.03672962321
      ,1.03672962321,1.03672962321,1.03672962321,1.03672962321
      ,1.03672962321,1.03672962321,1.03672962321,1.03672962321
      ,1.03672962321,1.03672962321,1.03672962321,1.03672962321
      ,1.03672962321,1.03672962321,1.03672962321,1.03672962321
      ,1.03672962321,1.03672962321,1.03672962321,1.03672962321)
    ,(1.669078461068,1.669078461068,1.669078461068,1.669078461068
      ,1.669078461068,1.669078461068,1.669078461068,1.669078461068
      ,1.669078461068,1.669078461068,1.669078461068,1.669078461068
      ,1.669078461068,1.669078461068,1.669078461068,1.669078461068
      ,1.669078461068,1.669078461068,1.669078461068,1.669078461068
      ,1.669078461068,1.669078461068,1.669078461068,1.669078461068
      ,1.669078461068,1.669078461068,1.669078461068,1.669078461068
      ,1.669078461068,1.669078461068,1.669078461068,1.669078461068
      ,1.669078461068,1.669078461068,1.669078461068,1.669078461068
      ,1.669078461068,1.669078461068,1.669078461068,1.669078461068
      ,1.669078461068,1.669078461068,1.669078461068,1.669078461068
))) REPRESENTATION_ITEM('') SURFACE() );
#2695 = CARTESIAN_POINT('',(-8.456512733717,2.572478777138,8.));
#2696 = CARTESIAN_POINT('',(-8.012527397325,2.334943718448,8.));
#2697 = CARTESIAN_POINT('',(-7.583561864234,2.090893177036,8.));
#2698 = CARTESIAN_POINT('',(-7.168237023461,1.843381341461,8.));
#2699 = CARTESIAN_POINT('',(-6.765268034863,1.595118390631,8.));
#2700 = CARTESIAN_POINT('',(-6.373565084028,1.348613234989,8.));
#2701 = CARTESIAN_POINT('',(-5.992293496422,1.106261471801,8.));
#2702 = CARTESIAN_POINT('',(-5.620893210785,0.870378554521,8.));
#2703 = CARTESIAN_POINT('',(-4.842142856066,0.381393016176,8.));
#2704 = CARTESIAN_POINT('',(-4.433089579783,0.127688393023,8.));
#2705 = CARTESIAN_POINT('',(-4.030149156992,-0.116839437641,8.));
#2706 = CARTESIAN_POINT('',(-3.631553044284,-0.35129629108,8.));
#2707 = CARTESIAN_POINT('',(-3.235469393436,-0.575020609314,8.));
#2708 = CARTESIAN_POINT('',(-2.839952551362,-0.787573198004,8.));
#2709 = CARTESIAN_POINT('',(-2.442885447361,-0.988686144322,8.));
#2710 = CARTESIAN_POINT('',(-1.679843848131,-1.349273105971,8.));
#2711 = CARTESIAN_POINT('',(-1.332403691876,-1.500987080032,8.));
#2712 = CARTESIAN_POINT('',(-1.002737754741,-1.6279459681,8.));
#2713 = CARTESIAN_POINT('',(-0.696410650568,-1.725113483607,8.));
#2714 = CARTESIAN_POINT('',(-0.419155473797,-1.789252803764,8.));
#2715 = CARTESIAN_POINT('',(-0.180957968033,-1.818590116439,8.));
#2716 = CARTESIAN_POINT('',(1.335543725621E-02,-1.821458920455,8.));
#2717 = CARTESIAN_POINT('',(0.32908723688,-1.788321299359,8.));
#2718 = CARTESIAN_POINT('',(0.519735872176,-1.75627255689,8.));
#2719 = CARTESIAN_POINT('',(0.75213335339,-1.702817246467,8.));
#2720 = CARTESIAN_POINT('',(1.023211104815,-1.619337101,8.));
#2721 = CARTESIAN_POINT('',(1.323623004432,-1.506667353772,8.));
#2722 = CARTESIAN_POINT('',(1.648081147205,-1.367581355706,8.));
#2723 = CARTESIAN_POINT('',(1.991259941495,-1.206659398595,8.));
#2724 = CARTESIAN_POINT('',(2.747706624028,-0.832435060062,8.));
#2725 = CARTESIAN_POINT('',(3.141454193853,-0.624943527966,8.));
#2726 = CARTESIAN_POINT('',(3.533906873454,-0.406861344003,8.));
#2727 = CARTESIAN_POINT('',(3.927283570066,-0.178490266425,8.));
#2728 = CARTESIAN_POINT('',(4.323613370569,5.97173158831E-02,8.));
#2729 = CARTESIAN_POINT('',(4.724786957506,0.30710106843,8.));
#2730 = CARTESIAN_POINT('',(5.132605610535,0.562776759803,8.));
#2731 = CARTESIAN_POINT('',(5.910062316094,1.053816516509,8.));
#2732 = CARTESIAN_POINT('',(6.281541927242,1.289565502674,8.));
#2733 = CARTESIAN_POINT('',(6.663576291933,1.530721250317,8.));
#2734 = CARTESIAN_POINT('',(7.056715273357,1.774966396742,8.));
#2735 = CARTESIAN_POINT('',(7.461772425604,2.019872662226,8.));
#2736 = CARTESIAN_POINT('',(7.879801867114,2.262870115962,8.));
#2737 = CARTESIAN_POINT('',(8.312028534641,2.501166644489,8.));
#2738 = CARTESIAN_POINT('',(8.759731817767,2.731617622608,8.));
#2739 = CARTESIAN_POINT('',(-8.456512733717,2.572478777138,
    12.984629226713));
#2740 = CARTESIAN_POINT('',(-8.012527397325,2.334943718448,
    12.984629226713));
#2741 = CARTESIAN_POINT('',(-7.583561864234,2.090893177036,
    12.984629226713));
#2742 = CARTESIAN_POINT('',(-7.168237023461,1.843381341461,
    12.984629226713));
#2743 = CARTESIAN_POINT('',(-6.765268034863,1.595118390631,
    12.984629226713));
#2744 = CARTESIAN_POINT('',(-6.373565084028,1.348613234988,
    12.984629226713));
#2745 = CARTESIAN_POINT('',(-5.992293496422,1.106261471801,
    12.984629226713));
#2746 = CARTESIAN_POINT('',(-5.620893210785,0.87037855452,
    12.984629226713));
#2747 = CARTESIAN_POINT('',(-4.842142856066,0.381393016176,
    12.984629226713));
#2748 = CARTESIAN_POINT('',(-4.433089579783,0.127688393023,
    12.984629226713));
#2749 = CARTESIAN_POINT('',(-4.030149156992,-0.116839437641,
    12.984629226713));
#2750 = CARTESIAN_POINT('',(-3.631553044284,-0.35129629108,
    12.984629226713));
#2751 = CARTESIAN_POINT('',(-3.235469393436,-0.575020609314,
    12.984629226713));
#2752 = CARTESIAN_POINT('',(-2.839952551362,-0.787573198004,
    12.984629226713));
#2753 = CARTESIAN_POINT('',(-2.442885447361,-0.988686144322,
    12.984629226713));
#2754 = CARTESIAN_POINT('',(-1.679843848131,-1.349273105971,
    12.984629226713));
#2755 = CARTESIAN_POINT('',(-1.332403691876,-1.500987080032,
    12.984629226713));
#2756 = CARTESIAN_POINT('',(-1.002737754741,-1.6279459681,
    12.984629226713));
#2757 = CARTESIAN_POINT('',(-0.696410650568,-1.725113483607,
    12.984629226713));
#2758 = CARTESIAN_POINT('',(-0.419155473797,-1.789252803764,
    12.984629226713));
#2759 = CARTESIAN_POINT('',(-0.180957968033,-1.818590116439,
    12.984629226713));
#2760 = CARTESIAN_POINT('',(1.335543725621E-02,-1.821458920455,
    12.984629226713));
#2761 = CARTESIAN_POINT('',(0.32908723688,-1.788321299359,
    12.984629226713));
#2762 = CARTESIAN_POINT('',(0.519735872176,-1.75627255689,
    12.984629226713));
#2763 = CARTESIAN_POINT('',(0.75213335339,-1.702817246467,
    12.984629226713));
#2764 = CARTESIAN_POINT('',(1.023211104815,-1.619337101,12.984629226713)
  );
#2765 = CARTESIAN_POINT('',(1.323623004432,-1.506667353772,
    12.984629226713));
#2766 = CARTESIAN_POINT('',(1.648081147205,-1.367581355706,
    12.984629226713));
#2767 = CARTESIAN_POINT('',(1.991259941495,-1.206659398595,
    12.984629226713));
#2768 = CARTESIAN_POINT('',(2.747706624028,-0.832435060062,
    12.984629226713));
#2769 = CARTESIAN_POINT('',(3.141454193853,-0.624943527966,
    12.984629226713));
#2770 = CARTESIAN_POINT('',(3.533906873454,-0.406861344003,
    12.984629226713));
#2771 = CARTESIAN_POINT('',(3.927283570066,-0.178490266426,
    12.984629226713));
#2772 = CARTESIAN_POINT('',(4.323613370569,5.97173158832E-02,
    12.984629226713));
#2773 = CARTESIAN_POINT('',(4.724786957506,0.30710106843,12.984629226713
    ));
#2774 = CARTESIAN_POINT('',(5.132605610535,0.562776759803,
    12.984629226713));
#2775 = CARTESIAN_POINT('',(5.910062316094,1.053816516509,
    12.984629226713));
#2776 = CARTESIAN_POINT('',(6.281541927242,1.289565502674,
    12.984629226713));
#2777 = CARTESIAN_POINT('',(6.663576291933,1.530721250317,
    12.984629226713));
#2778 = CARTESIAN_POINT('',(7.056715273357,1.774966396742,
    12.984629226713));
#2779 = CARTESIAN_POINT('',(7.461772425605,2.019872662226,
    12.984629226713));
#2780 = CARTESIAN_POINT('',(7.879801867114,2.262870115962,
    12.984629226713));
#2781 = CARTESIAN_POINT('',(8.312028534641,2.501166644489,
    12.984629226713));
#2782 = CARTESIAN_POINT('',(8.759731817767,2.731617622608,
    12.984629226713));
#2783 = CARTESIAN_POINT('',(-11.62768170379,-2.712802839654,
    13.700337149737));
#2784 = CARTESIAN_POINT('',(-11.30717593309,-2.876250158926,
    13.700337149737));
#2785 = CARTESIAN_POINT('',(-10.97825829858,-3.055788092263,
    13.700337149737));
#2786 = CARTESIAN_POINT('',(-10.64127725114,-3.250061513148,
    13.700337149737));
#2787 = CARTESIAN_POINT('',(-10.29648182854,-3.457352520305,
    13.700337149737));
#2788 = CARTESIAN_POINT('',(-9.943915404508,-3.675730965164,
    13.700337149737));
#2789 = CARTESIAN_POINT('',(-9.583352295455,-3.90314720495,
    13.700337149737));
#2790 = CARTESIAN_POINT('',(-9.214277224882,-4.137467081373,
    13.700337149737));
#2791 = CARTESIAN_POINT('',(-8.399942081854,-4.651809373043,
    13.700337149737));
#2792 = CARTESIAN_POINT('',(-7.95673756589,-4.929724652777,
    13.700337149737));
#2793 = CARTESIAN_POINT('',(-7.504292062609,-5.208935836547,
    13.700337149737));
#2794 = CARTESIAN_POINT('',(-7.040624541099,-5.48797070332,
    13.700337149737));
#2795 = CARTESIAN_POINT('',(-6.563820728424,-5.765111715938,
    13.700337149737));
#2796 = CARTESIAN_POINT('',(-6.072086364362,-6.038406844065,
    13.700337149737));
#2797 = CARTESIAN_POINT('',(-5.563807956825,-6.305723432761,
    13.700337149737));
#2798 = CARTESIAN_POINT('',(-4.562481354887,-6.798828498584,
    13.700337149737));
#2799 = CARTESIAN_POINT('',(-4.05395394493,-7.03657705944,
    13.700337149737));
#2800 = CARTESIAN_POINT('',(-3.511717117296,-7.269576399209,
    13.700337149737));
#2801 = CARTESIAN_POINT('',(-2.93289584794,-7.488963501823,
    13.700337149737));
#2802 = CARTESIAN_POINT('',(-2.314437441905,-7.683977729945,
    13.700337149737));
#2803 = CARTESIAN_POINT('',(-1.648804580759,-7.842315630993,
    13.700337149737));
#2804 = CARTESIAN_POINT('',(-0.933900691449,-7.941015105908,
    13.700337149737));
#2805 = CARTESIAN_POINT('',(0.572778389073,-7.975960324273,
    13.700337149737));
#2806 = CARTESIAN_POINT('',(1.291546954947,-7.908032500654,
    13.700337149737));
#2807 = CARTESIAN_POINT('',(1.963296221489,-7.775128190491,
    13.700337149737));
#2808 = CARTESIAN_POINT('',(2.588269020243,-7.600509794704,
    13.700337149737));
#2809 = CARTESIAN_POINT('',(3.173328157861,-7.3974705425,13.700337149737
    ));
#2810 = CARTESIAN_POINT('',(3.721056855616,-7.177259824637,
    13.700337149737));
#2811 = CARTESIAN_POINT('',(4.234078077123,-6.949221525644,
    13.700337149737));
#2812 = CARTESIAN_POINT('',(5.24235933653,-6.470497730939,
    13.700337149737));
#2813 = CARTESIAN_POINT('',(5.754138352826,-6.209907668334,
    13.700337149737));
#2814 = CARTESIAN_POINT('',(6.24910402388,-5.942443764896,
    13.700337149737));
#2815 = CARTESIAN_POINT('',(6.728762450245,-5.670202983935,
    13.700337149737));
#2816 = CARTESIAN_POINT('',(7.194819907191,-5.395123441505,
    13.700337149737));
#2817 = CARTESIAN_POINT('',(7.649128624024,-5.118923964988,
    13.700337149737));
#2818 = CARTESIAN_POINT('',(8.093635109707,-4.84308727168,
    13.700337149737));
#2819 = CARTESIAN_POINT('',(8.909334468116,-4.330911252266,
    13.700337149737));
#2820 = CARTESIAN_POINT('',(9.278325886115,-4.096450139027,
    13.700337149737));
#2821 = CARTESIAN_POINT('',(9.638084609973,-3.867772643213,
    13.700337149737));
#2822 = CARTESIAN_POINT('',(9.989136670554,-3.647010909723,
    13.700337149737));
#2823 = CARTESIAN_POINT('',(10.331730023953,-3.436180116108,
    13.700337149737));
#2824 = CARTESIAN_POINT('',(10.665858939575,-3.237146062023,
    13.700337149737));
#2825 = CARTESIAN_POINT('',(10.991337550672,-3.051540244809,
    13.700337149737));
#2826 = CARTESIAN_POINT('',(11.307922567368,-2.88062242119,
    13.700337149737));
#2827 = CARTESIAN_POINT('',(-14.24322696109,-7.072044935164,8.));
#2828 = CARTESIAN_POINT('',(-14.02456577688,-7.174385502545,8.));
#2829 = CARTESIAN_POINT('',(-13.77816654775,-7.300714146916,8.));
#2830 = CARTESIAN_POINT('',(-13.50580259863,-7.451077109431,8.));
#2831 = CARTESIAN_POINT('',(-13.20898809288,-7.624574908478,8.));
#2832 = CARTESIAN_POINT('',(-12.88870104531,-7.819754751911,8.));
#2833 = CARTESIAN_POINT('',(-12.5452180614,-8.034852336408,8.));
#2834 = CARTESIAN_POINT('',(-12.17806080262,-8.26788303394,8.));
#2835 = CARTESIAN_POINT('',(-11.33437571792,-8.803139296618,8.));
#2836 = CARTESIAN_POINT('',(-10.86300363542,-9.10102325938,8.));
#2837 = CARTESIAN_POINT('',(-10.36972688672,-9.408840890988,8.));
#2838 = CARTESIAN_POINT('',(-9.852389183555,-9.72464321243,8.));
#2839 = CARTESIAN_POINT('',(-9.309008269999,-10.04584172654,8.));
#2840 = CARTESIAN_POINT('',(-8.737914752994,-10.36923663253,8.));
#2841 = CARTESIAN_POINT('',(-8.137910486548,-10.69115725667,8.));
#2842 = CARTESIAN_POINT('',(-6.940049037491,-11.29356179601,8.));
#2843 = CARTESIAN_POINT('',(-6.298658633979,-11.60227073696,8.));
#2844 = CARTESIAN_POINT('',(-5.581095675909,-11.92273107397,8.));
#2845 = CARTESIAN_POINT('',(-4.777524218809,-12.24292354659,8.));
#2846 = CARTESIAN_POINT('',(-3.877645145349,-12.54588195809,8.));
#2847 = CARTESIAN_POINT('',(-2.859468308426,-12.81061812435,8.));
#2848 = CARTESIAN_POINT('',(-1.715187118716,-12.98835768169,8.));
#2849 = CARTESIAN_POINT('',(0.773772168773,-13.07945687657,8.));
#2850 = CARTESIAN_POINT('',(1.928128239681,-12.98193638178,8.));
#2851 = CARTESIAN_POINT('',(2.962250022241,-12.78350341124,8.));
#2852 = CARTESIAN_POINT('',(3.879111560245,-12.53371518986,8.));
#2853 = CARTESIAN_POINT('',(4.698944606281,-12.25614016477,8.));
#2854 = CARTESIAN_POINT('',(5.430824399954,-11.96901867106,8.));
#2855 = CARTESIAN_POINT('',(6.08392978575,-11.68562355212,8.));
#2856 = CARTESIAN_POINT('',(7.29992143189,-11.12070975633,8.));
#2857 = CARTESIAN_POINT('',(7.90905148591,-10.81632461029,8.));
#2858 = CARTESIAN_POINT('',(8.488568743818,-10.50813120824,8.));
#2859 = CARTESIAN_POINT('',(9.039391391069,-10.19970717886,8.));
#2860 = CARTESIAN_POINT('',(9.562959451465,-9.894216049619,8.));
#2861 = CARTESIAN_POINT('',(10.061093438509,-9.594249681185,8.));
#2862 = CARTESIAN_POINT('',(10.535859644693,-9.30178441542,8.));
#2863 = CARTESIAN_POINT('',(11.383101122185,-8.772175439198,8.));
#2864 = CARTESIAN_POINT('',(11.750040305866,-8.538776549371,8.));
#2865 = CARTESIAN_POINT('',(12.091426326382,-8.320390978301,8.));
#2866 = CARTESIAN_POINT('',(12.407765557957,-8.118998105288,8.));
#2867 = CARTESIAN_POINT('',(12.698839457688,-7.936272385756,8.));
#2868 = CARTESIAN_POINT('',(12.963768143161,-7.773498859742,8.));
#2869 = CARTESIAN_POINT('',(13.201202132429,-7.631351761182,8.));
#2870 = CARTESIAN_POINT('',(13.409642246365,-7.509536228036,8.));
#2871 = CARTESIAN_POINT('',(-11.62768170379,-2.712802839654,
    2.299662850263));
#2872 = CARTESIAN_POINT('',(-11.30717593309,-2.876250158926,
    2.299662850263));
#2873 = CARTESIAN_POINT('',(-10.97825829858,-3.055788092263,
    2.299662850263));
#2874 = CARTESIAN_POINT('',(-10.64127725114,-3.250061513148,
    2.299662850263));
#2875 = CARTESIAN_POINT('',(-10.29648182854,-3.457352520305,
    2.299662850263));
#2876 = CARTESIAN_POINT('',(-9.943915404508,-3.675730965164,
    2.299662850263));
#2877 = CARTESIAN_POINT('',(-9.583352295455,-3.90314720495,
    2.299662850263));
#2878 = CARTESIAN_POINT('',(-9.214277224882,-4.137467081373,
    2.299662850263));
#2879 = CARTESIAN_POINT('',(-8.399942081854,-4.651809373043,
    2.299662850263));
#2880 = CARTESIAN_POINT('',(-7.95673756589,-4.929724652777,
    2.299662850263));
#2881 = CARTESIAN_POINT('',(-7.504292062609,-5.208935836547,
    2.299662850263));
#2882 = CARTESIAN_POINT('',(-7.040624541099,-5.48797070332,
    2.299662850263));
#2883 = CARTESIAN_POINT('',(-6.563820728425,-5.765111715938,
    2.299662850263));
#2884 = CARTESIAN_POINT('',(-6.072086364362,-6.038406844065,
    2.299662850263));
#2885 = CARTESIAN_POINT('',(-5.563807956825,-6.305723432761,
    2.299662850263));
#2886 = CARTESIAN_POINT('',(-4.562481354887,-6.798828498584,
    2.299662850263));
#2887 = CARTESIAN_POINT('',(-4.05395394493,-7.03657705944,2.299662850263
    ));
#2888 = CARTESIAN_POINT('',(-3.511717117296,-7.269576399209,
    2.299662850263));
#2889 = CARTESIAN_POINT('',(-2.93289584794,-7.488963501823,
    2.299662850263));
#2890 = CARTESIAN_POINT('',(-2.314437441905,-7.683977729945,
    2.299662850263));
#2891 = CARTESIAN_POINT('',(-1.648804580759,-7.842315630993,
    2.299662850263));
#2892 = CARTESIAN_POINT('',(-0.933900691449,-7.941015105908,
    2.299662850263));
#2893 = CARTESIAN_POINT('',(0.572778389073,-7.975960324273,
    2.299662850263));
#2894 = CARTESIAN_POINT('',(1.291546954947,-7.908032500654,
    2.299662850263));
#2895 = CARTESIAN_POINT('',(1.963296221489,-7.775128190491,
    2.299662850263));
#2896 = CARTESIAN_POINT('',(2.588269020243,-7.600509794704,
    2.299662850263));
#2897 = CARTESIAN_POINT('',(3.173328157861,-7.3974705425,2.299662850263)
  );
#2898 = CARTESIAN_POINT('',(3.721056855616,-7.177259824637,
    2.299662850263));
#2899 = CARTESIAN_POINT('',(4.234078077123,-6.949221525644,
    2.299662850263));
#2900 = CARTESIAN_POINT('',(5.24235933653,-6.470497730939,2.299662850263
    ));
#2901 = CARTESIAN_POINT('',(5.754138352826,-6.209907668334,
    2.299662850263));
#2902 = CARTESIAN_POINT('',(6.24910402388,-5.942443764896,2.299662850263
    ));
#2903 = CARTESIAN_POINT('',(6.728762450245,-5.670202983936,
    2.299662850263));
#2904 = CARTESIAN_POINT('',(7.194819907191,-5.395123441505,
    2.299662850263));
#2905 = CARTESIAN_POINT('',(7.649128624024,-5.118923964988,
    2.299662850263));
#2906 = CARTESIAN_POINT('',(8.093635109707,-4.84308727168,2.299662850263
    ));
#2907 = CARTESIAN_POINT('',(8.909334468116,-4.330911252266,
    2.299662850263));
#2908 = CARTESIAN_POINT('',(9.278325886115,-4.096450139027,
    2.299662850263));
#2909 = CARTESIAN_POINT('',(9.638084609973,-3.867772643213,
    2.299662850263));
#2910 = CARTESIAN_POINT('',(9.989136670554,-3.647010909723,
    2.299662850263));
#2911 = CARTESIAN_POINT('',(10.331730023953,-3.436180116108,
    2.299662850263));
#2912 = CARTESIAN_POINT('',(10.665858939575,-3.237146062023,
    2.299662850263));
#2913 = CARTESIAN_POINT('',(10.991337550672,-3.051540244809,
    2.299662850263));
#2914 = CARTESIAN_POINT('',(11.307922567368,-2.88062242119,
    2.299662850263));
#2915 = CARTESIAN_POINT('',(-8.456512733717,2.572478777138,
    3.015370773287));
#2916 = CARTESIAN_POINT('',(-8.012527397325,2.334943718448,
    3.015370773287));
#2917 = CARTESIAN_POINT('',(-7.583561864234,2.090893177036,
    3.015370773287));
#2918 = CARTESIAN_POINT('',(-7.168237023461,1.843381341461,
    3.015370773287));
#2919 = CARTESIAN_POINT('',(-6.765268034863,1.595118390631,
    3.015370773287));
#2920 = CARTESIAN_POINT('',(-6.373565084028,1.348613234989,
    3.015370773287));
#2921 = CARTESIAN_POINT('',(-5.992293496422,1.106261471801,
    3.015370773287));
#2922 = CARTESIAN_POINT('',(-5.620893210785,0.87037855452,3.015370773287
    ));
#2923 = CARTESIAN_POINT('',(-4.842142856066,0.381393016176,
    3.015370773287));
#2924 = CARTESIAN_POINT('',(-4.433089579783,0.127688393023,
    3.015370773287));
#2925 = CARTESIAN_POINT('',(-4.030149156992,-0.116839437641,
    3.015370773287));
#2926 = CARTESIAN_POINT('',(-3.631553044284,-0.35129629108,
    3.015370773287));
#2927 = CARTESIAN_POINT('',(-3.235469393436,-0.575020609314,
    3.015370773287));
#2928 = CARTESIAN_POINT('',(-2.839952551362,-0.787573198004,
    3.015370773287));
#2929 = CARTESIAN_POINT('',(-2.442885447361,-0.988686144322,
    3.015370773287));
#2930 = CARTESIAN_POINT('',(-1.679843848131,-1.349273105971,
    3.015370773287));
#2931 = CARTESIAN_POINT('',(-1.332403691876,-1.500987080032,
    3.015370773287));
#2932 = CARTESIAN_POINT('',(-1.002737754741,-1.6279459681,3.015370773287
    ));
#2933 = CARTESIAN_POINT('',(-0.696410650568,-1.725113483607,
    3.015370773287));
#2934 = CARTESIAN_POINT('',(-0.419155473797,-1.789252803764,
    3.015370773287));
#2935 = CARTESIAN_POINT('',(-0.180957968033,-1.818590116439,
    3.015370773287));
#2936 = CARTESIAN_POINT('',(1.335543725621E-02,-1.821458920455,
    3.015370773287));
#2937 = CARTESIAN_POINT('',(0.32908723688,-1.788321299359,3.015370773287
    ));
#2938 = CARTESIAN_POINT('',(0.519735872176,-1.75627255689,3.015370773287
    ));
#2939 = CARTESIAN_POINT('',(0.75213335339,-1.702817246467,3.015370773287
    ));
#2940 = CARTESIAN_POINT('',(1.023211104815,-1.619337101,3.015370773287)
  );
#2941 = CARTESIAN_POINT('',(1.323623004432,-1.506667353772,
    3.015370773287));
#2942 = CARTESIAN_POINT('',(1.648081147205,-1.367581355706,
    3.015370773287));
#2943 = CARTESIAN_POINT('',(1.991259941495,-1.206659398595,
    3.015370773287));
#2944 = CARTESIAN_POINT('',(2.747706624028,-0.832435060062,
    3.015370773287));
#2945 = CARTESIAN_POINT('',(3.141454193853,-0.624943527966,
    3.015370773287));
#2946 = CARTESIAN_POINT('',(3.533906873454,-0.406861344003,
    3.015370773287));
#2947 = CARTESIAN_POINT('',(3.927283570066,-0.178490266425,
    3.015370773287));
#2948 = CARTESIAN_POINT('',(4.323613370569,5.971731588304E-02,
    3.015370773287));
#2949 = CARTESIAN_POINT('',(4.724786957506,0.30710106843,3.015370773287)
  );
#2950 = CARTESIAN_POINT('',(5.132605610535,0.562776759803,3.015370773287
    ));
#2951 = CARTESIAN_POINT('',(5.910062316094,1.053816516509,3.015370773287
    ));
#2952 = CARTESIAN_POINT('',(6.281541927242,1.289565502674,3.015370773287
    ));
#2953 = CARTESIAN_POINT('',(6.663576291934,1.530721250317,3.015370773287
    ));
#2954 = CARTESIAN_POINT('',(7.056715273357,1.774966396742,3.015370773287
    ));
#2955 = CARTESIAN_POINT('',(7.461772425605,2.019872662226,3.015370773287
    ));
#2956 = CARTESIAN_POINT('',(7.879801867114,2.262870115962,3.015370773287
    ));
#2957 = CARTESIAN_POINT('',(8.312028534641,2.501166644489,3.015370773287
    ));
#2958 = CARTESIAN_POINT('',(8.759731817767,2.731617622608,3.015370773287
    ));
#2959 = CARTESIAN_POINT('',(-8.456512733717,2.572478777138,8.));
#2960 = CARTESIAN_POINT('',(-8.012527397325,2.334943718448,8.));
#2961 = CARTESIAN_POINT('',(-7.583561864234,2.090893177036,8.));
#2962 = CARTESIAN_POINT('',(-7.168237023461,1.843381341461,8.));
#2963 = CARTESIAN_POINT('',(-6.765268034863,1.595118390631,8.));
#2964 = CARTESIAN_POINT('',(-6.373565084028,1.348613234989,8.));
#2965 = CARTESIAN_POINT('',(-5.992293496422,1.106261471801,8.));
#2966 = CARTESIAN_POINT('',(-5.620893210785,0.870378554521,8.));
#2967 = CARTESIAN_POINT('',(-4.842142856066,0.381393016176,8.));
#2968 = CARTESIAN_POINT('',(-4.433089579783,0.127688393023,8.));
#2969 = CARTESIAN_POINT('',(-4.030149156992,-0.116839437641,8.));
#2970 = CARTESIAN_POINT('',(-3.631553044284,-0.35129629108,8.));
#2971 = CARTESIAN_POINT('',(-3.235469393436,-0.575020609314,8.));
#2972 = CARTESIAN_POINT('',(-2.839952551362,-0.787573198004,8.));
#2973 = CARTESIAN_POINT('',(-2.442885447361,-0.988686144322,8.));
#2974 = CARTESIAN_POINT('',(-1.679843848131,-1.349273105971,8.));
#2975 = CARTESIAN_POINT('',(-1.332403691876,-1.500987080032,8.));
#2976 = CARTESIAN_POINT('',(-1.002737754741,-1.6279459681,8.));
#2977 = CARTESIAN_POINT('',(-0.696410650568,-1.725113483607,8.));
#2978 = CARTESIAN_POINT('',(-0.419155473797,-1.789252803764,8.));
#2979 = CARTESIAN_POINT('',(-0.180957968033,-1.818590116439,8.));
#2980 = CARTESIAN_POINT('',(1.335543725621E-02,-1.821458920455,8.));
#2981 = CARTESIAN_POINT('',(0.32908723688,-1.788321299359,8.));
#2982 = CARTESIAN_POINT('',(0.519735872176,-1.75627255689,8.));
#2983 = CARTESIAN_POINT('',(0.75213335339,-1.702817246467,8.));
#2984 = CARTESIAN_POINT('',(1.023211104815,-1.619337101,8.));
#2985 = CARTESIAN_POINT('',(1.323623004432,-1.506667353772,8.));
#2986 = CARTESIAN_POINT('',(1.648081147205,-1.367581355706,8.));
#2987 = CARTESIAN_POINT('',(1.991259941495,-1.206659398595,8.));
#2988 = CARTESIAN_POINT('',(2.747706624028,-0.832435060062,8.));
#2989 = CARTESIAN_POINT('',(3.141454193853,-0.624943527966,8.));
#2990 = CARTESIAN_POINT('',(3.533906873454,-0.406861344003,8.));
#2991 = CARTESIAN_POINT('',(3.927283570066,-0.178490266425,8.));
#2992 = CARTESIAN_POINT('',(4.323613370569,5.97173158831E-02,8.));
#2993 = CARTESIAN_POINT('',(4.724786957506,0.30710106843,8.));
#2994 = CARTESIAN_POINT('',(5.132605610535,0.562776759803,8.));
#2995 = CARTESIAN_POINT('',(5.910062316094,1.053816516509,8.));
#2996 = CARTESIAN_POINT('',(6.281541927242,1.289565502674,8.));
#2997 = CARTESIAN_POINT('',(6.663576291933,1.530721250317,8.));
#2998 = CARTESIAN_POINT('',(7.056715273357,1.774966396742,8.));
#2999 = CARTESIAN_POINT('',(7.461772425604,2.019872662226,8.));
#3000 = CARTESIAN_POINT('',(7.879801867114,2.262870115962,8.));
#3001 = CARTESIAN_POINT('',(8.312028534641,2.501166644489,8.));
#3002 = CARTESIAN_POINT('',(8.759731817767,2.731617622608,8.));
#3003 = ADVANCED_FACE('',(#3004),#3015,.T.);
#3004 = FACE_BOUND('',#3005,.F.);
#3005 = EDGE_LOOP('',(#3006,#3007,#3014));
#3006 = ORIENTED_EDGE('',*,*,#2458,.F.);
#3007 = ORIENTED_EDGE('',*,*,#3008,.T.);
#3008 = EDGE_CURVE('',#2459,#2436,#3009,.T.);
#3009 = CIRCLE('',#3010,1.8);
#3010 = AXIS2_PLACEMENT_3D('',#3011,#3012,#3013);
#3011 = CARTESIAN_POINT('',(10.8,1.8,14.2));
#3012 = DIRECTION('',(1.,-6.123233995737E-17,0.));
#3013 = DIRECTION('',(-6.123233995737E-17,-1.,0.));
#3014 = ORIENTED_EDGE('',*,*,#2443,.F.);
#3015 = SPHERICAL_SURFACE('',#3016,1.8);
#3016 = AXIS2_PLACEMENT_3D('',#3017,#3018,#3019);
#3017 = CARTESIAN_POINT('',(10.8,1.8,14.2));
#3018 = DIRECTION('',(-0.,-0.,-1.));
#3019 = DIRECTION('',(-1.,0.,0.));
#3020 = ADVANCED_FACE('',(#3021),#3062,.F.);
#3021 = FACE_BOUND('',#3022,.F.);
#3022 = EDGE_LOOP('',(#3023,#3031,#3032,#3040,#3048,#3056));
#3023 = ORIENTED_EDGE('',*,*,#3024,.F.);
#3024 = EDGE_CURVE('',#2427,#3025,#3027,.T.);
#3025 = VERTEX_POINT('',#3026);
#3026 = CARTESIAN_POINT('',(64.,-3.330669073875E-16,9.8));
#3027 = LINE('',#3028,#3029);
#3028 = CARTESIAN_POINT('',(9.,-2.22044604925E-16,9.8));
#3029 = VECTOR('',#3030,1.);
#3030 = DIRECTION('',(1.,0.,0.));
#3031 = ORIENTED_EDGE('',*,*,#2435,.T.);
#3032 = ORIENTED_EDGE('',*,*,#3033,.T.);
#3033 = EDGE_CURVE('',#2436,#3034,#3036,.T.);
#3034 = VERTEX_POINT('',#3035);
#3035 = CARTESIAN_POINT('',(65.2,-2.22044604925E-16,14.2));
#3036 = LINE('',#3037,#3038);
#3037 = CARTESIAN_POINT('',(9.,-2.22044604925E-16,14.2));
#3038 = VECTOR('',#3039,1.);
#3039 = DIRECTION('',(1.,0.,0.));
#3040 = ORIENTED_EDGE('',*,*,#3041,.F.);
#3041 = EDGE_CURVE('',#3042,#3034,#3044,.T.);
#3042 = VERTEX_POINT('',#3043);
#3043 = CARTESIAN_POINT('',(65.2,-3.330669073875E-16,13.));
#3044 = LINE('',#3045,#3046);
#3045 = CARTESIAN_POINT('',(65.2,-2.22044604925E-16,8.));
#3046 = VECTOR('',#3047,1.);
#3047 = DIRECTION('',(0.,0.,1.));
#3048 = ORIENTED_EDGE('',*,*,#3049,.F.);
#3049 = EDGE_CURVE('',#3050,#3042,#3052,.T.);
#3050 = VERTEX_POINT('',#3051);
#3051 = CARTESIAN_POINT('',(64.,-4.440892098501E-16,13.));
#3052 = LINE('',#3053,#3054);
#3053 = CARTESIAN_POINT('',(62.,-4.440892098501E-16,13.));
#3054 = VECTOR('',#3055,1.);
#3055 = DIRECTION('',(1.,0.,0.));
#3056 = ORIENTED_EDGE('',*,*,#3057,.F.);
#3057 = EDGE_CURVE('',#3025,#3050,#3058,.T.);
#3058 = LINE('',#3059,#3060);
#3059 = CARTESIAN_POINT('',(64.,-4.440892098501E-16,5.));
#3060 = VECTOR('',#3061,1.);
#3061 = DIRECTION('',(0.,0.,1.));
#3062 = PLANE('',#3063);
#3063 = AXIS2_PLACEMENT_3D('',#3064,#3065,#3066);
#3064 = CARTESIAN_POINT('',(9.,0.,8.));
#3065 = DIRECTION('',(0.,1.,0.));
#3066 = DIRECTION('',(0.,0.,1.));
#3067 = ADVANCED_FACE('',(#3068),#3086,.T.);
#3068 = FACE_BOUND('',#3069,.T.);
#3069 = EDGE_LOOP('',(#3070,#3071,#3078,#3079));
#3070 = ORIENTED_EDGE('',*,*,#2524,.F.);
#3071 = ORIENTED_EDGE('',*,*,#3072,.T.);
#3072 = EDGE_CURVE('',#2525,#2427,#3073,.T.);
#3073 = CIRCLE('',#3074,1.8);
#3074 = AXIS2_PLACEMENT_3D('',#3075,#3076,#3077);
#3075 = CARTESIAN_POINT('',(10.8,1.8,9.8));
#3076 = DIRECTION('',(-1.,6.123233995737E-17,0.));
#3077 = DIRECTION('',(-6.123233995737E-17,-1.,0.));
#3078 = ORIENTED_EDGE('',*,*,#2426,.F.);
#3079 = ORIENTED_EDGE('',*,*,#3080,.T.);
#3080 = EDGE_CURVE('',#2419,#2527,#3081,.T.);
#3081 = CIRCLE('',#3082,1.035119312217);
#3082 = AXIS2_PLACEMENT_3D('',#3083,#3084,#3085);
#3083 = CARTESIAN_POINT('',(9.459146996563,1.191196885153,9.8));
#3084 = DIRECTION('',(0.910539207536,0.413422727411,8.897474479973E-16)
  );
#3085 = DIRECTION('',(-0.413422727411,0.910539207536,0.));
#3086 = SPHERICAL_SURFACE('',#3087,1.8);
#3087 = AXIS2_PLACEMENT_3D('',#3088,#3089,#3090);
#3088 = CARTESIAN_POINT('',(10.8,1.8,9.8));
#3089 = DIRECTION('',(0.,0.,1.));
#3090 = DIRECTION('',(-1.,0.,0.));
#3091 = ADVANCED_FACE('',(#3092),#3099,.T.);
#3092 = FACE_BOUND('',#3093,.T.);
#3093 = EDGE_LOOP('',(#3094,#3095,#3096,#3097,#3098));
#3094 = ORIENTED_EDGE('',*,*,#2639,.T.);
#3095 = ORIENTED_EDGE('',*,*,#2652,.T.);
#3096 = ORIENTED_EDGE('',*,*,#2561,.F.);
#3097 = ORIENTED_EDGE('',*,*,#3080,.F.);
#3098 = ORIENTED_EDGE('',*,*,#2418,.T.);
#3099 = PLANE('',#3100);
#3100 = AXIS2_PLACEMENT_3D('',#3101,#3102,#3103);
#3101 = CARTESIAN_POINT('',(9.999803512702,4.327517001905E-04,8.));
#3102 = DIRECTION('',(0.910539207536,0.413422727411,8.897474479973E-16)
  );
#3103 = DIRECTION('',(-0.413422727411,0.910539207536,0.));
#3104 = ADVANCED_FACE('',(#3105),#3130,.T.);
#3105 = FACE_BOUND('',#3106,.T.);
#3106 = EDGE_LOOP('',(#3107,#3108,#3116,#3124));
#3107 = ORIENTED_EDGE('',*,*,#2467,.F.);
#3108 = ORIENTED_EDGE('',*,*,#3109,.T.);
#3109 = EDGE_CURVE('',#2459,#3110,#3112,.T.);
#3110 = VERTEX_POINT('',#3111);
#3111 = CARTESIAN_POINT('',(65.2,1.8,16.));
#3112 = LINE('',#3113,#3114);
#3113 = CARTESIAN_POINT('',(9.,1.8,16.));
#3114 = VECTOR('',#3115,1.);
#3115 = DIRECTION('',(1.,0.,0.));
#3116 = ORIENTED_EDGE('',*,*,#3117,.T.);
#3117 = EDGE_CURVE('',#3110,#3118,#3120,.T.);
#3118 = VERTEX_POINT('',#3119);
#3119 = CARTESIAN_POINT('',(65.2,3.2,16.));
#3120 = LINE('',#3121,#3122);
#3121 = CARTESIAN_POINT('',(65.2,0.,16.));
#3122 = VECTOR('',#3123,1.);
#3123 = DIRECTION('',(0.,1.,0.));
#3124 = ORIENTED_EDGE('',*,*,#3125,.F.);
#3125 = EDGE_CURVE('',#2468,#3118,#3126,.T.);
#3126 = LINE('',#3127,#3128);
#3127 = CARTESIAN_POINT('',(9.,3.2,16.));
#3128 = VECTOR('',#3129,1.);
#3129 = DIRECTION('',(1.,0.,0.));
#3130 = PLANE('',#3131);
#3131 = AXIS2_PLACEMENT_3D('',#3132,#3133,#3134);
#3132 = CARTESIAN_POINT('',(9.,0.,16.));
#3133 = DIRECTION('',(0.,0.,1.));
#3134 = DIRECTION('',(1.,0.,0.));
#3135 = ADVANCED_FACE('',(#3136),#3147,.T.);
#3136 = FACE_BOUND('',#3137,.F.);
#3137 = EDGE_LOOP('',(#3138,#3139,#3146));
#3138 = ORIENTED_EDGE('',*,*,#2509,.F.);
#3139 = ORIENTED_EDGE('',*,*,#3140,.T.);
#3140 = EDGE_CURVE('',#2502,#2468,#3141,.T.);
#3141 = CIRCLE('',#3142,1.8);
#3142 = AXIS2_PLACEMENT_3D('',#3143,#3144,#3145);
#3143 = CARTESIAN_POINT('',(10.8,3.2,14.2));
#3144 = DIRECTION('',(1.,0.,6.123233995737E-17));
#3145 = DIRECTION('',(-6.123233995737E-17,0.,1.));
#3146 = ORIENTED_EDGE('',*,*,#2475,.F.);
#3147 = SPHERICAL_SURFACE('',#3148,1.8);
#3148 = AXIS2_PLACEMENT_3D('',#3149,#3150,#3151);
#3149 = CARTESIAN_POINT('',(10.8,3.2,14.2));
#3150 = DIRECTION('',(0.,-1.,0.));
#3151 = DIRECTION('',(-1.,0.,0.));
#3152 = ADVANCED_FACE('',(#3153),#3164,.T.);
#3153 = FACE_BOUND('',#3154,.F.);
#3154 = EDGE_LOOP('',(#3155,#3156,#3163));
#3155 = ORIENTED_EDGE('',*,*,#2543,.F.);
#3156 = ORIENTED_EDGE('',*,*,#3157,.T.);
#3157 = EDGE_CURVE('',#2536,#2493,#3158,.T.);
#3158 = CIRCLE('',#3159,1.8);
#3159 = AXIS2_PLACEMENT_3D('',#3160,#3161,#3162);
#3160 = CARTESIAN_POINT('',(10.8,3.2,9.8));
#3161 = DIRECTION('',(1.,6.123233995737E-17,-0.));
#3162 = DIRECTION('',(-6.123233995737E-17,1.,0.));
#3163 = ORIENTED_EDGE('',*,*,#2492,.F.);
#3164 = SPHERICAL_SURFACE('',#3165,1.8);
#3165 = AXIS2_PLACEMENT_3D('',#3166,#3167,#3168);
#3166 = CARTESIAN_POINT('',(10.8,3.2,9.8));
#3167 = DIRECTION('',(0.,0.,1.));
#3168 = DIRECTION('',(-1.,0.,0.));
#3169 = ADVANCED_FACE('',(#3170),#3204,.T.);
#3170 = FACE_BOUND('',#3171,.T.);
#3171 = EDGE_LOOP('',(#3172,#3180,#3181,#3189,#3198));
#3172 = ORIENTED_EDGE('',*,*,#3173,.F.);
#3173 = EDGE_CURVE('',#2493,#3174,#3176,.T.);
#3174 = VERTEX_POINT('',#3175);
#3175 = CARTESIAN_POINT('',(62.,5.,9.8));
#3176 = LINE('',#3177,#3178);
#3177 = CARTESIAN_POINT('',(9.,5.,9.8));
#3178 = VECTOR('',#3179,1.);
#3179 = DIRECTION('',(1.,0.,0.));
#3180 = ORIENTED_EDGE('',*,*,#2501,.T.);
#3181 = ORIENTED_EDGE('',*,*,#3182,.T.);
#3182 = EDGE_CURVE('',#2502,#3183,#3185,.T.);
#3183 = VERTEX_POINT('',#3184);
#3184 = CARTESIAN_POINT('',(62.4,5.,14.2));
#3185 = LINE('',#3186,#3187);
#3186 = CARTESIAN_POINT('',(9.,5.,14.2));
#3187 = VECTOR('',#3188,1.);
#3188 = DIRECTION('',(1.,0.,0.));
#3189 = ORIENTED_EDGE('',*,*,#3190,.F.);
#3190 = EDGE_CURVE('',#3191,#3183,#3193,.T.);
#3191 = VERTEX_POINT('',#3192);
#3192 = CARTESIAN_POINT('',(62.,5.,13.));
#3193 = CIRCLE('',#3194,2.);
#3194 = AXIS2_PLACEMENT_3D('',#3195,#3196,#3197);
#3195 = CARTESIAN_POINT('',(64.,5.,13.));
#3196 = DIRECTION('',(0.,1.,-0.));
#3197 = DIRECTION('',(-1.,0.,0.));
#3198 = ORIENTED_EDGE('',*,*,#3199,.F.);
#3199 = EDGE_CURVE('',#3174,#3191,#3200,.T.);
#3200 = LINE('',#3201,#3202);
#3201 = CARTESIAN_POINT('',(62.,5.,5.));
#3202 = VECTOR('',#3203,1.);
#3203 = DIRECTION('',(0.,0.,1.));
#3204 = PLANE('',#3205);
#3205 = AXIS2_PLACEMENT_3D('',#3206,#3207,#3208);
#3206 = CARTESIAN_POINT('',(9.,5.,8.));
#3207 = DIRECTION('',(0.,1.,0.));
#3208 = DIRECTION('',(0.,0.,1.));
#3209 = ADVANCED_FACE('',(#3210),#3244,.F.);
#3210 = FACE_BOUND('',#3211,.F.);
#3211 = EDGE_LOOP('',(#3212,#3213,#3221,#3230,#3238));
#3212 = ORIENTED_EDGE('',*,*,#2535,.F.);
#3213 = ORIENTED_EDGE('',*,*,#3214,.T.);
#3214 = EDGE_CURVE('',#2525,#3215,#3217,.T.);
#3215 = VERTEX_POINT('',#3216);
#3216 = CARTESIAN_POINT('',(62.010025125787,1.8,8.));
#3217 = LINE('',#3218,#3219);
#3218 = CARTESIAN_POINT('',(9.,1.8,8.));
#3219 = VECTOR('',#3220,1.);
#3220 = DIRECTION('',(1.,0.,0.));
#3221 = ORIENTED_EDGE('',*,*,#3222,.F.);
#3222 = EDGE_CURVE('',#3223,#3215,#3225,.T.);
#3223 = VERTEX_POINT('',#3224);
#3224 = CARTESIAN_POINT('',(62.,2.,8.));
#3225 = CIRCLE('',#3226,2.);
#3226 = AXIS2_PLACEMENT_3D('',#3227,#3228,#3229);
#3227 = CARTESIAN_POINT('',(64.,2.,8.));
#3228 = DIRECTION('',(0.,0.,1.));
#3229 = DIRECTION('',(-1.,0.,0.));
#3230 = ORIENTED_EDGE('',*,*,#3231,.T.);
#3231 = EDGE_CURVE('',#3223,#3232,#3234,.T.);
#3232 = VERTEX_POINT('',#3233);
#3233 = CARTESIAN_POINT('',(62.,3.2,8.));
#3234 = LINE('',#3235,#3236);
#3235 = CARTESIAN_POINT('',(62.,0.,8.));
#3236 = VECTOR('',#3237,1.);
#3237 = DIRECTION('',(0.,1.,0.));
#3238 = ORIENTED_EDGE('',*,*,#3239,.F.);
#3239 = EDGE_CURVE('',#2536,#3232,#3240,.T.);
#3240 = LINE('',#3241,#3242);
#3241 = CARTESIAN_POINT('',(9.,3.2,8.));
#3242 = VECTOR('',#3243,1.);
#3243 = DIRECTION('',(1.,0.,0.));
#3244 = PLANE('',#3245);
#3245 = AXIS2_PLACEMENT_3D('',#3246,#3247,#3248);
#3246 = CARTESIAN_POINT('',(9.,0.,8.));
#3247 = DIRECTION('',(0.,0.,1.));
#3248 = DIRECTION('',(1.,0.,0.));
#3249 = ADVANCED_FACE('',(#3250),#3277,.F.);
#3250 = FACE_BOUND('',#3251,.F.);
#3251 = EDGE_LOOP('',(#3252,#3253,#3254,#3262,#3271));
#3252 = ORIENTED_EDGE('',*,*,#2576,.T.);
#3253 = ORIENTED_EDGE('',*,*,#2663,.T.);
#3254 = ORIENTED_EDGE('',*,*,#3255,.F.);
#3255 = EDGE_CURVE('',#3256,#2664,#3258,.T.);
#3256 = VERTEX_POINT('',#3257);
#3257 = CARTESIAN_POINT('',(-9.005672322473,1.657212795878,9.8));
#3258 = LINE('',#3259,#3260);
#3259 = CARTESIAN_POINT('',(-9.005672322473,1.657212795878,8.));
#3260 = VECTOR('',#3261,1.);
#3261 = DIRECTION('',(0.,0.,1.));
#3262 = ORIENTED_EDGE('',*,*,#3263,.F.);
#3263 = EDGE_CURVE('',#3264,#3256,#3266,.T.);
#3264 = VERTEX_POINT('',#3265);
#3265 = CARTESIAN_POINT('',(-9.829621795174,0.28396367471,9.8));
#3266 = CIRCLE('',#3267,0.800734956517);
#3267 = AXIS2_PLACEMENT_3D('',#3268,#3269,#3270);
#3268 = CARTESIAN_POINT('',(-9.417647058824,0.970588235294,9.8));
#3269 = DIRECTION('',(0.857492925713,-0.514495755428,4.158869227562E-15)
  );
#3270 = DIRECTION('',(0.514495755428,0.857492925713,0.));
#3271 = ORIENTED_EDGE('',*,*,#3272,.T.);
#3272 = EDGE_CURVE('',#3264,#2577,#3273,.T.);
#3273 = LINE('',#3274,#3275);
#3274 = CARTESIAN_POINT('',(-9.829621795174,0.28396367471,8.));
#3275 = VECTOR('',#3276,1.);
#3276 = DIRECTION('',(0.,0.,1.));
#3277 = PLANE('',#3278);
#3278 = AXIS2_PLACEMENT_3D('',#3279,#3280,#3281);
#3279 = CARTESIAN_POINT('',(-9.999755475754,4.075404094973E-04,8.));
#3280 = DIRECTION('',(0.857492925713,-0.514495755428,4.158869227562E-15)
  );
#3281 = DIRECTION('',(0.514495755428,0.857492925713,0.));
#3282 = ADVANCED_FACE('',(#3283),#3329,.T.);
#3283 = FACE_BOUND('',#3284,.F.);
#3284 = EDGE_LOOP('',(#3285,#3295,#3302,#3303,#3304,#3305,#3314,#3322));
#3285 = ORIENTED_EDGE('',*,*,#3286,.F.);
#3286 = EDGE_CURVE('',#3287,#3289,#3291,.T.);
#3287 = VERTEX_POINT('',#3288);
#3288 = CARTESIAN_POINT('',(-9.,1.8,9.8));
#3289 = VERTEX_POINT('',#3290);
#3290 = CARTESIAN_POINT('',(-9.,1.8,14.2));
#3291 = LINE('',#3292,#3293);
#3292 = CARTESIAN_POINT('',(-9.,1.8,8.));
#3293 = VECTOR('',#3294,1.);
#3294 = DIRECTION('',(0.,0.,1.));
#3295 = ORIENTED_EDGE('',*,*,#3296,.T.);
#3296 = EDGE_CURVE('',#3287,#3256,#3297,.T.);
#3297 = CIRCLE('',#3298,1.8);
#3298 = AXIS2_PLACEMENT_3D('',#3299,#3300,#3301);
#3299 = CARTESIAN_POINT('',(-10.8,1.8,9.8));
#3300 = DIRECTION('',(0.,0.,-1.));
#3301 = DIRECTION('',(1.,0.,0.));
#3302 = ORIENTED_EDGE('',*,*,#3255,.T.);
#3303 = ORIENTED_EDGE('',*,*,#2675,.T.);
#3304 = ORIENTED_EDGE('',*,*,#3272,.F.);
#3305 = ORIENTED_EDGE('',*,*,#3306,.T.);
#3306 = EDGE_CURVE('',#3264,#3307,#3309,.T.);
#3307 = VERTEX_POINT('',#3308);
#3308 = CARTESIAN_POINT('',(-10.8,-2.22044604925E-16,9.8));
#3309 = CIRCLE('',#3310,1.8);
#3310 = AXIS2_PLACEMENT_3D('',#3311,#3312,#3313);
#3311 = CARTESIAN_POINT('',(-10.8,1.8,9.8));
#3312 = DIRECTION('',(0.,0.,-1.));
#3313 = DIRECTION('',(1.,0.,0.));
#3314 = ORIENTED_EDGE('',*,*,#3315,.T.);
#3315 = EDGE_CURVE('',#3307,#3316,#3318,.T.);
#3316 = VERTEX_POINT('',#3317);
#3317 = CARTESIAN_POINT('',(-10.8,-2.22044604925E-16,14.2));
#3318 = LINE('',#3319,#3320);
#3319 = CARTESIAN_POINT('',(-10.8,-2.22044604925E-16,8.));
#3320 = VECTOR('',#3321,1.);
#3321 = DIRECTION('',(0.,0.,1.));
#3322 = ORIENTED_EDGE('',*,*,#3323,.F.);
#3323 = EDGE_CURVE('',#3289,#3316,#3324,.T.);
#3324 = CIRCLE('',#3325,1.8);
#3325 = AXIS2_PLACEMENT_3D('',#3326,#3327,#3328);
#3326 = CARTESIAN_POINT('',(-10.8,1.8,14.2));
#3327 = DIRECTION('',(0.,0.,-1.));
#3328 = DIRECTION('',(1.,0.,0.));
#3329 = CYLINDRICAL_SURFACE('',#3330,1.8);
#3330 = AXIS2_PLACEMENT_3D('',#3331,#3332,#3333);
#3331 = CARTESIAN_POINT('',(-10.8,1.8,8.));
#3332 = DIRECTION('',(0.,0.,1.));
#3333 = DIRECTION('',(1.,0.,0.));
#3334 = ADVANCED_FACE('',(#3335),#3347,.T.);
#3335 = FACE_BOUND('',#3336,.F.);
#3336 = EDGE_LOOP('',(#3337,#3338,#3339,#3346));
#3337 = ORIENTED_EDGE('',*,*,#3008,.F.);
#3338 = ORIENTED_EDGE('',*,*,#3109,.T.);
#3339 = ORIENTED_EDGE('',*,*,#3340,.T.);
#3340 = EDGE_CURVE('',#3110,#3034,#3341,.T.);
#3341 = CIRCLE('',#3342,1.8);
#3342 = AXIS2_PLACEMENT_3D('',#3343,#3344,#3345);
#3343 = CARTESIAN_POINT('',(65.2,1.8,14.2));
#3344 = DIRECTION('',(1.,6.123233995737E-17,0.));
#3345 = DIRECTION('',(6.123233995737E-17,-1.,0.));
#3346 = ORIENTED_EDGE('',*,*,#3033,.F.);
#3347 = CYLINDRICAL_SURFACE('',#3348,1.8);
#3348 = AXIS2_PLACEMENT_3D('',#3349,#3350,#3351);
#3349 = CARTESIAN_POINT('',(9.,1.8,14.2));
#3350 = DIRECTION('',(1.,0.,0.));
#3351 = DIRECTION('',(0.,-1.,0.));
#3352 = ADVANCED_FACE('',(#3353),#3405,.T.);
#3353 = FACE_BOUND('',#3354,.T.);
#3354 = EDGE_LOOP('',(#3355,#3356,#3357,#3404));
#3355 = ORIENTED_EDGE('',*,*,#3072,.F.);
#3356 = ORIENTED_EDGE('',*,*,#3214,.T.);
#3357 = ORIENTED_EDGE('',*,*,#3358,.F.);
#3358 = EDGE_CURVE('',#3025,#3215,#3359,.T.);
#3359 = B_SPLINE_CURVE_WITH_KNOTS('',7,(#3360,#3361,#3362,#3363,#3364,
    #3365,#3366,#3367,#3368,#3369,#3370,#3371,#3372,#3373,#3374,#3375,
    #3376,#3377,#3378,#3379,#3380,#3381,#3382,#3383,#3384,#3385,#3386,
    #3387,#3388,#3389,#3390,#3391,#3392,#3393,#3394,#3395,#3396,#3397,
    #3398,#3399,#3400,#3401,#3402,#3403),.UNSPECIFIED.,.F.,.F.,(8,6,6,6,
    6,6,6,8),(0.,6.960042873809E-04,1.34400797087E-03,2.016011166729E-03
    ,0.597266723632,0.742094816874,0.863156610256,1.),.UNSPECIFIED.);
#3360 = CARTESIAN_POINT('',(64.,-3.330669073875E-16,9.8));
#3361 = CARTESIAN_POINT('',(63.999758842323,-3.367905474144E-16,
    9.799771217744));
#3362 = CARTESIAN_POINT('',(63.999517684649,3.392493040643E-08,
    9.799542435485));
#3363 = CARTESIAN_POINT('',(63.999276526977,1.017747918851E-07,
    9.799313653228));
#3364 = CARTESIAN_POINT('',(63.999035369309,2.03549586172E-07,
    9.799084870975));
#3365 = CARTESIAN_POINT('',(63.998794211645,3.392493174245E-07,
    9.79885608873));
#3366 = CARTESIAN_POINT('',(63.998553053988,5.088739918841E-07,
    9.798627306494));
#3367 = CARTESIAN_POINT('',(63.998087370362,9.019352484901E-07,
    9.798185520229));
#3368 = CARTESIAN_POINT('',(63.997862844391,1.120853854297E-06,
    9.797972516199));
#3369 = CARTESIAN_POINT('',(63.99763831843,1.369179442003E-06,
    9.79775951218));
#3370 = CARTESIAN_POINT('',(63.997413792479,1.646912019873E-06,
    9.797546508174));
#3371 = CARTESIAN_POINT('',(63.997189266541,1.954051597734E-06,
    9.797333504183));
#3372 = CARTESIAN_POINT('',(63.996964740617,2.290598186973E-06,
    9.797120500209));
#3373 = CARTESIAN_POINT('',(63.996507373242,3.036058899212E-06,
    9.796686603467));
#3374 = CARTESIAN_POINT('',(63.996274531791,3.447191600407E-06,
    9.7964657107));
#3375 = CARTESIAN_POINT('',(63.996041690359,3.889949918605E-06,
    9.796244817955));
#3376 = CARTESIAN_POINT('',(63.995808848946,4.364333870077E-06,
    9.796023925234));
#3377 = CARTESIAN_POINT('',(63.995576007555,4.870343472878E-06,
    9.795803032538));
#3378 = CARTESIAN_POINT('',(63.995343166187,5.407978746852E-06,
    9.79558213987));
#3379 = CARTESIAN_POINT('',(63.788862830386,5.102203714999E-04,
    9.5996977427));
#3380 = CARTESIAN_POINT('',(63.584566280169,2.582391858252E-02,
    9.405889519727));
#3381 = CARTESIAN_POINT('',(63.381600358127,7.512890288648E-02,
    9.21363351752));
#3382 = CARTESIAN_POINT('',(63.179795860108,0.150006152661,
    9.023021951461));
#3383 = CARTESIAN_POINT('',(62.980650969009,0.253519818354,
    8.835875248136));
#3384 = CARTESIAN_POINT('',(62.787955512753,0.389795837636,
    8.656329110443));
#3385 = CARTESIAN_POINT('',(62.565813448055,0.604733749564,
    8.452894705885));
#3386 = CARTESIAN_POINT('',(62.523077110209,0.649053949379,
    8.413939629881));
#3387 = CARTESIAN_POINT('',(62.481156917171,0.695738992033,
    8.375935793027));
#3388 = CARTESIAN_POINT('',(62.440164127894,0.744894215186,
    8.339010219737));
#3389 = CARTESIAN_POINT('',(62.400240263486,0.796621785563,8.30332222456
    ));
#3390 = CARTESIAN_POINT('',(62.361556990572,0.851018635054,
    8.269064344946));
#3391 = CARTESIAN_POINT('',(62.293186267042,0.955950894231,
    8.209212041014));
#3392 = CARTESIAN_POINT('',(62.263042128318,1.005689243421,
    8.183099064362));
#3393 = CARTESIAN_POINT('',(62.234027143691,1.057411807036,
    8.158280260754));
#3394 = CARTESIAN_POINT('',(62.206294476849,1.111131901345,8.13492275612
    ));
#3395 = CARTESIAN_POINT('',(62.180006548647,1.16685289003,8.113205425964
    ));
#3396 = CARTESIAN_POINT('',(62.155334685794,1.224567277981,
    8.093319435696));
#3397 = CARTESIAN_POINT('',(62.106600752446,1.351725319214,
    8.055291117694));
#3398 = CARTESIAN_POINT('',(62.082975284599,1.42187945349,8.037665590999
    ));
#3399 = CARTESIAN_POINT('',(62.061992103292,1.494373481697,
    8.023011073682));
#3400 = CARTESIAN_POINT('',(62.043985308324,1.568835142061,
    8.011675723297));
#3401 = CARTESIAN_POINT('',(62.029213145275,1.644869862734,
    8.003936719267));
#3402 = CARTESIAN_POINT('',(62.017857788778,1.722065987249,8.));
#3403 = CARTESIAN_POINT('',(62.010025125787,1.8,8.));
#3404 = ORIENTED_EDGE('',*,*,#3024,.F.);
#3405 = CYLINDRICAL_SURFACE('',#3406,1.8);
#3406 = AXIS2_PLACEMENT_3D('',#3407,#3408,#3409);
#3407 = CARTESIAN_POINT('',(9.,1.8,9.8));
#3408 = DIRECTION('',(1.,0.,0.));
#3409 = DIRECTION('',(0.,-1.,0.));
#3410 = ADVANCED_FACE('',(#3411),#3429,.F.);
#3411 = FACE_BOUND('',#3412,.F.);
#3412 = EDGE_LOOP('',(#3413,#3421,#3422,#3423));
#3413 = ORIENTED_EDGE('',*,*,#3414,.F.);
#3414 = EDGE_CURVE('',#3025,#3415,#3417,.T.);
#3415 = VERTEX_POINT('',#3416);
#3416 = CARTESIAN_POINT('',(65.2,-2.22044604925E-16,9.8));
#3417 = LINE('',#3418,#3419);
#3418 = CARTESIAN_POINT('',(9.,-2.22044604925E-16,9.8));
#3419 = VECTOR('',#3420,1.);
#3420 = DIRECTION('',(1.,0.,0.));
#3421 = ORIENTED_EDGE('',*,*,#3057,.T.);
#3422 = ORIENTED_EDGE('',*,*,#3049,.T.);
#3423 = ORIENTED_EDGE('',*,*,#3424,.F.);
#3424 = EDGE_CURVE('',#3415,#3042,#3425,.T.);
#3425 = LINE('',#3426,#3427);
#3426 = CARTESIAN_POINT('',(65.2,-2.22044604925E-16,8.));
#3427 = VECTOR('',#3428,1.);
#3428 = DIRECTION('',(0.,0.,1.));
#3429 = PLANE('',#3430);
#3430 = AXIS2_PLACEMENT_3D('',#3431,#3432,#3433);
#3431 = CARTESIAN_POINT('',(9.,0.,8.));
#3432 = DIRECTION('',(0.,1.,0.));
#3433 = DIRECTION('',(0.,0.,1.));
#3434 = ADVANCED_FACE('',(#3435),#3458,.T.);
#3435 = FACE_BOUND('',#3436,.F.);
#3436 = EDGE_LOOP('',(#3437,#3446,#3457));
#3437 = ORIENTED_EDGE('',*,*,#3438,.F.);
#3438 = EDGE_CURVE('',#3439,#3034,#3441,.T.);
#3439 = VERTEX_POINT('',#3440);
#3440 = CARTESIAN_POINT('',(66.331370849898,0.4,14.2));
#3441 = CIRCLE('',#3442,1.8);
#3442 = AXIS2_PLACEMENT_3D('',#3443,#3444,#3445);
#3443 = CARTESIAN_POINT('',(65.2,1.8,14.2));
#3444 = DIRECTION('',(0.,0.,-1.));
#3445 = DIRECTION('',(1.,0.,0.));
#3446 = ORIENTED_EDGE('',*,*,#3447,.T.);
#3447 = EDGE_CURVE('',#3439,#3042,#3448,.T.);
#3448 = B_SPLINE_CURVE_WITH_KNOTS('',7,(#3449,#3450,#3451,#3452,#3453,
    #3454,#3455,#3456),.UNSPECIFIED.,.F.,.F.,(8,8),(0.,1.),
  .PIECEWISE_BEZIER_KNOTS.);
#3449 = CARTESIAN_POINT('',(66.331371406745,0.40000045,14.2000006));
#3450 = CARTESIAN_POINT('',(66.181945963246,0.279246358175,
    14.038995270019));
#3451 = CARTESIAN_POINT('',(66.024438715714,0.18271859565,
    13.870913157389));
#3452 = CARTESIAN_POINT('',(65.862593353291,0.108293320456,
    13.699168790054));
#3453 = CARTESIAN_POINT('',(65.698530239266,5.393345780777E-02,
    13.525683252525));
#3454 = CARTESIAN_POINT('',(65.533265032182,1.809415257146E-02,
    13.35129204992));
#3455 = CARTESIAN_POINT('',(65.367087439025,1.871423193009E-07,
    13.176125653834));
#3456 = CARTESIAN_POINT('',(65.2,-3.330669073875E-16,13.));
#3457 = ORIENTED_EDGE('',*,*,#3041,.T.);
#3458 = CYLINDRICAL_SURFACE('',#3459,1.8);
#3459 = AXIS2_PLACEMENT_3D('',#3460,#3461,#3462);
#3460 = CARTESIAN_POINT('',(65.2,1.8,8.));
#3461 = DIRECTION('',(0.,0.,1.));
#3462 = DIRECTION('',(1.,0.,0.));
#3463 = ADVANCED_FACE('',(#3464),#3506,.T.);
#3464 = FACE_BOUND('',#3465,.T.);
#3465 = EDGE_LOOP('',(#3466,#3467,#3468,#3469,#3478,#3486));
#3466 = ORIENTED_EDGE('',*,*,#3182,.F.);
#3467 = ORIENTED_EDGE('',*,*,#3140,.T.);
#3468 = ORIENTED_EDGE('',*,*,#3125,.T.);
#3469 = ORIENTED_EDGE('',*,*,#3470,.F.);
#3470 = EDGE_CURVE('',#3471,#3118,#3473,.T.);
#3471 = VERTEX_POINT('',#3472);
#3472 = CARTESIAN_POINT('',(65.2,4.81245154966,15.));
#3473 = CIRCLE('',#3474,1.8);
#3474 = AXIS2_PLACEMENT_3D('',#3475,#3476,#3477);
#3475 = CARTESIAN_POINT('',(65.2,3.2,14.2));
#3476 = DIRECTION('',(1.,0.,-6.123233995737E-17));
#3477 = DIRECTION('',(6.123233995737E-17,0.,1.));
#3478 = ORIENTED_EDGE('',*,*,#3479,.F.);
#3479 = EDGE_CURVE('',#3480,#3471,#3482,.T.);
#3480 = VERTEX_POINT('',#3481);
#3481 = CARTESIAN_POINT('',(64.,4.81245154966,15.));
#3482 = LINE('',#3483,#3484);
#3483 = CARTESIAN_POINT('',(9.,4.81245154966,15.));
#3484 = VECTOR('',#3485,1.);
#3485 = DIRECTION('',(1.,0.,0.));
#3486 = ORIENTED_EDGE('',*,*,#3487,.F.);
#3487 = EDGE_CURVE('',#3183,#3480,#3488,.T.);
#3488 = B_SPLINE_CURVE_WITH_KNOTS('',6,(#3489,#3490,#3491,#3492,#3493,
    #3494,#3495,#3496,#3497,#3498,#3499,#3500,#3501,#3502,#3503,#3504,
    #3505),.UNSPECIFIED.,.F.,.F.,(7,5,5,7),(0.,0.15538988399,
    0.529141674536,1.),.UNSPECIFIED.);
#3489 = CARTESIAN_POINT('',(62.4,5.,14.2));
#3490 = CARTESIAN_POINT('',(62.431129376094,5.,14.241505834792));
#3491 = CARTESIAN_POINT('',(62.463360109402,4.998851548957,
    14.28178825592));
#3492 = CARTESIAN_POINT('',(62.496618224665,4.996681440949,
    14.32081085181));
#3493 = CARTESIAN_POINT('',(62.530828171776,4.993611845037,
    14.358542936019));
#3494 = CARTESIAN_POINT('',(62.565912825774,4.989760305264,
    14.394959547231));
#3495 = CARTESIAN_POINT('',(62.68809550974,4.974366644724,
    14.514422255534));
#3496 = CARTESIAN_POINT('',(62.779006666355,4.959622696409,
    14.59108488597));
#3497 = CARTESIAN_POINT('',(62.873777971594,4.942534500587,
    14.660094899113));
#3498 = CARTESIAN_POINT('',(62.971819200556,4.924359670946,
    14.721578948774));
#3499 = CARTESIAN_POINT('',(63.072681240531,4.906195760577,
    14.775652118021));
#3500 = CARTESIAN_POINT('',(63.306193588563,4.867289507077,
    14.881234716279));
#3501 = CARTESIAN_POINT('',(63.440732551418,4.847030966563,
    14.928625440342));
#3502 = CARTESIAN_POINT('',(63.578339397204,4.830198696095,
    14.964231867924));
#3503 = CARTESIAN_POINT('',(63.717972900356,4.818387591646,
    14.988034888621));
#3504 = CARTESIAN_POINT('',(63.858781957583,4.81245154966,15.));
#3505 = CARTESIAN_POINT('',(64.,4.81245154966,15.));
#3506 = CYLINDRICAL_SURFACE('',#3507,1.8);
#3507 = AXIS2_PLACEMENT_3D('',#3508,#3509,#3510);
#3508 = CARTESIAN_POINT('',(9.,3.2,14.2));
#3509 = DIRECTION('',(1.,0.,0.));
#3510 = DIRECTION('',(0.,1.,0.));
#3511 = ADVANCED_FACE('',(#3512),#3552,.T.);
#3512 = FACE_BOUND('',#3513,.F.);
#3513 = EDGE_LOOP('',(#3514,#3523,#3524,#3533,#3541));
#3514 = ORIENTED_EDGE('',*,*,#3515,.F.);
#3515 = EDGE_CURVE('',#3110,#3516,#3518,.T.);
#3516 = VERTEX_POINT('',#3517);
#3517 = CARTESIAN_POINT('',(66.817386687874,1.8,14.989974874213));
#3518 = CIRCLE('',#3519,1.8);
#3519 = AXIS2_PLACEMENT_3D('',#3520,#3521,#3522);
#3520 = CARTESIAN_POINT('',(65.2,1.8,14.2));
#3521 = DIRECTION('',(-0.,1.,0.));
#3522 = DIRECTION('',(1.,0.,0.));
#3523 = ORIENTED_EDGE('',*,*,#3117,.T.);
#3524 = ORIENTED_EDGE('',*,*,#3525,.F.);
#3525 = EDGE_CURVE('',#3526,#3118,#3528,.T.);
#3526 = VERTEX_POINT('',#3527);
#3527 = CARTESIAN_POINT('',(66.81245154966,3.2,15.));
#3528 = CIRCLE('',#3529,1.8);
#3529 = AXIS2_PLACEMENT_3D('',#3530,#3531,#3532);
#3530 = CARTESIAN_POINT('',(65.2,3.2,14.2));
#3531 = DIRECTION('',(0.,-1.,0.));
#3532 = DIRECTION('',(1.,0.,0.));
#3533 = ORIENTED_EDGE('',*,*,#3534,.F.);
#3534 = EDGE_CURVE('',#3535,#3526,#3537,.T.);
#3535 = VERTEX_POINT('',#3536);
#3536 = CARTESIAN_POINT('',(66.812451549659,2.,15.));
#3537 = LINE('',#3538,#3539);
#3538 = CARTESIAN_POINT('',(66.81245154966,0.,15.));
#3539 = VECTOR('',#3540,1.);
#3540 = DIRECTION('',(0.,1.,0.));
#3541 = ORIENTED_EDGE('',*,*,#3542,.F.);
#3542 = EDGE_CURVE('',#3516,#3535,#3543,.T.);
#3543 = B_SPLINE_CURVE_WITH_KNOTS('',4,(#3544,#3545,#3546,#3547,#3548,
    #3549,#3550,#3551),.UNSPECIFIED.,.F.,.F.,(5,3,5),(0.,0.967099875061,
    1.),.UNSPECIFIED.);
#3544 = CARTESIAN_POINT('',(66.817386717327,1.7999994,14.989974813911));
#3545 = CARTESIAN_POINT('',(66.815020458569,1.848202963225,
    14.994819468979));
#3546 = CARTESIAN_POINT('',(66.813391119335,1.896552282645,
    14.998106214263));
#3547 = CARTESIAN_POINT('',(66.812536114645,1.944978582891,
    14.999829551031));
#3548 = CARTESIAN_POINT('',(66.812454243287,1.995057199247,
    14.999994570821));
#3549 = CARTESIAN_POINT('',(66.812452447535,1.996704797619,
    14.999998190274));
#3550 = CARTESIAN_POINT('',(66.81245154966,1.998352398809,15.));
#3551 = CARTESIAN_POINT('',(66.81245154966,2.,15.));
#3552 = CYLINDRICAL_SURFACE('',#3553,1.8);
#3553 = AXIS2_PLACEMENT_3D('',#3554,#3555,#3556);
#3554 = CARTESIAN_POINT('',(65.2,0.,14.2));
#3555 = DIRECTION('',(0.,1.,0.));
#3556 = DIRECTION('',(1.,0.,0.));
#3557 = ADVANCED_FACE('',(#3558),#3570,.T.);
#3558 = FACE_BOUND('',#3559,.F.);
#3559 = EDGE_LOOP('',(#3560,#3561,#3562,#3569));
#3560 = ORIENTED_EDGE('',*,*,#3157,.F.);
#3561 = ORIENTED_EDGE('',*,*,#3239,.T.);
#3562 = ORIENTED_EDGE('',*,*,#3563,.T.);
#3563 = EDGE_CURVE('',#3232,#3174,#3564,.T.);
#3564 = CIRCLE('',#3565,1.8);
#3565 = AXIS2_PLACEMENT_3D('',#3566,#3567,#3568);
#3566 = CARTESIAN_POINT('',(62.,3.2,9.8));
#3567 = DIRECTION('',(1.,0.,0.));
#3568 = DIRECTION('',(0.,1.,0.));
#3569 = ORIENTED_EDGE('',*,*,#3173,.F.);
#3570 = CYLINDRICAL_SURFACE('',#3571,1.8);
#3571 = AXIS2_PLACEMENT_3D('',#3572,#3573,#3574);
#3572 = CARTESIAN_POINT('',(9.,3.2,9.8));
#3573 = DIRECTION('',(1.,0.,0.));
#3574 = DIRECTION('',(0.,1.,0.));
#3575 = ADVANCED_FACE('',(#3576),#3611,.T.);
#3576 = FACE_BOUND('',#3577,.F.);
#3577 = EDGE_LOOP('',(#3578,#3586,#3595,#3603,#3610));
#3578 = ORIENTED_EDGE('',*,*,#3579,.F.);
#3579 = EDGE_CURVE('',#3580,#3174,#3582,.T.);
#3580 = VERTEX_POINT('',#3581);
#3581 = CARTESIAN_POINT('',(62.,5.,7.));
#3582 = LINE('',#3583,#3584);
#3583 = CARTESIAN_POINT('',(62.,5.,5.));
#3584 = VECTOR('',#3585,1.);
#3585 = DIRECTION('',(0.,0.,1.));
#3586 = ORIENTED_EDGE('',*,*,#3587,.T.);
#3587 = EDGE_CURVE('',#3580,#3588,#3590,.T.);
#3588 = VERTEX_POINT('',#3589);
#3589 = CARTESIAN_POINT('',(64.,7.,7.));
#3590 = CIRCLE('',#3591,2.);
#3591 = AXIS2_PLACEMENT_3D('',#3592,#3593,#3594);
#3592 = CARTESIAN_POINT('',(64.,5.,7.));
#3593 = DIRECTION('',(0.,0.,-1.));
#3594 = DIRECTION('',(-1.,0.,0.));
#3595 = ORIENTED_EDGE('',*,*,#3596,.T.);
#3596 = EDGE_CURVE('',#3588,#3597,#3599,.T.);
#3597 = VERTEX_POINT('',#3598);
#3598 = CARTESIAN_POINT('',(64.,7.,13.));
#3599 = LINE('',#3600,#3601);
#3600 = CARTESIAN_POINT('',(64.,7.,5.));
#3601 = VECTOR('',#3602,1.);
#3602 = DIRECTION('',(0.,0.,1.));
#3603 = ORIENTED_EDGE('',*,*,#3604,.T.);
#3604 = EDGE_CURVE('',#3597,#3191,#3605,.T.);
#3605 = CIRCLE('',#3606,2.);
#3606 = AXIS2_PLACEMENT_3D('',#3607,#3608,#3609);
#3607 = CARTESIAN_POINT('',(64.,5.,13.));
#3608 = DIRECTION('',(0.,0.,1.));
#3609 = DIRECTION('',(-1.,0.,0.));
#3610 = ORIENTED_EDGE('',*,*,#3199,.F.);
#3611 = CYLINDRICAL_SURFACE('',#3612,2.);
#3612 = AXIS2_PLACEMENT_3D('',#3613,#3614,#3615);
#3613 = CARTESIAN_POINT('',(64.,5.,5.));
#3614 = DIRECTION('',(0.,0.,1.));
#3615 = DIRECTION('',(-1.,0.,0.));
#3616 = ADVANCED_FACE('',(#3617),#3637,.T.);
#3617 = FACE_BOUND('',#3618,.F.);
#3618 = EDGE_LOOP('',(#3619,#3620,#3629,#3636));
#3619 = ORIENTED_EDGE('',*,*,#3604,.F.);
#3620 = ORIENTED_EDGE('',*,*,#3621,.T.);
#3621 = EDGE_CURVE('',#3597,#3622,#3624,.T.);
#3622 = VERTEX_POINT('',#3623);
#3623 = CARTESIAN_POINT('',(64.,5.,15.));
#3624 = CIRCLE('',#3625,2.);
#3625 = AXIS2_PLACEMENT_3D('',#3626,#3627,#3628);
#3626 = CARTESIAN_POINT('',(64.,5.,13.));
#3627 = DIRECTION('',(1.,0.,6.123233995737E-17));
#3628 = DIRECTION('',(-6.123233995737E-17,0.,1.));
#3629 = ORIENTED_EDGE('',*,*,#3630,.F.);
#3630 = EDGE_CURVE('',#3183,#3622,#3631,.T.);
#3631 = CIRCLE('',#3632,2.);
#3632 = AXIS2_PLACEMENT_3D('',#3633,#3634,#3635);
#3633 = CARTESIAN_POINT('',(64.,5.,13.));
#3634 = DIRECTION('',(0.,1.,-0.));
#3635 = DIRECTION('',(-1.,0.,0.));
#3636 = ORIENTED_EDGE('',*,*,#3190,.F.);
#3637 = SPHERICAL_SURFACE('',#3638,2.);
#3638 = AXIS2_PLACEMENT_3D('',#3639,#3640,#3641);
#3639 = CARTESIAN_POINT('',(64.,5.,13.));
#3640 = DIRECTION('',(0.,-1.,0.));
#3641 = DIRECTION('',(-1.,0.,0.));
#3642 = ADVANCED_FACE('',(#3643),#3662,.F.);
#3643 = FACE_BOUND('',#3644,.F.);
#3644 = EDGE_LOOP('',(#3645,#3653,#3659,#3660,#3661));
#3645 = ORIENTED_EDGE('',*,*,#3646,.F.);
#3646 = EDGE_CURVE('',#3647,#3223,#3649,.T.);
#3647 = VERTEX_POINT('',#3648);
#3648 = CARTESIAN_POINT('',(62.,2.,7.));
#3649 = LINE('',#3650,#3651);
#3650 = CARTESIAN_POINT('',(62.,2.,5.));
#3651 = VECTOR('',#3652,1.);
#3652 = DIRECTION('',(0.,0.,1.));
#3653 = ORIENTED_EDGE('',*,*,#3654,.T.);
#3654 = EDGE_CURVE('',#3647,#3580,#3655,.T.);
#3655 = LINE('',#3656,#3657);
#3656 = CARTESIAN_POINT('',(62.,0.,7.));
#3657 = VECTOR('',#3658,1.);
#3658 = DIRECTION('',(0.,1.,0.));
#3659 = ORIENTED_EDGE('',*,*,#3579,.T.);
#3660 = ORIENTED_EDGE('',*,*,#3563,.F.);
#3661 = ORIENTED_EDGE('',*,*,#3231,.F.);
#3662 = PLANE('',#3663);
#3663 = AXIS2_PLACEMENT_3D('',#3664,#3665,#3666);
#3664 = CARTESIAN_POINT('',(62.,0.,5.));
#3665 = DIRECTION('',(1.,0.,0.));
#3666 = DIRECTION('',(0.,0.,1.));
#3667 = ADVANCED_FACE('',(#3668),#3688,.T.);
#3668 = FACE_BOUND('',#3669,.T.);
#3669 = EDGE_LOOP('',(#3670,#3671,#3680,#3686,#3687));
#3670 = ORIENTED_EDGE('',*,*,#3646,.F.);
#3671 = ORIENTED_EDGE('',*,*,#3672,.T.);
#3672 = EDGE_CURVE('',#3647,#3673,#3675,.T.);
#3673 = VERTEX_POINT('',#3674);
#3674 = CARTESIAN_POINT('',(64.,-4.440892098501E-16,7.));
#3675 = CIRCLE('',#3676,2.);
#3676 = AXIS2_PLACEMENT_3D('',#3677,#3678,#3679);
#3677 = CARTESIAN_POINT('',(64.,2.,7.));
#3678 = DIRECTION('',(0.,0.,1.));
#3679 = DIRECTION('',(-1.,0.,0.));
#3680 = ORIENTED_EDGE('',*,*,#3681,.T.);
#3681 = EDGE_CURVE('',#3673,#3025,#3682,.T.);
#3682 = LINE('',#3683,#3684);
#3683 = CARTESIAN_POINT('',(64.,-4.440892098501E-16,5.));
#3684 = VECTOR('',#3685,1.);
#3685 = DIRECTION('',(0.,0.,1.));
#3686 = ORIENTED_EDGE('',*,*,#3358,.T.);
#3687 = ORIENTED_EDGE('',*,*,#3222,.F.);
#3688 = CYLINDRICAL_SURFACE('',#3689,2.);
#3689 = AXIS2_PLACEMENT_3D('',#3690,#3691,#3692);
#3690 = CARTESIAN_POINT('',(64.,2.,5.));
#3691 = DIRECTION('',(0.,0.,1.));
#3692 = DIRECTION('',(-1.,0.,0.));
#3693 = ADVANCED_FACE('',(#3694),#3715,.T.);
#3694 = FACE_BOUND('',#3695,.F.);
#3695 = EDGE_LOOP('',(#3696,#3705,#3712,#3713,#3714));
#3696 = ORIENTED_EDGE('',*,*,#3697,.F.);
#3697 = EDGE_CURVE('',#3698,#3287,#3700,.T.);
#3698 = VERTEX_POINT('',#3699);
#3699 = CARTESIAN_POINT('',(-10.8,1.8,8.));
#3700 = CIRCLE('',#3701,1.8);
#3701 = AXIS2_PLACEMENT_3D('',#3702,#3703,#3704);
#3702 = CARTESIAN_POINT('',(-10.8,1.8,9.8));
#3703 = DIRECTION('',(0.,-1.,0.));
#3704 = DIRECTION('',(1.,0.,0.));
#3705 = ORIENTED_EDGE('',*,*,#3706,.T.);
#3706 = EDGE_CURVE('',#3698,#3307,#3707,.T.);
#3707 = CIRCLE('',#3708,1.8);
#3708 = AXIS2_PLACEMENT_3D('',#3709,#3710,#3711);
#3709 = CARTESIAN_POINT('',(-10.8,1.8,9.8));
#3710 = DIRECTION('',(-1.,-6.123233995737E-17,0.));
#3711 = DIRECTION('',(6.123233995737E-17,-1.,0.));
#3712 = ORIENTED_EDGE('',*,*,#3306,.F.);
#3713 = ORIENTED_EDGE('',*,*,#3263,.T.);
#3714 = ORIENTED_EDGE('',*,*,#3296,.F.);
#3715 = SPHERICAL_SURFACE('',#3716,1.8);
#3716 = AXIS2_PLACEMENT_3D('',#3717,#3718,#3719);
#3717 = CARTESIAN_POINT('',(-10.8,1.8,9.8));
#3718 = DIRECTION('',(0.,0.,1.));
#3719 = DIRECTION('',(1.,0.,0.));
#3720 = ADVANCED_FACE('',(#3721),#3746,.T.);
#3721 = FACE_BOUND('',#3722,.T.);
#3722 = EDGE_LOOP('',(#3723,#3724,#3732,#3740));
#3723 = ORIENTED_EDGE('',*,*,#3286,.F.);
#3724 = ORIENTED_EDGE('',*,*,#3725,.T.);
#3725 = EDGE_CURVE('',#3287,#3726,#3728,.T.);
#3726 = VERTEX_POINT('',#3727);
#3727 = CARTESIAN_POINT('',(-9.,3.2,9.8));
#3728 = LINE('',#3729,#3730);
#3729 = CARTESIAN_POINT('',(-9.,0.,9.8));
#3730 = VECTOR('',#3731,1.);
#3731 = DIRECTION('',(0.,1.,0.));
#3732 = ORIENTED_EDGE('',*,*,#3733,.T.);
#3733 = EDGE_CURVE('',#3726,#3734,#3736,.T.);
#3734 = VERTEX_POINT('',#3735);
#3735 = CARTESIAN_POINT('',(-9.,3.2,14.2));
#3736 = LINE('',#3737,#3738);
#3737 = CARTESIAN_POINT('',(-9.,3.2,8.));
#3738 = VECTOR('',#3739,1.);
#3739 = DIRECTION('',(0.,0.,1.));
#3740 = ORIENTED_EDGE('',*,*,#3741,.F.);
#3741 = EDGE_CURVE('',#3289,#3734,#3742,.T.);
#3742 = LINE('',#3743,#3744);
#3743 = CARTESIAN_POINT('',(-9.,0.,14.2));
#3744 = VECTOR('',#3745,1.);
#3745 = DIRECTION('',(0.,1.,0.));
#3746 = PLANE('',#3747);
#3747 = AXIS2_PLACEMENT_3D('',#3748,#3749,#3750);
#3748 = CARTESIAN_POINT('',(-9.,0.,8.));
#3749 = DIRECTION('',(1.,0.,0.));
#3750 = DIRECTION('',(0.,0.,1.));
#3751 = ADVANCED_FACE('',(#3752),#3771,.T.);
#3752 = FACE_BOUND('',#3753,.T.);
#3753 = EDGE_LOOP('',(#3754,#3763,#3770));
#3754 = ORIENTED_EDGE('',*,*,#3755,.F.);
#3755 = EDGE_CURVE('',#3756,#3289,#3758,.T.);
#3756 = VERTEX_POINT('',#3757);
#3757 = CARTESIAN_POINT('',(-10.8,1.8,16.));
#3758 = CIRCLE('',#3759,1.8);
#3759 = AXIS2_PLACEMENT_3D('',#3760,#3761,#3762);
#3760 = CARTESIAN_POINT('',(-10.8,1.8,14.2));
#3761 = DIRECTION('',(-0.,1.,0.));
#3762 = DIRECTION('',(1.,0.,0.));
#3763 = ORIENTED_EDGE('',*,*,#3764,.T.);
#3764 = EDGE_CURVE('',#3756,#3316,#3765,.T.);
#3765 = CIRCLE('',#3766,1.8);
#3766 = AXIS2_PLACEMENT_3D('',#3767,#3768,#3769);
#3767 = CARTESIAN_POINT('',(-10.8,1.8,14.2));
#3768 = DIRECTION('',(1.,6.123233995737E-17,0.));
#3769 = DIRECTION('',(6.123233995737E-17,-1.,0.));
#3770 = ORIENTED_EDGE('',*,*,#3323,.F.);
#3771 = SPHERICAL_SURFACE('',#3772,1.8);
#3772 = AXIS2_PLACEMENT_3D('',#3773,#3774,#3775);
#3773 = CARTESIAN_POINT('',(-10.8,1.8,14.2));
#3774 = DIRECTION('',(-0.,-0.,-1.));
#3775 = DIRECTION('',(1.,0.,0.));
#3776 = ADVANCED_FACE('',(#3777),#3818,.F.);
#3777 = FACE_BOUND('',#3778,.F.);
#3778 = EDGE_LOOP('',(#3779,#3789,#3797,#3803,#3804,#3812));
#3779 = ORIENTED_EDGE('',*,*,#3780,.F.);
#3780 = EDGE_CURVE('',#3781,#3783,#3785,.T.);
#3781 = VERTEX_POINT('',#3782);
#3782 = CARTESIAN_POINT('',(-65.2,-3.330669073875E-16,13.));
#3783 = VERTEX_POINT('',#3784);
#3784 = CARTESIAN_POINT('',(-64.,-4.440892098501E-16,13.));
#3785 = LINE('',#3786,#3787);
#3786 = CARTESIAN_POINT('',(-80.,-4.440892098501E-16,13.));
#3787 = VECTOR('',#3788,1.);
#3788 = DIRECTION('',(1.,0.,0.));
#3789 = ORIENTED_EDGE('',*,*,#3790,.T.);
#3790 = EDGE_CURVE('',#3781,#3791,#3793,.T.);
#3791 = VERTEX_POINT('',#3792);
#3792 = CARTESIAN_POINT('',(-65.2,-2.22044604925E-16,14.2));
#3793 = LINE('',#3794,#3795);
#3794 = CARTESIAN_POINT('',(-65.2,-2.22044604925E-16,8.));
#3795 = VECTOR('',#3796,1.);
#3796 = DIRECTION('',(0.,0.,1.));
#3797 = ORIENTED_EDGE('',*,*,#3798,.T.);
#3798 = EDGE_CURVE('',#3791,#3316,#3799,.T.);
#3799 = LINE('',#3800,#3801);
#3800 = CARTESIAN_POINT('',(-67.,-2.22044604925E-16,14.2));
#3801 = VECTOR('',#3802,1.);
#3802 = DIRECTION('',(1.,0.,0.));
#3803 = ORIENTED_EDGE('',*,*,#3315,.F.);
#3804 = ORIENTED_EDGE('',*,*,#3805,.F.);
#3805 = EDGE_CURVE('',#3806,#3307,#3808,.T.);
#3806 = VERTEX_POINT('',#3807);
#3807 = CARTESIAN_POINT('',(-64.,-3.330669073875E-16,9.8));
#3808 = LINE('',#3809,#3810);
#3809 = CARTESIAN_POINT('',(-67.,-2.22044604925E-16,9.8));
#3810 = VECTOR('',#3811,1.);
#3811 = DIRECTION('',(1.,0.,0.));
#3812 = ORIENTED_EDGE('',*,*,#3813,.T.);
#3813 = EDGE_CURVE('',#3806,#3783,#3814,.T.);
#3814 = LINE('',#3815,#3816);
#3815 = CARTESIAN_POINT('',(-64.,-4.440892098501E-16,5.));
#3816 = VECTOR('',#3817,1.);
#3817 = DIRECTION('',(0.,0.,1.));
#3818 = PLANE('',#3819);
#3819 = AXIS2_PLACEMENT_3D('',#3820,#3821,#3822);
#3820 = CARTESIAN_POINT('',(-67.,0.,8.));
#3821 = DIRECTION('',(0.,1.,0.));
#3822 = DIRECTION('',(0.,0.,1.));
#3823 = ADVANCED_FACE('',(#3824),#3858,.T.);
#3824 = FACE_BOUND('',#3825,.T.);
#3825 = EDGE_LOOP('',(#3826,#3827,#3828,#3829));
#3826 = ORIENTED_EDGE('',*,*,#3515,.F.);
#3827 = ORIENTED_EDGE('',*,*,#3340,.T.);
#3828 = ORIENTED_EDGE('',*,*,#3438,.F.);
#3829 = ORIENTED_EDGE('',*,*,#3830,.F.);
#3830 = EDGE_CURVE('',#3516,#3439,#3831,.T.);
#3831 = B_SPLINE_CURVE_WITH_KNOTS('',5,(#3832,#3833,#3834,#3835,#3836,
    #3837,#3838,#3839,#3840,#3841,#3842,#3843,#3844,#3845,#3846,#3847,
    #3848,#3849,#3850,#3851,#3852,#3853,#3854,#3855,#3856,#3857),
  .UNSPECIFIED.,.F.,.F.,(6,4,4,4,4,4,6),(0.,0.122894603737,
    0.289180907246,0.457785728026,0.614619520628,0.798694689372,1.),
  .UNSPECIFIED.);
#3832 = CARTESIAN_POINT('',(66.817386687874,1.8,14.989974874213));
#3833 = CARTESIAN_POINT('',(66.819517246406,1.756597809074,
    14.985612789899));
#3834 = CARTESIAN_POINT('',(66.820755958633,1.713227964565,
    14.980058788792));
#3835 = CARTESIAN_POINT('',(66.821097979068,1.669962116423,
    14.973310305198));
#3836 = CARTESIAN_POINT('',(66.820540081567,1.626873031815,
    14.965373849491));
#3837 = CARTESIAN_POINT('',(66.817105943417,1.526070737752,
    14.943940011597));
#3838 = CARTESIAN_POINT('',(66.813480871182,1.468564433741,
    14.929468558762));
#3839 = CARTESIAN_POINT('',(66.808201273854,1.411700991505,
    14.912889699735));
#3840 = CARTESIAN_POINT('',(66.801271222012,1.355659596859,
    14.894274979666));
#3841 = CARTESIAN_POINT('',(66.78401536346,1.244799523051,
    14.852895418927));
#3842 = CARTESIAN_POINT('',(66.773643471966,1.190006938273,
    14.830075836005));
#3843 = CARTESIAN_POINT('',(66.761600847423,1.136415224861,
    14.805378428192));
#3844 = CARTESIAN_POINT('',(66.747909704588,1.08418335254,
    14.778943099687));
#3845 = CARTESIAN_POINT('',(66.718361131964,0.986251555475,
    14.724882655989));
#3846 = CARTESIAN_POINT('',(66.702721395966,0.940349246687,
    14.697468932759));
#3847 = CARTESIAN_POINT('',(66.685706410189,0.895847161835,
    14.668826431027));
#3848 = CARTESIAN_POINT('',(66.667345455921,0.852829382785,
    14.639103054726));
#3849 = CARTESIAN_POINT('',(66.624577815952,0.762681146706,
    14.572483810863));
#3850 = CARTESIAN_POINT('',(66.599674861689,0.716133958976,
    14.535238693027));
#3851 = CARTESIAN_POINT('',(66.573012421253,0.671813285273,
    14.496971788081));
#3852 = CARTESIAN_POINT('',(66.544644771623,0.62977114691,
    14.457948656847));
#3853 = CARTESIAN_POINT('',(66.481793257758,0.546549679401,
    14.375223319572));
#3854 = CARTESIAN_POINT('',(66.446985928379,0.505820095296,
    14.331425674048));
#3855 = CARTESIAN_POINT('',(66.410269158976,0.467847998447,
    14.287389071417));
#3856 = CARTESIAN_POINT('',(66.371710133776,0.432599064203,
    14.243465418938));
#3857 = CARTESIAN_POINT('',(66.331370849898,0.4,14.2));
#3858 = SPHERICAL_SURFACE('',#3859,1.8);
#3859 = AXIS2_PLACEMENT_3D('',#3860,#3861,#3862);
#3860 = CARTESIAN_POINT('',(65.2,1.8,14.2));
#3861 = DIRECTION('',(-0.,-0.,-1.));
#3862 = DIRECTION('',(1.,0.,0.));
#3863 = ADVANCED_FACE('',(#3864),#3891,.F.);
#3864 = FACE_BOUND('',#3865,.F.);
#3865 = EDGE_LOOP('',(#3866,#3874,#3875,#3876,#3877,#3885));
#3866 = ORIENTED_EDGE('',*,*,#3867,.F.);
#3867 = EDGE_CURVE('',#3673,#3868,#3870,.T.);
#3868 = VERTEX_POINT('',#3869);
#3869 = CARTESIAN_POINT('',(78.,-4.440892098501E-16,7.));
#3870 = LINE('',#3871,#3872);
#3871 = CARTESIAN_POINT('',(62.,-4.440892098501E-16,7.));
#3872 = VECTOR('',#3873,1.);
#3873 = DIRECTION('',(1.,0.,0.));
#3874 = ORIENTED_EDGE('',*,*,#3681,.T.);
#3875 = ORIENTED_EDGE('',*,*,#3414,.T.);
#3876 = ORIENTED_EDGE('',*,*,#3424,.T.);
#3877 = ORIENTED_EDGE('',*,*,#3878,.T.);
#3878 = EDGE_CURVE('',#3042,#3879,#3881,.T.);
#3879 = VERTEX_POINT('',#3880);
#3880 = CARTESIAN_POINT('',(78.,-4.440892098501E-16,13.));
#3881 = LINE('',#3882,#3883);
#3882 = CARTESIAN_POINT('',(62.,-4.440892098501E-16,13.));
#3883 = VECTOR('',#3884,1.);
#3884 = DIRECTION('',(1.,0.,0.));
#3885 = ORIENTED_EDGE('',*,*,#3886,.F.);
#3886 = EDGE_CURVE('',#3868,#3879,#3887,.T.);
#3887 = LINE('',#3888,#3889);
#3888 = CARTESIAN_POINT('',(78.,-4.440892098501E-16,5.));
#3889 = VECTOR('',#3890,1.);
#3890 = DIRECTION('',(0.,0.,1.));
#3891 = PLANE('',#3892);
#3892 = AXIS2_PLACEMENT_3D('',#3893,#3894,#3895);
#3893 = CARTESIAN_POINT('',(62.,0.,5.));
#3894 = DIRECTION('',(0.,1.,0.));
#3895 = DIRECTION('',(0.,0.,1.));
#3896 = ADVANCED_FACE('',(#3897),#3918,.T.);
#3897 = FACE_BOUND('',#3898,.F.);
#3898 = EDGE_LOOP('',(#3899,#3900,#3908,#3915,#3916,#3917));
#3899 = ORIENTED_EDGE('',*,*,#3542,.T.);
#3900 = ORIENTED_EDGE('',*,*,#3901,.T.);
#3901 = EDGE_CURVE('',#3535,#3902,#3904,.T.);
#3902 = VERTEX_POINT('',#3903);
#3903 = CARTESIAN_POINT('',(78.,2.,15.));
#3904 = LINE('',#3905,#3906);
#3905 = CARTESIAN_POINT('',(62.,2.,15.));
#3906 = VECTOR('',#3907,1.);
#3907 = DIRECTION('',(1.,0.,0.));
#3908 = ORIENTED_EDGE('',*,*,#3909,.T.);
#3909 = EDGE_CURVE('',#3902,#3879,#3910,.T.);
#3910 = CIRCLE('',#3911,2.);
#3911 = AXIS2_PLACEMENT_3D('',#3912,#3913,#3914);
#3912 = CARTESIAN_POINT('',(78.,2.,13.));
#3913 = DIRECTION('',(1.,6.123233995737E-17,0.));
#3914 = DIRECTION('',(6.123233995737E-17,-1.,0.));
#3915 = ORIENTED_EDGE('',*,*,#3878,.F.);
#3916 = ORIENTED_EDGE('',*,*,#3447,.F.);
#3917 = ORIENTED_EDGE('',*,*,#3830,.F.);
#3918 = CYLINDRICAL_SURFACE('',#3919,2.);
#3919 = AXIS2_PLACEMENT_3D('',#3920,#3921,#3922);
#3920 = CARTESIAN_POINT('',(62.,2.,13.));
#3921 = DIRECTION('',(1.,0.,0.));
#3922 = DIRECTION('',(0.,-1.,0.));
#3923 = ADVANCED_FACE('',(#3924),#3934,.T.);
#3924 = FACE_BOUND('',#3925,.T.);
#3925 = EDGE_LOOP('',(#3926,#3927,#3933));
#3926 = ORIENTED_EDGE('',*,*,#3487,.T.);
#3927 = ORIENTED_EDGE('',*,*,#3928,.T.);
#3928 = EDGE_CURVE('',#3480,#3622,#3929,.T.);
#3929 = LINE('',#3930,#3931);
#3930 = CARTESIAN_POINT('',(64.,0.,15.));
#3931 = VECTOR('',#3932,1.);
#3932 = DIRECTION('',(0.,1.,0.));
#3933 = ORIENTED_EDGE('',*,*,#3630,.F.);
#3934 = CYLINDRICAL_SURFACE('',#3935,2.);
#3935 = AXIS2_PLACEMENT_3D('',#3936,#3937,#3938);
#3936 = CARTESIAN_POINT('',(64.,0.,13.));
#3937 = DIRECTION('',(0.,1.,0.));
#3938 = DIRECTION('',(-1.,0.,0.));
#3939 = ADVANCED_FACE('',(#3940),#3967,.T.);
#3940 = FACE_BOUND('',#3941,.T.);
#3941 = EDGE_LOOP('',(#3942,#3943,#3944,#3951,#3952,#3953,#3961));
#3942 = ORIENTED_EDGE('',*,*,#3928,.F.);
#3943 = ORIENTED_EDGE('',*,*,#3479,.T.);
#3944 = ORIENTED_EDGE('',*,*,#3945,.F.);
#3945 = EDGE_CURVE('',#3526,#3471,#3946,.T.);
#3946 = CIRCLE('',#3947,1.61245154966);
#3947 = AXIS2_PLACEMENT_3D('',#3948,#3949,#3950);
#3948 = CARTESIAN_POINT('',(65.2,3.2,15.));
#3949 = DIRECTION('',(-0.,0.,1.));
#3950 = DIRECTION('',(0.,-1.,0.));
#3951 = ORIENTED_EDGE('',*,*,#3534,.F.);
#3952 = ORIENTED_EDGE('',*,*,#3901,.T.);
#3953 = ORIENTED_EDGE('',*,*,#3954,.T.);
#3954 = EDGE_CURVE('',#3902,#3955,#3957,.T.);
#3955 = VERTEX_POINT('',#3956);
#3956 = CARTESIAN_POINT('',(78.,5.,15.));
#3957 = LINE('',#3958,#3959);
#3958 = CARTESIAN_POINT('',(78.,0.,15.));
#3959 = VECTOR('',#3960,1.);
#3960 = DIRECTION('',(0.,1.,0.));
#3961 = ORIENTED_EDGE('',*,*,#3962,.F.);
#3962 = EDGE_CURVE('',#3622,#3955,#3963,.T.);
#3963 = LINE('',#3964,#3965);
#3964 = CARTESIAN_POINT('',(62.,5.,15.));
#3965 = VECTOR('',#3966,1.);
#3966 = DIRECTION('',(1.,0.,0.));
#3967 = PLANE('',#3968);
#3968 = AXIS2_PLACEMENT_3D('',#3969,#3970,#3971);
#3969 = CARTESIAN_POINT('',(62.,0.,15.));
#3970 = DIRECTION('',(0.,0.,1.));
#3971 = DIRECTION('',(1.,0.,0.));
#3972 = ADVANCED_FACE('',(#3973),#3978,.T.);
#3973 = FACE_BOUND('',#3974,.T.);
#3974 = EDGE_LOOP('',(#3975,#3976,#3977));
#3975 = ORIENTED_EDGE('',*,*,#3945,.T.);
#3976 = ORIENTED_EDGE('',*,*,#3470,.T.);
#3977 = ORIENTED_EDGE('',*,*,#3525,.F.);
#3978 = SPHERICAL_SURFACE('',#3979,1.8);
#3979 = AXIS2_PLACEMENT_3D('',#3980,#3981,#3982);
#3980 = CARTESIAN_POINT('',(65.2,3.2,14.2));
#3981 = DIRECTION('',(0.,-1.,0.));
#3982 = DIRECTION('',(1.,0.,0.));
#3983 = ADVANCED_FACE('',(#3984),#4003,.T.);
#3984 = FACE_BOUND('',#3985,.F.);
#3985 = EDGE_LOOP('',(#3986,#3995,#4002));
#3986 = ORIENTED_EDGE('',*,*,#3987,.F.);
#3987 = EDGE_CURVE('',#3988,#3580,#3990,.T.);
#3988 = VERTEX_POINT('',#3989);
#3989 = CARTESIAN_POINT('',(64.,5.,5.));
#3990 = CIRCLE('',#3991,2.);
#3991 = AXIS2_PLACEMENT_3D('',#3992,#3993,#3994);
#3992 = CARTESIAN_POINT('',(64.,5.,7.));
#3993 = DIRECTION('',(0.,1.,-0.));
#3994 = DIRECTION('',(-1.,0.,0.));
#3995 = ORIENTED_EDGE('',*,*,#3996,.T.);
#3996 = EDGE_CURVE('',#3988,#3588,#3997,.T.);
#3997 = CIRCLE('',#3998,2.);
#3998 = AXIS2_PLACEMENT_3D('',#3999,#4000,#4001);
#3999 = CARTESIAN_POINT('',(64.,5.,7.));
#4000 = DIRECTION('',(1.,6.123233995737E-17,-0.));
#4001 = DIRECTION('',(-6.123233995737E-17,1.,0.));
#4002 = ORIENTED_EDGE('',*,*,#3587,.F.);
#4003 = SPHERICAL_SURFACE('',#4004,2.);
#4004 = AXIS2_PLACEMENT_3D('',#4005,#4006,#4007);
#4005 = CARTESIAN_POINT('',(64.,5.,7.));
#4006 = DIRECTION('',(0.,0.,1.));
#4007 = DIRECTION('',(-1.,0.,0.));
#4008 = ADVANCED_FACE('',(#4009),#4034,.T.);
#4009 = FACE_BOUND('',#4010,.T.);
#4010 = EDGE_LOOP('',(#4011,#4012,#4020,#4028));
#4011 = ORIENTED_EDGE('',*,*,#3596,.T.);
#4012 = ORIENTED_EDGE('',*,*,#4013,.T.);
#4013 = EDGE_CURVE('',#3597,#4014,#4016,.T.);
#4014 = VERTEX_POINT('',#4015);
#4015 = CARTESIAN_POINT('',(78.,7.,13.));
#4016 = LINE('',#4017,#4018);
#4017 = CARTESIAN_POINT('',(62.,7.,13.));
#4018 = VECTOR('',#4019,1.);
#4019 = DIRECTION('',(1.,0.,0.));
#4020 = ORIENTED_EDGE('',*,*,#4021,.F.);
#4021 = EDGE_CURVE('',#4022,#4014,#4024,.T.);
#4022 = VERTEX_POINT('',#4023);
#4023 = CARTESIAN_POINT('',(78.,7.,7.));
#4024 = LINE('',#4025,#4026);
#4025 = CARTESIAN_POINT('',(78.,7.,5.));
#4026 = VECTOR('',#4027,1.);
#4027 = DIRECTION('',(0.,0.,1.));
#4028 = ORIENTED_EDGE('',*,*,#4029,.F.);
#4029 = EDGE_CURVE('',#3588,#4022,#4030,.T.);
#4030 = LINE('',#4031,#4032);
#4031 = CARTESIAN_POINT('',(62.,7.,7.));
#4032 = VECTOR('',#4033,1.);
#4033 = DIRECTION('',(1.,0.,0.));
#4034 = PLANE('',#4035);
#4035 = AXIS2_PLACEMENT_3D('',#4036,#4037,#4038);
#4036 = CARTESIAN_POINT('',(62.,7.,5.));
#4037 = DIRECTION('',(0.,1.,0.));
#4038 = DIRECTION('',(0.,0.,1.));
#4039 = ADVANCED_FACE('',(#4040),#4052,.T.);
#4040 = FACE_BOUND('',#4041,.T.);
#4041 = EDGE_LOOP('',(#4042,#4043,#4044,#4051));
#4042 = ORIENTED_EDGE('',*,*,#3621,.T.);
#4043 = ORIENTED_EDGE('',*,*,#3962,.T.);
#4044 = ORIENTED_EDGE('',*,*,#4045,.F.);
#4045 = EDGE_CURVE('',#4014,#3955,#4046,.T.);
#4046 = CIRCLE('',#4047,2.);
#4047 = AXIS2_PLACEMENT_3D('',#4048,#4049,#4050);
#4048 = CARTESIAN_POINT('',(78.,5.,13.));
#4049 = DIRECTION('',(1.,0.,-6.123233995737E-17));
#4050 = DIRECTION('',(6.123233995737E-17,0.,1.));
#4051 = ORIENTED_EDGE('',*,*,#4013,.F.);
#4052 = CYLINDRICAL_SURFACE('',#4053,2.);
#4053 = AXIS2_PLACEMENT_3D('',#4054,#4055,#4056);
#4054 = CARTESIAN_POINT('',(62.,5.,13.));
#4055 = DIRECTION('',(1.,0.,0.));
#4056 = DIRECTION('',(0.,1.,0.));
#4057 = ADVANCED_FACE('',(#4058),#4077,.T.);
#4058 = FACE_BOUND('',#4059,.F.);
#4059 = EDGE_LOOP('',(#4060,#4069,#4075,#4076));
#4060 = ORIENTED_EDGE('',*,*,#4061,.F.);
#4061 = EDGE_CURVE('',#4062,#3647,#4064,.T.);
#4062 = VERTEX_POINT('',#4063);
#4063 = CARTESIAN_POINT('',(64.,2.,5.));
#4064 = CIRCLE('',#4065,2.);
#4065 = AXIS2_PLACEMENT_3D('',#4066,#4067,#4068);
#4066 = CARTESIAN_POINT('',(64.,2.,7.));
#4067 = DIRECTION('',(0.,1.,-0.));
#4068 = DIRECTION('',(-1.,0.,0.));
#4069 = ORIENTED_EDGE('',*,*,#4070,.T.);
#4070 = EDGE_CURVE('',#4062,#3988,#4071,.T.);
#4071 = LINE('',#4072,#4073);
#4072 = CARTESIAN_POINT('',(64.,0.,5.));
#4073 = VECTOR('',#4074,1.);
#4074 = DIRECTION('',(0.,1.,0.));
#4075 = ORIENTED_EDGE('',*,*,#3987,.T.);
#4076 = ORIENTED_EDGE('',*,*,#3654,.F.);
#4077 = CYLINDRICAL_SURFACE('',#4078,2.);
#4078 = AXIS2_PLACEMENT_3D('',#4079,#4080,#4081);
#4079 = CARTESIAN_POINT('',(64.,0.,7.));
#4080 = DIRECTION('',(0.,1.,0.));
#4081 = DIRECTION('',(-1.,0.,0.));
#4082 = ADVANCED_FACE('',(#4083),#4094,.T.);
#4083 = FACE_BOUND('',#4084,.T.);
#4084 = EDGE_LOOP('',(#4085,#4086,#4093));
#4085 = ORIENTED_EDGE('',*,*,#4061,.F.);
#4086 = ORIENTED_EDGE('',*,*,#4087,.T.);
#4087 = EDGE_CURVE('',#4062,#3673,#4088,.T.);
#4088 = CIRCLE('',#4089,2.);
#4089 = AXIS2_PLACEMENT_3D('',#4090,#4091,#4092);
#4090 = CARTESIAN_POINT('',(64.,2.,7.));
#4091 = DIRECTION('',(-1.,6.123233995737E-17,0.));
#4092 = DIRECTION('',(-6.123233995737E-17,-1.,0.));
#4093 = ORIENTED_EDGE('',*,*,#3672,.F.);
#4094 = SPHERICAL_SURFACE('',#4095,2.);
#4095 = AXIS2_PLACEMENT_3D('',#4096,#4097,#4098);
#4096 = CARTESIAN_POINT('',(64.,2.,7.));
#4097 = DIRECTION('',(0.,0.,1.));
#4098 = DIRECTION('',(-1.,0.,0.));
#4099 = ADVANCED_FACE('',(#4100),#4119,.T.);
#4100 = FACE_BOUND('',#4101,.T.);
#4101 = EDGE_LOOP('',(#4102,#4103,#4111,#4118));
#4102 = ORIENTED_EDGE('',*,*,#3697,.F.);
#4103 = ORIENTED_EDGE('',*,*,#4104,.T.);
#4104 = EDGE_CURVE('',#3698,#4105,#4107,.T.);
#4105 = VERTEX_POINT('',#4106);
#4106 = CARTESIAN_POINT('',(-10.8,3.2,8.));
#4107 = LINE('',#4108,#4109);
#4108 = CARTESIAN_POINT('',(-10.8,0.,8.));
#4109 = VECTOR('',#4110,1.);
#4110 = DIRECTION('',(0.,1.,0.));
#4111 = ORIENTED_EDGE('',*,*,#4112,.T.);
#4112 = EDGE_CURVE('',#4105,#3726,#4113,.T.);
#4113 = CIRCLE('',#4114,1.8);
#4114 = AXIS2_PLACEMENT_3D('',#4115,#4116,#4117);
#4115 = CARTESIAN_POINT('',(-10.8,3.2,9.8));
#4116 = DIRECTION('',(0.,-1.,0.));
#4117 = DIRECTION('',(1.,0.,0.));
#4118 = ORIENTED_EDGE('',*,*,#3725,.F.);
#4119 = CYLINDRICAL_SURFACE('',#4120,1.8);
#4120 = AXIS2_PLACEMENT_3D('',#4121,#4122,#4123);
#4121 = CARTESIAN_POINT('',(-10.8,0.,9.8));
#4122 = DIRECTION('',(0.,1.,0.));
#4123 = DIRECTION('',(1.,0.,0.));
#4124 = ADVANCED_FACE('',(#4125),#4184,.T.);
#4125 = FACE_BOUND('',#4126,.T.);
#4126 = EDGE_LOOP('',(#4127,#4176,#4182,#4183));
#4127 = ORIENTED_EDGE('',*,*,#4128,.T.);
#4128 = EDGE_CURVE('',#3806,#4129,#4131,.T.);
#4129 = VERTEX_POINT('',#4130);
#4130 = CARTESIAN_POINT('',(-62.01002512578,1.8,8.));
#4131 = B_SPLINE_CURVE_WITH_KNOTS('',7,(#4132,#4133,#4134,#4135,#4136,
    #4137,#4138,#4139,#4140,#4141,#4142,#4143,#4144,#4145,#4146,#4147,
    #4148,#4149,#4150,#4151,#4152,#4153,#4154,#4155,#4156,#4157,#4158,
    #4159,#4160,#4161,#4162,#4163,#4164,#4165,#4166,#4167,#4168,#4169,
    #4170,#4171,#4172,#4173,#4174,#4175),.UNSPECIFIED.,.F.,.F.,(8,6,6,6,
    6,6,6,8),(0.,6.960042873759E-04,1.344007970863E-03,2.01601116672E-03
    ,0.597266723632,0.742094816874,0.863156610256,1.),.UNSPECIFIED.);
#4132 = CARTESIAN_POINT('',(-64.,-3.330669073875E-16,9.8));
#4133 = CARTESIAN_POINT('',(-63.99975884232,-3.361787929938E-16,
    9.799771217744));
#4134 = CARTESIAN_POINT('',(-63.99951768464,3.39249304064E-08,
    9.799542435485));
#4135 = CARTESIAN_POINT('',(-63.99927652697,1.017747918845E-07,
    9.799313653228));
#4136 = CARTESIAN_POINT('',(-63.9990353693,2.035495861716E-07,
    9.799084870975));
#4137 = CARTESIAN_POINT('',(-63.99879421164,3.392493174249E-07,
    9.79885608873));
#4138 = CARTESIAN_POINT('',(-63.99855305398,5.088739918851E-07,
    9.798627306494));
#4139 = CARTESIAN_POINT('',(-63.99808737036,9.01935248493E-07,
    9.798185520229));
#4140 = CARTESIAN_POINT('',(-63.99786284439,1.120853854297E-06,
    9.797972516199));
#4141 = CARTESIAN_POINT('',(-63.99763831843,1.369179442001E-06,
    9.79775951218));
#4142 = CARTESIAN_POINT('',(-63.99741379247,1.646912019871E-06,
    9.797546508174));
#4143 = CARTESIAN_POINT('',(-63.99718926654,1.954051597736E-06,
    9.797333504183));
#4144 = CARTESIAN_POINT('',(-63.99696474061,2.290598186978E-06,
    9.797120500209));
#4145 = CARTESIAN_POINT('',(-63.99650737324,3.036058899213E-06,
    9.796686603467));
#4146 = CARTESIAN_POINT('',(-63.99627453179,3.447191600407E-06,
    9.7964657107));
#4147 = CARTESIAN_POINT('',(-63.99604169035,3.889949918605E-06,
    9.796244817955));
#4148 = CARTESIAN_POINT('',(-63.99580884894,4.364333870076E-06,
    9.796023925234));
#4149 = CARTESIAN_POINT('',(-63.99557600755,4.870343472877E-06,
    9.795803032538));
#4150 = CARTESIAN_POINT('',(-63.99534316618,5.407978746852E-06,
    9.79558213987));
#4151 = CARTESIAN_POINT('',(-63.78886283038,5.102203715012E-04,
    9.5996977427));
#4152 = CARTESIAN_POINT('',(-63.58456628017,2.582391858274E-02,
    9.405889519728));
#4153 = CARTESIAN_POINT('',(-63.38160035812,7.51289028857E-02,
    9.21363351752));
#4154 = CARTESIAN_POINT('',(-63.1797958601,0.150006152663,9.02302195146)
  );
#4155 = CARTESIAN_POINT('',(-62.98065096901,0.253519818353,
    8.835875248137));
#4156 = CARTESIAN_POINT('',(-62.78795551275,0.389795837636,
    8.656329110443));
#4157 = CARTESIAN_POINT('',(-62.56581344805,0.604733749564,
    8.452894705885));
#4158 = CARTESIAN_POINT('',(-62.5230771102,0.649053949379,8.413939629881
    ));
#4159 = CARTESIAN_POINT('',(-62.48115691717,0.695738992033,
    8.375935793027));
#4160 = CARTESIAN_POINT('',(-62.44016412789,0.744894215186,
    8.339010219737));
#4161 = CARTESIAN_POINT('',(-62.40024026348,0.796621785563,8.30332222456
    ));
#4162 = CARTESIAN_POINT('',(-62.36155699057,0.851018635054,
    8.269064344946));
#4163 = CARTESIAN_POINT('',(-62.29318626704,0.955950894231,
    8.209212041014));
#4164 = CARTESIAN_POINT('',(-62.26304212831,1.005689243421,
    8.183099064362));
#4165 = CARTESIAN_POINT('',(-62.23402714369,1.057411807036,
    8.158280260754));
#4166 = CARTESIAN_POINT('',(-62.20629447684,1.111131901345,8.13492275612
    ));
#4167 = CARTESIAN_POINT('',(-62.18000654864,1.16685289003,8.113205425964
    ));
#4168 = CARTESIAN_POINT('',(-62.15533468579,1.224567277981,
    8.093319435696));
#4169 = CARTESIAN_POINT('',(-62.10660075244,1.351725319214,
    8.055291117694));
#4170 = CARTESIAN_POINT('',(-62.08297528459,1.42187945349,8.037665590999
    ));
#4171 = CARTESIAN_POINT('',(-62.06199210329,1.494373481697,
    8.023011073682));
#4172 = CARTESIAN_POINT('',(-62.04398530832,1.568835142061,
    8.011675723297));
#4173 = CARTESIAN_POINT('',(-62.02921314527,1.644869862734,
    8.003936719267));
#4174 = CARTESIAN_POINT('',(-62.01785778877,1.722065987249,8.));
#4175 = CARTESIAN_POINT('',(-62.01002512578,1.8,8.));
#4176 = ORIENTED_EDGE('',*,*,#4177,.T.);
#4177 = EDGE_CURVE('',#4129,#3698,#4178,.T.);
#4178 = LINE('',#4179,#4180);
#4179 = CARTESIAN_POINT('',(-67.,1.8,8.));
#4180 = VECTOR('',#4181,1.);
#4181 = DIRECTION('',(1.,0.,0.));
#4182 = ORIENTED_EDGE('',*,*,#3706,.T.);
#4183 = ORIENTED_EDGE('',*,*,#3805,.F.);
#4184 = CYLINDRICAL_SURFACE('',#4185,1.8);
#4185 = AXIS2_PLACEMENT_3D('',#4186,#4187,#4188);
#4186 = CARTESIAN_POINT('',(-67.,1.8,9.8));
#4187 = DIRECTION('',(1.,0.,0.));
#4188 = DIRECTION('',(0.,-1.,0.));
#4189 = ADVANCED_FACE('',(#4190),#4209,.T.);
#4190 = FACE_BOUND('',#4191,.F.);
#4191 = EDGE_LOOP('',(#4192,#4193,#4201,#4208));
#4192 = ORIENTED_EDGE('',*,*,#3755,.F.);
#4193 = ORIENTED_EDGE('',*,*,#4194,.T.);
#4194 = EDGE_CURVE('',#3756,#4195,#4197,.T.);
#4195 = VERTEX_POINT('',#4196);
#4196 = CARTESIAN_POINT('',(-10.8,3.2,16.));
#4197 = LINE('',#4198,#4199);
#4198 = CARTESIAN_POINT('',(-10.8,0.,16.));
#4199 = VECTOR('',#4200,1.);
#4200 = DIRECTION('',(0.,1.,0.));
#4201 = ORIENTED_EDGE('',*,*,#4202,.F.);
#4202 = EDGE_CURVE('',#3734,#4195,#4203,.T.);
#4203 = CIRCLE('',#4204,1.8);
#4204 = AXIS2_PLACEMENT_3D('',#4205,#4206,#4207);
#4205 = CARTESIAN_POINT('',(-10.8,3.2,14.2));
#4206 = DIRECTION('',(0.,-1.,0.));
#4207 = DIRECTION('',(1.,0.,0.));
#4208 = ORIENTED_EDGE('',*,*,#3741,.F.);
#4209 = CYLINDRICAL_SURFACE('',#4210,1.8);
#4210 = AXIS2_PLACEMENT_3D('',#4211,#4212,#4213);
#4211 = CARTESIAN_POINT('',(-10.8,0.,14.2));
#4212 = DIRECTION('',(0.,1.,0.));
#4213 = DIRECTION('',(1.,0.,0.));
#4214 = ADVANCED_FACE('',(#4215),#4242,.T.);
#4215 = FACE_BOUND('',#4216,.T.);
#4216 = EDGE_LOOP('',(#4217,#4218,#4227,#4235));
#4217 = ORIENTED_EDGE('',*,*,#3733,.F.);
#4218 = ORIENTED_EDGE('',*,*,#4219,.T.);
#4219 = EDGE_CURVE('',#3726,#4220,#4222,.T.);
#4220 = VERTEX_POINT('',#4221);
#4221 = CARTESIAN_POINT('',(-10.8,5.,9.8));
#4222 = CIRCLE('',#4223,1.8);
#4223 = AXIS2_PLACEMENT_3D('',#4224,#4225,#4226);
#4224 = CARTESIAN_POINT('',(-10.8,3.2,9.8));
#4225 = DIRECTION('',(0.,0.,1.));
#4226 = DIRECTION('',(1.,0.,0.));
#4227 = ORIENTED_EDGE('',*,*,#4228,.T.);
#4228 = EDGE_CURVE('',#4220,#4229,#4231,.T.);
#4229 = VERTEX_POINT('',#4230);
#4230 = CARTESIAN_POINT('',(-10.8,5.,14.2));
#4231 = LINE('',#4232,#4233);
#4232 = CARTESIAN_POINT('',(-10.8,5.,8.));
#4233 = VECTOR('',#4234,1.);
#4234 = DIRECTION('',(0.,0.,1.));
#4235 = ORIENTED_EDGE('',*,*,#4236,.T.);
#4236 = EDGE_CURVE('',#4229,#3734,#4237,.T.);
#4237 = CIRCLE('',#4238,1.8);
#4238 = AXIS2_PLACEMENT_3D('',#4239,#4240,#4241);
#4239 = CARTESIAN_POINT('',(-10.8,3.2,14.2));
#4240 = DIRECTION('',(0.,0.,-1.));
#4241 = DIRECTION('',(1.,0.,0.));
#4242 = CYLINDRICAL_SURFACE('',#4243,1.8);
#4243 = AXIS2_PLACEMENT_3D('',#4244,#4245,#4246);
#4244 = CARTESIAN_POINT('',(-10.8,3.2,8.));
#4245 = DIRECTION('',(0.,0.,1.));
#4246 = DIRECTION('',(1.,0.,0.));
#4247 = ADVANCED_FACE('',(#4248),#4267,.T.);
#4248 = FACE_BOUND('',#4249,.F.);
#4249 = EDGE_LOOP('',(#4250,#4259,#4265,#4266));
#4250 = ORIENTED_EDGE('',*,*,#4251,.F.);
#4251 = EDGE_CURVE('',#4252,#3791,#4254,.T.);
#4252 = VERTEX_POINT('',#4253);
#4253 = CARTESIAN_POINT('',(-65.2,1.8,16.));
#4254 = CIRCLE('',#4255,1.8);
#4255 = AXIS2_PLACEMENT_3D('',#4256,#4257,#4258);
#4256 = CARTESIAN_POINT('',(-65.2,1.8,14.2));
#4257 = DIRECTION('',(1.,-6.123233995737E-17,0.));
#4258 = DIRECTION('',(-6.123233995737E-17,-1.,0.));
#4259 = ORIENTED_EDGE('',*,*,#4260,.T.);
#4260 = EDGE_CURVE('',#4252,#3756,#4261,.T.);
#4261 = LINE('',#4262,#4263);
#4262 = CARTESIAN_POINT('',(-67.,1.8,16.));
#4263 = VECTOR('',#4264,1.);
#4264 = DIRECTION('',(1.,0.,0.));
#4265 = ORIENTED_EDGE('',*,*,#3764,.T.);
#4266 = ORIENTED_EDGE('',*,*,#3798,.F.);
#4267 = CYLINDRICAL_SURFACE('',#4268,1.8);
#4268 = AXIS2_PLACEMENT_3D('',#4269,#4270,#4271);
#4269 = CARTESIAN_POINT('',(-67.,1.8,14.2));
#4270 = DIRECTION('',(1.,0.,0.));
#4271 = DIRECTION('',(0.,-1.,0.));
#4272 = ADVANCED_FACE('',(#4273),#4291,.F.);
#4273 = FACE_BOUND('',#4274,.F.);
#4274 = EDGE_LOOP('',(#4275,#4283,#4289,#4290));
#4275 = ORIENTED_EDGE('',*,*,#4276,.F.);
#4276 = EDGE_CURVE('',#4277,#3806,#4279,.T.);
#4277 = VERTEX_POINT('',#4278);
#4278 = CARTESIAN_POINT('',(-65.2,-2.22044604925E-16,9.8));
#4279 = LINE('',#4280,#4281);
#4280 = CARTESIAN_POINT('',(-67.,-2.22044604925E-16,9.8));
#4281 = VECTOR('',#4282,1.);
#4282 = DIRECTION('',(1.,0.,0.));
#4283 = ORIENTED_EDGE('',*,*,#4284,.T.);
#4284 = EDGE_CURVE('',#4277,#3781,#4285,.T.);
#4285 = LINE('',#4286,#4287);
#4286 = CARTESIAN_POINT('',(-65.2,-2.22044604925E-16,8.));
#4287 = VECTOR('',#4288,1.);
#4288 = DIRECTION('',(0.,0.,1.));
#4289 = ORIENTED_EDGE('',*,*,#3780,.T.);
#4290 = ORIENTED_EDGE('',*,*,#3813,.F.);
#4291 = PLANE('',#4292);
#4292 = AXIS2_PLACEMENT_3D('',#4293,#4294,#4295);
#4293 = CARTESIAN_POINT('',(-67.,0.,8.));
#4294 = DIRECTION('',(0.,1.,0.));
#4295 = DIRECTION('',(0.,0.,1.));
#4296 = ADVANCED_FACE('',(#4297),#4320,.T.);
#4297 = FACE_BOUND('',#4298,.T.);
#4298 = EDGE_LOOP('',(#4299,#4308,#4319));
#4299 = ORIENTED_EDGE('',*,*,#4300,.F.);
#4300 = EDGE_CURVE('',#4301,#3791,#4303,.T.);
#4301 = VERTEX_POINT('',#4302);
#4302 = CARTESIAN_POINT('',(-66.33137084989,0.4,14.2));
#4303 = CIRCLE('',#4304,1.8);
#4304 = AXIS2_PLACEMENT_3D('',#4305,#4306,#4307);
#4305 = CARTESIAN_POINT('',(-65.2,1.8,14.2));
#4306 = DIRECTION('',(0.,0.,1.));
#4307 = DIRECTION('',(-1.,0.,0.));
#4308 = ORIENTED_EDGE('',*,*,#4309,.T.);
#4309 = EDGE_CURVE('',#4301,#3781,#4310,.T.);
#4310 = B_SPLINE_CURVE_WITH_KNOTS('',7,(#4311,#4312,#4313,#4314,#4315,
    #4316,#4317,#4318),.UNSPECIFIED.,.F.,.F.,(8,8),(0.,1.),
  .PIECEWISE_BEZIER_KNOTS.);
#4311 = CARTESIAN_POINT('',(-66.33137140674,0.40000045,14.2000006));
#4312 = CARTESIAN_POINT('',(-66.18194596324,0.279246358176,
    14.03899527002));
#4313 = CARTESIAN_POINT('',(-66.02443871571,0.182718595648,
    13.870913157387));
#4314 = CARTESIAN_POINT('',(-65.86259335329,0.108293320457,
    13.699168790055));
#4315 = CARTESIAN_POINT('',(-65.69853023926,5.393345780709E-02,
    13.525683252525));
#4316 = CARTESIAN_POINT('',(-65.53326503218,1.809415257173E-02,
    13.351292049921));
#4317 = CARTESIAN_POINT('',(-65.36708743902,1.871422313435E-07,
    13.176125653833));
#4318 = CARTESIAN_POINT('',(-65.2,-3.330669073875E-16,13.));
#4319 = ORIENTED_EDGE('',*,*,#3790,.T.);
#4320 = CYLINDRICAL_SURFACE('',#4321,1.8);
#4321 = AXIS2_PLACEMENT_3D('',#4322,#4323,#4324);
#4322 = CARTESIAN_POINT('',(-65.2,1.8,8.));
#4323 = DIRECTION('',(0.,0.,1.));
#4324 = DIRECTION('',(-1.,0.,0.));
#4325 = ADVANCED_FACE('',(#4326),#4345,.T.);
#4326 = FACE_BOUND('',#4327,.T.);
#4327 = EDGE_LOOP('',(#4328,#4329,#4337,#4344));
#4328 = ORIENTED_EDGE('',*,*,#4087,.F.);
#4329 = ORIENTED_EDGE('',*,*,#4330,.T.);
#4330 = EDGE_CURVE('',#4062,#4331,#4333,.T.);
#4331 = VERTEX_POINT('',#4332);
#4332 = CARTESIAN_POINT('',(78.,2.,5.));
#4333 = LINE('',#4334,#4335);
#4334 = CARTESIAN_POINT('',(62.,2.,5.));
#4335 = VECTOR('',#4336,1.);
#4336 = DIRECTION('',(1.,0.,0.));
#4337 = ORIENTED_EDGE('',*,*,#4338,.T.);
#4338 = EDGE_CURVE('',#4331,#3868,#4339,.T.);
#4339 = CIRCLE('',#4340,2.);
#4340 = AXIS2_PLACEMENT_3D('',#4341,#4342,#4343);
#4341 = CARTESIAN_POINT('',(78.,2.,7.));
#4342 = DIRECTION('',(-1.,-6.123233995737E-17,0.));
#4343 = DIRECTION('',(6.123233995737E-17,-1.,0.));
#4344 = ORIENTED_EDGE('',*,*,#3867,.F.);
#4345 = CYLINDRICAL_SURFACE('',#4346,2.);
#4346 = AXIS2_PLACEMENT_3D('',#4347,#4348,#4349);
#4347 = CARTESIAN_POINT('',(62.,2.,7.));
#4348 = DIRECTION('',(1.,0.,0.));
#4349 = DIRECTION('',(0.,-1.,0.));
#4350 = ADVANCED_FACE('',(#4351),#4378,.T.);
#4351 = FACE_BOUND('',#4352,.F.);
#4352 = EDGE_LOOP('',(#4353,#4363,#4370,#4371));
#4353 = ORIENTED_EDGE('',*,*,#4354,.F.);
#4354 = EDGE_CURVE('',#4355,#4357,#4359,.T.);
#4355 = VERTEX_POINT('',#4356);
#4356 = CARTESIAN_POINT('',(80.,2.,7.));
#4357 = VERTEX_POINT('',#4358);
#4358 = CARTESIAN_POINT('',(80.,2.,13.));
#4359 = LINE('',#4360,#4361);
#4360 = CARTESIAN_POINT('',(80.,2.,5.));
#4361 = VECTOR('',#4362,1.);
#4362 = DIRECTION('',(0.,0.,1.));
#4363 = ORIENTED_EDGE('',*,*,#4364,.T.);
#4364 = EDGE_CURVE('',#4355,#3868,#4365,.T.);
#4365 = CIRCLE('',#4366,2.);
#4366 = AXIS2_PLACEMENT_3D('',#4367,#4368,#4369);
#4367 = CARTESIAN_POINT('',(78.,2.,7.));
#4368 = DIRECTION('',(0.,0.,-1.));
#4369 = DIRECTION('',(1.,0.,0.));
#4370 = ORIENTED_EDGE('',*,*,#3886,.T.);
#4371 = ORIENTED_EDGE('',*,*,#4372,.F.);
#4372 = EDGE_CURVE('',#4357,#3879,#4373,.T.);
#4373 = CIRCLE('',#4374,2.);
#4374 = AXIS2_PLACEMENT_3D('',#4375,#4376,#4377);
#4375 = CARTESIAN_POINT('',(78.,2.,13.));
#4376 = DIRECTION('',(0.,0.,-1.));
#4377 = DIRECTION('',(1.,0.,0.));
#4378 = CYLINDRICAL_SURFACE('',#4379,2.);
#4379 = AXIS2_PLACEMENT_3D('',#4380,#4381,#4382);
#4380 = CARTESIAN_POINT('',(78.,2.,5.));
#4381 = DIRECTION('',(0.,0.,1.));
#4382 = DIRECTION('',(1.,0.,0.));
#4383 = ADVANCED_FACE('',(#4384),#4395,.T.);
#4384 = FACE_BOUND('',#4385,.T.);
#4385 = EDGE_LOOP('',(#4386,#4393,#4394));
#4386 = ORIENTED_EDGE('',*,*,#4387,.F.);
#4387 = EDGE_CURVE('',#3902,#4357,#4388,.T.);
#4388 = CIRCLE('',#4389,2.);
#4389 = AXIS2_PLACEMENT_3D('',#4390,#4391,#4392);
#4390 = CARTESIAN_POINT('',(78.,2.,13.));
#4391 = DIRECTION('',(-0.,1.,0.));
#4392 = DIRECTION('',(1.,0.,0.));
#4393 = ORIENTED_EDGE('',*,*,#3909,.T.);
#4394 = ORIENTED_EDGE('',*,*,#4372,.F.);
#4395 = SPHERICAL_SURFACE('',#4396,2.);
#4396 = AXIS2_PLACEMENT_3D('',#4397,#4398,#4399);
#4397 = CARTESIAN_POINT('',(78.,2.,13.));
#4398 = DIRECTION('',(-0.,-0.,-1.));
#4399 = DIRECTION('',(1.,0.,0.));
#4400 = ADVANCED_FACE('',(#4401),#4420,.T.);
#4401 = FACE_BOUND('',#4402,.F.);
#4402 = EDGE_LOOP('',(#4403,#4404,#4405,#4414));
#4403 = ORIENTED_EDGE('',*,*,#4387,.F.);
#4404 = ORIENTED_EDGE('',*,*,#3954,.T.);
#4405 = ORIENTED_EDGE('',*,*,#4406,.F.);
#4406 = EDGE_CURVE('',#4407,#3955,#4409,.T.);
#4407 = VERTEX_POINT('',#4408);
#4408 = CARTESIAN_POINT('',(80.,5.,13.));
#4409 = CIRCLE('',#4410,2.);
#4410 = AXIS2_PLACEMENT_3D('',#4411,#4412,#4413);
#4411 = CARTESIAN_POINT('',(78.,5.,13.));
#4412 = DIRECTION('',(0.,-1.,0.));
#4413 = DIRECTION('',(1.,0.,0.));
#4414 = ORIENTED_EDGE('',*,*,#4415,.F.);
#4415 = EDGE_CURVE('',#4357,#4407,#4416,.T.);
#4416 = LINE('',#4417,#4418);
#4417 = CARTESIAN_POINT('',(80.,0.,13.));
#4418 = VECTOR('',#4419,1.);
#4419 = DIRECTION('',(0.,1.,0.));
#4420 = CYLINDRICAL_SURFACE('',#4421,2.);
#4421 = AXIS2_PLACEMENT_3D('',#4422,#4423,#4424);
#4422 = CARTESIAN_POINT('',(78.,0.,13.));
#4423 = DIRECTION('',(0.,1.,0.));
#4424 = DIRECTION('',(1.,0.,0.));
#4425 = ADVANCED_FACE('',(#4426),#4445,.T.);
#4426 = FACE_BOUND('',#4427,.F.);
#4427 = EDGE_LOOP('',(#4428,#4429,#4437,#4444));
#4428 = ORIENTED_EDGE('',*,*,#3996,.F.);
#4429 = ORIENTED_EDGE('',*,*,#4430,.T.);
#4430 = EDGE_CURVE('',#3988,#4431,#4433,.T.);
#4431 = VERTEX_POINT('',#4432);
#4432 = CARTESIAN_POINT('',(78.,5.,5.));
#4433 = LINE('',#4434,#4435);
#4434 = CARTESIAN_POINT('',(62.,5.,5.));
#4435 = VECTOR('',#4436,1.);
#4436 = DIRECTION('',(1.,0.,0.));
#4437 = ORIENTED_EDGE('',*,*,#4438,.T.);
#4438 = EDGE_CURVE('',#4431,#4022,#4439,.T.);
#4439 = CIRCLE('',#4440,2.);
#4440 = AXIS2_PLACEMENT_3D('',#4441,#4442,#4443);
#4441 = CARTESIAN_POINT('',(78.,5.,7.));
#4442 = DIRECTION('',(1.,-6.123233995737E-17,0.));
#4443 = DIRECTION('',(6.123233995737E-17,1.,0.));
#4444 = ORIENTED_EDGE('',*,*,#4029,.F.);
#4445 = CYLINDRICAL_SURFACE('',#4446,2.);
#4446 = AXIS2_PLACEMENT_3D('',#4447,#4448,#4449);
#4447 = CARTESIAN_POINT('',(62.,5.,7.));
#4448 = DIRECTION('',(1.,0.,0.));
#4449 = DIRECTION('',(0.,1.,0.));
#4450 = ADVANCED_FACE('',(#4451),#4476,.T.);
#4451 = FACE_BOUND('',#4452,.T.);
#4452 = EDGE_LOOP('',(#4453,#4461,#4468,#4469));
#4453 = ORIENTED_EDGE('',*,*,#4454,.F.);
#4454 = EDGE_CURVE('',#4455,#4407,#4457,.T.);
#4455 = VERTEX_POINT('',#4456);
#4456 = CARTESIAN_POINT('',(80.,5.,7.));
#4457 = LINE('',#4458,#4459);
#4458 = CARTESIAN_POINT('',(80.,5.,5.));
#4459 = VECTOR('',#4460,1.);
#4460 = DIRECTION('',(0.,0.,1.));
#4461 = ORIENTED_EDGE('',*,*,#4462,.T.);
#4462 = EDGE_CURVE('',#4455,#4022,#4463,.T.);
#4463 = CIRCLE('',#4464,2.);
#4464 = AXIS2_PLACEMENT_3D('',#4465,#4466,#4467);
#4465 = CARTESIAN_POINT('',(78.,5.,7.));
#4466 = DIRECTION('',(0.,0.,1.));
#4467 = DIRECTION('',(1.,0.,0.));
#4468 = ORIENTED_EDGE('',*,*,#4021,.T.);
#4469 = ORIENTED_EDGE('',*,*,#4470,.T.);
#4470 = EDGE_CURVE('',#4014,#4407,#4471,.T.);
#4471 = CIRCLE('',#4472,2.);
#4472 = AXIS2_PLACEMENT_3D('',#4473,#4474,#4475);
#4473 = CARTESIAN_POINT('',(78.,5.,13.));
#4474 = DIRECTION('',(0.,0.,-1.));
#4475 = DIRECTION('',(1.,0.,0.));
#4476 = CYLINDRICAL_SURFACE('',#4477,2.);
#4477 = AXIS2_PLACEMENT_3D('',#4478,#4479,#4480);
#4478 = CARTESIAN_POINT('',(78.,5.,5.));
#4479 = DIRECTION('',(0.,0.,1.));
#4480 = DIRECTION('',(1.,0.,0.));
#4481 = ADVANCED_FACE('',(#4482),#4487,.T.);
#4482 = FACE_BOUND('',#4483,.T.);
#4483 = EDGE_LOOP('',(#4484,#4485,#4486));
#4484 = ORIENTED_EDGE('',*,*,#4470,.F.);
#4485 = ORIENTED_EDGE('',*,*,#4045,.T.);
#4486 = ORIENTED_EDGE('',*,*,#4406,.F.);
#4487 = SPHERICAL_SURFACE('',#4488,2.);
#4488 = AXIS2_PLACEMENT_3D('',#4489,#4490,#4491);
#4489 = CARTESIAN_POINT('',(78.,5.,13.));
#4490 = DIRECTION('',(0.,-1.,0.));
#4491 = DIRECTION('',(1.,0.,0.));
#4492 = ADVANCED_FACE('',(#4493),#4504,.F.);
#4493 = FACE_BOUND('',#4494,.F.);
#4494 = EDGE_LOOP('',(#4495,#4496,#4497,#4503));
#4495 = ORIENTED_EDGE('',*,*,#4070,.F.);
#4496 = ORIENTED_EDGE('',*,*,#4330,.T.);
#4497 = ORIENTED_EDGE('',*,*,#4498,.T.);
#4498 = EDGE_CURVE('',#4331,#4431,#4499,.T.);
#4499 = LINE('',#4500,#4501);
#4500 = CARTESIAN_POINT('',(78.,0.,5.));
#4501 = VECTOR('',#4502,1.);
#4502 = DIRECTION('',(0.,1.,0.));
#4503 = ORIENTED_EDGE('',*,*,#4430,.F.);
#4504 = PLANE('',#4505);
#4505 = AXIS2_PLACEMENT_3D('',#4506,#4507,#4508);
#4506 = CARTESIAN_POINT('',(62.,0.,5.));
#4507 = DIRECTION('',(0.,0.,1.));
#4508 = DIRECTION('',(1.,0.,0.));
#4509 = ADVANCED_FACE('',(#4510),#4537,.F.);
#4510 = FACE_BOUND('',#4511,.F.);
#4511 = EDGE_LOOP('',(#4512,#4521,#4522,#4523,#4531));
#4512 = ORIENTED_EDGE('',*,*,#4513,.F.);
#4513 = EDGE_CURVE('',#4129,#4514,#4516,.T.);
#4514 = VERTEX_POINT('',#4515);
#4515 = CARTESIAN_POINT('',(-62.,2.,8.));
#4516 = CIRCLE('',#4517,2.);
#4517 = AXIS2_PLACEMENT_3D('',#4518,#4519,#4520);
#4518 = CARTESIAN_POINT('',(-64.,2.,8.));
#4519 = DIRECTION('',(0.,0.,1.));
#4520 = DIRECTION('',(1.,0.,0.));
#4521 = ORIENTED_EDGE('',*,*,#4177,.T.);
#4522 = ORIENTED_EDGE('',*,*,#4104,.T.);
#4523 = ORIENTED_EDGE('',*,*,#4524,.F.);
#4524 = EDGE_CURVE('',#4525,#4105,#4527,.T.);
#4525 = VERTEX_POINT('',#4526);
#4526 = CARTESIAN_POINT('',(-62.,3.2,8.));
#4527 = LINE('',#4528,#4529);
#4528 = CARTESIAN_POINT('',(-67.,3.2,8.));
#4529 = VECTOR('',#4530,1.);
#4530 = DIRECTION('',(1.,0.,0.));
#4531 = ORIENTED_EDGE('',*,*,#4532,.F.);
#4532 = EDGE_CURVE('',#4514,#4525,#4533,.T.);
#4533 = LINE('',#4534,#4535);
#4534 = CARTESIAN_POINT('',(-62.,0.,8.));
#4535 = VECTOR('',#4536,1.);
#4536 = DIRECTION('',(0.,1.,0.));
#4537 = PLANE('',#4538);
#4538 = AXIS2_PLACEMENT_3D('',#4539,#4540,#4541);
#4539 = CARTESIAN_POINT('',(-67.,0.,8.));
#4540 = DIRECTION('',(0.,0.,1.));
#4541 = DIRECTION('',(1.,0.,0.));
#4542 = ADVANCED_FACE('',(#4543),#4554,.T.);
#4543 = FACE_BOUND('',#4544,.T.);
#4544 = EDGE_LOOP('',(#4545,#4546,#4553));
#4545 = ORIENTED_EDGE('',*,*,#4112,.F.);
#4546 = ORIENTED_EDGE('',*,*,#4547,.T.);
#4547 = EDGE_CURVE('',#4105,#4220,#4548,.T.);
#4548 = CIRCLE('',#4549,1.8);
#4549 = AXIS2_PLACEMENT_3D('',#4550,#4551,#4552);
#4550 = CARTESIAN_POINT('',(-10.8,3.2,9.8));
#4551 = DIRECTION('',(1.,-6.123233995737E-17,0.));
#4552 = DIRECTION('',(6.123233995737E-17,1.,0.));
#4553 = ORIENTED_EDGE('',*,*,#4219,.F.);
#4554 = SPHERICAL_SURFACE('',#4555,1.8);
#4555 = AXIS2_PLACEMENT_3D('',#4556,#4557,#4558);
#4556 = CARTESIAN_POINT('',(-10.8,3.2,9.8));
#4557 = DIRECTION('',(0.,0.,1.));
#4558 = DIRECTION('',(1.,0.,0.));
#4559 = ADVANCED_FACE('',(#4560),#4587,.T.);
#4560 = FACE_BOUND('',#4561,.F.);
#4561 = EDGE_LOOP('',(#4562,#4570,#4579,#4585,#4586));
#4562 = ORIENTED_EDGE('',*,*,#4563,.F.);
#4563 = EDGE_CURVE('',#4564,#4514,#4566,.T.);
#4564 = VERTEX_POINT('',#4565);
#4565 = CARTESIAN_POINT('',(-62.,2.,7.));
#4566 = LINE('',#4567,#4568);
#4567 = CARTESIAN_POINT('',(-62.,2.,5.));
#4568 = VECTOR('',#4569,1.);
#4569 = DIRECTION('',(0.,0.,1.));
#4570 = ORIENTED_EDGE('',*,*,#4571,.T.);
#4571 = EDGE_CURVE('',#4564,#4572,#4574,.T.);
#4572 = VERTEX_POINT('',#4573);
#4573 = CARTESIAN_POINT('',(-64.,-4.440892098501E-16,7.));
#4574 = CIRCLE('',#4575,2.);
#4575 = AXIS2_PLACEMENT_3D('',#4576,#4577,#4578);
#4576 = CARTESIAN_POINT('',(-64.,2.,7.));
#4577 = DIRECTION('',(0.,0.,-1.));
#4578 = DIRECTION('',(1.,0.,0.));
#4579 = ORIENTED_EDGE('',*,*,#4580,.T.);
#4580 = EDGE_CURVE('',#4572,#3806,#4581,.T.);
#4581 = LINE('',#4582,#4583);
#4582 = CARTESIAN_POINT('',(-64.,-4.440892098501E-16,5.));
#4583 = VECTOR('',#4584,1.);
#4584 = DIRECTION('',(0.,0.,1.));
#4585 = ORIENTED_EDGE('',*,*,#4128,.T.);
#4586 = ORIENTED_EDGE('',*,*,#4513,.T.);
#4587 = CYLINDRICAL_SURFACE('',#4588,2.);
#4588 = AXIS2_PLACEMENT_3D('',#4589,#4590,#4591);
#4589 = CARTESIAN_POINT('',(-64.,2.,5.));
#4590 = DIRECTION('',(0.,0.,1.));
#4591 = DIRECTION('',(1.,0.,0.));
#4592 = ADVANCED_FACE('',(#4593),#4611,.T.);
#4593 = FACE_BOUND('',#4594,.T.);
#4594 = EDGE_LOOP('',(#4595,#4603,#4604,#4605));
#4595 = ORIENTED_EDGE('',*,*,#4596,.F.);
#4596 = EDGE_CURVE('',#4252,#4597,#4599,.T.);
#4597 = VERTEX_POINT('',#4598);
#4598 = CARTESIAN_POINT('',(-65.2,3.2,16.));
#4599 = LINE('',#4600,#4601);
#4600 = CARTESIAN_POINT('',(-65.2,0.,16.));
#4601 = VECTOR('',#4602,1.);
#4602 = DIRECTION('',(0.,1.,0.));
#4603 = ORIENTED_EDGE('',*,*,#4260,.T.);
#4604 = ORIENTED_EDGE('',*,*,#4194,.T.);
#4605 = ORIENTED_EDGE('',*,*,#4606,.F.);
#4606 = EDGE_CURVE('',#4597,#4195,#4607,.T.);
#4607 = LINE('',#4608,#4609);
#4608 = CARTESIAN_POINT('',(-67.,3.2,16.));
#4609 = VECTOR('',#4610,1.);
#4610 = DIRECTION('',(1.,0.,0.));
#4611 = PLANE('',#4612);
#4612 = AXIS2_PLACEMENT_3D('',#4613,#4614,#4615);
#4613 = CARTESIAN_POINT('',(-67.,0.,16.));
#4614 = DIRECTION('',(0.,0.,1.));
#4615 = DIRECTION('',(1.,0.,0.));
#4616 = ADVANCED_FACE('',(#4617),#4628,.T.);
#4617 = FACE_BOUND('',#4618,.T.);
#4618 = EDGE_LOOP('',(#4619,#4620,#4627));
#4619 = ORIENTED_EDGE('',*,*,#4236,.F.);
#4620 = ORIENTED_EDGE('',*,*,#4621,.T.);
#4621 = EDGE_CURVE('',#4229,#4195,#4622,.T.);
#4622 = CIRCLE('',#4623,1.8);
#4623 = AXIS2_PLACEMENT_3D('',#4624,#4625,#4626);
#4624 = CARTESIAN_POINT('',(-10.8,3.2,14.2));
#4625 = DIRECTION('',(1.,0.,-6.123233995737E-17));
#4626 = DIRECTION('',(6.123233995737E-17,0.,1.));
#4627 = ORIENTED_EDGE('',*,*,#4202,.F.);
#4628 = SPHERICAL_SURFACE('',#4629,1.8);
#4629 = AXIS2_PLACEMENT_3D('',#4630,#4631,#4632);
#4630 = CARTESIAN_POINT('',(-10.8,3.2,14.2));
#4631 = DIRECTION('',(0.,-1.,0.));
#4632 = DIRECTION('',(1.,0.,0.));
#4633 = ADVANCED_FACE('',(#4634),#4668,.T.);
#4634 = FACE_BOUND('',#4635,.T.);
#4635 = EDGE_LOOP('',(#4636,#4644,#4652,#4661,#4667));
#4636 = ORIENTED_EDGE('',*,*,#4637,.F.);
#4637 = EDGE_CURVE('',#4638,#4220,#4640,.T.);
#4638 = VERTEX_POINT('',#4639);
#4639 = CARTESIAN_POINT('',(-62.,5.,9.8));
#4640 = LINE('',#4641,#4642);
#4641 = CARTESIAN_POINT('',(-67.,5.,9.8));
#4642 = VECTOR('',#4643,1.);
#4643 = DIRECTION('',(1.,0.,0.));
#4644 = ORIENTED_EDGE('',*,*,#4645,.T.);
#4645 = EDGE_CURVE('',#4638,#4646,#4648,.T.);
#4646 = VERTEX_POINT('',#4647);
#4647 = CARTESIAN_POINT('',(-62.,5.,13.));
#4648 = LINE('',#4649,#4650);
#4649 = CARTESIAN_POINT('',(-62.,5.,5.));
#4650 = VECTOR('',#4651,1.);
#4651 = DIRECTION('',(0.,0.,1.));
#4652 = ORIENTED_EDGE('',*,*,#4653,.T.);
#4653 = EDGE_CURVE('',#4646,#4654,#4656,.T.);
#4654 = VERTEX_POINT('',#4655);
#4655 = CARTESIAN_POINT('',(-62.4,5.,14.2));
#4656 = CIRCLE('',#4657,2.);
#4657 = AXIS2_PLACEMENT_3D('',#4658,#4659,#4660);
#4658 = CARTESIAN_POINT('',(-64.,5.,13.));
#4659 = DIRECTION('',(0.,-1.,0.));
#4660 = DIRECTION('',(1.,0.,0.));
#4661 = ORIENTED_EDGE('',*,*,#4662,.T.);
#4662 = EDGE_CURVE('',#4654,#4229,#4663,.T.);
#4663 = LINE('',#4664,#4665);
#4664 = CARTESIAN_POINT('',(-67.,5.,14.2));
#4665 = VECTOR('',#4666,1.);
#4666 = DIRECTION('',(1.,0.,0.));
#4667 = ORIENTED_EDGE('',*,*,#4228,.F.);
#4668 = PLANE('',#4669);
#4669 = AXIS2_PLACEMENT_3D('',#4670,#4671,#4672);
#4670 = CARTESIAN_POINT('',(-67.,5.,8.));
#4671 = DIRECTION('',(0.,1.,0.));
#4672 = DIRECTION('',(0.,0.,1.));
#4673 = ADVANCED_FACE('',(#4674),#4712,.T.);
#4674 = FACE_BOUND('',#4675,.F.);
#4675 = EDGE_LOOP('',(#4676,#4685,#4686,#4687));
#4676 = ORIENTED_EDGE('',*,*,#4677,.F.);
#4677 = EDGE_CURVE('',#4252,#4678,#4680,.T.);
#4678 = VERTEX_POINT('',#4679);
#4679 = CARTESIAN_POINT('',(-66.81738668787,1.8,14.989974874213));
#4680 = CIRCLE('',#4681,1.8);
#4681 = AXIS2_PLACEMENT_3D('',#4682,#4683,#4684);
#4682 = CARTESIAN_POINT('',(-65.2,1.8,14.2));
#4683 = DIRECTION('',(0.,-1.,0.));
#4684 = DIRECTION('',(-1.,0.,0.));
#4685 = ORIENTED_EDGE('',*,*,#4251,.T.);
#4686 = ORIENTED_EDGE('',*,*,#4300,.F.);
#4687 = ORIENTED_EDGE('',*,*,#4688,.T.);
#4688 = EDGE_CURVE('',#4301,#4678,#4689,.T.);
#4689 = B_SPLINE_CURVE_WITH_KNOTS('',6,(#4690,#4691,#4692,#4693,#4694,
    #4695,#4696,#4697,#4698,#4699,#4700,#4701,#4702,#4703,#4704,#4705,
    #4706,#4707,#4708,#4709,#4710,#4711),.UNSPECIFIED.,.F.,.F.,(7,5,5,5,
    7),(0.,0.387137944913,0.543797935043,0.878000591374,1.),
  .UNSPECIFIED.);
#4690 = CARTESIAN_POINT('',(-66.33137084989,0.4,14.2));
#4691 = CARTESIAN_POINT('',(-66.39601661104,0.45224166409,14.26965555212
    ));
#4692 = CARTESIAN_POINT('',(-66.45627043834,0.511014154863,
    14.340437801467));
#4693 = CARTESIAN_POINT('',(-66.51192061327,0.576583333691,
    14.411127394358));
#4694 = CARTESIAN_POINT('',(-66.56271688125,0.649035485139,
    14.480465115567));
#4695 = CARTESIAN_POINT('',(-66.60840747188,0.72820775019,
    14.547194326793));
#4696 = CARTESIAN_POINT('',(-66.66508906411,0.848237916569,
    14.635631038546));
#4697 = CARTESIAN_POINT('',(-66.68054334291,0.883843462041,
    14.660489886383));
#4698 = CARTESIAN_POINT('',(-66.69510693967,0.920444934836,
    14.684652471626));
#4699 = CARTESIAN_POINT('',(-66.70876487049,0.958003988883,
    14.708043800598));
#4700 = CARTESIAN_POINT('',(-66.72150336812,0.996474558461,
    14.730592883541));
#4701 = CARTESIAN_POINT('',(-66.75849781401,1.119701551276,
    14.798400684421));
#4702 = CARTESIAN_POINT('',(-66.7794513309,1.20752226639,14.84044546254)
  );
#4703 = CARTESIAN_POINT('',(-66.79603806603,1.298710881,14.877706091763)
  );
#4704 = CARTESIAN_POINT('',(-66.8081925879,1.392608164389,
    14.909680085446));
#4705 = CARTESIAN_POINT('',(-66.81588551489,1.488498207851,
    14.936031138374));
#4706 = CARTESIAN_POINT('',(-66.82031892901,1.621039447087,
    14.964103252043));
#4707 = CARTESIAN_POINT('',(-66.82091225848,1.65664777914,
    14.970839938679));
#4708 = CARTESIAN_POINT('',(-66.82091411499,1.692383591146,
    14.976798596079));
#4709 = CARTESIAN_POINT('',(-66.82032582101,1.72821111074,
    14.981974603919));
#4710 = CARTESIAN_POINT('',(-66.81914922229,1.764094928911,
    14.986366278793));
#4711 = CARTESIAN_POINT('',(-66.81738668787,1.8,14.989974874213));
#4712 = SPHERICAL_SURFACE('',#4713,1.8);
#4713 = AXIS2_PLACEMENT_3D('',#4714,#4715,#4716);
#4714 = CARTESIAN_POINT('',(-65.2,1.8,14.2));
#4715 = DIRECTION('',(-0.,-0.,-1.));
#4716 = DIRECTION('',(-1.,0.,0.));
#4717 = ADVANCED_FACE('',(#4718),#4745,.F.);
#4718 = FACE_BOUND('',#4719,.F.);
#4719 = EDGE_LOOP('',(#4720,#4728,#4736,#4742,#4743,#4744));
#4720 = ORIENTED_EDGE('',*,*,#4721,.F.);
#4721 = EDGE_CURVE('',#4722,#4572,#4724,.T.);
#4722 = VERTEX_POINT('',#4723);
#4723 = CARTESIAN_POINT('',(-78.,-4.440892098501E-16,7.));
#4724 = LINE('',#4725,#4726);
#4725 = CARTESIAN_POINT('',(-80.,-4.440892098501E-16,7.));
#4726 = VECTOR('',#4727,1.);
#4727 = DIRECTION('',(1.,0.,0.));
#4728 = ORIENTED_EDGE('',*,*,#4729,.T.);
#4729 = EDGE_CURVE('',#4722,#4730,#4732,.T.);
#4730 = VERTEX_POINT('',#4731);
#4731 = CARTESIAN_POINT('',(-78.,-4.440892098501E-16,13.));
#4732 = LINE('',#4733,#4734);
#4733 = CARTESIAN_POINT('',(-78.,-4.440892098501E-16,5.));
#4734 = VECTOR('',#4735,1.);
#4735 = DIRECTION('',(0.,0.,1.));
#4736 = ORIENTED_EDGE('',*,*,#4737,.T.);
#4737 = EDGE_CURVE('',#4730,#3781,#4738,.T.);
#4738 = LINE('',#4739,#4740);
#4739 = CARTESIAN_POINT('',(-80.,-4.440892098501E-16,13.));
#4740 = VECTOR('',#4741,1.);
#4741 = DIRECTION('',(1.,0.,0.));
#4742 = ORIENTED_EDGE('',*,*,#4284,.F.);
#4743 = ORIENTED_EDGE('',*,*,#4276,.T.);
#4744 = ORIENTED_EDGE('',*,*,#4580,.F.);
#4745 = PLANE('',#4746);
#4746 = AXIS2_PLACEMENT_3D('',#4747,#4748,#4749);
#4747 = CARTESIAN_POINT('',(-80.,0.,5.));
#4748 = DIRECTION('',(0.,1.,0.));
#4749 = DIRECTION('',(0.,0.,1.));
#4750 = ADVANCED_FACE('',(#4751),#4784,.T.);
#4751 = FACE_BOUND('',#4752,.F.);
#4752 = EDGE_LOOP('',(#4753,#4762,#4770,#4781,#4782,#4783));
#4753 = ORIENTED_EDGE('',*,*,#4754,.F.);
#4754 = EDGE_CURVE('',#4755,#4730,#4757,.T.);
#4755 = VERTEX_POINT('',#4756);
#4756 = CARTESIAN_POINT('',(-78.,2.,15.));
#4757 = CIRCLE('',#4758,2.);
#4758 = AXIS2_PLACEMENT_3D('',#4759,#4760,#4761);
#4759 = CARTESIAN_POINT('',(-78.,2.,13.));
#4760 = DIRECTION('',(1.,-6.123233995737E-17,0.));
#4761 = DIRECTION('',(-6.123233995737E-17,-1.,0.));
#4762 = ORIENTED_EDGE('',*,*,#4763,.T.);
#4763 = EDGE_CURVE('',#4755,#4764,#4766,.T.);
#4764 = VERTEX_POINT('',#4765);
#4765 = CARTESIAN_POINT('',(-66.81245154966,2.,15.));
#4766 = LINE('',#4767,#4768);
#4767 = CARTESIAN_POINT('',(-80.,2.,15.));
#4768 = VECTOR('',#4769,1.);
#4769 = DIRECTION('',(1.,0.,0.));
#4770 = ORIENTED_EDGE('',*,*,#4771,.F.);
#4771 = EDGE_CURVE('',#4678,#4764,#4772,.T.);
#4772 = B_SPLINE_CURVE_WITH_KNOTS('',4,(#4773,#4774,#4775,#4776,#4777,
    #4778,#4779,#4780),.UNSPECIFIED.,.F.,.F.,(5,3,5),(0.,0.967099875061,
    1.),.UNSPECIFIED.);
#4773 = CARTESIAN_POINT('',(-66.81738671732,1.7999994,14.989974813911));
#4774 = CARTESIAN_POINT('',(-66.81502045856,1.848202963224,
    14.994819468979));
#4775 = CARTESIAN_POINT('',(-66.81339111933,1.896552282645,
    14.998106214263));
#4776 = CARTESIAN_POINT('',(-66.81253611464,1.944978582891,
    14.999829551031));
#4777 = CARTESIAN_POINT('',(-66.81245424328,1.995057199247,
    14.999994570821));
#4778 = CARTESIAN_POINT('',(-66.81245244753,1.996704797619,
    14.999998190274));
#4779 = CARTESIAN_POINT('',(-66.81245154966,1.998352398809,15.));
#4780 = CARTESIAN_POINT('',(-66.81245154966,2.,15.));
#4781 = ORIENTED_EDGE('',*,*,#4688,.F.);
#4782 = ORIENTED_EDGE('',*,*,#4309,.T.);
#4783 = ORIENTED_EDGE('',*,*,#4737,.F.);
#4784 = CYLINDRICAL_SURFACE('',#4785,2.);
#4785 = AXIS2_PLACEMENT_3D('',#4786,#4787,#4788);
#4786 = CARTESIAN_POINT('',(-80.,2.,13.));
#4787 = DIRECTION('',(1.,0.,0.));
#4788 = DIRECTION('',(0.,-1.,0.));
#4789 = ADVANCED_FACE('',(#4790),#4801,.T.);
#4790 = FACE_BOUND('',#4791,.F.);
#4791 = EDGE_LOOP('',(#4792,#4799,#4800));
#4792 = ORIENTED_EDGE('',*,*,#4793,.F.);
#4793 = EDGE_CURVE('',#4331,#4355,#4794,.T.);
#4794 = CIRCLE('',#4795,2.);
#4795 = AXIS2_PLACEMENT_3D('',#4796,#4797,#4798);
#4796 = CARTESIAN_POINT('',(78.,2.,7.));
#4797 = DIRECTION('',(0.,-1.,0.));
#4798 = DIRECTION('',(1.,0.,0.));
#4799 = ORIENTED_EDGE('',*,*,#4338,.T.);
#4800 = ORIENTED_EDGE('',*,*,#4364,.F.);
#4801 = SPHERICAL_SURFACE('',#4802,2.);
#4802 = AXIS2_PLACEMENT_3D('',#4803,#4804,#4805);
#4803 = CARTESIAN_POINT('',(78.,2.,7.));
#4804 = DIRECTION('',(0.,0.,1.));
#4805 = DIRECTION('',(1.,0.,0.));
#4806 = ADVANCED_FACE('',(#4807),#4818,.T.);
#4807 = FACE_BOUND('',#4808,.T.);
#4808 = EDGE_LOOP('',(#4809,#4810,#4816,#4817));
#4809 = ORIENTED_EDGE('',*,*,#4354,.F.);
#4810 = ORIENTED_EDGE('',*,*,#4811,.T.);
#4811 = EDGE_CURVE('',#4355,#4455,#4812,.T.);
#4812 = LINE('',#4813,#4814);
#4813 = CARTESIAN_POINT('',(80.,0.,7.));
#4814 = VECTOR('',#4815,1.);
#4815 = DIRECTION('',(0.,1.,0.));
#4816 = ORIENTED_EDGE('',*,*,#4454,.T.);
#4817 = ORIENTED_EDGE('',*,*,#4415,.F.);
#4818 = PLANE('',#4819);
#4819 = AXIS2_PLACEMENT_3D('',#4820,#4821,#4822);
#4820 = CARTESIAN_POINT('',(80.,0.,5.));
#4821 = DIRECTION('',(1.,0.,0.));
#4822 = DIRECTION('',(0.,0.,1.));
#4823 = ADVANCED_FACE('',(#4824),#4835,.T.);
#4824 = FACE_BOUND('',#4825,.T.);
#4825 = EDGE_LOOP('',(#4826,#4833,#4834));
#4826 = ORIENTED_EDGE('',*,*,#4827,.F.);
#4827 = EDGE_CURVE('',#4431,#4455,#4828,.T.);
#4828 = CIRCLE('',#4829,2.);
#4829 = AXIS2_PLACEMENT_3D('',#4830,#4831,#4832);
#4830 = CARTESIAN_POINT('',(78.,5.,7.));
#4831 = DIRECTION('',(0.,-1.,0.));
#4832 = DIRECTION('',(1.,0.,0.));
#4833 = ORIENTED_EDGE('',*,*,#4438,.T.);
#4834 = ORIENTED_EDGE('',*,*,#4462,.F.);
#4835 = SPHERICAL_SURFACE('',#4836,2.);
#4836 = AXIS2_PLACEMENT_3D('',#4837,#4838,#4839);
#4837 = CARTESIAN_POINT('',(78.,5.,7.));
#4838 = DIRECTION('',(0.,0.,1.));
#4839 = DIRECTION('',(1.,0.,0.));
#4840 = ADVANCED_FACE('',(#4841),#4847,.T.);
#4841 = FACE_BOUND('',#4842,.T.);
#4842 = EDGE_LOOP('',(#4843,#4844,#4845,#4846));
#4843 = ORIENTED_EDGE('',*,*,#4793,.F.);
#4844 = ORIENTED_EDGE('',*,*,#4498,.T.);
#4845 = ORIENTED_EDGE('',*,*,#4827,.T.);
#4846 = ORIENTED_EDGE('',*,*,#4811,.F.);
#4847 = CYLINDRICAL_SURFACE('',#4848,2.);
#4848 = AXIS2_PLACEMENT_3D('',#4849,#4850,#4851);
#4849 = CARTESIAN_POINT('',(78.,0.,7.));
#4850 = DIRECTION('',(0.,1.,0.));
#4851 = DIRECTION('',(1.,0.,0.));
#4852 = ADVANCED_FACE('',(#4853),#4878,.T.);
#4853 = FACE_BOUND('',#4854,.T.);
#4854 = EDGE_LOOP('',(#4855,#4856,#4864,#4870,#4877));
#4855 = ORIENTED_EDGE('',*,*,#4563,.F.);
#4856 = ORIENTED_EDGE('',*,*,#4857,.T.);
#4857 = EDGE_CURVE('',#4564,#4858,#4860,.T.);
#4858 = VERTEX_POINT('',#4859);
#4859 = CARTESIAN_POINT('',(-62.,5.,7.));
#4860 = LINE('',#4861,#4862);
#4861 = CARTESIAN_POINT('',(-62.,0.,7.));
#4862 = VECTOR('',#4863,1.);
#4863 = DIRECTION('',(0.,1.,0.));
#4864 = ORIENTED_EDGE('',*,*,#4865,.T.);
#4865 = EDGE_CURVE('',#4858,#4638,#4866,.T.);
#4866 = LINE('',#4867,#4868);
#4867 = CARTESIAN_POINT('',(-62.,5.,5.));
#4868 = VECTOR('',#4869,1.);
#4869 = DIRECTION('',(0.,0.,1.));
#4870 = ORIENTED_EDGE('',*,*,#4871,.F.);
#4871 = EDGE_CURVE('',#4525,#4638,#4872,.T.);
#4872 = CIRCLE('',#4873,1.8);
#4873 = AXIS2_PLACEMENT_3D('',#4874,#4875,#4876);
#4874 = CARTESIAN_POINT('',(-62.,3.2,9.8));
#4875 = DIRECTION('',(1.,0.,0.));
#4876 = DIRECTION('',(0.,1.,0.));
#4877 = ORIENTED_EDGE('',*,*,#4532,.F.);
#4878 = PLANE('',#4879);
#4879 = AXIS2_PLACEMENT_3D('',#4880,#4881,#4882);
#4880 = CARTESIAN_POINT('',(-62.,0.,5.));
#4881 = DIRECTION('',(1.,0.,0.));
#4882 = DIRECTION('',(0.,0.,1.));
#4883 = ADVANCED_FACE('',(#4884),#4890,.T.);
#4884 = FACE_BOUND('',#4885,.F.);
#4885 = EDGE_LOOP('',(#4886,#4887,#4888,#4889));
#4886 = ORIENTED_EDGE('',*,*,#4871,.F.);
#4887 = ORIENTED_EDGE('',*,*,#4524,.T.);
#4888 = ORIENTED_EDGE('',*,*,#4547,.T.);
#4889 = ORIENTED_EDGE('',*,*,#4637,.F.);
#4890 = CYLINDRICAL_SURFACE('',#4891,1.8);
#4891 = AXIS2_PLACEMENT_3D('',#4892,#4893,#4894);
#4892 = CARTESIAN_POINT('',(-67.,3.2,9.8));
#4893 = DIRECTION('',(1.,0.,0.));
#4894 = DIRECTION('',(0.,1.,0.));
#4895 = ADVANCED_FACE('',(#4896),#4915,.T.);
#4896 = FACE_BOUND('',#4897,.F.);
#4897 = EDGE_LOOP('',(#4898,#4907,#4914));
#4898 = ORIENTED_EDGE('',*,*,#4899,.F.);
#4899 = EDGE_CURVE('',#4900,#4564,#4902,.T.);
#4900 = VERTEX_POINT('',#4901);
#4901 = CARTESIAN_POINT('',(-64.,2.,5.));
#4902 = CIRCLE('',#4903,2.);
#4903 = AXIS2_PLACEMENT_3D('',#4904,#4905,#4906);
#4904 = CARTESIAN_POINT('',(-64.,2.,7.));
#4905 = DIRECTION('',(0.,-1.,0.));
#4906 = DIRECTION('',(1.,0.,0.));
#4907 = ORIENTED_EDGE('',*,*,#4908,.T.);
#4908 = EDGE_CURVE('',#4900,#4572,#4909,.T.);
#4909 = CIRCLE('',#4910,2.);
#4910 = AXIS2_PLACEMENT_3D('',#4911,#4912,#4913);
#4911 = CARTESIAN_POINT('',(-64.,2.,7.));
#4912 = DIRECTION('',(-1.,-6.123233995737E-17,0.));
#4913 = DIRECTION('',(6.123233995737E-17,-1.,0.));
#4914 = ORIENTED_EDGE('',*,*,#4571,.F.);
#4915 = SPHERICAL_SURFACE('',#4916,2.);
#4916 = AXIS2_PLACEMENT_3D('',#4917,#4918,#4919);
#4917 = CARTESIAN_POINT('',(-64.,2.,7.));
#4918 = DIRECTION('',(0.,0.,1.));
#4919 = DIRECTION('',(1.,0.,0.));
#4920 = ADVANCED_FACE('',(#4921),#4941,.T.);
#4921 = FACE_BOUND('',#4922,.T.);
#4922 = EDGE_LOOP('',(#4923,#4924,#4925,#4934,#4940));
#4923 = ORIENTED_EDGE('',*,*,#4677,.F.);
#4924 = ORIENTED_EDGE('',*,*,#4596,.T.);
#4925 = ORIENTED_EDGE('',*,*,#4926,.F.);
#4926 = EDGE_CURVE('',#4927,#4597,#4929,.T.);
#4927 = VERTEX_POINT('',#4928);
#4928 = CARTESIAN_POINT('',(-66.81245154966,3.2,15.));
#4929 = CIRCLE('',#4930,1.8);
#4930 = AXIS2_PLACEMENT_3D('',#4931,#4932,#4933);
#4931 = CARTESIAN_POINT('',(-65.2,3.2,14.2));
#4932 = DIRECTION('',(0.,1.,-0.));
#4933 = DIRECTION('',(-1.,0.,0.));
#4934 = ORIENTED_EDGE('',*,*,#4935,.F.);
#4935 = EDGE_CURVE('',#4764,#4927,#4936,.T.);
#4936 = LINE('',#4937,#4938);
#4937 = CARTESIAN_POINT('',(-66.81245154966,0.,15.));
#4938 = VECTOR('',#4939,1.);
#4939 = DIRECTION('',(0.,1.,0.));
#4940 = ORIENTED_EDGE('',*,*,#4771,.F.);
#4941 = CYLINDRICAL_SURFACE('',#4942,1.8);
#4942 = AXIS2_PLACEMENT_3D('',#4943,#4944,#4945);
#4943 = CARTESIAN_POINT('',(-65.2,0.,14.2));
#4944 = DIRECTION('',(0.,1.,0.));
#4945 = DIRECTION('',(-1.,0.,0.));
#4946 = ADVANCED_FACE('',(#4947),#4989,.T.);
#4947 = FACE_BOUND('',#4948,.T.);
#4948 = EDGE_LOOP('',(#4949,#4959,#4966,#4967,#4968,#4969));
#4949 = ORIENTED_EDGE('',*,*,#4950,.F.);
#4950 = EDGE_CURVE('',#4951,#4953,#4955,.T.);
#4951 = VERTEX_POINT('',#4952);
#4952 = CARTESIAN_POINT('',(-65.2,4.81245154966,15.));
#4953 = VERTEX_POINT('',#4954);
#4954 = CARTESIAN_POINT('',(-64.,4.81245154966,15.));
#4955 = LINE('',#4956,#4957);
#4956 = CARTESIAN_POINT('',(-67.,4.81245154966,15.));
#4957 = VECTOR('',#4958,1.);
#4958 = DIRECTION('',(1.,0.,0.));
#4959 = ORIENTED_EDGE('',*,*,#4960,.T.);
#4960 = EDGE_CURVE('',#4951,#4597,#4961,.T.);
#4961 = CIRCLE('',#4962,1.8);
#4962 = AXIS2_PLACEMENT_3D('',#4963,#4964,#4965);
#4963 = CARTESIAN_POINT('',(-65.2,3.2,14.2));
#4964 = DIRECTION('',(1.,0.,6.123233995737E-17));
#4965 = DIRECTION('',(-6.123233995737E-17,0.,1.));
#4966 = ORIENTED_EDGE('',*,*,#4606,.T.);
#4967 = ORIENTED_EDGE('',*,*,#4621,.F.);
#4968 = ORIENTED_EDGE('',*,*,#4662,.F.);
#4969 = ORIENTED_EDGE('',*,*,#4970,.T.);
#4970 = EDGE_CURVE('',#4654,#4953,#4971,.T.);
#4971 = B_SPLINE_CURVE_WITH_KNOTS('',6,(#4972,#4973,#4974,#4975,#4976,
    #4977,#4978,#4979,#4980,#4981,#4982,#4983,#4984,#4985,#4986,#4987,
    #4988),.UNSPECIFIED.,.F.,.F.,(7,5,5,7),(0.,0.155389883914,
    0.529141674494,1.),.UNSPECIFIED.);
#4972 = CARTESIAN_POINT('',(-62.4,5.,14.2));
#4973 = CARTESIAN_POINT('',(-62.43112937611,5.,14.241505834817));
#4974 = CARTESIAN_POINT('',(-62.46336010939,4.998851548959,
    14.281788255916));
#4975 = CARTESIAN_POINT('',(-62.49661822464,4.99668144095,
    14.320810851788));
#4976 = CARTESIAN_POINT('',(-62.53082817177,4.993611845036,
    14.358542936012));
#4977 = CARTESIAN_POINT('',(-62.56591282579,4.989760305261,
    14.394959547251));
#4978 = CARTESIAN_POINT('',(-62.68809550974,4.974366644724,
    14.514422255534));
#4979 = CARTESIAN_POINT('',(-62.77900666635,4.959622696409,
    14.59108488597));
#4980 = CARTESIAN_POINT('',(-62.87377797159,4.942534500587,
    14.660094899113));
#4981 = CARTESIAN_POINT('',(-62.97181920055,4.924359670946,
    14.721578948774));
#4982 = CARTESIAN_POINT('',(-63.07268124053,4.906195760577,
    14.775652118021));
#4983 = CARTESIAN_POINT('',(-63.30619358856,4.867289507077,
    14.881234716279));
#4984 = CARTESIAN_POINT('',(-63.44073255141,4.847030966563,
    14.928625440342));
#4985 = CARTESIAN_POINT('',(-63.5783393972,4.830198696095,
    14.964231867924));
#4986 = CARTESIAN_POINT('',(-63.71797290035,4.818387591646,
    14.988034888621));
#4987 = CARTESIAN_POINT('',(-63.85878195758,4.81245154966,15.));
#4988 = CARTESIAN_POINT('',(-64.,4.81245154966,15.));
#4989 = CYLINDRICAL_SURFACE('',#4990,1.8);
#4990 = AXIS2_PLACEMENT_3D('',#4991,#4992,#4993);
#4991 = CARTESIAN_POINT('',(-67.,3.2,14.2));
#4992 = DIRECTION('',(1.,0.,0.));
#4993 = DIRECTION('',(0.,1.,0.));
#4994 = ADVANCED_FACE('',(#4995),#5023,.T.);
#4995 = FACE_BOUND('',#4996,.T.);
#4996 = EDGE_LOOP('',(#4997,#5006,#5015,#5022));
#4997 = ORIENTED_EDGE('',*,*,#4998,.F.);
#4998 = EDGE_CURVE('',#4999,#4646,#5001,.T.);
#4999 = VERTEX_POINT('',#5000);
#5000 = CARTESIAN_POINT('',(-64.,7.,13.));
#5001 = CIRCLE('',#5002,2.);
#5002 = AXIS2_PLACEMENT_3D('',#5003,#5004,#5005);
#5003 = CARTESIAN_POINT('',(-64.,5.,13.));
#5004 = DIRECTION('',(0.,0.,-1.));
#5005 = DIRECTION('',(1.,0.,0.));
#5006 = ORIENTED_EDGE('',*,*,#5007,.T.);
#5007 = EDGE_CURVE('',#4999,#5008,#5010,.T.);
#5008 = VERTEX_POINT('',#5009);
#5009 = CARTESIAN_POINT('',(-64.,5.,15.));
#5010 = CIRCLE('',#5011,2.);
#5011 = AXIS2_PLACEMENT_3D('',#5012,#5013,#5014);
#5012 = CARTESIAN_POINT('',(-64.,5.,13.));
#5013 = DIRECTION('',(1.,0.,-6.123233995737E-17));
#5014 = DIRECTION('',(6.123233995737E-17,0.,1.));
#5015 = ORIENTED_EDGE('',*,*,#5016,.F.);
#5016 = EDGE_CURVE('',#4654,#5008,#5017,.T.);
#5017 = CIRCLE('',#5018,2.);
#5018 = AXIS2_PLACEMENT_3D('',#5019,#5020,#5021);
#5019 = CARTESIAN_POINT('',(-64.,5.,13.));
#5020 = DIRECTION('',(0.,-1.,0.));
#5021 = DIRECTION('',(1.,0.,0.));
#5022 = ORIENTED_EDGE('',*,*,#4653,.F.);
#5023 = SPHERICAL_SURFACE('',#5024,2.);
#5024 = AXIS2_PLACEMENT_3D('',#5025,#5026,#5027);
#5025 = CARTESIAN_POINT('',(-64.,5.,13.));
#5026 = DIRECTION('',(0.,-1.,0.));
#5027 = DIRECTION('',(1.,0.,0.));
#5028 = ADVANCED_FACE('',(#5029),#5049,.T.);
#5029 = FACE_BOUND('',#5030,.T.);
#5030 = EDGE_LOOP('',(#5031,#5032,#5041,#5047,#5048));
#5031 = ORIENTED_EDGE('',*,*,#4865,.F.);
#5032 = ORIENTED_EDGE('',*,*,#5033,.T.);
#5033 = EDGE_CURVE('',#4858,#5034,#5036,.T.);
#5034 = VERTEX_POINT('',#5035);
#5035 = CARTESIAN_POINT('',(-64.,7.,7.));
#5036 = CIRCLE('',#5037,2.);
#5037 = AXIS2_PLACEMENT_3D('',#5038,#5039,#5040);
#5038 = CARTESIAN_POINT('',(-64.,5.,7.));
#5039 = DIRECTION('',(0.,0.,1.));
#5040 = DIRECTION('',(1.,0.,0.));
#5041 = ORIENTED_EDGE('',*,*,#5042,.T.);
#5042 = EDGE_CURVE('',#5034,#4999,#5043,.T.);
#5043 = LINE('',#5044,#5045);
#5044 = CARTESIAN_POINT('',(-64.,7.,5.));
#5045 = VECTOR('',#5046,1.);
#5046 = DIRECTION('',(0.,0.,1.));
#5047 = ORIENTED_EDGE('',*,*,#4998,.T.);
#5048 = ORIENTED_EDGE('',*,*,#4645,.F.);
#5049 = CYLINDRICAL_SURFACE('',#5050,2.);
#5050 = AXIS2_PLACEMENT_3D('',#5051,#5052,#5053);
#5051 = CARTESIAN_POINT('',(-64.,5.,5.));
#5052 = DIRECTION('',(0.,0.,1.));
#5053 = DIRECTION('',(1.,0.,0.));
#5054 = ADVANCED_FACE('',(#5055),#5074,.T.);
#5055 = FACE_BOUND('',#5056,.T.);
#5056 = EDGE_LOOP('',(#5057,#5066,#5072,#5073));
#5057 = ORIENTED_EDGE('',*,*,#5058,.F.);
#5058 = EDGE_CURVE('',#5059,#4722,#5061,.T.);
#5059 = VERTEX_POINT('',#5060);
#5060 = CARTESIAN_POINT('',(-78.,2.,5.));
#5061 = CIRCLE('',#5062,2.);
#5062 = AXIS2_PLACEMENT_3D('',#5063,#5064,#5065);
#5063 = CARTESIAN_POINT('',(-78.,2.,7.));
#5064 = DIRECTION('',(-1.,6.123233995737E-17,0.));
#5065 = DIRECTION('',(-6.123233995737E-17,-1.,0.));
#5066 = ORIENTED_EDGE('',*,*,#5067,.T.);
#5067 = EDGE_CURVE('',#5059,#4900,#5068,.T.);
#5068 = LINE('',#5069,#5070);
#5069 = CARTESIAN_POINT('',(-80.,2.,5.));
#5070 = VECTOR('',#5071,1.);
#5071 = DIRECTION('',(1.,0.,0.));
#5072 = ORIENTED_EDGE('',*,*,#4908,.T.);
#5073 = ORIENTED_EDGE('',*,*,#4721,.F.);
#5074 = CYLINDRICAL_SURFACE('',#5075,2.);
#5075 = AXIS2_PLACEMENT_3D('',#5076,#5077,#5078);
#5076 = CARTESIAN_POINT('',(-80.,2.,7.));
#5077 = DIRECTION('',(1.,0.,0.));
#5078 = DIRECTION('',(0.,-1.,0.));
#5079 = ADVANCED_FACE('',(#5080),#5107,.T.);
#5080 = FACE_BOUND('',#5081,.T.);
#5081 = EDGE_LOOP('',(#5082,#5092,#5099,#5100));
#5082 = ORIENTED_EDGE('',*,*,#5083,.F.);
#5083 = EDGE_CURVE('',#5084,#5086,#5088,.T.);
#5084 = VERTEX_POINT('',#5085);
#5085 = CARTESIAN_POINT('',(-80.,2.,7.));
#5086 = VERTEX_POINT('',#5087);
#5087 = CARTESIAN_POINT('',(-80.,2.,13.));
#5088 = LINE('',#5089,#5090);
#5089 = CARTESIAN_POINT('',(-80.,2.,5.));
#5090 = VECTOR('',#5091,1.);
#5091 = DIRECTION('',(0.,0.,1.));
#5092 = ORIENTED_EDGE('',*,*,#5093,.T.);
#5093 = EDGE_CURVE('',#5084,#4722,#5094,.T.);
#5094 = CIRCLE('',#5095,2.);
#5095 = AXIS2_PLACEMENT_3D('',#5096,#5097,#5098);
#5096 = CARTESIAN_POINT('',(-78.,2.,7.));
#5097 = DIRECTION('',(0.,0.,1.));
#5098 = DIRECTION('',(-1.,0.,0.));
#5099 = ORIENTED_EDGE('',*,*,#4729,.T.);
#5100 = ORIENTED_EDGE('',*,*,#5101,.F.);
#5101 = EDGE_CURVE('',#5086,#4730,#5102,.T.);
#5102 = CIRCLE('',#5103,2.);
#5103 = AXIS2_PLACEMENT_3D('',#5104,#5105,#5106);
#5104 = CARTESIAN_POINT('',(-78.,2.,13.));
#5105 = DIRECTION('',(0.,0.,1.));
#5106 = DIRECTION('',(-1.,0.,0.));
#5107 = CYLINDRICAL_SURFACE('',#5108,2.);
#5108 = AXIS2_PLACEMENT_3D('',#5109,#5110,#5111);
#5109 = CARTESIAN_POINT('',(-78.,2.,5.));
#5110 = DIRECTION('',(0.,0.,1.));
#5111 = DIRECTION('',(-1.,0.,0.));
#5112 = ADVANCED_FACE('',(#5113),#5124,.T.);
#5113 = FACE_BOUND('',#5114,.F.);
#5114 = EDGE_LOOP('',(#5115,#5122,#5123));
#5115 = ORIENTED_EDGE('',*,*,#5116,.F.);
#5116 = EDGE_CURVE('',#4755,#5086,#5117,.T.);
#5117 = CIRCLE('',#5118,2.);
#5118 = AXIS2_PLACEMENT_3D('',#5119,#5120,#5121);
#5119 = CARTESIAN_POINT('',(-78.,2.,13.));
#5120 = DIRECTION('',(0.,-1.,0.));
#5121 = DIRECTION('',(-1.,0.,0.));
#5122 = ORIENTED_EDGE('',*,*,#4754,.T.);
#5123 = ORIENTED_EDGE('',*,*,#5101,.F.);
#5124 = SPHERICAL_SURFACE('',#5125,2.);
#5125 = AXIS2_PLACEMENT_3D('',#5126,#5127,#5128);
#5126 = CARTESIAN_POINT('',(-78.,2.,13.));
#5127 = DIRECTION('',(-0.,-0.,-1.));
#5128 = DIRECTION('',(-1.,0.,0.));
#5129 = ADVANCED_FACE('',(#5130),#5162,.T.);
#5130 = FACE_BOUND('',#5131,.T.);
#5131 = EDGE_LOOP('',(#5132,#5140,#5141,#5142,#5149,#5150,#5156));
#5132 = ORIENTED_EDGE('',*,*,#5133,.F.);
#5133 = EDGE_CURVE('',#4755,#5134,#5136,.T.);
#5134 = VERTEX_POINT('',#5135);
#5135 = CARTESIAN_POINT('',(-78.,5.,15.));
#5136 = LINE('',#5137,#5138);
#5137 = CARTESIAN_POINT('',(-78.,0.,15.));
#5138 = VECTOR('',#5139,1.);
#5139 = DIRECTION('',(0.,1.,0.));
#5140 = ORIENTED_EDGE('',*,*,#4763,.T.);
#5141 = ORIENTED_EDGE('',*,*,#4935,.T.);
#5142 = ORIENTED_EDGE('',*,*,#5143,.F.);
#5143 = EDGE_CURVE('',#4951,#4927,#5144,.T.);
#5144 = CIRCLE('',#5145,1.61245154966);
#5145 = AXIS2_PLACEMENT_3D('',#5146,#5147,#5148);
#5146 = CARTESIAN_POINT('',(-65.2,3.2,15.));
#5147 = DIRECTION('',(-0.,0.,1.));
#5148 = DIRECTION('',(0.,-1.,0.));
#5149 = ORIENTED_EDGE('',*,*,#4950,.T.);
#5150 = ORIENTED_EDGE('',*,*,#5151,.T.);
#5151 = EDGE_CURVE('',#4953,#5008,#5152,.T.);
#5152 = LINE('',#5153,#5154);
#5153 = CARTESIAN_POINT('',(-64.,0.,15.));
#5154 = VECTOR('',#5155,1.);
#5155 = DIRECTION('',(0.,1.,0.));
#5156 = ORIENTED_EDGE('',*,*,#5157,.F.);
#5157 = EDGE_CURVE('',#5134,#5008,#5158,.T.);
#5158 = LINE('',#5159,#5160);
#5159 = CARTESIAN_POINT('',(-80.,5.,15.));
#5160 = VECTOR('',#5161,1.);
#5161 = DIRECTION('',(1.,0.,0.));
#5162 = PLANE('',#5163);
#5163 = AXIS2_PLACEMENT_3D('',#5164,#5165,#5166);
#5164 = CARTESIAN_POINT('',(-80.,0.,15.));
#5165 = DIRECTION('',(0.,0.,1.));
#5166 = DIRECTION('',(1.,0.,0.));
#5167 = ADVANCED_FACE('',(#5168),#5187,.T.);
#5168 = FACE_BOUND('',#5169,.T.);
#5169 = EDGE_LOOP('',(#5170,#5171,#5179,#5186));
#5170 = ORIENTED_EDGE('',*,*,#4899,.F.);
#5171 = ORIENTED_EDGE('',*,*,#5172,.T.);
#5172 = EDGE_CURVE('',#4900,#5173,#5175,.T.);
#5173 = VERTEX_POINT('',#5174);
#5174 = CARTESIAN_POINT('',(-64.,5.,5.));
#5175 = LINE('',#5176,#5177);
#5176 = CARTESIAN_POINT('',(-64.,0.,5.));
#5177 = VECTOR('',#5178,1.);
#5178 = DIRECTION('',(0.,1.,0.));
#5179 = ORIENTED_EDGE('',*,*,#5180,.T.);
#5180 = EDGE_CURVE('',#5173,#4858,#5181,.T.);
#5181 = CIRCLE('',#5182,2.);
#5182 = AXIS2_PLACEMENT_3D('',#5183,#5184,#5185);
#5183 = CARTESIAN_POINT('',(-64.,5.,7.));
#5184 = DIRECTION('',(0.,-1.,0.));
#5185 = DIRECTION('',(1.,0.,0.));
#5186 = ORIENTED_EDGE('',*,*,#4857,.F.);
#5187 = CYLINDRICAL_SURFACE('',#5188,2.);
#5188 = AXIS2_PLACEMENT_3D('',#5189,#5190,#5191);
#5189 = CARTESIAN_POINT('',(-64.,0.,7.));
#5190 = DIRECTION('',(0.,1.,0.));
#5191 = DIRECTION('',(1.,0.,0.));
#5192 = ADVANCED_FACE('',(#5193),#5198,.T.);
#5193 = FACE_BOUND('',#5194,.F.);
#5194 = EDGE_LOOP('',(#5195,#5196,#5197));
#5195 = ORIENTED_EDGE('',*,*,#5143,.F.);
#5196 = ORIENTED_EDGE('',*,*,#4960,.T.);
#5197 = ORIENTED_EDGE('',*,*,#4926,.F.);
#5198 = SPHERICAL_SURFACE('',#5199,1.8);
#5199 = AXIS2_PLACEMENT_3D('',#5200,#5201,#5202);
#5200 = CARTESIAN_POINT('',(-65.2,3.2,14.2));
#5201 = DIRECTION('',(0.,-1.,0.));
#5202 = DIRECTION('',(-1.,0.,0.));
#5203 = ADVANCED_FACE('',(#5204),#5209,.T.);
#5204 = FACE_BOUND('',#5205,.F.);
#5205 = EDGE_LOOP('',(#5206,#5207,#5208));
#5206 = ORIENTED_EDGE('',*,*,#4970,.T.);
#5207 = ORIENTED_EDGE('',*,*,#5151,.T.);
#5208 = ORIENTED_EDGE('',*,*,#5016,.F.);
#5209 = CYLINDRICAL_SURFACE('',#5210,2.);
#5210 = AXIS2_PLACEMENT_3D('',#5211,#5212,#5213);
#5211 = CARTESIAN_POINT('',(-64.,0.,13.));
#5212 = DIRECTION('',(0.,1.,0.));
#5213 = DIRECTION('',(1.,0.,0.));
#5214 = ADVANCED_FACE('',(#5215),#5234,.T.);
#5215 = FACE_BOUND('',#5216,.T.);
#5216 = EDGE_LOOP('',(#5217,#5226,#5227,#5228));
#5217 = ORIENTED_EDGE('',*,*,#5218,.T.);
#5218 = EDGE_CURVE('',#5219,#5134,#5221,.T.);
#5219 = VERTEX_POINT('',#5220);
#5220 = CARTESIAN_POINT('',(-78.,7.,13.));
#5221 = CIRCLE('',#5222,2.);
#5222 = AXIS2_PLACEMENT_3D('',#5223,#5224,#5225);
#5223 = CARTESIAN_POINT('',(-78.,5.,13.));
#5224 = DIRECTION('',(1.,0.,6.123233995737E-17));
#5225 = DIRECTION('',(-6.123233995737E-17,0.,1.));
#5226 = ORIENTED_EDGE('',*,*,#5157,.T.);
#5227 = ORIENTED_EDGE('',*,*,#5007,.F.);
#5228 = ORIENTED_EDGE('',*,*,#5229,.F.);
#5229 = EDGE_CURVE('',#5219,#4999,#5230,.T.);
#5230 = LINE('',#5231,#5232);
#5231 = CARTESIAN_POINT('',(-80.,7.,13.));
#5232 = VECTOR('',#5233,1.);
#5233 = DIRECTION('',(1.,0.,0.));
#5234 = CYLINDRICAL_SURFACE('',#5235,2.);
#5235 = AXIS2_PLACEMENT_3D('',#5236,#5237,#5238);
#5236 = CARTESIAN_POINT('',(-80.,5.,13.));
#5237 = DIRECTION('',(1.,0.,0.));
#5238 = DIRECTION('',(0.,1.,0.));
#5239 = ADVANCED_FACE('',(#5240),#5251,.T.);
#5240 = FACE_BOUND('',#5241,.T.);
#5241 = EDGE_LOOP('',(#5242,#5243,#5250));
#5242 = ORIENTED_EDGE('',*,*,#5180,.F.);
#5243 = ORIENTED_EDGE('',*,*,#5244,.T.);
#5244 = EDGE_CURVE('',#5173,#5034,#5245,.T.);
#5245 = CIRCLE('',#5246,2.);
#5246 = AXIS2_PLACEMENT_3D('',#5247,#5248,#5249);
#5247 = CARTESIAN_POINT('',(-64.,5.,7.));
#5248 = DIRECTION('',(1.,-6.123233995737E-17,0.));
#5249 = DIRECTION('',(6.123233995737E-17,1.,0.));
#5250 = ORIENTED_EDGE('',*,*,#5033,.F.);
#5251 = SPHERICAL_SURFACE('',#5252,2.);
#5252 = AXIS2_PLACEMENT_3D('',#5253,#5254,#5255);
#5253 = CARTESIAN_POINT('',(-64.,5.,7.));
#5254 = DIRECTION('',(0.,0.,1.));
#5255 = DIRECTION('',(1.,0.,0.));
#5256 = ADVANCED_FACE('',(#5257),#5275,.T.);
#5257 = FACE_BOUND('',#5258,.T.);
#5258 = EDGE_LOOP('',(#5259,#5267,#5268,#5269));
#5259 = ORIENTED_EDGE('',*,*,#5260,.T.);
#5260 = EDGE_CURVE('',#5261,#5219,#5263,.T.);
#5261 = VERTEX_POINT('',#5262);
#5262 = CARTESIAN_POINT('',(-78.,7.,7.));
#5263 = LINE('',#5264,#5265);
#5264 = CARTESIAN_POINT('',(-78.,7.,5.));
#5265 = VECTOR('',#5266,1.);
#5266 = DIRECTION('',(0.,0.,1.));
#5267 = ORIENTED_EDGE('',*,*,#5229,.T.);
#5268 = ORIENTED_EDGE('',*,*,#5042,.F.);
#5269 = ORIENTED_EDGE('',*,*,#5270,.F.);
#5270 = EDGE_CURVE('',#5261,#5034,#5271,.T.);
#5271 = LINE('',#5272,#5273);
#5272 = CARTESIAN_POINT('',(-80.,7.,7.));
#5273 = VECTOR('',#5274,1.);
#5274 = DIRECTION('',(1.,0.,0.));
#5275 = PLANE('',#5276);
#5276 = AXIS2_PLACEMENT_3D('',#5277,#5278,#5279);
#5277 = CARTESIAN_POINT('',(-80.,7.,5.));
#5278 = DIRECTION('',(0.,1.,0.));
#5279 = DIRECTION('',(0.,0.,1.));
#5280 = ADVANCED_FACE('',(#5281),#5292,.T.);
#5281 = FACE_BOUND('',#5282,.T.);
#5282 = EDGE_LOOP('',(#5283,#5290,#5291));
#5283 = ORIENTED_EDGE('',*,*,#5284,.F.);
#5284 = EDGE_CURVE('',#5059,#5084,#5285,.T.);
#5285 = CIRCLE('',#5286,2.);
#5286 = AXIS2_PLACEMENT_3D('',#5287,#5288,#5289);
#5287 = CARTESIAN_POINT('',(-78.,2.,7.));
#5288 = DIRECTION('',(0.,1.,-0.));
#5289 = DIRECTION('',(-1.,0.,0.));
#5290 = ORIENTED_EDGE('',*,*,#5058,.T.);
#5291 = ORIENTED_EDGE('',*,*,#5093,.F.);
#5292 = SPHERICAL_SURFACE('',#5293,2.);
#5293 = AXIS2_PLACEMENT_3D('',#5294,#5295,#5296);
#5294 = CARTESIAN_POINT('',(-78.,2.,7.));
#5295 = DIRECTION('',(0.,0.,1.));
#5296 = DIRECTION('',(-1.,0.,0.));
#5297 = ADVANCED_FACE('',(#5298),#5316,.F.);
#5298 = FACE_BOUND('',#5299,.F.);
#5299 = EDGE_LOOP('',(#5300,#5308,#5309,#5310));
#5300 = ORIENTED_EDGE('',*,*,#5301,.F.);
#5301 = EDGE_CURVE('',#5059,#5302,#5304,.T.);
#5302 = VERTEX_POINT('',#5303);
#5303 = CARTESIAN_POINT('',(-78.,5.,5.));
#5304 = LINE('',#5305,#5306);
#5305 = CARTESIAN_POINT('',(-78.,0.,5.));
#5306 = VECTOR('',#5307,1.);
#5307 = DIRECTION('',(0.,1.,0.));
#5308 = ORIENTED_EDGE('',*,*,#5067,.T.);
#5309 = ORIENTED_EDGE('',*,*,#5172,.T.);
#5310 = ORIENTED_EDGE('',*,*,#5311,.F.);
#5311 = EDGE_CURVE('',#5302,#5173,#5312,.T.);
#5312 = LINE('',#5313,#5314);
#5313 = CARTESIAN_POINT('',(-80.,5.,5.));
#5314 = VECTOR('',#5315,1.);
#5315 = DIRECTION('',(1.,0.,0.));
#5316 = PLANE('',#5317);
#5317 = AXIS2_PLACEMENT_3D('',#5318,#5319,#5320);
#5318 = CARTESIAN_POINT('',(-80.,0.,5.));
#5319 = DIRECTION('',(0.,0.,1.));
#5320 = DIRECTION('',(1.,0.,0.));
#5321 = ADVANCED_FACE('',(#5322),#5347,.F.);
#5322 = FACE_BOUND('',#5323,.F.);
#5323 = EDGE_LOOP('',(#5324,#5325,#5333,#5341));
#5324 = ORIENTED_EDGE('',*,*,#5083,.F.);
#5325 = ORIENTED_EDGE('',*,*,#5326,.T.);
#5326 = EDGE_CURVE('',#5084,#5327,#5329,.T.);
#5327 = VERTEX_POINT('',#5328);
#5328 = CARTESIAN_POINT('',(-80.,5.,7.));
#5329 = LINE('',#5330,#5331);
#5330 = CARTESIAN_POINT('',(-80.,0.,7.));
#5331 = VECTOR('',#5332,1.);
#5332 = DIRECTION('',(0.,1.,0.));
#5333 = ORIENTED_EDGE('',*,*,#5334,.T.);
#5334 = EDGE_CURVE('',#5327,#5335,#5337,.T.);
#5335 = VERTEX_POINT('',#5336);
#5336 = CARTESIAN_POINT('',(-80.,5.,13.));
#5337 = LINE('',#5338,#5339);
#5338 = CARTESIAN_POINT('',(-80.,5.,5.));
#5339 = VECTOR('',#5340,1.);
#5340 = DIRECTION('',(0.,0.,1.));
#5341 = ORIENTED_EDGE('',*,*,#5342,.F.);
#5342 = EDGE_CURVE('',#5086,#5335,#5343,.T.);
#5343 = LINE('',#5344,#5345);
#5344 = CARTESIAN_POINT('',(-80.,0.,13.));
#5345 = VECTOR('',#5346,1.);
#5346 = DIRECTION('',(0.,1.,0.));
#5347 = PLANE('',#5348);
#5348 = AXIS2_PLACEMENT_3D('',#5349,#5350,#5351);
#5349 = CARTESIAN_POINT('',(-80.,0.,5.));
#5350 = DIRECTION('',(1.,0.,0.));
#5351 = DIRECTION('',(0.,0.,1.));
#5352 = ADVANCED_FACE('',(#5353),#5365,.T.);
#5353 = FACE_BOUND('',#5354,.T.);
#5354 = EDGE_LOOP('',(#5355,#5356,#5357,#5364));
#5355 = ORIENTED_EDGE('',*,*,#5116,.F.);
#5356 = ORIENTED_EDGE('',*,*,#5133,.T.);
#5357 = ORIENTED_EDGE('',*,*,#5358,.F.);
#5358 = EDGE_CURVE('',#5335,#5134,#5359,.T.);
#5359 = CIRCLE('',#5360,2.);
#5360 = AXIS2_PLACEMENT_3D('',#5361,#5362,#5363);
#5361 = CARTESIAN_POINT('',(-78.,5.,13.));
#5362 = DIRECTION('',(0.,1.,-0.));
#5363 = DIRECTION('',(-1.,0.,0.));
#5364 = ORIENTED_EDGE('',*,*,#5342,.F.);
#5365 = CYLINDRICAL_SURFACE('',#5366,2.);
#5366 = AXIS2_PLACEMENT_3D('',#5367,#5368,#5369);
#5367 = CARTESIAN_POINT('',(-78.,0.,13.));
#5368 = DIRECTION('',(0.,1.,0.));
#5369 = DIRECTION('',(-1.,0.,0.));
#5370 = ADVANCED_FACE('',(#5371),#5382,.T.);
#5371 = FACE_BOUND('',#5372,.F.);
#5372 = EDGE_LOOP('',(#5373,#5380,#5381));
#5373 = ORIENTED_EDGE('',*,*,#5374,.F.);
#5374 = EDGE_CURVE('',#5219,#5335,#5375,.T.);
#5375 = CIRCLE('',#5376,2.);
#5376 = AXIS2_PLACEMENT_3D('',#5377,#5378,#5379);
#5377 = CARTESIAN_POINT('',(-78.,5.,13.));
#5378 = DIRECTION('',(0.,0.,1.));
#5379 = DIRECTION('',(-1.,0.,0.));
#5380 = ORIENTED_EDGE('',*,*,#5218,.T.);
#5381 = ORIENTED_EDGE('',*,*,#5358,.F.);
#5382 = SPHERICAL_SURFACE('',#5383,2.);
#5383 = AXIS2_PLACEMENT_3D('',#5384,#5385,#5386);
#5384 = CARTESIAN_POINT('',(-78.,5.,13.));
#5385 = DIRECTION('',(0.,-1.,0.));
#5386 = DIRECTION('',(-1.,0.,0.));
#5387 = ADVANCED_FACE('',(#5388),#5400,.T.);
#5388 = FACE_BOUND('',#5389,.F.);
#5389 = EDGE_LOOP('',(#5390,#5397,#5398,#5399));
#5390 = ORIENTED_EDGE('',*,*,#5391,.F.);
#5391 = EDGE_CURVE('',#5302,#5261,#5392,.T.);
#5392 = CIRCLE('',#5393,2.);
#5393 = AXIS2_PLACEMENT_3D('',#5394,#5395,#5396);
#5394 = CARTESIAN_POINT('',(-78.,5.,7.));
#5395 = DIRECTION('',(1.,6.123233995737E-17,-0.));
#5396 = DIRECTION('',(-6.123233995737E-17,1.,0.));
#5397 = ORIENTED_EDGE('',*,*,#5311,.T.);
#5398 = ORIENTED_EDGE('',*,*,#5244,.T.);
#5399 = ORIENTED_EDGE('',*,*,#5270,.F.);
#5400 = CYLINDRICAL_SURFACE('',#5401,2.);
#5401 = AXIS2_PLACEMENT_3D('',#5402,#5403,#5404);
#5402 = CARTESIAN_POINT('',(-80.,5.,7.));
#5403 = DIRECTION('',(1.,0.,0.));
#5404 = DIRECTION('',(0.,1.,0.));
#5405 = ADVANCED_FACE('',(#5406),#5418,.T.);
#5406 = FACE_BOUND('',#5407,.F.);
#5407 = EDGE_LOOP('',(#5408,#5409,#5416,#5417));
#5408 = ORIENTED_EDGE('',*,*,#5334,.F.);
#5409 = ORIENTED_EDGE('',*,*,#5410,.T.);
#5410 = EDGE_CURVE('',#5327,#5261,#5411,.T.);
#5411 = CIRCLE('',#5412,2.);
#5412 = AXIS2_PLACEMENT_3D('',#5413,#5414,#5415);
#5413 = CARTESIAN_POINT('',(-78.,5.,7.));
#5414 = DIRECTION('',(0.,0.,-1.));
#5415 = DIRECTION('',(-1.,0.,0.));
#5416 = ORIENTED_EDGE('',*,*,#5260,.T.);
#5417 = ORIENTED_EDGE('',*,*,#5374,.T.);
#5418 = CYLINDRICAL_SURFACE('',#5419,2.);
#5419 = AXIS2_PLACEMENT_3D('',#5420,#5421,#5422);
#5420 = CARTESIAN_POINT('',(-78.,5.,5.));
#5421 = DIRECTION('',(0.,0.,1.));
#5422 = DIRECTION('',(-1.,0.,0.));
#5423 = ADVANCED_FACE('',(#5424),#5436,.T.);
#5424 = FACE_BOUND('',#5425,.F.);
#5425 = EDGE_LOOP('',(#5426,#5427,#5428,#5435));
#5426 = ORIENTED_EDGE('',*,*,#5284,.F.);
#5427 = ORIENTED_EDGE('',*,*,#5301,.T.);
#5428 = ORIENTED_EDGE('',*,*,#5429,.T.);
#5429 = EDGE_CURVE('',#5302,#5327,#5430,.T.);
#5430 = CIRCLE('',#5431,2.);
#5431 = AXIS2_PLACEMENT_3D('',#5432,#5433,#5434);
#5432 = CARTESIAN_POINT('',(-78.,5.,7.));
#5433 = DIRECTION('',(0.,1.,-0.));
#5434 = DIRECTION('',(-1.,0.,0.));
#5435 = ORIENTED_EDGE('',*,*,#5326,.F.);
#5436 = CYLINDRICAL_SURFACE('',#5437,2.);
#5437 = AXIS2_PLACEMENT_3D('',#5438,#5439,#5440);
#5438 = CARTESIAN_POINT('',(-78.,0.,7.));
#5439 = DIRECTION('',(0.,1.,0.));
#5440 = DIRECTION('',(-1.,0.,0.));
#5441 = ADVANCED_FACE('',(#5442),#5447,.T.);
#5442 = FACE_BOUND('',#5443,.F.);
#5443 = EDGE_LOOP('',(#5444,#5445,#5446));
#5444 = ORIENTED_EDGE('',*,*,#5429,.F.);
#5445 = ORIENTED_EDGE('',*,*,#5391,.T.);
#5446 = ORIENTED_EDGE('',*,*,#5410,.F.);
#5447 = SPHERICAL_SURFACE('',#5448,2.);
#5448 = AXIS2_PLACEMENT_3D('',#5449,#5450,#5451);
#5449 = CARTESIAN_POINT('',(-78.,5.,7.));
#5450 = DIRECTION('',(0.,0.,1.));
#5451 = DIRECTION('',(-1.,0.,0.));
#5452 = MANIFOLD_SOLID_BREP('',#5453);
#5453 = CLOSED_SHELL('',(#5454,#5494,#5527,#5560,#5593,#5626,#5643,#5660
    ,#5691,#5722,#5739,#5770,#5787,#5937,#5955,#5973,#6006,#6024,#6055,
    #6073,#6104,#6133,#6394,#6405,#6416,#6428,#6439,#6450));
#5454 = ADVANCED_FACE('',(#5455),#5489,.F.);
#5455 = FACE_BOUND('',#5456,.F.);
#5456 = EDGE_LOOP('',(#5457,#5467,#5475,#5483));
#5457 = ORIENTED_EDGE('',*,*,#5458,.F.);
#5458 = EDGE_CURVE('',#5459,#5461,#5463,.T.);
#5459 = VERTEX_POINT('',#5460);
#5460 = CARTESIAN_POINT('',(-92.,22.,-10.));
#5461 = VERTEX_POINT('',#5462);
#5462 = CARTESIAN_POINT('',(-92.,22.,10.));
#5463 = LINE('',#5464,#5465);
#5464 = CARTESIAN_POINT('',(-92.,22.,-12.));
#5465 = VECTOR('',#5466,1.);
#5466 = DIRECTION('',(0.,0.,1.));
#5467 = ORIENTED_EDGE('',*,*,#5468,.T.);
#5468 = EDGE_CURVE('',#5459,#5469,#5471,.T.);
#5469 = VERTEX_POINT('',#5470);
#5470 = CARTESIAN_POINT('',(-92.,118.,-10.));
#5471 = LINE('',#5472,#5473);
#5472 = CARTESIAN_POINT('',(-92.,20.,-10.));
#5473 = VECTOR('',#5474,1.);
#5474 = DIRECTION('',(0.,1.,0.));
#5475 = ORIENTED_EDGE('',*,*,#5476,.T.);
#5476 = EDGE_CURVE('',#5469,#5477,#5479,.T.);
#5477 = VERTEX_POINT('',#5478);
#5478 = CARTESIAN_POINT('',(-92.,118.,10.));
#5479 = LINE('',#5480,#5481);
#5480 = CARTESIAN_POINT('',(-92.,118.,-12.));
#5481 = VECTOR('',#5482,1.);
#5482 = DIRECTION('',(0.,0.,1.));
#5483 = ORIENTED_EDGE('',*,*,#5484,.F.);
#5484 = EDGE_CURVE('',#5461,#5477,#5485,.T.);
#5485 = LINE('',#5486,#5487);
#5486 = CARTESIAN_POINT('',(-92.,20.,10.));
#5487 = VECTOR('',#5488,1.);
#5488 = DIRECTION('',(0.,1.,0.));
#5489 = PLANE('',#5490);
#5490 = AXIS2_PLACEMENT_3D('',#5491,#5492,#5493);
#5491 = CARTESIAN_POINT('',(-92.,20.,-12.));
#5492 = DIRECTION('',(1.,0.,0.));
#5493 = DIRECTION('',(0.,0.,1.));
#5494 = ADVANCED_FACE('',(#5495),#5522,.T.);
#5495 = FACE_BOUND('',#5496,.T.);
#5496 = EDGE_LOOP('',(#5497,#5498,#5507,#5515));
#5497 = ORIENTED_EDGE('',*,*,#5458,.F.);
#5498 = ORIENTED_EDGE('',*,*,#5499,.T.);
#5499 = EDGE_CURVE('',#5459,#5500,#5502,.T.);
#5500 = VERTEX_POINT('',#5501);
#5501 = CARTESIAN_POINT('',(-90.,20.,-10.));
#5502 = CIRCLE('',#5503,2.);
#5503 = AXIS2_PLACEMENT_3D('',#5504,#5505,#5506);
#5504 = CARTESIAN_POINT('',(-90.,22.,-10.));
#5505 = DIRECTION('',(0.,0.,1.));
#5506 = DIRECTION('',(-1.,0.,0.));
#5507 = ORIENTED_EDGE('',*,*,#5508,.T.);
#5508 = EDGE_CURVE('',#5500,#5509,#5511,.T.);
#5509 = VERTEX_POINT('',#5510);
#5510 = CARTESIAN_POINT('',(-90.,20.,10.));
#5511 = LINE('',#5512,#5513);
#5512 = CARTESIAN_POINT('',(-90.,20.,-12.));
#5513 = VECTOR('',#5514,1.);
#5514 = DIRECTION('',(0.,0.,1.));
#5515 = ORIENTED_EDGE('',*,*,#5516,.F.);
#5516 = EDGE_CURVE('',#5461,#5509,#5517,.T.);
#5517 = CIRCLE('',#5518,2.);
#5518 = AXIS2_PLACEMENT_3D('',#5519,#5520,#5521);
#5519 = CARTESIAN_POINT('',(-90.,22.,10.));
#5520 = DIRECTION('',(0.,0.,1.));
#5521 = DIRECTION('',(-1.,0.,0.));
#5522 = CYLINDRICAL_SURFACE('',#5523,2.);
#5523 = AXIS2_PLACEMENT_3D('',#5524,#5525,#5526);
#5524 = CARTESIAN_POINT('',(-90.,22.,-12.));
#5525 = DIRECTION('',(0.,0.,1.));
#5526 = DIRECTION('',(-1.,0.,0.));
#5527 = ADVANCED_FACE('',(#5528),#5555,.T.);
#5528 = FACE_BOUND('',#5529,.F.);
#5529 = EDGE_LOOP('',(#5530,#5539,#5547,#5554));
#5530 = ORIENTED_EDGE('',*,*,#5531,.F.);
#5531 = EDGE_CURVE('',#5532,#5459,#5534,.T.);
#5532 = VERTEX_POINT('',#5533);
#5533 = CARTESIAN_POINT('',(-90.,22.,-12.));
#5534 = CIRCLE('',#5535,2.);
#5535 = AXIS2_PLACEMENT_3D('',#5536,#5537,#5538);
#5536 = CARTESIAN_POINT('',(-90.,22.,-10.));
#5537 = DIRECTION('',(0.,1.,-0.));
#5538 = DIRECTION('',(-1.,0.,0.));
#5539 = ORIENTED_EDGE('',*,*,#5540,.T.);
#5540 = EDGE_CURVE('',#5532,#5541,#5543,.T.);
#5541 = VERTEX_POINT('',#5542);
#5542 = CARTESIAN_POINT('',(-90.,118.,-12.));
#5543 = LINE('',#5544,#5545);
#5544 = CARTESIAN_POINT('',(-90.,20.,-12.));
#5545 = VECTOR('',#5546,1.);
#5546 = DIRECTION('',(0.,1.,0.));
#5547 = ORIENTED_EDGE('',*,*,#5548,.T.);
#5548 = EDGE_CURVE('',#5541,#5469,#5549,.T.);
#5549 = CIRCLE('',#5550,2.);
#5550 = AXIS2_PLACEMENT_3D('',#5551,#5552,#5553);
#5551 = CARTESIAN_POINT('',(-90.,118.,-10.));
#5552 = DIRECTION('',(0.,1.,-0.));
#5553 = DIRECTION('',(-1.,0.,0.));
#5554 = ORIENTED_EDGE('',*,*,#5468,.F.);
#5555 = CYLINDRICAL_SURFACE('',#5556,2.);
#5556 = AXIS2_PLACEMENT_3D('',#5557,#5558,#5559);
#5557 = CARTESIAN_POINT('',(-90.,20.,-10.));
#5558 = DIRECTION('',(0.,1.,0.));
#5559 = DIRECTION('',(-1.,0.,0.));
#5560 = ADVANCED_FACE('',(#5561),#5588,.T.);
#5561 = FACE_BOUND('',#5562,.T.);
#5562 = EDGE_LOOP('',(#5563,#5572,#5580,#5587));
#5563 = ORIENTED_EDGE('',*,*,#5564,.F.);
#5564 = EDGE_CURVE('',#5565,#5461,#5567,.T.);
#5565 = VERTEX_POINT('',#5566);
#5566 = CARTESIAN_POINT('',(-90.,22.,12.));
#5567 = CIRCLE('',#5568,2.);
#5568 = AXIS2_PLACEMENT_3D('',#5569,#5570,#5571);
#5569 = CARTESIAN_POINT('',(-90.,22.,10.));
#5570 = DIRECTION('',(0.,-1.,0.));
#5571 = DIRECTION('',(-1.,0.,0.));
#5572 = ORIENTED_EDGE('',*,*,#5573,.T.);
#5573 = EDGE_CURVE('',#5565,#5574,#5576,.T.);
#5574 = VERTEX_POINT('',#5575);
#5575 = CARTESIAN_POINT('',(-90.,118.,12.));
#5576 = LINE('',#5577,#5578);
#5577 = CARTESIAN_POINT('',(-90.,20.,12.));
#5578 = VECTOR('',#5579,1.);
#5579 = DIRECTION('',(0.,1.,0.));
#5580 = ORIENTED_EDGE('',*,*,#5581,.F.);
#5581 = EDGE_CURVE('',#5477,#5574,#5582,.T.);
#5582 = CIRCLE('',#5583,2.);
#5583 = AXIS2_PLACEMENT_3D('',#5584,#5585,#5586);
#5584 = CARTESIAN_POINT('',(-90.,118.,10.));
#5585 = DIRECTION('',(0.,1.,-0.));
#5586 = DIRECTION('',(-1.,0.,0.));
#5587 = ORIENTED_EDGE('',*,*,#5484,.F.);
#5588 = CYLINDRICAL_SURFACE('',#5589,2.);
#5589 = AXIS2_PLACEMENT_3D('',#5590,#5591,#5592);
#5590 = CARTESIAN_POINT('',(-90.,20.,10.));
#5591 = DIRECTION('',(0.,1.,0.));
#5592 = DIRECTION('',(-1.,0.,0.));
#5593 = ADVANCED_FACE('',(#5594),#5621,.T.);
#5594 = FACE_BOUND('',#5595,.F.);
#5595 = EDGE_LOOP('',(#5596,#5597,#5606,#5614));
#5596 = ORIENTED_EDGE('',*,*,#5476,.F.);
#5597 = ORIENTED_EDGE('',*,*,#5598,.T.);
#5598 = EDGE_CURVE('',#5469,#5599,#5601,.T.);
#5599 = VERTEX_POINT('',#5600);
#5600 = CARTESIAN_POINT('',(-90.,120.,-10.));
#5601 = CIRCLE('',#5602,2.);
#5602 = AXIS2_PLACEMENT_3D('',#5603,#5604,#5605);
#5603 = CARTESIAN_POINT('',(-90.,118.,-10.));
#5604 = DIRECTION('',(0.,0.,-1.));
#5605 = DIRECTION('',(-1.,0.,0.));
#5606 = ORIENTED_EDGE('',*,*,#5607,.T.);
#5607 = EDGE_CURVE('',#5599,#5608,#5610,.T.);
#5608 = VERTEX_POINT('',#5609);
#5609 = CARTESIAN_POINT('',(-90.,120.,10.));
#5610 = LINE('',#5611,#5612);
#5611 = CARTESIAN_POINT('',(-90.,120.,-12.));
#5612 = VECTOR('',#5613,1.);
#5613 = DIRECTION('',(0.,0.,1.));
#5614 = ORIENTED_EDGE('',*,*,#5615,.T.);
#5615 = EDGE_CURVE('',#5608,#5477,#5616,.T.);
#5616 = CIRCLE('',#5617,2.);
#5617 = AXIS2_PLACEMENT_3D('',#5618,#5619,#5620);
#5618 = CARTESIAN_POINT('',(-90.,118.,10.));
#5619 = DIRECTION('',(0.,0.,1.));
#5620 = DIRECTION('',(-1.,0.,0.));
#5621 = CYLINDRICAL_SURFACE('',#5622,2.);
#5622 = AXIS2_PLACEMENT_3D('',#5623,#5624,#5625);
#5623 = CARTESIAN_POINT('',(-90.,118.,-12.));
#5624 = DIRECTION('',(0.,0.,1.));
#5625 = DIRECTION('',(-1.,0.,0.));
#5626 = ADVANCED_FACE('',(#5627),#5638,.T.);
#5627 = FACE_BOUND('',#5628,.T.);
#5628 = EDGE_LOOP('',(#5629,#5630,#5637));
#5629 = ORIENTED_EDGE('',*,*,#5531,.F.);
#5630 = ORIENTED_EDGE('',*,*,#5631,.T.);
#5631 = EDGE_CURVE('',#5532,#5500,#5632,.T.);
#5632 = CIRCLE('',#5633,2.);
#5633 = AXIS2_PLACEMENT_3D('',#5634,#5635,#5636);
#5634 = CARTESIAN_POINT('',(-90.,22.,-10.));
#5635 = DIRECTION('',(-1.,6.123233995737E-17,0.));
#5636 = DIRECTION('',(-6.123233995737E-17,-1.,0.));
#5637 = ORIENTED_EDGE('',*,*,#5499,.F.);
#5638 = SPHERICAL_SURFACE('',#5639,2.);
#5639 = AXIS2_PLACEMENT_3D('',#5640,#5641,#5642);
#5640 = CARTESIAN_POINT('',(-90.,22.,-10.));
#5641 = DIRECTION('',(0.,0.,1.));
#5642 = DIRECTION('',(-1.,0.,0.));
#5643 = ADVANCED_FACE('',(#5644),#5655,.T.);
#5644 = FACE_BOUND('',#5645,.F.);
#5645 = EDGE_LOOP('',(#5646,#5647,#5654));
#5646 = ORIENTED_EDGE('',*,*,#5564,.F.);
#5647 = ORIENTED_EDGE('',*,*,#5648,.T.);
#5648 = EDGE_CURVE('',#5565,#5509,#5649,.T.);
#5649 = CIRCLE('',#5650,2.);
#5650 = AXIS2_PLACEMENT_3D('',#5651,#5652,#5653);
#5651 = CARTESIAN_POINT('',(-90.,22.,10.));
#5652 = DIRECTION('',(1.,-6.123233995737E-17,0.));
#5653 = DIRECTION('',(-6.123233995737E-17,-1.,0.));
#5654 = ORIENTED_EDGE('',*,*,#5516,.F.);
#5655 = SPHERICAL_SURFACE('',#5656,2.);
#5656 = AXIS2_PLACEMENT_3D('',#5657,#5658,#5659);
#5657 = CARTESIAN_POINT('',(-90.,22.,10.));
#5658 = DIRECTION('',(-0.,-0.,-1.));
#5659 = DIRECTION('',(-1.,0.,0.));
#5660 = ADVANCED_FACE('',(#5661),#5686,.F.);
#5661 = FACE_BOUND('',#5662,.F.);
#5662 = EDGE_LOOP('',(#5663,#5664,#5672,#5680));
#5663 = ORIENTED_EDGE('',*,*,#5508,.T.);
#5664 = ORIENTED_EDGE('',*,*,#5665,.T.);
#5665 = EDGE_CURVE('',#5509,#5666,#5668,.T.);
#5666 = VERTEX_POINT('',#5667);
#5667 = CARTESIAN_POINT('',(-82.,20.,10.));
#5668 = LINE('',#5669,#5670);
#5669 = CARTESIAN_POINT('',(-92.,20.,10.));
#5670 = VECTOR('',#5671,1.);
#5671 = DIRECTION('',(1.,0.,0.));
#5672 = ORIENTED_EDGE('',*,*,#5673,.F.);
#5673 = EDGE_CURVE('',#5674,#5666,#5676,.T.);
#5674 = VERTEX_POINT('',#5675);
#5675 = CARTESIAN_POINT('',(-82.,20.,-10.));
#5676 = LINE('',#5677,#5678);
#5677 = CARTESIAN_POINT('',(-82.,20.,-12.));
#5678 = VECTOR('',#5679,1.);
#5679 = DIRECTION('',(0.,0.,1.));
#5680 = ORIENTED_EDGE('',*,*,#5681,.F.);
#5681 = EDGE_CURVE('',#5500,#5674,#5682,.T.);
#5682 = LINE('',#5683,#5684);
#5683 = CARTESIAN_POINT('',(-92.,20.,-10.));
#5684 = VECTOR('',#5685,1.);
#5685 = DIRECTION('',(1.,0.,0.));
#5686 = PLANE('',#5687);
#5687 = AXIS2_PLACEMENT_3D('',#5688,#5689,#5690);
#5688 = CARTESIAN_POINT('',(-92.,20.,-12.));
#5689 = DIRECTION('',(0.,1.,0.));
#5690 = DIRECTION('',(0.,0.,1.));
#5691 = ADVANCED_FACE('',(#5692),#5717,.F.);
#5692 = FACE_BOUND('',#5693,.F.);
#5693 = EDGE_LOOP('',(#5694,#5695,#5703,#5711));
#5694 = ORIENTED_EDGE('',*,*,#5540,.F.);
#5695 = ORIENTED_EDGE('',*,*,#5696,.T.);
#5696 = EDGE_CURVE('',#5532,#5697,#5699,.T.);
#5697 = VERTEX_POINT('',#5698);
#5698 = CARTESIAN_POINT('',(-82.,22.,-12.));
#5699 = LINE('',#5700,#5701);
#5700 = CARTESIAN_POINT('',(-92.,22.,-12.));
#5701 = VECTOR('',#5702,1.);
#5702 = DIRECTION('',(1.,0.,0.));
#5703 = ORIENTED_EDGE('',*,*,#5704,.T.);
#5704 = EDGE_CURVE('',#5697,#5705,#5707,.T.);
#5705 = VERTEX_POINT('',#5706);
#5706 = CARTESIAN_POINT('',(-82.,118.,-12.));
#5707 = LINE('',#5708,#5709);
#5708 = CARTESIAN_POINT('',(-82.,20.,-12.));
#5709 = VECTOR('',#5710,1.);
#5710 = DIRECTION('',(0.,1.,0.));
#5711 = ORIENTED_EDGE('',*,*,#5712,.F.);
#5712 = EDGE_CURVE('',#5541,#5705,#5713,.T.);
#5713 = LINE('',#5714,#5715);
#5714 = CARTESIAN_POINT('',(-92.,118.,-12.));
#5715 = VECTOR('',#5716,1.);
#5716 = DIRECTION('',(1.,0.,0.));
#5717 = PLANE('',#5718);
#5718 = AXIS2_PLACEMENT_3D('',#5719,#5720,#5721);
#5719 = CARTESIAN_POINT('',(-92.,20.,-12.));
#5720 = DIRECTION('',(0.,0.,1.));
#5721 = DIRECTION('',(1.,0.,0.));
#5722 = ADVANCED_FACE('',(#5723),#5734,.T.);
#5723 = FACE_BOUND('',#5724,.F.);
#5724 = EDGE_LOOP('',(#5725,#5726,#5733));
#5725 = ORIENTED_EDGE('',*,*,#5548,.F.);
#5726 = ORIENTED_EDGE('',*,*,#5727,.T.);
#5727 = EDGE_CURVE('',#5541,#5599,#5728,.T.);
#5728 = CIRCLE('',#5729,2.);
#5729 = AXIS2_PLACEMENT_3D('',#5730,#5731,#5732);
#5730 = CARTESIAN_POINT('',(-90.,118.,-10.));
#5731 = DIRECTION('',(1.,6.123233995737E-17,-0.));
#5732 = DIRECTION('',(-6.123233995737E-17,1.,0.));
#5733 = ORIENTED_EDGE('',*,*,#5598,.F.);
#5734 = SPHERICAL_SURFACE('',#5735,2.);
#5735 = AXIS2_PLACEMENT_3D('',#5736,#5737,#5738);
#5736 = CARTESIAN_POINT('',(-90.,118.,-10.));
#5737 = DIRECTION('',(0.,0.,1.));
#5738 = DIRECTION('',(-1.,0.,0.));
#5739 = ADVANCED_FACE('',(#5740),#5765,.T.);
#5740 = FACE_BOUND('',#5741,.T.);
#5741 = EDGE_LOOP('',(#5742,#5743,#5751,#5759));
#5742 = ORIENTED_EDGE('',*,*,#5573,.F.);
#5743 = ORIENTED_EDGE('',*,*,#5744,.T.);
#5744 = EDGE_CURVE('',#5565,#5745,#5747,.T.);
#5745 = VERTEX_POINT('',#5746);
#5746 = CARTESIAN_POINT('',(-82.,22.,12.));
#5747 = LINE('',#5748,#5749);
#5748 = CARTESIAN_POINT('',(-92.,22.,12.));
#5749 = VECTOR('',#5750,1.);
#5750 = DIRECTION('',(1.,0.,0.));
#5751 = ORIENTED_EDGE('',*,*,#5752,.T.);
#5752 = EDGE_CURVE('',#5745,#5753,#5755,.T.);
#5753 = VERTEX_POINT('',#5754);
#5754 = CARTESIAN_POINT('',(-82.,118.,12.));
#5755 = LINE('',#5756,#5757);
#5756 = CARTESIAN_POINT('',(-82.,20.,12.));
#5757 = VECTOR('',#5758,1.);
#5758 = DIRECTION('',(0.,1.,0.));
#5759 = ORIENTED_EDGE('',*,*,#5760,.F.);
#5760 = EDGE_CURVE('',#5574,#5753,#5761,.T.);
#5761 = LINE('',#5762,#5763);
#5762 = CARTESIAN_POINT('',(-92.,118.,12.));
#5763 = VECTOR('',#5764,1.);
#5764 = DIRECTION('',(1.,0.,0.));
#5765 = PLANE('',#5766);
#5766 = AXIS2_PLACEMENT_3D('',#5767,#5768,#5769);
#5767 = CARTESIAN_POINT('',(-92.,20.,12.));
#5768 = DIRECTION('',(0.,0.,1.));
#5769 = DIRECTION('',(1.,0.,0.));
#5770 = ADVANCED_FACE('',(#5771),#5782,.T.);
#5771 = FACE_BOUND('',#5772,.F.);
#5772 = EDGE_LOOP('',(#5773,#5774,#5781));
#5773 = ORIENTED_EDGE('',*,*,#5615,.F.);
#5774 = ORIENTED_EDGE('',*,*,#5775,.T.);
#5775 = EDGE_CURVE('',#5608,#5574,#5776,.T.);
#5776 = CIRCLE('',#5777,2.);
#5777 = AXIS2_PLACEMENT_3D('',#5778,#5779,#5780);
#5778 = CARTESIAN_POINT('',(-90.,118.,10.));
#5779 = DIRECTION('',(1.,0.,6.123233995737E-17));
#5780 = DIRECTION('',(-6.123233995737E-17,0.,1.));
#5781 = ORIENTED_EDGE('',*,*,#5581,.F.);
#5782 = SPHERICAL_SURFACE('',#5783,2.);
#5783 = AXIS2_PLACEMENT_3D('',#5784,#5785,#5786);
#5784 = CARTESIAN_POINT('',(-90.,118.,10.));
#5785 = DIRECTION('',(0.,-1.,0.));
#5786 = DIRECTION('',(-1.,0.,0.));
#5787 = ADVANCED_FACE('',(#5788,#5813),#5932,.T.);
#5788 = FACE_BOUND('',#5789,.T.);
#5789 = EDGE_LOOP('',(#5790,#5791,#5799,#5807));
#5790 = ORIENTED_EDGE('',*,*,#5607,.T.);
#5791 = ORIENTED_EDGE('',*,*,#5792,.T.);
#5792 = EDGE_CURVE('',#5608,#5793,#5795,.T.);
#5793 = VERTEX_POINT('',#5794);
#5794 = CARTESIAN_POINT('',(-82.,120.,10.));
#5795 = LINE('',#5796,#5797);
#5796 = CARTESIAN_POINT('',(-92.,120.,10.));
#5797 = VECTOR('',#5798,1.);
#5798 = DIRECTION('',(1.,0.,0.));
#5799 = ORIENTED_EDGE('',*,*,#5800,.F.);
#5800 = EDGE_CURVE('',#5801,#5793,#5803,.T.);
#5801 = VERTEX_POINT('',#5802);
#5802 = CARTESIAN_POINT('',(-82.,120.,-10.));
#5803 = LINE('',#5804,#5805);
#5804 = CARTESIAN_POINT('',(-82.,120.,-12.));
#5805 = VECTOR('',#5806,1.);
#5806 = DIRECTION('',(0.,0.,1.));
#5807 = ORIENTED_EDGE('',*,*,#5808,.F.);
#5808 = EDGE_CURVE('',#5599,#5801,#5809,.T.);
#5809 = LINE('',#5810,#5811);
#5810 = CARTESIAN_POINT('',(-92.,120.,-10.));
#5811 = VECTOR('',#5812,1.);
#5812 = DIRECTION('',(1.,0.,0.));
#5813 = FACE_BOUND('',#5814,.T.);
#5814 = EDGE_LOOP('',(#5815));
#5815 = ORIENTED_EDGE('',*,*,#5816,.T.);
#5816 = EDGE_CURVE('',#5817,#5817,#5819,.T.);
#5817 = VERTEX_POINT('',#5818);
#5818 = CARTESIAN_POINT('',(-82.8,120.,-0.707997973395));
#5819 = B_SPLINE_CURVE_WITH_KNOTS('',6,(#5820,#5821,#5822,#5823,#5824,
    #5825,#5826,#5827,#5828,#5829,#5830,#5831,#5832,#5833,#5834,#5835,
    #5836,#5837,#5838,#5839,#5840,#5841,#5842,#5843,#5844,#5845,#5846,
    #5847,#5848,#5849,#5850,#5851,#5852,#5853,#5854,#5855,#5856,#5857,
    #5858,#5859,#5860,#5861,#5862,#5863,#5864,#5865,#5866,#5867,#5868,
    #5869,#5870,#5871,#5872,#5873,#5874,#5875,#5876,#5877,#5878,#5879,
    #5880,#5881,#5882,#5883,#5884,#5885,#5886,#5887,#5888,#5889,#5890,
    #5891,#5892,#5893,#5894,#5895,#5896,#5897,#5898,#5899,#5900,#5901,
    #5902,#5903,#5904,#5905,#5906,#5907,#5908,#5909,#5910,#5911,#5912,
    #5913,#5914,#5915,#5916,#5917,#5918,#5919,#5920,#5921,#5922,#5923,
    #5924,#5925,#5926,#5927,#5928,#5929,#5930,#5931),.UNSPECIFIED.,.T.,
  .F.,(7,5,5,5,5,5,5,5,5,5,5,5,5,5,5,5,5,5,5,5,5,5,7),(0.,
    9.77165215696E-02,0.14581092659,0.176861023002,0.197880638879,
    0.245877058782,0.292324966648,0.312297860329,0.341262195604,
    0.387233829929,0.43225772281,0.459298094754,0.516428107456,
    0.557531514213,0.574569374332,0.599614691916,0.638653384934,
    0.676651680129,0.749586880395,0.832546060135,0.874630417245,
    0.919721154695,1.),.UNSPECIFIED.);
#5820 = CARTESIAN_POINT('',(-82.8,120.,-0.707997973395));
#5821 = CARTESIAN_POINT('',(-82.79999994572,120.,-0.382644419012));
#5822 = CARTESIAN_POINT('',(-82.83990415603,120.,-5.698183833271E-02));
#5823 = CARTESIAN_POINT('',(-82.91984716095,120.,0.26269506319));
#5824 = CARTESIAN_POINT('',(-83.03856894946,120.,0.570422709527));
#5825 = CARTESIAN_POINT('',(-83.19386764089,120.,0.860478303443));
#5826 = CARTESIAN_POINT('',(-83.47475559001,120.,1.259059789195));
#5827 = CARTESIAN_POINT('',(-83.57539960767,120.,1.384993625658));
#5828 = CARTESIAN_POINT('',(-83.68362196799,120.,1.50477863491));
#5829 = CARTESIAN_POINT('',(-83.79894851557,120.,1.617849983286));
#5830 = CARTESIAN_POINT('',(-83.92084855975,120.,1.723692524509));
#5831 = CARTESIAN_POINT('',(-84.13129950988,120.,1.885206424463));
#5832 = CARTESIAN_POINT('',(-84.21636055405,120.,1.945366377582));
#5833 = CARTESIAN_POINT('',(-84.30376065089,120.,2.002196407201));
#5834 = CARTESIAN_POINT('',(-84.39333505914,120.,2.055583273731));
#5835 = CARTESIAN_POINT('',(-84.48491165248,120.,2.105424749833));
#5836 = CARTESIAN_POINT('',(-84.64153836056,120.,2.182908418449));
#5837 = CARTESIAN_POINT('',(-84.70560128978,120.,2.212520793698));
#5838 = CARTESIAN_POINT('',(-84.77044413109,120.,2.240438544791));
#5839 = CARTESIAN_POINT('',(-84.83601017164,120.,2.266636032631));
#5840 = CARTESIAN_POINT('',(-84.90224156178,120.,2.291090180401));
#5841 = CARTESIAN_POINT('',(-85.12169646323,120.,2.36559151057));
#5842 = CARTESIAN_POINT('',(-85.27747904182,120.,2.408206911592));
#5843 = CARTESIAN_POINT('',(-85.43571841097,120.,2.441381025421));
#5844 = CARTESIAN_POINT('',(-85.59569177918,120.,2.464943422753));
#5845 = CARTESIAN_POINT('',(-85.75666220344,120.,2.478798896189));
#5846 = CARTESIAN_POINT('',(-86.07389376156,120.,2.486923040042));
#5847 = CARTESIAN_POINT('',(-86.23014582723,120.,2.48180941822));
#5848 = CARTESIAN_POINT('',(-86.38595452311,120.,2.467570088757));
#5849 = CARTESIAN_POINT('',(-86.54064838851,120.,2.444255026901));
#5850 = CARTESIAN_POINT('',(-86.69356476506,120.,2.411980689162));
#5851 = CARTESIAN_POINT('',(-86.90875964995,120.,2.353277895774));
#5852 = CARTESIAN_POINT('',(-86.97302054984,120.,2.334002852742));
#5853 = CARTESIAN_POINT('',(-87.03678094666,120.,2.313119353233));
#5854 = CARTESIAN_POINT('',(-87.09999008204,120.,2.290644003951));
#5855 = CARTESIAN_POINT('',(-87.16259798906,120.,2.266595549273));
#5856 = CARTESIAN_POINT('',(-87.31440511194,120.,2.203869255449));
#5857 = CARTESIAN_POINT('',(-87.40288724879,120.,2.163479083852));
#5858 = CARTESIAN_POINT('',(-87.48985166617,120.,2.119888237422));
#5859 = CARTESIAN_POINT('',(-87.57515307469,120.,2.073169295924));
#5860 = CARTESIAN_POINT('',(-87.65865113213,120.,2.023403537918));
#5861 = CARTESIAN_POINT('',(-87.86965937898,120.,1.887001111864));
#5862 = CARTESIAN_POINT('',(-87.9942269143,120.,1.795870202406));
#5863 = CARTESIAN_POINT('',(-88.11336941049,120.,1.697650820805));
#5864 = CARTESIAN_POINT('',(-88.22658640528,120.,1.592750821867));
#5865 = CARTESIAN_POINT('',(-88.33342061307,120.,1.481623306782));
#5866 = CARTESIAN_POINT('',(-88.53143305366,120.,1.250319032236));
#5867 = CARTESIAN_POINT('',(-88.62289145229,120.,1.130371893416));
#5868 = CARTESIAN_POINT('',(-88.70744526075,120.,1.005393539868));
#5869 = CARTESIAN_POINT('',(-88.7847554447,120.,0.875880260986));
#5870 = CARTESIAN_POINT('',(-88.85453179547,120.,0.742356302366));
#5871 = CARTESIAN_POINT('',(-88.95376959538,120.,0.523104884594));
#5872 = CARTESIAN_POINT('',(-88.98820215424,120.,0.439587491016));
#5873 = CARTESIAN_POINT('',(-89.01977864157,120.,0.354940651217));
#5874 = CARTESIAN_POINT('',(-89.04845396017,120.,0.269285454734));
#5875 = CARTESIAN_POINT('',(-89.07418988075,120.,0.1827451145));
#5876 = CARTESIAN_POINT('',(-89.14505273629,120.,-8.899998805459E-02));
#5877 = CARTESIAN_POINT('',(-89.17989032607,120.,-0.276843499132));
#5878 = CARTESIAN_POINT('',(-89.201170933,120.,-0.466893667646));
#5879 = CARTESIAN_POINT('',(-89.20873978963,120.,-0.657948274757));
#5880 = CARTESIAN_POINT('',(-89.20258278,120.,-0.848797476767));
#5881 = CARTESIAN_POINT('',(-89.16861000232,120.,-1.174514932001));
#5882 = CARTESIAN_POINT('',(-89.14735468814,120.,-1.310072654053));
#5883 = CARTESIAN_POINT('',(-89.11910619074,120.,-1.44444939628));
#5884 = CARTESIAN_POINT('',(-89.08394827759,120.,-1.577203161354));
#5885 = CARTESIAN_POINT('',(-89.04200133062,120.,-1.70790022485));
#5886 = CARTESIAN_POINT('',(-88.97328573942,120.,-1.889261893497));
#5887 = CARTESIAN_POINT('',(-88.95200955746,120.,-1.941982397618));
#5888 = CARTESIAN_POINT('',(-88.92960494551,120.,-1.994246506298));
#5889 = CARTESIAN_POINT('',(-88.90608408293,120.,-2.046024496243));
#5890 = CARTESIAN_POINT('',(-88.8814601833,120.,-2.097287062178));
#5891 = CARTESIAN_POINT('',(-88.81795035767,120.,-2.222560129451));
#5892 = CARTESIAN_POINT('',(-88.77780046501,120.,-2.29593890897));
#5893 = CARTESIAN_POINT('',(-88.73534312951,120.,-2.368049775767));
#5894 = CARTESIAN_POINT('',(-88.69062827081,120.,-2.438803385806));
#5895 = CARTESIAN_POINT('',(-88.6437104151,120.,-2.508112930652));
#5896 = CARTESIAN_POINT('',(-88.51817520922,120.,-2.68154602701));
#5897 = CARTESIAN_POINT('',(-88.43649226802,120.,-2.783485854474));
#5898 = CARTESIAN_POINT('',(-88.3498246466,120.,-2.88139324519));
#5899 = CARTESIAN_POINT('',(-88.25842153294,120.,-2.974968013516));
#5900 = CARTESIAN_POINT('',(-88.16255652794,120.,-3.063930162841));
#5901 = CARTESIAN_POINT('',(-87.96516460532,120.,-3.229868617201));
#5902 = CARTESIAN_POINT('',(-87.86385530041,120.,-3.307102811514));
#5903 = CARTESIAN_POINT('',(-87.75887486927,120.,-3.379483067283));
#5904 = CARTESIAN_POINT('',(-87.65051592726,120.,-3.446793460515));
#5905 = CARTESIAN_POINT('',(-87.53908856657,120.,-3.508841544468));
#5906 = CARTESIAN_POINT('',(-87.20578178133,120.,-3.674130848203));
#5907 = CARTESIAN_POINT('',(-86.97651656018,120.,-3.762808644421));
#5908 = CARTESIAN_POINT('',(-86.7394807823,120.,-3.83027115889));
#5909 = CARTESIAN_POINT('',(-86.49715622029,120.,-3.875725262162));
#5910 = CARTESIAN_POINT('',(-86.25211944441,120.,-3.898721163863));
#5911 = CARTESIAN_POINT('',(-85.72831052131,120.,-3.899872784161));
#5912 = CARTESIAN_POINT('',(-85.44943696715,120.,-3.871431514714));
#5913 = CARTESIAN_POINT('',(-85.17441466138,120.,-3.813903974534));
#5914 = CARTESIAN_POINT('',(-84.90702240687,120.,-3.728030511259));
#5915 = CARTESIAN_POINT('',(-84.65087282976,120.,-3.615097519665));
#5916 = CARTESIAN_POINT('',(-84.28681561362,120.,-3.40712836005));
#5917 = CARTESIAN_POINT('',(-84.16803792127,120.,-3.330682128966));
#5918 = CARTESIAN_POINT('',(-84.05343972324,120.,-3.248038928089));
#5919 = CARTESIAN_POINT('',(-83.94342341135,120.,-3.159488009673));
#5920 = CARTESIAN_POINT('',(-83.83836269447,120.,-3.065352056908));
#5921 = CARTESIAN_POINT('',(-83.63171592335,120.,-2.859524114568));
#5922 = CARTESIAN_POINT('',(-83.53091171761,120.,-2.747054869337));
#5923 = CARTESIAN_POINT('',(-83.43661388219,120.,-2.629018150699));
#5924 = CARTESIAN_POINT('',(-83.34919948967,120.,-2.505884270947));
#5925 = CARTESIAN_POINT('',(-83.26899878432,120.,-2.378155152202));
#5926 = CARTESIAN_POINT('',(-83.06685448783,120.,-2.011725322208));
#5927 = CARTESIAN_POINT('',(-82.96115765489,120.,-1.764174147964));
#5928 = CARTESIAN_POINT('',(-82.88084093216,120.,-1.506760621307));
#5929 = CARTESIAN_POINT('',(-82.82693280425,120.,-1.24269417682));
#5930 = CARTESIAN_POINT('',(-82.79999998504,120.,-0.975291697402));
#5931 = CARTESIAN_POINT('',(-82.8,120.,-0.707997973395));
#5932 = PLANE('',#5933);
#5933 = AXIS2_PLACEMENT_3D('',#5934,#5935,#5936);
#5934 = CARTESIAN_POINT('',(-92.,120.,-12.));
#5935 = DIRECTION('',(0.,1.,0.));
#5936 = DIRECTION('',(0.,0.,1.));
#5937 = ADVANCED_FACE('',(#5938),#5950,.T.);
#5938 = FACE_BOUND('',#5939,.T.);
#5939 = EDGE_LOOP('',(#5940,#5941,#5942,#5949));
#5940 = ORIENTED_EDGE('',*,*,#5631,.F.);
#5941 = ORIENTED_EDGE('',*,*,#5696,.T.);
#5942 = ORIENTED_EDGE('',*,*,#5943,.T.);
#5943 = EDGE_CURVE('',#5697,#5674,#5944,.T.);
#5944 = CIRCLE('',#5945,2.);
#5945 = AXIS2_PLACEMENT_3D('',#5946,#5947,#5948);
#5946 = CARTESIAN_POINT('',(-82.,22.,-10.));
#5947 = DIRECTION('',(-1.,-6.123233995737E-17,0.));
#5948 = DIRECTION('',(6.123233995737E-17,-1.,0.));
#5949 = ORIENTED_EDGE('',*,*,#5681,.F.);
#5950 = CYLINDRICAL_SURFACE('',#5951,2.);
#5951 = AXIS2_PLACEMENT_3D('',#5952,#5953,#5954);
#5952 = CARTESIAN_POINT('',(-92.,22.,-10.));
#5953 = DIRECTION('',(1.,0.,0.));
#5954 = DIRECTION('',(0.,-1.,0.));
#5955 = ADVANCED_FACE('',(#5956),#5968,.T.);
#5956 = FACE_BOUND('',#5957,.F.);
#5957 = EDGE_LOOP('',(#5958,#5959,#5960,#5967));
#5958 = ORIENTED_EDGE('',*,*,#5648,.F.);
#5959 = ORIENTED_EDGE('',*,*,#5744,.T.);
#5960 = ORIENTED_EDGE('',*,*,#5961,.T.);
#5961 = EDGE_CURVE('',#5745,#5666,#5962,.T.);
#5962 = CIRCLE('',#5963,2.);
#5963 = AXIS2_PLACEMENT_3D('',#5964,#5965,#5966);
#5964 = CARTESIAN_POINT('',(-82.,22.,10.));
#5965 = DIRECTION('',(1.,6.123233995737E-17,0.));
#5966 = DIRECTION('',(6.123233995737E-17,-1.,0.));
#5967 = ORIENTED_EDGE('',*,*,#5665,.F.);
#5968 = CYLINDRICAL_SURFACE('',#5969,2.);
#5969 = AXIS2_PLACEMENT_3D('',#5970,#5971,#5972);
#5970 = CARTESIAN_POINT('',(-92.,22.,10.));
#5971 = DIRECTION('',(1.,0.,0.));
#5972 = DIRECTION('',(0.,-1.,0.));
#5973 = ADVANCED_FACE('',(#5974),#6001,.T.);
#5974 = FACE_BOUND('',#5975,.F.);
#5975 = EDGE_LOOP('',(#5976,#5986,#5993,#5994));
#5976 = ORIENTED_EDGE('',*,*,#5977,.F.);
#5977 = EDGE_CURVE('',#5978,#5980,#5982,.T.);
#5978 = VERTEX_POINT('',#5979);
#5979 = CARTESIAN_POINT('',(-80.,22.,-10.));
#5980 = VERTEX_POINT('',#5981);
#5981 = CARTESIAN_POINT('',(-80.,22.,10.));
#5982 = LINE('',#5983,#5984);
#5983 = CARTESIAN_POINT('',(-80.,22.,-12.));
#5984 = VECTOR('',#5985,1.);
#5985 = DIRECTION('',(0.,0.,1.));
#5986 = ORIENTED_EDGE('',*,*,#5987,.T.);
#5987 = EDGE_CURVE('',#5978,#5674,#5988,.T.);
#5988 = CIRCLE('',#5989,2.);
#5989 = AXIS2_PLACEMENT_3D('',#5990,#5991,#5992);
#5990 = CARTESIAN_POINT('',(-82.,22.,-10.));
#5991 = DIRECTION('',(0.,0.,-1.));
#5992 = DIRECTION('',(1.,0.,0.));
#5993 = ORIENTED_EDGE('',*,*,#5673,.T.);
#5994 = ORIENTED_EDGE('',*,*,#5995,.F.);
#5995 = EDGE_CURVE('',#5980,#5666,#5996,.T.);
#5996 = CIRCLE('',#5997,2.);
#5997 = AXIS2_PLACEMENT_3D('',#5998,#5999,#6000);
#5998 = CARTESIAN_POINT('',(-82.,22.,10.));
#5999 = DIRECTION('',(0.,0.,-1.));
#6000 = DIRECTION('',(1.,0.,0.));
#6001 = CYLINDRICAL_SURFACE('',#6002,2.);
#6002 = AXIS2_PLACEMENT_3D('',#6003,#6004,#6005);
#6003 = CARTESIAN_POINT('',(-82.,22.,-12.));
#6004 = DIRECTION('',(0.,0.,1.));
#6005 = DIRECTION('',(1.,0.,0.));
#6006 = ADVANCED_FACE('',(#6007),#6019,.T.);
#6007 = FACE_BOUND('',#6008,.F.);
#6008 = EDGE_LOOP('',(#6009,#6010,#6011,#6018));
#6009 = ORIENTED_EDGE('',*,*,#5727,.F.);
#6010 = ORIENTED_EDGE('',*,*,#5712,.T.);
#6011 = ORIENTED_EDGE('',*,*,#6012,.T.);
#6012 = EDGE_CURVE('',#5705,#5801,#6013,.T.);
#6013 = CIRCLE('',#6014,2.);
#6014 = AXIS2_PLACEMENT_3D('',#6015,#6016,#6017);
#6015 = CARTESIAN_POINT('',(-82.,118.,-10.));
#6016 = DIRECTION('',(1.,-6.123233995737E-17,0.));
#6017 = DIRECTION('',(6.123233995737E-17,1.,0.));
#6018 = ORIENTED_EDGE('',*,*,#5808,.F.);
#6019 = CYLINDRICAL_SURFACE('',#6020,2.);
#6020 = AXIS2_PLACEMENT_3D('',#6021,#6022,#6023);
#6021 = CARTESIAN_POINT('',(-92.,118.,-10.));
#6022 = DIRECTION('',(1.,0.,0.));
#6023 = DIRECTION('',(0.,1.,0.));
#6024 = ADVANCED_FACE('',(#6025),#6050,.T.);
#6025 = FACE_BOUND('',#6026,.T.);
#6026 = EDGE_LOOP('',(#6027,#6034,#6035,#6044));
#6027 = ORIENTED_EDGE('',*,*,#6028,.F.);
#6028 = EDGE_CURVE('',#5697,#5978,#6029,.T.);
#6029 = CIRCLE('',#6030,2.);
#6030 = AXIS2_PLACEMENT_3D('',#6031,#6032,#6033);
#6031 = CARTESIAN_POINT('',(-82.,22.,-10.));
#6032 = DIRECTION('',(0.,-1.,0.));
#6033 = DIRECTION('',(1.,0.,0.));
#6034 = ORIENTED_EDGE('',*,*,#5704,.T.);
#6035 = ORIENTED_EDGE('',*,*,#6036,.T.);
#6036 = EDGE_CURVE('',#5705,#6037,#6039,.T.);
#6037 = VERTEX_POINT('',#6038);
#6038 = CARTESIAN_POINT('',(-80.,118.,-10.));
#6039 = CIRCLE('',#6040,2.);
#6040 = AXIS2_PLACEMENT_3D('',#6041,#6042,#6043);
#6041 = CARTESIAN_POINT('',(-82.,118.,-10.));
#6042 = DIRECTION('',(0.,-1.,0.));
#6043 = DIRECTION('',(1.,0.,0.));
#6044 = ORIENTED_EDGE('',*,*,#6045,.F.);
#6045 = EDGE_CURVE('',#5978,#6037,#6046,.T.);
#6046 = LINE('',#6047,#6048);
#6047 = CARTESIAN_POINT('',(-80.,20.,-10.));
#6048 = VECTOR('',#6049,1.);
#6049 = DIRECTION('',(0.,1.,0.));
#6050 = CYLINDRICAL_SURFACE('',#6051,2.);
#6051 = AXIS2_PLACEMENT_3D('',#6052,#6053,#6054);
#6052 = CARTESIAN_POINT('',(-82.,20.,-10.));
#6053 = DIRECTION('',(0.,1.,0.));
#6054 = DIRECTION('',(1.,0.,0.));
#6055 = ADVANCED_FACE('',(#6056),#6068,.T.);
#6056 = FACE_BOUND('',#6057,.T.);
#6057 = EDGE_LOOP('',(#6058,#6059,#6060,#6067));
#6058 = ORIENTED_EDGE('',*,*,#5775,.T.);
#6059 = ORIENTED_EDGE('',*,*,#5760,.T.);
#6060 = ORIENTED_EDGE('',*,*,#6061,.F.);
#6061 = EDGE_CURVE('',#5793,#5753,#6062,.T.);
#6062 = CIRCLE('',#6063,2.);
#6063 = AXIS2_PLACEMENT_3D('',#6064,#6065,#6066);
#6064 = CARTESIAN_POINT('',(-82.,118.,10.));
#6065 = DIRECTION('',(1.,0.,-6.123233995737E-17));
#6066 = DIRECTION('',(6.123233995737E-17,0.,1.));
#6067 = ORIENTED_EDGE('',*,*,#5792,.F.);
#6068 = CYLINDRICAL_SURFACE('',#6069,2.);
#6069 = AXIS2_PLACEMENT_3D('',#6070,#6071,#6072);
#6070 = CARTESIAN_POINT('',(-92.,118.,10.));
#6071 = DIRECTION('',(1.,0.,0.));
#6072 = DIRECTION('',(0.,1.,0.));
#6073 = ADVANCED_FACE('',(#6074),#6099,.T.);
#6074 = FACE_BOUND('',#6075,.F.);
#6075 = EDGE_LOOP('',(#6076,#6083,#6084,#6093));
#6076 = ORIENTED_EDGE('',*,*,#6077,.F.);
#6077 = EDGE_CURVE('',#5745,#5980,#6078,.T.);
#6078 = CIRCLE('',#6079,2.);
#6079 = AXIS2_PLACEMENT_3D('',#6080,#6081,#6082);
#6080 = CARTESIAN_POINT('',(-82.,22.,10.));
#6081 = DIRECTION('',(-0.,1.,0.));
#6082 = DIRECTION('',(1.,0.,0.));
#6083 = ORIENTED_EDGE('',*,*,#5752,.T.);
#6084 = ORIENTED_EDGE('',*,*,#6085,.F.);
#6085 = EDGE_CURVE('',#6086,#5753,#6088,.T.);
#6086 = VERTEX_POINT('',#6087);
#6087 = CARTESIAN_POINT('',(-80.,118.,10.));
#6088 = CIRCLE('',#6089,2.);
#6089 = AXIS2_PLACEMENT_3D('',#6090,#6091,#6092);
#6090 = CARTESIAN_POINT('',(-82.,118.,10.));
#6091 = DIRECTION('',(0.,-1.,0.));
#6092 = DIRECTION('',(1.,0.,0.));
#6093 = ORIENTED_EDGE('',*,*,#6094,.F.);
#6094 = EDGE_CURVE('',#5980,#6086,#6095,.T.);
#6095 = LINE('',#6096,#6097);
#6096 = CARTESIAN_POINT('',(-80.,20.,10.));
#6097 = VECTOR('',#6098,1.);
#6098 = DIRECTION('',(0.,1.,0.));
#6099 = CYLINDRICAL_SURFACE('',#6100,2.);
#6100 = AXIS2_PLACEMENT_3D('',#6101,#6102,#6103);
#6101 = CARTESIAN_POINT('',(-82.,20.,10.));
#6102 = DIRECTION('',(0.,1.,0.));
#6103 = DIRECTION('',(1.,0.,0.));
#6104 = ADVANCED_FACE('',(#6105),#6128,.T.);
#6105 = FACE_BOUND('',#6106,.T.);
#6106 = EDGE_LOOP('',(#6107,#6113,#6120,#6121));
#6107 = ORIENTED_EDGE('',*,*,#6108,.F.);
#6108 = EDGE_CURVE('',#6037,#6086,#6109,.T.);
#6109 = LINE('',#6110,#6111);
#6110 = CARTESIAN_POINT('',(-80.,118.,-12.));
#6111 = VECTOR('',#6112,1.);
#6112 = DIRECTION('',(0.,0.,1.));
#6113 = ORIENTED_EDGE('',*,*,#6114,.T.);
#6114 = EDGE_CURVE('',#6037,#5801,#6115,.T.);
#6115 = CIRCLE('',#6116,2.);
#6116 = AXIS2_PLACEMENT_3D('',#6117,#6118,#6119);
#6117 = CARTESIAN_POINT('',(-82.,118.,-10.));
#6118 = DIRECTION('',(0.,0.,1.));
#6119 = DIRECTION('',(1.,0.,0.));
#6120 = ORIENTED_EDGE('',*,*,#5800,.T.);
#6121 = ORIENTED_EDGE('',*,*,#6122,.T.);
#6122 = EDGE_CURVE('',#5793,#6086,#6123,.T.);
#6123 = CIRCLE('',#6124,2.);
#6124 = AXIS2_PLACEMENT_3D('',#6125,#6126,#6127);
#6125 = CARTESIAN_POINT('',(-82.,118.,10.));
#6126 = DIRECTION('',(0.,0.,-1.));
#6127 = DIRECTION('',(1.,0.,0.));
#6128 = CYLINDRICAL_SURFACE('',#6129,2.);
#6129 = AXIS2_PLACEMENT_3D('',#6130,#6131,#6132);
#6130 = CARTESIAN_POINT('',(-82.,118.,-12.));
#6131 = DIRECTION('',(0.,0.,1.));
#6132 = DIRECTION('',(1.,0.,0.));
#6133 = ADVANCED_FACE('',(#6134),#6183,.T.);
#6134 = FACE_BOUND('',#6135,.T.);
#6135 = EDGE_LOOP('',(#6136,#6137,#6172,#6182));
#6136 = ORIENTED_EDGE('',*,*,#5816,.F.);
#6137 = ORIENTED_EDGE('',*,*,#6138,.T.);
#6138 = EDGE_CURVE('',#5817,#6139,#6141,.T.);
#6139 = VERTEX_POINT('',#6140);
#6140 = CARTESIAN_POINT('',(-82.8,153.,-28.));
#6141 = ( BOUNDED_CURVE() B_SPLINE_CURVE(8,(#6142,#6143,#6144,#6145,
    #6146,#6147,#6148,#6149,#6150,#6151,#6152,#6153,#6154,#6155,#6156,
    #6157,#6158,#6159,#6160,#6161,#6162,#6163,#6164,#6165,#6166,#6167,
    #6168,#6169,#6170,#6171),.UNSPECIFIED.,.F.,.F.) 
B_SPLINE_CURVE_WITH_KNOTS((9,7,7,7,9),(0.,16.,31.52417469626,
45.736845099812,60.054666163088),.UNSPECIFIED.) CURVE() 
GEOMETRIC_REPRESENTATION_ITEM() RATIONAL_B_SPLINE_CURVE((1.669078461068,
    1.669078461068,1.669078461068,1.669078461068,1.669078461068,
    1.669078461068,1.669078461068,1.669078461068,1.669078461068,
    1.669078461068,1.669078461068,1.669078461068,1.669078461068,
    1.669078461068,1.669078461068,1.669078461068,1.669078461068,
    1.669078461068,1.669078461068,1.669078461068,1.669078461068,
    1.669078461068,1.669078461068,1.669078461068,1.669078461068,
    1.669078461068,1.669078461068,1.669078461068,1.669078461068,
1.669078461068)) REPRESENTATION_ITEM('') );
#6142 = CARTESIAN_POINT('',(-82.8,108.,-1.));
#6143 = CARTESIAN_POINT('',(-82.8,109.91528484592,-0.836740160727));
#6144 = CARTESIAN_POINT('',(-82.8,111.87496177308,-0.707622128757));
#6145 = CARTESIAN_POINT('',(-82.8,113.86893690571,-0.61889783462));
#6146 = CARTESIAN_POINT('',(-82.8,115.88711636808,-0.576819208847));
#6147 = CARTESIAN_POINT('',(-82.8,117.91940628444,-0.587638181968));
#6148 = CARTESIAN_POINT('',(-82.8,119.95571277904,-0.657606684514));
#6149 = CARTESIAN_POINT('',(-82.8,121.98594197614,-0.792976647014));
#6150 = CARTESIAN_POINT('',(-82.8,125.95416178816,-1.200866668622));
#6151 = CARTESIAN_POINT('',(-82.8,127.89309993277,-1.469188286881));
#6152 = CARTESIAN_POINT('',(-82.8,129.81311742871,-1.813970713012));
#6153 = CARTESIAN_POINT('',(-82.8,131.71051727088,-2.244219805252));
#6154 = CARTESIAN_POINT('',(-82.8,133.5816024542,-2.768941421834));
#6155 = CARTESIAN_POINT('',(-82.8,135.42267597355,-3.397141420996));
#6156 = CARTESIAN_POINT('',(-82.8,137.23004082385,-4.137825660973));
#6157 = CARTESIAN_POINT('',(-82.8,140.62043051501,-5.789336628242));
#6158 = CARTESIAN_POINT('',(-82.8,142.20950855625,-6.680503132037));
#6159 = CARTESIAN_POINT('',(-82.8,143.74784885846,-7.670536483859));
#6160 = CARTESIAN_POINT('',(-82.8,145.21606615638,-8.756473656183));
#6161 = CARTESIAN_POINT('',(-82.8,146.59477518475,-9.935351621485));
#6162 = CARTESIAN_POINT('',(-82.8,147.86459067832,-11.20420735223));
#6163 = CARTESIAN_POINT('',(-82.8,149.00612737182,-12.56007782091));
#6164 = CARTESIAN_POINT('',(-82.8,151.00122567018,-15.45057526275));
#6165 = CARTESIAN_POINT('',(-82.8,151.85259424438,-16.98645052864));
#6166 = CARTESIAN_POINT('',(-82.8,152.53957346054,-18.60775075856));
#6167 = CARTESIAN_POINT('',(-82.8,153.04763105666,-20.3146009134));
#6168 = CARTESIAN_POINT('',(-82.8,153.36223477069,-22.10712595407));
#6169 = CARTESIAN_POINT('',(-82.8,153.46885234061,-23.98545084146));
#6170 = CARTESIAN_POINT('',(-82.8,153.35295150439,-25.94970053647));
#6171 = CARTESIAN_POINT('',(-82.8,153.,-28.));
#6172 = ORIENTED_EDGE('',*,*,#6173,.F.);
#6173 = EDGE_CURVE('',#6139,#6139,#6174,.T.);
#6174 = ( BOUNDED_CURVE() B_SPLINE_CURVE(6,(#6175,#6176,#6177,#6178,
#6179,#6180,#6181),.UNSPECIFIED.,.T.,.F.) B_SPLINE_CURVE_WITH_KNOTS((1,6
    ,6,1),(-6.28318530718,0.,6.28318530718,12.566370614359),
.UNSPECIFIED.) CURVE() GEOMETRIC_REPRESENTATION_ITEM() 
RATIONAL_B_SPLINE_CURVE((1.669078461068,1.03672962321,1.038346699848,
    0.853534330196,1.038346699848,1.03672962321,1.669078461068)) 
REPRESENTATION_ITEM('') );
#6175 = CARTESIAN_POINT('',(-82.8,153.,-28.));
#6176 = CARTESIAN_POINT('',(-82.8,147.85567959915,-26.65620104655));
#6177 = CARTESIAN_POINT('',(-89.37455420975,147.11704274132,
    -26.46325438709));
#6178 = CARTESIAN_POINT('',(-94.79717414722,153.,-28.));
#6179 = CARTESIAN_POINT('',(-89.37455420975,158.88295725867,
    -29.5367456129));
#6180 = CARTESIAN_POINT('',(-82.8,158.14432040084,-29.34379895344));
#6181 = CARTESIAN_POINT('',(-82.8,153.,-28.));
#6182 = ORIENTED_EDGE('',*,*,#6138,.F.);
#6183 = ( BOUNDED_SURFACE() B_SPLINE_SURFACE(6,8,(
    (#6184,#6185,#6186,#6187,#6188,#6189,#6190,#6191,#6192,#6193,#6194
      ,#6195,#6196,#6197,#6198,#6199,#6200,#6201,#6202,#6203,#6204,#6205
      ,#6206,#6207,#6208,#6209,#6210,#6211,#6212,#6213)
    ,(#6214,#6215,#6216,#6217,#6218,#6219,#6220,#6221,#6222,#6223,#6224
      ,#6225,#6226,#6227,#6228,#6229,#6230,#6231,#6232,#6233,#6234,#6235
      ,#6236,#6237,#6238,#6239,#6240,#6241,#6242,#6243)
    ,(#6244,#6245,#6246,#6247,#6248,#6249,#6250,#6251,#6252,#6253,#6254
      ,#6255,#6256,#6257,#6258,#6259,#6260,#6261,#6262,#6263,#6264,#6265
      ,#6266,#6267,#6268,#6269,#6270,#6271,#6272,#6273)
    ,(#6274,#6275,#6276,#6277,#6278,#6279,#6280,#6281,#6282,#6283,#6284
      ,#6285,#6286,#6287,#6288,#6289,#6290,#6291,#6292,#6293,#6294,#6295
      ,#6296,#6297,#6298,#6299,#6300,#6301,#6302,#6303)
    ,(#6304,#6305,#6306,#6307,#6308,#6309,#6310,#6311,#6312,#6313,#6314
      ,#6315,#6316,#6317,#6318,#6319,#6320,#6321,#6322,#6323,#6324,#6325
      ,#6326,#6327,#6328,#6329,#6330,#6331,#6332,#6333)
    ,(#6334,#6335,#6336,#6337,#6338,#6339,#6340,#6341,#6342,#6343,#6344
      ,#6345,#6346,#6347,#6348,#6349,#6350,#6351,#6352,#6353,#6354,#6355
      ,#6356,#6357,#6358,#6359,#6360,#6361,#6362,#6363)
    ,(#6364,#6365,#6366,#6367,#6368,#6369,#6370,#6371,#6372,#6373,#6374
      ,#6375,#6376,#6377,#6378,#6379,#6380,#6381,#6382,#6383,#6384,#6385
      ,#6386,#6387,#6388,#6389,#6390,#6391,#6392,#6393
)),.UNSPECIFIED.,.T.,.F.,.F.) B_SPLINE_SURFACE_WITH_KNOTS((1,6,6,1),(9,7
    ,7,7,9),(-6.28318530718,0.,6.28318530718,12.566370614359),(0.,16.,
    31.52417469626,45.736845099812,60.054666163088),.UNSPECIFIED.) 
GEOMETRIC_REPRESENTATION_ITEM() RATIONAL_B_SPLINE_SURFACE((
    (1.669078461068,1.669078461068,1.669078461068,1.669078461068
      ,1.669078461068,1.669078461068,1.669078461068,1.669078461068
      ,1.669078461068,1.669078461068,1.669078461068,1.669078461068
      ,1.669078461068,1.669078461068,1.669078461068,1.669078461068
      ,1.669078461068,1.669078461068,1.669078461068,1.669078461068
      ,1.669078461068,1.669078461068,1.669078461068,1.669078461068
      ,1.669078461068,1.669078461068,1.669078461068,1.669078461068
      ,1.669078461068,1.669078461068)
    ,(1.03672962321,1.03672962321,1.03672962321,1.03672962321
      ,1.03672962321,1.03672962321,1.03672962321,1.03672962321
      ,1.03672962321,1.03672962321,1.03672962321,1.03672962321
      ,1.03672962321,1.03672962321,1.03672962321,1.03672962321
      ,1.03672962321,1.03672962321,1.03672962321,1.03672962321
      ,1.03672962321,1.03672962321,1.03672962321,1.03672962321
      ,1.036729623209,1.03672962321,1.03672962321,1.03672962321
      ,1.03672962321,1.03672962321)
    ,(1.038346699848,1.038346699848,1.038346699848,1.038346699848
      ,1.038346699847,1.038346699848,1.038346699848,1.038346699848
      ,1.038346699848,1.038346699848,1.038346699847,1.038346699848
      ,1.038346699847,1.038346699848,1.038346699847,1.038346699848
      ,1.038346699848,1.038346699848,1.038346699848,1.038346699848
      ,1.038346699847,1.038346699848,1.038346699847,1.038346699848
      ,1.038346699847,1.038346699848,1.038346699847,1.038346699848
      ,1.038346699847,1.038346699848)
    ,(0.853534330196,0.853534330196,0.853534330196,0.853534330196
      ,0.853534330196,0.853534330196,0.853534330196,0.853534330196
      ,0.853534330196,0.853534330196,0.853534330196,0.853534330196
      ,0.853534330196,0.853534330196,0.853534330196,0.853534330196
      ,0.853534330196,0.853534330196,0.853534330196,0.853534330196
      ,0.853534330196,0.853534330196,0.853534330196,0.853534330196
      ,0.853534330196,0.853534330196,0.853534330196,0.853534330196
      ,0.853534330196,0.853534330196)
    ,(1.038346699848,1.038346699848,1.038346699847,1.038346699848
      ,1.038346699847,1.038346699848,1.038346699847,1.038346699848
      ,1.038346699847,1.038346699848,1.038346699847,1.038346699848
      ,1.038346699847,1.038346699848,1.038346699848,1.038346699848
      ,1.038346699848,1.038346699848,1.038346699848,1.038346699848
      ,1.038346699847,1.038346699848,1.038346699847,1.038346699848
      ,1.038346699847,1.038346699848,1.038346699847,1.038346699848
      ,1.038346699847,1.038346699848)
    ,(1.03672962321,1.03672962321,1.03672962321,1.03672962321
      ,1.03672962321,1.03672962321,1.03672962321,1.03672962321
      ,1.03672962321,1.03672962321,1.03672962321,1.03672962321
      ,1.03672962321,1.03672962321,1.03672962321,1.03672962321
      ,1.03672962321,1.03672962321,1.03672962321,1.03672962321
      ,1.03672962321,1.03672962321,1.03672962321,1.03672962321
      ,1.036729623209,1.03672962321,1.036729623209,1.03672962321
      ,1.03672962321,1.03672962321)
    ,(1.669078461068,1.669078461068,1.669078461068,1.669078461068
      ,1.669078461068,1.669078461068,1.669078461068,1.669078461068
      ,1.669078461068,1.669078461068,1.669078461068,1.669078461068
      ,1.669078461068,1.669078461068,1.669078461068,1.669078461068
      ,1.669078461068,1.669078461068,1.669078461068,1.669078461068
      ,1.669078461068,1.669078461068,1.669078461068,1.669078461068
      ,1.669078461068,1.669078461068,1.669078461068,1.669078461068
,1.669078461068,1.669078461068))) REPRESENTATION_ITEM('') SURFACE() );
#6184 = CARTESIAN_POINT('',(-82.8,108.,-1.));
#6185 = CARTESIAN_POINT('',(-82.8,109.91528484592,-0.836740160727));
#6186 = CARTESIAN_POINT('',(-82.8,111.87496177308,-0.707622128757));
#6187 = CARTESIAN_POINT('',(-82.8,113.86893690571,-0.61889783462));
#6188 = CARTESIAN_POINT('',(-82.8,115.88711636808,-0.576819208847));
#6189 = CARTESIAN_POINT('',(-82.8,117.91940628444,-0.587638181968));
#6190 = CARTESIAN_POINT('',(-82.8,119.95571277904,-0.657606684514));
#6191 = CARTESIAN_POINT('',(-82.8,121.98594197614,-0.792976647014));
#6192 = CARTESIAN_POINT('',(-82.8,125.95416178816,-1.200866668622));
#6193 = CARTESIAN_POINT('',(-82.8,127.89309993277,-1.469188286881));
#6194 = CARTESIAN_POINT('',(-82.8,129.81311742871,-1.813970713012));
#6195 = CARTESIAN_POINT('',(-82.8,131.71051727088,-2.244219805252));
#6196 = CARTESIAN_POINT('',(-82.8,133.5816024542,-2.768941421834));
#6197 = CARTESIAN_POINT('',(-82.8,135.42267597355,-3.397141420996));
#6198 = CARTESIAN_POINT('',(-82.8,137.23004082385,-4.137825660973));
#6199 = CARTESIAN_POINT('',(-82.8,140.62043051501,-5.789336628242));
#6200 = CARTESIAN_POINT('',(-82.8,142.20950855625,-6.680503132037));
#6201 = CARTESIAN_POINT('',(-82.8,143.74784885846,-7.670536483859));
#6202 = CARTESIAN_POINT('',(-82.8,145.21606615638,-8.756473656183));
#6203 = CARTESIAN_POINT('',(-82.8,146.59477518475,-9.935351621485));
#6204 = CARTESIAN_POINT('',(-82.8,147.86459067832,-11.20420735223));
#6205 = CARTESIAN_POINT('',(-82.8,149.00612737182,-12.56007782091));
#6206 = CARTESIAN_POINT('',(-82.8,151.00122567018,-15.45057526275));
#6207 = CARTESIAN_POINT('',(-82.8,151.85259424438,-16.98645052864));
#6208 = CARTESIAN_POINT('',(-82.8,152.53957346054,-18.60775075856));
#6209 = CARTESIAN_POINT('',(-82.8,153.04763105666,-20.3146009134));
#6210 = CARTESIAN_POINT('',(-82.8,153.36223477069,-22.10712595407));
#6211 = CARTESIAN_POINT('',(-82.8,153.46885234061,-23.98545084146));
#6212 = CARTESIAN_POINT('',(-82.8,153.35295150439,-25.94970053647));
#6213 = CARTESIAN_POINT('',(-82.8,153.,-28.));
#6214 = CARTESIAN_POINT('',(-82.8,108.,-6.316937841827));
#6215 = CARTESIAN_POINT('',(-82.8,109.82382573301,-6.153678002555));
#6216 = CARTESIAN_POINT('',(-82.8,111.68483226401,-6.022761992751));
#6217 = CARTESIAN_POINT('',(-82.8,113.57210645277,-5.929919814667));
#6218 = CARTESIAN_POINT('',(-82.8,115.47454698787,-5.880789729632));
#6219 = CARTESIAN_POINT('',(-82.8,117.38089529636,-5.880790404827));
#6220 = CARTESIAN_POINT('',(-82.8,119.27976645341,-5.934993060054));
#6221 = CARTESIAN_POINT('',(-82.8,121.15968009206,-6.047993614515));
#6222 = CARTESIAN_POINT('',(-82.8,124.80350274257,-6.394348183253));
#6223 = CARTESIAN_POINT('',(-82.8,126.56378770567,-6.622996578299));
#6224 = CARTESIAN_POINT('',(-82.8,128.28648604194,-6.916258820369));
#6225 = CARTESIAN_POINT('',(-82.8,129.96847557391,-7.280179172558));
#6226 = CARTESIAN_POINT('',(-82.8,131.60783376228,-7.720495585652));
#6227 = CARTESIAN_POINT('',(-82.8,133.20423663365,-8.243125640437));
#6228 = CARTESIAN_POINT('',(-82.8,134.75889498036,-8.854960206047));
#6229 = CARTESIAN_POINT('',(-82.8,137.66116011289,-10.21498722652));
#6230 = CARTESIAN_POINT('',(-82.8,139.0182588788,-10.94914186536));
#6231 = CARTESIAN_POINT('',(-82.8,140.32244710235,-11.7605432656));
#6232 = CARTESIAN_POINT('',(-82.8,141.55259959022,-12.64076856141));
#6233 = CARTESIAN_POINT('',(-82.8,142.68845856323,-13.58023656125));
#6234 = CARTESIAN_POINT('',(-82.8,143.71259121968,-14.56714524419));
#6235 = CARTESIAN_POINT('',(-82.8,144.61291141897,-15.58862115252));
#6236 = CARTESIAN_POINT('',(-82.8,146.15976483567,-17.6946088891));
#6237 = CARTESIAN_POINT('',(-82.8,146.80724332094,-18.78455796736));
#6238 = CARTESIAN_POINT('',(-82.8,147.32571496135,-19.90862986563));
#6239 = CARTESIAN_POINT('',(-82.8,147.71703671498,-21.07461706971));
#6240 = CARTESIAN_POINT('',(-82.8,147.98710969966,-22.30430605552));
#6241 = CARTESIAN_POINT('',(-82.8,148.11890289628,-23.63283975138));
#6242 = CARTESIAN_POINT('',(-82.8,148.08484855919,-25.07976492884));
#6243 = CARTESIAN_POINT('',(-82.8,147.85567959915,-26.65620104655));
#6244 = CARTESIAN_POINT('',(-89.37455420975,108.,-7.080359626386));
#6245 = CARTESIAN_POINT('',(-89.37455420975,109.81069376094,
    -6.917099787113));
#6246 = CARTESIAN_POINT('',(-89.37455420975,111.65753290234,
    -6.785925618293));
#6247 = CARTESIAN_POINT('',(-89.37455420975,113.52948665152,
    -6.692492182157));
#6248 = CARTESIAN_POINT('',(-89.37455420975,115.41530904644,
    -6.642349627582));
#6249 = CARTESIAN_POINT('',(-89.37455420975,117.30357428345,
    -6.640796979312));
#6250 = CARTESIAN_POINT('',(-89.37455420975,119.18271206505,
    -6.692735927185));
#6251 = CARTESIAN_POINT('',(-89.37455420975,121.04104294774,
    -6.802524615358));
#6252 = CARTESIAN_POINT('',(-89.37455420975,124.63828768682,
    -7.140043740342));
#6253 = CARTESIAN_POINT('',(-89.37455420975,126.37292109357,
    -7.362995735738));
#6254 = CARTESIAN_POINT('',(-89.37455420975,128.0672877567,
    -7.648860556205));
#6255 = CARTESIAN_POINT('',(-89.37455420975,129.71834803421,
    -8.003257230178));
#6256 = CARTESIAN_POINT('',(-89.37455420975,131.3244341699,
    -8.431454492552));
#6257 = CARTESIAN_POINT('',(-89.37455420975,132.88570650029,
    -8.938926500031));
#6258 = CARTESIAN_POINT('',(-89.37455420975,134.40408049392,
    -9.532260445308));
#6259 = CARTESIAN_POINT('',(-89.37455420975,137.23625924728,
    -10.85043533182));
#6260 = CARTESIAN_POINT('',(-89.37455420975,138.56004973734,
    -11.56204573905));
#6261 = CARTESIAN_POINT('',(-89.37455420975,139.83061770744,
    -12.3477986312));
#6262 = CARTESIAN_POINT('',(-89.37455420975,141.02658814024,
    -13.19848720257));
#6263 = CARTESIAN_POINT('',(-89.37455420975,142.12757797839,
    -14.10358000592));
#6264 = CARTESIAN_POINT('',(-89.37455420975,143.11643476073,
    -15.05000589128));
#6265 = CARTESIAN_POINT('',(-89.37455420975,143.98212037674,
    -16.02346843184));
#6266 = CARTESIAN_POINT('',(-89.37455420975,145.46461345717,
    -18.01681392639));
#6267 = CARTESIAN_POINT('',(-89.37455420975,146.08281679569,
    -19.04273559338));
#6268 = CARTESIAN_POINT('',(-89.37455420975,146.57709361608,
    -20.0954139656));
#6269 = CARTESIAN_POINT('',(-89.37455420975,146.95165408946,
    -21.18374245496));
#6270 = CARTESIAN_POINT('',(-89.37455420975,147.21533321928,
    -22.33261776226));
#6271 = CARTESIAN_POINT('',(-89.37455420975,147.35074120743,
    -23.58221079997));
#6272 = CARTESIAN_POINT('',(-89.37455420975,147.32843863466,
    -24.95485698111));
#6273 = CARTESIAN_POINT('',(-89.37455420975,147.11704274132,
    -26.46325438709));
#6274 = CARTESIAN_POINT('',(-94.79717414722,108.,-1.));
#6275 = CARTESIAN_POINT('',(-94.79717414722,109.91528484592,
    -0.836740160727));
#6276 = CARTESIAN_POINT('',(-94.79717414722,111.87496177308,
    -0.707622128758));
#6277 = CARTESIAN_POINT('',(-94.79717414722,113.86893690571,
    -0.618897834621));
#6278 = CARTESIAN_POINT('',(-94.79717414722,115.88711636808,
    -0.576819208848));
#6279 = CARTESIAN_POINT('',(-94.79717414722,117.91940628444,
    -0.587638181969));
#6280 = CARTESIAN_POINT('',(-94.79717414722,119.95571277904,
    -0.657606684514));
#6281 = CARTESIAN_POINT('',(-94.79717414722,121.98594197614,
    -0.792976647015));
#6282 = CARTESIAN_POINT('',(-94.79717414722,125.95416178816,
    -1.200866668623));
#6283 = CARTESIAN_POINT('',(-94.79717414722,127.89309993277,
    -1.469188286882));
#6284 = CARTESIAN_POINT('',(-94.79717414722,129.8131174287,
    -1.813970713013));
#6285 = CARTESIAN_POINT('',(-94.79717414722,131.71051727088,
    -2.244219805252));
#6286 = CARTESIAN_POINT('',(-94.79717414722,133.5816024542,
    -2.768941421835));
#6287 = CARTESIAN_POINT('',(-94.79717414722,135.42267597355,
    -3.397141420997));
#6288 = CARTESIAN_POINT('',(-94.79717414722,137.23004082385,
    -4.137825660973));
#6289 = CARTESIAN_POINT('',(-94.79717414722,140.62043051501,
    -5.789336628243));
#6290 = CARTESIAN_POINT('',(-94.79717414722,142.20950855625,
    -6.680503132037));
#6291 = CARTESIAN_POINT('',(-94.79717414722,143.74784885846,
    -7.67053648386));
#6292 = CARTESIAN_POINT('',(-94.79717414722,145.21606615638,
    -8.756473656184));
#6293 = CARTESIAN_POINT('',(-94.79717414722,146.59477518475,
    -9.935351621485));
#6294 = CARTESIAN_POINT('',(-94.79717414722,147.86459067832,
    -11.20420735223));
#6295 = CARTESIAN_POINT('',(-94.79717414722,149.00612737182,
    -12.56007782091));
#6296 = CARTESIAN_POINT('',(-94.79717414722,151.00122567018,
    -15.45057526275));
#6297 = CARTESIAN_POINT('',(-94.79717414722,151.85259424437,
    -16.98645052864));
#6298 = CARTESIAN_POINT('',(-94.79717414722,152.53957346054,
    -18.60775075856));
#6299 = CARTESIAN_POINT('',(-94.79717414722,153.04763105666,
    -20.3146009134));
#6300 = CARTESIAN_POINT('',(-94.79717414722,153.36223477069,
    -22.10712595407));
#6301 = CARTESIAN_POINT('',(-94.79717414722,153.46885234061,
    -23.98545084146));
#6302 = CARTESIAN_POINT('',(-94.79717414722,153.35295150439,
    -25.94970053647));
#6303 = CARTESIAN_POINT('',(-94.79717414722,153.,-28.));
#6304 = CARTESIAN_POINT('',(-89.37455420975,108.,5.080359626386));
#6305 = CARTESIAN_POINT('',(-89.37455420975,110.0198759309,
    5.243619465658));
#6306 = CARTESIAN_POINT('',(-89.37455420975,112.09239064382,
    5.370681360778));
#6307 = CARTESIAN_POINT('',(-89.37455420975,114.20838715991,
    5.454696512915));
#6308 = CARTESIAN_POINT('',(-89.37455420975,116.35892368972,
    5.488711209887));
#6309 = CARTESIAN_POINT('',(-89.37455420975,118.53523828544,
    5.465520615374));
#6310 = CARTESIAN_POINT('',(-89.37455420975,120.72871349303,
    5.377522558157));
#6311 = CARTESIAN_POINT('',(-89.37455420975,122.93084100455,
    5.216571321329));
#6312 = CARTESIAN_POINT('',(-89.37455420975,127.27003588951,
    4.738310403097));
#6313 = CARTESIAN_POINT('',(-89.37455420975,129.41327877197,
    4.424619161975));
#6314 = CARTESIAN_POINT('',(-89.37455420975,131.55894710071,
    4.02091913018));
#6315 = CARTESIAN_POINT('',(-89.37455420975,133.70268650755,
    3.514817619673));
#6316 = CARTESIAN_POINT('',(-89.37455420975,135.83877073849,
    2.893571648883));
#6317 = CARTESIAN_POINT('',(-89.37455420975,137.95964544681,
    2.144643658037));
#6318 = CARTESIAN_POINT('',(-89.37455420975,140.05600115378,
    1.256609123361));
#6319 = CARTESIAN_POINT('',(-89.37455420975,144.00460178274,
    -0.72823792466));
#6320 = CARTESIAN_POINT('',(-89.37455420975,145.85896737517,
    -1.798960525016));
#6321 = CARTESIAN_POINT('',(-89.37455420975,147.66508000948,
    -2.993274336517));
#6322 = CARTESIAN_POINT('',(-89.37455420975,149.40554417252,
    -4.314460109788));
#6323 = CARTESIAN_POINT('',(-89.37455420975,151.06197239111,
    -5.767123237047));
#6324 = CARTESIAN_POINT('',(-89.37455420975,152.6127465959,
    -7.358408813192));
#6325 = CARTESIAN_POINT('',(-89.37455420975,154.03013436689,
    -9.096687209997));
#6326 = CARTESIAN_POINT('',(-89.37455420975,156.5378378832,
    -12.88433659911));
#6327 = CARTESIAN_POINT('',(-89.37455420975,157.62237169306,
    -14.9301654639));
#6328 = CARTESIAN_POINT('',(-89.37455420975,158.50205330501,
    -17.12008755152));
#6329 = CARTESIAN_POINT('',(-89.37455420975,159.14360802385,
    -19.44545937184));
#6330 = CARTESIAN_POINT('',(-89.37455420975,159.50913632209,
    -21.88163414588));
#6331 = CARTESIAN_POINT('',(-89.37455420975,159.58696347379,
    -24.38869088295));
#6332 = CARTESIAN_POINT('',(-89.37455420975,159.37746437412,
    -26.94454409183));
#6333 = CARTESIAN_POINT('',(-89.37455420975,158.88295725867,
    -29.5367456129));
#6334 = CARTESIAN_POINT('',(-82.8,108.,4.316937841827));
#6335 = CARTESIAN_POINT('',(-82.8,110.00674395884,4.4801976811));
#6336 = CARTESIAN_POINT('',(-82.8,112.06509128215,4.607517735236));
#6337 = CARTESIAN_POINT('',(-82.8,114.16576735865,4.692124145426));
#6338 = CARTESIAN_POINT('',(-82.8,116.29968574829,4.727151311938));
#6339 = CARTESIAN_POINT('',(-82.8,118.45791727252,4.70551404089));
#6340 = CARTESIAN_POINT('',(-82.8,120.63165910467,4.619779691027));
#6341 = CARTESIAN_POINT('',(-82.8,122.81220386023,4.462040320487));
#6342 = CARTESIAN_POINT('',(-82.8,127.10482083375,3.992614846008));
#6343 = CARTESIAN_POINT('',(-82.8,129.22241215986,3.684620004536));
#6344 = CARTESIAN_POINT('',(-82.8,131.33974881547,3.288317394344));
#6345 = CARTESIAN_POINT('',(-82.8,133.45255896786,2.791739562055));
#6346 = CARTESIAN_POINT('',(-82.8,135.55537114611,2.182612741983));
#6347 = CARTESIAN_POINT('',(-82.8,137.64111531346,1.448842798444));
#6348 = CARTESIAN_POINT('',(-82.8,139.70118666735,0.579308884101));
#6349 = CARTESIAN_POINT('',(-82.8,143.57970091713,-1.363686029957));
#6350 = CARTESIAN_POINT('',(-82.8,145.4007582337,-2.411864398707));
#6351 = CARTESIAN_POINT('',(-82.8,147.17325061458,-3.580529702116));
#6352 = CARTESIAN_POINT('',(-82.8,148.87953272254,-4.872178750953));
#6353 = CARTESIAN_POINT('',(-82.8,150.50109180628,-6.290466681715));
#6354 = CARTESIAN_POINT('',(-82.8,152.01659013696,-7.841269460281));
#6355 = CARTESIAN_POINT('',(-82.8,153.39934332467,-9.531534489316));
#6356 = CARTESIAN_POINT('',(-82.8,155.8426865047,-13.20654163641));
#6357 = CARTESIAN_POINT('',(-82.8,156.89794516781,-15.18834308992));
#6358 = CARTESIAN_POINT('',(-82.8,157.75343195974,-17.30687165149));
#6359 = CARTESIAN_POINT('',(-82.8,158.37822539834,-19.55458475709));
#6360 = CARTESIAN_POINT('',(-82.8,158.73735984172,-21.90994585262));
#6361 = CARTESIAN_POINT('',(-82.8,158.81880178494,-24.33806193154));
#6362 = CARTESIAN_POINT('',(-82.8,158.62105444959,-26.8196361441));
#6363 = CARTESIAN_POINT('',(-82.8,158.14432040084,-29.34379895344));
#6364 = CARTESIAN_POINT('',(-82.8,108.,-1.));
#6365 = CARTESIAN_POINT('',(-82.8,109.91528484592,-0.836740160727));
#6366 = CARTESIAN_POINT('',(-82.8,111.87496177308,-0.707622128757));
#6367 = CARTESIAN_POINT('',(-82.8,113.86893690571,-0.61889783462));
#6368 = CARTESIAN_POINT('',(-82.8,115.88711636808,-0.576819208847));
#6369 = CARTESIAN_POINT('',(-82.8,117.91940628444,-0.587638181968));
#6370 = CARTESIAN_POINT('',(-82.8,119.95571277904,-0.657606684514));
#6371 = CARTESIAN_POINT('',(-82.8,121.98594197614,-0.792976647014));
#6372 = CARTESIAN_POINT('',(-82.8,125.95416178816,-1.200866668622));
#6373 = CARTESIAN_POINT('',(-82.8,127.89309993277,-1.469188286881));
#6374 = CARTESIAN_POINT('',(-82.8,129.81311742871,-1.813970713012));
#6375 = CARTESIAN_POINT('',(-82.8,131.71051727088,-2.244219805252));
#6376 = CARTESIAN_POINT('',(-82.8,133.5816024542,-2.768941421834));
#6377 = CARTESIAN_POINT('',(-82.8,135.42267597355,-3.397141420996));
#6378 = CARTESIAN_POINT('',(-82.8,137.23004082385,-4.137825660973));
#6379 = CARTESIAN_POINT('',(-82.8,140.62043051501,-5.789336628242));
#6380 = CARTESIAN_POINT('',(-82.8,142.20950855625,-6.680503132037));
#6381 = CARTESIAN_POINT('',(-82.8,143.74784885846,-7.670536483859));
#6382 = CARTESIAN_POINT('',(-82.8,145.21606615638,-8.756473656183));
#6383 = CARTESIAN_POINT('',(-82.8,146.59477518475,-9.935351621485));
#6384 = CARTESIAN_POINT('',(-82.8,147.86459067832,-11.20420735223));
#6385 = CARTESIAN_POINT('',(-82.8,149.00612737182,-12.56007782091));
#6386 = CARTESIAN_POINT('',(-82.8,151.00122567018,-15.45057526275));
#6387 = CARTESIAN_POINT('',(-82.8,151.85259424438,-16.98645052864));
#6388 = CARTESIAN_POINT('',(-82.8,152.53957346054,-18.60775075856));
#6389 = CARTESIAN_POINT('',(-82.8,153.04763105666,-20.3146009134));
#6390 = CARTESIAN_POINT('',(-82.8,153.36223477069,-22.10712595407));
#6391 = CARTESIAN_POINT('',(-82.8,153.46885234061,-23.98545084146));
#6392 = CARTESIAN_POINT('',(-82.8,153.35295150439,-25.94970053647));
#6393 = CARTESIAN_POINT('',(-82.8,153.,-28.));
#6394 = ADVANCED_FACE('',(#6395),#6400,.T.);
#6395 = FACE_BOUND('',#6396,.F.);
#6396 = EDGE_LOOP('',(#6397,#6398,#6399));
#6397 = ORIENTED_EDGE('',*,*,#6028,.F.);
#6398 = ORIENTED_EDGE('',*,*,#5943,.T.);
#6399 = ORIENTED_EDGE('',*,*,#5987,.F.);
#6400 = SPHERICAL_SURFACE('',#6401,2.);
#6401 = AXIS2_PLACEMENT_3D('',#6402,#6403,#6404);
#6402 = CARTESIAN_POINT('',(-82.,22.,-10.));
#6403 = DIRECTION('',(0.,0.,1.));
#6404 = DIRECTION('',(1.,0.,0.));
#6405 = ADVANCED_FACE('',(#6406),#6411,.T.);
#6406 = FACE_BOUND('',#6407,.T.);
#6407 = EDGE_LOOP('',(#6408,#6409,#6410));
#6408 = ORIENTED_EDGE('',*,*,#6077,.F.);
#6409 = ORIENTED_EDGE('',*,*,#5961,.T.);
#6410 = ORIENTED_EDGE('',*,*,#5995,.F.);
#6411 = SPHERICAL_SURFACE('',#6412,2.);
#6412 = AXIS2_PLACEMENT_3D('',#6413,#6414,#6415);
#6413 = CARTESIAN_POINT('',(-82.,22.,10.));
#6414 = DIRECTION('',(-0.,-0.,-1.));
#6415 = DIRECTION('',(1.,0.,0.));
#6416 = ADVANCED_FACE('',(#6417),#6423,.T.);
#6417 = FACE_BOUND('',#6418,.T.);
#6418 = EDGE_LOOP('',(#6419,#6420,#6421,#6422));
#6419 = ORIENTED_EDGE('',*,*,#5977,.F.);
#6420 = ORIENTED_EDGE('',*,*,#6045,.T.);
#6421 = ORIENTED_EDGE('',*,*,#6108,.T.);
#6422 = ORIENTED_EDGE('',*,*,#6094,.F.);
#6423 = PLANE('',#6424);
#6424 = AXIS2_PLACEMENT_3D('',#6425,#6426,#6427);
#6425 = CARTESIAN_POINT('',(-80.,20.,-12.));
#6426 = DIRECTION('',(1.,0.,0.));
#6427 = DIRECTION('',(0.,0.,1.));
#6428 = ADVANCED_FACE('',(#6429),#6434,.T.);
#6429 = FACE_BOUND('',#6430,.T.);
#6430 = EDGE_LOOP('',(#6431,#6432,#6433));
#6431 = ORIENTED_EDGE('',*,*,#6036,.F.);
#6432 = ORIENTED_EDGE('',*,*,#6012,.T.);
#6433 = ORIENTED_EDGE('',*,*,#6114,.F.);
#6434 = SPHERICAL_SURFACE('',#6435,2.);
#6435 = AXIS2_PLACEMENT_3D('',#6436,#6437,#6438);
#6436 = CARTESIAN_POINT('',(-82.,118.,-10.));
#6437 = DIRECTION('',(0.,0.,1.));
#6438 = DIRECTION('',(1.,0.,0.));
#6439 = ADVANCED_FACE('',(#6440),#6445,.T.);
#6440 = FACE_BOUND('',#6441,.T.);
#6441 = EDGE_LOOP('',(#6442,#6443,#6444));
#6442 = ORIENTED_EDGE('',*,*,#6122,.F.);
#6443 = ORIENTED_EDGE('',*,*,#6061,.T.);
#6444 = ORIENTED_EDGE('',*,*,#6085,.F.);
#6445 = SPHERICAL_SURFACE('',#6446,2.);
#6446 = AXIS2_PLACEMENT_3D('',#6447,#6448,#6449);
#6447 = CARTESIAN_POINT('',(-82.,118.,10.));
#6448 = DIRECTION('',(0.,-1.,0.));
#6449 = DIRECTION('',(1.,0.,0.));
#6450 = ADVANCED_FACE('',(#6451),#6454,.T.);
#6451 = FACE_BOUND('',#6452,.T.);
#6452 = EDGE_LOOP('',(#6453));
#6453 = ORIENTED_EDGE('',*,*,#6173,.T.);
#6454 = PLANE('',#6455);
#6455 = AXIS2_PLACEMENT_3D('',#6456,#6457,#6458);
#6456 = CARTESIAN_POINT('',(-85.99949304564,153.,-28.));
#6457 = DIRECTION('',(4.942028524609E-15,-0.252739263355,-0.96753442562)
  );
#6458 = DIRECTION('',(-1.972152263053E-31,-0.96753442562,0.252739263355)
  );
#6459 = MANIFOLD_SOLID_BREP('',#6460);
#6460 = CLOSED_SHELL('',(#6461,#6501,#6534,#6567,#6600,#6633,#6650,#6667
    ,#6698,#6729,#6746,#6777,#6794,#6944,#6962,#6980,#7013,#7031,#7062,
    #7080,#7111,#7140,#7401,#7412,#7423,#7435,#7446,#7457));
#6461 = ADVANCED_FACE('',(#6462),#6496,.F.);
#6462 = FACE_BOUND('',#6463,.F.);
#6463 = EDGE_LOOP('',(#6464,#6474,#6482,#6490));
#6464 = ORIENTED_EDGE('',*,*,#6465,.F.);
#6465 = EDGE_CURVE('',#6466,#6468,#6470,.T.);
#6466 = VERTEX_POINT('',#6467);
#6467 = CARTESIAN_POINT('',(80.,22.,-10.));
#6468 = VERTEX_POINT('',#6469);
#6469 = CARTESIAN_POINT('',(80.,22.,10.));
#6470 = LINE('',#6471,#6472);
#6471 = CARTESIAN_POINT('',(80.,22.,-12.));
#6472 = VECTOR('',#6473,1.);
#6473 = DIRECTION('',(0.,0.,1.));
#6474 = ORIENTED_EDGE('',*,*,#6475,.T.);
#6475 = EDGE_CURVE('',#6466,#6476,#6478,.T.);
#6476 = VERTEX_POINT('',#6477);
#6477 = CARTESIAN_POINT('',(80.,118.,-10.));
#6478 = LINE('',#6479,#6480);
#6479 = CARTESIAN_POINT('',(80.,20.,-10.));
#6480 = VECTOR('',#6481,1.);
#6481 = DIRECTION('',(0.,1.,0.));
#6482 = ORIENTED_EDGE('',*,*,#6483,.T.);
#6483 = EDGE_CURVE('',#6476,#6484,#6486,.T.);
#6484 = VERTEX_POINT('',#6485);
#6485 = CARTESIAN_POINT('',(80.,118.,10.));
#6486 = LINE('',#6487,#6488);
#6487 = CARTESIAN_POINT('',(80.,118.,-12.));
#6488 = VECTOR('',#6489,1.);
#6489 = DIRECTION('',(0.,0.,1.));
#6490 = ORIENTED_EDGE('',*,*,#6491,.F.);
#6491 = EDGE_CURVE('',#6468,#6484,#6492,.T.);
#6492 = LINE('',#6493,#6494);
#6493 = CARTESIAN_POINT('',(80.,20.,10.));
#6494 = VECTOR('',#6495,1.);
#6495 = DIRECTION('',(0.,1.,0.));
#6496 = PLANE('',#6497);
#6497 = AXIS2_PLACEMENT_3D('',#6498,#6499,#6500);
#6498 = CARTESIAN_POINT('',(80.,20.,-12.));
#6499 = DIRECTION('',(1.,0.,0.));
#6500 = DIRECTION('',(0.,0.,1.));
#6501 = ADVANCED_FACE('',(#6502),#6529,.T.);
#6502 = FACE_BOUND('',#6503,.T.);
#6503 = EDGE_LOOP('',(#6504,#6505,#6514,#6522));
#6504 = ORIENTED_EDGE('',*,*,#6465,.F.);
#6505 = ORIENTED_EDGE('',*,*,#6506,.T.);
#6506 = EDGE_CURVE('',#6466,#6507,#6509,.T.);
#6507 = VERTEX_POINT('',#6508);
#6508 = CARTESIAN_POINT('',(82.,20.,-10.));
#6509 = CIRCLE('',#6510,2.);
#6510 = AXIS2_PLACEMENT_3D('',#6511,#6512,#6513);
#6511 = CARTESIAN_POINT('',(82.,22.,-10.));
#6512 = DIRECTION('',(0.,0.,1.));
#6513 = DIRECTION('',(-1.,0.,0.));
#6514 = ORIENTED_EDGE('',*,*,#6515,.T.);
#6515 = EDGE_CURVE('',#6507,#6516,#6518,.T.);
#6516 = VERTEX_POINT('',#6517);
#6517 = CARTESIAN_POINT('',(82.,20.,10.));
#6518 = LINE('',#6519,#6520);
#6519 = CARTESIAN_POINT('',(82.,20.,-12.));
#6520 = VECTOR('',#6521,1.);
#6521 = DIRECTION('',(0.,0.,1.));
#6522 = ORIENTED_EDGE('',*,*,#6523,.F.);
#6523 = EDGE_CURVE('',#6468,#6516,#6524,.T.);
#6524 = CIRCLE('',#6525,2.);
#6525 = AXIS2_PLACEMENT_3D('',#6526,#6527,#6528);
#6526 = CARTESIAN_POINT('',(82.,22.,10.));
#6527 = DIRECTION('',(0.,0.,1.));
#6528 = DIRECTION('',(-1.,0.,0.));
#6529 = CYLINDRICAL_SURFACE('',#6530,2.);
#6530 = AXIS2_PLACEMENT_3D('',#6531,#6532,#6533);
#6531 = CARTESIAN_POINT('',(82.,22.,-12.));
#6532 = DIRECTION('',(0.,0.,1.));
#6533 = DIRECTION('',(-1.,0.,0.));
#6534 = ADVANCED_FACE('',(#6535),#6562,.T.);
#6535 = FACE_BOUND('',#6536,.F.);
#6536 = EDGE_LOOP('',(#6537,#6546,#6554,#6561));
#6537 = ORIENTED_EDGE('',*,*,#6538,.F.);
#6538 = EDGE_CURVE('',#6539,#6466,#6541,.T.);
#6539 = VERTEX_POINT('',#6540);
#6540 = CARTESIAN_POINT('',(82.,22.,-12.));
#6541 = CIRCLE('',#6542,2.);
#6542 = AXIS2_PLACEMENT_3D('',#6543,#6544,#6545);
#6543 = CARTESIAN_POINT('',(82.,22.,-10.));
#6544 = DIRECTION('',(0.,1.,-0.));
#6545 = DIRECTION('',(-1.,0.,0.));
#6546 = ORIENTED_EDGE('',*,*,#6547,.T.);
#6547 = EDGE_CURVE('',#6539,#6548,#6550,.T.);
#6548 = VERTEX_POINT('',#6549);
#6549 = CARTESIAN_POINT('',(82.,118.,-12.));
#6550 = LINE('',#6551,#6552);
#6551 = CARTESIAN_POINT('',(82.,20.,-12.));
#6552 = VECTOR('',#6553,1.);
#6553 = DIRECTION('',(0.,1.,0.));
#6554 = ORIENTED_EDGE('',*,*,#6555,.T.);
#6555 = EDGE_CURVE('',#6548,#6476,#6556,.T.);
#6556 = CIRCLE('',#6557,2.);
#6557 = AXIS2_PLACEMENT_3D('',#6558,#6559,#6560);
#6558 = CARTESIAN_POINT('',(82.,118.,-10.));
#6559 = DIRECTION('',(0.,1.,-0.));
#6560 = DIRECTION('',(-1.,0.,0.));
#6561 = ORIENTED_EDGE('',*,*,#6475,.F.);
#6562 = CYLINDRICAL_SURFACE('',#6563,2.);
#6563 = AXIS2_PLACEMENT_3D('',#6564,#6565,#6566);
#6564 = CARTESIAN_POINT('',(82.,20.,-10.));
#6565 = DIRECTION('',(0.,1.,0.));
#6566 = DIRECTION('',(-1.,0.,0.));
#6567 = ADVANCED_FACE('',(#6568),#6595,.T.);
#6568 = FACE_BOUND('',#6569,.T.);
#6569 = EDGE_LOOP('',(#6570,#6579,#6587,#6594));
#6570 = ORIENTED_EDGE('',*,*,#6571,.F.);
#6571 = EDGE_CURVE('',#6572,#6468,#6574,.T.);
#6572 = VERTEX_POINT('',#6573);
#6573 = CARTESIAN_POINT('',(82.,22.,12.));
#6574 = CIRCLE('',#6575,2.);
#6575 = AXIS2_PLACEMENT_3D('',#6576,#6577,#6578);
#6576 = CARTESIAN_POINT('',(82.,22.,10.));
#6577 = DIRECTION('',(0.,-1.,0.));
#6578 = DIRECTION('',(-1.,0.,0.));
#6579 = ORIENTED_EDGE('',*,*,#6580,.T.);
#6580 = EDGE_CURVE('',#6572,#6581,#6583,.T.);
#6581 = VERTEX_POINT('',#6582);
#6582 = CARTESIAN_POINT('',(82.,118.,12.));
#6583 = LINE('',#6584,#6585);
#6584 = CARTESIAN_POINT('',(82.,20.,12.));
#6585 = VECTOR('',#6586,1.);
#6586 = DIRECTION('',(0.,1.,0.));
#6587 = ORIENTED_EDGE('',*,*,#6588,.F.);
#6588 = EDGE_CURVE('',#6484,#6581,#6589,.T.);
#6589 = CIRCLE('',#6590,2.);
#6590 = AXIS2_PLACEMENT_3D('',#6591,#6592,#6593);
#6591 = CARTESIAN_POINT('',(82.,118.,10.));
#6592 = DIRECTION('',(0.,1.,-0.));
#6593 = DIRECTION('',(-1.,0.,0.));
#6594 = ORIENTED_EDGE('',*,*,#6491,.F.);
#6595 = CYLINDRICAL_SURFACE('',#6596,2.);
#6596 = AXIS2_PLACEMENT_3D('',#6597,#6598,#6599);
#6597 = CARTESIAN_POINT('',(82.,20.,10.));
#6598 = DIRECTION('',(0.,1.,0.));
#6599 = DIRECTION('',(-1.,0.,0.));
#6600 = ADVANCED_FACE('',(#6601),#6628,.T.);
#6601 = FACE_BOUND('',#6602,.F.);
#6602 = EDGE_LOOP('',(#6603,#6604,#6613,#6621));
#6603 = ORIENTED_EDGE('',*,*,#6483,.F.);
#6604 = ORIENTED_EDGE('',*,*,#6605,.T.);
#6605 = EDGE_CURVE('',#6476,#6606,#6608,.T.);
#6606 = VERTEX_POINT('',#6607);
#6607 = CARTESIAN_POINT('',(82.,120.,-10.));
#6608 = CIRCLE('',#6609,2.);
#6609 = AXIS2_PLACEMENT_3D('',#6610,#6611,#6612);
#6610 = CARTESIAN_POINT('',(82.,118.,-10.));
#6611 = DIRECTION('',(0.,0.,-1.));
#6612 = DIRECTION('',(-1.,0.,0.));
#6613 = ORIENTED_EDGE('',*,*,#6614,.T.);
#6614 = EDGE_CURVE('',#6606,#6615,#6617,.T.);
#6615 = VERTEX_POINT('',#6616);
#6616 = CARTESIAN_POINT('',(82.,120.,10.));
#6617 = LINE('',#6618,#6619);
#6618 = CARTESIAN_POINT('',(82.,120.,-12.));
#6619 = VECTOR('',#6620,1.);
#6620 = DIRECTION('',(0.,0.,1.));
#6621 = ORIENTED_EDGE('',*,*,#6622,.T.);
#6622 = EDGE_CURVE('',#6615,#6484,#6623,.T.);
#6623 = CIRCLE('',#6624,2.);
#6624 = AXIS2_PLACEMENT_3D('',#6625,#6626,#6627);
#6625 = CARTESIAN_POINT('',(82.,118.,10.));
#6626 = DIRECTION('',(0.,0.,1.));
#6627 = DIRECTION('',(-1.,0.,0.));
#6628 = CYLINDRICAL_SURFACE('',#6629,2.);
#6629 = AXIS2_PLACEMENT_3D('',#6630,#6631,#6632);
#6630 = CARTESIAN_POINT('',(82.,118.,-12.));
#6631 = DIRECTION('',(0.,0.,1.));
#6632 = DIRECTION('',(-1.,0.,0.));
#6633 = ADVANCED_FACE('',(#6634),#6645,.T.);
#6634 = FACE_BOUND('',#6635,.T.);
#6635 = EDGE_LOOP('',(#6636,#6637,#6644));
#6636 = ORIENTED_EDGE('',*,*,#6538,.F.);
#6637 = ORIENTED_EDGE('',*,*,#6638,.T.);
#6638 = EDGE_CURVE('',#6539,#6507,#6639,.T.);
#6639 = CIRCLE('',#6640,2.);
#6640 = AXIS2_PLACEMENT_3D('',#6641,#6642,#6643);
#6641 = CARTESIAN_POINT('',(82.,22.,-10.));
#6642 = DIRECTION('',(-1.,6.123233995737E-17,0.));
#6643 = DIRECTION('',(-6.123233995737E-17,-1.,0.));
#6644 = ORIENTED_EDGE('',*,*,#6506,.F.);
#6645 = SPHERICAL_SURFACE('',#6646,2.);
#6646 = AXIS2_PLACEMENT_3D('',#6647,#6648,#6649);
#6647 = CARTESIAN_POINT('',(82.,22.,-10.));
#6648 = DIRECTION('',(0.,0.,1.));
#6649 = DIRECTION('',(-1.,0.,0.));
#6650 = ADVANCED_FACE('',(#6651),#6662,.T.);
#6651 = FACE_BOUND('',#6652,.F.);
#6652 = EDGE_LOOP('',(#6653,#6654,#6661));
#6653 = ORIENTED_EDGE('',*,*,#6571,.F.);
#6654 = ORIENTED_EDGE('',*,*,#6655,.T.);
#6655 = EDGE_CURVE('',#6572,#6516,#6656,.T.);
#6656 = CIRCLE('',#6657,2.);
#6657 = AXIS2_PLACEMENT_3D('',#6658,#6659,#6660);
#6658 = CARTESIAN_POINT('',(82.,22.,10.));
#6659 = DIRECTION('',(1.,-6.123233995737E-17,0.));
#6660 = DIRECTION('',(-6.123233995737E-17,-1.,0.));
#6661 = ORIENTED_EDGE('',*,*,#6523,.F.);
#6662 = SPHERICAL_SURFACE('',#6663,2.);
#6663 = AXIS2_PLACEMENT_3D('',#6664,#6665,#6666);
#6664 = CARTESIAN_POINT('',(82.,22.,10.));
#6665 = DIRECTION('',(-0.,-0.,-1.));
#6666 = DIRECTION('',(-1.,0.,0.));
#6667 = ADVANCED_FACE('',(#6668),#6693,.F.);
#6668 = FACE_BOUND('',#6669,.F.);
#6669 = EDGE_LOOP('',(#6670,#6671,#6679,#6687));
#6670 = ORIENTED_EDGE('',*,*,#6515,.T.);
#6671 = ORIENTED_EDGE('',*,*,#6672,.T.);
#6672 = EDGE_CURVE('',#6516,#6673,#6675,.T.);
#6673 = VERTEX_POINT('',#6674);
#6674 = CARTESIAN_POINT('',(90.,20.,10.));
#6675 = LINE('',#6676,#6677);
#6676 = CARTESIAN_POINT('',(80.,20.,10.));
#6677 = VECTOR('',#6678,1.);
#6678 = DIRECTION('',(1.,0.,0.));
#6679 = ORIENTED_EDGE('',*,*,#6680,.F.);
#6680 = EDGE_CURVE('',#6681,#6673,#6683,.T.);
#6681 = VERTEX_POINT('',#6682);
#6682 = CARTESIAN_POINT('',(90.,20.,-10.));
#6683 = LINE('',#6684,#6685);
#6684 = CARTESIAN_POINT('',(90.,20.,-12.));
#6685 = VECTOR('',#6686,1.);
#6686 = DIRECTION('',(0.,0.,1.));
#6687 = ORIENTED_EDGE('',*,*,#6688,.F.);
#6688 = EDGE_CURVE('',#6507,#6681,#6689,.T.);
#6689 = LINE('',#6690,#6691);
#6690 = CARTESIAN_POINT('',(80.,20.,-10.));
#6691 = VECTOR('',#6692,1.);
#6692 = DIRECTION('',(1.,0.,0.));
#6693 = PLANE('',#6694);
#6694 = AXIS2_PLACEMENT_3D('',#6695,#6696,#6697);
#6695 = CARTESIAN_POINT('',(80.,20.,-12.));
#6696 = DIRECTION('',(0.,1.,0.));
#6697 = DIRECTION('',(0.,0.,1.));
#6698 = ADVANCED_FACE('',(#6699),#6724,.F.);
#6699 = FACE_BOUND('',#6700,.F.);
#6700 = EDGE_LOOP('',(#6701,#6702,#6710,#6718));
#6701 = ORIENTED_EDGE('',*,*,#6547,.F.);
#6702 = ORIENTED_EDGE('',*,*,#6703,.T.);
#6703 = EDGE_CURVE('',#6539,#6704,#6706,.T.);
#6704 = VERTEX_POINT('',#6705);
#6705 = CARTESIAN_POINT('',(90.,22.,-12.));
#6706 = LINE('',#6707,#6708);
#6707 = CARTESIAN_POINT('',(80.,22.,-12.));
#6708 = VECTOR('',#6709,1.);
#6709 = DIRECTION('',(1.,0.,0.));
#6710 = ORIENTED_EDGE('',*,*,#6711,.T.);
#6711 = EDGE_CURVE('',#6704,#6712,#6714,.T.);
#6712 = VERTEX_POINT('',#6713);
#6713 = CARTESIAN_POINT('',(90.,118.,-12.));
#6714 = LINE('',#6715,#6716);
#6715 = CARTESIAN_POINT('',(90.,20.,-12.));
#6716 = VECTOR('',#6717,1.);
#6717 = DIRECTION('',(0.,1.,0.));
#6718 = ORIENTED_EDGE('',*,*,#6719,.F.);
#6719 = EDGE_CURVE('',#6548,#6712,#6720,.T.);
#6720 = LINE('',#6721,#6722);
#6721 = CARTESIAN_POINT('',(80.,118.,-12.));
#6722 = VECTOR('',#6723,1.);
#6723 = DIRECTION('',(1.,0.,0.));
#6724 = PLANE('',#6725);
#6725 = AXIS2_PLACEMENT_3D('',#6726,#6727,#6728);
#6726 = CARTESIAN_POINT('',(80.,20.,-12.));
#6727 = DIRECTION('',(0.,0.,1.));
#6728 = DIRECTION('',(1.,0.,0.));
#6729 = ADVANCED_FACE('',(#6730),#6741,.T.);
#6730 = FACE_BOUND('',#6731,.F.);
#6731 = EDGE_LOOP('',(#6732,#6733,#6740));
#6732 = ORIENTED_EDGE('',*,*,#6555,.F.);
#6733 = ORIENTED_EDGE('',*,*,#6734,.T.);
#6734 = EDGE_CURVE('',#6548,#6606,#6735,.T.);
#6735 = CIRCLE('',#6736,2.);
#6736 = AXIS2_PLACEMENT_3D('',#6737,#6738,#6739);
#6737 = CARTESIAN_POINT('',(82.,118.,-10.));
#6738 = DIRECTION('',(1.,6.123233995737E-17,-0.));
#6739 = DIRECTION('',(-6.123233995737E-17,1.,0.));
#6740 = ORIENTED_EDGE('',*,*,#6605,.F.);
#6741 = SPHERICAL_SURFACE('',#6742,2.);
#6742 = AXIS2_PLACEMENT_3D('',#6743,#6744,#6745);
#6743 = CARTESIAN_POINT('',(82.,118.,-10.));
#6744 = DIRECTION('',(0.,0.,1.));
#6745 = DIRECTION('',(-1.,0.,0.));
#6746 = ADVANCED_FACE('',(#6747),#6772,.T.);
#6747 = FACE_BOUND('',#6748,.T.);
#6748 = EDGE_LOOP('',(#6749,#6750,#6758,#6766));
#6749 = ORIENTED_EDGE('',*,*,#6580,.F.);
#6750 = ORIENTED_EDGE('',*,*,#6751,.T.);
#6751 = EDGE_CURVE('',#6572,#6752,#6754,.T.);
#6752 = VERTEX_POINT('',#6753);
#6753 = CARTESIAN_POINT('',(90.,22.,12.));
#6754 = LINE('',#6755,#6756);
#6755 = CARTESIAN_POINT('',(80.,22.,12.));
#6756 = VECTOR('',#6757,1.);
#6757 = DIRECTION('',(1.,0.,0.));
#6758 = ORIENTED_EDGE('',*,*,#6759,.T.);
#6759 = EDGE_CURVE('',#6752,#6760,#6762,.T.);
#6760 = VERTEX_POINT('',#6761);
#6761 = CARTESIAN_POINT('',(90.,118.,12.));
#6762 = LINE('',#6763,#6764);
#6763 = CARTESIAN_POINT('',(90.,20.,12.));
#6764 = VECTOR('',#6765,1.);
#6765 = DIRECTION('',(0.,1.,0.));
#6766 = ORIENTED_EDGE('',*,*,#6767,.F.);
#6767 = EDGE_CURVE('',#6581,#6760,#6768,.T.);
#6768 = LINE('',#6769,#6770);
#6769 = CARTESIAN_POINT('',(80.,118.,12.));
#6770 = VECTOR('',#6771,1.);
#6771 = DIRECTION('',(1.,0.,0.));
#6772 = PLANE('',#6773);
#6773 = AXIS2_PLACEMENT_3D('',#6774,#6775,#6776);
#6774 = CARTESIAN_POINT('',(80.,20.,12.));
#6775 = DIRECTION('',(0.,0.,1.));
#6776 = DIRECTION('',(1.,0.,0.));
#6777 = ADVANCED_FACE('',(#6778),#6789,.T.);
#6778 = FACE_BOUND('',#6779,.F.);
#6779 = EDGE_LOOP('',(#6780,#6781,#6788));
#6780 = ORIENTED_EDGE('',*,*,#6622,.F.);
#6781 = ORIENTED_EDGE('',*,*,#6782,.T.);
#6782 = EDGE_CURVE('',#6615,#6581,#6783,.T.);
#6783 = CIRCLE('',#6784,2.);
#6784 = AXIS2_PLACEMENT_3D('',#6785,#6786,#6787);
#6785 = CARTESIAN_POINT('',(82.,118.,10.));
#6786 = DIRECTION('',(1.,0.,6.123233995737E-17));
#6787 = DIRECTION('',(-6.123233995737E-17,0.,1.));
#6788 = ORIENTED_EDGE('',*,*,#6588,.F.);
#6789 = SPHERICAL_SURFACE('',#6790,2.);
#6790 = AXIS2_PLACEMENT_3D('',#6791,#6792,#6793);
#6791 = CARTESIAN_POINT('',(82.,118.,10.));
#6792 = DIRECTION('',(0.,-1.,0.));
#6793 = DIRECTION('',(-1.,0.,0.));
#6794 = ADVANCED_FACE('',(#6795,#6820),#6939,.T.);
#6795 = FACE_BOUND('',#6796,.T.);
#6796 = EDGE_LOOP('',(#6797,#6798,#6806,#6814));
#6797 = ORIENTED_EDGE('',*,*,#6614,.T.);
#6798 = ORIENTED_EDGE('',*,*,#6799,.T.);
#6799 = EDGE_CURVE('',#6615,#6800,#6802,.T.);
#6800 = VERTEX_POINT('',#6801);
#6801 = CARTESIAN_POINT('',(90.,120.,10.));
#6802 = LINE('',#6803,#6804);
#6803 = CARTESIAN_POINT('',(80.,120.,10.));
#6804 = VECTOR('',#6805,1.);
#6805 = DIRECTION('',(1.,0.,0.));
#6806 = ORIENTED_EDGE('',*,*,#6807,.F.);
#6807 = EDGE_CURVE('',#6808,#6800,#6810,.T.);
#6808 = VERTEX_POINT('',#6809);
#6809 = CARTESIAN_POINT('',(90.,120.,-10.));
#6810 = LINE('',#6811,#6812);
#6811 = CARTESIAN_POINT('',(90.,120.,-12.));
#6812 = VECTOR('',#6813,1.);
#6813 = DIRECTION('',(0.,0.,1.));
#6814 = ORIENTED_EDGE('',*,*,#6815,.F.);
#6815 = EDGE_CURVE('',#6606,#6808,#6816,.T.);
#6816 = LINE('',#6817,#6818);
#6817 = CARTESIAN_POINT('',(80.,120.,-10.));
#6818 = VECTOR('',#6819,1.);
#6819 = DIRECTION('',(1.,0.,0.));
#6820 = FACE_BOUND('',#6821,.T.);
#6821 = EDGE_LOOP('',(#6822));
#6822 = ORIENTED_EDGE('',*,*,#6823,.T.);
#6823 = EDGE_CURVE('',#6824,#6824,#6826,.T.);
#6824 = VERTEX_POINT('',#6825);
#6825 = CARTESIAN_POINT('',(89.2,120.,-0.707997973395));
#6826 = B_SPLINE_CURVE_WITH_KNOTS('',6,(#6827,#6828,#6829,#6830,#6831,
    #6832,#6833,#6834,#6835,#6836,#6837,#6838,#6839,#6840,#6841,#6842,
    #6843,#6844,#6845,#6846,#6847,#6848,#6849,#6850,#6851,#6852,#6853,
    #6854,#6855,#6856,#6857,#6858,#6859,#6860,#6861,#6862,#6863,#6864,
    #6865,#6866,#6867,#6868,#6869,#6870,#6871,#6872,#6873,#6874,#6875,
    #6876,#6877,#6878,#6879,#6880,#6881,#6882,#6883,#6884,#6885,#6886,
    #6887,#6888,#6889,#6890,#6891,#6892,#6893,#6894,#6895,#6896,#6897,
    #6898,#6899,#6900,#6901,#6902,#6903,#6904,#6905,#6906,#6907,#6908,
    #6909,#6910,#6911,#6912,#6913,#6914,#6915,#6916,#6917,#6918,#6919,
    #6920,#6921,#6922,#6923,#6924,#6925,#6926,#6927,#6928,#6929,#6930,
    #6931,#6932,#6933,#6934,#6935,#6936,#6937,#6938),.UNSPECIFIED.,.T.,
  .F.,(7,5,5,5,5,5,5,5,5,5,5,5,5,5,5,5,5,5,5,5,5,5,7),(0.,
    9.77165215699E-02,0.145810926591,0.176861023002,0.197880638879,
    0.245877058782,0.292324966646,0.312297860327,0.341262195602,
    0.387233829927,0.432257722808,0.459298094752,0.516428107454,
    0.557531514211,0.57456937433,0.599614691915,0.638653384932,
    0.676651680128,0.749586880393,0.832546060103,0.874630417212,
    0.919721154662,1.),.UNSPECIFIED.);
#6827 = CARTESIAN_POINT('',(89.2,120.,-0.707997973395));
#6828 = CARTESIAN_POINT('',(89.200000054273,120.,-0.382644419013));
#6829 = CARTESIAN_POINT('',(89.160095843964,120.,-5.698183833147E-02));
#6830 = CARTESIAN_POINT('',(89.080152839053,120.,0.262695063187));
#6831 = CARTESIAN_POINT('',(88.961431050537,120.,0.570422709528));
#6832 = CARTESIAN_POINT('',(88.806132359104,120.,0.860478303442));
#6833 = CARTESIAN_POINT('',(88.525244409991,120.,1.259059789194));
#6834 = CARTESIAN_POINT('',(88.424600392325,120.,1.384993625658));
#6835 = CARTESIAN_POINT('',(88.31637803201,120.,1.50477863491));
#6836 = CARTESIAN_POINT('',(88.201051484426,120.,1.617849983286));
#6837 = CARTESIAN_POINT('',(88.079151440242,120.,1.723692524509));
#6838 = CARTESIAN_POINT('',(87.868700490113,120.,1.885206424463));
#6839 = CARTESIAN_POINT('',(87.783639445947,120.,1.945366377582));
#6840 = CARTESIAN_POINT('',(87.696239349109,120.,2.002196407201));
#6841 = CARTESIAN_POINT('',(87.606664940856,120.,2.055583273731));
#6842 = CARTESIAN_POINT('',(87.51508834752,120.,2.105424749833));
#6843 = CARTESIAN_POINT('',(87.358461639436,120.,2.182908418448));
#6844 = CARTESIAN_POINT('',(87.294398710218,120.,2.212520793698));
#6845 = CARTESIAN_POINT('',(87.22955586891,120.,2.240438544791));
#6846 = CARTESIAN_POINT('',(87.163989828361,120.,2.266636032631));
#6847 = CARTESIAN_POINT('',(87.097758438216,120.,2.291090180401));
#6848 = CARTESIAN_POINT('',(86.878303536769,120.,2.36559151057));
#6849 = CARTESIAN_POINT('',(86.722520958172,120.,2.408206911592));
#6850 = CARTESIAN_POINT('',(86.564281589031,120.,2.441381025421));
#6851 = CARTESIAN_POINT('',(86.404308220814,120.,2.464943422753));
#6852 = CARTESIAN_POINT('',(86.243337796555,120.,2.478798896189));
#6853 = CARTESIAN_POINT('',(85.926106238445,120.,2.486923040042));
#6854 = CARTESIAN_POINT('',(85.769854172781,120.,2.481809418221));
#6855 = CARTESIAN_POINT('',(85.614045476905,120.,2.467570088759));
#6856 = CARTESIAN_POINT('',(85.459351611517,120.,2.444255026906));
#6857 = CARTESIAN_POINT('',(85.306435234968,120.,2.41198068917));
#6858 = CARTESIAN_POINT('',(85.091240350092,120.,2.353277895786));
#6859 = CARTESIAN_POINT('',(85.026979450196,120.,2.334002852755));
#6860 = CARTESIAN_POINT('',(84.963219053375,120.,2.313119353248));
#6861 = CARTESIAN_POINT('',(84.900009917993,120.,2.290644003967));
#6862 = CARTESIAN_POINT('',(84.837402010978,120.,2.266595549289));
#6863 = CARTESIAN_POINT('',(84.685594888095,120.,2.203869255468));
#6864 = CARTESIAN_POINT('',(84.597112751243,120.,2.163479083872));
#6865 = CARTESIAN_POINT('',(84.510148333862,120.,2.119888237443));
#6866 = CARTESIAN_POINT('',(84.424846925347,120.,2.073169295946));
#6867 = CARTESIAN_POINT('',(84.341348867902,120.,2.023403537941));
#6868 = CARTESIAN_POINT('',(84.130340621048,120.,1.88700111189));
#6869 = CARTESIAN_POINT('',(84.005773085733,120.,1.795870202433));
#6870 = CARTESIAN_POINT('',(83.886630589542,120.,1.697650820835));
#6871 = CARTESIAN_POINT('',(83.773413594752,120.,1.592750821898));
#6872 = CARTESIAN_POINT('',(83.666579386961,120.,1.481623306815));
#6873 = CARTESIAN_POINT('',(83.468566946361,120.,1.250319032271));
#6874 = CARTESIAN_POINT('',(83.377108547734,120.,1.130371893452));
#6875 = CARTESIAN_POINT('',(83.292554739267,120.,1.005393539905));
#6876 = CARTESIAN_POINT('',(83.21524455532,120.,0.875880261025));
#6877 = CARTESIAN_POINT('',(83.145468204546,120.,0.742356302406));
#6878 = CARTESIAN_POINT('',(83.046230404632,120.,0.523104884635));
#6879 = CARTESIAN_POINT('',(83.011797845772,120.,0.439587491058));
#6880 = CARTESIAN_POINT('',(82.980221358437,120.,0.354940651259));
#6881 = CARTESIAN_POINT('',(82.951546039835,120.,0.269285454777));
#6882 = CARTESIAN_POINT('',(82.925810119262,120.,0.182745114543));
#6883 = CARTESIAN_POINT('',(82.854947263719,120.,-8.899998801068E-02));
#6884 = CARTESIAN_POINT('',(82.820109673933,120.,-0.276843499088));
#6885 = CARTESIAN_POINT('',(82.798829067001,120.,-0.466893667602));
#6886 = CARTESIAN_POINT('',(82.791260210368,120.,-0.657948274712));
#6887 = CARTESIAN_POINT('',(82.797417219995,120.,-0.848797476722));
#6888 = CARTESIAN_POINT('',(82.831389997669,120.,-1.174514931956));
#6889 = CARTESIAN_POINT('',(82.852645311852,120.,-1.310072654009));
#6890 = CARTESIAN_POINT('',(82.880893809246,120.,-1.444449396237));
#6891 = CARTESIAN_POINT('',(82.916051722391,120.,-1.577203161311));
#6892 = CARTESIAN_POINT('',(82.957998669358,120.,-1.707900224807));
#6893 = CARTESIAN_POINT('',(83.026714260561,120.,-1.889261893455));
#6894 = CARTESIAN_POINT('',(83.047990442518,120.,-1.941982397577));
#6895 = CARTESIAN_POINT('',(83.070395054466,120.,-1.994246506257));
#6896 = CARTESIAN_POINT('',(83.093915917044,120.,-2.046024496203));
#6897 = CARTESIAN_POINT('',(83.118539816676,120.,-2.097287062138));
#6898 = CARTESIAN_POINT('',(83.182049642308,120.,-2.222560129412));
#6899 = CARTESIAN_POINT('',(83.222199534966,120.,-2.295938908931));
#6900 = CARTESIAN_POINT('',(83.264656870463,120.,-2.368049775729));
#6901 = CARTESIAN_POINT('',(83.309371729161,120.,-2.438803385769));
#6902 = CARTESIAN_POINT('',(83.356289584874,120.,-2.508112930615));
#6903 = CARTESIAN_POINT('',(83.481824790743,120.,-2.681546026975));
#6904 = CARTESIAN_POINT('',(83.563507731942,120.,-2.78348585444));
#6905 = CARTESIAN_POINT('',(83.650175353368,120.,-2.881393245157));
#6906 = CARTESIAN_POINT('',(83.741578467027,120.,-2.974968013485));
#6907 = CARTESIAN_POINT('',(83.837443472026,120.,-3.063930162811));
#6908 = CARTESIAN_POINT('',(84.034835394644,120.,-3.229868617173));
#6909 = CARTESIAN_POINT('',(84.136144699546,120.,-3.307102811488));
#6910 = CARTESIAN_POINT('',(84.241125130693,120.,-3.379483067258));
#6911 = CARTESIAN_POINT('',(84.349484072701,120.,-3.446793460492));
#6912 = CARTESIAN_POINT('',(84.460911433384,120.,-3.508841544446));
#6913 = CARTESIAN_POINT('',(84.794218218629,120.,-3.674130848186));
#6914 = CARTESIAN_POINT('',(85.023483439775,120.,-3.762808644407));
#6915 = CARTESIAN_POINT('',(85.260519217647,120.,-3.830271158879));
#6916 = CARTESIAN_POINT('',(85.502843779665,120.,-3.875725262155));
#6917 = CARTESIAN_POINT('',(85.747880555538,120.,-3.898721163859));
#6918 = CARTESIAN_POINT('',(86.271689478541,120.,-3.899872784164));
#6919 = CARTESIAN_POINT('',(86.550563032597,120.,-3.871431514743));
#6920 = CARTESIAN_POINT('',(86.825585338269,120.,-3.813903974609));
#6921 = CARTESIAN_POINT('',(87.092977592697,120.,-3.728030511399));
#6922 = CARTESIAN_POINT('',(87.349127169726,120.,-3.61509751989));
#6923 = CARTESIAN_POINT('',(87.713184385828,120.,-3.407128360399));
#6924 = CARTESIAN_POINT('',(87.83196207819,120.,-3.330682129339));
#6925 = CARTESIAN_POINT('',(87.946560276232,120.,-3.248038928485));
#6926 = CARTESIAN_POINT('',(88.056576588141,120.,-3.159488010091));
#6927 = CARTESIAN_POINT('',(88.161637305042,120.,-3.065352057348));
#6928 = CARTESIAN_POINT('',(88.368284076205,120.,-2.85952411505));
#6929 = CARTESIAN_POINT('',(88.469088281968,120.,-2.747054869839));
#6930 = CARTESIAN_POINT('',(88.563386117412,120.,-2.62901815122));
#6931 = CARTESIAN_POINT('',(88.650800509961,120.,-2.505884271486));
#6932 = CARTESIAN_POINT('',(88.731001215333,120.,-2.378155152756));
#6933 = CARTESIAN_POINT('',(88.933145511954,120.,-2.011725322708));
#6934 = CARTESIAN_POINT('',(89.038842344982,120.,-1.76417414838));
#6935 = CARTESIAN_POINT('',(89.119159067769,120.,-1.506760621628));
#6936 = CARTESIAN_POINT('',(89.173067195729,120.,-1.242694177037));
#6937 = CARTESIAN_POINT('',(89.200000014955,120.,-0.975291697511));
#6938 = CARTESIAN_POINT('',(89.2,120.,-0.707997973395));
#6939 = PLANE('',#6940);
#6940 = AXIS2_PLACEMENT_3D('',#6941,#6942,#6943);
#6941 = CARTESIAN_POINT('',(80.,120.,-12.));
#6942 = DIRECTION('',(0.,1.,0.));
#6943 = DIRECTION('',(0.,0.,1.));
#6944 = ADVANCED_FACE('',(#6945),#6957,.T.);
#6945 = FACE_BOUND('',#6946,.T.);
#6946 = EDGE_LOOP('',(#6947,#6948,#6949,#6956));
#6947 = ORIENTED_EDGE('',*,*,#6638,.F.);
#6948 = ORIENTED_EDGE('',*,*,#6703,.T.);
#6949 = ORIENTED_EDGE('',*,*,#6950,.T.);
#6950 = EDGE_CURVE('',#6704,#6681,#6951,.T.);
#6951 = CIRCLE('',#6952,2.);
#6952 = AXIS2_PLACEMENT_3D('',#6953,#6954,#6955);
#6953 = CARTESIAN_POINT('',(90.,22.,-10.));
#6954 = DIRECTION('',(-1.,-6.123233995737E-17,0.));
#6955 = DIRECTION('',(6.123233995737E-17,-1.,0.));
#6956 = ORIENTED_EDGE('',*,*,#6688,.F.);
#6957 = CYLINDRICAL_SURFACE('',#6958,2.);
#6958 = AXIS2_PLACEMENT_3D('',#6959,#6960,#6961);
#6959 = CARTESIAN_POINT('',(80.,22.,-10.));
#6960 = DIRECTION('',(1.,0.,0.));
#6961 = DIRECTION('',(0.,-1.,0.));
#6962 = ADVANCED_FACE('',(#6963),#6975,.T.);
#6963 = FACE_BOUND('',#6964,.F.);
#6964 = EDGE_LOOP('',(#6965,#6966,#6967,#6974));
#6965 = ORIENTED_EDGE('',*,*,#6655,.F.);
#6966 = ORIENTED_EDGE('',*,*,#6751,.T.);
#6967 = ORIENTED_EDGE('',*,*,#6968,.T.);
#6968 = EDGE_CURVE('',#6752,#6673,#6969,.T.);
#6969 = CIRCLE('',#6970,2.);
#6970 = AXIS2_PLACEMENT_3D('',#6971,#6972,#6973);
#6971 = CARTESIAN_POINT('',(90.,22.,10.));
#6972 = DIRECTION('',(1.,6.123233995737E-17,0.));
#6973 = DIRECTION('',(6.123233995737E-17,-1.,0.));
#6974 = ORIENTED_EDGE('',*,*,#6672,.F.);
#6975 = CYLINDRICAL_SURFACE('',#6976,2.);
#6976 = AXIS2_PLACEMENT_3D('',#6977,#6978,#6979);
#6977 = CARTESIAN_POINT('',(80.,22.,10.));
#6978 = DIRECTION('',(1.,0.,0.));
#6979 = DIRECTION('',(0.,-1.,0.));
#6980 = ADVANCED_FACE('',(#6981),#7008,.T.);
#6981 = FACE_BOUND('',#6982,.F.);
#6982 = EDGE_LOOP('',(#6983,#6993,#7000,#7001));
#6983 = ORIENTED_EDGE('',*,*,#6984,.F.);
#6984 = EDGE_CURVE('',#6985,#6987,#6989,.T.);
#6985 = VERTEX_POINT('',#6986);
#6986 = CARTESIAN_POINT('',(92.,22.,-10.));
#6987 = VERTEX_POINT('',#6988);
#6988 = CARTESIAN_POINT('',(92.,22.,10.));
#6989 = LINE('',#6990,#6991);
#6990 = CARTESIAN_POINT('',(92.,22.,-12.));
#6991 = VECTOR('',#6992,1.);
#6992 = DIRECTION('',(0.,0.,1.));
#6993 = ORIENTED_EDGE('',*,*,#6994,.T.);
#6994 = EDGE_CURVE('',#6985,#6681,#6995,.T.);
#6995 = CIRCLE('',#6996,2.);
#6996 = AXIS2_PLACEMENT_3D('',#6997,#6998,#6999);
#6997 = CARTESIAN_POINT('',(90.,22.,-10.));
#6998 = DIRECTION('',(0.,0.,-1.));
#6999 = DIRECTION('',(1.,0.,0.));
#7000 = ORIENTED_EDGE('',*,*,#6680,.T.);
#7001 = ORIENTED_EDGE('',*,*,#7002,.F.);
#7002 = EDGE_CURVE('',#6987,#6673,#7003,.T.);
#7003 = CIRCLE('',#7004,2.);
#7004 = AXIS2_PLACEMENT_3D('',#7005,#7006,#7007);
#7005 = CARTESIAN_POINT('',(90.,22.,10.));
#7006 = DIRECTION('',(0.,0.,-1.));
#7007 = DIRECTION('',(1.,0.,0.));
#7008 = CYLINDRICAL_SURFACE('',#7009,2.);
#7009 = AXIS2_PLACEMENT_3D('',#7010,#7011,#7012);
#7010 = CARTESIAN_POINT('',(90.,22.,-12.));
#7011 = DIRECTION('',(0.,0.,1.));
#7012 = DIRECTION('',(1.,0.,0.));
#7013 = ADVANCED_FACE('',(#7014),#7026,.T.);
#7014 = FACE_BOUND('',#7015,.F.);
#7015 = EDGE_LOOP('',(#7016,#7017,#7018,#7025));
#7016 = ORIENTED_EDGE('',*,*,#6734,.F.);
#7017 = ORIENTED_EDGE('',*,*,#6719,.T.);
#7018 = ORIENTED_EDGE('',*,*,#7019,.T.);
#7019 = EDGE_CURVE('',#6712,#6808,#7020,.T.);
#7020 = CIRCLE('',#7021,2.);
#7021 = AXIS2_PLACEMENT_3D('',#7022,#7023,#7024);
#7022 = CARTESIAN_POINT('',(90.,118.,-10.));
#7023 = DIRECTION('',(1.,-6.123233995737E-17,0.));
#7024 = DIRECTION('',(6.123233995737E-17,1.,0.));
#7025 = ORIENTED_EDGE('',*,*,#6815,.F.);
#7026 = CYLINDRICAL_SURFACE('',#7027,2.);
#7027 = AXIS2_PLACEMENT_3D('',#7028,#7029,#7030);
#7028 = CARTESIAN_POINT('',(80.,118.,-10.));
#7029 = DIRECTION('',(1.,0.,0.));
#7030 = DIRECTION('',(0.,1.,0.));
#7031 = ADVANCED_FACE('',(#7032),#7057,.T.);
#7032 = FACE_BOUND('',#7033,.T.);
#7033 = EDGE_LOOP('',(#7034,#7041,#7042,#7051));
#7034 = ORIENTED_EDGE('',*,*,#7035,.F.);
#7035 = EDGE_CURVE('',#6704,#6985,#7036,.T.);
#7036 = CIRCLE('',#7037,2.);
#7037 = AXIS2_PLACEMENT_3D('',#7038,#7039,#7040);
#7038 = CARTESIAN_POINT('',(90.,22.,-10.));
#7039 = DIRECTION('',(0.,-1.,0.));
#7040 = DIRECTION('',(1.,0.,0.));
#7041 = ORIENTED_EDGE('',*,*,#6711,.T.);
#7042 = ORIENTED_EDGE('',*,*,#7043,.T.);
#7043 = EDGE_CURVE('',#6712,#7044,#7046,.T.);
#7044 = VERTEX_POINT('',#7045);
#7045 = CARTESIAN_POINT('',(92.,118.,-10.));
#7046 = CIRCLE('',#7047,2.);
#7047 = AXIS2_PLACEMENT_3D('',#7048,#7049,#7050);
#7048 = CARTESIAN_POINT('',(90.,118.,-10.));
#7049 = DIRECTION('',(0.,-1.,0.));
#7050 = DIRECTION('',(1.,0.,0.));
#7051 = ORIENTED_EDGE('',*,*,#7052,.F.);
#7052 = EDGE_CURVE('',#6985,#7044,#7053,.T.);
#7053 = LINE('',#7054,#7055);
#7054 = CARTESIAN_POINT('',(92.,20.,-10.));
#7055 = VECTOR('',#7056,1.);
#7056 = DIRECTION('',(0.,1.,0.));
#7057 = CYLINDRICAL_SURFACE('',#7058,2.);
#7058 = AXIS2_PLACEMENT_3D('',#7059,#7060,#7061);
#7059 = CARTESIAN_POINT('',(90.,20.,-10.));
#7060 = DIRECTION('',(0.,1.,0.));
#7061 = DIRECTION('',(1.,0.,0.));
#7062 = ADVANCED_FACE('',(#7063),#7075,.T.);
#7063 = FACE_BOUND('',#7064,.T.);
#7064 = EDGE_LOOP('',(#7065,#7066,#7067,#7074));
#7065 = ORIENTED_EDGE('',*,*,#6782,.T.);
#7066 = ORIENTED_EDGE('',*,*,#6767,.T.);
#7067 = ORIENTED_EDGE('',*,*,#7068,.F.);
#7068 = EDGE_CURVE('',#6800,#6760,#7069,.T.);
#7069 = CIRCLE('',#7070,2.);
#7070 = AXIS2_PLACEMENT_3D('',#7071,#7072,#7073);
#7071 = CARTESIAN_POINT('',(90.,118.,10.));
#7072 = DIRECTION('',(1.,0.,-6.123233995737E-17));
#7073 = DIRECTION('',(6.123233995737E-17,0.,1.));
#7074 = ORIENTED_EDGE('',*,*,#6799,.F.);
#7075 = CYLINDRICAL_SURFACE('',#7076,2.);
#7076 = AXIS2_PLACEMENT_3D('',#7077,#7078,#7079);
#7077 = CARTESIAN_POINT('',(80.,118.,10.));
#7078 = DIRECTION('',(1.,0.,0.));
#7079 = DIRECTION('',(0.,1.,0.));
#7080 = ADVANCED_FACE('',(#7081),#7106,.T.);
#7081 = FACE_BOUND('',#7082,.F.);
#7082 = EDGE_LOOP('',(#7083,#7090,#7091,#7100));
#7083 = ORIENTED_EDGE('',*,*,#7084,.F.);
#7084 = EDGE_CURVE('',#6752,#6987,#7085,.T.);
#7085 = CIRCLE('',#7086,2.);
#7086 = AXIS2_PLACEMENT_3D('',#7087,#7088,#7089);
#7087 = CARTESIAN_POINT('',(90.,22.,10.));
#7088 = DIRECTION('',(-0.,1.,0.));
#7089 = DIRECTION('',(1.,0.,0.));
#7090 = ORIENTED_EDGE('',*,*,#6759,.T.);
#7091 = ORIENTED_EDGE('',*,*,#7092,.F.);
#7092 = EDGE_CURVE('',#7093,#6760,#7095,.T.);
#7093 = VERTEX_POINT('',#7094);
#7094 = CARTESIAN_POINT('',(92.,118.,10.));
#7095 = CIRCLE('',#7096,2.);
#7096 = AXIS2_PLACEMENT_3D('',#7097,#7098,#7099);
#7097 = CARTESIAN_POINT('',(90.,118.,10.));
#7098 = DIRECTION('',(0.,-1.,0.));
#7099 = DIRECTION('',(1.,0.,0.));
#7100 = ORIENTED_EDGE('',*,*,#7101,.F.);
#7101 = EDGE_CURVE('',#6987,#7093,#7102,.T.);
#7102 = LINE('',#7103,#7104);
#7103 = CARTESIAN_POINT('',(92.,20.,10.));
#7104 = VECTOR('',#7105,1.);
#7105 = DIRECTION('',(0.,1.,0.));
#7106 = CYLINDRICAL_SURFACE('',#7107,2.);
#7107 = AXIS2_PLACEMENT_3D('',#7108,#7109,#7110);
#7108 = CARTESIAN_POINT('',(90.,20.,10.));
#7109 = DIRECTION('',(0.,1.,0.));
#7110 = DIRECTION('',(1.,0.,0.));
#7111 = ADVANCED_FACE('',(#7112),#7135,.T.);
#7112 = FACE_BOUND('',#7113,.T.);
#7113 = EDGE_LOOP('',(#7114,#7120,#7127,#7128));
#7114 = ORIENTED_EDGE('',*,*,#7115,.F.);
#7115 = EDGE_CURVE('',#7044,#7093,#7116,.T.);
#7116 = LINE('',#7117,#7118);
#7117 = CARTESIAN_POINT('',(92.,118.,-12.));
#7118 = VECTOR('',#7119,1.);
#7119 = DIRECTION('',(0.,0.,1.));
#7120 = ORIENTED_EDGE('',*,*,#7121,.T.);
#7121 = EDGE_CURVE('',#7044,#6808,#7122,.T.);
#7122 = CIRCLE('',#7123,2.);
#7123 = AXIS2_PLACEMENT_3D('',#7124,#7125,#7126);
#7124 = CARTESIAN_POINT('',(90.,118.,-10.));
#7125 = DIRECTION('',(0.,0.,1.));
#7126 = DIRECTION('',(1.,0.,0.));
#7127 = ORIENTED_EDGE('',*,*,#6807,.T.);
#7128 = ORIENTED_EDGE('',*,*,#7129,.T.);
#7129 = EDGE_CURVE('',#6800,#7093,#7130,.T.);
#7130 = CIRCLE('',#7131,2.);
#7131 = AXIS2_PLACEMENT_3D('',#7132,#7133,#7134);
#7132 = CARTESIAN_POINT('',(90.,118.,10.));
#7133 = DIRECTION('',(0.,0.,-1.));
#7134 = DIRECTION('',(1.,0.,0.));
#7135 = CYLINDRICAL_SURFACE('',#7136,2.);
#7136 = AXIS2_PLACEMENT_3D('',#7137,#7138,#7139);
#7137 = CARTESIAN_POINT('',(90.,118.,-12.));
#7138 = DIRECTION('',(0.,0.,1.));
#7139 = DIRECTION('',(1.,0.,0.));
#7140 = ADVANCED_FACE('',(#7141),#7190,.T.);
#7141 = FACE_BOUND('',#7142,.T.);
#7142 = EDGE_LOOP('',(#7143,#7144,#7179,#7189));
#7143 = ORIENTED_EDGE('',*,*,#6823,.F.);
#7144 = ORIENTED_EDGE('',*,*,#7145,.T.);
#7145 = EDGE_CURVE('',#6824,#7146,#7148,.T.);
#7146 = VERTEX_POINT('',#7147);
#7147 = CARTESIAN_POINT('',(89.2,153.,-28.));
#7148 = ( BOUNDED_CURVE() B_SPLINE_CURVE(8,(#7149,#7150,#7151,#7152,
    #7153,#7154,#7155,#7156,#7157,#7158,#7159,#7160,#7161,#7162,#7163,
    #7164,#7165,#7166,#7167,#7168,#7169,#7170,#7171,#7172,#7173,#7174,
    #7175,#7176,#7177,#7178),.UNSPECIFIED.,.F.,.F.) 
B_SPLINE_CURVE_WITH_KNOTS((9,7,7,7,9),(0.,16.,31.52417469626,
45.736845099812,60.054666163088),.UNSPECIFIED.) CURVE() 
GEOMETRIC_REPRESENTATION_ITEM() RATIONAL_B_SPLINE_CURVE((1.669078461068,
    1.669078461068,1.669078461068,1.669078461068,1.669078461068,
    1.669078461068,1.669078461068,1.669078461068,1.669078461068,
    1.669078461068,1.669078461068,1.669078461068,1.669078461068,
    1.669078461068,1.669078461068,1.669078461068,1.669078461068,
    1.669078461068,1.669078461068,1.669078461068,1.669078461068,
    1.669078461068,1.669078461068,1.669078461068,1.669078461068,
    1.669078461068,1.669078461068,1.669078461068,1.669078461068,
1.669078461068)) REPRESENTATION_ITEM('') );
#7149 = CARTESIAN_POINT('',(89.2,108.,-1.));
#7150 = CARTESIAN_POINT('',(89.2,109.91528484592,-0.836740160727));
#7151 = CARTESIAN_POINT('',(89.2,111.87496177308,-0.707622128757));
#7152 = CARTESIAN_POINT('',(89.2,113.86893690571,-0.618897834621));
#7153 = CARTESIAN_POINT('',(89.2,115.88711636808,-0.576819208847));
#7154 = CARTESIAN_POINT('',(89.2,117.91940628444,-0.587638181969));
#7155 = CARTESIAN_POINT('',(89.2,119.95571277904,-0.657606684514));
#7156 = CARTESIAN_POINT('',(89.2,121.98594197614,-0.792976647014));
#7157 = CARTESIAN_POINT('',(89.2,125.95416178816,-1.200866668623));
#7158 = CARTESIAN_POINT('',(89.2,127.89309993277,-1.469188286882));
#7159 = CARTESIAN_POINT('',(89.2,129.81311742871,-1.813970713013));
#7160 = CARTESIAN_POINT('',(89.2,131.71051727088,-2.244219805252));
#7161 = CARTESIAN_POINT('',(89.2,133.5816024542,-2.768941421835));
#7162 = CARTESIAN_POINT('',(89.2,135.42267597355,-3.397141420997));
#7163 = CARTESIAN_POINT('',(89.2,137.23004082385,-4.137825660973));
#7164 = CARTESIAN_POINT('',(89.2,140.62043051501,-5.789336628242));
#7165 = CARTESIAN_POINT('',(89.2,142.20950855625,-6.680503132037));
#7166 = CARTESIAN_POINT('',(89.2,143.74784885846,-7.670536483859));
#7167 = CARTESIAN_POINT('',(89.2,145.21606615638,-8.756473656184));
#7168 = CARTESIAN_POINT('',(89.2,146.59477518475,-9.935351621485));
#7169 = CARTESIAN_POINT('',(89.2,147.86459067832,-11.20420735223));
#7170 = CARTESIAN_POINT('',(89.2,149.00612737182,-12.56007782091));
#7171 = CARTESIAN_POINT('',(89.2,151.00122567018,-15.45057526275));
#7172 = CARTESIAN_POINT('',(89.2,151.85259424438,-16.98645052864));
#7173 = CARTESIAN_POINT('',(89.2,152.53957346054,-18.60775075856));
#7174 = CARTESIAN_POINT('',(89.2,153.04763105666,-20.3146009134));
#7175 = CARTESIAN_POINT('',(89.2,153.36223477069,-22.10712595407));
#7176 = CARTESIAN_POINT('',(89.2,153.46885234061,-23.98545084146));
#7177 = CARTESIAN_POINT('',(89.2,153.35295150439,-25.94970053647));
#7178 = CARTESIAN_POINT('',(89.2,153.,-28.));
#7179 = ORIENTED_EDGE('',*,*,#7180,.F.);
#7180 = EDGE_CURVE('',#7146,#7146,#7181,.T.);
#7181 = ( BOUNDED_CURVE() B_SPLINE_CURVE(6,(#7182,#7183,#7184,#7185,
#7186,#7187,#7188),.UNSPECIFIED.,.T.,.F.) B_SPLINE_CURVE_WITH_KNOTS((1,6
    ,6,1),(-6.28318530718,0.,6.28318530718,12.566370614359),
.UNSPECIFIED.) CURVE() GEOMETRIC_REPRESENTATION_ITEM() 
RATIONAL_B_SPLINE_CURVE((1.669078461068,1.03672962321,1.038346699848,
    0.853534330196,1.038346699848,1.03672962321,1.669078461068)) 
REPRESENTATION_ITEM('') );
#7182 = CARTESIAN_POINT('',(89.2,153.,-28.));
#7183 = CARTESIAN_POINT('',(89.2,147.85567959915,-26.65620104655));
#7184 = CARTESIAN_POINT('',(82.625445790246,147.11704274132,
    -26.46325438709));
#7185 = CARTESIAN_POINT('',(77.202825852773,153.,-28.));
#7186 = CARTESIAN_POINT('',(82.625445790246,158.88295725867,
    -29.5367456129));
#7187 = CARTESIAN_POINT('',(89.2,158.14432040084,-29.34379895344));
#7188 = CARTESIAN_POINT('',(89.2,153.,-28.));
#7189 = ORIENTED_EDGE('',*,*,#7145,.F.);
#7190 = ( BOUNDED_SURFACE() B_SPLINE_SURFACE(6,8,(
    (#7191,#7192,#7193,#7194,#7195,#7196,#7197,#7198,#7199,#7200,#7201
      ,#7202,#7203,#7204,#7205,#7206,#7207,#7208,#7209,#7210,#7211,#7212
      ,#7213,#7214,#7215,#7216,#7217,#7218,#7219,#7220)
    ,(#7221,#7222,#7223,#7224,#7225,#7226,#7227,#7228,#7229,#7230,#7231
      ,#7232,#7233,#7234,#7235,#7236,#7237,#7238,#7239,#7240,#7241,#7242
      ,#7243,#7244,#7245,#7246,#7247,#7248,#7249,#7250)
    ,(#7251,#7252,#7253,#7254,#7255,#7256,#7257,#7258,#7259,#7260,#7261
      ,#7262,#7263,#7264,#7265,#7266,#7267,#7268,#7269,#7270,#7271,#7272
      ,#7273,#7274,#7275,#7276,#7277,#7278,#7279,#7280)
    ,(#7281,#7282,#7283,#7284,#7285,#7286,#7287,#7288,#7289,#7290,#7291
      ,#7292,#7293,#7294,#7295,#7296,#7297,#7298,#7299,#7300,#7301,#7302
      ,#7303,#7304,#7305,#7306,#7307,#7308,#7309,#7310)
    ,(#7311,#7312,#7313,#7314,#7315,#7316,#7317,#7318,#7319,#7320,#7321
      ,#7322,#7323,#7324,#7325,#7326,#7327,#7328,#7329,#7330,#7331,#7332
      ,#7333,#7334,#7335,#7336,#7337,#7338,#7339,#7340)
    ,(#7341,#7342,#7343,#7344,#7345,#7346,#7347,#7348,#7349,#7350,#7351
      ,#7352,#7353,#7354,#7355,#7356,#7357,#7358,#7359,#7360,#7361,#7362
      ,#7363,#7364,#7365,#7366,#7367,#7368,#7369,#7370)
    ,(#7371,#7372,#7373,#7374,#7375,#7376,#7377,#7378,#7379,#7380,#7381
      ,#7382,#7383,#7384,#7385,#7386,#7387,#7388,#7389,#7390,#7391,#7392
      ,#7393,#7394,#7395,#7396,#7397,#7398,#7399,#7400
)),.UNSPECIFIED.,.T.,.F.,.F.) B_SPLINE_SURFACE_WITH_KNOTS((1,6,6,1),(9,7
    ,7,7,9),(-6.28318530718,0.,6.28318530718,12.566370614359),(0.,16.,
    31.52417469626,45.736845099812,60.054666163088),.UNSPECIFIED.) 
GEOMETRIC_REPRESENTATION_ITEM() RATIONAL_B_SPLINE_SURFACE((
    (1.669078461068,1.669078461068,1.669078461068,1.669078461068
      ,1.669078461068,1.669078461068,1.669078461068,1.669078461068
      ,1.669078461068,1.669078461068,1.669078461068,1.669078461068
      ,1.669078461068,1.669078461068,1.669078461068,1.669078461068
      ,1.669078461068,1.669078461068,1.669078461068,1.669078461068
      ,1.669078461068,1.669078461068,1.669078461068,1.669078461068
      ,1.669078461068,1.669078461068,1.669078461068,1.669078461068
      ,1.669078461068,1.669078461068)
    ,(1.03672962321,1.03672962321,1.03672962321,1.03672962321
      ,1.03672962321,1.03672962321,1.03672962321,1.03672962321
      ,1.03672962321,1.03672962321,1.03672962321,1.03672962321
      ,1.03672962321,1.03672962321,1.03672962321,1.03672962321
      ,1.03672962321,1.03672962321,1.03672962321,1.03672962321
      ,1.03672962321,1.03672962321,1.03672962321,1.03672962321
      ,1.036729623209,1.03672962321,1.03672962321,1.03672962321
      ,1.03672962321,1.03672962321)
    ,(1.038346699848,1.038346699848,1.038346699848,1.038346699848
      ,1.038346699847,1.038346699848,1.038346699848,1.038346699848
      ,1.038346699848,1.038346699848,1.038346699847,1.038346699848
      ,1.038346699847,1.038346699848,1.038346699847,1.038346699848
      ,1.038346699848,1.038346699848,1.038346699848,1.038346699848
      ,1.038346699847,1.038346699848,1.038346699847,1.038346699848
      ,1.038346699847,1.038346699848,1.038346699847,1.038346699848
      ,1.038346699847,1.038346699848)
    ,(0.853534330196,0.853534330196,0.853534330196,0.853534330196
      ,0.853534330196,0.853534330196,0.853534330196,0.853534330196
      ,0.853534330196,0.853534330196,0.853534330196,0.853534330196
      ,0.853534330196,0.853534330196,0.853534330196,0.853534330196
      ,0.853534330196,0.853534330196,0.853534330196,0.853534330196
      ,0.853534330196,0.853534330196,0.853534330196,0.853534330196
      ,0.853534330196,0.853534330196,0.853534330196,0.853534330196
      ,0.853534330196,0.853534330196)
    ,(1.038346699848,1.038346699848,1.038346699847,1.038346699848
      ,1.038346699847,1.038346699848,1.038346699847,1.038346699848
      ,1.038346699847,1.038346699848,1.038346699847,1.038346699848
      ,1.038346699847,1.038346699848,1.038346699848,1.038346699848
      ,1.038346699848,1.038346699848,1.038346699848,1.038346699848
      ,1.038346699847,1.038346699848,1.038346699847,1.038346699848
      ,1.038346699847,1.038346699848,1.038346699847,1.038346699848
      ,1.038346699847,1.038346699848)
    ,(1.03672962321,1.03672962321,1.03672962321,1.03672962321
      ,1.03672962321,1.03672962321,1.03672962321,1.03672962321
      ,1.03672962321,1.03672962321,1.03672962321,1.03672962321
      ,1.03672962321,1.03672962321,1.03672962321,1.03672962321
      ,1.03672962321,1.03672962321,1.03672962321,1.03672962321
      ,1.03672962321,1.03672962321,1.03672962321,1.03672962321
      ,1.036729623209,1.03672962321,1.036729623209,1.03672962321
      ,1.03672962321,1.03672962321)
    ,(1.669078461068,1.669078461068,1.669078461068,1.669078461068
      ,1.669078461068,1.669078461068,1.669078461068,1.669078461068
      ,1.669078461068,1.669078461068,1.669078461068,1.669078461068
      ,1.669078461068,1.669078461068,1.669078461068,1.669078461068
      ,1.669078461068,1.669078461068,1.669078461068,1.669078461068
      ,1.669078461068,1.669078461068,1.669078461068,1.669078461068
      ,1.669078461068,1.669078461068,1.669078461068,1.669078461068
,1.669078461068,1.669078461068))) REPRESENTATION_ITEM('') SURFACE() );
#7191 = CARTESIAN_POINT('',(89.2,108.,-1.));
#7192 = CARTESIAN_POINT('',(89.2,109.91528484592,-0.836740160727));
#7193 = CARTESIAN_POINT('',(89.2,111.87496177308,-0.707622128757));
#7194 = CARTESIAN_POINT('',(89.2,113.86893690571,-0.618897834621));
#7195 = CARTESIAN_POINT('',(89.2,115.88711636808,-0.576819208847));
#7196 = CARTESIAN_POINT('',(89.2,117.91940628444,-0.587638181969));
#7197 = CARTESIAN_POINT('',(89.2,119.95571277904,-0.657606684514));
#7198 = CARTESIAN_POINT('',(89.2,121.98594197614,-0.792976647014));
#7199 = CARTESIAN_POINT('',(89.2,125.95416178816,-1.200866668623));
#7200 = CARTESIAN_POINT('',(89.2,127.89309993277,-1.469188286882));
#7201 = CARTESIAN_POINT('',(89.2,129.81311742871,-1.813970713013));
#7202 = CARTESIAN_POINT('',(89.2,131.71051727088,-2.244219805252));
#7203 = CARTESIAN_POINT('',(89.2,133.5816024542,-2.768941421835));
#7204 = CARTESIAN_POINT('',(89.2,135.42267597355,-3.397141420997));
#7205 = CARTESIAN_POINT('',(89.2,137.23004082385,-4.137825660973));
#7206 = CARTESIAN_POINT('',(89.2,140.62043051501,-5.789336628242));
#7207 = CARTESIAN_POINT('',(89.2,142.20950855625,-6.680503132037));
#7208 = CARTESIAN_POINT('',(89.2,143.74784885846,-7.670536483859));
#7209 = CARTESIAN_POINT('',(89.2,145.21606615638,-8.756473656184));
#7210 = CARTESIAN_POINT('',(89.2,146.59477518475,-9.935351621485));
#7211 = CARTESIAN_POINT('',(89.2,147.86459067832,-11.20420735223));
#7212 = CARTESIAN_POINT('',(89.2,149.00612737182,-12.56007782091));
#7213 = CARTESIAN_POINT('',(89.2,151.00122567018,-15.45057526275));
#7214 = CARTESIAN_POINT('',(89.2,151.85259424438,-16.98645052864));
#7215 = CARTESIAN_POINT('',(89.2,152.53957346054,-18.60775075856));
#7216 = CARTESIAN_POINT('',(89.2,153.04763105666,-20.3146009134));
#7217 = CARTESIAN_POINT('',(89.2,153.36223477069,-22.10712595407));
#7218 = CARTESIAN_POINT('',(89.2,153.46885234061,-23.98545084146));
#7219 = CARTESIAN_POINT('',(89.2,153.35295150439,-25.94970053647));
#7220 = CARTESIAN_POINT('',(89.2,153.,-28.));
#7221 = CARTESIAN_POINT('',(89.2,108.,-6.316937841827));
#7222 = CARTESIAN_POINT('',(89.2,109.82382573301,-6.153678002555));
#7223 = CARTESIAN_POINT('',(89.2,111.68483226401,-6.022761992751));
#7224 = CARTESIAN_POINT('',(89.2,113.57210645277,-5.929919814667));
#7225 = CARTESIAN_POINT('',(89.2,115.47454698787,-5.880789729632));
#7226 = CARTESIAN_POINT('',(89.2,117.38089529636,-5.880790404827));
#7227 = CARTESIAN_POINT('',(89.2,119.27976645341,-5.934993060054));
#7228 = CARTESIAN_POINT('',(89.2,121.15968009206,-6.047993614515));
#7229 = CARTESIAN_POINT('',(89.2,124.80350274257,-6.394348183253));
#7230 = CARTESIAN_POINT('',(89.2,126.56378770567,-6.622996578299));
#7231 = CARTESIAN_POINT('',(89.2,128.28648604194,-6.91625882037));
#7232 = CARTESIAN_POINT('',(89.2,129.96847557391,-7.280179172558));
#7233 = CARTESIAN_POINT('',(89.2,131.60783376228,-7.720495585652));
#7234 = CARTESIAN_POINT('',(89.2,133.20423663365,-8.243125640437));
#7235 = CARTESIAN_POINT('',(89.2,134.75889498036,-8.854960206047));
#7236 = CARTESIAN_POINT('',(89.2,137.66116011289,-10.21498722652));
#7237 = CARTESIAN_POINT('',(89.2,139.0182588788,-10.94914186536));
#7238 = CARTESIAN_POINT('',(89.2,140.32244710235,-11.7605432656));
#7239 = CARTESIAN_POINT('',(89.2,141.55259959022,-12.64076856141));
#7240 = CARTESIAN_POINT('',(89.2,142.68845856323,-13.58023656125));
#7241 = CARTESIAN_POINT('',(89.2,143.71259121968,-14.56714524419));
#7242 = CARTESIAN_POINT('',(89.2,144.61291141897,-15.58862115252));
#7243 = CARTESIAN_POINT('',(89.2,146.15976483567,-17.6946088891));
#7244 = CARTESIAN_POINT('',(89.2,146.80724332094,-18.78455796736));
#7245 = CARTESIAN_POINT('',(89.2,147.32571496135,-19.90862986563));
#7246 = CARTESIAN_POINT('',(89.2,147.71703671498,-21.07461706971));
#7247 = CARTESIAN_POINT('',(89.2,147.98710969966,-22.30430605552));
#7248 = CARTESIAN_POINT('',(89.2,148.11890289628,-23.63283975138));
#7249 = CARTESIAN_POINT('',(89.2,148.08484855919,-25.07976492884));
#7250 = CARTESIAN_POINT('',(89.2,147.85567959915,-26.65620104655));
#7251 = CARTESIAN_POINT('',(82.625445790246,108.,-7.080359626386));
#7252 = CARTESIAN_POINT('',(82.625445790246,109.81069376094,
    -6.917099787113));
#7253 = CARTESIAN_POINT('',(82.625445790246,111.65753290234,
    -6.785925618292));
#7254 = CARTESIAN_POINT('',(82.625445790246,113.52948665152,
    -6.692492182157));
#7255 = CARTESIAN_POINT('',(82.625445790246,115.41530904644,
    -6.642349627581));
#7256 = CARTESIAN_POINT('',(82.625445790246,117.30357428345,
    -6.640796979311));
#7257 = CARTESIAN_POINT('',(82.625445790246,119.18271206505,
    -6.692735927184));
#7258 = CARTESIAN_POINT('',(82.625445790246,121.04104294774,
    -6.802524615358));
#7259 = CARTESIAN_POINT('',(82.625445790246,124.63828768682,
    -7.140043740342));
#7260 = CARTESIAN_POINT('',(82.625445790246,126.37292109357,
    -7.362995735738));
#7261 = CARTESIAN_POINT('',(82.625445790246,128.0672877567,
    -7.648860556205));
#7262 = CARTESIAN_POINT('',(82.625445790246,129.71834803421,
    -8.003257230178));
#7263 = CARTESIAN_POINT('',(82.625445790246,131.3244341699,
    -8.431454492552));
#7264 = CARTESIAN_POINT('',(82.625445790246,132.88570650029,
    -8.93892650003));
#7265 = CARTESIAN_POINT('',(82.625445790246,134.40408049392,
    -9.532260445307));
#7266 = CARTESIAN_POINT('',(82.625445790246,137.23625924728,
    -10.85043533182));
#7267 = CARTESIAN_POINT('',(82.625445790246,138.56004973734,
    -11.56204573905));
#7268 = CARTESIAN_POINT('',(82.625445790246,139.83061770744,
    -12.3477986312));
#7269 = CARTESIAN_POINT('',(82.625445790246,141.02658814024,
    -13.19848720257));
#7270 = CARTESIAN_POINT('',(82.625445790246,142.12757797839,
    -14.10358000592));
#7271 = CARTESIAN_POINT('',(82.625445790246,143.11643476073,
    -15.05000589128));
#7272 = CARTESIAN_POINT('',(82.625445790246,143.98212037674,
    -16.02346843184));
#7273 = CARTESIAN_POINT('',(82.625445790246,145.46461345717,
    -18.01681392639));
#7274 = CARTESIAN_POINT('',(82.625445790246,146.08281679569,
    -19.04273559338));
#7275 = CARTESIAN_POINT('',(82.625445790246,146.57709361608,
    -20.0954139656));
#7276 = CARTESIAN_POINT('',(82.625445790246,146.95165408946,
    -21.18374245496));
#7277 = CARTESIAN_POINT('',(82.625445790246,147.21533321928,
    -22.33261776226));
#7278 = CARTESIAN_POINT('',(82.625445790246,147.35074120743,
    -23.58221079997));
#7279 = CARTESIAN_POINT('',(82.625445790246,147.32843863466,
    -24.95485698111));
#7280 = CARTESIAN_POINT('',(82.625445790246,147.11704274132,
    -26.46325438709));
#7281 = CARTESIAN_POINT('',(77.202825852773,108.,-1.));
#7282 = CARTESIAN_POINT('',(77.202825852773,109.91528484592,
    -0.836740160727));
#7283 = CARTESIAN_POINT('',(77.202825852773,111.87496177308,
    -0.707622128757));
#7284 = CARTESIAN_POINT('',(77.202825852773,113.86893690571,
    -0.61889783462));
#7285 = CARTESIAN_POINT('',(77.202825852773,115.88711636808,
    -0.576819208848));
#7286 = CARTESIAN_POINT('',(77.202825852773,117.91940628444,
    -0.587638181968));
#7287 = CARTESIAN_POINT('',(77.202825852773,119.95571277904,
    -0.657606684513));
#7288 = CARTESIAN_POINT('',(77.202825852773,121.98594197614,
    -0.792976647014));
#7289 = CARTESIAN_POINT('',(77.202825852773,125.95416178816,
    -1.200866668622));
#7290 = CARTESIAN_POINT('',(77.202825852773,127.89309993277,
    -1.469188286881));
#7291 = CARTESIAN_POINT('',(77.202825852773,129.81311742871,
    -1.813970713012));
#7292 = CARTESIAN_POINT('',(77.202825852773,131.71051727088,
    -2.244219805252));
#7293 = CARTESIAN_POINT('',(77.202825852773,133.5816024542,
    -2.768941421834));
#7294 = CARTESIAN_POINT('',(77.202825852773,135.42267597355,
    -3.397141420996));
#7295 = CARTESIAN_POINT('',(77.202825852773,137.23004082385,
    -4.137825660973));
#7296 = CARTESIAN_POINT('',(77.202825852773,140.62043051501,
    -5.789336628242));
#7297 = CARTESIAN_POINT('',(77.202825852773,142.20950855625,
    -6.680503132037));
#7298 = CARTESIAN_POINT('',(77.202825852773,143.74784885846,
    -7.670536483859));
#7299 = CARTESIAN_POINT('',(77.202825852773,145.21606615638,
    -8.756473656183));
#7300 = CARTESIAN_POINT('',(77.202825852773,146.59477518475,
    -9.935351621485));
#7301 = CARTESIAN_POINT('',(77.202825852773,147.86459067832,
    -11.20420735223));
#7302 = CARTESIAN_POINT('',(77.202825852773,149.00612737182,
    -12.56007782091));
#7303 = CARTESIAN_POINT('',(77.202825852773,151.00122567018,
    -15.45057526275));
#7304 = CARTESIAN_POINT('',(77.202825852773,151.85259424438,
    -16.98645052864));
#7305 = CARTESIAN_POINT('',(77.202825852773,152.53957346054,
    -18.60775075856));
#7306 = CARTESIAN_POINT('',(77.202825852773,153.04763105666,
    -20.3146009134));
#7307 = CARTESIAN_POINT('',(77.202825852773,153.36223477069,
    -22.10712595407));
#7308 = CARTESIAN_POINT('',(77.202825852773,153.46885234061,
    -23.98545084146));
#7309 = CARTESIAN_POINT('',(77.202825852773,153.35295150439,
    -25.94970053647));
#7310 = CARTESIAN_POINT('',(77.202825852773,153.,-28.));
#7311 = CARTESIAN_POINT('',(82.625445790246,108.,5.080359626386));
#7312 = CARTESIAN_POINT('',(82.625445790246,110.0198759309,
    5.243619465659));
#7313 = CARTESIAN_POINT('',(82.625445790246,112.09239064382,
    5.370681360778));
#7314 = CARTESIAN_POINT('',(82.625445790246,114.20838715991,
    5.454696512916));
#7315 = CARTESIAN_POINT('',(82.625445790246,116.35892368972,
    5.488711209886));
#7316 = CARTESIAN_POINT('',(82.625445790246,118.53523828544,
    5.465520615375));
#7317 = CARTESIAN_POINT('',(82.625445790246,120.72871349303,
    5.377522558157));
#7318 = CARTESIAN_POINT('',(82.625445790246,122.93084100455,
    5.21657132133));
#7319 = CARTESIAN_POINT('',(82.625445790246,127.27003588951,
    4.738310403098));
#7320 = CARTESIAN_POINT('',(82.625445790246,129.41327877197,
    4.424619161975));
#7321 = CARTESIAN_POINT('',(82.625445790246,131.55894710071,
    4.02091913018));
#7322 = CARTESIAN_POINT('',(82.625445790246,133.70268650755,
    3.514817619674));
#7323 = CARTESIAN_POINT('',(82.625445790246,135.83877073849,
    2.893571648883));
#7324 = CARTESIAN_POINT('',(82.625445790246,137.95964544681,
    2.144643658038));
#7325 = CARTESIAN_POINT('',(82.625445790246,140.05600115378,
    1.256609123361));
#7326 = CARTESIAN_POINT('',(82.625445790246,144.00460178274,
    -0.72823792466));
#7327 = CARTESIAN_POINT('',(82.625445790246,145.85896737517,
    -1.798960525015));
#7328 = CARTESIAN_POINT('',(82.625445790246,147.66508000948,
    -2.993274336517));
#7329 = CARTESIAN_POINT('',(82.625445790246,149.40554417252,
    -4.314460109788));
#7330 = CARTESIAN_POINT('',(82.625445790246,151.06197239111,
    -5.767123237046));
#7331 = CARTESIAN_POINT('',(82.625445790246,152.6127465959,
    -7.358408813192));
#7332 = CARTESIAN_POINT('',(82.625445790246,154.03013436689,
    -9.096687209997));
#7333 = CARTESIAN_POINT('',(82.625445790246,156.5378378832,
    -12.88433659911));
#7334 = CARTESIAN_POINT('',(82.625445790246,157.62237169306,
    -14.9301654639));
#7335 = CARTESIAN_POINT('',(82.625445790246,158.50205330501,
    -17.12008755152));
#7336 = CARTESIAN_POINT('',(82.625445790246,159.14360802385,
    -19.44545937184));
#7337 = CARTESIAN_POINT('',(82.625445790246,159.5091363221,
    -21.88163414588));
#7338 = CARTESIAN_POINT('',(82.625445790246,159.58696347379,
    -24.38869088295));
#7339 = CARTESIAN_POINT('',(82.625445790246,159.37746437412,
    -26.94454409183));
#7340 = CARTESIAN_POINT('',(82.625445790246,158.88295725867,
    -29.5367456129));
#7341 = CARTESIAN_POINT('',(89.2,108.,4.316937841827));
#7342 = CARTESIAN_POINT('',(89.2,110.00674395884,4.4801976811));
#7343 = CARTESIAN_POINT('',(89.2,112.06509128215,4.607517735236));
#7344 = CARTESIAN_POINT('',(89.2,114.16576735865,4.692124145426));
#7345 = CARTESIAN_POINT('',(89.2,116.29968574829,4.727151311937));
#7346 = CARTESIAN_POINT('',(89.2,118.45791727252,4.70551404089));
#7347 = CARTESIAN_POINT('',(89.2,120.63165910467,4.619779691027));
#7348 = CARTESIAN_POINT('',(89.2,122.81220386023,4.462040320486));
#7349 = CARTESIAN_POINT('',(89.2,127.10482083375,3.992614846008));
#7350 = CARTESIAN_POINT('',(89.2,129.22241215986,3.684620004536));
#7351 = CARTESIAN_POINT('',(89.2,131.33974881547,3.288317394344));
#7352 = CARTESIAN_POINT('',(89.2,133.45255896786,2.791739562054));
#7353 = CARTESIAN_POINT('',(89.2,135.55537114611,2.182612741983));
#7354 = CARTESIAN_POINT('',(89.2,137.64111531346,1.448842798444));
#7355 = CARTESIAN_POINT('',(89.2,139.70118666735,0.579308884101));
#7356 = CARTESIAN_POINT('',(89.2,143.57970091713,-1.363686029958));
#7357 = CARTESIAN_POINT('',(89.2,145.4007582337,-2.411864398708));
#7358 = CARTESIAN_POINT('',(89.2,147.17325061458,-3.580529702117));
#7359 = CARTESIAN_POINT('',(89.2,148.87953272254,-4.872178750954));
#7360 = CARTESIAN_POINT('',(89.2,150.50109180628,-6.290466681715));
#7361 = CARTESIAN_POINT('',(89.2,152.01659013696,-7.841269460281));
#7362 = CARTESIAN_POINT('',(89.2,153.39934332467,-9.531534489316));
#7363 = CARTESIAN_POINT('',(89.2,155.8426865047,-13.20654163641));
#7364 = CARTESIAN_POINT('',(89.2,156.89794516781,-15.18834308992));
#7365 = CARTESIAN_POINT('',(89.2,157.75343195974,-17.30687165149));
#7366 = CARTESIAN_POINT('',(89.2,158.37822539834,-19.55458475709));
#7367 = CARTESIAN_POINT('',(89.2,158.73735984172,-21.90994585262));
#7368 = CARTESIAN_POINT('',(89.2,158.81880178494,-24.33806193154));
#7369 = CARTESIAN_POINT('',(89.2,158.62105444959,-26.8196361441));
#7370 = CARTESIAN_POINT('',(89.2,158.14432040084,-29.34379895344));
#7371 = CARTESIAN_POINT('',(89.2,108.,-1.));
#7372 = CARTESIAN_POINT('',(89.2,109.91528484592,-0.836740160727));
#7373 = CARTESIAN_POINT('',(89.2,111.87496177308,-0.707622128757));
#7374 = CARTESIAN_POINT('',(89.2,113.86893690571,-0.618897834621));
#7375 = CARTESIAN_POINT('',(89.2,115.88711636808,-0.576819208847));
#7376 = CARTESIAN_POINT('',(89.2,117.91940628444,-0.587638181969));
#7377 = CARTESIAN_POINT('',(89.2,119.95571277904,-0.657606684514));
#7378 = CARTESIAN_POINT('',(89.2,121.98594197614,-0.792976647014));
#7379 = CARTESIAN_POINT('',(89.2,125.95416178816,-1.200866668623));
#7380 = CARTESIAN_POINT('',(89.2,127.89309993277,-1.469188286882));
#7381 = CARTESIAN_POINT('',(89.2,129.81311742871,-1.813970713013));
#7382 = CARTESIAN_POINT('',(89.2,131.71051727088,-2.244219805252));
#7383 = CARTESIAN_POINT('',(89.2,133.5816024542,-2.768941421835));
#7384 = CARTESIAN_POINT('',(89.2,135.42267597355,-3.397141420997));
#7385 = CARTESIAN_POINT('',(89.2,137.23004082385,-4.137825660973));
#7386 = CARTESIAN_POINT('',(89.2,140.62043051501,-5.789336628242));
#7387 = CARTESIAN_POINT('',(89.2,142.20950855625,-6.680503132037));
#7388 = CARTESIAN_POINT('',(89.2,143.74784885846,-7.670536483859));
#7389 = CARTESIAN_POINT('',(89.2,145.21606615638,-8.756473656184));
#7390 = CARTESIAN_POINT('',(89.2,146.59477518475,-9.935351621485));
#7391 = CARTESIAN_POINT('',(89.2,147.86459067832,-11.20420735223));
#7392 = CARTESIAN_POINT('',(89.2,149.00612737182,-12.56007782091));
#7393 = CARTESIAN_POINT('',(89.2,151.00122567018,-15.45057526275));
#7394 = CARTESIAN_POINT('',(89.2,151.85259424438,-16.98645052864));
#7395 = CARTESIAN_POINT('',(89.2,152.53957346054,-18.60775075856));
#7396 = CARTESIAN_POINT('',(89.2,153.04763105666,-20.3146009134));
#7397 = CARTESIAN_POINT('',(89.2,153.36223477069,-22.10712595407));
#7398 = CARTESIAN_POINT('',(89.2,153.46885234061,-23.98545084146));
#7399 = CARTESIAN_POINT('',(89.2,153.35295150439,-25.94970053647));
#7400 = CARTESIAN_POINT('',(89.2,153.,-28.));
#7401 = ADVANCED_FACE('',(#7402),#7407,.T.);
#7402 = FACE_BOUND('',#7403,.F.);
#7403 = EDGE_LOOP('',(#7404,#7405,#7406));
#7404 = ORIENTED_EDGE('',*,*,#7035,.F.);
#7405 = ORIENTED_EDGE('',*,*,#6950,.T.);
#7406 = ORIENTED_EDGE('',*,*,#6994,.F.);
#7407 = SPHERICAL_SURFACE('',#7408,2.);
#7408 = AXIS2_PLACEMENT_3D('',#7409,#7410,#7411);
#7409 = CARTESIAN_POINT('',(90.,22.,-10.));
#7410 = DIRECTION('',(0.,0.,1.));
#7411 = DIRECTION('',(1.,0.,0.));
#7412 = ADVANCED_FACE('',(#7413),#7418,.T.);
#7413 = FACE_BOUND('',#7414,.T.);
#7414 = EDGE_LOOP('',(#7415,#7416,#7417));
#7415 = ORIENTED_EDGE('',*,*,#7084,.F.);
#7416 = ORIENTED_EDGE('',*,*,#6968,.T.);
#7417 = ORIENTED_EDGE('',*,*,#7002,.F.);
#7418 = SPHERICAL_SURFACE('',#7419,2.);
#7419 = AXIS2_PLACEMENT_3D('',#7420,#7421,#7422);
#7420 = CARTESIAN_POINT('',(90.,22.,10.));
#7421 = DIRECTION('',(-0.,-0.,-1.));
#7422 = DIRECTION('',(1.,0.,0.));
#7423 = ADVANCED_FACE('',(#7424),#7430,.T.);
#7424 = FACE_BOUND('',#7425,.T.);
#7425 = EDGE_LOOP('',(#7426,#7427,#7428,#7429));
#7426 = ORIENTED_EDGE('',*,*,#6984,.F.);
#7427 = ORIENTED_EDGE('',*,*,#7052,.T.);
#7428 = ORIENTED_EDGE('',*,*,#7115,.T.);
#7429 = ORIENTED_EDGE('',*,*,#7101,.F.);
#7430 = PLANE('',#7431);
#7431 = AXIS2_PLACEMENT_3D('',#7432,#7433,#7434);
#7432 = CARTESIAN_POINT('',(92.,20.,-12.));
#7433 = DIRECTION('',(1.,0.,0.));
#7434 = DIRECTION('',(0.,0.,1.));
#7435 = ADVANCED_FACE('',(#7436),#7441,.T.);
#7436 = FACE_BOUND('',#7437,.T.);
#7437 = EDGE_LOOP('',(#7438,#7439,#7440));
#7438 = ORIENTED_EDGE('',*,*,#7043,.F.);
#7439 = ORIENTED_EDGE('',*,*,#7019,.T.);
#7440 = ORIENTED_EDGE('',*,*,#7121,.F.);
#7441 = SPHERICAL_SURFACE('',#7442,2.);
#7442 = AXIS2_PLACEMENT_3D('',#7443,#7444,#7445);
#7443 = CARTESIAN_POINT('',(90.,118.,-10.));
#7444 = DIRECTION('',(0.,0.,1.));
#7445 = DIRECTION('',(1.,0.,0.));
#7446 = ADVANCED_FACE('',(#7447),#7452,.T.);
#7447 = FACE_BOUND('',#7448,.T.);
#7448 = EDGE_LOOP('',(#7449,#7450,#7451));
#7449 = ORIENTED_EDGE('',*,*,#7129,.F.);
#7450 = ORIENTED_EDGE('',*,*,#7068,.T.);
#7451 = ORIENTED_EDGE('',*,*,#7092,.F.);
#7452 = SPHERICAL_SURFACE('',#7453,2.);
#7453 = AXIS2_PLACEMENT_3D('',#7454,#7455,#7456);
#7454 = CARTESIAN_POINT('',(90.,118.,10.));
#7455 = DIRECTION('',(0.,-1.,0.));
#7456 = DIRECTION('',(1.,0.,0.));
#7457 = ADVANCED_FACE('',(#7458),#7461,.T.);
#7458 = FACE_BOUND('',#7459,.T.);
#7459 = EDGE_LOOP('',(#7460));
#7460 = ORIENTED_EDGE('',*,*,#7180,.T.);
#7461 = PLANE('',#7462);
#7462 = AXIS2_PLACEMENT_3D('',#7463,#7464,#7465);
#7463 = CARTESIAN_POINT('',(86.000506954352,153.,-28.));
#7464 = DIRECTION('',(-2.066051865344E-15,-0.252739263355,-0.96753442562
    ));
#7465 = DIRECTION('',(0.,-0.96753442562,0.252739263355));
#7466 = MANIFOLD_SOLID_BREP('',#7467);
#7467 = CLOSED_SHELL('',(#7468,#7508,#7557,#7590,#7623,#7656,#7673,#7690
    ,#7722,#7756,#7781,#7812,#7829,#7860,#7877,#7908,#7926,#7944,#7979,
    #7997,#8028,#8046,#8077,#8106,#8117,#8128,#8140,#8151));
#7468 = ADVANCED_FACE('',(#7469),#7503,.F.);
#7469 = FACE_BOUND('',#7470,.F.);
#7470 = EDGE_LOOP('',(#7471,#7481,#7489,#7497));
#7471 = ORIENTED_EDGE('',*,*,#7472,.F.);
#7472 = EDGE_CURVE('',#7473,#7475,#7477,.T.);
#7473 = VERTEX_POINT('',#7474);
#7474 = CARTESIAN_POINT('',(80.,2.2,1.2));
#7475 = VERTEX_POINT('',#7476);
#7476 = CARTESIAN_POINT('',(80.,2.2,18.8));
#7477 = LINE('',#7478,#7479);
#7478 = CARTESIAN_POINT('',(80.,2.2,0.));
#7479 = VECTOR('',#7480,1.);
#7480 = DIRECTION('',(0.,0.,1.));
#7481 = ORIENTED_EDGE('',*,*,#7482,.T.);
#7482 = EDGE_CURVE('',#7473,#7483,#7485,.T.);
#7483 = VERTEX_POINT('',#7484);
#7484 = CARTESIAN_POINT('',(80.,17.8,1.2));
#7485 = LINE('',#7486,#7487);
#7486 = CARTESIAN_POINT('',(80.,1.,1.2));
#7487 = VECTOR('',#7488,1.);
#7488 = DIRECTION('',(0.,1.,0.));
#7489 = ORIENTED_EDGE('',*,*,#7490,.T.);
#7490 = EDGE_CURVE('',#7483,#7491,#7493,.T.);
#7491 = VERTEX_POINT('',#7492);
#7492 = CARTESIAN_POINT('',(80.,17.8,18.8));
#7493 = LINE('',#7494,#7495);
#7494 = CARTESIAN_POINT('',(80.,17.8,0.));
#7495 = VECTOR('',#7496,1.);
#7496 = DIRECTION('',(0.,0.,1.));
#7497 = ORIENTED_EDGE('',*,*,#7498,.F.);
#7498 = EDGE_CURVE('',#7475,#7491,#7499,.T.);
#7499 = LINE('',#7500,#7501);
#7500 = CARTESIAN_POINT('',(80.,1.,18.8));
#7501 = VECTOR('',#7502,1.);
#7502 = DIRECTION('',(0.,1.,0.));
#7503 = PLANE('',#7504);
#7504 = AXIS2_PLACEMENT_3D('',#7505,#7506,#7507);
#7505 = CARTESIAN_POINT('',(80.,1.,0.));
#7506 = DIRECTION('',(1.,0.,0.));
#7507 = DIRECTION('',(0.,0.,1.));
#7508 = ADVANCED_FACE('',(#7509),#7552,.T.);
#7509 = FACE_BOUND('',#7510,.T.);
#7510 = EDGE_LOOP('',(#7511,#7512,#7521,#7529,#7537,#7545));
#7511 = ORIENTED_EDGE('',*,*,#7472,.F.);
#7512 = ORIENTED_EDGE('',*,*,#7513,.T.);
#7513 = EDGE_CURVE('',#7473,#7514,#7516,.T.);
#7514 = VERTEX_POINT('',#7515);
#7515 = CARTESIAN_POINT('',(81.2,1.,1.2));
#7516 = CIRCLE('',#7517,1.2);
#7517 = AXIS2_PLACEMENT_3D('',#7518,#7519,#7520);
#7518 = CARTESIAN_POINT('',(81.2,2.2,1.2));
#7519 = DIRECTION('',(0.,0.,1.));
#7520 = DIRECTION('',(-1.,0.,0.));
#7521 = ORIENTED_EDGE('',*,*,#7522,.T.);
#7522 = EDGE_CURVE('',#7514,#7523,#7525,.T.);
#7523 = VERTEX_POINT('',#7524);
#7524 = CARTESIAN_POINT('',(81.2,1.,7.31485568358));
#7525 = LINE('',#7526,#7527);
#7526 = CARTESIAN_POINT('',(81.2,1.,0.));
#7527 = VECTOR('',#7528,1.);
#7528 = DIRECTION('',(0.,0.,1.));
#7529 = ORIENTED_EDGE('',*,*,#7530,.T.);
#7530 = EDGE_CURVE('',#7523,#7531,#7533,.T.);
#7531 = VERTEX_POINT('',#7532);
#7532 = CARTESIAN_POINT('',(81.2,1.,12.68514431642));
#7533 = LINE('',#7534,#7535);
#7534 = CARTESIAN_POINT('',(81.2,1.,0.));
#7535 = VECTOR('',#7536,1.);
#7536 = DIRECTION('',(0.,0.,1.));
#7537 = ORIENTED_EDGE('',*,*,#7538,.T.);
#7538 = EDGE_CURVE('',#7531,#7539,#7541,.T.);
#7539 = VERTEX_POINT('',#7540);
#7540 = CARTESIAN_POINT('',(81.2,1.,18.8));
#7541 = LINE('',#7542,#7543);
#7542 = CARTESIAN_POINT('',(81.2,1.,0.));
#7543 = VECTOR('',#7544,1.);
#7544 = DIRECTION('',(0.,0.,1.));
#7545 = ORIENTED_EDGE('',*,*,#7546,.F.);
#7546 = EDGE_CURVE('',#7475,#7539,#7547,.T.);
#7547 = CIRCLE('',#7548,1.2);
#7548 = AXIS2_PLACEMENT_3D('',#7549,#7550,#7551);
#7549 = CARTESIAN_POINT('',(81.2,2.2,18.8));
#7550 = DIRECTION('',(0.,0.,1.));
#7551 = DIRECTION('',(-1.,0.,0.));
#7552 = CYLINDRICAL_SURFACE('',#7553,1.2);
#7553 = AXIS2_PLACEMENT_3D('',#7554,#7555,#7556);
#7554 = CARTESIAN_POINT('',(81.2,2.2,0.));
#7555 = DIRECTION('',(0.,0.,1.));
#7556 = DIRECTION('',(-1.,0.,0.));
#7557 = ADVANCED_FACE('',(#7558),#7585,.T.);
#7558 = FACE_BOUND('',#7559,.F.);
#7559 = EDGE_LOOP('',(#7560,#7569,#7577,#7584));
#7560 = ORIENTED_EDGE('',*,*,#7561,.F.);
#7561 = EDGE_CURVE('',#7562,#7473,#7564,.T.);
#7562 = VERTEX_POINT('',#7563);
#7563 = CARTESIAN_POINT('',(81.2,2.2,0.));
#7564 = CIRCLE('',#7565,1.2);
#7565 = AXIS2_PLACEMENT_3D('',#7566,#7567,#7568);
#7566 = CARTESIAN_POINT('',(81.2,2.2,1.2));
#7567 = DIRECTION('',(0.,1.,-0.));
#7568 = DIRECTION('',(-1.,0.,0.));
#7569 = ORIENTED_EDGE('',*,*,#7570,.T.);
#7570 = EDGE_CURVE('',#7562,#7571,#7573,.T.);
#7571 = VERTEX_POINT('',#7572);
#7572 = CARTESIAN_POINT('',(81.2,17.8,0.));
#7573 = LINE('',#7574,#7575);
#7574 = CARTESIAN_POINT('',(81.2,1.,-2.22044604925E-16));
#7575 = VECTOR('',#7576,1.);
#7576 = DIRECTION('',(0.,1.,0.));
#7577 = ORIENTED_EDGE('',*,*,#7578,.T.);
#7578 = EDGE_CURVE('',#7571,#7483,#7579,.T.);
#7579 = CIRCLE('',#7580,1.2);
#7580 = AXIS2_PLACEMENT_3D('',#7581,#7582,#7583);
#7581 = CARTESIAN_POINT('',(81.2,17.8,1.2));
#7582 = DIRECTION('',(0.,1.,-0.));
#7583 = DIRECTION('',(-1.,0.,0.));
#7584 = ORIENTED_EDGE('',*,*,#7482,.F.);
#7585 = CYLINDRICAL_SURFACE('',#7586,1.2);
#7586 = AXIS2_PLACEMENT_3D('',#7587,#7588,#7589);
#7587 = CARTESIAN_POINT('',(81.2,1.,1.2));
#7588 = DIRECTION('',(0.,1.,0.));
#7589 = DIRECTION('',(-1.,0.,0.));
#7590 = ADVANCED_FACE('',(#7591),#7618,.T.);
#7591 = FACE_BOUND('',#7592,.T.);
#7592 = EDGE_LOOP('',(#7593,#7602,#7610,#7617));
#7593 = ORIENTED_EDGE('',*,*,#7594,.F.);
#7594 = EDGE_CURVE('',#7595,#7475,#7597,.T.);
#7595 = VERTEX_POINT('',#7596);
#7596 = CARTESIAN_POINT('',(81.2,2.2,20.));
#7597 = CIRCLE('',#7598,1.2);
#7598 = AXIS2_PLACEMENT_3D('',#7599,#7600,#7601);
#7599 = CARTESIAN_POINT('',(81.2,2.2,18.8));
#7600 = DIRECTION('',(0.,-1.,0.));
#7601 = DIRECTION('',(-1.,0.,0.));
#7602 = ORIENTED_EDGE('',*,*,#7603,.T.);
#7603 = EDGE_CURVE('',#7595,#7604,#7606,.T.);
#7604 = VERTEX_POINT('',#7605);
#7605 = CARTESIAN_POINT('',(81.2,17.8,20.));
#7606 = LINE('',#7607,#7608);
#7607 = CARTESIAN_POINT('',(81.2,1.,20.));
#7608 = VECTOR('',#7609,1.);
#7609 = DIRECTION('',(0.,1.,0.));
#7610 = ORIENTED_EDGE('',*,*,#7611,.F.);
#7611 = EDGE_CURVE('',#7491,#7604,#7612,.T.);
#7612 = CIRCLE('',#7613,1.2);
#7613 = AXIS2_PLACEMENT_3D('',#7614,#7615,#7616);
#7614 = CARTESIAN_POINT('',(81.2,17.8,18.8));
#7615 = DIRECTION('',(0.,1.,-0.));
#7616 = DIRECTION('',(-1.,0.,0.));
#7617 = ORIENTED_EDGE('',*,*,#7498,.F.);
#7618 = CYLINDRICAL_SURFACE('',#7619,1.2);
#7619 = AXIS2_PLACEMENT_3D('',#7620,#7621,#7622);
#7620 = CARTESIAN_POINT('',(81.2,1.,18.8));
#7621 = DIRECTION('',(0.,1.,0.));
#7622 = DIRECTION('',(-1.,0.,0.));
#7623 = ADVANCED_FACE('',(#7624),#7651,.T.);
#7624 = FACE_BOUND('',#7625,.F.);
#7625 = EDGE_LOOP('',(#7626,#7627,#7636,#7644));
#7626 = ORIENTED_EDGE('',*,*,#7490,.F.);
#7627 = ORIENTED_EDGE('',*,*,#7628,.T.);
#7628 = EDGE_CURVE('',#7483,#7629,#7631,.T.);
#7629 = VERTEX_POINT('',#7630);
#7630 = CARTESIAN_POINT('',(81.2,19.,1.2));
#7631 = CIRCLE('',#7632,1.2);
#7632 = AXIS2_PLACEMENT_3D('',#7633,#7634,#7635);
#7633 = CARTESIAN_POINT('',(81.2,17.8,1.2));
#7634 = DIRECTION('',(0.,0.,-1.));
#7635 = DIRECTION('',(-1.,0.,0.));
#7636 = ORIENTED_EDGE('',*,*,#7637,.T.);
#7637 = EDGE_CURVE('',#7629,#7638,#7640,.T.);
#7638 = VERTEX_POINT('',#7639);
#7639 = CARTESIAN_POINT('',(81.2,19.,18.8));
#7640 = LINE('',#7641,#7642);
#7641 = CARTESIAN_POINT('',(81.2,19.,0.));
#7642 = VECTOR('',#7643,1.);
#7643 = DIRECTION('',(0.,0.,1.));
#7644 = ORIENTED_EDGE('',*,*,#7645,.T.);
#7645 = EDGE_CURVE('',#7638,#7491,#7646,.T.);
#7646 = CIRCLE('',#7647,1.2);
#7647 = AXIS2_PLACEMENT_3D('',#7648,#7649,#7650);
#7648 = CARTESIAN_POINT('',(81.2,17.8,18.8));
#7649 = DIRECTION('',(0.,0.,1.));
#7650 = DIRECTION('',(-1.,0.,0.));
#7651 = CYLINDRICAL_SURFACE('',#7652,1.2);
#7652 = AXIS2_PLACEMENT_3D('',#7653,#7654,#7655);
#7653 = CARTESIAN_POINT('',(81.2,17.8,0.));
#7654 = DIRECTION('',(0.,0.,1.));
#7655 = DIRECTION('',(-1.,0.,0.));
#7656 = ADVANCED_FACE('',(#7657),#7668,.T.);
#7657 = FACE_BOUND('',#7658,.T.);
#7658 = EDGE_LOOP('',(#7659,#7660,#7667));
#7659 = ORIENTED_EDGE('',*,*,#7561,.F.);
#7660 = ORIENTED_EDGE('',*,*,#7661,.T.);
#7661 = EDGE_CURVE('',#7562,#7514,#7662,.T.);
#7662 = CIRCLE('',#7663,1.2);
#7663 = AXIS2_PLACEMENT_3D('',#7664,#7665,#7666);
#7664 = CARTESIAN_POINT('',(81.2,2.2,1.2));
#7665 = DIRECTION('',(-1.,6.123233995737E-17,0.));
#7666 = DIRECTION('',(-6.123233995737E-17,-1.,0.));
#7667 = ORIENTED_EDGE('',*,*,#7513,.F.);
#7668 = SPHERICAL_SURFACE('',#7669,1.2);
#7669 = AXIS2_PLACEMENT_3D('',#7670,#7671,#7672);
#7670 = CARTESIAN_POINT('',(81.2,2.2,1.2));
#7671 = DIRECTION('',(0.,0.,1.));
#7672 = DIRECTION('',(-1.,0.,0.));
#7673 = ADVANCED_FACE('',(#7674),#7685,.T.);
#7674 = FACE_BOUND('',#7675,.F.);
#7675 = EDGE_LOOP('',(#7676,#7677,#7684));
#7676 = ORIENTED_EDGE('',*,*,#7594,.F.);
#7677 = ORIENTED_EDGE('',*,*,#7678,.T.);
#7678 = EDGE_CURVE('',#7595,#7539,#7679,.T.);
#7679 = CIRCLE('',#7680,1.2);
#7680 = AXIS2_PLACEMENT_3D('',#7681,#7682,#7683);
#7681 = CARTESIAN_POINT('',(81.2,2.2,18.8));
#7682 = DIRECTION('',(1.,-6.123233995737E-17,0.));
#7683 = DIRECTION('',(-6.123233995737E-17,-1.,0.));
#7684 = ORIENTED_EDGE('',*,*,#7546,.F.);
#7685 = SPHERICAL_SURFACE('',#7686,1.2);
#7686 = AXIS2_PLACEMENT_3D('',#7687,#7688,#7689);
#7687 = CARTESIAN_POINT('',(81.2,2.2,18.8));
#7688 = DIRECTION('',(-0.,-0.,-1.));
#7689 = DIRECTION('',(-1.,0.,0.));
#7690 = ADVANCED_FACE('',(#7691),#7717,.F.);
#7691 = FACE_BOUND('',#7692,.F.);
#7692 = EDGE_LOOP('',(#7693,#7701,#7702,#7711));
#7693 = ORIENTED_EDGE('',*,*,#7694,.F.);
#7694 = EDGE_CURVE('',#7514,#7695,#7697,.T.);
#7695 = VERTEX_POINT('',#7696);
#7696 = CARTESIAN_POINT('',(90.8,1.,1.2));
#7697 = LINE('',#7698,#7699);
#7698 = CARTESIAN_POINT('',(80.,1.,1.2));
#7699 = VECTOR('',#7700,1.);
#7700 = DIRECTION('',(1.,0.,0.));
#7701 = ORIENTED_EDGE('',*,*,#7522,.T.);
#7702 = ORIENTED_EDGE('',*,*,#7703,.F.);
#7703 = EDGE_CURVE('',#7704,#7523,#7706,.T.);
#7704 = VERTEX_POINT('',#7705);
#7705 = CARTESIAN_POINT('',(90.8,1.,7.31485568358));
#7706 = CIRCLE('',#7707,5.5);
#7707 = AXIS2_PLACEMENT_3D('',#7708,#7709,#7710);
#7708 = CARTESIAN_POINT('',(86.,1.,10.));
#7709 = DIRECTION('',(0.,1.,0.));
#7710 = DIRECTION('',(0.,0.,1.));
#7711 = ORIENTED_EDGE('',*,*,#7712,.F.);
#7712 = EDGE_CURVE('',#7695,#7704,#7713,.T.);
#7713 = LINE('',#7714,#7715);
#7714 = CARTESIAN_POINT('',(90.8,1.,0.));
#7715 = VECTOR('',#7716,1.);
#7716 = DIRECTION('',(0.,0.,1.));
#7717 = PLANE('',#7718);
#7718 = AXIS2_PLACEMENT_3D('',#7719,#7720,#7721);
#7719 = CARTESIAN_POINT('',(80.,1.,0.));
#7720 = DIRECTION('',(0.,1.,0.));
#7721 = DIRECTION('',(0.,0.,1.));
#7722 = ADVANCED_FACE('',(#7723),#7751,.F.);
#7723 = FACE_BOUND('',#7724,.F.);
#7724 = EDGE_LOOP('',(#7725,#7726,#7727,#7736,#7745));
#7725 = ORIENTED_EDGE('',*,*,#7703,.T.);
#7726 = ORIENTED_EDGE('',*,*,#7530,.T.);
#7727 = ORIENTED_EDGE('',*,*,#7728,.T.);
#7728 = EDGE_CURVE('',#7531,#7729,#7731,.T.);
#7729 = VERTEX_POINT('',#7730);
#7730 = CARTESIAN_POINT('',(86.,1.,15.5));
#7731 = CIRCLE('',#7732,5.5);
#7732 = AXIS2_PLACEMENT_3D('',#7733,#7734,#7735);
#7733 = CARTESIAN_POINT('',(86.,1.,10.));
#7734 = DIRECTION('',(0.,1.,0.));
#7735 = DIRECTION('',(0.,0.,1.));
#7736 = ORIENTED_EDGE('',*,*,#7737,.T.);
#7737 = EDGE_CURVE('',#7729,#7738,#7740,.T.);
#7738 = VERTEX_POINT('',#7739);
#7739 = CARTESIAN_POINT('',(90.8,1.,12.68514431642));
#7740 = CIRCLE('',#7741,5.5);
#7741 = AXIS2_PLACEMENT_3D('',#7742,#7743,#7744);
#7742 = CARTESIAN_POINT('',(86.,1.,10.));
#7743 = DIRECTION('',(0.,1.,0.));
#7744 = DIRECTION('',(0.,0.,1.));
#7745 = ORIENTED_EDGE('',*,*,#7746,.F.);
#7746 = EDGE_CURVE('',#7704,#7738,#7747,.T.);
#7747 = LINE('',#7748,#7749);
#7748 = CARTESIAN_POINT('',(90.8,1.,0.));
#7749 = VECTOR('',#7750,1.);
#7750 = DIRECTION('',(0.,0.,1.));
#7751 = PLANE('',#7752);
#7752 = AXIS2_PLACEMENT_3D('',#7753,#7754,#7755);
#7753 = CARTESIAN_POINT('',(80.,1.,0.));
#7754 = DIRECTION('',(0.,1.,0.));
#7755 = DIRECTION('',(0.,0.,1.));
#7756 = ADVANCED_FACE('',(#7757),#7776,.F.);
#7757 = FACE_BOUND('',#7758,.F.);
#7758 = EDGE_LOOP('',(#7759,#7760,#7761,#7769,#7775));
#7759 = ORIENTED_EDGE('',*,*,#7728,.F.);
#7760 = ORIENTED_EDGE('',*,*,#7538,.T.);
#7761 = ORIENTED_EDGE('',*,*,#7762,.T.);
#7762 = EDGE_CURVE('',#7539,#7763,#7765,.T.);
#7763 = VERTEX_POINT('',#7764);
#7764 = CARTESIAN_POINT('',(90.8,1.,18.8));
#7765 = LINE('',#7766,#7767);
#7766 = CARTESIAN_POINT('',(80.,1.,18.8));
#7767 = VECTOR('',#7768,1.);
#7768 = DIRECTION('',(1.,0.,0.));
#7769 = ORIENTED_EDGE('',*,*,#7770,.F.);
#7770 = EDGE_CURVE('',#7738,#7763,#7771,.T.);
#7771 = LINE('',#7772,#7773);
#7772 = CARTESIAN_POINT('',(90.8,1.,0.));
#7773 = VECTOR('',#7774,1.);
#7774 = DIRECTION('',(0.,0.,1.));
#7775 = ORIENTED_EDGE('',*,*,#7737,.F.);
#7776 = PLANE('',#7777);
#7777 = AXIS2_PLACEMENT_3D('',#7778,#7779,#7780);
#7778 = CARTESIAN_POINT('',(80.,1.,0.));
#7779 = DIRECTION('',(0.,1.,0.));
#7780 = DIRECTION('',(0.,0.,1.));
#7781 = ADVANCED_FACE('',(#7782),#7807,.F.);
#7782 = FACE_BOUND('',#7783,.F.);
#7783 = EDGE_LOOP('',(#7784,#7785,#7793,#7801));
#7784 = ORIENTED_EDGE('',*,*,#7570,.F.);
#7785 = ORIENTED_EDGE('',*,*,#7786,.T.);
#7786 = EDGE_CURVE('',#7562,#7787,#7789,.T.);
#7787 = VERTEX_POINT('',#7788);
#7788 = CARTESIAN_POINT('',(90.8,2.2,0.));
#7789 = LINE('',#7790,#7791);
#7790 = CARTESIAN_POINT('',(80.,2.2,-2.22044604925E-16));
#7791 = VECTOR('',#7792,1.);
#7792 = DIRECTION('',(1.,0.,0.));
#7793 = ORIENTED_EDGE('',*,*,#7794,.T.);
#7794 = EDGE_CURVE('',#7787,#7795,#7797,.T.);
#7795 = VERTEX_POINT('',#7796);
#7796 = CARTESIAN_POINT('',(90.8,17.8,0.));
#7797 = LINE('',#7798,#7799);
#7798 = CARTESIAN_POINT('',(90.8,1.,-2.22044604925E-16));
#7799 = VECTOR('',#7800,1.);
#7800 = DIRECTION('',(0.,1.,0.));
#7801 = ORIENTED_EDGE('',*,*,#7802,.F.);
#7802 = EDGE_CURVE('',#7571,#7795,#7803,.T.);
#7803 = LINE('',#7804,#7805);
#7804 = CARTESIAN_POINT('',(80.,17.8,-2.22044604925E-16));
#7805 = VECTOR('',#7806,1.);
#7806 = DIRECTION('',(1.,0.,0.));
#7807 = PLANE('',#7808);
#7808 = AXIS2_PLACEMENT_3D('',#7809,#7810,#7811);
#7809 = CARTESIAN_POINT('',(80.,1.,0.));
#7810 = DIRECTION('',(0.,0.,1.));
#7811 = DIRECTION('',(1.,0.,0.));
#7812 = ADVANCED_FACE('',(#7813),#7824,.T.);
#7813 = FACE_BOUND('',#7814,.F.);
#7814 = EDGE_LOOP('',(#7815,#7816,#7823));
#7815 = ORIENTED_EDGE('',*,*,#7578,.F.);
#7816 = ORIENTED_EDGE('',*,*,#7817,.T.);
#7817 = EDGE_CURVE('',#7571,#7629,#7818,.T.);
#7818 = CIRCLE('',#7819,1.2);
#7819 = AXIS2_PLACEMENT_3D('',#7820,#7821,#7822);
#7820 = CARTESIAN_POINT('',(81.2,17.8,1.2));
#7821 = DIRECTION('',(1.,6.123233995737E-17,-0.));
#7822 = DIRECTION('',(-6.123233995737E-17,1.,0.));
#7823 = ORIENTED_EDGE('',*,*,#7628,.F.);
#7824 = SPHERICAL_SURFACE('',#7825,1.2);
#7825 = AXIS2_PLACEMENT_3D('',#7826,#7827,#7828);
#7826 = CARTESIAN_POINT('',(81.2,17.8,1.2));
#7827 = DIRECTION('',(0.,0.,1.));
#7828 = DIRECTION('',(-1.,0.,0.));
#7829 = ADVANCED_FACE('',(#7830),#7855,.T.);
#7830 = FACE_BOUND('',#7831,.T.);
#7831 = EDGE_LOOP('',(#7832,#7833,#7841,#7849));
#7832 = ORIENTED_EDGE('',*,*,#7603,.F.);
#7833 = ORIENTED_EDGE('',*,*,#7834,.T.);
#7834 = EDGE_CURVE('',#7595,#7835,#7837,.T.);
#7835 = VERTEX_POINT('',#7836);
#7836 = CARTESIAN_POINT('',(90.8,2.2,20.));
#7837 = LINE('',#7838,#7839);
#7838 = CARTESIAN_POINT('',(80.,2.2,20.));
#7839 = VECTOR('',#7840,1.);
#7840 = DIRECTION('',(1.,0.,0.));
#7841 = ORIENTED_EDGE('',*,*,#7842,.T.);
#7842 = EDGE_CURVE('',#7835,#7843,#7845,.T.);
#7843 = VERTEX_POINT('',#7844);
#7844 = CARTESIAN_POINT('',(90.8,17.8,20.));
#7845 = LINE('',#7846,#7847);
#7846 = CARTESIAN_POINT('',(90.8,1.,20.));
#7847 = VECTOR('',#7848,1.);
#7848 = DIRECTION('',(0.,1.,0.));
#7849 = ORIENTED_EDGE('',*,*,#7850,.F.);
#7850 = EDGE_CURVE('',#7604,#7843,#7851,.T.);
#7851 = LINE('',#7852,#7853);
#7852 = CARTESIAN_POINT('',(80.,17.8,20.));
#7853 = VECTOR('',#7854,1.);
#7854 = DIRECTION('',(1.,0.,0.));
#7855 = PLANE('',#7856);
#7856 = AXIS2_PLACEMENT_3D('',#7857,#7858,#7859);
#7857 = CARTESIAN_POINT('',(80.,1.,20.));
#7858 = DIRECTION('',(0.,0.,1.));
#7859 = DIRECTION('',(1.,0.,0.));
#7860 = ADVANCED_FACE('',(#7861),#7872,.T.);
#7861 = FACE_BOUND('',#7862,.F.);
#7862 = EDGE_LOOP('',(#7863,#7864,#7871));
#7863 = ORIENTED_EDGE('',*,*,#7645,.F.);
#7864 = ORIENTED_EDGE('',*,*,#7865,.T.);
#7865 = EDGE_CURVE('',#7638,#7604,#7866,.T.);
#7866 = CIRCLE('',#7867,1.2);
#7867 = AXIS2_PLACEMENT_3D('',#7868,#7869,#7870);
#7868 = CARTESIAN_POINT('',(81.2,17.8,18.8));
#7869 = DIRECTION('',(1.,0.,6.123233995737E-17));
#7870 = DIRECTION('',(-6.123233995737E-17,0.,1.));
#7871 = ORIENTED_EDGE('',*,*,#7611,.F.);
#7872 = SPHERICAL_SURFACE('',#7873,1.2);
#7873 = AXIS2_PLACEMENT_3D('',#7874,#7875,#7876);
#7874 = CARTESIAN_POINT('',(81.2,17.8,18.8));
#7875 = DIRECTION('',(0.,-1.,0.));
#7876 = DIRECTION('',(-1.,0.,0.));
#7877 = ADVANCED_FACE('',(#7878),#7903,.T.);
#7878 = FACE_BOUND('',#7879,.T.);
#7879 = EDGE_LOOP('',(#7880,#7881,#7889,#7897));
#7880 = ORIENTED_EDGE('',*,*,#7637,.T.);
#7881 = ORIENTED_EDGE('',*,*,#7882,.T.);
#7882 = EDGE_CURVE('',#7638,#7883,#7885,.T.);
#7883 = VERTEX_POINT('',#7884);
#7884 = CARTESIAN_POINT('',(90.8,19.,18.8));
#7885 = LINE('',#7886,#7887);
#7886 = CARTESIAN_POINT('',(80.,19.,18.8));
#7887 = VECTOR('',#7888,1.);
#7888 = DIRECTION('',(1.,0.,0.));
#7889 = ORIENTED_EDGE('',*,*,#7890,.F.);
#7890 = EDGE_CURVE('',#7891,#7883,#7893,.T.);
#7891 = VERTEX_POINT('',#7892);
#7892 = CARTESIAN_POINT('',(90.8,19.,1.2));
#7893 = LINE('',#7894,#7895);
#7894 = CARTESIAN_POINT('',(90.8,19.,0.));
#7895 = VECTOR('',#7896,1.);
#7896 = DIRECTION('',(0.,0.,1.));
#7897 = ORIENTED_EDGE('',*,*,#7898,.F.);
#7898 = EDGE_CURVE('',#7629,#7891,#7899,.T.);
#7899 = LINE('',#7900,#7901);
#7900 = CARTESIAN_POINT('',(80.,19.,1.2));
#7901 = VECTOR('',#7902,1.);
#7902 = DIRECTION('',(1.,0.,0.));
#7903 = PLANE('',#7904);
#7904 = AXIS2_PLACEMENT_3D('',#7905,#7906,#7907);
#7905 = CARTESIAN_POINT('',(80.,19.,0.));
#7906 = DIRECTION('',(0.,1.,0.));
#7907 = DIRECTION('',(0.,0.,1.));
#7908 = ADVANCED_FACE('',(#7909),#7921,.T.);
#7909 = FACE_BOUND('',#7910,.T.);
#7910 = EDGE_LOOP('',(#7911,#7912,#7913,#7920));
#7911 = ORIENTED_EDGE('',*,*,#7661,.F.);
#7912 = ORIENTED_EDGE('',*,*,#7786,.T.);
#7913 = ORIENTED_EDGE('',*,*,#7914,.T.);
#7914 = EDGE_CURVE('',#7787,#7695,#7915,.T.);
#7915 = CIRCLE('',#7916,1.2);
#7916 = AXIS2_PLACEMENT_3D('',#7917,#7918,#7919);
#7917 = CARTESIAN_POINT('',(90.8,2.2,1.2));
#7918 = DIRECTION('',(-1.,-6.123233995737E-17,0.));
#7919 = DIRECTION('',(6.123233995737E-17,-1.,0.));
#7920 = ORIENTED_EDGE('',*,*,#7694,.F.);
#7921 = CYLINDRICAL_SURFACE('',#7922,1.2);
#7922 = AXIS2_PLACEMENT_3D('',#7923,#7924,#7925);
#7923 = CARTESIAN_POINT('',(80.,2.2,1.2));
#7924 = DIRECTION('',(1.,0.,0.));
#7925 = DIRECTION('',(0.,-1.,0.));
#7926 = ADVANCED_FACE('',(#7927),#7939,.T.);
#7927 = FACE_BOUND('',#7928,.F.);
#7928 = EDGE_LOOP('',(#7929,#7930,#7931,#7938));
#7929 = ORIENTED_EDGE('',*,*,#7678,.F.);
#7930 = ORIENTED_EDGE('',*,*,#7834,.T.);
#7931 = ORIENTED_EDGE('',*,*,#7932,.T.);
#7932 = EDGE_CURVE('',#7835,#7763,#7933,.T.);
#7933 = CIRCLE('',#7934,1.2);
#7934 = AXIS2_PLACEMENT_3D('',#7935,#7936,#7937);
#7935 = CARTESIAN_POINT('',(90.8,2.2,18.8));
#7936 = DIRECTION('',(1.,6.123233995737E-17,0.));
#7937 = DIRECTION('',(6.123233995737E-17,-1.,0.));
#7938 = ORIENTED_EDGE('',*,*,#7762,.F.);
#7939 = CYLINDRICAL_SURFACE('',#7940,1.2);
#7940 = AXIS2_PLACEMENT_3D('',#7941,#7942,#7943);
#7941 = CARTESIAN_POINT('',(80.,2.2,18.8));
#7942 = DIRECTION('',(1.,0.,0.));
#7943 = DIRECTION('',(0.,-1.,0.));
#7944 = ADVANCED_FACE('',(#7945),#7974,.T.);
#7945 = FACE_BOUND('',#7946,.F.);
#7946 = EDGE_LOOP('',(#7947,#7957,#7964,#7965,#7966,#7967));
#7947 = ORIENTED_EDGE('',*,*,#7948,.F.);
#7948 = EDGE_CURVE('',#7949,#7951,#7953,.T.);
#7949 = VERTEX_POINT('',#7950);
#7950 = CARTESIAN_POINT('',(92.,2.2,1.2));
#7951 = VERTEX_POINT('',#7952);
#7952 = CARTESIAN_POINT('',(92.,2.2,18.8));
#7953 = LINE('',#7954,#7955);
#7954 = CARTESIAN_POINT('',(92.,2.2,0.));
#7955 = VECTOR('',#7956,1.);
#7956 = DIRECTION('',(0.,0.,1.));
#7957 = ORIENTED_EDGE('',*,*,#7958,.T.);
#7958 = EDGE_CURVE('',#7949,#7695,#7959,.T.);
#7959 = CIRCLE('',#7960,1.2);
#7960 = AXIS2_PLACEMENT_3D('',#7961,#7962,#7963);
#7961 = CARTESIAN_POINT('',(90.8,2.2,1.2));
#7962 = DIRECTION('',(0.,0.,-1.));
#7963 = DIRECTION('',(1.,0.,0.));
#7964 = ORIENTED_EDGE('',*,*,#7712,.T.);
#7965 = ORIENTED_EDGE('',*,*,#7746,.T.);
#7966 = ORIENTED_EDGE('',*,*,#7770,.T.);
#7967 = ORIENTED_EDGE('',*,*,#7968,.F.);
#7968 = EDGE_CURVE('',#7951,#7763,#7969,.T.);
#7969 = CIRCLE('',#7970,1.2);
#7970 = AXIS2_PLACEMENT_3D('',#7971,#7972,#7973);
#7971 = CARTESIAN_POINT('',(90.8,2.2,18.8));
#7972 = DIRECTION('',(0.,0.,-1.));
#7973 = DIRECTION('',(1.,0.,0.));
#7974 = CYLINDRICAL_SURFACE('',#7975,1.2);
#7975 = AXIS2_PLACEMENT_3D('',#7976,#7977,#7978);
#7976 = CARTESIAN_POINT('',(90.8,2.2,0.));
#7977 = DIRECTION('',(0.,0.,1.));
#7978 = DIRECTION('',(1.,0.,0.));
#7979 = ADVANCED_FACE('',(#7980),#7992,.T.);
#7980 = FACE_BOUND('',#7981,.F.);
#7981 = EDGE_LOOP('',(#7982,#7983,#7984,#7991));
#7982 = ORIENTED_EDGE('',*,*,#7817,.F.);
#7983 = ORIENTED_EDGE('',*,*,#7802,.T.);
#7984 = ORIENTED_EDGE('',*,*,#7985,.T.);
#7985 = EDGE_CURVE('',#7795,#7891,#7986,.T.);
#7986 = CIRCLE('',#7987,1.2);
#7987 = AXIS2_PLACEMENT_3D('',#7988,#7989,#7990);
#7988 = CARTESIAN_POINT('',(90.8,17.8,1.2));
#7989 = DIRECTION('',(1.,-6.123233995737E-17,0.));
#7990 = DIRECTION('',(6.123233995737E-17,1.,0.));
#7991 = ORIENTED_EDGE('',*,*,#7898,.F.);
#7992 = CYLINDRICAL_SURFACE('',#7993,1.2);
#7993 = AXIS2_PLACEMENT_3D('',#7994,#7995,#7996);
#7994 = CARTESIAN_POINT('',(80.,17.8,1.2));
#7995 = DIRECTION('',(1.,0.,0.));
#7996 = DIRECTION('',(0.,1.,0.));
#7997 = ADVANCED_FACE('',(#7998),#8023,.T.);
#7998 = FACE_BOUND('',#7999,.T.);
#7999 = EDGE_LOOP('',(#8000,#8007,#8008,#8017));
#8000 = ORIENTED_EDGE('',*,*,#8001,.F.);
#8001 = EDGE_CURVE('',#7787,#7949,#8002,.T.);
#8002 = CIRCLE('',#8003,1.2);
#8003 = AXIS2_PLACEMENT_3D('',#8004,#8005,#8006);
#8004 = CARTESIAN_POINT('',(90.8,2.2,1.2));
#8005 = DIRECTION('',(0.,-1.,0.));
#8006 = DIRECTION('',(1.,0.,0.));
#8007 = ORIENTED_EDGE('',*,*,#7794,.T.);
#8008 = ORIENTED_EDGE('',*,*,#8009,.T.);
#8009 = EDGE_CURVE('',#7795,#8010,#8012,.T.);
#8010 = VERTEX_POINT('',#8011);
#8011 = CARTESIAN_POINT('',(92.,17.8,1.2));
#8012 = CIRCLE('',#8013,1.2);
#8013 = AXIS2_PLACEMENT_3D('',#8014,#8015,#8016);
#8014 = CARTESIAN_POINT('',(90.8,17.8,1.2));
#8015 = DIRECTION('',(0.,-1.,0.));
#8016 = DIRECTION('',(1.,0.,0.));
#8017 = ORIENTED_EDGE('',*,*,#8018,.F.);
#8018 = EDGE_CURVE('',#7949,#8010,#8019,.T.);
#8019 = LINE('',#8020,#8021);
#8020 = CARTESIAN_POINT('',(92.,1.,1.2));
#8021 = VECTOR('',#8022,1.);
#8022 = DIRECTION('',(0.,1.,0.));
#8023 = CYLINDRICAL_SURFACE('',#8024,1.2);
#8024 = AXIS2_PLACEMENT_3D('',#8025,#8026,#8027);
#8025 = CARTESIAN_POINT('',(90.8,1.,1.2));
#8026 = DIRECTION('',(0.,1.,0.));
#8027 = DIRECTION('',(1.,0.,0.));
#8028 = ADVANCED_FACE('',(#8029),#8041,.T.);
#8029 = FACE_BOUND('',#8030,.T.);
#8030 = EDGE_LOOP('',(#8031,#8032,#8033,#8040));
#8031 = ORIENTED_EDGE('',*,*,#7865,.T.);
#8032 = ORIENTED_EDGE('',*,*,#7850,.T.);
#8033 = ORIENTED_EDGE('',*,*,#8034,.F.);
#8034 = EDGE_CURVE('',#7883,#7843,#8035,.T.);
#8035 = CIRCLE('',#8036,1.2);
#8036 = AXIS2_PLACEMENT_3D('',#8037,#8038,#8039);
#8037 = CARTESIAN_POINT('',(90.8,17.8,18.8));
#8038 = DIRECTION('',(1.,0.,-6.123233995737E-17));
#8039 = DIRECTION('',(6.123233995737E-17,0.,1.));
#8040 = ORIENTED_EDGE('',*,*,#7882,.F.);
#8041 = CYLINDRICAL_SURFACE('',#8042,1.2);
#8042 = AXIS2_PLACEMENT_3D('',#8043,#8044,#8045);
#8043 = CARTESIAN_POINT('',(80.,17.8,18.8));
#8044 = DIRECTION('',(1.,0.,0.));
#8045 = DIRECTION('',(0.,1.,0.));
#8046 = ADVANCED_FACE('',(#8047),#8072,.T.);
#8047 = FACE_BOUND('',#8048,.F.);
#8048 = EDGE_LOOP('',(#8049,#8056,#8057,#8066));
#8049 = ORIENTED_EDGE('',*,*,#8050,.F.);
#8050 = EDGE_CURVE('',#7835,#7951,#8051,.T.);
#8051 = CIRCLE('',#8052,1.2);
#8052 = AXIS2_PLACEMENT_3D('',#8053,#8054,#8055);
#8053 = CARTESIAN_POINT('',(90.8,2.2,18.8));
#8054 = DIRECTION('',(-0.,1.,0.));
#8055 = DIRECTION('',(1.,0.,0.));
#8056 = ORIENTED_EDGE('',*,*,#7842,.T.);
#8057 = ORIENTED_EDGE('',*,*,#8058,.F.);
#8058 = EDGE_CURVE('',#8059,#7843,#8061,.T.);
#8059 = VERTEX_POINT('',#8060);
#8060 = CARTESIAN_POINT('',(92.,17.8,18.8));
#8061 = CIRCLE('',#8062,1.2);
#8062 = AXIS2_PLACEMENT_3D('',#8063,#8064,#8065);
#8063 = CARTESIAN_POINT('',(90.8,17.8,18.8));
#8064 = DIRECTION('',(0.,-1.,0.));
#8065 = DIRECTION('',(1.,0.,0.));
#8066 = ORIENTED_EDGE('',*,*,#8067,.F.);
#8067 = EDGE_CURVE('',#7951,#8059,#8068,.T.);
#8068 = LINE('',#8069,#8070);
#8069 = CARTESIAN_POINT('',(92.,1.,18.8));
#8070 = VECTOR('',#8071,1.);
#8071 = DIRECTION('',(0.,1.,0.));
#8072 = CYLINDRICAL_SURFACE('',#8073,1.2);
#8073 = AXIS2_PLACEMENT_3D('',#8074,#8075,#8076);
#8074 = CARTESIAN_POINT('',(90.8,1.,18.8));
#8075 = DIRECTION('',(0.,1.,0.));
#8076 = DIRECTION('',(1.,0.,0.));
#8077 = ADVANCED_FACE('',(#8078),#8101,.T.);
#8078 = FACE_BOUND('',#8079,.T.);
#8079 = EDGE_LOOP('',(#8080,#8086,#8093,#8094));
#8080 = ORIENTED_EDGE('',*,*,#8081,.F.);
#8081 = EDGE_CURVE('',#8010,#8059,#8082,.T.);
#8082 = LINE('',#8083,#8084);
#8083 = CARTESIAN_POINT('',(92.,17.8,0.));
#8084 = VECTOR('',#8085,1.);
#8085 = DIRECTION('',(0.,0.,1.));
#8086 = ORIENTED_EDGE('',*,*,#8087,.T.);
#8087 = EDGE_CURVE('',#8010,#7891,#8088,.T.);
#8088 = CIRCLE('',#8089,1.2);
#8089 = AXIS2_PLACEMENT_3D('',#8090,#8091,#8092);
#8090 = CARTESIAN_POINT('',(90.8,17.8,1.2));
#8091 = DIRECTION('',(0.,0.,1.));
#8092 = DIRECTION('',(1.,0.,0.));
#8093 = ORIENTED_EDGE('',*,*,#7890,.T.);
#8094 = ORIENTED_EDGE('',*,*,#8095,.T.);
#8095 = EDGE_CURVE('',#7883,#8059,#8096,.T.);
#8096 = CIRCLE('',#8097,1.2);
#8097 = AXIS2_PLACEMENT_3D('',#8098,#8099,#8100);
#8098 = CARTESIAN_POINT('',(90.8,17.8,18.8));
#8099 = DIRECTION('',(0.,0.,-1.));
#8100 = DIRECTION('',(1.,0.,0.));
#8101 = CYLINDRICAL_SURFACE('',#8102,1.2);
#8102 = AXIS2_PLACEMENT_3D('',#8103,#8104,#8105);
#8103 = CARTESIAN_POINT('',(90.8,17.8,0.));
#8104 = DIRECTION('',(0.,0.,1.));
#8105 = DIRECTION('',(1.,0.,0.));
#8106 = ADVANCED_FACE('',(#8107),#8112,.T.);
#8107 = FACE_BOUND('',#8108,.F.);
#8108 = EDGE_LOOP('',(#8109,#8110,#8111));
#8109 = ORIENTED_EDGE('',*,*,#8001,.F.);
#8110 = ORIENTED_EDGE('',*,*,#7914,.T.);
#8111 = ORIENTED_EDGE('',*,*,#7958,.F.);
#8112 = SPHERICAL_SURFACE('',#8113,1.2);
#8113 = AXIS2_PLACEMENT_3D('',#8114,#8115,#8116);
#8114 = CARTESIAN_POINT('',(90.8,2.2,1.2));
#8115 = DIRECTION('',(0.,0.,1.));
#8116 = DIRECTION('',(1.,0.,0.));
#8117 = ADVANCED_FACE('',(#8118),#8123,.T.);
#8118 = FACE_BOUND('',#8119,.T.);
#8119 = EDGE_LOOP('',(#8120,#8121,#8122));
#8120 = ORIENTED_EDGE('',*,*,#8050,.F.);
#8121 = ORIENTED_EDGE('',*,*,#7932,.T.);
#8122 = ORIENTED_EDGE('',*,*,#7968,.F.);
#8123 = SPHERICAL_SURFACE('',#8124,1.2);
#8124 = AXIS2_PLACEMENT_3D('',#8125,#8126,#8127);
#8125 = CARTESIAN_POINT('',(90.8,2.2,18.8));
#8126 = DIRECTION('',(-0.,-0.,-1.));
#8127 = DIRECTION('',(1.,0.,0.));
#8128 = ADVANCED_FACE('',(#8129),#8135,.T.);
#8129 = FACE_BOUND('',#8130,.T.);
#8130 = EDGE_LOOP('',(#8131,#8132,#8133,#8134));
#8131 = ORIENTED_EDGE('',*,*,#7948,.F.);
#8132 = ORIENTED_EDGE('',*,*,#8018,.T.);
#8133 = ORIENTED_EDGE('',*,*,#8081,.T.);
#8134 = ORIENTED_EDGE('',*,*,#8067,.F.);
#8135 = PLANE('',#8136);
#8136 = AXIS2_PLACEMENT_3D('',#8137,#8138,#8139);
#8137 = CARTESIAN_POINT('',(92.,1.,0.));
#8138 = DIRECTION('',(1.,0.,0.));
#8139 = DIRECTION('',(0.,0.,1.));
#8140 = ADVANCED_FACE('',(#8141),#8146,.T.);
#8141 = FACE_BOUND('',#8142,.T.);
#8142 = EDGE_LOOP('',(#8143,#8144,#8145));
#8143 = ORIENTED_EDGE('',*,*,#8009,.F.);
#8144 = ORIENTED_EDGE('',*,*,#7985,.T.);
#8145 = ORIENTED_EDGE('',*,*,#8087,.F.);
#8146 = SPHERICAL_SURFACE('',#8147,1.2);
#8147 = AXIS2_PLACEMENT_3D('',#8148,#8149,#8150);
#8148 = CARTESIAN_POINT('',(90.8,17.8,1.2));
#8149 = DIRECTION('',(0.,0.,1.));
#8150 = DIRECTION('',(1.,0.,0.));
#8151 = ADVANCED_FACE('',(#8152),#8157,.T.);
#8152 = FACE_BOUND('',#8153,.T.);
#8153 = EDGE_LOOP('',(#8154,#8155,#8156));
#8154 = ORIENTED_EDGE('',*,*,#8095,.F.);
#8155 = ORIENTED_EDGE('',*,*,#8034,.T.);
#8156 = ORIENTED_EDGE('',*,*,#8058,.F.);
#8157 = SPHERICAL_SURFACE('',#8158,1.2);
#8158 = AXIS2_PLACEMENT_3D('',#8159,#8160,#8161);
#8159 = CARTESIAN_POINT('',(90.8,17.8,18.8));
#8160 = DIRECTION('',(0.,-1.,0.));
#8161 = DIRECTION('',(1.,0.,0.));
#8162 = MANIFOLD_SOLID_BREP('',#8163);
#8163 = CLOSED_SHELL('',(#8164,#8204,#8237,#8270,#8303,#8336,#8353,#8370
    ,#8401,#8432,#8449,#8480,#8497,#8528,#8546,#8564,#8597,#8615,#8646,
    #8664,#8695,#8724,#8735,#8746,#8758,#8769));
#8164 = ADVANCED_FACE('',(#8165),#8199,.F.);
#8165 = FACE_BOUND('',#8166,.F.);
#8166 = EDGE_LOOP('',(#8167,#8177,#8185,#8193));
#8167 = ORIENTED_EDGE('',*,*,#8168,.F.);
#8168 = EDGE_CURVE('',#8169,#8171,#8173,.T.);
#8169 = VERTEX_POINT('',#8170);
#8170 = CARTESIAN_POINT('',(81.,18.8,-6.2));
#8171 = VERTEX_POINT('',#8172);
#8172 = CARTESIAN_POINT('',(81.,18.8,10.2));
#8173 = LINE('',#8174,#8175);
#8174 = CARTESIAN_POINT('',(81.,18.8,-7.));
#8175 = VECTOR('',#8176,1.);
#8176 = DIRECTION('',(0.,0.,1.));
#8177 = ORIENTED_EDGE('',*,*,#8178,.T.);
#8178 = EDGE_CURVE('',#8169,#8179,#8181,.T.);
#8179 = VERTEX_POINT('',#8180);
#8180 = CARTESIAN_POINT('',(81.,49.2,-6.2));
#8181 = LINE('',#8182,#8183);
#8182 = CARTESIAN_POINT('',(81.,18.,-6.2));
#8183 = VECTOR('',#8184,1.);
#8184 = DIRECTION('',(0.,1.,0.));
#8185 = ORIENTED_EDGE('',*,*,#8186,.T.);
#8186 = EDGE_CURVE('',#8179,#8187,#8189,.T.);
#8187 = VERTEX_POINT('',#8188);
#8188 = CARTESIAN_POINT('',(81.,49.2,10.2));
#8189 = LINE('',#8190,#8191);
#8190 = CARTESIAN_POINT('',(81.,49.2,-7.));
#8191 = VECTOR('',#8192,1.);
#8192 = DIRECTION('',(0.,0.,1.));
#8193 = ORIENTED_EDGE('',*,*,#8194,.F.);
#8194 = EDGE_CURVE('',#8171,#8187,#8195,.T.);
#8195 = LINE('',#8196,#8197);
#8196 = CARTESIAN_POINT('',(81.,18.,10.2));
#8197 = VECTOR('',#8198,1.);
#8198 = DIRECTION('',(0.,1.,0.));
#8199 = PLANE('',#8200);
#8200 = AXIS2_PLACEMENT_3D('',#8201,#8202,#8203);
#8201 = CARTESIAN_POINT('',(81.,18.,-7.));
#8202 = DIRECTION('',(1.,0.,0.));
#8203 = DIRECTION('',(0.,0.,1.));
#8204 = ADVANCED_FACE('',(#8205),#8232,.T.);
#8205 = FACE_BOUND('',#8206,.T.);
#8206 = EDGE_LOOP('',(#8207,#8208,#8217,#8225));
#8207 = ORIENTED_EDGE('',*,*,#8168,.F.);
#8208 = ORIENTED_EDGE('',*,*,#8209,.T.);
#8209 = EDGE_CURVE('',#8169,#8210,#8212,.T.);
#8210 = VERTEX_POINT('',#8211);
#8211 = CARTESIAN_POINT('',(81.8,18.,-6.2));
#8212 = CIRCLE('',#8213,0.8);
#8213 = AXIS2_PLACEMENT_3D('',#8214,#8215,#8216);
#8214 = CARTESIAN_POINT('',(81.8,18.8,-6.2));
#8215 = DIRECTION('',(0.,0.,1.));
#8216 = DIRECTION('',(-1.,0.,0.));
#8217 = ORIENTED_EDGE('',*,*,#8218,.T.);
#8218 = EDGE_CURVE('',#8210,#8219,#8221,.T.);
#8219 = VERTEX_POINT('',#8220);
#8220 = CARTESIAN_POINT('',(81.8,18.,10.2));
#8221 = LINE('',#8222,#8223);
#8222 = CARTESIAN_POINT('',(81.8,18.,-7.));
#8223 = VECTOR('',#8224,1.);
#8224 = DIRECTION('',(0.,0.,1.));
#8225 = ORIENTED_EDGE('',*,*,#8226,.F.);
#8226 = EDGE_CURVE('',#8171,#8219,#8227,.T.);
#8227 = CIRCLE('',#8228,0.8);
#8228 = AXIS2_PLACEMENT_3D('',#8229,#8230,#8231);
#8229 = CARTESIAN_POINT('',(81.8,18.8,10.2));
#8230 = DIRECTION('',(0.,0.,1.));
#8231 = DIRECTION('',(-1.,0.,0.));
#8232 = CYLINDRICAL_SURFACE('',#8233,0.8);
#8233 = AXIS2_PLACEMENT_3D('',#8234,#8235,#8236);
#8234 = CARTESIAN_POINT('',(81.8,18.8,-7.));
#8235 = DIRECTION('',(0.,0.,1.));
#8236 = DIRECTION('',(-1.,0.,0.));
#8237 = ADVANCED_FACE('',(#8238),#8265,.T.);
#8238 = FACE_BOUND('',#8239,.F.);
#8239 = EDGE_LOOP('',(#8240,#8249,#8257,#8264));
#8240 = ORIENTED_EDGE('',*,*,#8241,.F.);
#8241 = EDGE_CURVE('',#8242,#8169,#8244,.T.);
#8242 = VERTEX_POINT('',#8243);
#8243 = CARTESIAN_POINT('',(81.8,18.8,-7.));
#8244 = CIRCLE('',#8245,0.8);
#8245 = AXIS2_PLACEMENT_3D('',#8246,#8247,#8248);
#8246 = CARTESIAN_POINT('',(81.8,18.8,-6.2));
#8247 = DIRECTION('',(0.,1.,-0.));
#8248 = DIRECTION('',(-1.,0.,0.));
#8249 = ORIENTED_EDGE('',*,*,#8250,.T.);
#8250 = EDGE_CURVE('',#8242,#8251,#8253,.T.);
#8251 = VERTEX_POINT('',#8252);
#8252 = CARTESIAN_POINT('',(81.8,49.2,-7.));
#8253 = LINE('',#8254,#8255);
#8254 = CARTESIAN_POINT('',(81.8,18.,-7.));
#8255 = VECTOR('',#8256,1.);
#8256 = DIRECTION('',(0.,1.,0.));
#8257 = ORIENTED_EDGE('',*,*,#8258,.T.);
#8258 = EDGE_CURVE('',#8251,#8179,#8259,.T.);
#8259 = CIRCLE('',#8260,0.8);
#8260 = AXIS2_PLACEMENT_3D('',#8261,#8262,#8263);
#8261 = CARTESIAN_POINT('',(81.8,49.2,-6.2));
#8262 = DIRECTION('',(0.,1.,-0.));
#8263 = DIRECTION('',(-1.,0.,0.));
#8264 = ORIENTED_EDGE('',*,*,#8178,.F.);
#8265 = CYLINDRICAL_SURFACE('',#8266,0.8);
#8266 = AXIS2_PLACEMENT_3D('',#8267,#8268,#8269);
#8267 = CARTESIAN_POINT('',(81.8,18.,-6.2));
#8268 = DIRECTION('',(0.,1.,0.));
#8269 = DIRECTION('',(-1.,0.,0.));
#8270 = ADVANCED_FACE('',(#8271),#8298,.T.);
#8271 = FACE_BOUND('',#8272,.T.);
#8272 = EDGE_LOOP('',(#8273,#8282,#8290,#8297));
#8273 = ORIENTED_EDGE('',*,*,#8274,.F.);
#8274 = EDGE_CURVE('',#8275,#8171,#8277,.T.);
#8275 = VERTEX_POINT('',#8276);
#8276 = CARTESIAN_POINT('',(81.8,18.8,11.));
#8277 = CIRCLE('',#8278,0.8);
#8278 = AXIS2_PLACEMENT_3D('',#8279,#8280,#8281);
#8279 = CARTESIAN_POINT('',(81.8,18.8,10.2));
#8280 = DIRECTION('',(0.,-1.,0.));
#8281 = DIRECTION('',(-1.,0.,0.));
#8282 = ORIENTED_EDGE('',*,*,#8283,.T.);
#8283 = EDGE_CURVE('',#8275,#8284,#8286,.T.);
#8284 = VERTEX_POINT('',#8285);
#8285 = CARTESIAN_POINT('',(81.8,49.2,11.));
#8286 = LINE('',#8287,#8288);
#8287 = CARTESIAN_POINT('',(81.8,18.,11.));
#8288 = VECTOR('',#8289,1.);
#8289 = DIRECTION('',(0.,1.,0.));
#8290 = ORIENTED_EDGE('',*,*,#8291,.F.);
#8291 = EDGE_CURVE('',#8187,#8284,#8292,.T.);
#8292 = CIRCLE('',#8293,0.8);
#8293 = AXIS2_PLACEMENT_3D('',#8294,#8295,#8296);
#8294 = CARTESIAN_POINT('',(81.8,49.2,10.2));
#8295 = DIRECTION('',(0.,1.,-0.));
#8296 = DIRECTION('',(-1.,0.,0.));
#8297 = ORIENTED_EDGE('',*,*,#8194,.F.);
#8298 = CYLINDRICAL_SURFACE('',#8299,0.8);
#8299 = AXIS2_PLACEMENT_3D('',#8300,#8301,#8302);
#8300 = CARTESIAN_POINT('',(81.8,18.,10.2));
#8301 = DIRECTION('',(0.,1.,0.));
#8302 = DIRECTION('',(-1.,0.,0.));
#8303 = ADVANCED_FACE('',(#8304),#8331,.T.);
#8304 = FACE_BOUND('',#8305,.F.);
#8305 = EDGE_LOOP('',(#8306,#8307,#8316,#8324));
#8306 = ORIENTED_EDGE('',*,*,#8186,.F.);
#8307 = ORIENTED_EDGE('',*,*,#8308,.T.);
#8308 = EDGE_CURVE('',#8179,#8309,#8311,.T.);
#8309 = VERTEX_POINT('',#8310);
#8310 = CARTESIAN_POINT('',(81.8,50.,-6.2));
#8311 = CIRCLE('',#8312,0.8);
#8312 = AXIS2_PLACEMENT_3D('',#8313,#8314,#8315);
#8313 = CARTESIAN_POINT('',(81.8,49.2,-6.2));
#8314 = DIRECTION('',(0.,0.,-1.));
#8315 = DIRECTION('',(-1.,0.,0.));
#8316 = ORIENTED_EDGE('',*,*,#8317,.T.);
#8317 = EDGE_CURVE('',#8309,#8318,#8320,.T.);
#8318 = VERTEX_POINT('',#8319);
#8319 = CARTESIAN_POINT('',(81.8,50.,10.2));
#8320 = LINE('',#8321,#8322);
#8321 = CARTESIAN_POINT('',(81.8,50.,-7.));
#8322 = VECTOR('',#8323,1.);
#8323 = DIRECTION('',(0.,0.,1.));
#8324 = ORIENTED_EDGE('',*,*,#8325,.T.);
#8325 = EDGE_CURVE('',#8318,#8187,#8326,.T.);
#8326 = CIRCLE('',#8327,0.8);
#8327 = AXIS2_PLACEMENT_3D('',#8328,#8329,#8330);
#8328 = CARTESIAN_POINT('',(81.8,49.2,10.2));
#8329 = DIRECTION('',(0.,0.,1.));
#8330 = DIRECTION('',(-1.,0.,0.));
#8331 = CYLINDRICAL_SURFACE('',#8332,0.8);
#8332 = AXIS2_PLACEMENT_3D('',#8333,#8334,#8335);
#8333 = CARTESIAN_POINT('',(81.8,49.2,-7.));
#8334 = DIRECTION('',(0.,0.,1.));
#8335 = DIRECTION('',(-1.,0.,0.));
#8336 = ADVANCED_FACE('',(#8337),#8348,.T.);
#8337 = FACE_BOUND('',#8338,.T.);
#8338 = EDGE_LOOP('',(#8339,#8340,#8347));
#8339 = ORIENTED_EDGE('',*,*,#8241,.F.);
#8340 = ORIENTED_EDGE('',*,*,#8341,.T.);
#8341 = EDGE_CURVE('',#8242,#8210,#8342,.T.);
#8342 = CIRCLE('',#8343,0.8);
#8343 = AXIS2_PLACEMENT_3D('',#8344,#8345,#8346);
#8344 = CARTESIAN_POINT('',(81.8,18.8,-6.2));
#8345 = DIRECTION('',(-1.,6.123233995737E-17,0.));
#8346 = DIRECTION('',(-6.123233995737E-17,-1.,0.));
#8347 = ORIENTED_EDGE('',*,*,#8209,.F.);
#8348 = SPHERICAL_SURFACE('',#8349,0.8);
#8349 = AXIS2_PLACEMENT_3D('',#8350,#8351,#8352);
#8350 = CARTESIAN_POINT('',(81.8,18.8,-6.2));
#8351 = DIRECTION('',(0.,0.,1.));
#8352 = DIRECTION('',(-1.,0.,0.));
#8353 = ADVANCED_FACE('',(#8354),#8365,.T.);
#8354 = FACE_BOUND('',#8355,.F.);
#8355 = EDGE_LOOP('',(#8356,#8357,#8364));
#8356 = ORIENTED_EDGE('',*,*,#8274,.F.);
#8357 = ORIENTED_EDGE('',*,*,#8358,.T.);
#8358 = EDGE_CURVE('',#8275,#8219,#8359,.T.);
#8359 = CIRCLE('',#8360,0.8);
#8360 = AXIS2_PLACEMENT_3D('',#8361,#8362,#8363);
#8361 = CARTESIAN_POINT('',(81.8,18.8,10.2));
#8362 = DIRECTION('',(1.,-6.123233995737E-17,0.));
#8363 = DIRECTION('',(-6.123233995737E-17,-1.,0.));
#8364 = ORIENTED_EDGE('',*,*,#8226,.F.);
#8365 = SPHERICAL_SURFACE('',#8366,0.8);
#8366 = AXIS2_PLACEMENT_3D('',#8367,#8368,#8369);
#8367 = CARTESIAN_POINT('',(81.8,18.8,10.2));
#8368 = DIRECTION('',(-0.,-0.,-1.));
#8369 = DIRECTION('',(-1.,0.,0.));
#8370 = ADVANCED_FACE('',(#8371),#8396,.F.);
#8371 = FACE_BOUND('',#8372,.F.);
#8372 = EDGE_LOOP('',(#8373,#8374,#8382,#8390));
#8373 = ORIENTED_EDGE('',*,*,#8218,.T.);
#8374 = ORIENTED_EDGE('',*,*,#8375,.T.);
#8375 = EDGE_CURVE('',#8219,#8376,#8378,.T.);
#8376 = VERTEX_POINT('',#8377);
#8377 = CARTESIAN_POINT('',(90.2,18.,10.2));
#8378 = LINE('',#8379,#8380);
#8379 = CARTESIAN_POINT('',(81.,18.,10.2));
#8380 = VECTOR('',#8381,1.);
#8381 = DIRECTION('',(1.,0.,0.));
#8382 = ORIENTED_EDGE('',*,*,#8383,.F.);
#8383 = EDGE_CURVE('',#8384,#8376,#8386,.T.);
#8384 = VERTEX_POINT('',#8385);
#8385 = CARTESIAN_POINT('',(90.2,18.,-6.2));
#8386 = LINE('',#8387,#8388);
#8387 = CARTESIAN_POINT('',(90.2,18.,-7.));
#8388 = VECTOR('',#8389,1.);
#8389 = DIRECTION('',(0.,0.,1.));
#8390 = ORIENTED_EDGE('',*,*,#8391,.F.);
#8391 = EDGE_CURVE('',#8210,#8384,#8392,.T.);
#8392 = LINE('',#8393,#8394);
#8393 = CARTESIAN_POINT('',(81.,18.,-6.2));
#8394 = VECTOR('',#8395,1.);
#8395 = DIRECTION('',(1.,0.,0.));
#8396 = PLANE('',#8397);
#8397 = AXIS2_PLACEMENT_3D('',#8398,#8399,#8400);
#8398 = CARTESIAN_POINT('',(81.,18.,-7.));
#8399 = DIRECTION('',(0.,1.,0.));
#8400 = DIRECTION('',(0.,0.,1.));
#8401 = ADVANCED_FACE('',(#8402),#8427,.F.);
#8402 = FACE_BOUND('',#8403,.F.);
#8403 = EDGE_LOOP('',(#8404,#8405,#8413,#8421));
#8404 = ORIENTED_EDGE('',*,*,#8250,.F.);
#8405 = ORIENTED_EDGE('',*,*,#8406,.T.);
#8406 = EDGE_CURVE('',#8242,#8407,#8409,.T.);
#8407 = VERTEX_POINT('',#8408);
#8408 = CARTESIAN_POINT('',(90.2,18.8,-7.));
#8409 = LINE('',#8410,#8411);
#8410 = CARTESIAN_POINT('',(81.,18.8,-7.));
#8411 = VECTOR('',#8412,1.);
#8412 = DIRECTION('',(1.,0.,0.));
#8413 = ORIENTED_EDGE('',*,*,#8414,.T.);
#8414 = EDGE_CURVE('',#8407,#8415,#8417,.T.);
#8415 = VERTEX_POINT('',#8416);
#8416 = CARTESIAN_POINT('',(90.2,49.2,-7.));
#8417 = LINE('',#8418,#8419);
#8418 = CARTESIAN_POINT('',(90.2,18.,-7.));
#8419 = VECTOR('',#8420,1.);
#8420 = DIRECTION('',(0.,1.,0.));
#8421 = ORIENTED_EDGE('',*,*,#8422,.F.);
#8422 = EDGE_CURVE('',#8251,#8415,#8423,.T.);
#8423 = LINE('',#8424,#8425);
#8424 = CARTESIAN_POINT('',(81.,49.2,-7.));
#8425 = VECTOR('',#8426,1.);
#8426 = DIRECTION('',(1.,0.,0.));
#8427 = PLANE('',#8428);
#8428 = AXIS2_PLACEMENT_3D('',#8429,#8430,#8431);
#8429 = CARTESIAN_POINT('',(81.,18.,-7.));
#8430 = DIRECTION('',(0.,0.,1.));
#8431 = DIRECTION('',(1.,0.,0.));
#8432 = ADVANCED_FACE('',(#8433),#8444,.T.);
#8433 = FACE_BOUND('',#8434,.F.);
#8434 = EDGE_LOOP('',(#8435,#8436,#8443));
#8435 = ORIENTED_EDGE('',*,*,#8258,.F.);
#8436 = ORIENTED_EDGE('',*,*,#8437,.T.);
#8437 = EDGE_CURVE('',#8251,#8309,#8438,.T.);
#8438 = CIRCLE('',#8439,0.8);
#8439 = AXIS2_PLACEMENT_3D('',#8440,#8441,#8442);
#8440 = CARTESIAN_POINT('',(81.8,49.2,-6.2));
#8441 = DIRECTION('',(1.,6.123233995737E-17,-0.));
#8442 = DIRECTION('',(-6.123233995737E-17,1.,0.));
#8443 = ORIENTED_EDGE('',*,*,#8308,.F.);
#8444 = SPHERICAL_SURFACE('',#8445,0.8);
#8445 = AXIS2_PLACEMENT_3D('',#8446,#8447,#8448);
#8446 = CARTESIAN_POINT('',(81.8,49.2,-6.2));
#8447 = DIRECTION('',(0.,0.,1.));
#8448 = DIRECTION('',(-1.,0.,0.));
#8449 = ADVANCED_FACE('',(#8450),#8475,.T.);
#8450 = FACE_BOUND('',#8451,.T.);
#8451 = EDGE_LOOP('',(#8452,#8453,#8461,#8469));
#8452 = ORIENTED_EDGE('',*,*,#8283,.F.);
#8453 = ORIENTED_EDGE('',*,*,#8454,.T.);
#8454 = EDGE_CURVE('',#8275,#8455,#8457,.T.);
#8455 = VERTEX_POINT('',#8456);
#8456 = CARTESIAN_POINT('',(90.2,18.8,11.));
#8457 = LINE('',#8458,#8459);
#8458 = CARTESIAN_POINT('',(81.,18.8,11.));
#8459 = VECTOR('',#8460,1.);
#8460 = DIRECTION('',(1.,0.,0.));
#8461 = ORIENTED_EDGE('',*,*,#8462,.T.);
#8462 = EDGE_CURVE('',#8455,#8463,#8465,.T.);
#8463 = VERTEX_POINT('',#8464);
#8464 = CARTESIAN_POINT('',(90.2,49.2,11.));
#8465 = LINE('',#8466,#8467);
#8466 = CARTESIAN_POINT('',(90.2,18.,11.));
#8467 = VECTOR('',#8468,1.);
#8468 = DIRECTION('',(0.,1.,0.));
#8469 = ORIENTED_EDGE('',*,*,#8470,.F.);
#8470 = EDGE_CURVE('',#8284,#8463,#8471,.T.);
#8471 = LINE('',#8472,#8473);
#8472 = CARTESIAN_POINT('',(81.,49.2,11.));
#8473 = VECTOR('',#8474,1.);
#8474 = DIRECTION('',(1.,0.,0.));
#8475 = PLANE('',#8476);
#8476 = AXIS2_PLACEMENT_3D('',#8477,#8478,#8479);
#8477 = CARTESIAN_POINT('',(81.,18.,11.));
#8478 = DIRECTION('',(0.,0.,1.));
#8479 = DIRECTION('',(1.,0.,0.));
#8480 = ADVANCED_FACE('',(#8481),#8492,.T.);
#8481 = FACE_BOUND('',#8482,.F.);
#8482 = EDGE_LOOP('',(#8483,#8484,#8491));
#8483 = ORIENTED_EDGE('',*,*,#8325,.F.);
#8484 = ORIENTED_EDGE('',*,*,#8485,.T.);
#8485 = EDGE_CURVE('',#8318,#8284,#8486,.T.);
#8486 = CIRCLE('',#8487,0.8);
#8487 = AXIS2_PLACEMENT_3D('',#8488,#8489,#8490);
#8488 = CARTESIAN_POINT('',(81.8,49.2,10.2));
#8489 = DIRECTION('',(1.,0.,6.123233995737E-17));
#8490 = DIRECTION('',(-6.123233995737E-17,0.,1.));
#8491 = ORIENTED_EDGE('',*,*,#8291,.F.);
#8492 = SPHERICAL_SURFACE('',#8493,0.8);
#8493 = AXIS2_PLACEMENT_3D('',#8494,#8495,#8496);
#8494 = CARTESIAN_POINT('',(81.8,49.2,10.2));
#8495 = DIRECTION('',(0.,-1.,0.));
#8496 = DIRECTION('',(-1.,0.,0.));
#8497 = ADVANCED_FACE('',(#8498),#8523,.T.);
#8498 = FACE_BOUND('',#8499,.T.);
#8499 = EDGE_LOOP('',(#8500,#8501,#8509,#8517));
#8500 = ORIENTED_EDGE('',*,*,#8317,.T.);
#8501 = ORIENTED_EDGE('',*,*,#8502,.T.);
#8502 = EDGE_CURVE('',#8318,#8503,#8505,.T.);
#8503 = VERTEX_POINT('',#8504);
#8504 = CARTESIAN_POINT('',(90.2,50.,10.2));
#8505 = LINE('',#8506,#8507);
#8506 = CARTESIAN_POINT('',(81.,50.,10.2));
#8507 = VECTOR('',#8508,1.);
#8508 = DIRECTION('',(1.,0.,0.));
#8509 = ORIENTED_EDGE('',*,*,#8510,.F.);
#8510 = EDGE_CURVE('',#8511,#8503,#8513,.T.);
#8511 = VERTEX_POINT('',#8512);
#8512 = CARTESIAN_POINT('',(90.2,50.,-6.2));
#8513 = LINE('',#8514,#8515);
#8514 = CARTESIAN_POINT('',(90.2,50.,-7.));
#8515 = VECTOR('',#8516,1.);
#8516 = DIRECTION('',(0.,0.,1.));
#8517 = ORIENTED_EDGE('',*,*,#8518,.F.);
#8518 = EDGE_CURVE('',#8309,#8511,#8519,.T.);
#8519 = LINE('',#8520,#8521);
#8520 = CARTESIAN_POINT('',(81.,50.,-6.2));
#8521 = VECTOR('',#8522,1.);
#8522 = DIRECTION('',(1.,0.,0.));
#8523 = PLANE('',#8524);
#8524 = AXIS2_PLACEMENT_3D('',#8525,#8526,#8527);
#8525 = CARTESIAN_POINT('',(81.,50.,-7.));
#8526 = DIRECTION('',(0.,1.,0.));
#8527 = DIRECTION('',(0.,0.,1.));
#8528 = ADVANCED_FACE('',(#8529),#8541,.T.);
#8529 = FACE_BOUND('',#8530,.T.);
#8530 = EDGE_LOOP('',(#8531,#8532,#8533,#8540));
#8531 = ORIENTED_EDGE('',*,*,#8341,.F.);
#8532 = ORIENTED_EDGE('',*,*,#8406,.T.);
#8533 = ORIENTED_EDGE('',*,*,#8534,.T.);
#8534 = EDGE_CURVE('',#8407,#8384,#8535,.T.);
#8535 = CIRCLE('',#8536,0.8);
#8536 = AXIS2_PLACEMENT_3D('',#8537,#8538,#8539);
#8537 = CARTESIAN_POINT('',(90.2,18.8,-6.2));
#8538 = DIRECTION('',(-1.,-6.123233995737E-17,0.));
#8539 = DIRECTION('',(6.123233995737E-17,-1.,0.));
#8540 = ORIENTED_EDGE('',*,*,#8391,.F.);
#8541 = CYLINDRICAL_SURFACE('',#8542,0.8);
#8542 = AXIS2_PLACEMENT_3D('',#8543,#8544,#8545);
#8543 = CARTESIAN_POINT('',(81.,18.8,-6.2));
#8544 = DIRECTION('',(1.,0.,0.));
#8545 = DIRECTION('',(0.,-1.,0.));
#8546 = ADVANCED_FACE('',(#8547),#8559,.T.);
#8547 = FACE_BOUND('',#8548,.F.);
#8548 = EDGE_LOOP('',(#8549,#8550,#8551,#8558));
#8549 = ORIENTED_EDGE('',*,*,#8358,.F.);
#8550 = ORIENTED_EDGE('',*,*,#8454,.T.);
#8551 = ORIENTED_EDGE('',*,*,#8552,.T.);
#8552 = EDGE_CURVE('',#8455,#8376,#8553,.T.);
#8553 = CIRCLE('',#8554,0.8);
#8554 = AXIS2_PLACEMENT_3D('',#8555,#8556,#8557);
#8555 = CARTESIAN_POINT('',(90.2,18.8,10.2));
#8556 = DIRECTION('',(1.,6.123233995737E-17,0.));
#8557 = DIRECTION('',(6.123233995737E-17,-1.,0.));
#8558 = ORIENTED_EDGE('',*,*,#8375,.F.);
#8559 = CYLINDRICAL_SURFACE('',#8560,0.8);
#8560 = AXIS2_PLACEMENT_3D('',#8561,#8562,#8563);
#8561 = CARTESIAN_POINT('',(81.,18.8,10.2));
#8562 = DIRECTION('',(1.,0.,0.));
#8563 = DIRECTION('',(0.,-1.,0.));
#8564 = ADVANCED_FACE('',(#8565),#8592,.T.);
#8565 = FACE_BOUND('',#8566,.F.);
#8566 = EDGE_LOOP('',(#8567,#8577,#8584,#8585));
#8567 = ORIENTED_EDGE('',*,*,#8568,.F.);
#8568 = EDGE_CURVE('',#8569,#8571,#8573,.T.);
#8569 = VERTEX_POINT('',#8570);
#8570 = CARTESIAN_POINT('',(91.,18.8,-6.2));
#8571 = VERTEX_POINT('',#8572);
#8572 = CARTESIAN_POINT('',(91.,18.8,10.2));
#8573 = LINE('',#8574,#8575);
#8574 = CARTESIAN_POINT('',(91.,18.8,-7.));
#8575 = VECTOR('',#8576,1.);
#8576 = DIRECTION('',(0.,0.,1.));
#8577 = ORIENTED_EDGE('',*,*,#8578,.T.);
#8578 = EDGE_CURVE('',#8569,#8384,#8579,.T.);
#8579 = CIRCLE('',#8580,0.8);
#8580 = AXIS2_PLACEMENT_3D('',#8581,#8582,#8583);
#8581 = CARTESIAN_POINT('',(90.2,18.8,-6.2));
#8582 = DIRECTION('',(0.,0.,-1.));
#8583 = DIRECTION('',(1.,0.,0.));
#8584 = ORIENTED_EDGE('',*,*,#8383,.T.);
#8585 = ORIENTED_EDGE('',*,*,#8586,.F.);
#8586 = EDGE_CURVE('',#8571,#8376,#8587,.T.);
#8587 = CIRCLE('',#8588,0.8);
#8588 = AXIS2_PLACEMENT_3D('',#8589,#8590,#8591);
#8589 = CARTESIAN_POINT('',(90.2,18.8,10.2));
#8590 = DIRECTION('',(0.,0.,-1.));
#8591 = DIRECTION('',(1.,0.,0.));
#8592 = CYLINDRICAL_SURFACE('',#8593,0.8);
#8593 = AXIS2_PLACEMENT_3D('',#8594,#8595,#8596);
#8594 = CARTESIAN_POINT('',(90.2,18.8,-7.));
#8595 = DIRECTION('',(0.,0.,1.));
#8596 = DIRECTION('',(1.,0.,0.));
#8597 = ADVANCED_FACE('',(#8598),#8610,.T.);
#8598 = FACE_BOUND('',#8599,.F.);
#8599 = EDGE_LOOP('',(#8600,#8601,#8602,#8609));
#8600 = ORIENTED_EDGE('',*,*,#8437,.F.);
#8601 = ORIENTED_EDGE('',*,*,#8422,.T.);
#8602 = ORIENTED_EDGE('',*,*,#8603,.T.);
#8603 = EDGE_CURVE('',#8415,#8511,#8604,.T.);
#8604 = CIRCLE('',#8605,0.8);
#8605 = AXIS2_PLACEMENT_3D('',#8606,#8607,#8608);
#8606 = CARTESIAN_POINT('',(90.2,49.2,-6.2));
#8607 = DIRECTION('',(1.,-6.123233995737E-17,0.));
#8608 = DIRECTION('',(6.123233995737E-17,1.,0.));
#8609 = ORIENTED_EDGE('',*,*,#8518,.F.);
#8610 = CYLINDRICAL_SURFACE('',#8611,0.8);
#8611 = AXIS2_PLACEMENT_3D('',#8612,#8613,#8614);
#8612 = CARTESIAN_POINT('',(81.,49.2,-6.2));
#8613 = DIRECTION('',(1.,0.,0.));
#8614 = DIRECTION('',(0.,1.,0.));
#8615 = ADVANCED_FACE('',(#8616),#8641,.T.);
#8616 = FACE_BOUND('',#8617,.T.);
#8617 = EDGE_LOOP('',(#8618,#8625,#8626,#8635));
#8618 = ORIENTED_EDGE('',*,*,#8619,.F.);
#8619 = EDGE_CURVE('',#8407,#8569,#8620,.T.);
#8620 = CIRCLE('',#8621,0.8);
#8621 = AXIS2_PLACEMENT_3D('',#8622,#8623,#8624);
#8622 = CARTESIAN_POINT('',(90.2,18.8,-6.2));
#8623 = DIRECTION('',(0.,-1.,0.));
#8624 = DIRECTION('',(1.,0.,0.));
#8625 = ORIENTED_EDGE('',*,*,#8414,.T.);
#8626 = ORIENTED_EDGE('',*,*,#8627,.T.);
#8627 = EDGE_CURVE('',#8415,#8628,#8630,.T.);
#8628 = VERTEX_POINT('',#8629);
#8629 = CARTESIAN_POINT('',(91.,49.2,-6.2));
#8630 = CIRCLE('',#8631,0.8);
#8631 = AXIS2_PLACEMENT_3D('',#8632,#8633,#8634);
#8632 = CARTESIAN_POINT('',(90.2,49.2,-6.2));
#8633 = DIRECTION('',(0.,-1.,0.));
#8634 = DIRECTION('',(1.,0.,0.));
#8635 = ORIENTED_EDGE('',*,*,#8636,.F.);
#8636 = EDGE_CURVE('',#8569,#8628,#8637,.T.);
#8637 = LINE('',#8638,#8639);
#8638 = CARTESIAN_POINT('',(91.,18.,-6.2));
#8639 = VECTOR('',#8640,1.);
#8640 = DIRECTION('',(0.,1.,0.));
#8641 = CYLINDRICAL_SURFACE('',#8642,0.8);
#8642 = AXIS2_PLACEMENT_3D('',#8643,#8644,#8645);
#8643 = CARTESIAN_POINT('',(90.2,18.,-6.2));
#8644 = DIRECTION('',(0.,1.,0.));
#8645 = DIRECTION('',(1.,0.,0.));
#8646 = ADVANCED_FACE('',(#8647),#8659,.T.);
#8647 = FACE_BOUND('',#8648,.T.);
#8648 = EDGE_LOOP('',(#8649,#8650,#8651,#8658));
#8649 = ORIENTED_EDGE('',*,*,#8485,.T.);
#8650 = ORIENTED_EDGE('',*,*,#8470,.T.);
#8651 = ORIENTED_EDGE('',*,*,#8652,.F.);
#8652 = EDGE_CURVE('',#8503,#8463,#8653,.T.);
#8653 = CIRCLE('',#8654,0.8);
#8654 = AXIS2_PLACEMENT_3D('',#8655,#8656,#8657);
#8655 = CARTESIAN_POINT('',(90.2,49.2,10.2));
#8656 = DIRECTION('',(1.,0.,-6.123233995737E-17));
#8657 = DIRECTION('',(6.123233995737E-17,0.,1.));
#8658 = ORIENTED_EDGE('',*,*,#8502,.F.);
#8659 = CYLINDRICAL_SURFACE('',#8660,0.8);
#8660 = AXIS2_PLACEMENT_3D('',#8661,#8662,#8663);
#8661 = CARTESIAN_POINT('',(81.,49.2,10.2));
#8662 = DIRECTION('',(1.,0.,0.));
#8663 = DIRECTION('',(0.,1.,0.));
#8664 = ADVANCED_FACE('',(#8665),#8690,.T.);
#8665 = FACE_BOUND('',#8666,.F.);
#8666 = EDGE_LOOP('',(#8667,#8674,#8675,#8684));
#8667 = ORIENTED_EDGE('',*,*,#8668,.F.);
#8668 = EDGE_CURVE('',#8455,#8571,#8669,.T.);
#8669 = CIRCLE('',#8670,0.8);
#8670 = AXIS2_PLACEMENT_3D('',#8671,#8672,#8673);
#8671 = CARTESIAN_POINT('',(90.2,18.8,10.2));
#8672 = DIRECTION('',(-0.,1.,0.));
#8673 = DIRECTION('',(1.,0.,0.));
#8674 = ORIENTED_EDGE('',*,*,#8462,.T.);
#8675 = ORIENTED_EDGE('',*,*,#8676,.F.);
#8676 = EDGE_CURVE('',#8677,#8463,#8679,.T.);
#8677 = VERTEX_POINT('',#8678);
#8678 = CARTESIAN_POINT('',(91.,49.2,10.2));
#8679 = CIRCLE('',#8680,0.8);
#8680 = AXIS2_PLACEMENT_3D('',#8681,#8682,#8683);
#8681 = CARTESIAN_POINT('',(90.2,49.2,10.2));
#8682 = DIRECTION('',(0.,-1.,0.));
#8683 = DIRECTION('',(1.,0.,0.));
#8684 = ORIENTED_EDGE('',*,*,#8685,.F.);
#8685 = EDGE_CURVE('',#8571,#8677,#8686,.T.);
#8686 = LINE('',#8687,#8688);
#8687 = CARTESIAN_POINT('',(91.,18.,10.2));
#8688 = VECTOR('',#8689,1.);
#8689 = DIRECTION('',(0.,1.,0.));
#8690 = CYLINDRICAL_SURFACE('',#8691,0.8);
#8691 = AXIS2_PLACEMENT_3D('',#8692,#8693,#8694);
#8692 = CARTESIAN_POINT('',(90.2,18.,10.2));
#8693 = DIRECTION('',(0.,1.,0.));
#8694 = DIRECTION('',(1.,0.,0.));
#8695 = ADVANCED_FACE('',(#8696),#8719,.T.);
#8696 = FACE_BOUND('',#8697,.T.);
#8697 = EDGE_LOOP('',(#8698,#8704,#8711,#8712));
#8698 = ORIENTED_EDGE('',*,*,#8699,.F.);
#8699 = EDGE_CURVE('',#8628,#8677,#8700,.T.);
#8700 = LINE('',#8701,#8702);
#8701 = CARTESIAN_POINT('',(91.,49.2,-7.));
#8702 = VECTOR('',#8703,1.);
#8703 = DIRECTION('',(0.,0.,1.));
#8704 = ORIENTED_EDGE('',*,*,#8705,.T.);
#8705 = EDGE_CURVE('',#8628,#8511,#8706,.T.);
#8706 = CIRCLE('',#8707,0.8);
#8707 = AXIS2_PLACEMENT_3D('',#8708,#8709,#8710);
#8708 = CARTESIAN_POINT('',(90.2,49.2,-6.2));
#8709 = DIRECTION('',(0.,0.,1.));
#8710 = DIRECTION('',(1.,0.,0.));
#8711 = ORIENTED_EDGE('',*,*,#8510,.T.);
#8712 = ORIENTED_EDGE('',*,*,#8713,.T.);
#8713 = EDGE_CURVE('',#8503,#8677,#8714,.T.);
#8714 = CIRCLE('',#8715,0.8);
#8715 = AXIS2_PLACEMENT_3D('',#8716,#8717,#8718);
#8716 = CARTESIAN_POINT('',(90.2,49.2,10.2));
#8717 = DIRECTION('',(0.,0.,-1.));
#8718 = DIRECTION('',(1.,0.,0.));
#8719 = CYLINDRICAL_SURFACE('',#8720,0.8);
#8720 = AXIS2_PLACEMENT_3D('',#8721,#8722,#8723);
#8721 = CARTESIAN_POINT('',(90.2,49.2,-7.));
#8722 = DIRECTION('',(0.,0.,1.));
#8723 = DIRECTION('',(1.,0.,0.));
#8724 = ADVANCED_FACE('',(#8725),#8730,.T.);
#8725 = FACE_BOUND('',#8726,.F.);
#8726 = EDGE_LOOP('',(#8727,#8728,#8729));
#8727 = ORIENTED_EDGE('',*,*,#8619,.F.);
#8728 = ORIENTED_EDGE('',*,*,#8534,.T.);
#8729 = ORIENTED_EDGE('',*,*,#8578,.F.);
#8730 = SPHERICAL_SURFACE('',#8731,0.8);
#8731 = AXIS2_PLACEMENT_3D('',#8732,#8733,#8734);
#8732 = CARTESIAN_POINT('',(90.2,18.8,-6.2));
#8733 = DIRECTION('',(0.,0.,1.));
#8734 = DIRECTION('',(1.,0.,0.));
#8735 = ADVANCED_FACE('',(#8736),#8741,.T.);
#8736 = FACE_BOUND('',#8737,.T.);
#8737 = EDGE_LOOP('',(#8738,#8739,#8740));
#8738 = ORIENTED_EDGE('',*,*,#8668,.F.);
#8739 = ORIENTED_EDGE('',*,*,#8552,.T.);
#8740 = ORIENTED_EDGE('',*,*,#8586,.F.);
#8741 = SPHERICAL_SURFACE('',#8742,0.8);
#8742 = AXIS2_PLACEMENT_3D('',#8743,#8744,#8745);
#8743 = CARTESIAN_POINT('',(90.2,18.8,10.2));
#8744 = DIRECTION('',(-0.,-0.,-1.));
#8745 = DIRECTION('',(1.,0.,0.));
#8746 = ADVANCED_FACE('',(#8747),#8753,.T.);
#8747 = FACE_BOUND('',#8748,.T.);
#8748 = EDGE_LOOP('',(#8749,#8750,#8751,#8752));
#8749 = ORIENTED_EDGE('',*,*,#8568,.F.);
#8750 = ORIENTED_EDGE('',*,*,#8636,.T.);
#8751 = ORIENTED_EDGE('',*,*,#8699,.T.);
#8752 = ORIENTED_EDGE('',*,*,#8685,.F.);
#8753 = PLANE('',#8754);
#8754 = AXIS2_PLACEMENT_3D('',#8755,#8756,#8757);
#8755 = CARTESIAN_POINT('',(91.,18.,-7.));
#8756 = DIRECTION('',(1.,0.,0.));
#8757 = DIRECTION('',(0.,0.,1.));
#8758 = ADVANCED_FACE('',(#8759),#8764,.T.);
#8759 = FACE_BOUND('',#8760,.T.);
#8760 = EDGE_LOOP('',(#8761,#8762,#8763));
#8761 = ORIENTED_EDGE('',*,*,#8627,.F.);
#8762 = ORIENTED_EDGE('',*,*,#8603,.T.);
#8763 = ORIENTED_EDGE('',*,*,#8705,.F.);
#8764 = SPHERICAL_SURFACE('',#8765,0.8);
#8765 = AXIS2_PLACEMENT_3D('',#8766,#8767,#8768);
#8766 = CARTESIAN_POINT('',(90.2,49.2,-6.2));
#8767 = DIRECTION('',(0.,0.,1.));
#8768 = DIRECTION('',(1.,0.,0.));
#8769 = ADVANCED_FACE('',(#8770),#8775,.T.);
#8770 = FACE_BOUND('',#8771,.T.);
#8771 = EDGE_LOOP('',(#8772,#8773,#8774));
#8772 = ORIENTED_EDGE('',*,*,#8713,.F.);
#8773 = ORIENTED_EDGE('',*,*,#8652,.T.);
#8774 = ORIENTED_EDGE('',*,*,#8676,.F.);
#8775 = SPHERICAL_SURFACE('',#8776,0.8);
#8776 = AXIS2_PLACEMENT_3D('',#8777,#8778,#8779);
#8777 = CARTESIAN_POINT('',(90.2,49.2,10.2));
#8778 = DIRECTION('',(0.,-1.,0.));
#8779 = DIRECTION('',(1.,0.,0.));
#8780 = MANIFOLD_SOLID_BREP('',#8781);
#8781 = CLOSED_SHELL('',(#8782,#8822,#8855,#8888,#8921,#8954,#8971,#8988
    ,#9019,#9050,#9067,#9098,#9115,#9146,#9164,#9182,#9215,#9233,#9264,
    #9282,#9313,#9342,#9353,#9364,#9376,#9387));
#8782 = ADVANCED_FACE('',(#8783),#8817,.F.);
#8783 = FACE_BOUND('',#8784,.F.);
#8784 = EDGE_LOOP('',(#8785,#8795,#8803,#8811));
#8785 = ORIENTED_EDGE('',*,*,#8786,.F.);
#8786 = EDGE_CURVE('',#8787,#8789,#8791,.T.);
#8787 = VERTEX_POINT('',#8788);
#8788 = CARTESIAN_POINT('',(81.,28.8,-8.2));
#8789 = VERTEX_POINT('',#8790);
#8790 = CARTESIAN_POINT('',(81.,28.8,8.2));
#8791 = LINE('',#8792,#8793);
#8792 = CARTESIAN_POINT('',(81.,28.8,-9.));
#8793 = VECTOR('',#8794,1.);
#8794 = DIRECTION('',(0.,0.,1.));
#8795 = ORIENTED_EDGE('',*,*,#8796,.T.);
#8796 = EDGE_CURVE('',#8787,#8797,#8799,.T.);
#8797 = VERTEX_POINT('',#8798);
#8798 = CARTESIAN_POINT('',(81.,49.2,-8.2));
#8799 = LINE('',#8800,#8801);
#8800 = CARTESIAN_POINT('',(81.,28.,-8.2));
#8801 = VECTOR('',#8802,1.);
#8802 = DIRECTION('',(0.,1.,0.));
#8803 = ORIENTED_EDGE('',*,*,#8804,.T.);
#8804 = EDGE_CURVE('',#8797,#8805,#8807,.T.);
#8805 = VERTEX_POINT('',#8806);
#8806 = CARTESIAN_POINT('',(81.,49.2,8.2));
#8807 = LINE('',#8808,#8809);
#8808 = CARTESIAN_POINT('',(81.,49.2,-9.));
#8809 = VECTOR('',#8810,1.);
#8810 = DIRECTION('',(0.,0.,1.));
#8811 = ORIENTED_EDGE('',*,*,#8812,.F.);
#8812 = EDGE_CURVE('',#8789,#8805,#8813,.T.);
#8813 = LINE('',#8814,#8815);
#8814 = CARTESIAN_POINT('',(81.,28.,8.2));
#8815 = VECTOR('',#8816,1.);
#8816 = DIRECTION('',(0.,1.,0.));
#8817 = PLANE('',#8818);
#8818 = AXIS2_PLACEMENT_3D('',#8819,#8820,#8821);
#8819 = CARTESIAN_POINT('',(81.,28.,-9.));
#8820 = DIRECTION('',(1.,0.,0.));
#8821 = DIRECTION('',(0.,0.,1.));
#8822 = ADVANCED_FACE('',(#8823),#8850,.T.);
#8823 = FACE_BOUND('',#8824,.T.);
#8824 = EDGE_LOOP('',(#8825,#8826,#8835,#8843));
#8825 = ORIENTED_EDGE('',*,*,#8786,.F.);
#8826 = ORIENTED_EDGE('',*,*,#8827,.T.);
#8827 = EDGE_CURVE('',#8787,#8828,#8830,.T.);
#8828 = VERTEX_POINT('',#8829);
#8829 = CARTESIAN_POINT('',(81.8,28.,-8.2));
#8830 = CIRCLE('',#8831,0.8);
#8831 = AXIS2_PLACEMENT_3D('',#8832,#8833,#8834);
#8832 = CARTESIAN_POINT('',(81.8,28.8,-8.2));
#8833 = DIRECTION('',(0.,0.,1.));
#8834 = DIRECTION('',(-1.,0.,0.));
#8835 = ORIENTED_EDGE('',*,*,#8836,.T.);
#8836 = EDGE_CURVE('',#8828,#8837,#8839,.T.);
#8837 = VERTEX_POINT('',#8838);
#8838 = CARTESIAN_POINT('',(81.8,28.,8.2));
#8839 = LINE('',#8840,#8841);
#8840 = CARTESIAN_POINT('',(81.8,28.,-9.));
#8841 = VECTOR('',#8842,1.);
#8842 = DIRECTION('',(0.,0.,1.));
#8843 = ORIENTED_EDGE('',*,*,#8844,.F.);
#8844 = EDGE_CURVE('',#8789,#8837,#8845,.T.);
#8845 = CIRCLE('',#8846,0.8);
#8846 = AXIS2_PLACEMENT_3D('',#8847,#8848,#8849);
#8847 = CARTESIAN_POINT('',(81.8,28.8,8.2));
#8848 = DIRECTION('',(0.,0.,1.));
#8849 = DIRECTION('',(-1.,0.,0.));
#8850 = CYLINDRICAL_SURFACE('',#8851,0.8);
#8851 = AXIS2_PLACEMENT_3D('',#8852,#8853,#8854);
#8852 = CARTESIAN_POINT('',(81.8,28.8,-9.));
#8853 = DIRECTION('',(0.,0.,1.));
#8854 = DIRECTION('',(-1.,0.,0.));
#8855 = ADVANCED_FACE('',(#8856),#8883,.T.);
#8856 = FACE_BOUND('',#8857,.F.);
#8857 = EDGE_LOOP('',(#8858,#8867,#8875,#8882));
#8858 = ORIENTED_EDGE('',*,*,#8859,.F.);
#8859 = EDGE_CURVE('',#8860,#8787,#8862,.T.);
#8860 = VERTEX_POINT('',#8861);
#8861 = CARTESIAN_POINT('',(81.8,28.8,-9.));
#8862 = CIRCLE('',#8863,0.8);
#8863 = AXIS2_PLACEMENT_3D('',#8864,#8865,#8866);
#8864 = CARTESIAN_POINT('',(81.8,28.8,-8.2));
#8865 = DIRECTION('',(0.,1.,-0.));
#8866 = DIRECTION('',(-1.,0.,0.));
#8867 = ORIENTED_EDGE('',*,*,#8868,.T.);
#8868 = EDGE_CURVE('',#8860,#8869,#8871,.T.);
#8869 = VERTEX_POINT('',#8870);
#8870 = CARTESIAN_POINT('',(81.8,49.2,-9.));
#8871 = LINE('',#8872,#8873);
#8872 = CARTESIAN_POINT('',(81.8,28.,-9.));
#8873 = VECTOR('',#8874,1.);
#8874 = DIRECTION('',(0.,1.,0.));
#8875 = ORIENTED_EDGE('',*,*,#8876,.T.);
#8876 = EDGE_CURVE('',#8869,#8797,#8877,.T.);
#8877 = CIRCLE('',#8878,0.8);
#8878 = AXIS2_PLACEMENT_3D('',#8879,#8880,#8881);
#8879 = CARTESIAN_POINT('',(81.8,49.2,-8.2));
#8880 = DIRECTION('',(0.,1.,-0.));
#8881 = DIRECTION('',(-1.,0.,0.));
#8882 = ORIENTED_EDGE('',*,*,#8796,.F.);
#8883 = CYLINDRICAL_SURFACE('',#8884,0.8);
#8884 = AXIS2_PLACEMENT_3D('',#8885,#8886,#8887);
#8885 = CARTESIAN_POINT('',(81.8,28.,-8.2));
#8886 = DIRECTION('',(0.,1.,0.));
#8887 = DIRECTION('',(-1.,0.,0.));
#8888 = ADVANCED_FACE('',(#8889),#8916,.T.);
#8889 = FACE_BOUND('',#8890,.T.);
#8890 = EDGE_LOOP('',(#8891,#8900,#8908,#8915));
#8891 = ORIENTED_EDGE('',*,*,#8892,.F.);
#8892 = EDGE_CURVE('',#8893,#8789,#8895,.T.);
#8893 = VERTEX_POINT('',#8894);
#8894 = CARTESIAN_POINT('',(81.8,28.8,9.));
#8895 = CIRCLE('',#8896,0.8);
#8896 = AXIS2_PLACEMENT_3D('',#8897,#8898,#8899);
#8897 = CARTESIAN_POINT('',(81.8,28.8,8.2));
#8898 = DIRECTION('',(0.,-1.,0.));
#8899 = DIRECTION('',(-1.,0.,0.));
#8900 = ORIENTED_EDGE('',*,*,#8901,.T.);
#8901 = EDGE_CURVE('',#8893,#8902,#8904,.T.);
#8902 = VERTEX_POINT('',#8903);
#8903 = CARTESIAN_POINT('',(81.8,49.2,9.));
#8904 = LINE('',#8905,#8906);
#8905 = CARTESIAN_POINT('',(81.8,28.,9.));
#8906 = VECTOR('',#8907,1.);
#8907 = DIRECTION('',(0.,1.,0.));
#8908 = ORIENTED_EDGE('',*,*,#8909,.F.);
#8909 = EDGE_CURVE('',#8805,#8902,#8910,.T.);
#8910 = CIRCLE('',#8911,0.8);
#8911 = AXIS2_PLACEMENT_3D('',#8912,#8913,#8914);
#8912 = CARTESIAN_POINT('',(81.8,49.2,8.2));
#8913 = DIRECTION('',(0.,1.,-0.));
#8914 = DIRECTION('',(-1.,0.,0.));
#8915 = ORIENTED_EDGE('',*,*,#8812,.F.);
#8916 = CYLINDRICAL_SURFACE('',#8917,0.8);
#8917 = AXIS2_PLACEMENT_3D('',#8918,#8919,#8920);
#8918 = CARTESIAN_POINT('',(81.8,28.,8.2));
#8919 = DIRECTION('',(0.,1.,0.));
#8920 = DIRECTION('',(-1.,0.,0.));
#8921 = ADVANCED_FACE('',(#8922),#8949,.T.);
#8922 = FACE_BOUND('',#8923,.F.);
#8923 = EDGE_LOOP('',(#8924,#8925,#8934,#8942));
#8924 = ORIENTED_EDGE('',*,*,#8804,.F.);
#8925 = ORIENTED_EDGE('',*,*,#8926,.T.);
#8926 = EDGE_CURVE('',#8797,#8927,#8929,.T.);
#8927 = VERTEX_POINT('',#8928);
#8928 = CARTESIAN_POINT('',(81.8,50.,-8.2));
#8929 = CIRCLE('',#8930,0.8);
#8930 = AXIS2_PLACEMENT_3D('',#8931,#8932,#8933);
#8931 = CARTESIAN_POINT('',(81.8,49.2,-8.2));
#8932 = DIRECTION('',(0.,0.,-1.));
#8933 = DIRECTION('',(-1.,0.,0.));
#8934 = ORIENTED_EDGE('',*,*,#8935,.T.);
#8935 = EDGE_CURVE('',#8927,#8936,#8938,.T.);
#8936 = VERTEX_POINT('',#8937);
#8937 = CARTESIAN_POINT('',(81.8,50.,8.2));
#8938 = LINE('',#8939,#8940);
#8939 = CARTESIAN_POINT('',(81.8,50.,-9.));
#8940 = VECTOR('',#8941,1.);
#8941 = DIRECTION('',(0.,0.,1.));
#8942 = ORIENTED_EDGE('',*,*,#8943,.T.);
#8943 = EDGE_CURVE('',#8936,#8805,#8944,.T.);
#8944 = CIRCLE('',#8945,0.8);
#8945 = AXIS2_PLACEMENT_3D('',#8946,#8947,#8948);
#8946 = CARTESIAN_POINT('',(81.8,49.2,8.2));
#8947 = DIRECTION('',(0.,0.,1.));
#8948 = DIRECTION('',(-1.,0.,0.));
#8949 = CYLINDRICAL_SURFACE('',#8950,0.8);
#8950 = AXIS2_PLACEMENT_3D('',#8951,#8952,#8953);
#8951 = CARTESIAN_POINT('',(81.8,49.2,-9.));
#8952 = DIRECTION('',(0.,0.,1.));
#8953 = DIRECTION('',(-1.,0.,0.));
#8954 = ADVANCED_FACE('',(#8955),#8966,.T.);
#8955 = FACE_BOUND('',#8956,.T.);
#8956 = EDGE_LOOP('',(#8957,#8958,#8965));
#8957 = ORIENTED_EDGE('',*,*,#8859,.F.);
#8958 = ORIENTED_EDGE('',*,*,#8959,.T.);
#8959 = EDGE_CURVE('',#8860,#8828,#8960,.T.);
#8960 = CIRCLE('',#8961,0.8);
#8961 = AXIS2_PLACEMENT_3D('',#8962,#8963,#8964);
#8962 = CARTESIAN_POINT('',(81.8,28.8,-8.2));
#8963 = DIRECTION('',(-1.,6.123233995737E-17,0.));
#8964 = DIRECTION('',(-6.123233995737E-17,-1.,0.));
#8965 = ORIENTED_EDGE('',*,*,#8827,.F.);
#8966 = SPHERICAL_SURFACE('',#8967,0.8);
#8967 = AXIS2_PLACEMENT_3D('',#8968,#8969,#8970);
#8968 = CARTESIAN_POINT('',(81.8,28.8,-8.2));
#8969 = DIRECTION('',(0.,0.,1.));
#8970 = DIRECTION('',(-1.,0.,0.));
#8971 = ADVANCED_FACE('',(#8972),#8983,.T.);
#8972 = FACE_BOUND('',#8973,.F.);
#8973 = EDGE_LOOP('',(#8974,#8975,#8982));
#8974 = ORIENTED_EDGE('',*,*,#8892,.F.);
#8975 = ORIENTED_EDGE('',*,*,#8976,.T.);
#8976 = EDGE_CURVE('',#8893,#8837,#8977,.T.);
#8977 = CIRCLE('',#8978,0.8);
#8978 = AXIS2_PLACEMENT_3D('',#8979,#8980,#8981);
#8979 = CARTESIAN_POINT('',(81.8,28.8,8.2));
#8980 = DIRECTION('',(1.,-6.123233995737E-17,0.));
#8981 = DIRECTION('',(-6.123233995737E-17,-1.,0.));
#8982 = ORIENTED_EDGE('',*,*,#8844,.F.);
#8983 = SPHERICAL_SURFACE('',#8984,0.8);
#8984 = AXIS2_PLACEMENT_3D('',#8985,#8986,#8987);
#8985 = CARTESIAN_POINT('',(81.8,28.8,8.2));
#8986 = DIRECTION('',(-0.,-0.,-1.));
#8987 = DIRECTION('',(-1.,0.,0.));
#8988 = ADVANCED_FACE('',(#8989),#9014,.F.);
#8989 = FACE_BOUND('',#8990,.F.);
#8990 = EDGE_LOOP('',(#8991,#8992,#9000,#9008));
#8991 = ORIENTED_EDGE('',*,*,#8836,.T.);
#8992 = ORIENTED_EDGE('',*,*,#8993,.T.);
#8993 = EDGE_CURVE('',#8837,#8994,#8996,.T.);
#8994 = VERTEX_POINT('',#8995);
#8995 = CARTESIAN_POINT('',(90.2,28.,8.2));
#8996 = LINE('',#8997,#8998);
#8997 = CARTESIAN_POINT('',(81.,28.,8.2));
#8998 = VECTOR('',#8999,1.);
#8999 = DIRECTION('',(1.,0.,0.));
#9000 = ORIENTED_EDGE('',*,*,#9001,.F.);
#9001 = EDGE_CURVE('',#9002,#8994,#9004,.T.);
#9002 = VERTEX_POINT('',#9003);
#9003 = CARTESIAN_POINT('',(90.2,28.,-8.2));
#9004 = LINE('',#9005,#9006);
#9005 = CARTESIAN_POINT('',(90.2,28.,-9.));
#9006 = VECTOR('',#9007,1.);
#9007 = DIRECTION('',(0.,0.,1.));
#9008 = ORIENTED_EDGE('',*,*,#9009,.F.);
#9009 = EDGE_CURVE('',#8828,#9002,#9010,.T.);
#9010 = LINE('',#9011,#9012);
#9011 = CARTESIAN_POINT('',(81.,28.,-8.2));
#9012 = VECTOR('',#9013,1.);
#9013 = DIRECTION('',(1.,0.,0.));
#9014 = PLANE('',#9015);
#9015 = AXIS2_PLACEMENT_3D('',#9016,#9017,#9018);
#9016 = CARTESIAN_POINT('',(81.,28.,-9.));
#9017 = DIRECTION('',(0.,1.,0.));
#9018 = DIRECTION('',(0.,0.,1.));
#9019 = ADVANCED_FACE('',(#9020),#9045,.F.);
#9020 = FACE_BOUND('',#9021,.F.);
#9021 = EDGE_LOOP('',(#9022,#9023,#9031,#9039));
#9022 = ORIENTED_EDGE('',*,*,#8868,.F.);
#9023 = ORIENTED_EDGE('',*,*,#9024,.T.);
#9024 = EDGE_CURVE('',#8860,#9025,#9027,.T.);
#9025 = VERTEX_POINT('',#9026);
#9026 = CARTESIAN_POINT('',(90.2,28.8,-9.));
#9027 = LINE('',#9028,#9029);
#9028 = CARTESIAN_POINT('',(81.,28.8,-9.));
#9029 = VECTOR('',#9030,1.);
#9030 = DIRECTION('',(1.,0.,0.));
#9031 = ORIENTED_EDGE('',*,*,#9032,.T.);
#9032 = EDGE_CURVE('',#9025,#9033,#9035,.T.);
#9033 = VERTEX_POINT('',#9034);
#9034 = CARTESIAN_POINT('',(90.2,49.2,-9.));
#9035 = LINE('',#9036,#9037);
#9036 = CARTESIAN_POINT('',(90.2,28.,-9.));
#9037 = VECTOR('',#9038,1.);
#9038 = DIRECTION('',(0.,1.,0.));
#9039 = ORIENTED_EDGE('',*,*,#9040,.F.);
#9040 = EDGE_CURVE('',#8869,#9033,#9041,.T.);
#9041 = LINE('',#9042,#9043);
#9042 = CARTESIAN_POINT('',(81.,49.2,-9.));
#9043 = VECTOR('',#9044,1.);
#9044 = DIRECTION('',(1.,0.,0.));
#9045 = PLANE('',#9046);
#9046 = AXIS2_PLACEMENT_3D('',#9047,#9048,#9049);
#9047 = CARTESIAN_POINT('',(81.,28.,-9.));
#9048 = DIRECTION('',(0.,0.,1.));
#9049 = DIRECTION('',(1.,0.,0.));
#9050 = ADVANCED_FACE('',(#9051),#9062,.T.);
#9051 = FACE_BOUND('',#9052,.F.);
#9052 = EDGE_LOOP('',(#9053,#9054,#9061));
#9053 = ORIENTED_EDGE('',*,*,#8876,.F.);
#9054 = ORIENTED_EDGE('',*,*,#9055,.T.);
#9055 = EDGE_CURVE('',#8869,#8927,#9056,.T.);
#9056 = CIRCLE('',#9057,0.8);
#9057 = AXIS2_PLACEMENT_3D('',#9058,#9059,#9060);
#9058 = CARTESIAN_POINT('',(81.8,49.2,-8.2));
#9059 = DIRECTION('',(1.,6.123233995737E-17,-0.));
#9060 = DIRECTION('',(-6.123233995737E-17,1.,0.));
#9061 = ORIENTED_EDGE('',*,*,#8926,.F.);
#9062 = SPHERICAL_SURFACE('',#9063,0.8);
#9063 = AXIS2_PLACEMENT_3D('',#9064,#9065,#9066);
#9064 = CARTESIAN_POINT('',(81.8,49.2,-8.2));
#9065 = DIRECTION('',(0.,0.,1.));
#9066 = DIRECTION('',(-1.,0.,0.));
#9067 = ADVANCED_FACE('',(#9068),#9093,.T.);
#9068 = FACE_BOUND('',#9069,.T.);
#9069 = EDGE_LOOP('',(#9070,#9071,#9079,#9087));
#9070 = ORIENTED_EDGE('',*,*,#8901,.F.);
#9071 = ORIENTED_EDGE('',*,*,#9072,.T.);
#9072 = EDGE_CURVE('',#8893,#9073,#9075,.T.);
#9073 = VERTEX_POINT('',#9074);
#9074 = CARTESIAN_POINT('',(90.2,28.8,9.));
#9075 = LINE('',#9076,#9077);
#9076 = CARTESIAN_POINT('',(81.,28.8,9.));
#9077 = VECTOR('',#9078,1.);
#9078 = DIRECTION('',(1.,0.,0.));
#9079 = ORIENTED_EDGE('',*,*,#9080,.T.);
#9080 = EDGE_CURVE('',#9073,#9081,#9083,.T.);
#9081 = VERTEX_POINT('',#9082);
#9082 = CARTESIAN_POINT('',(90.2,49.2,9.));
#9083 = LINE('',#9084,#9085);
#9084 = CARTESIAN_POINT('',(90.2,28.,9.));
#9085 = VECTOR('',#9086,1.);
#9086 = DIRECTION('',(0.,1.,0.));
#9087 = ORIENTED_EDGE('',*,*,#9088,.F.);
#9088 = EDGE_CURVE('',#8902,#9081,#9089,.T.);
#9089 = LINE('',#9090,#9091);
#9090 = CARTESIAN_POINT('',(81.,49.2,9.));
#9091 = VECTOR('',#9092,1.);
#9092 = DIRECTION('',(1.,0.,0.));
#9093 = PLANE('',#9094);
#9094 = AXIS2_PLACEMENT_3D('',#9095,#9096,#9097);
#9095 = CARTESIAN_POINT('',(81.,28.,9.));
#9096 = DIRECTION('',(0.,0.,1.));
#9097 = DIRECTION('',(1.,0.,0.));
#9098 = ADVANCED_FACE('',(#9099),#9110,.T.);
#9099 = FACE_BOUND('',#9100,.F.);
#9100 = EDGE_LOOP('',(#9101,#9102,#9109));
#9101 = ORIENTED_EDGE('',*,*,#8943,.F.);
#9102 = ORIENTED_EDGE('',*,*,#9103,.T.);
#9103 = EDGE_CURVE('',#8936,#8902,#9104,.T.);
#9104 = CIRCLE('',#9105,0.8);
#9105 = AXIS2_PLACEMENT_3D('',#9106,#9107,#9108);
#9106 = CARTESIAN_POINT('',(81.8,49.2,8.2));
#9107 = DIRECTION('',(1.,0.,6.123233995737E-17));
#9108 = DIRECTION('',(-6.123233995737E-17,0.,1.));
#9109 = ORIENTED_EDGE('',*,*,#8909,.F.);
#9110 = SPHERICAL_SURFACE('',#9111,0.8);
#9111 = AXIS2_PLACEMENT_3D('',#9112,#9113,#9114);
#9112 = CARTESIAN_POINT('',(81.8,49.2,8.2));
#9113 = DIRECTION('',(0.,-1.,0.));
#9114 = DIRECTION('',(-1.,0.,0.));
#9115 = ADVANCED_FACE('',(#9116),#9141,.T.);
#9116 = FACE_BOUND('',#9117,.T.);
#9117 = EDGE_LOOP('',(#9118,#9119,#9127,#9135));
#9118 = ORIENTED_EDGE('',*,*,#8935,.T.);
#9119 = ORIENTED_EDGE('',*,*,#9120,.T.);
#9120 = EDGE_CURVE('',#8936,#9121,#9123,.T.);
#9121 = VERTEX_POINT('',#9122);
#9122 = CARTESIAN_POINT('',(90.2,50.,8.2));
#9123 = LINE('',#9124,#9125);
#9124 = CARTESIAN_POINT('',(81.,50.,8.2));
#9125 = VECTOR('',#9126,1.);
#9126 = DIRECTION('',(1.,0.,0.));
#9127 = ORIENTED_EDGE('',*,*,#9128,.F.);
#9128 = EDGE_CURVE('',#9129,#9121,#9131,.T.);
#9129 = VERTEX_POINT('',#9130);
#9130 = CARTESIAN_POINT('',(90.2,50.,-8.2));
#9131 = LINE('',#9132,#9133);
#9132 = CARTESIAN_POINT('',(90.2,50.,-9.));
#9133 = VECTOR('',#9134,1.);
#9134 = DIRECTION('',(0.,0.,1.));
#9135 = ORIENTED_EDGE('',*,*,#9136,.F.);
#9136 = EDGE_CURVE('',#8927,#9129,#9137,.T.);
#9137 = LINE('',#9138,#9139);
#9138 = CARTESIAN_POINT('',(81.,50.,-8.2));
#9139 = VECTOR('',#9140,1.);
#9140 = DIRECTION('',(1.,0.,0.));
#9141 = PLANE('',#9142);
#9142 = AXIS2_PLACEMENT_3D('',#9143,#9144,#9145);
#9143 = CARTESIAN_POINT('',(81.,50.,-9.));
#9144 = DIRECTION('',(0.,1.,0.));
#9145 = DIRECTION('',(0.,0.,1.));
#9146 = ADVANCED_FACE('',(#9147),#9159,.T.);
#9147 = FACE_BOUND('',#9148,.T.);
#9148 = EDGE_LOOP('',(#9149,#9150,#9151,#9158));
#9149 = ORIENTED_EDGE('',*,*,#8959,.F.);
#9150 = ORIENTED_EDGE('',*,*,#9024,.T.);
#9151 = ORIENTED_EDGE('',*,*,#9152,.T.);
#9152 = EDGE_CURVE('',#9025,#9002,#9153,.T.);
#9153 = CIRCLE('',#9154,0.8);
#9154 = AXIS2_PLACEMENT_3D('',#9155,#9156,#9157);
#9155 = CARTESIAN_POINT('',(90.2,28.8,-8.2));
#9156 = DIRECTION('',(-1.,-6.123233995737E-17,0.));
#9157 = DIRECTION('',(6.123233995737E-17,-1.,0.));
#9158 = ORIENTED_EDGE('',*,*,#9009,.F.);
#9159 = CYLINDRICAL_SURFACE('',#9160,0.8);
#9160 = AXIS2_PLACEMENT_3D('',#9161,#9162,#9163);
#9161 = CARTESIAN_POINT('',(81.,28.8,-8.2));
#9162 = DIRECTION('',(1.,0.,0.));
#9163 = DIRECTION('',(0.,-1.,0.));
#9164 = ADVANCED_FACE('',(#9165),#9177,.T.);
#9165 = FACE_BOUND('',#9166,.F.);
#9166 = EDGE_LOOP('',(#9167,#9168,#9169,#9176));
#9167 = ORIENTED_EDGE('',*,*,#8976,.F.);
#9168 = ORIENTED_EDGE('',*,*,#9072,.T.);
#9169 = ORIENTED_EDGE('',*,*,#9170,.T.);
#9170 = EDGE_CURVE('',#9073,#8994,#9171,.T.);
#9171 = CIRCLE('',#9172,0.8);
#9172 = AXIS2_PLACEMENT_3D('',#9173,#9174,#9175);
#9173 = CARTESIAN_POINT('',(90.2,28.8,8.2));
#9174 = DIRECTION('',(1.,6.123233995737E-17,0.));
#9175 = DIRECTION('',(6.123233995737E-17,-1.,0.));
#9176 = ORIENTED_EDGE('',*,*,#8993,.F.);
#9177 = CYLINDRICAL_SURFACE('',#9178,0.8);
#9178 = AXIS2_PLACEMENT_3D('',#9179,#9180,#9181);
#9179 = CARTESIAN_POINT('',(81.,28.8,8.2));
#9180 = DIRECTION('',(1.,0.,0.));
#9181 = DIRECTION('',(0.,-1.,0.));
#9182 = ADVANCED_FACE('',(#9183),#9210,.T.);
#9183 = FACE_BOUND('',#9184,.F.);
#9184 = EDGE_LOOP('',(#9185,#9195,#9202,#9203));
#9185 = ORIENTED_EDGE('',*,*,#9186,.F.);
#9186 = EDGE_CURVE('',#9187,#9189,#9191,.T.);
#9187 = VERTEX_POINT('',#9188);
#9188 = CARTESIAN_POINT('',(91.,28.8,-8.2));
#9189 = VERTEX_POINT('',#9190);
#9190 = CARTESIAN_POINT('',(91.,28.8,8.2));
#9191 = LINE('',#9192,#9193);
#9192 = CARTESIAN_POINT('',(91.,28.8,-9.));
#9193 = VECTOR('',#9194,1.);
#9194 = DIRECTION('',(0.,0.,1.));
#9195 = ORIENTED_EDGE('',*,*,#9196,.T.);
#9196 = EDGE_CURVE('',#9187,#9002,#9197,.T.);
#9197 = CIRCLE('',#9198,0.8);
#9198 = AXIS2_PLACEMENT_3D('',#9199,#9200,#9201);
#9199 = CARTESIAN_POINT('',(90.2,28.8,-8.2));
#9200 = DIRECTION('',(0.,0.,-1.));
#9201 = DIRECTION('',(1.,0.,0.));
#9202 = ORIENTED_EDGE('',*,*,#9001,.T.);
#9203 = ORIENTED_EDGE('',*,*,#9204,.F.);
#9204 = EDGE_CURVE('',#9189,#8994,#9205,.T.);
#9205 = CIRCLE('',#9206,0.8);
#9206 = AXIS2_PLACEMENT_3D('',#9207,#9208,#9209);
#9207 = CARTESIAN_POINT('',(90.2,28.8,8.2));
#9208 = DIRECTION('',(0.,0.,-1.));
#9209 = DIRECTION('',(1.,0.,0.));
#9210 = CYLINDRICAL_SURFACE('',#9211,0.8);
#9211 = AXIS2_PLACEMENT_3D('',#9212,#9213,#9214);
#9212 = CARTESIAN_POINT('',(90.2,28.8,-9.));
#9213 = DIRECTION('',(0.,0.,1.));
#9214 = DIRECTION('',(1.,0.,0.));
#9215 = ADVANCED_FACE('',(#9216),#9228,.T.);
#9216 = FACE_BOUND('',#9217,.F.);
#9217 = EDGE_LOOP('',(#9218,#9219,#9220,#9227));
#9218 = ORIENTED_EDGE('',*,*,#9055,.F.);
#9219 = ORIENTED_EDGE('',*,*,#9040,.T.);
#9220 = ORIENTED_EDGE('',*,*,#9221,.T.);
#9221 = EDGE_CURVE('',#9033,#9129,#9222,.T.);
#9222 = CIRCLE('',#9223,0.8);
#9223 = AXIS2_PLACEMENT_3D('',#9224,#9225,#9226);
#9224 = CARTESIAN_POINT('',(90.2,49.2,-8.2));
#9225 = DIRECTION('',(1.,-6.123233995737E-17,0.));
#9226 = DIRECTION('',(6.123233995737E-17,1.,0.));
#9227 = ORIENTED_EDGE('',*,*,#9136,.F.);
#9228 = CYLINDRICAL_SURFACE('',#9229,0.8);
#9229 = AXIS2_PLACEMENT_3D('',#9230,#9231,#9232);
#9230 = CARTESIAN_POINT('',(81.,49.2,-8.2));
#9231 = DIRECTION('',(1.,0.,0.));
#9232 = DIRECTION('',(0.,1.,0.));
#9233 = ADVANCED_FACE('',(#9234),#9259,.T.);
#9234 = FACE_BOUND('',#9235,.T.);
#9235 = EDGE_LOOP('',(#9236,#9243,#9244,#9253));
#9236 = ORIENTED_EDGE('',*,*,#9237,.F.);
#9237 = EDGE_CURVE('',#9025,#9187,#9238,.T.);
#9238 = CIRCLE('',#9239,0.8);
#9239 = AXIS2_PLACEMENT_3D('',#9240,#9241,#9242);
#9240 = CARTESIAN_POINT('',(90.2,28.8,-8.2));
#9241 = DIRECTION('',(0.,-1.,0.));
#9242 = DIRECTION('',(1.,0.,0.));
#9243 = ORIENTED_EDGE('',*,*,#9032,.T.);
#9244 = ORIENTED_EDGE('',*,*,#9245,.T.);
#9245 = EDGE_CURVE('',#9033,#9246,#9248,.T.);
#9246 = VERTEX_POINT('',#9247);
#9247 = CARTESIAN_POINT('',(91.,49.2,-8.2));
#9248 = CIRCLE('',#9249,0.8);
#9249 = AXIS2_PLACEMENT_3D('',#9250,#9251,#9252);
#9250 = CARTESIAN_POINT('',(90.2,49.2,-8.2));
#9251 = DIRECTION('',(0.,-1.,0.));
#9252 = DIRECTION('',(1.,0.,0.));
#9253 = ORIENTED_EDGE('',*,*,#9254,.F.);
#9254 = EDGE_CURVE('',#9187,#9246,#9255,.T.);
#9255 = LINE('',#9256,#9257);
#9256 = CARTESIAN_POINT('',(91.,28.,-8.2));
#9257 = VECTOR('',#9258,1.);
#9258 = DIRECTION('',(0.,1.,0.));
#9259 = CYLINDRICAL_SURFACE('',#9260,0.8);
#9260 = AXIS2_PLACEMENT_3D('',#9261,#9262,#9263);
#9261 = CARTESIAN_POINT('',(90.2,28.,-8.2));
#9262 = DIRECTION('',(0.,1.,0.));
#9263 = DIRECTION('',(1.,0.,0.));
#9264 = ADVANCED_FACE('',(#9265),#9277,.T.);
#9265 = FACE_BOUND('',#9266,.T.);
#9266 = EDGE_LOOP('',(#9267,#9268,#9269,#9276));
#9267 = ORIENTED_EDGE('',*,*,#9103,.T.);
#9268 = ORIENTED_EDGE('',*,*,#9088,.T.);
#9269 = ORIENTED_EDGE('',*,*,#9270,.F.);
#9270 = EDGE_CURVE('',#9121,#9081,#9271,.T.);
#9271 = CIRCLE('',#9272,0.8);
#9272 = AXIS2_PLACEMENT_3D('',#9273,#9274,#9275);
#9273 = CARTESIAN_POINT('',(90.2,49.2,8.2));
#9274 = DIRECTION('',(1.,0.,-6.123233995737E-17));
#9275 = DIRECTION('',(6.123233995737E-17,0.,1.));
#9276 = ORIENTED_EDGE('',*,*,#9120,.F.);
#9277 = CYLINDRICAL_SURFACE('',#9278,0.8);
#9278 = AXIS2_PLACEMENT_3D('',#9279,#9280,#9281);
#9279 = CARTESIAN_POINT('',(81.,49.2,8.2));
#9280 = DIRECTION('',(1.,0.,0.));
#9281 = DIRECTION('',(0.,1.,0.));
#9282 = ADVANCED_FACE('',(#9283),#9308,.T.);
#9283 = FACE_BOUND('',#9284,.F.);
#9284 = EDGE_LOOP('',(#9285,#9292,#9293,#9302));
#9285 = ORIENTED_EDGE('',*,*,#9286,.F.);
#9286 = EDGE_CURVE('',#9073,#9189,#9287,.T.);
#9287 = CIRCLE('',#9288,0.8);
#9288 = AXIS2_PLACEMENT_3D('',#9289,#9290,#9291);
#9289 = CARTESIAN_POINT('',(90.2,28.8,8.2));
#9290 = DIRECTION('',(-0.,1.,0.));
#9291 = DIRECTION('',(1.,0.,0.));
#9292 = ORIENTED_EDGE('',*,*,#9080,.T.);
#9293 = ORIENTED_EDGE('',*,*,#9294,.F.);
#9294 = EDGE_CURVE('',#9295,#9081,#9297,.T.);
#9295 = VERTEX_POINT('',#9296);
#9296 = CARTESIAN_POINT('',(91.,49.2,8.2));
#9297 = CIRCLE('',#9298,0.8);
#9298 = AXIS2_PLACEMENT_3D('',#9299,#9300,#9301);
#9299 = CARTESIAN_POINT('',(90.2,49.2,8.2));
#9300 = DIRECTION('',(0.,-1.,0.));
#9301 = DIRECTION('',(1.,0.,0.));
#9302 = ORIENTED_EDGE('',*,*,#9303,.F.);
#9303 = EDGE_CURVE('',#9189,#9295,#9304,.T.);
#9304 = LINE('',#9305,#9306);
#9305 = CARTESIAN_POINT('',(91.,28.,8.2));
#9306 = VECTOR('',#9307,1.);
#9307 = DIRECTION('',(0.,1.,0.));
#9308 = CYLINDRICAL_SURFACE('',#9309,0.8);
#9309 = AXIS2_PLACEMENT_3D('',#9310,#9311,#9312);
#9310 = CARTESIAN_POINT('',(90.2,28.,8.2));
#9311 = DIRECTION('',(0.,1.,0.));
#9312 = DIRECTION('',(1.,0.,0.));
#9313 = ADVANCED_FACE('',(#9314),#9337,.T.);
#9314 = FACE_BOUND('',#9315,.T.);
#9315 = EDGE_LOOP('',(#9316,#9322,#9329,#9330));
#9316 = ORIENTED_EDGE('',*,*,#9317,.F.);
#9317 = EDGE_CURVE('',#9246,#9295,#9318,.T.);
#9318 = LINE('',#9319,#9320);
#9319 = CARTESIAN_POINT('',(91.,49.2,-9.));
#9320 = VECTOR('',#9321,1.);
#9321 = DIRECTION('',(0.,0.,1.));
#9322 = ORIENTED_EDGE('',*,*,#9323,.T.);
#9323 = EDGE_CURVE('',#9246,#9129,#9324,.T.);
#9324 = CIRCLE('',#9325,0.8);
#9325 = AXIS2_PLACEMENT_3D('',#9326,#9327,#9328);
#9326 = CARTESIAN_POINT('',(90.2,49.2,-8.2));
#9327 = DIRECTION('',(0.,0.,1.));
#9328 = DIRECTION('',(1.,0.,0.));
#9329 = ORIENTED_EDGE('',*,*,#9128,.T.);
#9330 = ORIENTED_EDGE('',*,*,#9331,.T.);
#9331 = EDGE_CURVE('',#9121,#9295,#9332,.T.);
#9332 = CIRCLE('',#9333,0.8);
#9333 = AXIS2_PLACEMENT_3D('',#9334,#9335,#9336);
#9334 = CARTESIAN_POINT('',(90.2,49.2,8.2));
#9335 = DIRECTION('',(0.,0.,-1.));
#9336 = DIRECTION('',(1.,0.,0.));
#9337 = CYLINDRICAL_SURFACE('',#9338,0.8);
#9338 = AXIS2_PLACEMENT_3D('',#9339,#9340,#9341);
#9339 = CARTESIAN_POINT('',(90.2,49.2,-9.));
#9340 = DIRECTION('',(0.,0.,1.));
#9341 = DIRECTION('',(1.,0.,0.));
#9342 = ADVANCED_FACE('',(#9343),#9348,.T.);
#9343 = FACE_BOUND('',#9344,.F.);
#9344 = EDGE_LOOP('',(#9345,#9346,#9347));
#9345 = ORIENTED_EDGE('',*,*,#9237,.F.);
#9346 = ORIENTED_EDGE('',*,*,#9152,.T.);
#9347 = ORIENTED_EDGE('',*,*,#9196,.F.);
#9348 = SPHERICAL_SURFACE('',#9349,0.8);
#9349 = AXIS2_PLACEMENT_3D('',#9350,#9351,#9352);
#9350 = CARTESIAN_POINT('',(90.2,28.8,-8.2));
#9351 = DIRECTION('',(0.,0.,1.));
#9352 = DIRECTION('',(1.,0.,0.));
#9353 = ADVANCED_FACE('',(#9354),#9359,.T.);
#9354 = FACE_BOUND('',#9355,.T.);
#9355 = EDGE_LOOP('',(#9356,#9357,#9358));
#9356 = ORIENTED_EDGE('',*,*,#9286,.F.);
#9357 = ORIENTED_EDGE('',*,*,#9170,.T.);
#9358 = ORIENTED_EDGE('',*,*,#9204,.F.);
#9359 = SPHERICAL_SURFACE('',#9360,0.8);
#9360 = AXIS2_PLACEMENT_3D('',#9361,#9362,#9363);
#9361 = CARTESIAN_POINT('',(90.2,28.8,8.2));
#9362 = DIRECTION('',(-0.,-0.,-1.));
#9363 = DIRECTION('',(1.,0.,0.));
#9364 = ADVANCED_FACE('',(#9365),#9371,.T.);
#9365 = FACE_BOUND('',#9366,.T.);
#9366 = EDGE_LOOP('',(#9367,#9368,#9369,#9370));
#9367 = ORIENTED_EDGE('',*,*,#9186,.F.);
#9368 = ORIENTED_EDGE('',*,*,#9254,.T.);
#9369 = ORIENTED_EDGE('',*,*,#9317,.T.);
#9370 = ORIENTED_EDGE('',*,*,#9303,.F.);
#9371 = PLANE('',#9372);
#9372 = AXIS2_PLACEMENT_3D('',#9373,#9374,#9375);
#9373 = CARTESIAN_POINT('',(91.,28.,-9.));
#9374 = DIRECTION('',(1.,0.,0.));
#9375 = DIRECTION('',(0.,0.,1.));
#9376 = ADVANCED_FACE('',(#9377),#9382,.T.);
#9377 = FACE_BOUND('',#9378,.T.);
#9378 = EDGE_LOOP('',(#9379,#9380,#9381));
#9379 = ORIENTED_EDGE('',*,*,#9245,.F.);
#9380 = ORIENTED_EDGE('',*,*,#9221,.T.);
#9381 = ORIENTED_EDGE('',*,*,#9323,.F.);
#9382 = SPHERICAL_SURFACE('',#9383,0.8);
#9383 = AXIS2_PLACEMENT_3D('',#9384,#9385,#9386);
#9384 = CARTESIAN_POINT('',(90.2,49.2,-8.2));
#9385 = DIRECTION('',(0.,0.,1.));
#9386 = DIRECTION('',(1.,0.,0.));
#9387 = ADVANCED_FACE('',(#9388),#9393,.T.);
#9388 = FACE_BOUND('',#9389,.T.);
#9389 = EDGE_LOOP('',(#9390,#9391,#9392));
#9390 = ORIENTED_EDGE('',*,*,#9331,.F.);
#9391 = ORIENTED_EDGE('',*,*,#9270,.T.);
#9392 = ORIENTED_EDGE('',*,*,#9294,.F.);
#9393 = SPHERICAL_SURFACE('',#9394,0.8);
#9394 = AXIS2_PLACEMENT_3D('',#9395,#9396,#9397);
#9395 = CARTESIAN_POINT('',(90.2,49.2,8.2));
#9396 = DIRECTION('',(0.,-1.,0.));
#9397 = DIRECTION('',(1.,0.,0.));
#9398 = MANIFOLD_SOLID_BREP('',#9399);
#9399 = CLOSED_SHELL('',(#9400,#9440,#9473,#9506,#9539,#9572,#9589,#9606
    ,#9637,#9668,#9685,#9716,#9733,#9764,#9782,#9800,#9833,#9851,#9882,
    #9900,#9931,#9960,#9971,#9982,#9994,#10005));
#9400 = ADVANCED_FACE('',(#9401),#9435,.F.);
#9401 = FACE_BOUND('',#9402,.F.);
#9402 = EDGE_LOOP('',(#9403,#9413,#9421,#9429));
#9403 = ORIENTED_EDGE('',*,*,#9404,.F.);
#9404 = EDGE_CURVE('',#9405,#9407,#9409,.T.);
#9405 = VERTEX_POINT('',#9406);
#9406 = CARTESIAN_POINT('',(82.,54.8,-7.2));
#9407 = VERTEX_POINT('',#9408);
#9408 = CARTESIAN_POINT('',(82.,54.8,7.2));
#9409 = LINE('',#9410,#9411);
#9410 = CARTESIAN_POINT('',(82.,54.8,-8.));
#9411 = VECTOR('',#9412,1.);
#9412 = DIRECTION('',(0.,0.,1.));
#9413 = ORIENTED_EDGE('',*,*,#9414,.T.);
#9414 = EDGE_CURVE('',#9405,#9415,#9417,.T.);
#9415 = VERTEX_POINT('',#9416);
#9416 = CARTESIAN_POINT('',(82.,103.2,-7.2));
#9417 = LINE('',#9418,#9419);
#9418 = CARTESIAN_POINT('',(82.,54.,-7.2));
#9419 = VECTOR('',#9420,1.);
#9420 = DIRECTION('',(0.,1.,0.));
#9421 = ORIENTED_EDGE('',*,*,#9422,.T.);
#9422 = EDGE_CURVE('',#9415,#9423,#9425,.T.);
#9423 = VERTEX_POINT('',#9424);
#9424 = CARTESIAN_POINT('',(82.,103.2,7.2));
#9425 = LINE('',#9426,#9427);
#9426 = CARTESIAN_POINT('',(82.,103.2,-8.));
#9427 = VECTOR('',#9428,1.);
#9428 = DIRECTION('',(0.,0.,1.));
#9429 = ORIENTED_EDGE('',*,*,#9430,.F.);
#9430 = EDGE_CURVE('',#9407,#9423,#9431,.T.);
#9431 = LINE('',#9432,#9433);
#9432 = CARTESIAN_POINT('',(82.,54.,7.2));
#9433 = VECTOR('',#9434,1.);
#9434 = DIRECTION('',(0.,1.,0.));
#9435 = PLANE('',#9436);
#9436 = AXIS2_PLACEMENT_3D('',#9437,#9438,#9439);
#9437 = CARTESIAN_POINT('',(82.,54.,-8.));
#9438 = DIRECTION('',(1.,0.,0.));
#9439 = DIRECTION('',(0.,0.,1.));
#9440 = ADVANCED_FACE('',(#9441),#9468,.T.);
#9441 = FACE_BOUND('',#9442,.T.);
#9442 = EDGE_LOOP('',(#9443,#9444,#9453,#9461));
#9443 = ORIENTED_EDGE('',*,*,#9404,.F.);
#9444 = ORIENTED_EDGE('',*,*,#9445,.T.);
#9445 = EDGE_CURVE('',#9405,#9446,#9448,.T.);
#9446 = VERTEX_POINT('',#9447);
#9447 = CARTESIAN_POINT('',(82.8,54.,-7.2));
#9448 = CIRCLE('',#9449,0.8);
#9449 = AXIS2_PLACEMENT_3D('',#9450,#9451,#9452);
#9450 = CARTESIAN_POINT('',(82.8,54.8,-7.2));
#9451 = DIRECTION('',(0.,0.,1.));
#9452 = DIRECTION('',(-1.,0.,0.));
#9453 = ORIENTED_EDGE('',*,*,#9454,.T.);
#9454 = EDGE_CURVE('',#9446,#9455,#9457,.T.);
#9455 = VERTEX_POINT('',#9456);
#9456 = CARTESIAN_POINT('',(82.8,54.,7.2));
#9457 = LINE('',#9458,#9459);
#9458 = CARTESIAN_POINT('',(82.8,54.,-8.));
#9459 = VECTOR('',#9460,1.);
#9460 = DIRECTION('',(0.,0.,1.));
#9461 = ORIENTED_EDGE('',*,*,#9462,.F.);
#9462 = EDGE_CURVE('',#9407,#9455,#9463,.T.);
#9463 = CIRCLE('',#9464,0.8);
#9464 = AXIS2_PLACEMENT_3D('',#9465,#9466,#9467);
#9465 = CARTESIAN_POINT('',(82.8,54.8,7.2));
#9466 = DIRECTION('',(0.,0.,1.));
#9467 = DIRECTION('',(-1.,0.,0.));
#9468 = CYLINDRICAL_SURFACE('',#9469,0.8);
#9469 = AXIS2_PLACEMENT_3D('',#9470,#9471,#9472);
#9470 = CARTESIAN_POINT('',(82.8,54.8,-8.));
#9471 = DIRECTION('',(0.,0.,1.));
#9472 = DIRECTION('',(-1.,0.,0.));
#9473 = ADVANCED_FACE('',(#9474),#9501,.T.);
#9474 = FACE_BOUND('',#9475,.F.);
#9475 = EDGE_LOOP('',(#9476,#9485,#9493,#9500));
#9476 = ORIENTED_EDGE('',*,*,#9477,.F.);
#9477 = EDGE_CURVE('',#9478,#9405,#9480,.T.);
#9478 = VERTEX_POINT('',#9479);
#9479 = CARTESIAN_POINT('',(82.8,54.8,-8.));
#9480 = CIRCLE('',#9481,0.8);
#9481 = AXIS2_PLACEMENT_3D('',#9482,#9483,#9484);
#9482 = CARTESIAN_POINT('',(82.8,54.8,-7.2));
#9483 = DIRECTION('',(0.,1.,-0.));
#9484 = DIRECTION('',(-1.,0.,0.));
#9485 = ORIENTED_EDGE('',*,*,#9486,.T.);
#9486 = EDGE_CURVE('',#9478,#9487,#9489,.T.);
#9487 = VERTEX_POINT('',#9488);
#9488 = CARTESIAN_POINT('',(82.8,103.2,-8.));
#9489 = LINE('',#9490,#9491);
#9490 = CARTESIAN_POINT('',(82.8,54.,-8.));
#9491 = VECTOR('',#9492,1.);
#9492 = DIRECTION('',(0.,1.,0.));
#9493 = ORIENTED_EDGE('',*,*,#9494,.T.);
#9494 = EDGE_CURVE('',#9487,#9415,#9495,.T.);
#9495 = CIRCLE('',#9496,0.8);
#9496 = AXIS2_PLACEMENT_3D('',#9497,#9498,#9499);
#9497 = CARTESIAN_POINT('',(82.8,103.2,-7.2));
#9498 = DIRECTION('',(0.,1.,-0.));
#9499 = DIRECTION('',(-1.,0.,0.));
#9500 = ORIENTED_EDGE('',*,*,#9414,.F.);
#9501 = CYLINDRICAL_SURFACE('',#9502,0.8);
#9502 = AXIS2_PLACEMENT_3D('',#9503,#9504,#9505);
#9503 = CARTESIAN_POINT('',(82.8,54.,-7.2));
#9504 = DIRECTION('',(0.,1.,0.));
#9505 = DIRECTION('',(-1.,0.,0.));
#9506 = ADVANCED_FACE('',(#9507),#9534,.T.);
#9507 = FACE_BOUND('',#9508,.T.);
#9508 = EDGE_LOOP('',(#9509,#9518,#9526,#9533));
#9509 = ORIENTED_EDGE('',*,*,#9510,.F.);
#9510 = EDGE_CURVE('',#9511,#9407,#9513,.T.);
#9511 = VERTEX_POINT('',#9512);
#9512 = CARTESIAN_POINT('',(82.8,54.8,8.));
#9513 = CIRCLE('',#9514,0.8);
#9514 = AXIS2_PLACEMENT_3D('',#9515,#9516,#9517);
#9515 = CARTESIAN_POINT('',(82.8,54.8,7.2));
#9516 = DIRECTION('',(0.,-1.,0.));
#9517 = DIRECTION('',(-1.,0.,0.));
#9518 = ORIENTED_EDGE('',*,*,#9519,.T.);
#9519 = EDGE_CURVE('',#9511,#9520,#9522,.T.);
#9520 = VERTEX_POINT('',#9521);
#9521 = CARTESIAN_POINT('',(82.8,103.2,8.));
#9522 = LINE('',#9523,#9524);
#9523 = CARTESIAN_POINT('',(82.8,54.,8.));
#9524 = VECTOR('',#9525,1.);
#9525 = DIRECTION('',(0.,1.,0.));
#9526 = ORIENTED_EDGE('',*,*,#9527,.F.);
#9527 = EDGE_CURVE('',#9423,#9520,#9528,.T.);
#9528 = CIRCLE('',#9529,0.8);
#9529 = AXIS2_PLACEMENT_3D('',#9530,#9531,#9532);
#9530 = CARTESIAN_POINT('',(82.8,103.2,7.2));
#9531 = DIRECTION('',(0.,1.,-0.));
#9532 = DIRECTION('',(-1.,0.,1.110223024625E-15));
#9533 = ORIENTED_EDGE('',*,*,#9430,.F.);
#9534 = CYLINDRICAL_SURFACE('',#9535,0.8);
#9535 = AXIS2_PLACEMENT_3D('',#9536,#9537,#9538);
#9536 = CARTESIAN_POINT('',(82.8,54.,7.2));
#9537 = DIRECTION('',(0.,1.,0.));
#9538 = DIRECTION('',(-1.,0.,0.));
#9539 = ADVANCED_FACE('',(#9540),#9567,.T.);
#9540 = FACE_BOUND('',#9541,.F.);
#9541 = EDGE_LOOP('',(#9542,#9543,#9552,#9560));
#9542 = ORIENTED_EDGE('',*,*,#9422,.F.);
#9543 = ORIENTED_EDGE('',*,*,#9544,.T.);
#9544 = EDGE_CURVE('',#9415,#9545,#9547,.T.);
#9545 = VERTEX_POINT('',#9546);
#9546 = CARTESIAN_POINT('',(82.8,104.,-7.2));
#9547 = CIRCLE('',#9548,0.8);
#9548 = AXIS2_PLACEMENT_3D('',#9549,#9550,#9551);
#9549 = CARTESIAN_POINT('',(82.8,103.2,-7.2));
#9550 = DIRECTION('',(0.,0.,-1.));
#9551 = DIRECTION('',(-1.,0.,0.));
#9552 = ORIENTED_EDGE('',*,*,#9553,.T.);
#9553 = EDGE_CURVE('',#9545,#9554,#9556,.T.);
#9554 = VERTEX_POINT('',#9555);
#9555 = CARTESIAN_POINT('',(82.8,104.,7.2));
#9556 = LINE('',#9557,#9558);
#9557 = CARTESIAN_POINT('',(82.8,104.,-8.));
#9558 = VECTOR('',#9559,1.);
#9559 = DIRECTION('',(0.,0.,1.));
#9560 = ORIENTED_EDGE('',*,*,#9561,.T.);
#9561 = EDGE_CURVE('',#9554,#9423,#9562,.T.);
#9562 = CIRCLE('',#9563,0.8);
#9563 = AXIS2_PLACEMENT_3D('',#9564,#9565,#9566);
#9564 = CARTESIAN_POINT('',(82.8,103.2,7.2));
#9565 = DIRECTION('',(1.110223024625E-15,0.,1.));
#9566 = DIRECTION('',(-1.,0.,1.110223024625E-15));
#9567 = CYLINDRICAL_SURFACE('',#9568,0.8);
#9568 = AXIS2_PLACEMENT_3D('',#9569,#9570,#9571);
#9569 = CARTESIAN_POINT('',(82.8,103.2,-8.));
#9570 = DIRECTION('',(0.,0.,1.));
#9571 = DIRECTION('',(-1.,0.,0.));
#9572 = ADVANCED_FACE('',(#9573),#9584,.T.);
#9573 = FACE_BOUND('',#9574,.T.);
#9574 = EDGE_LOOP('',(#9575,#9576,#9583));
#9575 = ORIENTED_EDGE('',*,*,#9477,.F.);
#9576 = ORIENTED_EDGE('',*,*,#9577,.T.);
#9577 = EDGE_CURVE('',#9478,#9446,#9578,.T.);
#9578 = CIRCLE('',#9579,0.8);
#9579 = AXIS2_PLACEMENT_3D('',#9580,#9581,#9582);
#9580 = CARTESIAN_POINT('',(82.8,54.8,-7.2));
#9581 = DIRECTION('',(-1.,6.123233995737E-17,0.));
#9582 = DIRECTION('',(-6.123233995737E-17,-1.,0.));
#9583 = ORIENTED_EDGE('',*,*,#9445,.F.);
#9584 = SPHERICAL_SURFACE('',#9585,0.8);
#9585 = AXIS2_PLACEMENT_3D('',#9586,#9587,#9588);
#9586 = CARTESIAN_POINT('',(82.8,54.8,-7.2));
#9587 = DIRECTION('',(0.,0.,1.));
#9588 = DIRECTION('',(-1.,0.,0.));
#9589 = ADVANCED_FACE('',(#9590),#9601,.T.);
#9590 = FACE_BOUND('',#9591,.F.);
#9591 = EDGE_LOOP('',(#9592,#9593,#9600));
#9592 = ORIENTED_EDGE('',*,*,#9510,.F.);
#9593 = ORIENTED_EDGE('',*,*,#9594,.T.);
#9594 = EDGE_CURVE('',#9511,#9455,#9595,.T.);
#9595 = CIRCLE('',#9596,0.8);
#9596 = AXIS2_PLACEMENT_3D('',#9597,#9598,#9599);
#9597 = CARTESIAN_POINT('',(82.8,54.8,7.2));
#9598 = DIRECTION('',(1.,-6.123233995737E-17,0.));
#9599 = DIRECTION('',(-6.123233995737E-17,-1.,0.));
#9600 = ORIENTED_EDGE('',*,*,#9462,.F.);
#9601 = SPHERICAL_SURFACE('',#9602,0.8);
#9602 = AXIS2_PLACEMENT_3D('',#9603,#9604,#9605);
#9603 = CARTESIAN_POINT('',(82.8,54.8,7.2));
#9604 = DIRECTION('',(-0.,-0.,-1.));
#9605 = DIRECTION('',(-1.,0.,0.));
#9606 = ADVANCED_FACE('',(#9607),#9632,.F.);
#9607 = FACE_BOUND('',#9608,.F.);
#9608 = EDGE_LOOP('',(#9609,#9610,#9618,#9626));
#9609 = ORIENTED_EDGE('',*,*,#9454,.T.);
#9610 = ORIENTED_EDGE('',*,*,#9611,.T.);
#9611 = EDGE_CURVE('',#9455,#9612,#9614,.T.);
#9612 = VERTEX_POINT('',#9613);
#9613 = CARTESIAN_POINT('',(89.2,54.,7.2));
#9614 = LINE('',#9615,#9616);
#9615 = CARTESIAN_POINT('',(82.,54.,7.2));
#9616 = VECTOR('',#9617,1.);
#9617 = DIRECTION('',(1.,0.,0.));
#9618 = ORIENTED_EDGE('',*,*,#9619,.F.);
#9619 = EDGE_CURVE('',#9620,#9612,#9622,.T.);
#9620 = VERTEX_POINT('',#9621);
#9621 = CARTESIAN_POINT('',(89.2,54.,-7.2));
#9622 = LINE('',#9623,#9624);
#9623 = CARTESIAN_POINT('',(89.2,54.,-8.));
#9624 = VECTOR('',#9625,1.);
#9625 = DIRECTION('',(0.,0.,1.));
#9626 = ORIENTED_EDGE('',*,*,#9627,.F.);
#9627 = EDGE_CURVE('',#9446,#9620,#9628,.T.);
#9628 = LINE('',#9629,#9630);
#9629 = CARTESIAN_POINT('',(82.,54.,-7.2));
#9630 = VECTOR('',#9631,1.);
#9631 = DIRECTION('',(1.,0.,0.));
#9632 = PLANE('',#9633);
#9633 = AXIS2_PLACEMENT_3D('',#9634,#9635,#9636);
#9634 = CARTESIAN_POINT('',(82.,54.,-8.));
#9635 = DIRECTION('',(0.,1.,0.));
#9636 = DIRECTION('',(0.,0.,1.));
#9637 = ADVANCED_FACE('',(#9638),#9663,.F.);
#9638 = FACE_BOUND('',#9639,.F.);
#9639 = EDGE_LOOP('',(#9640,#9641,#9649,#9657));
#9640 = ORIENTED_EDGE('',*,*,#9486,.F.);
#9641 = ORIENTED_EDGE('',*,*,#9642,.T.);
#9642 = EDGE_CURVE('',#9478,#9643,#9645,.T.);
#9643 = VERTEX_POINT('',#9644);
#9644 = CARTESIAN_POINT('',(89.2,54.8,-8.));
#9645 = LINE('',#9646,#9647);
#9646 = CARTESIAN_POINT('',(82.,54.8,-8.));
#9647 = VECTOR('',#9648,1.);
#9648 = DIRECTION('',(1.,0.,0.));
#9649 = ORIENTED_EDGE('',*,*,#9650,.T.);
#9650 = EDGE_CURVE('',#9643,#9651,#9653,.T.);
#9651 = VERTEX_POINT('',#9652);
#9652 = CARTESIAN_POINT('',(89.2,103.2,-8.));
#9653 = LINE('',#9654,#9655);
#9654 = CARTESIAN_POINT('',(89.2,54.,-8.));
#9655 = VECTOR('',#9656,1.);
#9656 = DIRECTION('',(0.,1.,0.));
#9657 = ORIENTED_EDGE('',*,*,#9658,.F.);
#9658 = EDGE_CURVE('',#9487,#9651,#9659,.T.);
#9659 = LINE('',#9660,#9661);
#9660 = CARTESIAN_POINT('',(82.,103.2,-8.));
#9661 = VECTOR('',#9662,1.);
#9662 = DIRECTION('',(1.,0.,0.));
#9663 = PLANE('',#9664);
#9664 = AXIS2_PLACEMENT_3D('',#9665,#9666,#9667);
#9665 = CARTESIAN_POINT('',(82.,54.,-8.));
#9666 = DIRECTION('',(0.,0.,1.));
#9667 = DIRECTION('',(1.,0.,0.));
#9668 = ADVANCED_FACE('',(#9669),#9680,.T.);
#9669 = FACE_BOUND('',#9670,.F.);
#9670 = EDGE_LOOP('',(#9671,#9672,#9679));
#9671 = ORIENTED_EDGE('',*,*,#9494,.F.);
#9672 = ORIENTED_EDGE('',*,*,#9673,.T.);
#9673 = EDGE_CURVE('',#9487,#9545,#9674,.T.);
#9674 = CIRCLE('',#9675,0.8);
#9675 = AXIS2_PLACEMENT_3D('',#9676,#9677,#9678);
#9676 = CARTESIAN_POINT('',(82.8,103.2,-7.2));
#9677 = DIRECTION('',(1.,6.123233995737E-17,-0.));
#9678 = DIRECTION('',(-6.123233995737E-17,1.,0.));
#9679 = ORIENTED_EDGE('',*,*,#9544,.F.);
#9680 = SPHERICAL_SURFACE('',#9681,0.8);
#9681 = AXIS2_PLACEMENT_3D('',#9682,#9683,#9684);
#9682 = CARTESIAN_POINT('',(82.8,103.2,-7.2));
#9683 = DIRECTION('',(0.,0.,1.));
#9684 = DIRECTION('',(-1.,0.,0.));
#9685 = ADVANCED_FACE('',(#9686),#9711,.T.);
#9686 = FACE_BOUND('',#9687,.T.);
#9687 = EDGE_LOOP('',(#9688,#9689,#9697,#9705));
#9688 = ORIENTED_EDGE('',*,*,#9519,.F.);
#9689 = ORIENTED_EDGE('',*,*,#9690,.T.);
#9690 = EDGE_CURVE('',#9511,#9691,#9693,.T.);
#9691 = VERTEX_POINT('',#9692);
#9692 = CARTESIAN_POINT('',(89.2,54.8,8.));
#9693 = LINE('',#9694,#9695);
#9694 = CARTESIAN_POINT('',(82.,54.8,8.));
#9695 = VECTOR('',#9696,1.);
#9696 = DIRECTION('',(1.,0.,0.));
#9697 = ORIENTED_EDGE('',*,*,#9698,.T.);
#9698 = EDGE_CURVE('',#9691,#9699,#9701,.T.);
#9699 = VERTEX_POINT('',#9700);
#9700 = CARTESIAN_POINT('',(89.2,103.2,8.));
#9701 = LINE('',#9702,#9703);
#9702 = CARTESIAN_POINT('',(89.2,54.,8.));
#9703 = VECTOR('',#9704,1.);
#9704 = DIRECTION('',(0.,1.,0.));
#9705 = ORIENTED_EDGE('',*,*,#9706,.F.);
#9706 = EDGE_CURVE('',#9520,#9699,#9707,.T.);
#9707 = LINE('',#9708,#9709);
#9708 = CARTESIAN_POINT('',(82.,103.2,8.));
#9709 = VECTOR('',#9710,1.);
#9710 = DIRECTION('',(1.,0.,0.));
#9711 = PLANE('',#9712);
#9712 = AXIS2_PLACEMENT_3D('',#9713,#9714,#9715);
#9713 = CARTESIAN_POINT('',(82.,54.,8.));
#9714 = DIRECTION('',(0.,0.,1.));
#9715 = DIRECTION('',(1.,0.,0.));
#9716 = ADVANCED_FACE('',(#9717),#9728,.T.);
#9717 = FACE_BOUND('',#9718,.F.);
#9718 = EDGE_LOOP('',(#9719,#9720,#9727));
#9719 = ORIENTED_EDGE('',*,*,#9561,.F.);
#9720 = ORIENTED_EDGE('',*,*,#9721,.T.);
#9721 = EDGE_CURVE('',#9554,#9520,#9722,.T.);
#9722 = CIRCLE('',#9723,0.8);
#9723 = AXIS2_PLACEMENT_3D('',#9724,#9725,#9726);
#9724 = CARTESIAN_POINT('',(82.8,103.2,7.2));
#9725 = DIRECTION('',(1.,0.,6.123233995736E-17));
#9726 = DIRECTION('',(-6.123233995736E-17,0.,1.));
#9727 = ORIENTED_EDGE('',*,*,#9527,.F.);
#9728 = SPHERICAL_SURFACE('',#9729,0.8);
#9729 = AXIS2_PLACEMENT_3D('',#9730,#9731,#9732);
#9730 = CARTESIAN_POINT('',(82.8,103.2,7.2));
#9731 = DIRECTION('',(0.,-1.,0.));
#9732 = DIRECTION('',(-1.,0.,1.110223024625E-15));
#9733 = ADVANCED_FACE('',(#9734),#9759,.T.);
#9734 = FACE_BOUND('',#9735,.T.);
#9735 = EDGE_LOOP('',(#9736,#9737,#9745,#9753));
#9736 = ORIENTED_EDGE('',*,*,#9553,.T.);
#9737 = ORIENTED_EDGE('',*,*,#9738,.T.);
#9738 = EDGE_CURVE('',#9554,#9739,#9741,.T.);
#9739 = VERTEX_POINT('',#9740);
#9740 = CARTESIAN_POINT('',(89.2,104.,7.2));
#9741 = LINE('',#9742,#9743);
#9742 = CARTESIAN_POINT('',(82.,104.,7.2));
#9743 = VECTOR('',#9744,1.);
#9744 = DIRECTION('',(1.,0.,0.));
#9745 = ORIENTED_EDGE('',*,*,#9746,.F.);
#9746 = EDGE_CURVE('',#9747,#9739,#9749,.T.);
#9747 = VERTEX_POINT('',#9748);
#9748 = CARTESIAN_POINT('',(89.2,104.,-7.2));
#9749 = LINE('',#9750,#9751);
#9750 = CARTESIAN_POINT('',(89.2,104.,-8.));
#9751 = VECTOR('',#9752,1.);
#9752 = DIRECTION('',(0.,0.,1.));
#9753 = ORIENTED_EDGE('',*,*,#9754,.F.);
#9754 = EDGE_CURVE('',#9545,#9747,#9755,.T.);
#9755 = LINE('',#9756,#9757);
#9756 = CARTESIAN_POINT('',(82.,104.,-7.2));
#9757 = VECTOR('',#9758,1.);
#9758 = DIRECTION('',(1.,0.,0.));
#9759 = PLANE('',#9760);
#9760 = AXIS2_PLACEMENT_3D('',#9761,#9762,#9763);
#9761 = CARTESIAN_POINT('',(82.,104.,-8.));
#9762 = DIRECTION('',(0.,1.,0.));
#9763 = DIRECTION('',(0.,0.,1.));
#9764 = ADVANCED_FACE('',(#9765),#9777,.T.);
#9765 = FACE_BOUND('',#9766,.T.);
#9766 = EDGE_LOOP('',(#9767,#9768,#9769,#9776));
#9767 = ORIENTED_EDGE('',*,*,#9577,.F.);
#9768 = ORIENTED_EDGE('',*,*,#9642,.T.);
#9769 = ORIENTED_EDGE('',*,*,#9770,.T.);
#9770 = EDGE_CURVE('',#9643,#9620,#9771,.T.);
#9771 = CIRCLE('',#9772,0.8);
#9772 = AXIS2_PLACEMENT_3D('',#9773,#9774,#9775);
#9773 = CARTESIAN_POINT('',(89.2,54.8,-7.2));
#9774 = DIRECTION('',(-1.,-6.123233995737E-17,0.));
#9775 = DIRECTION('',(6.123233995737E-17,-1.,0.));
#9776 = ORIENTED_EDGE('',*,*,#9627,.F.);
#9777 = CYLINDRICAL_SURFACE('',#9778,0.8);
#9778 = AXIS2_PLACEMENT_3D('',#9779,#9780,#9781);
#9779 = CARTESIAN_POINT('',(82.,54.8,-7.2));
#9780 = DIRECTION('',(1.,0.,0.));
#9781 = DIRECTION('',(0.,-1.,0.));
#9782 = ADVANCED_FACE('',(#9783),#9795,.T.);
#9783 = FACE_BOUND('',#9784,.F.);
#9784 = EDGE_LOOP('',(#9785,#9786,#9787,#9794));
#9785 = ORIENTED_EDGE('',*,*,#9594,.F.);
#9786 = ORIENTED_EDGE('',*,*,#9690,.T.);
#9787 = ORIENTED_EDGE('',*,*,#9788,.T.);
#9788 = EDGE_CURVE('',#9691,#9612,#9789,.T.);
#9789 = CIRCLE('',#9790,0.8);
#9790 = AXIS2_PLACEMENT_3D('',#9791,#9792,#9793);
#9791 = CARTESIAN_POINT('',(89.2,54.8,7.2));
#9792 = DIRECTION('',(1.,6.123233995737E-17,0.));
#9793 = DIRECTION('',(6.123233995737E-17,-1.,0.));
#9794 = ORIENTED_EDGE('',*,*,#9611,.F.);
#9795 = CYLINDRICAL_SURFACE('',#9796,0.8);
#9796 = AXIS2_PLACEMENT_3D('',#9797,#9798,#9799);
#9797 = CARTESIAN_POINT('',(82.,54.8,7.2));
#9798 = DIRECTION('',(1.,0.,0.));
#9799 = DIRECTION('',(0.,-1.,0.));
#9800 = ADVANCED_FACE('',(#9801),#9828,.T.);
#9801 = FACE_BOUND('',#9802,.F.);
#9802 = EDGE_LOOP('',(#9803,#9813,#9820,#9821));
#9803 = ORIENTED_EDGE('',*,*,#9804,.F.);
#9804 = EDGE_CURVE('',#9805,#9807,#9809,.T.);
#9805 = VERTEX_POINT('',#9806);
#9806 = CARTESIAN_POINT('',(90.,54.8,-7.2));
#9807 = VERTEX_POINT('',#9808);
#9808 = CARTESIAN_POINT('',(90.,54.8,7.2));
#9809 = LINE('',#9810,#9811);
#9810 = CARTESIAN_POINT('',(90.,54.8,-8.));
#9811 = VECTOR('',#9812,1.);
#9812 = DIRECTION('',(0.,0.,1.));
#9813 = ORIENTED_EDGE('',*,*,#9814,.T.);
#9814 = EDGE_CURVE('',#9805,#9620,#9815,.T.);
#9815 = CIRCLE('',#9816,0.8);
#9816 = AXIS2_PLACEMENT_3D('',#9817,#9818,#9819);
#9817 = CARTESIAN_POINT('',(89.2,54.8,-7.2));
#9818 = DIRECTION('',(0.,0.,-1.));
#9819 = DIRECTION('',(1.,0.,0.));
#9820 = ORIENTED_EDGE('',*,*,#9619,.T.);
#9821 = ORIENTED_EDGE('',*,*,#9822,.F.);
#9822 = EDGE_CURVE('',#9807,#9612,#9823,.T.);
#9823 = CIRCLE('',#9824,0.8);
#9824 = AXIS2_PLACEMENT_3D('',#9825,#9826,#9827);
#9825 = CARTESIAN_POINT('',(89.2,54.8,7.2));
#9826 = DIRECTION('',(0.,0.,-1.));
#9827 = DIRECTION('',(1.,0.,0.));
#9828 = CYLINDRICAL_SURFACE('',#9829,0.8);
#9829 = AXIS2_PLACEMENT_3D('',#9830,#9831,#9832);
#9830 = CARTESIAN_POINT('',(89.2,54.8,-8.));
#9831 = DIRECTION('',(0.,0.,1.));
#9832 = DIRECTION('',(1.,0.,0.));
#9833 = ADVANCED_FACE('',(#9834),#9846,.T.);
#9834 = FACE_BOUND('',#9835,.F.);
#9835 = EDGE_LOOP('',(#9836,#9837,#9838,#9845));
#9836 = ORIENTED_EDGE('',*,*,#9673,.F.);
#9837 = ORIENTED_EDGE('',*,*,#9658,.T.);
#9838 = ORIENTED_EDGE('',*,*,#9839,.T.);
#9839 = EDGE_CURVE('',#9651,#9747,#9840,.T.);
#9840 = CIRCLE('',#9841,0.8);
#9841 = AXIS2_PLACEMENT_3D('',#9842,#9843,#9844);
#9842 = CARTESIAN_POINT('',(89.2,103.2,-7.2));
#9843 = DIRECTION('',(1.,-6.123233995737E-17,0.));
#9844 = DIRECTION('',(6.123233995737E-17,1.,0.));
#9845 = ORIENTED_EDGE('',*,*,#9754,.F.);
#9846 = CYLINDRICAL_SURFACE('',#9847,0.8);
#9847 = AXIS2_PLACEMENT_3D('',#9848,#9849,#9850);
#9848 = CARTESIAN_POINT('',(82.,103.2,-7.2));
#9849 = DIRECTION('',(1.,0.,0.));
#9850 = DIRECTION('',(0.,1.,0.));
#9851 = ADVANCED_FACE('',(#9852),#9877,.T.);
#9852 = FACE_BOUND('',#9853,.T.);
#9853 = EDGE_LOOP('',(#9854,#9861,#9862,#9871));
#9854 = ORIENTED_EDGE('',*,*,#9855,.F.);
#9855 = EDGE_CURVE('',#9643,#9805,#9856,.T.);
#9856 = CIRCLE('',#9857,0.8);
#9857 = AXIS2_PLACEMENT_3D('',#9858,#9859,#9860);
#9858 = CARTESIAN_POINT('',(89.2,54.8,-7.2));
#9859 = DIRECTION('',(0.,-1.,0.));
#9860 = DIRECTION('',(1.,0.,0.));
#9861 = ORIENTED_EDGE('',*,*,#9650,.T.);
#9862 = ORIENTED_EDGE('',*,*,#9863,.T.);
#9863 = EDGE_CURVE('',#9651,#9864,#9866,.T.);
#9864 = VERTEX_POINT('',#9865);
#9865 = CARTESIAN_POINT('',(90.,103.2,-7.2));
#9866 = CIRCLE('',#9867,0.8);
#9867 = AXIS2_PLACEMENT_3D('',#9868,#9869,#9870);
#9868 = CARTESIAN_POINT('',(89.2,103.2,-7.2));
#9869 = DIRECTION('',(0.,-1.,0.));
#9870 = DIRECTION('',(1.,0.,0.));
#9871 = ORIENTED_EDGE('',*,*,#9872,.F.);
#9872 = EDGE_CURVE('',#9805,#9864,#9873,.T.);
#9873 = LINE('',#9874,#9875);
#9874 = CARTESIAN_POINT('',(90.,54.,-7.2));
#9875 = VECTOR('',#9876,1.);
#9876 = DIRECTION('',(0.,1.,0.));
#9877 = CYLINDRICAL_SURFACE('',#9878,0.8);
#9878 = AXIS2_PLACEMENT_3D('',#9879,#9880,#9881);
#9879 = CARTESIAN_POINT('',(89.2,54.,-7.2));
#9880 = DIRECTION('',(0.,1.,0.));
#9881 = DIRECTION('',(1.,0.,0.));
#9882 = ADVANCED_FACE('',(#9883),#9895,.T.);
#9883 = FACE_BOUND('',#9884,.T.);
#9884 = EDGE_LOOP('',(#9885,#9886,#9887,#9894));
#9885 = ORIENTED_EDGE('',*,*,#9721,.T.);
#9886 = ORIENTED_EDGE('',*,*,#9706,.T.);
#9887 = ORIENTED_EDGE('',*,*,#9888,.F.);
#9888 = EDGE_CURVE('',#9739,#9699,#9889,.T.);
#9889 = CIRCLE('',#9890,0.8);
#9890 = AXIS2_PLACEMENT_3D('',#9891,#9892,#9893);
#9891 = CARTESIAN_POINT('',(89.2,103.2,7.2));
#9892 = DIRECTION('',(1.,0.,-6.123233995736E-17));
#9893 = DIRECTION('',(6.123233995736E-17,0.,1.));
#9894 = ORIENTED_EDGE('',*,*,#9738,.F.);
#9895 = CYLINDRICAL_SURFACE('',#9896,0.8);
#9896 = AXIS2_PLACEMENT_3D('',#9897,#9898,#9899);
#9897 = CARTESIAN_POINT('',(82.,103.2,7.2));
#9898 = DIRECTION('',(1.,0.,0.));
#9899 = DIRECTION('',(0.,1.,0.));
#9900 = ADVANCED_FACE('',(#9901),#9926,.T.);
#9901 = FACE_BOUND('',#9902,.F.);
#9902 = EDGE_LOOP('',(#9903,#9910,#9911,#9920));
#9903 = ORIENTED_EDGE('',*,*,#9904,.F.);
#9904 = EDGE_CURVE('',#9691,#9807,#9905,.T.);
#9905 = CIRCLE('',#9906,0.8);
#9906 = AXIS2_PLACEMENT_3D('',#9907,#9908,#9909);
#9907 = CARTESIAN_POINT('',(89.2,54.8,7.2));
#9908 = DIRECTION('',(-0.,1.,0.));
#9909 = DIRECTION('',(1.,0.,0.));
#9910 = ORIENTED_EDGE('',*,*,#9698,.T.);
#9911 = ORIENTED_EDGE('',*,*,#9912,.F.);
#9912 = EDGE_CURVE('',#9913,#9699,#9915,.T.);
#9913 = VERTEX_POINT('',#9914);
#9914 = CARTESIAN_POINT('',(90.,103.2,7.2));
#9915 = CIRCLE('',#9916,0.8);
#9916 = AXIS2_PLACEMENT_3D('',#9917,#9918,#9919);
#9917 = CARTESIAN_POINT('',(89.2,103.2,7.2));
#9918 = DIRECTION('',(0.,-1.,0.));
#9919 = DIRECTION('',(1.,0.,1.110223024625E-15));
#9920 = ORIENTED_EDGE('',*,*,#9921,.F.);
#9921 = EDGE_CURVE('',#9807,#9913,#9922,.T.);
#9922 = LINE('',#9923,#9924);
#9923 = CARTESIAN_POINT('',(90.,54.,7.2));
#9924 = VECTOR('',#9925,1.);
#9925 = DIRECTION('',(0.,1.,0.));
#9926 = CYLINDRICAL_SURFACE('',#9927,0.8);
#9927 = AXIS2_PLACEMENT_3D('',#9928,#9929,#9930);
#9928 = CARTESIAN_POINT('',(89.2,54.,7.2));
#9929 = DIRECTION('',(0.,1.,0.));
#9930 = DIRECTION('',(1.,0.,0.));
#9931 = ADVANCED_FACE('',(#9932),#9955,.T.);
#9932 = FACE_BOUND('',#9933,.T.);
#9933 = EDGE_LOOP('',(#9934,#9940,#9947,#9948));
#9934 = ORIENTED_EDGE('',*,*,#9935,.F.);
#9935 = EDGE_CURVE('',#9864,#9913,#9936,.T.);
#9936 = LINE('',#9937,#9938);
#9937 = CARTESIAN_POINT('',(90.,103.2,-8.));
#9938 = VECTOR('',#9939,1.);
#9939 = DIRECTION('',(0.,0.,1.));
#9940 = ORIENTED_EDGE('',*,*,#9941,.T.);
#9941 = EDGE_CURVE('',#9864,#9747,#9942,.T.);
#9942 = CIRCLE('',#9943,0.8);
#9943 = AXIS2_PLACEMENT_3D('',#9944,#9945,#9946);
#9944 = CARTESIAN_POINT('',(89.2,103.2,-7.2));
#9945 = DIRECTION('',(0.,0.,1.));
#9946 = DIRECTION('',(1.,0.,0.));
#9947 = ORIENTED_EDGE('',*,*,#9746,.T.);
#9948 = ORIENTED_EDGE('',*,*,#9949,.T.);
#9949 = EDGE_CURVE('',#9739,#9913,#9950,.T.);
#9950 = CIRCLE('',#9951,0.8);
#9951 = AXIS2_PLACEMENT_3D('',#9952,#9953,#9954);
#9952 = CARTESIAN_POINT('',(89.2,103.2,7.2));
#9953 = DIRECTION('',(1.110223024625E-15,0.,-1.));
#9954 = DIRECTION('',(1.,0.,1.110223024625E-15));
#9955 = CYLINDRICAL_SURFACE('',#9956,0.8);
#9956 = AXIS2_PLACEMENT_3D('',#9957,#9958,#9959);
#9957 = CARTESIAN_POINT('',(89.2,103.2,-8.));
#9958 = DIRECTION('',(0.,0.,1.));
#9959 = DIRECTION('',(1.,0.,0.));
#9960 = ADVANCED_FACE('',(#9961),#9966,.T.);
#9961 = FACE_BOUND('',#9962,.F.);
#9962 = EDGE_LOOP('',(#9963,#9964,#9965));
#9963 = ORIENTED_EDGE('',*,*,#9855,.F.);
#9964 = ORIENTED_EDGE('',*,*,#9770,.T.);
#9965 = ORIENTED_EDGE('',*,*,#9814,.F.);
#9966 = SPHERICAL_SURFACE('',#9967,0.8);
#9967 = AXIS2_PLACEMENT_3D('',#9968,#9969,#9970);
#9968 = CARTESIAN_POINT('',(89.2,54.8,-7.2));
#9969 = DIRECTION('',(0.,0.,1.));
#9970 = DIRECTION('',(1.,0.,0.));
#9971 = ADVANCED_FACE('',(#9972),#9977,.T.);
#9972 = FACE_BOUND('',#9973,.T.);
#9973 = EDGE_LOOP('',(#9974,#9975,#9976));
#9974 = ORIENTED_EDGE('',*,*,#9904,.F.);
#9975 = ORIENTED_EDGE('',*,*,#9788,.T.);
#9976 = ORIENTED_EDGE('',*,*,#9822,.F.);
#9977 = SPHERICAL_SURFACE('',#9978,0.8);
#9978 = AXIS2_PLACEMENT_3D('',#9979,#9980,#9981);
#9979 = CARTESIAN_POINT('',(89.2,54.8,7.2));
#9980 = DIRECTION('',(-0.,-0.,-1.));
#9981 = DIRECTION('',(1.,0.,0.));
#9982 = ADVANCED_FACE('',(#9983),#9989,.T.);
#9983 = FACE_BOUND('',#9984,.T.);
#9984 = EDGE_LOOP('',(#9985,#9986,#9987,#9988));
#9985 = ORIENTED_EDGE('',*,*,#9804,.F.);
#9986 = ORIENTED_EDGE('',*,*,#9872,.T.);
#9987 = ORIENTED_EDGE('',*,*,#9935,.T.);
#9988 = ORIENTED_EDGE('',*,*,#9921,.F.);
#9989 = PLANE('',#9990);
#9990 = AXIS2_PLACEMENT_3D('',#9991,#9992,#9993);
#9991 = CARTESIAN_POINT('',(90.,54.,-8.));
#9992 = DIRECTION('',(1.,0.,0.));
#9993 = DIRECTION('',(0.,0.,1.));
#9994 = ADVANCED_FACE('',(#9995),#10000,.T.);
#9995 = FACE_BOUND('',#9996,.T.);
#9996 = EDGE_LOOP('',(#9997,#9998,#9999));
#9997 = ORIENTED_EDGE('',*,*,#9863,.F.);
#9998 = ORIENTED_EDGE('',*,*,#9839,.T.);
#9999 = ORIENTED_EDGE('',*,*,#9941,.F.);
#10000 = SPHERICAL_SURFACE('',#10001,0.8);
#10001 = AXIS2_PLACEMENT_3D('',#10002,#10003,#10004);
#10002 = CARTESIAN_POINT('',(89.2,103.2,-7.2));
#10003 = DIRECTION('',(0.,0.,1.));
#10004 = DIRECTION('',(1.,0.,0.));
#10005 = ADVANCED_FACE('',(#10006),#10011,.T.);
#10006 = FACE_BOUND('',#10007,.T.);
#10007 = EDGE_LOOP('',(#10008,#10009,#10010));
#10008 = ORIENTED_EDGE('',*,*,#9949,.F.);
#10009 = ORIENTED_EDGE('',*,*,#9888,.T.);
#10010 = ORIENTED_EDGE('',*,*,#9912,.F.);
#10011 = SPHERICAL_SURFACE('',#10012,0.8);
#10012 = AXIS2_PLACEMENT_3D('',#10013,#10014,#10015);
#10013 = CARTESIAN_POINT('',(89.2,103.2,7.2));
#10014 = DIRECTION('',(0.,-1.,0.));
#10015 = DIRECTION('',(1.,0.,1.110223024625E-15));
#10016 = MANIFOLD_SOLID_BREP('',#10017);
#10017 = CLOSED_SHELL('',(#10018,#10058,#10091,#10124,#10157,#10190,
    #10207,#10224,#10255,#10286,#10303,#10334,#10351,#10382,#10400,
    #10418,#10451,#10469,#10500,#10518,#10549,#10578,#10589,#10600,
    #10612,#10623));
#10018 = ADVANCED_FACE('',(#10019),#10053,.F.);
#10019 = FACE_BOUND('',#10020,.F.);
#10020 = EDGE_LOOP('',(#10021,#10031,#10039,#10047));
#10021 = ORIENTED_EDGE('',*,*,#10022,.F.);
#10022 = EDGE_CURVE('',#10023,#10025,#10027,.T.);
#10023 = VERTEX_POINT('',#10024);
#10024 = CARTESIAN_POINT('',(82.,76.8,6.8));
#10025 = VERTEX_POINT('',#10026);
#10026 = CARTESIAN_POINT('',(82.,76.8,13.2));
#10027 = LINE('',#10028,#10029);
#10028 = CARTESIAN_POINT('',(82.,76.8,6.));
#10029 = VECTOR('',#10030,1.);
#10030 = DIRECTION('',(0.,0.,1.));
#10031 = ORIENTED_EDGE('',*,*,#10032,.T.);
#10032 = EDGE_CURVE('',#10023,#10033,#10035,.T.);
#10033 = VERTEX_POINT('',#10034);
#10034 = CARTESIAN_POINT('',(82.,83.2,6.8));
#10035 = LINE('',#10036,#10037);
#10036 = CARTESIAN_POINT('',(82.,76.,6.8));
#10037 = VECTOR('',#10038,1.);
#10038 = DIRECTION('',(0.,1.,0.));
#10039 = ORIENTED_EDGE('',*,*,#10040,.T.);
#10040 = EDGE_CURVE('',#10033,#10041,#10043,.T.);
#10041 = VERTEX_POINT('',#10042);
#10042 = CARTESIAN_POINT('',(82.,83.2,13.2));
#10043 = LINE('',#10044,#10045);
#10044 = CARTESIAN_POINT('',(82.,83.2,6.));
#10045 = VECTOR('',#10046,1.);
#10046 = DIRECTION('',(0.,0.,1.));
#10047 = ORIENTED_EDGE('',*,*,#10048,.F.);
#10048 = EDGE_CURVE('',#10025,#10041,#10049,.T.);
#10049 = LINE('',#10050,#10051);
#10050 = CARTESIAN_POINT('',(82.,76.,13.2));
#10051 = VECTOR('',#10052,1.);
#10052 = DIRECTION('',(0.,1.,0.));
#10053 = PLANE('',#10054);
#10054 = AXIS2_PLACEMENT_3D('',#10055,#10056,#10057);
#10055 = CARTESIAN_POINT('',(82.,76.,6.));
#10056 = DIRECTION('',(1.,0.,0.));
#10057 = DIRECTION('',(0.,0.,1.));
#10058 = ADVANCED_FACE('',(#10059),#10086,.T.);
#10059 = FACE_BOUND('',#10060,.T.);
#10060 = EDGE_LOOP('',(#10061,#10062,#10071,#10079));
#10061 = ORIENTED_EDGE('',*,*,#10022,.F.);
#10062 = ORIENTED_EDGE('',*,*,#10063,.T.);
#10063 = EDGE_CURVE('',#10023,#10064,#10066,.T.);
#10064 = VERTEX_POINT('',#10065);
#10065 = CARTESIAN_POINT('',(82.8,76.,6.8));
#10066 = CIRCLE('',#10067,0.8);
#10067 = AXIS2_PLACEMENT_3D('',#10068,#10069,#10070);
#10068 = CARTESIAN_POINT('',(82.8,76.8,6.8));
#10069 = DIRECTION('',(0.,0.,1.));
#10070 = DIRECTION('',(-1.,0.,0.));
#10071 = ORIENTED_EDGE('',*,*,#10072,.T.);
#10072 = EDGE_CURVE('',#10064,#10073,#10075,.T.);
#10073 = VERTEX_POINT('',#10074);
#10074 = CARTESIAN_POINT('',(82.8,76.,13.2));
#10075 = LINE('',#10076,#10077);
#10076 = CARTESIAN_POINT('',(82.8,76.,6.));
#10077 = VECTOR('',#10078,1.);
#10078 = DIRECTION('',(0.,0.,1.));
#10079 = ORIENTED_EDGE('',*,*,#10080,.F.);
#10080 = EDGE_CURVE('',#10025,#10073,#10081,.T.);
#10081 = CIRCLE('',#10082,0.8);
#10082 = AXIS2_PLACEMENT_3D('',#10083,#10084,#10085);
#10083 = CARTESIAN_POINT('',(82.8,76.8,13.2));
#10084 = DIRECTION('',(0.,0.,1.));
#10085 = DIRECTION('',(-1.,0.,0.));
#10086 = CYLINDRICAL_SURFACE('',#10087,0.8);
#10087 = AXIS2_PLACEMENT_3D('',#10088,#10089,#10090);
#10088 = CARTESIAN_POINT('',(82.8,76.8,6.));
#10089 = DIRECTION('',(0.,0.,1.));
#10090 = DIRECTION('',(-1.,0.,0.));
#10091 = ADVANCED_FACE('',(#10092),#10119,.T.);
#10092 = FACE_BOUND('',#10093,.F.);
#10093 = EDGE_LOOP('',(#10094,#10103,#10111,#10118));
#10094 = ORIENTED_EDGE('',*,*,#10095,.F.);
#10095 = EDGE_CURVE('',#10096,#10023,#10098,.T.);
#10096 = VERTEX_POINT('',#10097);
#10097 = CARTESIAN_POINT('',(82.8,76.8,6.));
#10098 = CIRCLE('',#10099,0.8);
#10099 = AXIS2_PLACEMENT_3D('',#10100,#10101,#10102);
#10100 = CARTESIAN_POINT('',(82.8,76.8,6.8));
#10101 = DIRECTION('',(0.,1.,-0.));
#10102 = DIRECTION('',(-1.,0.,0.));
#10103 = ORIENTED_EDGE('',*,*,#10104,.T.);
#10104 = EDGE_CURVE('',#10096,#10105,#10107,.T.);
#10105 = VERTEX_POINT('',#10106);
#10106 = CARTESIAN_POINT('',(82.8,83.2,6.));
#10107 = LINE('',#10108,#10109);
#10108 = CARTESIAN_POINT('',(82.8,76.,6.));
#10109 = VECTOR('',#10110,1.);
#10110 = DIRECTION('',(0.,1.,0.));
#10111 = ORIENTED_EDGE('',*,*,#10112,.T.);
#10112 = EDGE_CURVE('',#10105,#10033,#10113,.T.);
#10113 = CIRCLE('',#10114,0.8);
#10114 = AXIS2_PLACEMENT_3D('',#10115,#10116,#10117);
#10115 = CARTESIAN_POINT('',(82.8,83.2,6.8));
#10116 = DIRECTION('',(0.,1.,-0.));
#10117 = DIRECTION('',(-1.,0.,0.));
#10118 = ORIENTED_EDGE('',*,*,#10032,.F.);
#10119 = CYLINDRICAL_SURFACE('',#10120,0.8);
#10120 = AXIS2_PLACEMENT_3D('',#10121,#10122,#10123);
#10121 = CARTESIAN_POINT('',(82.8,76.,6.8));
#10122 = DIRECTION('',(0.,1.,0.));
#10123 = DIRECTION('',(-1.,0.,0.));
#10124 = ADVANCED_FACE('',(#10125),#10152,.T.);
#10125 = FACE_BOUND('',#10126,.T.);
#10126 = EDGE_LOOP('',(#10127,#10136,#10144,#10151));
#10127 = ORIENTED_EDGE('',*,*,#10128,.F.);
#10128 = EDGE_CURVE('',#10129,#10025,#10131,.T.);
#10129 = VERTEX_POINT('',#10130);
#10130 = CARTESIAN_POINT('',(82.8,76.8,14.));
#10131 = CIRCLE('',#10132,0.8);
#10132 = AXIS2_PLACEMENT_3D('',#10133,#10134,#10135);
#10133 = CARTESIAN_POINT('',(82.8,76.8,13.2));
#10134 = DIRECTION('',(0.,-1.,0.));
#10135 = DIRECTION('',(-1.,0.,0.));
#10136 = ORIENTED_EDGE('',*,*,#10137,.T.);
#10137 = EDGE_CURVE('',#10129,#10138,#10140,.T.);
#10138 = VERTEX_POINT('',#10139);
#10139 = CARTESIAN_POINT('',(82.8,83.2,14.));
#10140 = LINE('',#10141,#10142);
#10141 = CARTESIAN_POINT('',(82.8,76.,14.));
#10142 = VECTOR('',#10143,1.);
#10143 = DIRECTION('',(0.,1.,0.));
#10144 = ORIENTED_EDGE('',*,*,#10145,.F.);
#10145 = EDGE_CURVE('',#10041,#10138,#10146,.T.);
#10146 = CIRCLE('',#10147,0.8);
#10147 = AXIS2_PLACEMENT_3D('',#10148,#10149,#10150);
#10148 = CARTESIAN_POINT('',(82.8,83.2,13.2));
#10149 = DIRECTION('',(0.,1.,-0.));
#10150 = DIRECTION('',(-1.,0.,0.));
#10151 = ORIENTED_EDGE('',*,*,#10048,.F.);
#10152 = CYLINDRICAL_SURFACE('',#10153,0.8);
#10153 = AXIS2_PLACEMENT_3D('',#10154,#10155,#10156);
#10154 = CARTESIAN_POINT('',(82.8,76.,13.2));
#10155 = DIRECTION('',(0.,1.,0.));
#10156 = DIRECTION('',(-1.,0.,0.));
#10157 = ADVANCED_FACE('',(#10158),#10185,.T.);
#10158 = FACE_BOUND('',#10159,.F.);
#10159 = EDGE_LOOP('',(#10160,#10161,#10170,#10178));
#10160 = ORIENTED_EDGE('',*,*,#10040,.F.);
#10161 = ORIENTED_EDGE('',*,*,#10162,.T.);
#10162 = EDGE_CURVE('',#10033,#10163,#10165,.T.);
#10163 = VERTEX_POINT('',#10164);
#10164 = CARTESIAN_POINT('',(82.8,84.,6.8));
#10165 = CIRCLE('',#10166,0.8);
#10166 = AXIS2_PLACEMENT_3D('',#10167,#10168,#10169);
#10167 = CARTESIAN_POINT('',(82.8,83.2,6.8));
#10168 = DIRECTION('',(0.,0.,-1.));
#10169 = DIRECTION('',(-1.,0.,0.));
#10170 = ORIENTED_EDGE('',*,*,#10171,.T.);
#10171 = EDGE_CURVE('',#10163,#10172,#10174,.T.);
#10172 = VERTEX_POINT('',#10173);
#10173 = CARTESIAN_POINT('',(82.8,84.,13.2));
#10174 = LINE('',#10175,#10176);
#10175 = CARTESIAN_POINT('',(82.8,84.,6.));
#10176 = VECTOR('',#10177,1.);
#10177 = DIRECTION('',(0.,0.,1.));
#10178 = ORIENTED_EDGE('',*,*,#10179,.T.);
#10179 = EDGE_CURVE('',#10172,#10041,#10180,.T.);
#10180 = CIRCLE('',#10181,0.8);
#10181 = AXIS2_PLACEMENT_3D('',#10182,#10183,#10184);
#10182 = CARTESIAN_POINT('',(82.8,83.2,13.2));
#10183 = DIRECTION('',(0.,0.,1.));
#10184 = DIRECTION('',(-1.,0.,0.));
#10185 = CYLINDRICAL_SURFACE('',#10186,0.8);
#10186 = AXIS2_PLACEMENT_3D('',#10187,#10188,#10189);
#10187 = CARTESIAN_POINT('',(82.8,83.2,6.));
#10188 = DIRECTION('',(0.,0.,1.));
#10189 = DIRECTION('',(-1.,0.,0.));
#10190 = ADVANCED_FACE('',(#10191),#10202,.T.);
#10191 = FACE_BOUND('',#10192,.T.);
#10192 = EDGE_LOOP('',(#10193,#10194,#10201));
#10193 = ORIENTED_EDGE('',*,*,#10095,.F.);
#10194 = ORIENTED_EDGE('',*,*,#10195,.T.);
#10195 = EDGE_CURVE('',#10096,#10064,#10196,.T.);
#10196 = CIRCLE('',#10197,0.8);
#10197 = AXIS2_PLACEMENT_3D('',#10198,#10199,#10200);
#10198 = CARTESIAN_POINT('',(82.8,76.8,6.8));
#10199 = DIRECTION('',(-1.,6.123233995737E-17,0.));
#10200 = DIRECTION('',(-6.123233995737E-17,-1.,0.));
#10201 = ORIENTED_EDGE('',*,*,#10063,.F.);
#10202 = SPHERICAL_SURFACE('',#10203,0.8);
#10203 = AXIS2_PLACEMENT_3D('',#10204,#10205,#10206);
#10204 = CARTESIAN_POINT('',(82.8,76.8,6.8));
#10205 = DIRECTION('',(0.,0.,1.));
#10206 = DIRECTION('',(-1.,0.,0.));
#10207 = ADVANCED_FACE('',(#10208),#10219,.T.);
#10208 = FACE_BOUND('',#10209,.F.);
#10209 = EDGE_LOOP('',(#10210,#10211,#10218));
#10210 = ORIENTED_EDGE('',*,*,#10128,.F.);
#10211 = ORIENTED_EDGE('',*,*,#10212,.T.);
#10212 = EDGE_CURVE('',#10129,#10073,#10213,.T.);
#10213 = CIRCLE('',#10214,0.8);
#10214 = AXIS2_PLACEMENT_3D('',#10215,#10216,#10217);
#10215 = CARTESIAN_POINT('',(82.8,76.8,13.2));
#10216 = DIRECTION('',(1.,-6.123233995737E-17,0.));
#10217 = DIRECTION('',(-6.123233995737E-17,-1.,0.));
#10218 = ORIENTED_EDGE('',*,*,#10080,.F.);
#10219 = SPHERICAL_SURFACE('',#10220,0.8);
#10220 = AXIS2_PLACEMENT_3D('',#10221,#10222,#10223);
#10221 = CARTESIAN_POINT('',(82.8,76.8,13.2));
#10222 = DIRECTION('',(-0.,-0.,-1.));
#10223 = DIRECTION('',(-1.,0.,0.));
#10224 = ADVANCED_FACE('',(#10225),#10250,.F.);
#10225 = FACE_BOUND('',#10226,.F.);
#10226 = EDGE_LOOP('',(#10227,#10228,#10236,#10244));
#10227 = ORIENTED_EDGE('',*,*,#10072,.T.);
#10228 = ORIENTED_EDGE('',*,*,#10229,.T.);
#10229 = EDGE_CURVE('',#10073,#10230,#10232,.T.);
#10230 = VERTEX_POINT('',#10231);
#10231 = CARTESIAN_POINT('',(89.2,76.,13.2));
#10232 = LINE('',#10233,#10234);
#10233 = CARTESIAN_POINT('',(82.,76.,13.2));
#10234 = VECTOR('',#10235,1.);
#10235 = DIRECTION('',(1.,0.,0.));
#10236 = ORIENTED_EDGE('',*,*,#10237,.F.);
#10237 = EDGE_CURVE('',#10238,#10230,#10240,.T.);
#10238 = VERTEX_POINT('',#10239);
#10239 = CARTESIAN_POINT('',(89.2,76.,6.8));
#10240 = LINE('',#10241,#10242);
#10241 = CARTESIAN_POINT('',(89.2,76.,6.));
#10242 = VECTOR('',#10243,1.);
#10243 = DIRECTION('',(0.,0.,1.));
#10244 = ORIENTED_EDGE('',*,*,#10245,.F.);
#10245 = EDGE_CURVE('',#10064,#10238,#10246,.T.);
#10246 = LINE('',#10247,#10248);
#10247 = CARTESIAN_POINT('',(82.,76.,6.8));
#10248 = VECTOR('',#10249,1.);
#10249 = DIRECTION('',(1.,0.,0.));
#10250 = PLANE('',#10251);
#10251 = AXIS2_PLACEMENT_3D('',#10252,#10253,#10254);
#10252 = CARTESIAN_POINT('',(82.,76.,6.));
#10253 = DIRECTION('',(0.,1.,0.));
#10254 = DIRECTION('',(0.,0.,1.));
#10255 = ADVANCED_FACE('',(#10256),#10281,.F.);
#10256 = FACE_BOUND('',#10257,.F.);
#10257 = EDGE_LOOP('',(#10258,#10259,#10267,#10275));
#10258 = ORIENTED_EDGE('',*,*,#10104,.F.);
#10259 = ORIENTED_EDGE('',*,*,#10260,.T.);
#10260 = EDGE_CURVE('',#10096,#10261,#10263,.T.);
#10261 = VERTEX_POINT('',#10262);
#10262 = CARTESIAN_POINT('',(89.2,76.8,6.));
#10263 = LINE('',#10264,#10265);
#10264 = CARTESIAN_POINT('',(82.,76.8,6.));
#10265 = VECTOR('',#10266,1.);
#10266 = DIRECTION('',(1.,0.,0.));
#10267 = ORIENTED_EDGE('',*,*,#10268,.T.);
#10268 = EDGE_CURVE('',#10261,#10269,#10271,.T.);
#10269 = VERTEX_POINT('',#10270);
#10270 = CARTESIAN_POINT('',(89.2,83.2,6.));
#10271 = LINE('',#10272,#10273);
#10272 = CARTESIAN_POINT('',(89.2,76.,6.));
#10273 = VECTOR('',#10274,1.);
#10274 = DIRECTION('',(0.,1.,0.));
#10275 = ORIENTED_EDGE('',*,*,#10276,.F.);
#10276 = EDGE_CURVE('',#10105,#10269,#10277,.T.);
#10277 = LINE('',#10278,#10279);
#10278 = CARTESIAN_POINT('',(82.,83.2,6.));
#10279 = VECTOR('',#10280,1.);
#10280 = DIRECTION('',(1.,0.,0.));
#10281 = PLANE('',#10282);
#10282 = AXIS2_PLACEMENT_3D('',#10283,#10284,#10285);
#10283 = CARTESIAN_POINT('',(82.,76.,6.));
#10284 = DIRECTION('',(0.,0.,1.));
#10285 = DIRECTION('',(1.,0.,0.));
#10286 = ADVANCED_FACE('',(#10287),#10298,.T.);
#10287 = FACE_BOUND('',#10288,.F.);
#10288 = EDGE_LOOP('',(#10289,#10290,#10297));
#10289 = ORIENTED_EDGE('',*,*,#10112,.F.);
#10290 = ORIENTED_EDGE('',*,*,#10291,.T.);
#10291 = EDGE_CURVE('',#10105,#10163,#10292,.T.);
#10292 = CIRCLE('',#10293,0.8);
#10293 = AXIS2_PLACEMENT_3D('',#10294,#10295,#10296);
#10294 = CARTESIAN_POINT('',(82.8,83.2,6.8));
#10295 = DIRECTION('',(1.,6.123233995737E-17,-0.));
#10296 = DIRECTION('',(-6.123233995737E-17,1.,0.));
#10297 = ORIENTED_EDGE('',*,*,#10162,.F.);
#10298 = SPHERICAL_SURFACE('',#10299,0.8);
#10299 = AXIS2_PLACEMENT_3D('',#10300,#10301,#10302);
#10300 = CARTESIAN_POINT('',(82.8,83.2,6.8));
#10301 = DIRECTION('',(0.,0.,1.));
#10302 = DIRECTION('',(-1.,0.,0.));
#10303 = ADVANCED_FACE('',(#10304),#10329,.T.);
#10304 = FACE_BOUND('',#10305,.T.);
#10305 = EDGE_LOOP('',(#10306,#10307,#10315,#10323));
#10306 = ORIENTED_EDGE('',*,*,#10137,.F.);
#10307 = ORIENTED_EDGE('',*,*,#10308,.T.);
#10308 = EDGE_CURVE('',#10129,#10309,#10311,.T.);
#10309 = VERTEX_POINT('',#10310);
#10310 = CARTESIAN_POINT('',(89.2,76.8,14.));
#10311 = LINE('',#10312,#10313);
#10312 = CARTESIAN_POINT('',(82.,76.8,14.));
#10313 = VECTOR('',#10314,1.);
#10314 = DIRECTION('',(1.,0.,0.));
#10315 = ORIENTED_EDGE('',*,*,#10316,.T.);
#10316 = EDGE_CURVE('',#10309,#10317,#10319,.T.);
#10317 = VERTEX_POINT('',#10318);
#10318 = CARTESIAN_POINT('',(89.2,83.2,14.));
#10319 = LINE('',#10320,#10321);
#10320 = CARTESIAN_POINT('',(89.2,76.,14.));
#10321 = VECTOR('',#10322,1.);
#10322 = DIRECTION('',(0.,1.,0.));
#10323 = ORIENTED_EDGE('',*,*,#10324,.F.);
#10324 = EDGE_CURVE('',#10138,#10317,#10325,.T.);
#10325 = LINE('',#10326,#10327);
#10326 = CARTESIAN_POINT('',(82.,83.2,14.));
#10327 = VECTOR('',#10328,1.);
#10328 = DIRECTION('',(1.,0.,0.));
#10329 = PLANE('',#10330);
#10330 = AXIS2_PLACEMENT_3D('',#10331,#10332,#10333);
#10331 = CARTESIAN_POINT('',(82.,76.,14.));
#10332 = DIRECTION('',(0.,0.,1.));
#10333 = DIRECTION('',(1.,0.,0.));
#10334 = ADVANCED_FACE('',(#10335),#10346,.T.);
#10335 = FACE_BOUND('',#10336,.F.);
#10336 = EDGE_LOOP('',(#10337,#10338,#10345));
#10337 = ORIENTED_EDGE('',*,*,#10179,.F.);
#10338 = ORIENTED_EDGE('',*,*,#10339,.T.);
#10339 = EDGE_CURVE('',#10172,#10138,#10340,.T.);
#10340 = CIRCLE('',#10341,0.8);
#10341 = AXIS2_PLACEMENT_3D('',#10342,#10343,#10344);
#10342 = CARTESIAN_POINT('',(82.8,83.2,13.2));
#10343 = DIRECTION('',(1.,0.,6.123233995737E-17));
#10344 = DIRECTION('',(-6.123233995737E-17,0.,1.));
#10345 = ORIENTED_EDGE('',*,*,#10145,.F.);
#10346 = SPHERICAL_SURFACE('',#10347,0.8);
#10347 = AXIS2_PLACEMENT_3D('',#10348,#10349,#10350);
#10348 = CARTESIAN_POINT('',(82.8,83.2,13.2));
#10349 = DIRECTION('',(0.,-1.,0.));
#10350 = DIRECTION('',(-1.,0.,0.));
#10351 = ADVANCED_FACE('',(#10352),#10377,.T.);
#10352 = FACE_BOUND('',#10353,.T.);
#10353 = EDGE_LOOP('',(#10354,#10355,#10363,#10371));
#10354 = ORIENTED_EDGE('',*,*,#10171,.T.);
#10355 = ORIENTED_EDGE('',*,*,#10356,.T.);
#10356 = EDGE_CURVE('',#10172,#10357,#10359,.T.);
#10357 = VERTEX_POINT('',#10358);
#10358 = CARTESIAN_POINT('',(89.2,84.,13.2));
#10359 = LINE('',#10360,#10361);
#10360 = CARTESIAN_POINT('',(82.,84.,13.2));
#10361 = VECTOR('',#10362,1.);
#10362 = DIRECTION('',(1.,0.,0.));
#10363 = ORIENTED_EDGE('',*,*,#10364,.F.);
#10364 = EDGE_CURVE('',#10365,#10357,#10367,.T.);
#10365 = VERTEX_POINT('',#10366);
#10366 = CARTESIAN_POINT('',(89.2,84.,6.8));
#10367 = LINE('',#10368,#10369);
#10368 = CARTESIAN_POINT('',(89.2,84.,6.));
#10369 = VECTOR('',#10370,1.);
#10370 = DIRECTION('',(0.,0.,1.));
#10371 = ORIENTED_EDGE('',*,*,#10372,.F.);
#10372 = EDGE_CURVE('',#10163,#10365,#10373,.T.);
#10373 = LINE('',#10374,#10375);
#10374 = CARTESIAN_POINT('',(82.,84.,6.8));
#10375 = VECTOR('',#10376,1.);
#10376 = DIRECTION('',(1.,0.,0.));
#10377 = PLANE('',#10378);
#10378 = AXIS2_PLACEMENT_3D('',#10379,#10380,#10381);
#10379 = CARTESIAN_POINT('',(82.,84.,6.));
#10380 = DIRECTION('',(0.,1.,0.));
#10381 = DIRECTION('',(0.,0.,1.));
#10382 = ADVANCED_FACE('',(#10383),#10395,.T.);
#10383 = FACE_BOUND('',#10384,.T.);
#10384 = EDGE_LOOP('',(#10385,#10386,#10387,#10394));
#10385 = ORIENTED_EDGE('',*,*,#10195,.F.);
#10386 = ORIENTED_EDGE('',*,*,#10260,.T.);
#10387 = ORIENTED_EDGE('',*,*,#10388,.T.);
#10388 = EDGE_CURVE('',#10261,#10238,#10389,.T.);
#10389 = CIRCLE('',#10390,0.8);
#10390 = AXIS2_PLACEMENT_3D('',#10391,#10392,#10393);
#10391 = CARTESIAN_POINT('',(89.2,76.8,6.8));
#10392 = DIRECTION('',(-1.,-6.123233995737E-17,0.));
#10393 = DIRECTION('',(6.123233995737E-17,-1.,0.));
#10394 = ORIENTED_EDGE('',*,*,#10245,.F.);
#10395 = CYLINDRICAL_SURFACE('',#10396,0.8);
#10396 = AXIS2_PLACEMENT_3D('',#10397,#10398,#10399);
#10397 = CARTESIAN_POINT('',(82.,76.8,6.8));
#10398 = DIRECTION('',(1.,0.,0.));
#10399 = DIRECTION('',(0.,-1.,0.));
#10400 = ADVANCED_FACE('',(#10401),#10413,.T.);
#10401 = FACE_BOUND('',#10402,.F.);
#10402 = EDGE_LOOP('',(#10403,#10404,#10405,#10412));
#10403 = ORIENTED_EDGE('',*,*,#10212,.F.);
#10404 = ORIENTED_EDGE('',*,*,#10308,.T.);
#10405 = ORIENTED_EDGE('',*,*,#10406,.T.);
#10406 = EDGE_CURVE('',#10309,#10230,#10407,.T.);
#10407 = CIRCLE('',#10408,0.8);
#10408 = AXIS2_PLACEMENT_3D('',#10409,#10410,#10411);
#10409 = CARTESIAN_POINT('',(89.2,76.8,13.2));
#10410 = DIRECTION('',(1.,6.123233995737E-17,0.));
#10411 = DIRECTION('',(6.123233995737E-17,-1.,0.));
#10412 = ORIENTED_EDGE('',*,*,#10229,.F.);
#10413 = CYLINDRICAL_SURFACE('',#10414,0.8);
#10414 = AXIS2_PLACEMENT_3D('',#10415,#10416,#10417);
#10415 = CARTESIAN_POINT('',(82.,76.8,13.2));
#10416 = DIRECTION('',(1.,0.,0.));
#10417 = DIRECTION('',(0.,-1.,0.));
#10418 = ADVANCED_FACE('',(#10419),#10446,.T.);
#10419 = FACE_BOUND('',#10420,.F.);
#10420 = EDGE_LOOP('',(#10421,#10431,#10438,#10439));
#10421 = ORIENTED_EDGE('',*,*,#10422,.F.);
#10422 = EDGE_CURVE('',#10423,#10425,#10427,.T.);
#10423 = VERTEX_POINT('',#10424);
#10424 = CARTESIAN_POINT('',(90.,76.8,6.8));
#10425 = VERTEX_POINT('',#10426);
#10426 = CARTESIAN_POINT('',(90.,76.8,13.2));
#10427 = LINE('',#10428,#10429);
#10428 = CARTESIAN_POINT('',(90.,76.8,6.));
#10429 = VECTOR('',#10430,1.);
#10430 = DIRECTION('',(0.,0.,1.));
#10431 = ORIENTED_EDGE('',*,*,#10432,.T.);
#10432 = EDGE_CURVE('',#10423,#10238,#10433,.T.);
#10433 = CIRCLE('',#10434,0.8);
#10434 = AXIS2_PLACEMENT_3D('',#10435,#10436,#10437);
#10435 = CARTESIAN_POINT('',(89.2,76.8,6.8));
#10436 = DIRECTION('',(0.,0.,-1.));
#10437 = DIRECTION('',(1.,0.,0.));
#10438 = ORIENTED_EDGE('',*,*,#10237,.T.);
#10439 = ORIENTED_EDGE('',*,*,#10440,.F.);
#10440 = EDGE_CURVE('',#10425,#10230,#10441,.T.);
#10441 = CIRCLE('',#10442,0.8);
#10442 = AXIS2_PLACEMENT_3D('',#10443,#10444,#10445);
#10443 = CARTESIAN_POINT('',(89.2,76.8,13.2));
#10444 = DIRECTION('',(0.,0.,-1.));
#10445 = DIRECTION('',(1.,0.,0.));
#10446 = CYLINDRICAL_SURFACE('',#10447,0.8);
#10447 = AXIS2_PLACEMENT_3D('',#10448,#10449,#10450);
#10448 = CARTESIAN_POINT('',(89.2,76.8,6.));
#10449 = DIRECTION('',(0.,0.,1.));
#10450 = DIRECTION('',(1.,0.,0.));
#10451 = ADVANCED_FACE('',(#10452),#10464,.T.);
#10452 = FACE_BOUND('',#10453,.F.);
#10453 = EDGE_LOOP('',(#10454,#10455,#10456,#10463));
#10454 = ORIENTED_EDGE('',*,*,#10291,.F.);
#10455 = ORIENTED_EDGE('',*,*,#10276,.T.);
#10456 = ORIENTED_EDGE('',*,*,#10457,.T.);
#10457 = EDGE_CURVE('',#10269,#10365,#10458,.T.);
#10458 = CIRCLE('',#10459,0.8);
#10459 = AXIS2_PLACEMENT_3D('',#10460,#10461,#10462);
#10460 = CARTESIAN_POINT('',(89.2,83.2,6.8));
#10461 = DIRECTION('',(1.,-6.123233995737E-17,0.));
#10462 = DIRECTION('',(6.123233995737E-17,1.,0.));
#10463 = ORIENTED_EDGE('',*,*,#10372,.F.);
#10464 = CYLINDRICAL_SURFACE('',#10465,0.8);
#10465 = AXIS2_PLACEMENT_3D('',#10466,#10467,#10468);
#10466 = CARTESIAN_POINT('',(82.,83.2,6.8));
#10467 = DIRECTION('',(1.,0.,0.));
#10468 = DIRECTION('',(0.,1.,0.));
#10469 = ADVANCED_FACE('',(#10470),#10495,.T.);
#10470 = FACE_BOUND('',#10471,.T.);
#10471 = EDGE_LOOP('',(#10472,#10479,#10480,#10489));
#10472 = ORIENTED_EDGE('',*,*,#10473,.F.);
#10473 = EDGE_CURVE('',#10261,#10423,#10474,.T.);
#10474 = CIRCLE('',#10475,0.8);
#10475 = AXIS2_PLACEMENT_3D('',#10476,#10477,#10478);
#10476 = CARTESIAN_POINT('',(89.2,76.8,6.8));
#10477 = DIRECTION('',(0.,-1.,0.));
#10478 = DIRECTION('',(1.,0.,0.));
#10479 = ORIENTED_EDGE('',*,*,#10268,.T.);
#10480 = ORIENTED_EDGE('',*,*,#10481,.T.);
#10481 = EDGE_CURVE('',#10269,#10482,#10484,.T.);
#10482 = VERTEX_POINT('',#10483);
#10483 = CARTESIAN_POINT('',(90.,83.2,6.8));
#10484 = CIRCLE('',#10485,0.8);
#10485 = AXIS2_PLACEMENT_3D('',#10486,#10487,#10488);
#10486 = CARTESIAN_POINT('',(89.2,83.2,6.8));
#10487 = DIRECTION('',(0.,-1.,0.));
#10488 = DIRECTION('',(1.,0.,0.));
#10489 = ORIENTED_EDGE('',*,*,#10490,.F.);
#10490 = EDGE_CURVE('',#10423,#10482,#10491,.T.);
#10491 = LINE('',#10492,#10493);
#10492 = CARTESIAN_POINT('',(90.,76.,6.8));
#10493 = VECTOR('',#10494,1.);
#10494 = DIRECTION('',(0.,1.,0.));
#10495 = CYLINDRICAL_SURFACE('',#10496,0.8);
#10496 = AXIS2_PLACEMENT_3D('',#10497,#10498,#10499);
#10497 = CARTESIAN_POINT('',(89.2,76.,6.8));
#10498 = DIRECTION('',(0.,1.,0.));
#10499 = DIRECTION('',(1.,0.,0.));
#10500 = ADVANCED_FACE('',(#10501),#10513,.T.);
#10501 = FACE_BOUND('',#10502,.T.);
#10502 = EDGE_LOOP('',(#10503,#10504,#10505,#10512));
#10503 = ORIENTED_EDGE('',*,*,#10339,.T.);
#10504 = ORIENTED_EDGE('',*,*,#10324,.T.);
#10505 = ORIENTED_EDGE('',*,*,#10506,.F.);
#10506 = EDGE_CURVE('',#10357,#10317,#10507,.T.);
#10507 = CIRCLE('',#10508,0.8);
#10508 = AXIS2_PLACEMENT_3D('',#10509,#10510,#10511);
#10509 = CARTESIAN_POINT('',(89.2,83.2,13.2));
#10510 = DIRECTION('',(1.,0.,-6.123233995737E-17));
#10511 = DIRECTION('',(6.123233995737E-17,0.,1.));
#10512 = ORIENTED_EDGE('',*,*,#10356,.F.);
#10513 = CYLINDRICAL_SURFACE('',#10514,0.8);
#10514 = AXIS2_PLACEMENT_3D('',#10515,#10516,#10517);
#10515 = CARTESIAN_POINT('',(82.,83.2,13.2));
#10516 = DIRECTION('',(1.,0.,0.));
#10517 = DIRECTION('',(0.,1.,0.));
#10518 = ADVANCED_FACE('',(#10519),#10544,.T.);
#10519 = FACE_BOUND('',#10520,.F.);
#10520 = EDGE_LOOP('',(#10521,#10528,#10529,#10538));
#10521 = ORIENTED_EDGE('',*,*,#10522,.F.);
#10522 = EDGE_CURVE('',#10309,#10425,#10523,.T.);
#10523 = CIRCLE('',#10524,0.8);
#10524 = AXIS2_PLACEMENT_3D('',#10525,#10526,#10527);
#10525 = CARTESIAN_POINT('',(89.2,76.8,13.2));
#10526 = DIRECTION('',(-0.,1.,0.));
#10527 = DIRECTION('',(1.,0.,0.));
#10528 = ORIENTED_EDGE('',*,*,#10316,.T.);
#10529 = ORIENTED_EDGE('',*,*,#10530,.F.);
#10530 = EDGE_CURVE('',#10531,#10317,#10533,.T.);
#10531 = VERTEX_POINT('',#10532);
#10532 = CARTESIAN_POINT('',(90.,83.2,13.2));
#10533 = CIRCLE('',#10534,0.8);
#10534 = AXIS2_PLACEMENT_3D('',#10535,#10536,#10537);
#10535 = CARTESIAN_POINT('',(89.2,83.2,13.2));
#10536 = DIRECTION('',(0.,-1.,0.));
#10537 = DIRECTION('',(1.,0.,0.));
#10538 = ORIENTED_EDGE('',*,*,#10539,.F.);
#10539 = EDGE_CURVE('',#10425,#10531,#10540,.T.);
#10540 = LINE('',#10541,#10542);
#10541 = CARTESIAN_POINT('',(90.,76.,13.2));
#10542 = VECTOR('',#10543,1.);
#10543 = DIRECTION('',(0.,1.,0.));
#10544 = CYLINDRICAL_SURFACE('',#10545,0.8);
#10545 = AXIS2_PLACEMENT_3D('',#10546,#10547,#10548);
#10546 = CARTESIAN_POINT('',(89.2,76.,13.2));
#10547 = DIRECTION('',(0.,1.,0.));
#10548 = DIRECTION('',(1.,0.,0.));
#10549 = ADVANCED_FACE('',(#10550),#10573,.T.);
#10550 = FACE_BOUND('',#10551,.T.);
#10551 = EDGE_LOOP('',(#10552,#10558,#10565,#10566));
#10552 = ORIENTED_EDGE('',*,*,#10553,.F.);
#10553 = EDGE_CURVE('',#10482,#10531,#10554,.T.);
#10554 = LINE('',#10555,#10556);
#10555 = CARTESIAN_POINT('',(90.,83.2,6.));
#10556 = VECTOR('',#10557,1.);
#10557 = DIRECTION('',(0.,0.,1.));
#10558 = ORIENTED_EDGE('',*,*,#10559,.T.);
#10559 = EDGE_CURVE('',#10482,#10365,#10560,.T.);
#10560 = CIRCLE('',#10561,0.8);
#10561 = AXIS2_PLACEMENT_3D('',#10562,#10563,#10564);
#10562 = CARTESIAN_POINT('',(89.2,83.2,6.8));
#10563 = DIRECTION('',(0.,0.,1.));
#10564 = DIRECTION('',(1.,0.,0.));
#10565 = ORIENTED_EDGE('',*,*,#10364,.T.);
#10566 = ORIENTED_EDGE('',*,*,#10567,.T.);
#10567 = EDGE_CURVE('',#10357,#10531,#10568,.T.);
#10568 = CIRCLE('',#10569,0.8);
#10569 = AXIS2_PLACEMENT_3D('',#10570,#10571,#10572);
#10570 = CARTESIAN_POINT('',(89.2,83.2,13.2));
#10571 = DIRECTION('',(0.,0.,-1.));
#10572 = DIRECTION('',(1.,0.,0.));
#10573 = CYLINDRICAL_SURFACE('',#10574,0.8);
#10574 = AXIS2_PLACEMENT_3D('',#10575,#10576,#10577);
#10575 = CARTESIAN_POINT('',(89.2,83.2,6.));
#10576 = DIRECTION('',(0.,0.,1.));
#10577 = DIRECTION('',(1.,0.,0.));
#10578 = ADVANCED_FACE('',(#10579),#10584,.T.);
#10579 = FACE_BOUND('',#10580,.F.);
#10580 = EDGE_LOOP('',(#10581,#10582,#10583));
#10581 = ORIENTED_EDGE('',*,*,#10473,.F.);
#10582 = ORIENTED_EDGE('',*,*,#10388,.T.);
#10583 = ORIENTED_EDGE('',*,*,#10432,.F.);
#10584 = SPHERICAL_SURFACE('',#10585,0.8);
#10585 = AXIS2_PLACEMENT_3D('',#10586,#10587,#10588);
#10586 = CARTESIAN_POINT('',(89.2,76.8,6.8));
#10587 = DIRECTION('',(0.,0.,1.));
#10588 = DIRECTION('',(1.,0.,0.));
#10589 = ADVANCED_FACE('',(#10590),#10595,.T.);
#10590 = FACE_BOUND('',#10591,.T.);
#10591 = EDGE_LOOP('',(#10592,#10593,#10594));
#10592 = ORIENTED_EDGE('',*,*,#10522,.F.);
#10593 = ORIENTED_EDGE('',*,*,#10406,.T.);
#10594 = ORIENTED_EDGE('',*,*,#10440,.F.);
#10595 = SPHERICAL_SURFACE('',#10596,0.8);
#10596 = AXIS2_PLACEMENT_3D('',#10597,#10598,#10599);
#10597 = CARTESIAN_POINT('',(89.2,76.8,13.2));
#10598 = DIRECTION('',(-0.,-0.,-1.));
#10599 = DIRECTION('',(1.,0.,0.));
#10600 = ADVANCED_FACE('',(#10601),#10607,.T.);
#10601 = FACE_BOUND('',#10602,.T.);
#10602 = EDGE_LOOP('',(#10603,#10604,#10605,#10606));
#10603 = ORIENTED_EDGE('',*,*,#10422,.F.);
#10604 = ORIENTED_EDGE('',*,*,#10490,.T.);
#10605 = ORIENTED_EDGE('',*,*,#10553,.T.);
#10606 = ORIENTED_EDGE('',*,*,#10539,.F.);
#10607 = PLANE('',#10608);
#10608 = AXIS2_PLACEMENT_3D('',#10609,#10610,#10611);
#10609 = CARTESIAN_POINT('',(90.,76.,6.));
#10610 = DIRECTION('',(1.,0.,0.));
#10611 = DIRECTION('',(0.,0.,1.));
#10612 = ADVANCED_FACE('',(#10613),#10618,.T.);
#10613 = FACE_BOUND('',#10614,.T.);
#10614 = EDGE_LOOP('',(#10615,#10616,#10617));
#10615 = ORIENTED_EDGE('',*,*,#10481,.F.);
#10616 = ORIENTED_EDGE('',*,*,#10457,.T.);
#10617 = ORIENTED_EDGE('',*,*,#10559,.F.);
#10618 = SPHERICAL_SURFACE('',#10619,0.8);
#10619 = AXIS2_PLACEMENT_3D('',#10620,#10621,#10622);
#10620 = CARTESIAN_POINT('',(89.2,83.2,6.8));
#10621 = DIRECTION('',(0.,0.,1.));
#10622 = DIRECTION('',(1.,0.,0.));
#10623 = ADVANCED_FACE('',(#10624),#10629,.T.);
#10624 = FACE_BOUND('',#10625,.T.);
#10625 = EDGE_LOOP('',(#10626,#10627,#10628));
#10626 = ORIENTED_EDGE('',*,*,#10567,.F.);
#10627 = ORIENTED_EDGE('',*,*,#10506,.T.);
#10628 = ORIENTED_EDGE('',*,*,#10530,.F.);
#10629 = SPHERICAL_SURFACE('',#10630,0.8);
#10630 = AXIS2_PLACEMENT_3D('',#10631,#10632,#10633);
#10631 = CARTESIAN_POINT('',(89.2,83.2,13.2));
#10632 = DIRECTION('',(0.,-1.,0.));
#10633 = DIRECTION('',(1.,0.,0.));
#10634 = MANIFOLD_SOLID_BREP('',#10635);
#10635 = CLOSED_SHELL('',(#10636,#10676,#10709,#10742,#10775,#10808,
    #10825,#10842,#10873,#10904,#10921,#10952,#10969,#11000,#11018,
    #11036,#11069,#11087,#11118,#11136,#11167,#11196,#11207,#11218,
    #11230,#11241));
#10636 = ADVANCED_FACE('',(#10637),#10671,.F.);
#10637 = FACE_BOUND('',#10638,.F.);
#10638 = EDGE_LOOP('',(#10639,#10649,#10657,#10665));
#10639 = ORIENTED_EDGE('',*,*,#10640,.F.);
#10640 = EDGE_CURVE('',#10641,#10643,#10645,.T.);
#10641 = VERTEX_POINT('',#10642);
#10642 = CARTESIAN_POINT('',(82.,92.8,-7.2));
#10643 = VERTEX_POINT('',#10644);
#10644 = CARTESIAN_POINT('',(82.,92.8,9.2));
#10645 = LINE('',#10646,#10647);
#10646 = CARTESIAN_POINT('',(82.,92.8,-8.));
#10647 = VECTOR('',#10648,1.);
#10648 = DIRECTION('',(0.,0.,1.));
#10649 = ORIENTED_EDGE('',*,*,#10650,.T.);
#10650 = EDGE_CURVE('',#10641,#10651,#10653,.T.);
#10651 = VERTEX_POINT('',#10652);
#10652 = CARTESIAN_POINT('',(82.,111.2,-7.2));
#10653 = LINE('',#10654,#10655);
#10654 = CARTESIAN_POINT('',(82.,92.,-7.2));
#10655 = VECTOR('',#10656,1.);
#10656 = DIRECTION('',(0.,1.,0.));
#10657 = ORIENTED_EDGE('',*,*,#10658,.T.);
#10658 = EDGE_CURVE('',#10651,#10659,#10661,.T.);
#10659 = VERTEX_POINT('',#10660);
#10660 = CARTESIAN_POINT('',(82.,111.2,9.2));
#10661 = LINE('',#10662,#10663);
#10662 = CARTESIAN_POINT('',(82.,111.2,-8.));
#10663 = VECTOR('',#10664,1.);
#10664 = DIRECTION('',(0.,0.,1.));
#10665 = ORIENTED_EDGE('',*,*,#10666,.F.);
#10666 = EDGE_CURVE('',#10643,#10659,#10667,.T.);
#10667 = LINE('',#10668,#10669);
#10668 = CARTESIAN_POINT('',(82.,92.,9.2));
#10669 = VECTOR('',#10670,1.);
#10670 = DIRECTION('',(0.,1.,0.));
#10671 = PLANE('',#10672);
#10672 = AXIS2_PLACEMENT_3D('',#10673,#10674,#10675);
#10673 = CARTESIAN_POINT('',(82.,92.,-8.));
#10674 = DIRECTION('',(1.,0.,0.));
#10675 = DIRECTION('',(0.,0.,1.));
#10676 = ADVANCED_FACE('',(#10677),#10704,.T.);
#10677 = FACE_BOUND('',#10678,.T.);
#10678 = EDGE_LOOP('',(#10679,#10680,#10689,#10697));
#10679 = ORIENTED_EDGE('',*,*,#10640,.F.);
#10680 = ORIENTED_EDGE('',*,*,#10681,.T.);
#10681 = EDGE_CURVE('',#10641,#10682,#10684,.T.);
#10682 = VERTEX_POINT('',#10683);
#10683 = CARTESIAN_POINT('',(82.8,92.,-7.2));
#10684 = CIRCLE('',#10685,0.8);
#10685 = AXIS2_PLACEMENT_3D('',#10686,#10687,#10688);
#10686 = CARTESIAN_POINT('',(82.8,92.8,-7.2));
#10687 = DIRECTION('',(0.,0.,1.));
#10688 = DIRECTION('',(-1.,0.,0.));
#10689 = ORIENTED_EDGE('',*,*,#10690,.T.);
#10690 = EDGE_CURVE('',#10682,#10691,#10693,.T.);
#10691 = VERTEX_POINT('',#10692);
#10692 = CARTESIAN_POINT('',(82.8,92.,9.2));
#10693 = LINE('',#10694,#10695);
#10694 = CARTESIAN_POINT('',(82.8,92.,-8.));
#10695 = VECTOR('',#10696,1.);
#10696 = DIRECTION('',(0.,0.,1.));
#10697 = ORIENTED_EDGE('',*,*,#10698,.F.);
#10698 = EDGE_CURVE('',#10643,#10691,#10699,.T.);
#10699 = CIRCLE('',#10700,0.8);
#10700 = AXIS2_PLACEMENT_3D('',#10701,#10702,#10703);
#10701 = CARTESIAN_POINT('',(82.8,92.8,9.2));
#10702 = DIRECTION('',(0.,0.,1.));
#10703 = DIRECTION('',(-1.,0.,0.));
#10704 = CYLINDRICAL_SURFACE('',#10705,0.8);
#10705 = AXIS2_PLACEMENT_3D('',#10706,#10707,#10708);
#10706 = CARTESIAN_POINT('',(82.8,92.8,-8.));
#10707 = DIRECTION('',(0.,0.,1.));
#10708 = DIRECTION('',(-1.,0.,0.));
#10709 = ADVANCED_FACE('',(#10710),#10737,.T.);
#10710 = FACE_BOUND('',#10711,.F.);
#10711 = EDGE_LOOP('',(#10712,#10721,#10729,#10736));
#10712 = ORIENTED_EDGE('',*,*,#10713,.F.);
#10713 = EDGE_CURVE('',#10714,#10641,#10716,.T.);
#10714 = VERTEX_POINT('',#10715);
#10715 = CARTESIAN_POINT('',(82.8,92.8,-8.));
#10716 = CIRCLE('',#10717,0.8);
#10717 = AXIS2_PLACEMENT_3D('',#10718,#10719,#10720);
#10718 = CARTESIAN_POINT('',(82.8,92.8,-7.2));
#10719 = DIRECTION('',(0.,1.,-0.));
#10720 = DIRECTION('',(-1.,0.,0.));
#10721 = ORIENTED_EDGE('',*,*,#10722,.T.);
#10722 = EDGE_CURVE('',#10714,#10723,#10725,.T.);
#10723 = VERTEX_POINT('',#10724);
#10724 = CARTESIAN_POINT('',(82.8,111.2,-8.));
#10725 = LINE('',#10726,#10727);
#10726 = CARTESIAN_POINT('',(82.8,92.,-8.));
#10727 = VECTOR('',#10728,1.);
#10728 = DIRECTION('',(0.,1.,0.));
#10729 = ORIENTED_EDGE('',*,*,#10730,.T.);
#10730 = EDGE_CURVE('',#10723,#10651,#10731,.T.);
#10731 = CIRCLE('',#10732,0.8);
#10732 = AXIS2_PLACEMENT_3D('',#10733,#10734,#10735);
#10733 = CARTESIAN_POINT('',(82.8,111.2,-7.2));
#10734 = DIRECTION('',(0.,1.,-0.));
#10735 = DIRECTION('',(-1.,0.,0.));
#10736 = ORIENTED_EDGE('',*,*,#10650,.F.);
#10737 = CYLINDRICAL_SURFACE('',#10738,0.8);
#10738 = AXIS2_PLACEMENT_3D('',#10739,#10740,#10741);
#10739 = CARTESIAN_POINT('',(82.8,92.,-7.2));
#10740 = DIRECTION('',(0.,1.,0.));
#10741 = DIRECTION('',(-1.,0.,0.));
#10742 = ADVANCED_FACE('',(#10743),#10770,.T.);
#10743 = FACE_BOUND('',#10744,.T.);
#10744 = EDGE_LOOP('',(#10745,#10754,#10762,#10769));
#10745 = ORIENTED_EDGE('',*,*,#10746,.F.);
#10746 = EDGE_CURVE('',#10747,#10643,#10749,.T.);
#10747 = VERTEX_POINT('',#10748);
#10748 = CARTESIAN_POINT('',(82.8,92.8,10.));
#10749 = CIRCLE('',#10750,0.8);
#10750 = AXIS2_PLACEMENT_3D('',#10751,#10752,#10753);
#10751 = CARTESIAN_POINT('',(82.8,92.8,9.2));
#10752 = DIRECTION('',(0.,-1.,0.));
#10753 = DIRECTION('',(-1.,0.,0.));
#10754 = ORIENTED_EDGE('',*,*,#10755,.T.);
#10755 = EDGE_CURVE('',#10747,#10756,#10758,.T.);
#10756 = VERTEX_POINT('',#10757);
#10757 = CARTESIAN_POINT('',(82.8,111.2,10.));
#10758 = LINE('',#10759,#10760);
#10759 = CARTESIAN_POINT('',(82.8,92.,10.));
#10760 = VECTOR('',#10761,1.);
#10761 = DIRECTION('',(0.,1.,0.));
#10762 = ORIENTED_EDGE('',*,*,#10763,.F.);
#10763 = EDGE_CURVE('',#10659,#10756,#10764,.T.);
#10764 = CIRCLE('',#10765,0.8);
#10765 = AXIS2_PLACEMENT_3D('',#10766,#10767,#10768);
#10766 = CARTESIAN_POINT('',(82.8,111.2,9.2));
#10767 = DIRECTION('',(0.,1.,-0.));
#10768 = DIRECTION('',(-1.,0.,0.));
#10769 = ORIENTED_EDGE('',*,*,#10666,.F.);
#10770 = CYLINDRICAL_SURFACE('',#10771,0.8);
#10771 = AXIS2_PLACEMENT_3D('',#10772,#10773,#10774);
#10772 = CARTESIAN_POINT('',(82.8,92.,9.2));
#10773 = DIRECTION('',(0.,1.,0.));
#10774 = DIRECTION('',(-1.,0.,0.));
#10775 = ADVANCED_FACE('',(#10776),#10803,.T.);
#10776 = FACE_BOUND('',#10777,.F.);
#10777 = EDGE_LOOP('',(#10778,#10779,#10788,#10796));
#10778 = ORIENTED_EDGE('',*,*,#10658,.F.);
#10779 = ORIENTED_EDGE('',*,*,#10780,.T.);
#10780 = EDGE_CURVE('',#10651,#10781,#10783,.T.);
#10781 = VERTEX_POINT('',#10782);
#10782 = CARTESIAN_POINT('',(82.8,112.,-7.2));
#10783 = CIRCLE('',#10784,0.8);
#10784 = AXIS2_PLACEMENT_3D('',#10785,#10786,#10787);
#10785 = CARTESIAN_POINT('',(82.8,111.2,-7.2));
#10786 = DIRECTION('',(0.,0.,-1.));
#10787 = DIRECTION('',(-1.,0.,0.));
#10788 = ORIENTED_EDGE('',*,*,#10789,.T.);
#10789 = EDGE_CURVE('',#10781,#10790,#10792,.T.);
#10790 = VERTEX_POINT('',#10791);
#10791 = CARTESIAN_POINT('',(82.8,112.,9.2));
#10792 = LINE('',#10793,#10794);
#10793 = CARTESIAN_POINT('',(82.8,112.,-8.));
#10794 = VECTOR('',#10795,1.);
#10795 = DIRECTION('',(0.,0.,1.));
#10796 = ORIENTED_EDGE('',*,*,#10797,.T.);
#10797 = EDGE_CURVE('',#10790,#10659,#10798,.T.);
#10798 = CIRCLE('',#10799,0.8);
#10799 = AXIS2_PLACEMENT_3D('',#10800,#10801,#10802);
#10800 = CARTESIAN_POINT('',(82.8,111.2,9.2));
#10801 = DIRECTION('',(0.,0.,1.));
#10802 = DIRECTION('',(-1.,0.,0.));
#10803 = CYLINDRICAL_SURFACE('',#10804,0.8);
#10804 = AXIS2_PLACEMENT_3D('',#10805,#10806,#10807);
#10805 = CARTESIAN_POINT('',(82.8,111.2,-8.));
#10806 = DIRECTION('',(0.,0.,1.));
#10807 = DIRECTION('',(-1.,0.,0.));
#10808 = ADVANCED_FACE('',(#10809),#10820,.T.);
#10809 = FACE_BOUND('',#10810,.T.);
#10810 = EDGE_LOOP('',(#10811,#10812,#10819));
#10811 = ORIENTED_EDGE('',*,*,#10713,.F.);
#10812 = ORIENTED_EDGE('',*,*,#10813,.T.);
#10813 = EDGE_CURVE('',#10714,#10682,#10814,.T.);
#10814 = CIRCLE('',#10815,0.8);
#10815 = AXIS2_PLACEMENT_3D('',#10816,#10817,#10818);
#10816 = CARTESIAN_POINT('',(82.8,92.8,-7.2));
#10817 = DIRECTION('',(-1.,6.123233995737E-17,0.));
#10818 = DIRECTION('',(-6.123233995737E-17,-1.,0.));
#10819 = ORIENTED_EDGE('',*,*,#10681,.F.);
#10820 = SPHERICAL_SURFACE('',#10821,0.8);
#10821 = AXIS2_PLACEMENT_3D('',#10822,#10823,#10824);
#10822 = CARTESIAN_POINT('',(82.8,92.8,-7.2));
#10823 = DIRECTION('',(0.,0.,1.));
#10824 = DIRECTION('',(-1.,0.,0.));
#10825 = ADVANCED_FACE('',(#10826),#10837,.T.);
#10826 = FACE_BOUND('',#10827,.F.);
#10827 = EDGE_LOOP('',(#10828,#10829,#10836));
#10828 = ORIENTED_EDGE('',*,*,#10746,.F.);
#10829 = ORIENTED_EDGE('',*,*,#10830,.T.);
#10830 = EDGE_CURVE('',#10747,#10691,#10831,.T.);
#10831 = CIRCLE('',#10832,0.8);
#10832 = AXIS2_PLACEMENT_3D('',#10833,#10834,#10835);
#10833 = CARTESIAN_POINT('',(82.8,92.8,9.2));
#10834 = DIRECTION('',(1.,-6.123233995737E-17,0.));
#10835 = DIRECTION('',(-6.123233995737E-17,-1.,0.));
#10836 = ORIENTED_EDGE('',*,*,#10698,.F.);
#10837 = SPHERICAL_SURFACE('',#10838,0.8);
#10838 = AXIS2_PLACEMENT_3D('',#10839,#10840,#10841);
#10839 = CARTESIAN_POINT('',(82.8,92.8,9.2));
#10840 = DIRECTION('',(-0.,-0.,-1.));
#10841 = DIRECTION('',(-1.,0.,0.));
#10842 = ADVANCED_FACE('',(#10843),#10868,.F.);
#10843 = FACE_BOUND('',#10844,.F.);
#10844 = EDGE_LOOP('',(#10845,#10846,#10854,#10862));
#10845 = ORIENTED_EDGE('',*,*,#10690,.T.);
#10846 = ORIENTED_EDGE('',*,*,#10847,.T.);
#10847 = EDGE_CURVE('',#10691,#10848,#10850,.T.);
#10848 = VERTEX_POINT('',#10849);
#10849 = CARTESIAN_POINT('',(87.2,92.,9.2));
#10850 = LINE('',#10851,#10852);
#10851 = CARTESIAN_POINT('',(82.,92.,9.2));
#10852 = VECTOR('',#10853,1.);
#10853 = DIRECTION('',(1.,0.,0.));
#10854 = ORIENTED_EDGE('',*,*,#10855,.F.);
#10855 = EDGE_CURVE('',#10856,#10848,#10858,.T.);
#10856 = VERTEX_POINT('',#10857);
#10857 = CARTESIAN_POINT('',(87.2,92.,-7.2));
#10858 = LINE('',#10859,#10860);
#10859 = CARTESIAN_POINT('',(87.2,92.,-8.));
#10860 = VECTOR('',#10861,1.);
#10861 = DIRECTION('',(0.,0.,1.));
#10862 = ORIENTED_EDGE('',*,*,#10863,.F.);
#10863 = EDGE_CURVE('',#10682,#10856,#10864,.T.);
#10864 = LINE('',#10865,#10866);
#10865 = CARTESIAN_POINT('',(82.,92.,-7.2));
#10866 = VECTOR('',#10867,1.);
#10867 = DIRECTION('',(1.,0.,0.));
#10868 = PLANE('',#10869);
#10869 = AXIS2_PLACEMENT_3D('',#10870,#10871,#10872);
#10870 = CARTESIAN_POINT('',(82.,92.,-8.));
#10871 = DIRECTION('',(0.,1.,0.));
#10872 = DIRECTION('',(0.,0.,1.));
#10873 = ADVANCED_FACE('',(#10874),#10899,.F.);
#10874 = FACE_BOUND('',#10875,.F.);
#10875 = EDGE_LOOP('',(#10876,#10877,#10885,#10893));
#10876 = ORIENTED_EDGE('',*,*,#10722,.F.);
#10877 = ORIENTED_EDGE('',*,*,#10878,.T.);
#10878 = EDGE_CURVE('',#10714,#10879,#10881,.T.);
#10879 = VERTEX_POINT('',#10880);
#10880 = CARTESIAN_POINT('',(87.2,92.8,-8.));
#10881 = LINE('',#10882,#10883);
#10882 = CARTESIAN_POINT('',(82.,92.8,-8.));
#10883 = VECTOR('',#10884,1.);
#10884 = DIRECTION('',(1.,0.,0.));
#10885 = ORIENTED_EDGE('',*,*,#10886,.T.);
#10886 = EDGE_CURVE('',#10879,#10887,#10889,.T.);
#10887 = VERTEX_POINT('',#10888);
#10888 = CARTESIAN_POINT('',(87.2,111.2,-8.));
#10889 = LINE('',#10890,#10891);
#10890 = CARTESIAN_POINT('',(87.2,92.,-8.));
#10891 = VECTOR('',#10892,1.);
#10892 = DIRECTION('',(0.,1.,0.));
#10893 = ORIENTED_EDGE('',*,*,#10894,.F.);
#10894 = EDGE_CURVE('',#10723,#10887,#10895,.T.);
#10895 = LINE('',#10896,#10897);
#10896 = CARTESIAN_POINT('',(82.,111.2,-8.));
#10897 = VECTOR('',#10898,1.);
#10898 = DIRECTION('',(1.,0.,0.));
#10899 = PLANE('',#10900);
#10900 = AXIS2_PLACEMENT_3D('',#10901,#10902,#10903);
#10901 = CARTESIAN_POINT('',(82.,92.,-8.));
#10902 = DIRECTION('',(0.,0.,1.));
#10903 = DIRECTION('',(1.,0.,0.));
#10904 = ADVANCED_FACE('',(#10905),#10916,.T.);
#10905 = FACE_BOUND('',#10906,.F.);
#10906 = EDGE_LOOP('',(#10907,#10908,#10915));
#10907 = ORIENTED_EDGE('',*,*,#10730,.F.);
#10908 = ORIENTED_EDGE('',*,*,#10909,.T.);
#10909 = EDGE_CURVE('',#10723,#10781,#10910,.T.);
#10910 = CIRCLE('',#10911,0.8);
#10911 = AXIS2_PLACEMENT_3D('',#10912,#10913,#10914);
#10912 = CARTESIAN_POINT('',(82.8,111.2,-7.2));
#10913 = DIRECTION('',(1.,6.123233995737E-17,-0.));
#10914 = DIRECTION('',(-6.123233995737E-17,1.,0.));
#10915 = ORIENTED_EDGE('',*,*,#10780,.F.);
#10916 = SPHERICAL_SURFACE('',#10917,0.8);
#10917 = AXIS2_PLACEMENT_3D('',#10918,#10919,#10920);
#10918 = CARTESIAN_POINT('',(82.8,111.2,-7.2));
#10919 = DIRECTION('',(0.,0.,1.));
#10920 = DIRECTION('',(-1.,0.,0.));
#10921 = ADVANCED_FACE('',(#10922),#10947,.T.);
#10922 = FACE_BOUND('',#10923,.T.);
#10923 = EDGE_LOOP('',(#10924,#10925,#10933,#10941));
#10924 = ORIENTED_EDGE('',*,*,#10755,.F.);
#10925 = ORIENTED_EDGE('',*,*,#10926,.T.);
#10926 = EDGE_CURVE('',#10747,#10927,#10929,.T.);
#10927 = VERTEX_POINT('',#10928);
#10928 = CARTESIAN_POINT('',(87.2,92.8,10.));
#10929 = LINE('',#10930,#10931);
#10930 = CARTESIAN_POINT('',(82.,92.8,10.));
#10931 = VECTOR('',#10932,1.);
#10932 = DIRECTION('',(1.,0.,0.));
#10933 = ORIENTED_EDGE('',*,*,#10934,.T.);
#10934 = EDGE_CURVE('',#10927,#10935,#10937,.T.);
#10935 = VERTEX_POINT('',#10936);
#10936 = CARTESIAN_POINT('',(87.2,111.2,10.));
#10937 = LINE('',#10938,#10939);
#10938 = CARTESIAN_POINT('',(87.2,92.,10.));
#10939 = VECTOR('',#10940,1.);
#10940 = DIRECTION('',(0.,1.,0.));
#10941 = ORIENTED_EDGE('',*,*,#10942,.F.);
#10942 = EDGE_CURVE('',#10756,#10935,#10943,.T.);
#10943 = LINE('',#10944,#10945);
#10944 = CARTESIAN_POINT('',(82.,111.2,10.));
#10945 = VECTOR('',#10946,1.);
#10946 = DIRECTION('',(1.,0.,0.));
#10947 = PLANE('',#10948);
#10948 = AXIS2_PLACEMENT_3D('',#10949,#10950,#10951);
#10949 = CARTESIAN_POINT('',(82.,92.,10.));
#10950 = DIRECTION('',(0.,0.,1.));
#10951 = DIRECTION('',(1.,0.,0.));
#10952 = ADVANCED_FACE('',(#10953),#10964,.T.);
#10953 = FACE_BOUND('',#10954,.F.);
#10954 = EDGE_LOOP('',(#10955,#10956,#10963));
#10955 = ORIENTED_EDGE('',*,*,#10797,.F.);
#10956 = ORIENTED_EDGE('',*,*,#10957,.T.);
#10957 = EDGE_CURVE('',#10790,#10756,#10958,.T.);
#10958 = CIRCLE('',#10959,0.8);
#10959 = AXIS2_PLACEMENT_3D('',#10960,#10961,#10962);
#10960 = CARTESIAN_POINT('',(82.8,111.2,9.2));
#10961 = DIRECTION('',(1.,0.,6.123233995737E-17));
#10962 = DIRECTION('',(-6.123233995737E-17,0.,1.));
#10963 = ORIENTED_EDGE('',*,*,#10763,.F.);
#10964 = SPHERICAL_SURFACE('',#10965,0.8);
#10965 = AXIS2_PLACEMENT_3D('',#10966,#10967,#10968);
#10966 = CARTESIAN_POINT('',(82.8,111.2,9.2));
#10967 = DIRECTION('',(0.,-1.,0.));
#10968 = DIRECTION('',(-1.,0.,0.));
#10969 = ADVANCED_FACE('',(#10970),#10995,.T.);
#10970 = FACE_BOUND('',#10971,.T.);
#10971 = EDGE_LOOP('',(#10972,#10973,#10981,#10989));
#10972 = ORIENTED_EDGE('',*,*,#10789,.T.);
#10973 = ORIENTED_EDGE('',*,*,#10974,.T.);
#10974 = EDGE_CURVE('',#10790,#10975,#10977,.T.);
#10975 = VERTEX_POINT('',#10976);
#10976 = CARTESIAN_POINT('',(87.2,112.,9.2));
#10977 = LINE('',#10978,#10979);
#10978 = CARTESIAN_POINT('',(82.,112.,9.2));
#10979 = VECTOR('',#10980,1.);
#10980 = DIRECTION('',(1.,0.,0.));
#10981 = ORIENTED_EDGE('',*,*,#10982,.F.);
#10982 = EDGE_CURVE('',#10983,#10975,#10985,.T.);
#10983 = VERTEX_POINT('',#10984);
#10984 = CARTESIAN_POINT('',(87.2,112.,-7.2));
#10985 = LINE('',#10986,#10987);
#10986 = CARTESIAN_POINT('',(87.2,112.,-8.));
#10987 = VECTOR('',#10988,1.);
#10988 = DIRECTION('',(0.,0.,1.));
#10989 = ORIENTED_EDGE('',*,*,#10990,.F.);
#10990 = EDGE_CURVE('',#10781,#10983,#10991,.T.);
#10991 = LINE('',#10992,#10993);
#10992 = CARTESIAN_POINT('',(82.,112.,-7.2));
#10993 = VECTOR('',#10994,1.);
#10994 = DIRECTION('',(1.,0.,0.));
#10995 = PLANE('',#10996);
#10996 = AXIS2_PLACEMENT_3D('',#10997,#10998,#10999);
#10997 = CARTESIAN_POINT('',(82.,112.,-8.));
#10998 = DIRECTION('',(0.,1.,0.));
#10999 = DIRECTION('',(0.,0.,1.));
#11000 = ADVANCED_FACE('',(#11001),#11013,.T.);
#11001 = FACE_BOUND('',#11002,.T.);
#11002 = EDGE_LOOP('',(#11003,#11004,#11005,#11012));
#11003 = ORIENTED_EDGE('',*,*,#10813,.F.);
#11004 = ORIENTED_EDGE('',*,*,#10878,.T.);
#11005 = ORIENTED_EDGE('',*,*,#11006,.T.);
#11006 = EDGE_CURVE('',#10879,#10856,#11007,.T.);
#11007 = CIRCLE('',#11008,0.8);
#11008 = AXIS2_PLACEMENT_3D('',#11009,#11010,#11011);
#11009 = CARTESIAN_POINT('',(87.2,92.8,-7.2));
#11010 = DIRECTION('',(-1.,-6.123233995737E-17,0.));
#11011 = DIRECTION('',(6.123233995737E-17,-1.,0.));
#11012 = ORIENTED_EDGE('',*,*,#10863,.F.);
#11013 = CYLINDRICAL_SURFACE('',#11014,0.8);
#11014 = AXIS2_PLACEMENT_3D('',#11015,#11016,#11017);
#11015 = CARTESIAN_POINT('',(82.,92.8,-7.2));
#11016 = DIRECTION('',(1.,0.,0.));
#11017 = DIRECTION('',(0.,-1.,0.));
#11018 = ADVANCED_FACE('',(#11019),#11031,.T.);
#11019 = FACE_BOUND('',#11020,.F.);
#11020 = EDGE_LOOP('',(#11021,#11022,#11023,#11030));
#11021 = ORIENTED_EDGE('',*,*,#10830,.F.);
#11022 = ORIENTED_EDGE('',*,*,#10926,.T.);
#11023 = ORIENTED_EDGE('',*,*,#11024,.T.);
#11024 = EDGE_CURVE('',#10927,#10848,#11025,.T.);
#11025 = CIRCLE('',#11026,0.8);
#11026 = AXIS2_PLACEMENT_3D('',#11027,#11028,#11029);
#11027 = CARTESIAN_POINT('',(87.2,92.8,9.2));
#11028 = DIRECTION('',(1.,6.123233995737E-17,0.));
#11029 = DIRECTION('',(6.123233995737E-17,-1.,0.));
#11030 = ORIENTED_EDGE('',*,*,#10847,.F.);
#11031 = CYLINDRICAL_SURFACE('',#11032,0.8);
#11032 = AXIS2_PLACEMENT_3D('',#11033,#11034,#11035);
#11033 = CARTESIAN_POINT('',(82.,92.8,9.2));
#11034 = DIRECTION('',(1.,0.,0.));
#11035 = DIRECTION('',(0.,-1.,0.));
#11036 = ADVANCED_FACE('',(#11037),#11064,.T.);
#11037 = FACE_BOUND('',#11038,.F.);
#11038 = EDGE_LOOP('',(#11039,#11049,#11056,#11057));
#11039 = ORIENTED_EDGE('',*,*,#11040,.F.);
#11040 = EDGE_CURVE('',#11041,#11043,#11045,.T.);
#11041 = VERTEX_POINT('',#11042);
#11042 = CARTESIAN_POINT('',(88.,92.8,-7.2));
#11043 = VERTEX_POINT('',#11044);
#11044 = CARTESIAN_POINT('',(88.,92.8,9.2));
#11045 = LINE('',#11046,#11047);
#11046 = CARTESIAN_POINT('',(88.,92.8,-8.));
#11047 = VECTOR('',#11048,1.);
#11048 = DIRECTION('',(0.,0.,1.));
#11049 = ORIENTED_EDGE('',*,*,#11050,.T.);
#11050 = EDGE_CURVE('',#11041,#10856,#11051,.T.);
#11051 = CIRCLE('',#11052,0.8);
#11052 = AXIS2_PLACEMENT_3D('',#11053,#11054,#11055);
#11053 = CARTESIAN_POINT('',(87.2,92.8,-7.2));
#11054 = DIRECTION('',(0.,0.,-1.));
#11055 = DIRECTION('',(1.,0.,0.));
#11056 = ORIENTED_EDGE('',*,*,#10855,.T.);
#11057 = ORIENTED_EDGE('',*,*,#11058,.F.);
#11058 = EDGE_CURVE('',#11043,#10848,#11059,.T.);
#11059 = CIRCLE('',#11060,0.8);
#11060 = AXIS2_PLACEMENT_3D('',#11061,#11062,#11063);
#11061 = CARTESIAN_POINT('',(87.2,92.8,9.2));
#11062 = DIRECTION('',(0.,0.,-1.));
#11063 = DIRECTION('',(1.,0.,0.));
#11064 = CYLINDRICAL_SURFACE('',#11065,0.8);
#11065 = AXIS2_PLACEMENT_3D('',#11066,#11067,#11068);
#11066 = CARTESIAN_POINT('',(87.2,92.8,-8.));
#11067 = DIRECTION('',(0.,0.,1.));
#11068 = DIRECTION('',(1.,0.,0.));
#11069 = ADVANCED_FACE('',(#11070),#11082,.T.);
#11070 = FACE_BOUND('',#11071,.F.);
#11071 = EDGE_LOOP('',(#11072,#11073,#11074,#11081));
#11072 = ORIENTED_EDGE('',*,*,#10909,.F.);
#11073 = ORIENTED_EDGE('',*,*,#10894,.T.);
#11074 = ORIENTED_EDGE('',*,*,#11075,.T.);
#11075 = EDGE_CURVE('',#10887,#10983,#11076,.T.);
#11076 = CIRCLE('',#11077,0.8);
#11077 = AXIS2_PLACEMENT_3D('',#11078,#11079,#11080);
#11078 = CARTESIAN_POINT('',(87.2,111.2,-7.2));
#11079 = DIRECTION('',(1.,-6.123233995737E-17,0.));
#11080 = DIRECTION('',(6.123233995737E-17,1.,0.));
#11081 = ORIENTED_EDGE('',*,*,#10990,.F.);
#11082 = CYLINDRICAL_SURFACE('',#11083,0.8);
#11083 = AXIS2_PLACEMENT_3D('',#11084,#11085,#11086);
#11084 = CARTESIAN_POINT('',(82.,111.2,-7.2));
#11085 = DIRECTION('',(1.,0.,0.));
#11086 = DIRECTION('',(0.,1.,0.));
#11087 = ADVANCED_FACE('',(#11088),#11113,.T.);
#11088 = FACE_BOUND('',#11089,.T.);
#11089 = EDGE_LOOP('',(#11090,#11097,#11098,#11107));
#11090 = ORIENTED_EDGE('',*,*,#11091,.F.);
#11091 = EDGE_CURVE('',#10879,#11041,#11092,.T.);
#11092 = CIRCLE('',#11093,0.8);
#11093 = AXIS2_PLACEMENT_3D('',#11094,#11095,#11096);
#11094 = CARTESIAN_POINT('',(87.2,92.8,-7.2));
#11095 = DIRECTION('',(0.,-1.,0.));
#11096 = DIRECTION('',(1.,0.,0.));
#11097 = ORIENTED_EDGE('',*,*,#10886,.T.);
#11098 = ORIENTED_EDGE('',*,*,#11099,.T.);
#11099 = EDGE_CURVE('',#10887,#11100,#11102,.T.);
#11100 = VERTEX_POINT('',#11101);
#11101 = CARTESIAN_POINT('',(88.,111.2,-7.2));
#11102 = CIRCLE('',#11103,0.8);
#11103 = AXIS2_PLACEMENT_3D('',#11104,#11105,#11106);
#11104 = CARTESIAN_POINT('',(87.2,111.2,-7.2));
#11105 = DIRECTION('',(0.,-1.,0.));
#11106 = DIRECTION('',(1.,0.,0.));
#11107 = ORIENTED_EDGE('',*,*,#11108,.F.);
#11108 = EDGE_CURVE('',#11041,#11100,#11109,.T.);
#11109 = LINE('',#11110,#11111);
#11110 = CARTESIAN_POINT('',(88.,92.,-7.2));
#11111 = VECTOR('',#11112,1.);
#11112 = DIRECTION('',(0.,1.,0.));
#11113 = CYLINDRICAL_SURFACE('',#11114,0.8);
#11114 = AXIS2_PLACEMENT_3D('',#11115,#11116,#11117);
#11115 = CARTESIAN_POINT('',(87.2,92.,-7.2));
#11116 = DIRECTION('',(0.,1.,0.));
#11117 = DIRECTION('',(1.,0.,0.));
#11118 = ADVANCED_FACE('',(#11119),#11131,.T.);
#11119 = FACE_BOUND('',#11120,.T.);
#11120 = EDGE_LOOP('',(#11121,#11122,#11123,#11130));
#11121 = ORIENTED_EDGE('',*,*,#10957,.T.);
#11122 = ORIENTED_EDGE('',*,*,#10942,.T.);
#11123 = ORIENTED_EDGE('',*,*,#11124,.F.);
#11124 = EDGE_CURVE('',#10975,#10935,#11125,.T.);
#11125 = CIRCLE('',#11126,0.8);
#11126 = AXIS2_PLACEMENT_3D('',#11127,#11128,#11129);
#11127 = CARTESIAN_POINT('',(87.2,111.2,9.2));
#11128 = DIRECTION('',(1.,0.,-6.123233995737E-17));
#11129 = DIRECTION('',(6.123233995737E-17,0.,1.));
#11130 = ORIENTED_EDGE('',*,*,#10974,.F.);
#11131 = CYLINDRICAL_SURFACE('',#11132,0.8);
#11132 = AXIS2_PLACEMENT_3D('',#11133,#11134,#11135);
#11133 = CARTESIAN_POINT('',(82.,111.2,9.2));
#11134 = DIRECTION('',(1.,0.,0.));
#11135 = DIRECTION('',(0.,1.,0.));
#11136 = ADVANCED_FACE('',(#11137),#11162,.T.);
#11137 = FACE_BOUND('',#11138,.F.);
#11138 = EDGE_LOOP('',(#11139,#11146,#11147,#11156));
#11139 = ORIENTED_EDGE('',*,*,#11140,.F.);
#11140 = EDGE_CURVE('',#10927,#11043,#11141,.T.);
#11141 = CIRCLE('',#11142,0.8);
#11142 = AXIS2_PLACEMENT_3D('',#11143,#11144,#11145);
#11143 = CARTESIAN_POINT('',(87.2,92.8,9.2));
#11144 = DIRECTION('',(-0.,1.,0.));
#11145 = DIRECTION('',(1.,0.,0.));
#11146 = ORIENTED_EDGE('',*,*,#10934,.T.);
#11147 = ORIENTED_EDGE('',*,*,#11148,.F.);
#11148 = EDGE_CURVE('',#11149,#10935,#11151,.T.);
#11149 = VERTEX_POINT('',#11150);
#11150 = CARTESIAN_POINT('',(88.,111.2,9.2));
#11151 = CIRCLE('',#11152,0.8);
#11152 = AXIS2_PLACEMENT_3D('',#11153,#11154,#11155);
#11153 = CARTESIAN_POINT('',(87.2,111.2,9.2));
#11154 = DIRECTION('',(0.,-1.,0.));
#11155 = DIRECTION('',(1.,0.,0.));
#11156 = ORIENTED_EDGE('',*,*,#11157,.F.);
#11157 = EDGE_CURVE('',#11043,#11149,#11158,.T.);
#11158 = LINE('',#11159,#11160);
#11159 = CARTESIAN_POINT('',(88.,92.,9.2));
#11160 = VECTOR('',#11161,1.);
#11161 = DIRECTION('',(0.,1.,0.));
#11162 = CYLINDRICAL_SURFACE('',#11163,0.8);
#11163 = AXIS2_PLACEMENT_3D('',#11164,#11165,#11166);
#11164 = CARTESIAN_POINT('',(87.2,92.,9.2));
#11165 = DIRECTION('',(0.,1.,0.));
#11166 = DIRECTION('',(1.,0.,0.));
#11167 = ADVANCED_FACE('',(#11168),#11191,.T.);
#11168 = FACE_BOUND('',#11169,.T.);
#11169 = EDGE_LOOP('',(#11170,#11176,#11183,#11184));
#11170 = ORIENTED_EDGE('',*,*,#11171,.F.);
#11171 = EDGE_CURVE('',#11100,#11149,#11172,.T.);
#11172 = LINE('',#11173,#11174);
#11173 = CARTESIAN_POINT('',(88.,111.2,-8.));
#11174 = VECTOR('',#11175,1.);
#11175 = DIRECTION('',(0.,0.,1.));
#11176 = ORIENTED_EDGE('',*,*,#11177,.T.);
#11177 = EDGE_CURVE('',#11100,#10983,#11178,.T.);
#11178 = CIRCLE('',#11179,0.8);
#11179 = AXIS2_PLACEMENT_3D('',#11180,#11181,#11182);
#11180 = CARTESIAN_POINT('',(87.2,111.2,-7.2));
#11181 = DIRECTION('',(0.,0.,1.));
#11182 = DIRECTION('',(1.,0.,0.));
#11183 = ORIENTED_EDGE('',*,*,#10982,.T.);
#11184 = ORIENTED_EDGE('',*,*,#11185,.T.);
#11185 = EDGE_CURVE('',#10975,#11149,#11186,.T.);
#11186 = CIRCLE('',#11187,0.8);
#11187 = AXIS2_PLACEMENT_3D('',#11188,#11189,#11190);
#11188 = CARTESIAN_POINT('',(87.2,111.2,9.2));
#11189 = DIRECTION('',(0.,0.,-1.));
#11190 = DIRECTION('',(1.,0.,0.));
#11191 = CYLINDRICAL_SURFACE('',#11192,0.8);
#11192 = AXIS2_PLACEMENT_3D('',#11193,#11194,#11195);
#11193 = CARTESIAN_POINT('',(87.2,111.2,-8.));
#11194 = DIRECTION('',(0.,0.,1.));
#11195 = DIRECTION('',(1.,0.,0.));
#11196 = ADVANCED_FACE('',(#11197),#11202,.T.);
#11197 = FACE_BOUND('',#11198,.F.);
#11198 = EDGE_LOOP('',(#11199,#11200,#11201));
#11199 = ORIENTED_EDGE('',*,*,#11091,.F.);
#11200 = ORIENTED_EDGE('',*,*,#11006,.T.);
#11201 = ORIENTED_EDGE('',*,*,#11050,.F.);
#11202 = SPHERICAL_SURFACE('',#11203,0.8);
#11203 = AXIS2_PLACEMENT_3D('',#11204,#11205,#11206);
#11204 = CARTESIAN_POINT('',(87.2,92.8,-7.2));
#11205 = DIRECTION('',(0.,0.,1.));
#11206 = DIRECTION('',(1.,0.,0.));
#11207 = ADVANCED_FACE('',(#11208),#11213,.T.);
#11208 = FACE_BOUND('',#11209,.T.);
#11209 = EDGE_LOOP('',(#11210,#11211,#11212));
#11210 = ORIENTED_EDGE('',*,*,#11140,.F.);
#11211 = ORIENTED_EDGE('',*,*,#11024,.T.);
#11212 = ORIENTED_EDGE('',*,*,#11058,.F.);
#11213 = SPHERICAL_SURFACE('',#11214,0.8);
#11214 = AXIS2_PLACEMENT_3D('',#11215,#11216,#11217);
#11215 = CARTESIAN_POINT('',(87.2,92.8,9.2));
#11216 = DIRECTION('',(-0.,-0.,-1.));
#11217 = DIRECTION('',(1.,0.,0.));
#11218 = ADVANCED_FACE('',(#11219),#11225,.T.);
#11219 = FACE_BOUND('',#11220,.T.);
#11220 = EDGE_LOOP('',(#11221,#11222,#11223,#11224));
#11221 = ORIENTED_EDGE('',*,*,#11040,.F.);
#11222 = ORIENTED_EDGE('',*,*,#11108,.T.);
#11223 = ORIENTED_EDGE('',*,*,#11171,.T.);
#11224 = ORIENTED_EDGE('',*,*,#11157,.F.);
#11225 = PLANE('',#11226);
#11226 = AXIS2_PLACEMENT_3D('',#11227,#11228,#11229);
#11227 = CARTESIAN_POINT('',(88.,92.,-8.));
#11228 = DIRECTION('',(1.,0.,0.));
#11229 = DIRECTION('',(0.,0.,1.));
#11230 = ADVANCED_FACE('',(#11231),#11236,.T.);
#11231 = FACE_BOUND('',#11232,.T.);
#11232 = EDGE_LOOP('',(#11233,#11234,#11235));
#11233 = ORIENTED_EDGE('',*,*,#11099,.F.);
#11234 = ORIENTED_EDGE('',*,*,#11075,.T.);
#11235 = ORIENTED_EDGE('',*,*,#11177,.F.);
#11236 = SPHERICAL_SURFACE('',#11237,0.8);
#11237 = AXIS2_PLACEMENT_3D('',#11238,#11239,#11240);
#11238 = CARTESIAN_POINT('',(87.2,111.2,-7.2));
#11239 = DIRECTION('',(0.,0.,1.));
#11240 = DIRECTION('',(1.,0.,0.));
#11241 = ADVANCED_FACE('',(#11242),#11247,.T.);
#11242 = FACE_BOUND('',#11243,.T.);
#11243 = EDGE_LOOP('',(#11244,#11245,#11246));
#11244 = ORIENTED_EDGE('',*,*,#11185,.F.);
#11245 = ORIENTED_EDGE('',*,*,#11124,.T.);
#11246 = ORIENTED_EDGE('',*,*,#11148,.F.);
#11247 = SPHERICAL_SURFACE('',#11248,0.8);
#11248 = AXIS2_PLACEMENT_3D('',#11249,#11250,#11251);
#11249 = CARTESIAN_POINT('',(87.2,111.2,9.2));
#11250 = DIRECTION('',(0.,-1.,0.));
#11251 = DIRECTION('',(1.,0.,0.));
#11252 = MANIFOLD_SOLID_BREP('',#11253);
#11253 = CLOSED_SHELL('',(#11254,#11294,#11327,#11360,#11393,#11426,
    #11443,#11460,#11491,#11522,#11539,#11570,#11587,#11618,#11636,
    #11654,#11687,#11705,#11736,#11754,#11785,#11814,#11825,#11836,
    #11848,#11859));
#11254 = ADVANCED_FACE('',(#11255),#11289,.F.);
#11255 = FACE_BOUND('',#11256,.F.);
#11256 = EDGE_LOOP('',(#11257,#11267,#11275,#11283));
#11257 = ORIENTED_EDGE('',*,*,#11258,.F.);
#11258 = EDGE_CURVE('',#11259,#11261,#11263,.T.);
#11259 = VERTEX_POINT('',#11260);
#11260 = CARTESIAN_POINT('',(82.,106.8,-28.2));
#11261 = VERTEX_POINT('',#11262);
#11262 = CARTESIAN_POINT('',(82.,106.8,-4.8));
#11263 = LINE('',#11264,#11265);
#11264 = CARTESIAN_POINT('',(82.,106.8,-29.));
#11265 = VECTOR('',#11266,1.);
#11266 = DIRECTION('',(0.,0.,1.));
#11267 = ORIENTED_EDGE('',*,*,#11268,.T.);
#11268 = EDGE_CURVE('',#11259,#11269,#11271,.T.);
#11269 = VERTEX_POINT('',#11270);
#11270 = CARTESIAN_POINT('',(82.,143.2,-28.2));
#11271 = LINE('',#11272,#11273);
#11272 = CARTESIAN_POINT('',(82.,106.,-28.2));
#11273 = VECTOR('',#11274,1.);
#11274 = DIRECTION('',(0.,1.,0.));
#11275 = ORIENTED_EDGE('',*,*,#11276,.T.);
#11276 = EDGE_CURVE('',#11269,#11277,#11279,.T.);
#11277 = VERTEX_POINT('',#11278);
#11278 = CARTESIAN_POINT('',(82.,143.2,-4.8));
#11279 = LINE('',#11280,#11281);
#11280 = CARTESIAN_POINT('',(82.,143.2,-29.));
#11281 = VECTOR('',#11282,1.);
#11282 = DIRECTION('',(0.,0.,1.));
#11283 = ORIENTED_EDGE('',*,*,#11284,.F.);
#11284 = EDGE_CURVE('',#11261,#11277,#11285,.T.);
#11285 = LINE('',#11286,#11287);
#11286 = CARTESIAN_POINT('',(82.,106.,-4.8));
#11287 = VECTOR('',#11288,1.);
#11288 = DIRECTION('',(0.,1.,0.));
#11289 = PLANE('',#11290);
#11290 = AXIS2_PLACEMENT_3D('',#11291,#11292,#11293);
#11291 = CARTESIAN_POINT('',(82.,106.,-29.));
#11292 = DIRECTION('',(1.,0.,0.));
#11293 = DIRECTION('',(0.,0.,1.));
#11294 = ADVANCED_FACE('',(#11295),#11322,.T.);
#11295 = FACE_BOUND('',#11296,.T.);
#11296 = EDGE_LOOP('',(#11297,#11298,#11307,#11315));
#11297 = ORIENTED_EDGE('',*,*,#11258,.F.);
#11298 = ORIENTED_EDGE('',*,*,#11299,.T.);
#11299 = EDGE_CURVE('',#11259,#11300,#11302,.T.);
#11300 = VERTEX_POINT('',#11301);
#11301 = CARTESIAN_POINT('',(82.8,106.,-28.2));
#11302 = CIRCLE('',#11303,0.8);
#11303 = AXIS2_PLACEMENT_3D('',#11304,#11305,#11306);
#11304 = CARTESIAN_POINT('',(82.8,106.8,-28.2));
#11305 = DIRECTION('',(0.,0.,1.));
#11306 = DIRECTION('',(-1.,0.,0.));
#11307 = ORIENTED_EDGE('',*,*,#11308,.T.);
#11308 = EDGE_CURVE('',#11300,#11309,#11311,.T.);
#11309 = VERTEX_POINT('',#11310);
#11310 = CARTESIAN_POINT('',(82.8,106.,-4.8));
#11311 = LINE('',#11312,#11313);
#11312 = CARTESIAN_POINT('',(82.8,106.,-29.));
#11313 = VECTOR('',#11314,1.);
#11314 = DIRECTION('',(0.,0.,1.));
#11315 = ORIENTED_EDGE('',*,*,#11316,.F.);
#11316 = EDGE_CURVE('',#11261,#11309,#11317,.T.);
#11317 = CIRCLE('',#11318,0.8);
#11318 = AXIS2_PLACEMENT_3D('',#11319,#11320,#11321);
#11319 = CARTESIAN_POINT('',(82.8,106.8,-4.8));
#11320 = DIRECTION('',(0.,0.,1.));
#11321 = DIRECTION('',(-1.,0.,0.));
#11322 = CYLINDRICAL_SURFACE('',#11323,0.8);
#11323 = AXIS2_PLACEMENT_3D('',#11324,#11325,#11326);
#11324 = CARTESIAN_POINT('',(82.8,106.8,-29.));
#11325 = DIRECTION('',(0.,0.,1.));
#11326 = DIRECTION('',(-1.,0.,0.));
#11327 = ADVANCED_FACE('',(#11328),#11355,.T.);
#11328 = FACE_BOUND('',#11329,.F.);
#11329 = EDGE_LOOP('',(#11330,#11339,#11347,#11354));
#11330 = ORIENTED_EDGE('',*,*,#11331,.F.);
#11331 = EDGE_CURVE('',#11332,#11259,#11334,.T.);
#11332 = VERTEX_POINT('',#11333);
#11333 = CARTESIAN_POINT('',(82.8,106.8,-29.));
#11334 = CIRCLE('',#11335,0.8);
#11335 = AXIS2_PLACEMENT_3D('',#11336,#11337,#11338);
#11336 = CARTESIAN_POINT('',(82.8,106.8,-28.2));
#11337 = DIRECTION('',(0.,1.,-0.));
#11338 = DIRECTION('',(-1.,0.,0.));
#11339 = ORIENTED_EDGE('',*,*,#11340,.T.);
#11340 = EDGE_CURVE('',#11332,#11341,#11343,.T.);
#11341 = VERTEX_POINT('',#11342);
#11342 = CARTESIAN_POINT('',(82.8,143.2,-29.));
#11343 = LINE('',#11344,#11345);
#11344 = CARTESIAN_POINT('',(82.8,106.,-29.));
#11345 = VECTOR('',#11346,1.);
#11346 = DIRECTION('',(0.,1.,0.));
#11347 = ORIENTED_EDGE('',*,*,#11348,.T.);
#11348 = EDGE_CURVE('',#11341,#11269,#11349,.T.);
#11349 = CIRCLE('',#11350,0.8);
#11350 = AXIS2_PLACEMENT_3D('',#11351,#11352,#11353);
#11351 = CARTESIAN_POINT('',(82.8,143.2,-28.2));
#11352 = DIRECTION('',(0.,1.,-0.));
#11353 = DIRECTION('',(-1.,0.,0.));
#11354 = ORIENTED_EDGE('',*,*,#11268,.F.);
#11355 = CYLINDRICAL_SURFACE('',#11356,0.8);
#11356 = AXIS2_PLACEMENT_3D('',#11357,#11358,#11359);
#11357 = CARTESIAN_POINT('',(82.8,106.,-28.2));
#11358 = DIRECTION('',(0.,1.,0.));
#11359 = DIRECTION('',(-1.,0.,0.));
#11360 = ADVANCED_FACE('',(#11361),#11388,.T.);
#11361 = FACE_BOUND('',#11362,.T.);
#11362 = EDGE_LOOP('',(#11363,#11372,#11380,#11387));
#11363 = ORIENTED_EDGE('',*,*,#11364,.F.);
#11364 = EDGE_CURVE('',#11365,#11261,#11367,.T.);
#11365 = VERTEX_POINT('',#11366);
#11366 = CARTESIAN_POINT('',(82.8,106.8,-4.));
#11367 = CIRCLE('',#11368,0.8);
#11368 = AXIS2_PLACEMENT_3D('',#11369,#11370,#11371);
#11369 = CARTESIAN_POINT('',(82.8,106.8,-4.8));
#11370 = DIRECTION('',(0.,-1.,0.));
#11371 = DIRECTION('',(-1.,0.,0.));
#11372 = ORIENTED_EDGE('',*,*,#11373,.T.);
#11373 = EDGE_CURVE('',#11365,#11374,#11376,.T.);
#11374 = VERTEX_POINT('',#11375);
#11375 = CARTESIAN_POINT('',(82.8,143.2,-4.));
#11376 = LINE('',#11377,#11378);
#11377 = CARTESIAN_POINT('',(82.8,106.,-4.));
#11378 = VECTOR('',#11379,1.);
#11379 = DIRECTION('',(0.,1.,0.));
#11380 = ORIENTED_EDGE('',*,*,#11381,.F.);
#11381 = EDGE_CURVE('',#11277,#11374,#11382,.T.);
#11382 = CIRCLE('',#11383,0.8);
#11383 = AXIS2_PLACEMENT_3D('',#11384,#11385,#11386);
#11384 = CARTESIAN_POINT('',(82.8,143.2,-4.8));
#11385 = DIRECTION('',(0.,1.,-0.));
#11386 = DIRECTION('',(-1.,0.,1.110223024625E-15));
#11387 = ORIENTED_EDGE('',*,*,#11284,.F.);
#11388 = CYLINDRICAL_SURFACE('',#11389,0.8);
#11389 = AXIS2_PLACEMENT_3D('',#11390,#11391,#11392);
#11390 = CARTESIAN_POINT('',(82.8,106.,-4.8));
#11391 = DIRECTION('',(0.,1.,0.));
#11392 = DIRECTION('',(-1.,0.,0.));
#11393 = ADVANCED_FACE('',(#11394),#11421,.T.);
#11394 = FACE_BOUND('',#11395,.F.);
#11395 = EDGE_LOOP('',(#11396,#11397,#11406,#11414));
#11396 = ORIENTED_EDGE('',*,*,#11276,.F.);
#11397 = ORIENTED_EDGE('',*,*,#11398,.T.);
#11398 = EDGE_CURVE('',#11269,#11399,#11401,.T.);
#11399 = VERTEX_POINT('',#11400);
#11400 = CARTESIAN_POINT('',(82.8,144.,-28.2));
#11401 = CIRCLE('',#11402,0.8);
#11402 = AXIS2_PLACEMENT_3D('',#11403,#11404,#11405);
#11403 = CARTESIAN_POINT('',(82.8,143.2,-28.2));
#11404 = DIRECTION('',(0.,0.,-1.));
#11405 = DIRECTION('',(-1.,0.,0.));
#11406 = ORIENTED_EDGE('',*,*,#11407,.T.);
#11407 = EDGE_CURVE('',#11399,#11408,#11410,.T.);
#11408 = VERTEX_POINT('',#11409);
#11409 = CARTESIAN_POINT('',(82.8,144.,-4.8));
#11410 = LINE('',#11411,#11412);
#11411 = CARTESIAN_POINT('',(82.8,144.,-29.));
#11412 = VECTOR('',#11413,1.);
#11413 = DIRECTION('',(0.,0.,1.));
#11414 = ORIENTED_EDGE('',*,*,#11415,.T.);
#11415 = EDGE_CURVE('',#11408,#11277,#11416,.T.);
#11416 = CIRCLE('',#11417,0.8);
#11417 = AXIS2_PLACEMENT_3D('',#11418,#11419,#11420);
#11418 = CARTESIAN_POINT('',(82.8,143.2,-4.8));
#11419 = DIRECTION('',(1.110223024625E-15,0.,1.));
#11420 = DIRECTION('',(-1.,0.,1.110223024625E-15));
#11421 = CYLINDRICAL_SURFACE('',#11422,0.8);
#11422 = AXIS2_PLACEMENT_3D('',#11423,#11424,#11425);
#11423 = CARTESIAN_POINT('',(82.8,143.2,-29.));
#11424 = DIRECTION('',(0.,0.,1.));
#11425 = DIRECTION('',(-1.,0.,0.));
#11426 = ADVANCED_FACE('',(#11427),#11438,.T.);
#11427 = FACE_BOUND('',#11428,.T.);
#11428 = EDGE_LOOP('',(#11429,#11430,#11437));
#11429 = ORIENTED_EDGE('',*,*,#11331,.F.);
#11430 = ORIENTED_EDGE('',*,*,#11431,.T.);
#11431 = EDGE_CURVE('',#11332,#11300,#11432,.T.);
#11432 = CIRCLE('',#11433,0.8);
#11433 = AXIS2_PLACEMENT_3D('',#11434,#11435,#11436);
#11434 = CARTESIAN_POINT('',(82.8,106.8,-28.2));
#11435 = DIRECTION('',(-1.,6.123233995737E-17,0.));
#11436 = DIRECTION('',(-6.123233995737E-17,-1.,0.));
#11437 = ORIENTED_EDGE('',*,*,#11299,.F.);
#11438 = SPHERICAL_SURFACE('',#11439,0.8);
#11439 = AXIS2_PLACEMENT_3D('',#11440,#11441,#11442);
#11440 = CARTESIAN_POINT('',(82.8,106.8,-28.2));
#11441 = DIRECTION('',(0.,0.,1.));
#11442 = DIRECTION('',(-1.,0.,0.));
#11443 = ADVANCED_FACE('',(#11444),#11455,.T.);
#11444 = FACE_BOUND('',#11445,.F.);
#11445 = EDGE_LOOP('',(#11446,#11447,#11454));
#11446 = ORIENTED_EDGE('',*,*,#11364,.F.);
#11447 = ORIENTED_EDGE('',*,*,#11448,.T.);
#11448 = EDGE_CURVE('',#11365,#11309,#11449,.T.);
#11449 = CIRCLE('',#11450,0.8);
#11450 = AXIS2_PLACEMENT_3D('',#11451,#11452,#11453);
#11451 = CARTESIAN_POINT('',(82.8,106.8,-4.8));
#11452 = DIRECTION('',(1.,-6.123233995737E-17,0.));
#11453 = DIRECTION('',(-6.123233995737E-17,-1.,0.));
#11454 = ORIENTED_EDGE('',*,*,#11316,.F.);
#11455 = SPHERICAL_SURFACE('',#11456,0.8);
#11456 = AXIS2_PLACEMENT_3D('',#11457,#11458,#11459);
#11457 = CARTESIAN_POINT('',(82.8,106.8,-4.8));
#11458 = DIRECTION('',(-0.,-0.,-1.));
#11459 = DIRECTION('',(-1.,0.,0.));
#11460 = ADVANCED_FACE('',(#11461),#11486,.F.);
#11461 = FACE_BOUND('',#11462,.F.);
#11462 = EDGE_LOOP('',(#11463,#11464,#11472,#11480));
#11463 = ORIENTED_EDGE('',*,*,#11308,.T.);
#11464 = ORIENTED_EDGE('',*,*,#11465,.T.);
#11465 = EDGE_CURVE('',#11309,#11466,#11468,.T.);
#11466 = VERTEX_POINT('',#11467);
#11467 = CARTESIAN_POINT('',(89.2,106.,-4.8));
#11468 = LINE('',#11469,#11470);
#11469 = CARTESIAN_POINT('',(82.,106.,-4.8));
#11470 = VECTOR('',#11471,1.);
#11471 = DIRECTION('',(1.,0.,0.));
#11472 = ORIENTED_EDGE('',*,*,#11473,.F.);
#11473 = EDGE_CURVE('',#11474,#11466,#11476,.T.);
#11474 = VERTEX_POINT('',#11475);
#11475 = CARTESIAN_POINT('',(89.2,106.,-28.2));
#11476 = LINE('',#11477,#11478);
#11477 = CARTESIAN_POINT('',(89.2,106.,-29.));
#11478 = VECTOR('',#11479,1.);
#11479 = DIRECTION('',(0.,0.,1.));
#11480 = ORIENTED_EDGE('',*,*,#11481,.F.);
#11481 = EDGE_CURVE('',#11300,#11474,#11482,.T.);
#11482 = LINE('',#11483,#11484);
#11483 = CARTESIAN_POINT('',(82.,106.,-28.2));
#11484 = VECTOR('',#11485,1.);
#11485 = DIRECTION('',(1.,0.,0.));
#11486 = PLANE('',#11487);
#11487 = AXIS2_PLACEMENT_3D('',#11488,#11489,#11490);
#11488 = CARTESIAN_POINT('',(82.,106.,-29.));
#11489 = DIRECTION('',(0.,1.,0.));
#11490 = DIRECTION('',(0.,0.,1.));
#11491 = ADVANCED_FACE('',(#11492),#11517,.F.);
#11492 = FACE_BOUND('',#11493,.F.);
#11493 = EDGE_LOOP('',(#11494,#11495,#11503,#11511));
#11494 = ORIENTED_EDGE('',*,*,#11340,.F.);
#11495 = ORIENTED_EDGE('',*,*,#11496,.T.);
#11496 = EDGE_CURVE('',#11332,#11497,#11499,.T.);
#11497 = VERTEX_POINT('',#11498);
#11498 = CARTESIAN_POINT('',(89.2,106.8,-29.));
#11499 = LINE('',#11500,#11501);
#11500 = CARTESIAN_POINT('',(82.,106.8,-29.));
#11501 = VECTOR('',#11502,1.);
#11502 = DIRECTION('',(1.,0.,0.));
#11503 = ORIENTED_EDGE('',*,*,#11504,.T.);
#11504 = EDGE_CURVE('',#11497,#11505,#11507,.T.);
#11505 = VERTEX_POINT('',#11506);
#11506 = CARTESIAN_POINT('',(89.2,143.2,-29.));
#11507 = LINE('',#11508,#11509);
#11508 = CARTESIAN_POINT('',(89.2,106.,-29.));
#11509 = VECTOR('',#11510,1.);
#11510 = DIRECTION('',(0.,1.,0.));
#11511 = ORIENTED_EDGE('',*,*,#11512,.F.);
#11512 = EDGE_CURVE('',#11341,#11505,#11513,.T.);
#11513 = LINE('',#11514,#11515);
#11514 = CARTESIAN_POINT('',(82.,143.2,-29.));
#11515 = VECTOR('',#11516,1.);
#11516 = DIRECTION('',(1.,0.,0.));
#11517 = PLANE('',#11518);
#11518 = AXIS2_PLACEMENT_3D('',#11519,#11520,#11521);
#11519 = CARTESIAN_POINT('',(82.,106.,-29.));
#11520 = DIRECTION('',(0.,0.,1.));
#11521 = DIRECTION('',(1.,0.,0.));
#11522 = ADVANCED_FACE('',(#11523),#11534,.T.);
#11523 = FACE_BOUND('',#11524,.F.);
#11524 = EDGE_LOOP('',(#11525,#11526,#11533));
#11525 = ORIENTED_EDGE('',*,*,#11348,.F.);
#11526 = ORIENTED_EDGE('',*,*,#11527,.T.);
#11527 = EDGE_CURVE('',#11341,#11399,#11528,.T.);
#11528 = CIRCLE('',#11529,0.8);
#11529 = AXIS2_PLACEMENT_3D('',#11530,#11531,#11532);
#11530 = CARTESIAN_POINT('',(82.8,143.2,-28.2));
#11531 = DIRECTION('',(1.,6.123233995737E-17,-0.));
#11532 = DIRECTION('',(-6.123233995737E-17,1.,0.));
#11533 = ORIENTED_EDGE('',*,*,#11398,.F.);
#11534 = SPHERICAL_SURFACE('',#11535,0.8);
#11535 = AXIS2_PLACEMENT_3D('',#11536,#11537,#11538);
#11536 = CARTESIAN_POINT('',(82.8,143.2,-28.2));
#11537 = DIRECTION('',(0.,0.,1.));
#11538 = DIRECTION('',(-1.,0.,0.));
#11539 = ADVANCED_FACE('',(#11540),#11565,.T.);
#11540 = FACE_BOUND('',#11541,.T.);
#11541 = EDGE_LOOP('',(#11542,#11543,#11551,#11559));
#11542 = ORIENTED_EDGE('',*,*,#11373,.F.);
#11543 = ORIENTED_EDGE('',*,*,#11544,.T.);
#11544 = EDGE_CURVE('',#11365,#11545,#11547,.T.);
#11545 = VERTEX_POINT('',#11546);
#11546 = CARTESIAN_POINT('',(89.2,106.8,-4.));
#11547 = LINE('',#11548,#11549);
#11548 = CARTESIAN_POINT('',(82.,106.8,-4.));
#11549 = VECTOR('',#11550,1.);
#11550 = DIRECTION('',(1.,0.,0.));
#11551 = ORIENTED_EDGE('',*,*,#11552,.T.);
#11552 = EDGE_CURVE('',#11545,#11553,#11555,.T.);
#11553 = VERTEX_POINT('',#11554);
#11554 = CARTESIAN_POINT('',(89.2,143.2,-4.));
#11555 = LINE('',#11556,#11557);
#11556 = CARTESIAN_POINT('',(89.2,106.,-4.));
#11557 = VECTOR('',#11558,1.);
#11558 = DIRECTION('',(0.,1.,0.));
#11559 = ORIENTED_EDGE('',*,*,#11560,.F.);
#11560 = EDGE_CURVE('',#11374,#11553,#11561,.T.);
#11561 = LINE('',#11562,#11563);
#11562 = CARTESIAN_POINT('',(82.,143.2,-4.));
#11563 = VECTOR('',#11564,1.);
#11564 = DIRECTION('',(1.,0.,0.));
#11565 = PLANE('',#11566);
#11566 = AXIS2_PLACEMENT_3D('',#11567,#11568,#11569);
#11567 = CARTESIAN_POINT('',(82.,106.,-4.));
#11568 = DIRECTION('',(0.,0.,1.));
#11569 = DIRECTION('',(1.,0.,0.));
#11570 = ADVANCED_FACE('',(#11571),#11582,.T.);
#11571 = FACE_BOUND('',#11572,.F.);
#11572 = EDGE_LOOP('',(#11573,#11574,#11581));
#11573 = ORIENTED_EDGE('',*,*,#11415,.F.);
#11574 = ORIENTED_EDGE('',*,*,#11575,.T.);
#11575 = EDGE_CURVE('',#11408,#11374,#11576,.T.);
#11576 = CIRCLE('',#11577,0.8);
#11577 = AXIS2_PLACEMENT_3D('',#11578,#11579,#11580);
#11578 = CARTESIAN_POINT('',(82.8,143.2,-4.8));
#11579 = DIRECTION('',(1.,0.,6.123233995736E-17));
#11580 = DIRECTION('',(-6.123233995736E-17,0.,1.));
#11581 = ORIENTED_EDGE('',*,*,#11381,.F.);
#11582 = SPHERICAL_SURFACE('',#11583,0.8);
#11583 = AXIS2_PLACEMENT_3D('',#11584,#11585,#11586);
#11584 = CARTESIAN_POINT('',(82.8,143.2,-4.8));
#11585 = DIRECTION('',(0.,-1.,0.));
#11586 = DIRECTION('',(-1.,0.,1.110223024625E-15));
#11587 = ADVANCED_FACE('',(#11588),#11613,.T.);
#11588 = FACE_BOUND('',#11589,.T.);
#11589 = EDGE_LOOP('',(#11590,#11591,#11599,#11607));
#11590 = ORIENTED_EDGE('',*,*,#11407,.T.);
#11591 = ORIENTED_EDGE('',*,*,#11592,.T.);
#11592 = EDGE_CURVE('',#11408,#11593,#11595,.T.);
#11593 = VERTEX_POINT('',#11594);
#11594 = CARTESIAN_POINT('',(89.2,144.,-4.8));
#11595 = LINE('',#11596,#11597);
#11596 = CARTESIAN_POINT('',(82.,144.,-4.8));
#11597 = VECTOR('',#11598,1.);
#11598 = DIRECTION('',(1.,0.,0.));
#11599 = ORIENTED_EDGE('',*,*,#11600,.F.);
#11600 = EDGE_CURVE('',#11601,#11593,#11603,.T.);
#11601 = VERTEX_POINT('',#11602);
#11602 = CARTESIAN_POINT('',(89.2,144.,-28.2));
#11603 = LINE('',#11604,#11605);
#11604 = CARTESIAN_POINT('',(89.2,144.,-29.));
#11605 = VECTOR('',#11606,1.);
#11606 = DIRECTION('',(0.,0.,1.));
#11607 = ORIENTED_EDGE('',*,*,#11608,.F.);
#11608 = EDGE_CURVE('',#11399,#11601,#11609,.T.);
#11609 = LINE('',#11610,#11611);
#11610 = CARTESIAN_POINT('',(82.,144.,-28.2));
#11611 = VECTOR('',#11612,1.);
#11612 = DIRECTION('',(1.,0.,0.));
#11613 = PLANE('',#11614);
#11614 = AXIS2_PLACEMENT_3D('',#11615,#11616,#11617);
#11615 = CARTESIAN_POINT('',(82.,144.,-29.));
#11616 = DIRECTION('',(0.,1.,0.));
#11617 = DIRECTION('',(0.,0.,1.));
#11618 = ADVANCED_FACE('',(#11619),#11631,.T.);
#11619 = FACE_BOUND('',#11620,.T.);
#11620 = EDGE_LOOP('',(#11621,#11622,#11623,#11630));
#11621 = ORIENTED_EDGE('',*,*,#11431,.F.);
#11622 = ORIENTED_EDGE('',*,*,#11496,.T.);
#11623 = ORIENTED_EDGE('',*,*,#11624,.T.);
#11624 = EDGE_CURVE('',#11497,#11474,#11625,.T.);
#11625 = CIRCLE('',#11626,0.8);
#11626 = AXIS2_PLACEMENT_3D('',#11627,#11628,#11629);
#11627 = CARTESIAN_POINT('',(89.2,106.8,-28.2));
#11628 = DIRECTION('',(-1.,-6.123233995737E-17,0.));
#11629 = DIRECTION('',(6.123233995737E-17,-1.,0.));
#11630 = ORIENTED_EDGE('',*,*,#11481,.F.);
#11631 = CYLINDRICAL_SURFACE('',#11632,0.8);
#11632 = AXIS2_PLACEMENT_3D('',#11633,#11634,#11635);
#11633 = CARTESIAN_POINT('',(82.,106.8,-28.2));
#11634 = DIRECTION('',(1.,0.,0.));
#11635 = DIRECTION('',(0.,-1.,0.));
#11636 = ADVANCED_FACE('',(#11637),#11649,.T.);
#11637 = FACE_BOUND('',#11638,.F.);
#11638 = EDGE_LOOP('',(#11639,#11640,#11641,#11648));
#11639 = ORIENTED_EDGE('',*,*,#11448,.F.);
#11640 = ORIENTED_EDGE('',*,*,#11544,.T.);
#11641 = ORIENTED_EDGE('',*,*,#11642,.T.);
#11642 = EDGE_CURVE('',#11545,#11466,#11643,.T.);
#11643 = CIRCLE('',#11644,0.8);
#11644 = AXIS2_PLACEMENT_3D('',#11645,#11646,#11647);
#11645 = CARTESIAN_POINT('',(89.2,106.8,-4.8));
#11646 = DIRECTION('',(1.,6.123233995737E-17,0.));
#11647 = DIRECTION('',(6.123233995737E-17,-1.,0.));
#11648 = ORIENTED_EDGE('',*,*,#11465,.F.);
#11649 = CYLINDRICAL_SURFACE('',#11650,0.8);
#11650 = AXIS2_PLACEMENT_3D('',#11651,#11652,#11653);
#11651 = CARTESIAN_POINT('',(82.,106.8,-4.8));
#11652 = DIRECTION('',(1.,0.,0.));
#11653 = DIRECTION('',(0.,-1.,0.));
#11654 = ADVANCED_FACE('',(#11655),#11682,.T.);
#11655 = FACE_BOUND('',#11656,.F.);
#11656 = EDGE_LOOP('',(#11657,#11667,#11674,#11675));
#11657 = ORIENTED_EDGE('',*,*,#11658,.F.);
#11658 = EDGE_CURVE('',#11659,#11661,#11663,.T.);
#11659 = VERTEX_POINT('',#11660);
#11660 = CARTESIAN_POINT('',(90.,106.8,-28.2));
#11661 = VERTEX_POINT('',#11662);
#11662 = CARTESIAN_POINT('',(90.,106.8,-4.8));
#11663 = LINE('',#11664,#11665);
#11664 = CARTESIAN_POINT('',(90.,106.8,-29.));
#11665 = VECTOR('',#11666,1.);
#11666 = DIRECTION('',(0.,0.,1.));
#11667 = ORIENTED_EDGE('',*,*,#11668,.T.);
#11668 = EDGE_CURVE('',#11659,#11474,#11669,.T.);
#11669 = CIRCLE('',#11670,0.8);
#11670 = AXIS2_PLACEMENT_3D('',#11671,#11672,#11673);
#11671 = CARTESIAN_POINT('',(89.2,106.8,-28.2));
#11672 = DIRECTION('',(0.,0.,-1.));
#11673 = DIRECTION('',(1.,0.,0.));
#11674 = ORIENTED_EDGE('',*,*,#11473,.T.);
#11675 = ORIENTED_EDGE('',*,*,#11676,.F.);
#11676 = EDGE_CURVE('',#11661,#11466,#11677,.T.);
#11677 = CIRCLE('',#11678,0.8);
#11678 = AXIS2_PLACEMENT_3D('',#11679,#11680,#11681);
#11679 = CARTESIAN_POINT('',(89.2,106.8,-4.8));
#11680 = DIRECTION('',(0.,0.,-1.));
#11681 = DIRECTION('',(1.,0.,0.));
#11682 = CYLINDRICAL_SURFACE('',#11683,0.8);
#11683 = AXIS2_PLACEMENT_3D('',#11684,#11685,#11686);
#11684 = CARTESIAN_POINT('',(89.2,106.8,-29.));
#11685 = DIRECTION('',(0.,0.,1.));
#11686 = DIRECTION('',(1.,0.,0.));
#11687 = ADVANCED_FACE('',(#11688),#11700,.T.);
#11688 = FACE_BOUND('',#11689,.F.);
#11689 = EDGE_LOOP('',(#11690,#11691,#11692,#11699));
#11690 = ORIENTED_EDGE('',*,*,#11527,.F.);
#11691 = ORIENTED_EDGE('',*,*,#11512,.T.);
#11692 = ORIENTED_EDGE('',*,*,#11693,.T.);
#11693 = EDGE_CURVE('',#11505,#11601,#11694,.T.);
#11694 = CIRCLE('',#11695,0.8);
#11695 = AXIS2_PLACEMENT_3D('',#11696,#11697,#11698);
#11696 = CARTESIAN_POINT('',(89.2,143.2,-28.2));
#11697 = DIRECTION('',(1.,-6.123233995737E-17,0.));
#11698 = DIRECTION('',(6.123233995737E-17,1.,0.));
#11699 = ORIENTED_EDGE('',*,*,#11608,.F.);
#11700 = CYLINDRICAL_SURFACE('',#11701,0.8);
#11701 = AXIS2_PLACEMENT_3D('',#11702,#11703,#11704);
#11702 = CARTESIAN_POINT('',(82.,143.2,-28.2));
#11703 = DIRECTION('',(1.,0.,0.));
#11704 = DIRECTION('',(0.,1.,0.));
#11705 = ADVANCED_FACE('',(#11706),#11731,.T.);
#11706 = FACE_BOUND('',#11707,.T.);
#11707 = EDGE_LOOP('',(#11708,#11715,#11716,#11725));
#11708 = ORIENTED_EDGE('',*,*,#11709,.F.);
#11709 = EDGE_CURVE('',#11497,#11659,#11710,.T.);
#11710 = CIRCLE('',#11711,0.8);
#11711 = AXIS2_PLACEMENT_3D('',#11712,#11713,#11714);
#11712 = CARTESIAN_POINT('',(89.2,106.8,-28.2));
#11713 = DIRECTION('',(0.,-1.,0.));
#11714 = DIRECTION('',(1.,0.,0.));
#11715 = ORIENTED_EDGE('',*,*,#11504,.T.);
#11716 = ORIENTED_EDGE('',*,*,#11717,.T.);
#11717 = EDGE_CURVE('',#11505,#11718,#11720,.T.);
#11718 = VERTEX_POINT('',#11719);
#11719 = CARTESIAN_POINT('',(90.,143.2,-28.2));
#11720 = CIRCLE('',#11721,0.8);
#11721 = AXIS2_PLACEMENT_3D('',#11722,#11723,#11724);
#11722 = CARTESIAN_POINT('',(89.2,143.2,-28.2));
#11723 = DIRECTION('',(0.,-1.,0.));
#11724 = DIRECTION('',(1.,0.,0.));
#11725 = ORIENTED_EDGE('',*,*,#11726,.F.);
#11726 = EDGE_CURVE('',#11659,#11718,#11727,.T.);
#11727 = LINE('',#11728,#11729);
#11728 = CARTESIAN_POINT('',(90.,106.,-28.2));
#11729 = VECTOR('',#11730,1.);
#11730 = DIRECTION('',(0.,1.,0.));
#11731 = CYLINDRICAL_SURFACE('',#11732,0.8);
#11732 = AXIS2_PLACEMENT_3D('',#11733,#11734,#11735);
#11733 = CARTESIAN_POINT('',(89.2,106.,-28.2));
#11734 = DIRECTION('',(0.,1.,0.));
#11735 = DIRECTION('',(1.,0.,0.));
#11736 = ADVANCED_FACE('',(#11737),#11749,.T.);
#11737 = FACE_BOUND('',#11738,.T.);
#11738 = EDGE_LOOP('',(#11739,#11740,#11741,#11748));
#11739 = ORIENTED_EDGE('',*,*,#11575,.T.);
#11740 = ORIENTED_EDGE('',*,*,#11560,.T.);
#11741 = ORIENTED_EDGE('',*,*,#11742,.F.);
#11742 = EDGE_CURVE('',#11593,#11553,#11743,.T.);
#11743 = CIRCLE('',#11744,0.8);
#11744 = AXIS2_PLACEMENT_3D('',#11745,#11746,#11747);
#11745 = CARTESIAN_POINT('',(89.2,143.2,-4.8));
#11746 = DIRECTION('',(1.,0.,-6.123233995736E-17));
#11747 = DIRECTION('',(6.123233995736E-17,0.,1.));
#11748 = ORIENTED_EDGE('',*,*,#11592,.F.);
#11749 = CYLINDRICAL_SURFACE('',#11750,0.8);
#11750 = AXIS2_PLACEMENT_3D('',#11751,#11752,#11753);
#11751 = CARTESIAN_POINT('',(82.,143.2,-4.8));
#11752 = DIRECTION('',(1.,0.,0.));
#11753 = DIRECTION('',(0.,1.,0.));
#11754 = ADVANCED_FACE('',(#11755),#11780,.T.);
#11755 = FACE_BOUND('',#11756,.F.);
#11756 = EDGE_LOOP('',(#11757,#11764,#11765,#11774));
#11757 = ORIENTED_EDGE('',*,*,#11758,.F.);
#11758 = EDGE_CURVE('',#11545,#11661,#11759,.T.);
#11759 = CIRCLE('',#11760,0.8);
#11760 = AXIS2_PLACEMENT_3D('',#11761,#11762,#11763);
#11761 = CARTESIAN_POINT('',(89.2,106.8,-4.8));
#11762 = DIRECTION('',(-0.,1.,0.));
#11763 = DIRECTION('',(1.,0.,0.));
#11764 = ORIENTED_EDGE('',*,*,#11552,.T.);
#11765 = ORIENTED_EDGE('',*,*,#11766,.F.);
#11766 = EDGE_CURVE('',#11767,#11553,#11769,.T.);
#11767 = VERTEX_POINT('',#11768);
#11768 = CARTESIAN_POINT('',(90.,143.2,-4.8));
#11769 = CIRCLE('',#11770,0.8);
#11770 = AXIS2_PLACEMENT_3D('',#11771,#11772,#11773);
#11771 = CARTESIAN_POINT('',(89.2,143.2,-4.8));
#11772 = DIRECTION('',(0.,-1.,0.));
#11773 = DIRECTION('',(1.,0.,1.110223024625E-15));
#11774 = ORIENTED_EDGE('',*,*,#11775,.F.);
#11775 = EDGE_CURVE('',#11661,#11767,#11776,.T.);
#11776 = LINE('',#11777,#11778);
#11777 = CARTESIAN_POINT('',(90.,106.,-4.8));
#11778 = VECTOR('',#11779,1.);
#11779 = DIRECTION('',(0.,1.,0.));
#11780 = CYLINDRICAL_SURFACE('',#11781,0.8);
#11781 = AXIS2_PLACEMENT_3D('',#11782,#11783,#11784);
#11782 = CARTESIAN_POINT('',(89.2,106.,-4.8));
#11783 = DIRECTION('',(0.,1.,0.));
#11784 = DIRECTION('',(1.,0.,0.));
#11785 = ADVANCED_FACE('',(#11786),#11809,.T.);
#11786 = FACE_BOUND('',#11787,.T.);
#11787 = EDGE_LOOP('',(#11788,#11794,#11801,#11802));
#11788 = ORIENTED_EDGE('',*,*,#11789,.F.);
#11789 = EDGE_CURVE('',#11718,#11767,#11790,.T.);
#11790 = LINE('',#11791,#11792);
#11791 = CARTESIAN_POINT('',(90.,143.2,-29.));
#11792 = VECTOR('',#11793,1.);
#11793 = DIRECTION('',(0.,0.,1.));
#11794 = ORIENTED_EDGE('',*,*,#11795,.T.);
#11795 = EDGE_CURVE('',#11718,#11601,#11796,.T.);
#11796 = CIRCLE('',#11797,0.8);
#11797 = AXIS2_PLACEMENT_3D('',#11798,#11799,#11800);
#11798 = CARTESIAN_POINT('',(89.2,143.2,-28.2));
#11799 = DIRECTION('',(0.,0.,1.));
#11800 = DIRECTION('',(1.,0.,0.));
#11801 = ORIENTED_EDGE('',*,*,#11600,.T.);
#11802 = ORIENTED_EDGE('',*,*,#11803,.T.);
#11803 = EDGE_CURVE('',#11593,#11767,#11804,.T.);
#11804 = CIRCLE('',#11805,0.8);
#11805 = AXIS2_PLACEMENT_3D('',#11806,#11807,#11808);
#11806 = CARTESIAN_POINT('',(89.2,143.2,-4.8));
#11807 = DIRECTION('',(1.110223024625E-15,0.,-1.));
#11808 = DIRECTION('',(1.,0.,1.110223024625E-15));
#11809 = CYLINDRICAL_SURFACE('',#11810,0.8);
#11810 = AXIS2_PLACEMENT_3D('',#11811,#11812,#11813);
#11811 = CARTESIAN_POINT('',(89.2,143.2,-29.));
#11812 = DIRECTION('',(0.,0.,1.));
#11813 = DIRECTION('',(1.,0.,0.));
#11814 = ADVANCED_FACE('',(#11815),#11820,.T.);
#11815 = FACE_BOUND('',#11816,.F.);
#11816 = EDGE_LOOP('',(#11817,#11818,#11819));
#11817 = ORIENTED_EDGE('',*,*,#11709,.F.);
#11818 = ORIENTED_EDGE('',*,*,#11624,.T.);
#11819 = ORIENTED_EDGE('',*,*,#11668,.F.);
#11820 = SPHERICAL_SURFACE('',#11821,0.8);
#11821 = AXIS2_PLACEMENT_3D('',#11822,#11823,#11824);
#11822 = CARTESIAN_POINT('',(89.2,106.8,-28.2));
#11823 = DIRECTION('',(0.,0.,1.));
#11824 = DIRECTION('',(1.,0.,0.));
#11825 = ADVANCED_FACE('',(#11826),#11831,.T.);
#11826 = FACE_BOUND('',#11827,.T.);
#11827 = EDGE_LOOP('',(#11828,#11829,#11830));
#11828 = ORIENTED_EDGE('',*,*,#11758,.F.);
#11829 = ORIENTED_EDGE('',*,*,#11642,.T.);
#11830 = ORIENTED_EDGE('',*,*,#11676,.F.);
#11831 = SPHERICAL_SURFACE('',#11832,0.8);
#11832 = AXIS2_PLACEMENT_3D('',#11833,#11834,#11835);
#11833 = CARTESIAN_POINT('',(89.2,106.8,-4.8));
#11834 = DIRECTION('',(-0.,-0.,-1.));
#11835 = DIRECTION('',(1.,0.,0.));
#11836 = ADVANCED_FACE('',(#11837),#11843,.T.);
#11837 = FACE_BOUND('',#11838,.T.);
#11838 = EDGE_LOOP('',(#11839,#11840,#11841,#11842));
#11839 = ORIENTED_EDGE('',*,*,#11658,.F.);
#11840 = ORIENTED_EDGE('',*,*,#11726,.T.);
#11841 = ORIENTED_EDGE('',*,*,#11789,.T.);
#11842 = ORIENTED_EDGE('',*,*,#11775,.F.);
#11843 = PLANE('',#11844);
#11844 = AXIS2_PLACEMENT_3D('',#11845,#11846,#11847);
#11845 = CARTESIAN_POINT('',(90.,106.,-29.));
#11846 = DIRECTION('',(1.,0.,0.));
#11847 = DIRECTION('',(0.,0.,1.));
#11848 = ADVANCED_FACE('',(#11849),#11854,.T.);
#11849 = FACE_BOUND('',#11850,.T.);
#11850 = EDGE_LOOP('',(#11851,#11852,#11853));
#11851 = ORIENTED_EDGE('',*,*,#11717,.F.);
#11852 = ORIENTED_EDGE('',*,*,#11693,.T.);
#11853 = ORIENTED_EDGE('',*,*,#11795,.F.);
#11854 = SPHERICAL_SURFACE('',#11855,0.8);
#11855 = AXIS2_PLACEMENT_3D('',#11856,#11857,#11858);
#11856 = CARTESIAN_POINT('',(89.2,143.2,-28.2));
#11857 = DIRECTION('',(0.,0.,1.));
#11858 = DIRECTION('',(1.,0.,0.));
#11859 = ADVANCED_FACE('',(#11860),#11865,.T.);
#11860 = FACE_BOUND('',#11861,.T.);
#11861 = EDGE_LOOP('',(#11862,#11863,#11864));
#11862 = ORIENTED_EDGE('',*,*,#11803,.F.);
#11863 = ORIENTED_EDGE('',*,*,#11742,.T.);
#11864 = ORIENTED_EDGE('',*,*,#11766,.F.);
#11865 = SPHERICAL_SURFACE('',#11866,0.8);
#11866 = AXIS2_PLACEMENT_3D('',#11867,#11868,#11869);
#11867 = CARTESIAN_POINT('',(89.2,143.2,-4.8));
#11868 = DIRECTION('',(0.,-1.,0.));
#11869 = DIRECTION('',(1.,0.,1.110223024625E-15));
#11870 = MANIFOLD_SOLID_BREP('',#11871);
#11871 = CLOSED_SHELL('',(#11872,#11912,#11945,#11978,#12011,#12044,
    #12061,#12078,#12109,#12140,#12157,#12188,#12205,#12236,#12254,
    #12272,#12305,#12323,#12354,#12372,#12403,#12432,#12443,#12454,
    #12466,#12477));
#11872 = ADVANCED_FACE('',(#11873),#11907,.F.);
#11873 = FACE_BOUND('',#11874,.F.);
#11874 = EDGE_LOOP('',(#11875,#11885,#11893,#11901));
#11875 = ORIENTED_EDGE('',*,*,#11876,.F.);
#11876 = EDGE_CURVE('',#11877,#11879,#11881,.T.);
#11877 = VERTEX_POINT('',#11878);
#11878 = CARTESIAN_POINT('',(-90.,34.8,-7.2));
#11879 = VERTEX_POINT('',#11880);
#11880 = CARTESIAN_POINT('',(-90.,34.8,7.2));
#11881 = LINE('',#11882,#11883);
#11882 = CARTESIAN_POINT('',(-90.,34.8,-8.));
#11883 = VECTOR('',#11884,1.);
#11884 = DIRECTION('',(0.,0.,1.));
#11885 = ORIENTED_EDGE('',*,*,#11886,.T.);
#11886 = EDGE_CURVE('',#11877,#11887,#11889,.T.);
#11887 = VERTEX_POINT('',#11888);
#11888 = CARTESIAN_POINT('',(-90.,83.2,-7.2));
#11889 = LINE('',#11890,#11891);
#11890 = CARTESIAN_POINT('',(-90.,34.,-7.2));
#11891 = VECTOR('',#11892,1.);
#11892 = DIRECTION('',(0.,1.,0.));
#11893 = ORIENTED_EDGE('',*,*,#11894,.T.);
#11894 = EDGE_CURVE('',#11887,#11895,#11897,.T.);
#11895 = VERTEX_POINT('',#11896);
#11896 = CARTESIAN_POINT('',(-90.,83.2,7.2));
#11897 = LINE('',#11898,#11899);
#11898 = CARTESIAN_POINT('',(-90.,83.2,-8.));
#11899 = VECTOR('',#11900,1.);
#11900 = DIRECTION('',(0.,0.,1.));
#11901 = ORIENTED_EDGE('',*,*,#11902,.F.);
#11902 = EDGE_CURVE('',#11879,#11895,#11903,.T.);
#11903 = LINE('',#11904,#11905);
#11904 = CARTESIAN_POINT('',(-90.,34.,7.2));
#11905 = VECTOR('',#11906,1.);
#11906 = DIRECTION('',(0.,1.,0.));
#11907 = PLANE('',#11908);
#11908 = AXIS2_PLACEMENT_3D('',#11909,#11910,#11911);
#11909 = CARTESIAN_POINT('',(-90.,34.,-8.));
#11910 = DIRECTION('',(1.,0.,0.));
#11911 = DIRECTION('',(0.,0.,1.));
#11912 = ADVANCED_FACE('',(#11913),#11940,.T.);
#11913 = FACE_BOUND('',#11914,.T.);
#11914 = EDGE_LOOP('',(#11915,#11916,#11925,#11933));
#11915 = ORIENTED_EDGE('',*,*,#11876,.F.);
#11916 = ORIENTED_EDGE('',*,*,#11917,.T.);
#11917 = EDGE_CURVE('',#11877,#11918,#11920,.T.);
#11918 = VERTEX_POINT('',#11919);
#11919 = CARTESIAN_POINT('',(-89.2,34.,-7.2));
#11920 = CIRCLE('',#11921,0.8);
#11921 = AXIS2_PLACEMENT_3D('',#11922,#11923,#11924);
#11922 = CARTESIAN_POINT('',(-89.2,34.8,-7.2));
#11923 = DIRECTION('',(0.,0.,1.));
#11924 = DIRECTION('',(-1.,0.,0.));
#11925 = ORIENTED_EDGE('',*,*,#11926,.T.);
#11926 = EDGE_CURVE('',#11918,#11927,#11929,.T.);
#11927 = VERTEX_POINT('',#11928);
#11928 = CARTESIAN_POINT('',(-89.2,34.,7.2));
#11929 = LINE('',#11930,#11931);
#11930 = CARTESIAN_POINT('',(-89.2,34.,-8.));
#11931 = VECTOR('',#11932,1.);
#11932 = DIRECTION('',(0.,0.,1.));
#11933 = ORIENTED_EDGE('',*,*,#11934,.F.);
#11934 = EDGE_CURVE('',#11879,#11927,#11935,.T.);
#11935 = CIRCLE('',#11936,0.8);
#11936 = AXIS2_PLACEMENT_3D('',#11937,#11938,#11939);
#11937 = CARTESIAN_POINT('',(-89.2,34.8,7.2));
#11938 = DIRECTION('',(0.,0.,1.));
#11939 = DIRECTION('',(-1.,0.,0.));
#11940 = CYLINDRICAL_SURFACE('',#11941,0.8);
#11941 = AXIS2_PLACEMENT_3D('',#11942,#11943,#11944);
#11942 = CARTESIAN_POINT('',(-89.2,34.8,-8.));
#11943 = DIRECTION('',(0.,0.,1.));
#11944 = DIRECTION('',(-1.,0.,0.));
#11945 = ADVANCED_FACE('',(#11946),#11973,.T.);
#11946 = FACE_BOUND('',#11947,.F.);
#11947 = EDGE_LOOP('',(#11948,#11957,#11965,#11972));
#11948 = ORIENTED_EDGE('',*,*,#11949,.F.);
#11949 = EDGE_CURVE('',#11950,#11877,#11952,.T.);
#11950 = VERTEX_POINT('',#11951);
#11951 = CARTESIAN_POINT('',(-89.2,34.8,-8.));
#11952 = CIRCLE('',#11953,0.8);
#11953 = AXIS2_PLACEMENT_3D('',#11954,#11955,#11956);
#11954 = CARTESIAN_POINT('',(-89.2,34.8,-7.2));
#11955 = DIRECTION('',(0.,1.,-0.));
#11956 = DIRECTION('',(-1.,0.,0.));
#11957 = ORIENTED_EDGE('',*,*,#11958,.T.);
#11958 = EDGE_CURVE('',#11950,#11959,#11961,.T.);
#11959 = VERTEX_POINT('',#11960);
#11960 = CARTESIAN_POINT('',(-89.2,83.2,-8.));
#11961 = LINE('',#11962,#11963);
#11962 = CARTESIAN_POINT('',(-89.2,34.,-8.));
#11963 = VECTOR('',#11964,1.);
#11964 = DIRECTION('',(0.,1.,0.));
#11965 = ORIENTED_EDGE('',*,*,#11966,.T.);
#11966 = EDGE_CURVE('',#11959,#11887,#11967,.T.);
#11967 = CIRCLE('',#11968,0.8);
#11968 = AXIS2_PLACEMENT_3D('',#11969,#11970,#11971);
#11969 = CARTESIAN_POINT('',(-89.2,83.2,-7.2));
#11970 = DIRECTION('',(0.,1.,-0.));
#11971 = DIRECTION('',(-1.,0.,0.));
#11972 = ORIENTED_EDGE('',*,*,#11886,.F.);
#11973 = CYLINDRICAL_SURFACE('',#11974,0.8);
#11974 = AXIS2_PLACEMENT_3D('',#11975,#11976,#11977);
#11975 = CARTESIAN_POINT('',(-89.2,34.,-7.2));
#11976 = DIRECTION('',(0.,1.,0.));
#11977 = DIRECTION('',(-1.,0.,0.));
#11978 = ADVANCED_FACE('',(#11979),#12006,.T.);
#11979 = FACE_BOUND('',#11980,.T.);
#11980 = EDGE_LOOP('',(#11981,#11990,#11998,#12005));
#11981 = ORIENTED_EDGE('',*,*,#11982,.F.);
#11982 = EDGE_CURVE('',#11983,#11879,#11985,.T.);
#11983 = VERTEX_POINT('',#11984);
#11984 = CARTESIAN_POINT('',(-89.2,34.8,8.));
#11985 = CIRCLE('',#11986,0.8);
#11986 = AXIS2_PLACEMENT_3D('',#11987,#11988,#11989);
#11987 = CARTESIAN_POINT('',(-89.2,34.8,7.2));
#11988 = DIRECTION('',(0.,-1.,0.));
#11989 = DIRECTION('',(-1.,0.,0.));
#11990 = ORIENTED_EDGE('',*,*,#11991,.T.);
#11991 = EDGE_CURVE('',#11983,#11992,#11994,.T.);
#11992 = VERTEX_POINT('',#11993);
#11993 = CARTESIAN_POINT('',(-89.2,83.2,8.));
#11994 = LINE('',#11995,#11996);
#11995 = CARTESIAN_POINT('',(-89.2,34.,8.));
#11996 = VECTOR('',#11997,1.);
#11997 = DIRECTION('',(0.,1.,0.));
#11998 = ORIENTED_EDGE('',*,*,#11999,.F.);
#11999 = EDGE_CURVE('',#11895,#11992,#12000,.T.);
#12000 = CIRCLE('',#12001,0.8);
#12001 = AXIS2_PLACEMENT_3D('',#12002,#12003,#12004);
#12002 = CARTESIAN_POINT('',(-89.2,83.2,7.2));
#12003 = DIRECTION('',(0.,1.,-0.));
#12004 = DIRECTION('',(-1.,0.,1.110223024625E-15));
#12005 = ORIENTED_EDGE('',*,*,#11902,.F.);
#12006 = CYLINDRICAL_SURFACE('',#12007,0.8);
#12007 = AXIS2_PLACEMENT_3D('',#12008,#12009,#12010);
#12008 = CARTESIAN_POINT('',(-89.2,34.,7.2));
#12009 = DIRECTION('',(0.,1.,0.));
#12010 = DIRECTION('',(-1.,0.,0.));
#12011 = ADVANCED_FACE('',(#12012),#12039,.T.);
#12012 = FACE_BOUND('',#12013,.F.);
#12013 = EDGE_LOOP('',(#12014,#12015,#12024,#12032));
#12014 = ORIENTED_EDGE('',*,*,#11894,.F.);
#12015 = ORIENTED_EDGE('',*,*,#12016,.T.);
#12016 = EDGE_CURVE('',#11887,#12017,#12019,.T.);
#12017 = VERTEX_POINT('',#12018);
#12018 = CARTESIAN_POINT('',(-89.2,84.,-7.2));
#12019 = CIRCLE('',#12020,0.8);
#12020 = AXIS2_PLACEMENT_3D('',#12021,#12022,#12023);
#12021 = CARTESIAN_POINT('',(-89.2,83.2,-7.2));
#12022 = DIRECTION('',(0.,0.,-1.));
#12023 = DIRECTION('',(-1.,0.,0.));
#12024 = ORIENTED_EDGE('',*,*,#12025,.T.);
#12025 = EDGE_CURVE('',#12017,#12026,#12028,.T.);
#12026 = VERTEX_POINT('',#12027);
#12027 = CARTESIAN_POINT('',(-89.2,84.,7.2));
#12028 = LINE('',#12029,#12030);
#12029 = CARTESIAN_POINT('',(-89.2,84.,-8.));
#12030 = VECTOR('',#12031,1.);
#12031 = DIRECTION('',(0.,0.,1.));
#12032 = ORIENTED_EDGE('',*,*,#12033,.T.);
#12033 = EDGE_CURVE('',#12026,#11895,#12034,.T.);
#12034 = CIRCLE('',#12035,0.8);
#12035 = AXIS2_PLACEMENT_3D('',#12036,#12037,#12038);
#12036 = CARTESIAN_POINT('',(-89.2,83.2,7.2));
#12037 = DIRECTION('',(1.110223024625E-15,0.,1.));
#12038 = DIRECTION('',(-1.,0.,1.110223024625E-15));
#12039 = CYLINDRICAL_SURFACE('',#12040,0.8);
#12040 = AXIS2_PLACEMENT_3D('',#12041,#12042,#12043);
#12041 = CARTESIAN_POINT('',(-89.2,83.2,-8.));
#12042 = DIRECTION('',(0.,0.,1.));
#12043 = DIRECTION('',(-1.,0.,0.));
#12044 = ADVANCED_FACE('',(#12045),#12056,.T.);
#12045 = FACE_BOUND('',#12046,.T.);
#12046 = EDGE_LOOP('',(#12047,#12048,#12055));
#12047 = ORIENTED_EDGE('',*,*,#11949,.F.);
#12048 = ORIENTED_EDGE('',*,*,#12049,.T.);
#12049 = EDGE_CURVE('',#11950,#11918,#12050,.T.);
#12050 = CIRCLE('',#12051,0.8);
#12051 = AXIS2_PLACEMENT_3D('',#12052,#12053,#12054);
#12052 = CARTESIAN_POINT('',(-89.2,34.8,-7.2));
#12053 = DIRECTION('',(-1.,6.123233995737E-17,0.));
#12054 = DIRECTION('',(-6.123233995737E-17,-1.,0.));
#12055 = ORIENTED_EDGE('',*,*,#11917,.F.);
#12056 = SPHERICAL_SURFACE('',#12057,0.8);
#12057 = AXIS2_PLACEMENT_3D('',#12058,#12059,#12060);
#12058 = CARTESIAN_POINT('',(-89.2,34.8,-7.2));
#12059 = DIRECTION('',(0.,0.,1.));
#12060 = DIRECTION('',(-1.,0.,0.));
#12061 = ADVANCED_FACE('',(#12062),#12073,.T.);
#12062 = FACE_BOUND('',#12063,.F.);
#12063 = EDGE_LOOP('',(#12064,#12065,#12072));
#12064 = ORIENTED_EDGE('',*,*,#11982,.F.);
#12065 = ORIENTED_EDGE('',*,*,#12066,.T.);
#12066 = EDGE_CURVE('',#11983,#11927,#12067,.T.);
#12067 = CIRCLE('',#12068,0.8);
#12068 = AXIS2_PLACEMENT_3D('',#12069,#12070,#12071);
#12069 = CARTESIAN_POINT('',(-89.2,34.8,7.2));
#12070 = DIRECTION('',(1.,-6.123233995737E-17,0.));
#12071 = DIRECTION('',(-6.123233995737E-17,-1.,0.));
#12072 = ORIENTED_EDGE('',*,*,#11934,.F.);
#12073 = SPHERICAL_SURFACE('',#12074,0.8);
#12074 = AXIS2_PLACEMENT_3D('',#12075,#12076,#12077);
#12075 = CARTESIAN_POINT('',(-89.2,34.8,7.2));
#12076 = DIRECTION('',(-0.,-0.,-1.));
#12077 = DIRECTION('',(-1.,0.,0.));
#12078 = ADVANCED_FACE('',(#12079),#12104,.F.);
#12079 = FACE_BOUND('',#12080,.F.);
#12080 = EDGE_LOOP('',(#12081,#12082,#12090,#12098));
#12081 = ORIENTED_EDGE('',*,*,#11926,.T.);
#12082 = ORIENTED_EDGE('',*,*,#12083,.T.);
#12083 = EDGE_CURVE('',#11927,#12084,#12086,.T.);
#12084 = VERTEX_POINT('',#12085);
#12085 = CARTESIAN_POINT('',(-82.8,34.,7.2));
#12086 = LINE('',#12087,#12088);
#12087 = CARTESIAN_POINT('',(-90.,34.,7.2));
#12088 = VECTOR('',#12089,1.);
#12089 = DIRECTION('',(1.,0.,0.));
#12090 = ORIENTED_EDGE('',*,*,#12091,.F.);
#12091 = EDGE_CURVE('',#12092,#12084,#12094,.T.);
#12092 = VERTEX_POINT('',#12093);
#12093 = CARTESIAN_POINT('',(-82.8,34.,-7.2));
#12094 = LINE('',#12095,#12096);
#12095 = CARTESIAN_POINT('',(-82.8,34.,-8.));
#12096 = VECTOR('',#12097,1.);
#12097 = DIRECTION('',(0.,0.,1.));
#12098 = ORIENTED_EDGE('',*,*,#12099,.F.);
#12099 = EDGE_CURVE('',#11918,#12092,#12100,.T.);
#12100 = LINE('',#12101,#12102);
#12101 = CARTESIAN_POINT('',(-90.,34.,-7.2));
#12102 = VECTOR('',#12103,1.);
#12103 = DIRECTION('',(1.,0.,0.));
#12104 = PLANE('',#12105);
#12105 = AXIS2_PLACEMENT_3D('',#12106,#12107,#12108);
#12106 = CARTESIAN_POINT('',(-90.,34.,-8.));
#12107 = DIRECTION('',(0.,1.,0.));
#12108 = DIRECTION('',(0.,0.,1.));
#12109 = ADVANCED_FACE('',(#12110),#12135,.F.);
#12110 = FACE_BOUND('',#12111,.F.);
#12111 = EDGE_LOOP('',(#12112,#12113,#12121,#12129));
#12112 = ORIENTED_EDGE('',*,*,#11958,.F.);
#12113 = ORIENTED_EDGE('',*,*,#12114,.T.);
#12114 = EDGE_CURVE('',#11950,#12115,#12117,.T.);
#12115 = VERTEX_POINT('',#12116);
#12116 = CARTESIAN_POINT('',(-82.8,34.8,-8.));
#12117 = LINE('',#12118,#12119);
#12118 = CARTESIAN_POINT('',(-90.,34.8,-8.));
#12119 = VECTOR('',#12120,1.);
#12120 = DIRECTION('',(1.,0.,0.));
#12121 = ORIENTED_EDGE('',*,*,#12122,.T.);
#12122 = EDGE_CURVE('',#12115,#12123,#12125,.T.);
#12123 = VERTEX_POINT('',#12124);
#12124 = CARTESIAN_POINT('',(-82.8,83.2,-8.));
#12125 = LINE('',#12126,#12127);
#12126 = CARTESIAN_POINT('',(-82.8,34.,-8.));
#12127 = VECTOR('',#12128,1.);
#12128 = DIRECTION('',(0.,1.,0.));
#12129 = ORIENTED_EDGE('',*,*,#12130,.F.);
#12130 = EDGE_CURVE('',#11959,#12123,#12131,.T.);
#12131 = LINE('',#12132,#12133);
#12132 = CARTESIAN_POINT('',(-90.,83.2,-8.));
#12133 = VECTOR('',#12134,1.);
#12134 = DIRECTION('',(1.,0.,0.));
#12135 = PLANE('',#12136);
#12136 = AXIS2_PLACEMENT_3D('',#12137,#12138,#12139);
#12137 = CARTESIAN_POINT('',(-90.,34.,-8.));
#12138 = DIRECTION('',(0.,0.,1.));
#12139 = DIRECTION('',(1.,0.,0.));
#12140 = ADVANCED_FACE('',(#12141),#12152,.T.);
#12141 = FACE_BOUND('',#12142,.F.);
#12142 = EDGE_LOOP('',(#12143,#12144,#12151));
#12143 = ORIENTED_EDGE('',*,*,#11966,.F.);
#12144 = ORIENTED_EDGE('',*,*,#12145,.T.);
#12145 = EDGE_CURVE('',#11959,#12017,#12146,.T.);
#12146 = CIRCLE('',#12147,0.8);
#12147 = AXIS2_PLACEMENT_3D('',#12148,#12149,#12150);
#12148 = CARTESIAN_POINT('',(-89.2,83.2,-7.2));
#12149 = DIRECTION('',(1.,6.123233995737E-17,-0.));
#12150 = DIRECTION('',(-6.123233995737E-17,1.,0.));
#12151 = ORIENTED_EDGE('',*,*,#12016,.F.);
#12152 = SPHERICAL_SURFACE('',#12153,0.8);
#12153 = AXIS2_PLACEMENT_3D('',#12154,#12155,#12156);
#12154 = CARTESIAN_POINT('',(-89.2,83.2,-7.2));
#12155 = DIRECTION('',(0.,0.,1.));
#12156 = DIRECTION('',(-1.,0.,0.));
#12157 = ADVANCED_FACE('',(#12158),#12183,.T.);
#12158 = FACE_BOUND('',#12159,.T.);
#12159 = EDGE_LOOP('',(#12160,#12161,#12169,#12177));
#12160 = ORIENTED_EDGE('',*,*,#11991,.F.);
#12161 = ORIENTED_EDGE('',*,*,#12162,.T.);
#12162 = EDGE_CURVE('',#11983,#12163,#12165,.T.);
#12163 = VERTEX_POINT('',#12164);
#12164 = CARTESIAN_POINT('',(-82.8,34.8,8.));
#12165 = LINE('',#12166,#12167);
#12166 = CARTESIAN_POINT('',(-90.,34.8,8.));
#12167 = VECTOR('',#12168,1.);
#12168 = DIRECTION('',(1.,0.,0.));
#12169 = ORIENTED_EDGE('',*,*,#12170,.T.);
#12170 = EDGE_CURVE('',#12163,#12171,#12173,.T.);
#12171 = VERTEX_POINT('',#12172);
#12172 = CARTESIAN_POINT('',(-82.8,83.2,8.));
#12173 = LINE('',#12174,#12175);
#12174 = CARTESIAN_POINT('',(-82.8,34.,8.));
#12175 = VECTOR('',#12176,1.);
#12176 = DIRECTION('',(0.,1.,0.));
#12177 = ORIENTED_EDGE('',*,*,#12178,.F.);
#12178 = EDGE_CURVE('',#11992,#12171,#12179,.T.);
#12179 = LINE('',#12180,#12181);
#12180 = CARTESIAN_POINT('',(-90.,83.2,8.));
#12181 = VECTOR('',#12182,1.);
#12182 = DIRECTION('',(1.,0.,0.));
#12183 = PLANE('',#12184);
#12184 = AXIS2_PLACEMENT_3D('',#12185,#12186,#12187);
#12185 = CARTESIAN_POINT('',(-90.,34.,8.));
#12186 = DIRECTION('',(0.,0.,1.));
#12187 = DIRECTION('',(1.,0.,0.));
#12188 = ADVANCED_FACE('',(#12189),#12200,.T.);
#12189 = FACE_BOUND('',#12190,.F.);
#12190 = EDGE_LOOP('',(#12191,#12192,#12199));
#12191 = ORIENTED_EDGE('',*,*,#12033,.F.);
#12192 = ORIENTED_EDGE('',*,*,#12193,.T.);
#12193 = EDGE_CURVE('',#12026,#11992,#12194,.T.);
#12194 = CIRCLE('',#12195,0.8);
#12195 = AXIS2_PLACEMENT_3D('',#12196,#12197,#12198);
#12196 = CARTESIAN_POINT('',(-89.2,83.2,7.2));
#12197 = DIRECTION('',(1.,0.,6.123233995736E-17));
#12198 = DIRECTION('',(-6.123233995736E-17,0.,1.));
#12199 = ORIENTED_EDGE('',*,*,#11999,.F.);
#12200 = SPHERICAL_SURFACE('',#12201,0.8);
#12201 = AXIS2_PLACEMENT_3D('',#12202,#12203,#12204);
#12202 = CARTESIAN_POINT('',(-89.2,83.2,7.2));
#12203 = DIRECTION('',(0.,-1.,0.));
#12204 = DIRECTION('',(-1.,0.,1.110223024625E-15));
#12205 = ADVANCED_FACE('',(#12206),#12231,.T.);
#12206 = FACE_BOUND('',#12207,.T.);
#12207 = EDGE_LOOP('',(#12208,#12209,#12217,#12225));
#12208 = ORIENTED_EDGE('',*,*,#12025,.T.);
#12209 = ORIENTED_EDGE('',*,*,#12210,.T.);
#12210 = EDGE_CURVE('',#12026,#12211,#12213,.T.);
#12211 = VERTEX_POINT('',#12212);
#12212 = CARTESIAN_POINT('',(-82.8,84.,7.2));
#12213 = LINE('',#12214,#12215);
#12214 = CARTESIAN_POINT('',(-90.,84.,7.2));
#12215 = VECTOR('',#12216,1.);
#12216 = DIRECTION('',(1.,0.,0.));
#12217 = ORIENTED_EDGE('',*,*,#12218,.F.);
#12218 = EDGE_CURVE('',#12219,#12211,#12221,.T.);
#12219 = VERTEX_POINT('',#12220);
#12220 = CARTESIAN_POINT('',(-82.8,84.,-7.2));
#12221 = LINE('',#12222,#12223);
#12222 = CARTESIAN_POINT('',(-82.8,84.,-8.));
#12223 = VECTOR('',#12224,1.);
#12224 = DIRECTION('',(0.,0.,1.));
#12225 = ORIENTED_EDGE('',*,*,#12226,.F.);
#12226 = EDGE_CURVE('',#12017,#12219,#12227,.T.);
#12227 = LINE('',#12228,#12229);
#12228 = CARTESIAN_POINT('',(-90.,84.,-7.2));
#12229 = VECTOR('',#12230,1.);
#12230 = DIRECTION('',(1.,0.,0.));
#12231 = PLANE('',#12232);
#12232 = AXIS2_PLACEMENT_3D('',#12233,#12234,#12235);
#12233 = CARTESIAN_POINT('',(-90.,84.,-8.));
#12234 = DIRECTION('',(0.,1.,0.));
#12235 = DIRECTION('',(0.,0.,1.));
#12236 = ADVANCED_FACE('',(#12237),#12249,.T.);
#12237 = FACE_BOUND('',#12238,.T.);
#12238 = EDGE_LOOP('',(#12239,#12240,#12241,#12248));
#12239 = ORIENTED_EDGE('',*,*,#12049,.F.);
#12240 = ORIENTED_EDGE('',*,*,#12114,.T.);
#12241 = ORIENTED_EDGE('',*,*,#12242,.T.);
#12242 = EDGE_CURVE('',#12115,#12092,#12243,.T.);
#12243 = CIRCLE('',#12244,0.8);
#12244 = AXIS2_PLACEMENT_3D('',#12245,#12246,#12247);
#12245 = CARTESIAN_POINT('',(-82.8,34.8,-7.2));
#12246 = DIRECTION('',(-1.,-6.123233995737E-17,0.));
#12247 = DIRECTION('',(6.123233995737E-17,-1.,0.));
#12248 = ORIENTED_EDGE('',*,*,#12099,.F.);
#12249 = CYLINDRICAL_SURFACE('',#12250,0.8);
#12250 = AXIS2_PLACEMENT_3D('',#12251,#12252,#12253);
#12251 = CARTESIAN_POINT('',(-90.,34.8,-7.2));
#12252 = DIRECTION('',(1.,0.,0.));
#12253 = DIRECTION('',(0.,-1.,0.));
#12254 = ADVANCED_FACE('',(#12255),#12267,.T.);
#12255 = FACE_BOUND('',#12256,.F.);
#12256 = EDGE_LOOP('',(#12257,#12258,#12259,#12266));
#12257 = ORIENTED_EDGE('',*,*,#12066,.F.);
#12258 = ORIENTED_EDGE('',*,*,#12162,.T.);
#12259 = ORIENTED_EDGE('',*,*,#12260,.T.);
#12260 = EDGE_CURVE('',#12163,#12084,#12261,.T.);
#12261 = CIRCLE('',#12262,0.8);
#12262 = AXIS2_PLACEMENT_3D('',#12263,#12264,#12265);
#12263 = CARTESIAN_POINT('',(-82.8,34.8,7.2));
#12264 = DIRECTION('',(1.,6.123233995737E-17,0.));
#12265 = DIRECTION('',(6.123233995737E-17,-1.,0.));
#12266 = ORIENTED_EDGE('',*,*,#12083,.F.);
#12267 = CYLINDRICAL_SURFACE('',#12268,0.8);
#12268 = AXIS2_PLACEMENT_3D('',#12269,#12270,#12271);
#12269 = CARTESIAN_POINT('',(-90.,34.8,7.2));
#12270 = DIRECTION('',(1.,0.,0.));
#12271 = DIRECTION('',(0.,-1.,0.));
#12272 = ADVANCED_FACE('',(#12273),#12300,.T.);
#12273 = FACE_BOUND('',#12274,.F.);
#12274 = EDGE_LOOP('',(#12275,#12285,#12292,#12293));
#12275 = ORIENTED_EDGE('',*,*,#12276,.F.);
#12276 = EDGE_CURVE('',#12277,#12279,#12281,.T.);
#12277 = VERTEX_POINT('',#12278);
#12278 = CARTESIAN_POINT('',(-82.,34.8,-7.2));
#12279 = VERTEX_POINT('',#12280);
#12280 = CARTESIAN_POINT('',(-82.,34.8,7.2));
#12281 = LINE('',#12282,#12283);
#12282 = CARTESIAN_POINT('',(-82.,34.8,-8.));
#12283 = VECTOR('',#12284,1.);
#12284 = DIRECTION('',(0.,0.,1.));
#12285 = ORIENTED_EDGE('',*,*,#12286,.T.);
#12286 = EDGE_CURVE('',#12277,#12092,#12287,.T.);
#12287 = CIRCLE('',#12288,0.8);
#12288 = AXIS2_PLACEMENT_3D('',#12289,#12290,#12291);
#12289 = CARTESIAN_POINT('',(-82.8,34.8,-7.2));
#12290 = DIRECTION('',(0.,0.,-1.));
#12291 = DIRECTION('',(1.,0.,0.));
#12292 = ORIENTED_EDGE('',*,*,#12091,.T.);
#12293 = ORIENTED_EDGE('',*,*,#12294,.F.);
#12294 = EDGE_CURVE('',#12279,#12084,#12295,.T.);
#12295 = CIRCLE('',#12296,0.8);
#12296 = AXIS2_PLACEMENT_3D('',#12297,#12298,#12299);
#12297 = CARTESIAN_POINT('',(-82.8,34.8,7.2));
#12298 = DIRECTION('',(0.,0.,-1.));
#12299 = DIRECTION('',(1.,0.,0.));
#12300 = CYLINDRICAL_SURFACE('',#12301,0.8);
#12301 = AXIS2_PLACEMENT_3D('',#12302,#12303,#12304);
#12302 = CARTESIAN_POINT('',(-82.8,34.8,-8.));
#12303 = DIRECTION('',(0.,0.,1.));
#12304 = DIRECTION('',(1.,0.,0.));
#12305 = ADVANCED_FACE('',(#12306),#12318,.T.);
#12306 = FACE_BOUND('',#12307,.F.);
#12307 = EDGE_LOOP('',(#12308,#12309,#12310,#12317));
#12308 = ORIENTED_EDGE('',*,*,#12145,.F.);
#12309 = ORIENTED_EDGE('',*,*,#12130,.T.);
#12310 = ORIENTED_EDGE('',*,*,#12311,.T.);
#12311 = EDGE_CURVE('',#12123,#12219,#12312,.T.);
#12312 = CIRCLE('',#12313,0.8);
#12313 = AXIS2_PLACEMENT_3D('',#12314,#12315,#12316);
#12314 = CARTESIAN_POINT('',(-82.8,83.2,-7.2));
#12315 = DIRECTION('',(1.,-6.123233995737E-17,0.));
#12316 = DIRECTION('',(6.123233995737E-17,1.,0.));
#12317 = ORIENTED_EDGE('',*,*,#12226,.F.);
#12318 = CYLINDRICAL_SURFACE('',#12319,0.8);
#12319 = AXIS2_PLACEMENT_3D('',#12320,#12321,#12322);
#12320 = CARTESIAN_POINT('',(-90.,83.2,-7.2));
#12321 = DIRECTION('',(1.,0.,0.));
#12322 = DIRECTION('',(0.,1.,0.));
#12323 = ADVANCED_FACE('',(#12324),#12349,.T.);
#12324 = FACE_BOUND('',#12325,.T.);
#12325 = EDGE_LOOP('',(#12326,#12333,#12334,#12343));
#12326 = ORIENTED_EDGE('',*,*,#12327,.F.);
#12327 = EDGE_CURVE('',#12115,#12277,#12328,.T.);
#12328 = CIRCLE('',#12329,0.8);
#12329 = AXIS2_PLACEMENT_3D('',#12330,#12331,#12332);
#12330 = CARTESIAN_POINT('',(-82.8,34.8,-7.2));
#12331 = DIRECTION('',(0.,-1.,0.));
#12332 = DIRECTION('',(1.,0.,0.));
#12333 = ORIENTED_EDGE('',*,*,#12122,.T.);
#12334 = ORIENTED_EDGE('',*,*,#12335,.T.);
#12335 = EDGE_CURVE('',#12123,#12336,#12338,.T.);
#12336 = VERTEX_POINT('',#12337);
#12337 = CARTESIAN_POINT('',(-82.,83.2,-7.2));
#12338 = CIRCLE('',#12339,0.8);
#12339 = AXIS2_PLACEMENT_3D('',#12340,#12341,#12342);
#12340 = CARTESIAN_POINT('',(-82.8,83.2,-7.2));
#12341 = DIRECTION('',(0.,-1.,0.));
#12342 = DIRECTION('',(1.,0.,0.));
#12343 = ORIENTED_EDGE('',*,*,#12344,.F.);
#12344 = EDGE_CURVE('',#12277,#12336,#12345,.T.);
#12345 = LINE('',#12346,#12347);
#12346 = CARTESIAN_POINT('',(-82.,34.,-7.2));
#12347 = VECTOR('',#12348,1.);
#12348 = DIRECTION('',(0.,1.,0.));
#12349 = CYLINDRICAL_SURFACE('',#12350,0.8);
#12350 = AXIS2_PLACEMENT_3D('',#12351,#12352,#12353);
#12351 = CARTESIAN_POINT('',(-82.8,34.,-7.2));
#12352 = DIRECTION('',(0.,1.,0.));
#12353 = DIRECTION('',(1.,0.,0.));
#12354 = ADVANCED_FACE('',(#12355),#12367,.T.);
#12355 = FACE_BOUND('',#12356,.T.);
#12356 = EDGE_LOOP('',(#12357,#12358,#12359,#12366));
#12357 = ORIENTED_EDGE('',*,*,#12193,.T.);
#12358 = ORIENTED_EDGE('',*,*,#12178,.T.);
#12359 = ORIENTED_EDGE('',*,*,#12360,.F.);
#12360 = EDGE_CURVE('',#12211,#12171,#12361,.T.);
#12361 = CIRCLE('',#12362,0.8);
#12362 = AXIS2_PLACEMENT_3D('',#12363,#12364,#12365);
#12363 = CARTESIAN_POINT('',(-82.8,83.2,7.2));
#12364 = DIRECTION('',(1.,0.,-6.123233995736E-17));
#12365 = DIRECTION('',(6.123233995736E-17,0.,1.));
#12366 = ORIENTED_EDGE('',*,*,#12210,.F.);
#12367 = CYLINDRICAL_SURFACE('',#12368,0.8);
#12368 = AXIS2_PLACEMENT_3D('',#12369,#12370,#12371);
#12369 = CARTESIAN_POINT('',(-90.,83.2,7.2));
#12370 = DIRECTION('',(1.,0.,0.));
#12371 = DIRECTION('',(0.,1.,0.));
#12372 = ADVANCED_FACE('',(#12373),#12398,.T.);
#12373 = FACE_BOUND('',#12374,.F.);
#12374 = EDGE_LOOP('',(#12375,#12382,#12383,#12392));
#12375 = ORIENTED_EDGE('',*,*,#12376,.F.);
#12376 = EDGE_CURVE('',#12163,#12279,#12377,.T.);
#12377 = CIRCLE('',#12378,0.8);
#12378 = AXIS2_PLACEMENT_3D('',#12379,#12380,#12381);
#12379 = CARTESIAN_POINT('',(-82.8,34.8,7.2));
#12380 = DIRECTION('',(-0.,1.,0.));
#12381 = DIRECTION('',(1.,0.,0.));
#12382 = ORIENTED_EDGE('',*,*,#12170,.T.);
#12383 = ORIENTED_EDGE('',*,*,#12384,.F.);
#12384 = EDGE_CURVE('',#12385,#12171,#12387,.T.);
#12385 = VERTEX_POINT('',#12386);
#12386 = CARTESIAN_POINT('',(-82.,83.2,7.2));
#12387 = CIRCLE('',#12388,0.8);
#12388 = AXIS2_PLACEMENT_3D('',#12389,#12390,#12391);
#12389 = CARTESIAN_POINT('',(-82.8,83.2,7.2));
#12390 = DIRECTION('',(0.,-1.,0.));
#12391 = DIRECTION('',(1.,0.,1.110223024625E-15));
#12392 = ORIENTED_EDGE('',*,*,#12393,.F.);
#12393 = EDGE_CURVE('',#12279,#12385,#12394,.T.);
#12394 = LINE('',#12395,#12396);
#12395 = CARTESIAN_POINT('',(-82.,34.,7.2));
#12396 = VECTOR('',#12397,1.);
#12397 = DIRECTION('',(0.,1.,0.));
#12398 = CYLINDRICAL_SURFACE('',#12399,0.8);
#12399 = AXIS2_PLACEMENT_3D('',#12400,#12401,#12402);
#12400 = CARTESIAN_POINT('',(-82.8,34.,7.2));
#12401 = DIRECTION('',(0.,1.,0.));
#12402 = DIRECTION('',(1.,0.,0.));
#12403 = ADVANCED_FACE('',(#12404),#12427,.T.);
#12404 = FACE_BOUND('',#12405,.T.);
#12405 = EDGE_LOOP('',(#12406,#12412,#12419,#12420));
#12406 = ORIENTED_EDGE('',*,*,#12407,.F.);
#12407 = EDGE_CURVE('',#12336,#12385,#12408,.T.);
#12408 = LINE('',#12409,#12410);
#12409 = CARTESIAN_POINT('',(-82.,83.2,-8.));
#12410 = VECTOR('',#12411,1.);
#12411 = DIRECTION('',(0.,0.,1.));
#12412 = ORIENTED_EDGE('',*,*,#12413,.T.);
#12413 = EDGE_CURVE('',#12336,#12219,#12414,.T.);
#12414 = CIRCLE('',#12415,0.8);
#12415 = AXIS2_PLACEMENT_3D('',#12416,#12417,#12418);
#12416 = CARTESIAN_POINT('',(-82.8,83.2,-7.2));
#12417 = DIRECTION('',(0.,0.,1.));
#12418 = DIRECTION('',(1.,0.,0.));
#12419 = ORIENTED_EDGE('',*,*,#12218,.T.);
#12420 = ORIENTED_EDGE('',*,*,#12421,.T.);
#12421 = EDGE_CURVE('',#12211,#12385,#12422,.T.);
#12422 = CIRCLE('',#12423,0.8);
#12423 = AXIS2_PLACEMENT_3D('',#12424,#12425,#12426);
#12424 = CARTESIAN_POINT('',(-82.8,83.2,7.2));
#12425 = DIRECTION('',(1.110223024625E-15,0.,-1.));
#12426 = DIRECTION('',(1.,0.,1.110223024625E-15));
#12427 = CYLINDRICAL_SURFACE('',#12428,0.8);
#12428 = AXIS2_PLACEMENT_3D('',#12429,#12430,#12431);
#12429 = CARTESIAN_POINT('',(-82.8,83.2,-8.));
#12430 = DIRECTION('',(0.,0.,1.));
#12431 = DIRECTION('',(1.,0.,0.));
#12432 = ADVANCED_FACE('',(#12433),#12438,.T.);
#12433 = FACE_BOUND('',#12434,.F.);
#12434 = EDGE_LOOP('',(#12435,#12436,#12437));
#12435 = ORIENTED_EDGE('',*,*,#12327,.F.);
#12436 = ORIENTED_EDGE('',*,*,#12242,.T.);
#12437 = ORIENTED_EDGE('',*,*,#12286,.F.);
#12438 = SPHERICAL_SURFACE('',#12439,0.8);
#12439 = AXIS2_PLACEMENT_3D('',#12440,#12441,#12442);
#12440 = CARTESIAN_POINT('',(-82.8,34.8,-7.2));
#12441 = DIRECTION('',(0.,0.,1.));
#12442 = DIRECTION('',(1.,0.,0.));
#12443 = ADVANCED_FACE('',(#12444),#12449,.T.);
#12444 = FACE_BOUND('',#12445,.T.);
#12445 = EDGE_LOOP('',(#12446,#12447,#12448));
#12446 = ORIENTED_EDGE('',*,*,#12376,.F.);
#12447 = ORIENTED_EDGE('',*,*,#12260,.T.);
#12448 = ORIENTED_EDGE('',*,*,#12294,.F.);
#12449 = SPHERICAL_SURFACE('',#12450,0.8);
#12450 = AXIS2_PLACEMENT_3D('',#12451,#12452,#12453);
#12451 = CARTESIAN_POINT('',(-82.8,34.8,7.2));
#12452 = DIRECTION('',(-0.,-0.,-1.));
#12453 = DIRECTION('',(1.,0.,0.));
#12454 = ADVANCED_FACE('',(#12455),#12461,.T.);
#12455 = FACE_BOUND('',#12456,.T.);
#12456 = EDGE_LOOP('',(#12457,#12458,#12459,#12460));
#12457 = ORIENTED_EDGE('',*,*,#12276,.F.);
#12458 = ORIENTED_EDGE('',*,*,#12344,.T.);
#12459 = ORIENTED_EDGE('',*,*,#12407,.T.);
#12460 = ORIENTED_EDGE('',*,*,#12393,.F.);
#12461 = PLANE('',#12462);
#12462 = AXIS2_PLACEMENT_3D('',#12463,#12464,#12465);
#12463 = CARTESIAN_POINT('',(-82.,34.,-8.));
#12464 = DIRECTION('',(1.,0.,0.));
#12465 = DIRECTION('',(0.,0.,1.));
#12466 = ADVANCED_FACE('',(#12467),#12472,.T.);
#12467 = FACE_BOUND('',#12468,.T.);
#12468 = EDGE_LOOP('',(#12469,#12470,#12471));
#12469 = ORIENTED_EDGE('',*,*,#12335,.F.);
#12470 = ORIENTED_EDGE('',*,*,#12311,.T.);
#12471 = ORIENTED_EDGE('',*,*,#12413,.F.);
#12472 = SPHERICAL_SURFACE('',#12473,0.8);
#12473 = AXIS2_PLACEMENT_3D('',#12474,#12475,#12476);
#12474 = CARTESIAN_POINT('',(-82.8,83.2,-7.2));
#12475 = DIRECTION('',(0.,0.,1.));
#12476 = DIRECTION('',(1.,0.,0.));
#12477 = ADVANCED_FACE('',(#12478),#12483,.T.);
#12478 = FACE_BOUND('',#12479,.T.);
#12479 = EDGE_LOOP('',(#12480,#12481,#12482));
#12480 = ORIENTED_EDGE('',*,*,#12421,.F.);
#12481 = ORIENTED_EDGE('',*,*,#12360,.T.);
#12482 = ORIENTED_EDGE('',*,*,#12384,.F.);
#12483 = SPHERICAL_SURFACE('',#12484,0.8);
#12484 = AXIS2_PLACEMENT_3D('',#12485,#12486,#12487);
#12485 = CARTESIAN_POINT('',(-82.8,83.2,7.2));
#12486 = DIRECTION('',(0.,-1.,0.));
#12487 = DIRECTION('',(1.,0.,1.110223024625E-15));
#12488 = MANIFOLD_SOLID_BREP('',#12489);
#12489 = CLOSED_SHELL('',(#12490,#12530,#12563,#12596,#12629,#12662,
    #12679,#12696,#12727,#12758,#12775,#12806,#12823,#12854,#12872,
    #12890,#12923,#12941,#12972,#12990,#13021,#13050,#13061,#13072,
    #13084,#13095));
#12490 = ADVANCED_FACE('',(#12491),#12525,.F.);
#12491 = FACE_BOUND('',#12492,.F.);
#12492 = EDGE_LOOP('',(#12493,#12503,#12511,#12519));
#12493 = ORIENTED_EDGE('',*,*,#12494,.F.);
#12494 = EDGE_CURVE('',#12495,#12497,#12499,.T.);
#12495 = VERTEX_POINT('',#12496);
#12496 = CARTESIAN_POINT('',(-90.,86.8,-7.2));
#12497 = VERTEX_POINT('',#12498);
#12498 = CARTESIAN_POINT('',(-90.,86.8,7.2));
#12499 = LINE('',#12500,#12501);
#12500 = CARTESIAN_POINT('',(-90.,86.8,-8.));
#12501 = VECTOR('',#12502,1.);
#12502 = DIRECTION('',(0.,0.,1.));
#12503 = ORIENTED_EDGE('',*,*,#12504,.T.);
#12504 = EDGE_CURVE('',#12495,#12505,#12507,.T.);
#12505 = VERTEX_POINT('',#12506);
#12506 = CARTESIAN_POINT('',(-90.,135.2,-7.2));
#12507 = LINE('',#12508,#12509);
#12508 = CARTESIAN_POINT('',(-90.,86.,-7.2));
#12509 = VECTOR('',#12510,1.);
#12510 = DIRECTION('',(0.,1.,0.));
#12511 = ORIENTED_EDGE('',*,*,#12512,.T.);
#12512 = EDGE_CURVE('',#12505,#12513,#12515,.T.);
#12513 = VERTEX_POINT('',#12514);
#12514 = CARTESIAN_POINT('',(-90.,135.2,7.2));
#12515 = LINE('',#12516,#12517);
#12516 = CARTESIAN_POINT('',(-90.,135.2,-8.));
#12517 = VECTOR('',#12518,1.);
#12518 = DIRECTION('',(0.,0.,1.));
#12519 = ORIENTED_EDGE('',*,*,#12520,.F.);
#12520 = EDGE_CURVE('',#12497,#12513,#12521,.T.);
#12521 = LINE('',#12522,#12523);
#12522 = CARTESIAN_POINT('',(-90.,86.,7.2));
#12523 = VECTOR('',#12524,1.);
#12524 = DIRECTION('',(0.,1.,0.));
#12525 = PLANE('',#12526);
#12526 = AXIS2_PLACEMENT_3D('',#12527,#12528,#12529);
#12527 = CARTESIAN_POINT('',(-90.,86.,-8.));
#12528 = DIRECTION('',(1.,0.,0.));
#12529 = DIRECTION('',(0.,0.,1.));
#12530 = ADVANCED_FACE('',(#12531),#12558,.T.);
#12531 = FACE_BOUND('',#12532,.T.);
#12532 = EDGE_LOOP('',(#12533,#12534,#12543,#12551));
#12533 = ORIENTED_EDGE('',*,*,#12494,.F.);
#12534 = ORIENTED_EDGE('',*,*,#12535,.T.);
#12535 = EDGE_CURVE('',#12495,#12536,#12538,.T.);
#12536 = VERTEX_POINT('',#12537);
#12537 = CARTESIAN_POINT('',(-89.2,86.,-7.2));
#12538 = CIRCLE('',#12539,0.8);
#12539 = AXIS2_PLACEMENT_3D('',#12540,#12541,#12542);
#12540 = CARTESIAN_POINT('',(-89.2,86.8,-7.2));
#12541 = DIRECTION('',(0.,0.,1.));
#12542 = DIRECTION('',(-1.,0.,0.));
#12543 = ORIENTED_EDGE('',*,*,#12544,.T.);
#12544 = EDGE_CURVE('',#12536,#12545,#12547,.T.);
#12545 = VERTEX_POINT('',#12546);
#12546 = CARTESIAN_POINT('',(-89.2,86.,7.2));
#12547 = LINE('',#12548,#12549);
#12548 = CARTESIAN_POINT('',(-89.2,86.,-8.));
#12549 = VECTOR('',#12550,1.);
#12550 = DIRECTION('',(0.,0.,1.));
#12551 = ORIENTED_EDGE('',*,*,#12552,.F.);
#12552 = EDGE_CURVE('',#12497,#12545,#12553,.T.);
#12553 = CIRCLE('',#12554,0.8);
#12554 = AXIS2_PLACEMENT_3D('',#12555,#12556,#12557);
#12555 = CARTESIAN_POINT('',(-89.2,86.8,7.2));
#12556 = DIRECTION('',(0.,0.,1.));
#12557 = DIRECTION('',(-1.,0.,0.));
#12558 = CYLINDRICAL_SURFACE('',#12559,0.8);
#12559 = AXIS2_PLACEMENT_3D('',#12560,#12561,#12562);
#12560 = CARTESIAN_POINT('',(-89.2,86.8,-8.));
#12561 = DIRECTION('',(0.,0.,1.));
#12562 = DIRECTION('',(-1.,0.,0.));
#12563 = ADVANCED_FACE('',(#12564),#12591,.T.);
#12564 = FACE_BOUND('',#12565,.F.);
#12565 = EDGE_LOOP('',(#12566,#12575,#12583,#12590));
#12566 = ORIENTED_EDGE('',*,*,#12567,.F.);
#12567 = EDGE_CURVE('',#12568,#12495,#12570,.T.);
#12568 = VERTEX_POINT('',#12569);
#12569 = CARTESIAN_POINT('',(-89.2,86.8,-8.));
#12570 = CIRCLE('',#12571,0.8);
#12571 = AXIS2_PLACEMENT_3D('',#12572,#12573,#12574);
#12572 = CARTESIAN_POINT('',(-89.2,86.8,-7.2));
#12573 = DIRECTION('',(0.,1.,-0.));
#12574 = DIRECTION('',(-1.,0.,0.));
#12575 = ORIENTED_EDGE('',*,*,#12576,.T.);
#12576 = EDGE_CURVE('',#12568,#12577,#12579,.T.);
#12577 = VERTEX_POINT('',#12578);
#12578 = CARTESIAN_POINT('',(-89.2,135.2,-8.));
#12579 = LINE('',#12580,#12581);
#12580 = CARTESIAN_POINT('',(-89.2,86.,-8.));
#12581 = VECTOR('',#12582,1.);
#12582 = DIRECTION('',(0.,1.,0.));
#12583 = ORIENTED_EDGE('',*,*,#12584,.T.);
#12584 = EDGE_CURVE('',#12577,#12505,#12585,.T.);
#12585 = CIRCLE('',#12586,0.8);
#12586 = AXIS2_PLACEMENT_3D('',#12587,#12588,#12589);
#12587 = CARTESIAN_POINT('',(-89.2,135.2,-7.2));
#12588 = DIRECTION('',(0.,1.,-0.));
#12589 = DIRECTION('',(-1.,0.,0.));
#12590 = ORIENTED_EDGE('',*,*,#12504,.F.);
#12591 = CYLINDRICAL_SURFACE('',#12592,0.8);
#12592 = AXIS2_PLACEMENT_3D('',#12593,#12594,#12595);
#12593 = CARTESIAN_POINT('',(-89.2,86.,-7.2));
#12594 = DIRECTION('',(0.,1.,0.));
#12595 = DIRECTION('',(-1.,0.,0.));
#12596 = ADVANCED_FACE('',(#12597),#12624,.T.);
#12597 = FACE_BOUND('',#12598,.T.);
#12598 = EDGE_LOOP('',(#12599,#12608,#12616,#12623));
#12599 = ORIENTED_EDGE('',*,*,#12600,.F.);
#12600 = EDGE_CURVE('',#12601,#12497,#12603,.T.);
#12601 = VERTEX_POINT('',#12602);
#12602 = CARTESIAN_POINT('',(-89.2,86.8,8.));
#12603 = CIRCLE('',#12604,0.8);
#12604 = AXIS2_PLACEMENT_3D('',#12605,#12606,#12607);
#12605 = CARTESIAN_POINT('',(-89.2,86.8,7.2));
#12606 = DIRECTION('',(0.,-1.,0.));
#12607 = DIRECTION('',(-1.,0.,0.));
#12608 = ORIENTED_EDGE('',*,*,#12609,.T.);
#12609 = EDGE_CURVE('',#12601,#12610,#12612,.T.);
#12610 = VERTEX_POINT('',#12611);
#12611 = CARTESIAN_POINT('',(-89.2,135.2,8.));
#12612 = LINE('',#12613,#12614);
#12613 = CARTESIAN_POINT('',(-89.2,86.,8.));
#12614 = VECTOR('',#12615,1.);
#12615 = DIRECTION('',(0.,1.,0.));
#12616 = ORIENTED_EDGE('',*,*,#12617,.F.);
#12617 = EDGE_CURVE('',#12513,#12610,#12618,.T.);
#12618 = CIRCLE('',#12619,0.8);
#12619 = AXIS2_PLACEMENT_3D('',#12620,#12621,#12622);
#12620 = CARTESIAN_POINT('',(-89.2,135.2,7.2));
#12621 = DIRECTION('',(0.,1.,-0.));
#12622 = DIRECTION('',(-1.,0.,1.110223024625E-15));
#12623 = ORIENTED_EDGE('',*,*,#12520,.F.);
#12624 = CYLINDRICAL_SURFACE('',#12625,0.8);
#12625 = AXIS2_PLACEMENT_3D('',#12626,#12627,#12628);
#12626 = CARTESIAN_POINT('',(-89.2,86.,7.2));
#12627 = DIRECTION('',(0.,1.,0.));
#12628 = DIRECTION('',(-1.,0.,0.));
#12629 = ADVANCED_FACE('',(#12630),#12657,.T.);
#12630 = FACE_BOUND('',#12631,.F.);
#12631 = EDGE_LOOP('',(#12632,#12633,#12642,#12650));
#12632 = ORIENTED_EDGE('',*,*,#12512,.F.);
#12633 = ORIENTED_EDGE('',*,*,#12634,.T.);
#12634 = EDGE_CURVE('',#12505,#12635,#12637,.T.);
#12635 = VERTEX_POINT('',#12636);
#12636 = CARTESIAN_POINT('',(-89.2,136.,-7.2));
#12637 = CIRCLE('',#12638,0.8);
#12638 = AXIS2_PLACEMENT_3D('',#12639,#12640,#12641);
#12639 = CARTESIAN_POINT('',(-89.2,135.2,-7.2));
#12640 = DIRECTION('',(0.,0.,-1.));
#12641 = DIRECTION('',(-1.,0.,0.));
#12642 = ORIENTED_EDGE('',*,*,#12643,.T.);
#12643 = EDGE_CURVE('',#12635,#12644,#12646,.T.);
#12644 = VERTEX_POINT('',#12645);
#12645 = CARTESIAN_POINT('',(-89.2,136.,7.2));
#12646 = LINE('',#12647,#12648);
#12647 = CARTESIAN_POINT('',(-89.2,136.,-8.));
#12648 = VECTOR('',#12649,1.);
#12649 = DIRECTION('',(0.,0.,1.));
#12650 = ORIENTED_EDGE('',*,*,#12651,.T.);
#12651 = EDGE_CURVE('',#12644,#12513,#12652,.T.);
#12652 = CIRCLE('',#12653,0.8);
#12653 = AXIS2_PLACEMENT_3D('',#12654,#12655,#12656);
#12654 = CARTESIAN_POINT('',(-89.2,135.2,7.2));
#12655 = DIRECTION('',(1.110223024625E-15,0.,1.));
#12656 = DIRECTION('',(-1.,0.,1.110223024625E-15));
#12657 = CYLINDRICAL_SURFACE('',#12658,0.8);
#12658 = AXIS2_PLACEMENT_3D('',#12659,#12660,#12661);
#12659 = CARTESIAN_POINT('',(-89.2,135.2,-8.));
#12660 = DIRECTION('',(0.,0.,1.));
#12661 = DIRECTION('',(-1.,0.,0.));
#12662 = ADVANCED_FACE('',(#12663),#12674,.T.);
#12663 = FACE_BOUND('',#12664,.T.);
#12664 = EDGE_LOOP('',(#12665,#12666,#12673));
#12665 = ORIENTED_EDGE('',*,*,#12567,.F.);
#12666 = ORIENTED_EDGE('',*,*,#12667,.T.);
#12667 = EDGE_CURVE('',#12568,#12536,#12668,.T.);
#12668 = CIRCLE('',#12669,0.8);
#12669 = AXIS2_PLACEMENT_3D('',#12670,#12671,#12672);
#12670 = CARTESIAN_POINT('',(-89.2,86.8,-7.2));
#12671 = DIRECTION('',(-1.,6.123233995737E-17,0.));
#12672 = DIRECTION('',(-6.123233995737E-17,-1.,0.));
#12673 = ORIENTED_EDGE('',*,*,#12535,.F.);
#12674 = SPHERICAL_SURFACE('',#12675,0.8);
#12675 = AXIS2_PLACEMENT_3D('',#12676,#12677,#12678);
#12676 = CARTESIAN_POINT('',(-89.2,86.8,-7.2));
#12677 = DIRECTION('',(0.,0.,1.));
#12678 = DIRECTION('',(-1.,0.,0.));
#12679 = ADVANCED_FACE('',(#12680),#12691,.T.);
#12680 = FACE_BOUND('',#12681,.F.);
#12681 = EDGE_LOOP('',(#12682,#12683,#12690));
#12682 = ORIENTED_EDGE('',*,*,#12600,.F.);
#12683 = ORIENTED_EDGE('',*,*,#12684,.T.);
#12684 = EDGE_CURVE('',#12601,#12545,#12685,.T.);
#12685 = CIRCLE('',#12686,0.8);
#12686 = AXIS2_PLACEMENT_3D('',#12687,#12688,#12689);
#12687 = CARTESIAN_POINT('',(-89.2,86.8,7.2));
#12688 = DIRECTION('',(1.,-6.123233995737E-17,0.));
#12689 = DIRECTION('',(-6.123233995737E-17,-1.,0.));
#12690 = ORIENTED_EDGE('',*,*,#12552,.F.);
#12691 = SPHERICAL_SURFACE('',#12692,0.8);
#12692 = AXIS2_PLACEMENT_3D('',#12693,#12694,#12695);
#12693 = CARTESIAN_POINT('',(-89.2,86.8,7.2));
#12694 = DIRECTION('',(-0.,-0.,-1.));
#12695 = DIRECTION('',(-1.,0.,0.));
#12696 = ADVANCED_FACE('',(#12697),#12722,.F.);
#12697 = FACE_BOUND('',#12698,.F.);
#12698 = EDGE_LOOP('',(#12699,#12700,#12708,#12716));
#12699 = ORIENTED_EDGE('',*,*,#12544,.T.);
#12700 = ORIENTED_EDGE('',*,*,#12701,.T.);
#12701 = EDGE_CURVE('',#12545,#12702,#12704,.T.);
#12702 = VERTEX_POINT('',#12703);
#12703 = CARTESIAN_POINT('',(-82.8,86.,7.2));
#12704 = LINE('',#12705,#12706);
#12705 = CARTESIAN_POINT('',(-90.,86.,7.2));
#12706 = VECTOR('',#12707,1.);
#12707 = DIRECTION('',(1.,0.,0.));
#12708 = ORIENTED_EDGE('',*,*,#12709,.F.);
#12709 = EDGE_CURVE('',#12710,#12702,#12712,.T.);
#12710 = VERTEX_POINT('',#12711);
#12711 = CARTESIAN_POINT('',(-82.8,86.,-7.2));
#12712 = LINE('',#12713,#12714);
#12713 = CARTESIAN_POINT('',(-82.8,86.,-8.));
#12714 = VECTOR('',#12715,1.);
#12715 = DIRECTION('',(0.,0.,1.));
#12716 = ORIENTED_EDGE('',*,*,#12717,.F.);
#12717 = EDGE_CURVE('',#12536,#12710,#12718,.T.);
#12718 = LINE('',#12719,#12720);
#12719 = CARTESIAN_POINT('',(-90.,86.,-7.2));
#12720 = VECTOR('',#12721,1.);
#12721 = DIRECTION('',(1.,0.,0.));
#12722 = PLANE('',#12723);
#12723 = AXIS2_PLACEMENT_3D('',#12724,#12725,#12726);
#12724 = CARTESIAN_POINT('',(-90.,86.,-8.));
#12725 = DIRECTION('',(0.,1.,0.));
#12726 = DIRECTION('',(0.,0.,1.));
#12727 = ADVANCED_FACE('',(#12728),#12753,.F.);
#12728 = FACE_BOUND('',#12729,.F.);
#12729 = EDGE_LOOP('',(#12730,#12731,#12739,#12747));
#12730 = ORIENTED_EDGE('',*,*,#12576,.F.);
#12731 = ORIENTED_EDGE('',*,*,#12732,.T.);
#12732 = EDGE_CURVE('',#12568,#12733,#12735,.T.);
#12733 = VERTEX_POINT('',#12734);
#12734 = CARTESIAN_POINT('',(-82.8,86.8,-8.));
#12735 = LINE('',#12736,#12737);
#12736 = CARTESIAN_POINT('',(-90.,86.8,-8.));
#12737 = VECTOR('',#12738,1.);
#12738 = DIRECTION('',(1.,0.,0.));
#12739 = ORIENTED_EDGE('',*,*,#12740,.T.);
#12740 = EDGE_CURVE('',#12733,#12741,#12743,.T.);
#12741 = VERTEX_POINT('',#12742);
#12742 = CARTESIAN_POINT('',(-82.8,135.2,-8.));
#12743 = LINE('',#12744,#12745);
#12744 = CARTESIAN_POINT('',(-82.8,86.,-8.));
#12745 = VECTOR('',#12746,1.);
#12746 = DIRECTION('',(0.,1.,0.));
#12747 = ORIENTED_EDGE('',*,*,#12748,.F.);
#12748 = EDGE_CURVE('',#12577,#12741,#12749,.T.);
#12749 = LINE('',#12750,#12751);
#12750 = CARTESIAN_POINT('',(-90.,135.2,-8.));
#12751 = VECTOR('',#12752,1.);
#12752 = DIRECTION('',(1.,0.,0.));
#12753 = PLANE('',#12754);
#12754 = AXIS2_PLACEMENT_3D('',#12755,#12756,#12757);
#12755 = CARTESIAN_POINT('',(-90.,86.,-8.));
#12756 = DIRECTION('',(0.,0.,1.));
#12757 = DIRECTION('',(1.,0.,0.));
#12758 = ADVANCED_FACE('',(#12759),#12770,.T.);
#12759 = FACE_BOUND('',#12760,.F.);
#12760 = EDGE_LOOP('',(#12761,#12762,#12769));
#12761 = ORIENTED_EDGE('',*,*,#12584,.F.);
#12762 = ORIENTED_EDGE('',*,*,#12763,.T.);
#12763 = EDGE_CURVE('',#12577,#12635,#12764,.T.);
#12764 = CIRCLE('',#12765,0.8);
#12765 = AXIS2_PLACEMENT_3D('',#12766,#12767,#12768);
#12766 = CARTESIAN_POINT('',(-89.2,135.2,-7.2));
#12767 = DIRECTION('',(1.,6.123233995737E-17,-0.));
#12768 = DIRECTION('',(-6.123233995737E-17,1.,0.));
#12769 = ORIENTED_EDGE('',*,*,#12634,.F.);
#12770 = SPHERICAL_SURFACE('',#12771,0.8);
#12771 = AXIS2_PLACEMENT_3D('',#12772,#12773,#12774);
#12772 = CARTESIAN_POINT('',(-89.2,135.2,-7.2));
#12773 = DIRECTION('',(0.,0.,1.));
#12774 = DIRECTION('',(-1.,0.,0.));
#12775 = ADVANCED_FACE('',(#12776),#12801,.T.);
#12776 = FACE_BOUND('',#12777,.T.);
#12777 = EDGE_LOOP('',(#12778,#12779,#12787,#12795));
#12778 = ORIENTED_EDGE('',*,*,#12609,.F.);
#12779 = ORIENTED_EDGE('',*,*,#12780,.T.);
#12780 = EDGE_CURVE('',#12601,#12781,#12783,.T.);
#12781 = VERTEX_POINT('',#12782);
#12782 = CARTESIAN_POINT('',(-82.8,86.8,8.));
#12783 = LINE('',#12784,#12785);
#12784 = CARTESIAN_POINT('',(-90.,86.8,8.));
#12785 = VECTOR('',#12786,1.);
#12786 = DIRECTION('',(1.,0.,0.));
#12787 = ORIENTED_EDGE('',*,*,#12788,.T.);
#12788 = EDGE_CURVE('',#12781,#12789,#12791,.T.);
#12789 = VERTEX_POINT('',#12790);
#12790 = CARTESIAN_POINT('',(-82.8,135.2,8.));
#12791 = LINE('',#12792,#12793);
#12792 = CARTESIAN_POINT('',(-82.8,86.,8.));
#12793 = VECTOR('',#12794,1.);
#12794 = DIRECTION('',(0.,1.,0.));
#12795 = ORIENTED_EDGE('',*,*,#12796,.F.);
#12796 = EDGE_CURVE('',#12610,#12789,#12797,.T.);
#12797 = LINE('',#12798,#12799);
#12798 = CARTESIAN_POINT('',(-90.,135.2,8.));
#12799 = VECTOR('',#12800,1.);
#12800 = DIRECTION('',(1.,0.,0.));
#12801 = PLANE('',#12802);
#12802 = AXIS2_PLACEMENT_3D('',#12803,#12804,#12805);
#12803 = CARTESIAN_POINT('',(-90.,86.,8.));
#12804 = DIRECTION('',(0.,0.,1.));
#12805 = DIRECTION('',(1.,0.,0.));
#12806 = ADVANCED_FACE('',(#12807),#12818,.T.);
#12807 = FACE_BOUND('',#12808,.F.);
#12808 = EDGE_LOOP('',(#12809,#12810,#12817));
#12809 = ORIENTED_EDGE('',*,*,#12651,.F.);
#12810 = ORIENTED_EDGE('',*,*,#12811,.T.);
#12811 = EDGE_CURVE('',#12644,#12610,#12812,.T.);
#12812 = CIRCLE('',#12813,0.8);
#12813 = AXIS2_PLACEMENT_3D('',#12814,#12815,#12816);
#12814 = CARTESIAN_POINT('',(-89.2,135.2,7.2));
#12815 = DIRECTION('',(1.,0.,6.123233995736E-17));
#12816 = DIRECTION('',(-6.123233995736E-17,0.,1.));
#12817 = ORIENTED_EDGE('',*,*,#12617,.F.);
#12818 = SPHERICAL_SURFACE('',#12819,0.8);
#12819 = AXIS2_PLACEMENT_3D('',#12820,#12821,#12822);
#12820 = CARTESIAN_POINT('',(-89.2,135.2,7.2));
#12821 = DIRECTION('',(0.,-1.,0.));
#12822 = DIRECTION('',(-1.,0.,1.110223024625E-15));
#12823 = ADVANCED_FACE('',(#12824),#12849,.T.);
#12824 = FACE_BOUND('',#12825,.T.);
#12825 = EDGE_LOOP('',(#12826,#12827,#12835,#12843));
#12826 = ORIENTED_EDGE('',*,*,#12643,.T.);
#12827 = ORIENTED_EDGE('',*,*,#12828,.T.);
#12828 = EDGE_CURVE('',#12644,#12829,#12831,.T.);
#12829 = VERTEX_POINT('',#12830);
#12830 = CARTESIAN_POINT('',(-82.8,136.,7.2));
#12831 = LINE('',#12832,#12833);
#12832 = CARTESIAN_POINT('',(-90.,136.,7.2));
#12833 = VECTOR('',#12834,1.);
#12834 = DIRECTION('',(1.,0.,0.));
#12835 = ORIENTED_EDGE('',*,*,#12836,.F.);
#12836 = EDGE_CURVE('',#12837,#12829,#12839,.T.);
#12837 = VERTEX_POINT('',#12838);
#12838 = CARTESIAN_POINT('',(-82.8,136.,-7.2));
#12839 = LINE('',#12840,#12841);
#12840 = CARTESIAN_POINT('',(-82.8,136.,-8.));
#12841 = VECTOR('',#12842,1.);
#12842 = DIRECTION('',(0.,0.,1.));
#12843 = ORIENTED_EDGE('',*,*,#12844,.F.);
#12844 = EDGE_CURVE('',#12635,#12837,#12845,.T.);
#12845 = LINE('',#12846,#12847);
#12846 = CARTESIAN_POINT('',(-90.,136.,-7.2));
#12847 = VECTOR('',#12848,1.);
#12848 = DIRECTION('',(1.,0.,0.));
#12849 = PLANE('',#12850);
#12850 = AXIS2_PLACEMENT_3D('',#12851,#12852,#12853);
#12851 = CARTESIAN_POINT('',(-90.,136.,-8.));
#12852 = DIRECTION('',(0.,1.,0.));
#12853 = DIRECTION('',(0.,0.,1.));
#12854 = ADVANCED_FACE('',(#12855),#12867,.T.);
#12855 = FACE_BOUND('',#12856,.T.);
#12856 = EDGE_LOOP('',(#12857,#12858,#12859,#12866));
#12857 = ORIENTED_EDGE('',*,*,#12667,.F.);
#12858 = ORIENTED_EDGE('',*,*,#12732,.T.);
#12859 = ORIENTED_EDGE('',*,*,#12860,.T.);
#12860 = EDGE_CURVE('',#12733,#12710,#12861,.T.);
#12861 = CIRCLE('',#12862,0.8);
#12862 = AXIS2_PLACEMENT_3D('',#12863,#12864,#12865);
#12863 = CARTESIAN_POINT('',(-82.8,86.8,-7.2));
#12864 = DIRECTION('',(-1.,-6.123233995737E-17,0.));
#12865 = DIRECTION('',(6.123233995737E-17,-1.,0.));
#12866 = ORIENTED_EDGE('',*,*,#12717,.F.);
#12867 = CYLINDRICAL_SURFACE('',#12868,0.8);
#12868 = AXIS2_PLACEMENT_3D('',#12869,#12870,#12871);
#12869 = CARTESIAN_POINT('',(-90.,86.8,-7.2));
#12870 = DIRECTION('',(1.,0.,0.));
#12871 = DIRECTION('',(0.,-1.,0.));
#12872 = ADVANCED_FACE('',(#12873),#12885,.T.);
#12873 = FACE_BOUND('',#12874,.F.);
#12874 = EDGE_LOOP('',(#12875,#12876,#12877,#12884));
#12875 = ORIENTED_EDGE('',*,*,#12684,.F.);
#12876 = ORIENTED_EDGE('',*,*,#12780,.T.);
#12877 = ORIENTED_EDGE('',*,*,#12878,.T.);
#12878 = EDGE_CURVE('',#12781,#12702,#12879,.T.);
#12879 = CIRCLE('',#12880,0.8);
#12880 = AXIS2_PLACEMENT_3D('',#12881,#12882,#12883);
#12881 = CARTESIAN_POINT('',(-82.8,86.8,7.2));
#12882 = DIRECTION('',(1.,6.123233995737E-17,0.));
#12883 = DIRECTION('',(6.123233995737E-17,-1.,0.));
#12884 = ORIENTED_EDGE('',*,*,#12701,.F.);
#12885 = CYLINDRICAL_SURFACE('',#12886,0.8);
#12886 = AXIS2_PLACEMENT_3D('',#12887,#12888,#12889);
#12887 = CARTESIAN_POINT('',(-90.,86.8,7.2));
#12888 = DIRECTION('',(1.,0.,0.));
#12889 = DIRECTION('',(0.,-1.,0.));
#12890 = ADVANCED_FACE('',(#12891),#12918,.T.);
#12891 = FACE_BOUND('',#12892,.F.);
#12892 = EDGE_LOOP('',(#12893,#12903,#12910,#12911));
#12893 = ORIENTED_EDGE('',*,*,#12894,.F.);
#12894 = EDGE_CURVE('',#12895,#12897,#12899,.T.);
#12895 = VERTEX_POINT('',#12896);
#12896 = CARTESIAN_POINT('',(-82.,86.8,-7.2));
#12897 = VERTEX_POINT('',#12898);
#12898 = CARTESIAN_POINT('',(-82.,86.8,7.2));
#12899 = LINE('',#12900,#12901);
#12900 = CARTESIAN_POINT('',(-82.,86.8,-8.));
#12901 = VECTOR('',#12902,1.);
#12902 = DIRECTION('',(0.,0.,1.));
#12903 = ORIENTED_EDGE('',*,*,#12904,.T.);
#12904 = EDGE_CURVE('',#12895,#12710,#12905,.T.);
#12905 = CIRCLE('',#12906,0.8);
#12906 = AXIS2_PLACEMENT_3D('',#12907,#12908,#12909);
#12907 = CARTESIAN_POINT('',(-82.8,86.8,-7.2));
#12908 = DIRECTION('',(0.,0.,-1.));
#12909 = DIRECTION('',(1.,0.,0.));
#12910 = ORIENTED_EDGE('',*,*,#12709,.T.);
#12911 = ORIENTED_EDGE('',*,*,#12912,.F.);
#12912 = EDGE_CURVE('',#12897,#12702,#12913,.T.);
#12913 = CIRCLE('',#12914,0.8);
#12914 = AXIS2_PLACEMENT_3D('',#12915,#12916,#12917);
#12915 = CARTESIAN_POINT('',(-82.8,86.8,7.2));
#12916 = DIRECTION('',(0.,0.,-1.));
#12917 = DIRECTION('',(1.,0.,0.));
#12918 = CYLINDRICAL_SURFACE('',#12919,0.8);
#12919 = AXIS2_PLACEMENT_3D('',#12920,#12921,#12922);
#12920 = CARTESIAN_POINT('',(-82.8,86.8,-8.));
#12921 = DIRECTION('',(0.,0.,1.));
#12922 = DIRECTION('',(1.,0.,0.));
#12923 = ADVANCED_FACE('',(#12924),#12936,.T.);
#12924 = FACE_BOUND('',#12925,.F.);
#12925 = EDGE_LOOP('',(#12926,#12927,#12928,#12935));
#12926 = ORIENTED_EDGE('',*,*,#12763,.F.);
#12927 = ORIENTED_EDGE('',*,*,#12748,.T.);
#12928 = ORIENTED_EDGE('',*,*,#12929,.T.);
#12929 = EDGE_CURVE('',#12741,#12837,#12930,.T.);
#12930 = CIRCLE('',#12931,0.8);
#12931 = AXIS2_PLACEMENT_3D('',#12932,#12933,#12934);
#12932 = CARTESIAN_POINT('',(-82.8,135.2,-7.2));
#12933 = DIRECTION('',(1.,-6.123233995737E-17,0.));
#12934 = DIRECTION('',(6.123233995737E-17,1.,0.));
#12935 = ORIENTED_EDGE('',*,*,#12844,.F.);
#12936 = CYLINDRICAL_SURFACE('',#12937,0.8);
#12937 = AXIS2_PLACEMENT_3D('',#12938,#12939,#12940);
#12938 = CARTESIAN_POINT('',(-90.,135.2,-7.2));
#12939 = DIRECTION('',(1.,0.,0.));
#12940 = DIRECTION('',(0.,1.,0.));
#12941 = ADVANCED_FACE('',(#12942),#12967,.T.);
#12942 = FACE_BOUND('',#12943,.T.);
#12943 = EDGE_LOOP('',(#12944,#12951,#12952,#12961));
#12944 = ORIENTED_EDGE('',*,*,#12945,.F.);
#12945 = EDGE_CURVE('',#12733,#12895,#12946,.T.);
#12946 = CIRCLE('',#12947,0.8);
#12947 = AXIS2_PLACEMENT_3D('',#12948,#12949,#12950);
#12948 = CARTESIAN_POINT('',(-82.8,86.8,-7.2));
#12949 = DIRECTION('',(0.,-1.,0.));
#12950 = DIRECTION('',(1.,0.,0.));
#12951 = ORIENTED_EDGE('',*,*,#12740,.T.);
#12952 = ORIENTED_EDGE('',*,*,#12953,.T.);
#12953 = EDGE_CURVE('',#12741,#12954,#12956,.T.);
#12954 = VERTEX_POINT('',#12955);
#12955 = CARTESIAN_POINT('',(-82.,135.2,-7.2));
#12956 = CIRCLE('',#12957,0.8);
#12957 = AXIS2_PLACEMENT_3D('',#12958,#12959,#12960);
#12958 = CARTESIAN_POINT('',(-82.8,135.2,-7.2));
#12959 = DIRECTION('',(0.,-1.,0.));
#12960 = DIRECTION('',(1.,0.,0.));
#12961 = ORIENTED_EDGE('',*,*,#12962,.F.);
#12962 = EDGE_CURVE('',#12895,#12954,#12963,.T.);
#12963 = LINE('',#12964,#12965);
#12964 = CARTESIAN_POINT('',(-82.,86.,-7.2));
#12965 = VECTOR('',#12966,1.);
#12966 = DIRECTION('',(0.,1.,0.));
#12967 = CYLINDRICAL_SURFACE('',#12968,0.8);
#12968 = AXIS2_PLACEMENT_3D('',#12969,#12970,#12971);
#12969 = CARTESIAN_POINT('',(-82.8,86.,-7.2));
#12970 = DIRECTION('',(0.,1.,0.));
#12971 = DIRECTION('',(1.,0.,0.));
#12972 = ADVANCED_FACE('',(#12973),#12985,.T.);
#12973 = FACE_BOUND('',#12974,.T.);
#12974 = EDGE_LOOP('',(#12975,#12976,#12977,#12984));
#12975 = ORIENTED_EDGE('',*,*,#12811,.T.);
#12976 = ORIENTED_EDGE('',*,*,#12796,.T.);
#12977 = ORIENTED_EDGE('',*,*,#12978,.F.);
#12978 = EDGE_CURVE('',#12829,#12789,#12979,.T.);
#12979 = CIRCLE('',#12980,0.8);
#12980 = AXIS2_PLACEMENT_3D('',#12981,#12982,#12983);
#12981 = CARTESIAN_POINT('',(-82.8,135.2,7.2));
#12982 = DIRECTION('',(1.,0.,-6.123233995736E-17));
#12983 = DIRECTION('',(6.123233995736E-17,0.,1.));
#12984 = ORIENTED_EDGE('',*,*,#12828,.F.);
#12985 = CYLINDRICAL_SURFACE('',#12986,0.8);
#12986 = AXIS2_PLACEMENT_3D('',#12987,#12988,#12989);
#12987 = CARTESIAN_POINT('',(-90.,135.2,7.2));
#12988 = DIRECTION('',(1.,0.,0.));
#12989 = DIRECTION('',(0.,1.,0.));
#12990 = ADVANCED_FACE('',(#12991),#13016,.T.);
#12991 = FACE_BOUND('',#12992,.F.);
#12992 = EDGE_LOOP('',(#12993,#13000,#13001,#13010));
#12993 = ORIENTED_EDGE('',*,*,#12994,.F.);
#12994 = EDGE_CURVE('',#12781,#12897,#12995,.T.);
#12995 = CIRCLE('',#12996,0.8);
#12996 = AXIS2_PLACEMENT_3D('',#12997,#12998,#12999);
#12997 = CARTESIAN_POINT('',(-82.8,86.8,7.2));
#12998 = DIRECTION('',(-0.,1.,0.));
#12999 = DIRECTION('',(1.,0.,0.));
#13000 = ORIENTED_EDGE('',*,*,#12788,.T.);
#13001 = ORIENTED_EDGE('',*,*,#13002,.F.);
#13002 = EDGE_CURVE('',#13003,#12789,#13005,.T.);
#13003 = VERTEX_POINT('',#13004);
#13004 = CARTESIAN_POINT('',(-82.,135.2,7.2));
#13005 = CIRCLE('',#13006,0.8);
#13006 = AXIS2_PLACEMENT_3D('',#13007,#13008,#13009);
#13007 = CARTESIAN_POINT('',(-82.8,135.2,7.2));
#13008 = DIRECTION('',(0.,-1.,0.));
#13009 = DIRECTION('',(1.,0.,1.110223024625E-15));
#13010 = ORIENTED_EDGE('',*,*,#13011,.F.);
#13011 = EDGE_CURVE('',#12897,#13003,#13012,.T.);
#13012 = LINE('',#13013,#13014);
#13013 = CARTESIAN_POINT('',(-82.,86.,7.2));
#13014 = VECTOR('',#13015,1.);
#13015 = DIRECTION('',(0.,1.,0.));
#13016 = CYLINDRICAL_SURFACE('',#13017,0.8);
#13017 = AXIS2_PLACEMENT_3D('',#13018,#13019,#13020);
#13018 = CARTESIAN_POINT('',(-82.8,86.,7.2));
#13019 = DIRECTION('',(0.,1.,0.));
#13020 = DIRECTION('',(1.,0.,0.));
#13021 = ADVANCED_FACE('',(#13022),#13045,.T.);
#13022 = FACE_BOUND('',#13023,.T.);
#13023 = EDGE_LOOP('',(#13024,#13030,#13037,#13038));
#13024 = ORIENTED_EDGE('',*,*,#13025,.F.);
#13025 = EDGE_CURVE('',#12954,#13003,#13026,.T.);
#13026 = LINE('',#13027,#13028);
#13027 = CARTESIAN_POINT('',(-82.,135.2,-8.));
#13028 = VECTOR('',#13029,1.);
#13029 = DIRECTION('',(0.,0.,1.));
#13030 = ORIENTED_EDGE('',*,*,#13031,.T.);
#13031 = EDGE_CURVE('',#12954,#12837,#13032,.T.);
#13032 = CIRCLE('',#13033,0.8);
#13033 = AXIS2_PLACEMENT_3D('',#13034,#13035,#13036);
#13034 = CARTESIAN_POINT('',(-82.8,135.2,-7.2));
#13035 = DIRECTION('',(0.,0.,1.));
#13036 = DIRECTION('',(1.,0.,0.));
#13037 = ORIENTED_EDGE('',*,*,#12836,.T.);
#13038 = ORIENTED_EDGE('',*,*,#13039,.T.);
#13039 = EDGE_CURVE('',#12829,#13003,#13040,.T.);
#13040 = CIRCLE('',#13041,0.8);
#13041 = AXIS2_PLACEMENT_3D('',#13042,#13043,#13044);
#13042 = CARTESIAN_POINT('',(-82.8,135.2,7.2));
#13043 = DIRECTION('',(1.110223024625E-15,0.,-1.));
#13044 = DIRECTION('',(1.,0.,1.110223024625E-15));
#13045 = CYLINDRICAL_SURFACE('',#13046,0.8);
#13046 = AXIS2_PLACEMENT_3D('',#13047,#13048,#13049);
#13047 = CARTESIAN_POINT('',(-82.8,135.2,-8.));
#13048 = DIRECTION('',(0.,0.,1.));
#13049 = DIRECTION('',(1.,0.,0.));
#13050 = ADVANCED_FACE('',(#13051),#13056,.T.);
#13051 = FACE_BOUND('',#13052,.F.);
#13052 = EDGE_LOOP('',(#13053,#13054,#13055));
#13053 = ORIENTED_EDGE('',*,*,#12945,.F.);
#13054 = ORIENTED_EDGE('',*,*,#12860,.T.);
#13055 = ORIENTED_EDGE('',*,*,#12904,.F.);
#13056 = SPHERICAL_SURFACE('',#13057,0.8);
#13057 = AXIS2_PLACEMENT_3D('',#13058,#13059,#13060);
#13058 = CARTESIAN_POINT('',(-82.8,86.8,-7.2));
#13059 = DIRECTION('',(0.,0.,1.));
#13060 = DIRECTION('',(1.,0.,0.));
#13061 = ADVANCED_FACE('',(#13062),#13067,.T.);
#13062 = FACE_BOUND('',#13063,.T.);
#13063 = EDGE_LOOP('',(#13064,#13065,#13066));
#13064 = ORIENTED_EDGE('',*,*,#12994,.F.);
#13065 = ORIENTED_EDGE('',*,*,#12878,.T.);
#13066 = ORIENTED_EDGE('',*,*,#12912,.F.);
#13067 = SPHERICAL_SURFACE('',#13068,0.8);
#13068 = AXIS2_PLACEMENT_3D('',#13069,#13070,#13071);
#13069 = CARTESIAN_POINT('',(-82.8,86.8,7.2));
#13070 = DIRECTION('',(-0.,-0.,-1.));
#13071 = DIRECTION('',(1.,0.,0.));
#13072 = ADVANCED_FACE('',(#13073),#13079,.T.);
#13073 = FACE_BOUND('',#13074,.T.);
#13074 = EDGE_LOOP('',(#13075,#13076,#13077,#13078));
#13075 = ORIENTED_EDGE('',*,*,#12894,.F.);
#13076 = ORIENTED_EDGE('',*,*,#12962,.T.);
#13077 = ORIENTED_EDGE('',*,*,#13025,.T.);
#13078 = ORIENTED_EDGE('',*,*,#13011,.F.);
#13079 = PLANE('',#13080);
#13080 = AXIS2_PLACEMENT_3D('',#13081,#13082,#13083);
#13081 = CARTESIAN_POINT('',(-82.,86.,-8.));
#13082 = DIRECTION('',(1.,0.,0.));
#13083 = DIRECTION('',(0.,0.,1.));
#13084 = ADVANCED_FACE('',(#13085),#13090,.T.);
#13085 = FACE_BOUND('',#13086,.T.);
#13086 = EDGE_LOOP('',(#13087,#13088,#13089));
#13087 = ORIENTED_EDGE('',*,*,#12953,.F.);
#13088 = ORIENTED_EDGE('',*,*,#12929,.T.);
#13089 = ORIENTED_EDGE('',*,*,#13031,.F.);
#13090 = SPHERICAL_SURFACE('',#13091,0.8);
#13091 = AXIS2_PLACEMENT_3D('',#13092,#13093,#13094);
#13092 = CARTESIAN_POINT('',(-82.8,135.2,-7.2));
#13093 = DIRECTION('',(0.,0.,1.));
#13094 = DIRECTION('',(1.,0.,0.));
#13095 = ADVANCED_FACE('',(#13096),#13101,.T.);
#13096 = FACE_BOUND('',#13097,.T.);
#13097 = EDGE_LOOP('',(#13098,#13099,#13100));
#13098 = ORIENTED_EDGE('',*,*,#13039,.F.);
#13099 = ORIENTED_EDGE('',*,*,#12978,.T.);
#13100 = ORIENTED_EDGE('',*,*,#13002,.F.);
#13101 = SPHERICAL_SURFACE('',#13102,0.8);
#13102 = AXIS2_PLACEMENT_3D('',#13103,#13104,#13105);
#13103 = CARTESIAN_POINT('',(-82.8,135.2,7.2));
#13104 = DIRECTION('',(0.,-1.,0.));
#13105 = DIRECTION('',(1.,0.,1.110223024625E-15));
#13106 = MANIFOLD_SOLID_BREP('',#13107);
#13107 = CLOSED_SHELL('',(#13108,#13148,#13181,#13214,#13247,#13280,
    #13297,#13314,#13345,#13376,#13393,#13424,#13441,#13472,#13490,
    #13508,#13541,#13559,#13590,#13608,#13639,#13668,#13679,#13690,
    #13702,#13713));
#13108 = ADVANCED_FACE('',(#13109),#13143,.F.);
#13109 = FACE_BOUND('',#13110,.F.);
#13110 = EDGE_LOOP('',(#13111,#13121,#13129,#13137));
#13111 = ORIENTED_EDGE('',*,*,#13112,.F.);
#13112 = EDGE_CURVE('',#13113,#13115,#13117,.T.);
#13113 = VERTEX_POINT('',#13114);
#13114 = CARTESIAN_POINT('',(86.,93.8,10.8));
#13115 = VERTEX_POINT('',#13116);
#13116 = CARTESIAN_POINT('',(86.,93.8,11.2));
#13117 = LINE('',#13118,#13119);
#13118 = CARTESIAN_POINT('',(86.,93.8,10.));
#13119 = VECTOR('',#13120,1.);
#13120 = DIRECTION('',(0.,0.,1.));
#13121 = ORIENTED_EDGE('',*,*,#13122,.T.);
#13122 = EDGE_CURVE('',#13113,#13123,#13125,.T.);
#13123 = VERTEX_POINT('',#13124);
#13124 = CARTESIAN_POINT('',(86.,127.2,10.8));
#13125 = LINE('',#13126,#13127);
#13126 = CARTESIAN_POINT('',(86.,93.,10.8));
#13127 = VECTOR('',#13128,1.);
#13128 = DIRECTION('',(0.,1.,0.));
#13129 = ORIENTED_EDGE('',*,*,#13130,.T.);
#13130 = EDGE_CURVE('',#13123,#13131,#13133,.T.);
#13131 = VERTEX_POINT('',#13132);
#13132 = CARTESIAN_POINT('',(86.,127.2,11.2));
#13133 = LINE('',#13134,#13135);
#13134 = CARTESIAN_POINT('',(86.,127.2,10.));
#13135 = VECTOR('',#13136,1.);
#13136 = DIRECTION('',(0.,0.,1.));
#13137 = ORIENTED_EDGE('',*,*,#13138,.F.);
#13138 = EDGE_CURVE('',#13115,#13131,#13139,.T.);
#13139 = LINE('',#13140,#13141);
#13140 = CARTESIAN_POINT('',(86.,93.,11.2));
#13141 = VECTOR('',#13142,1.);
#13142 = DIRECTION('',(0.,1.,0.));
#13143 = PLANE('',#13144);
#13144 = AXIS2_PLACEMENT_3D('',#13145,#13146,#13147);
#13145 = CARTESIAN_POINT('',(86.,93.,10.));
#13146 = DIRECTION('',(1.,0.,0.));
#13147 = DIRECTION('',(0.,0.,1.));
#13148 = ADVANCED_FACE('',(#13149),#13176,.T.);
#13149 = FACE_BOUND('',#13150,.T.);
#13150 = EDGE_LOOP('',(#13151,#13152,#13161,#13169));
#13151 = ORIENTED_EDGE('',*,*,#13112,.F.);
#13152 = ORIENTED_EDGE('',*,*,#13153,.T.);
#13153 = EDGE_CURVE('',#13113,#13154,#13156,.T.);
#13154 = VERTEX_POINT('',#13155);
#13155 = CARTESIAN_POINT('',(86.8,93.,10.8));
#13156 = CIRCLE('',#13157,0.8);
#13157 = AXIS2_PLACEMENT_3D('',#13158,#13159,#13160);
#13158 = CARTESIAN_POINT('',(86.8,93.8,10.8));
#13159 = DIRECTION('',(0.,0.,1.));
#13160 = DIRECTION('',(-1.,0.,0.));
#13161 = ORIENTED_EDGE('',*,*,#13162,.T.);
#13162 = EDGE_CURVE('',#13154,#13163,#13165,.T.);
#13163 = VERTEX_POINT('',#13164);
#13164 = CARTESIAN_POINT('',(86.8,93.,11.2));
#13165 = LINE('',#13166,#13167);
#13166 = CARTESIAN_POINT('',(86.8,93.,10.));
#13167 = VECTOR('',#13168,1.);
#13168 = DIRECTION('',(0.,0.,1.));
#13169 = ORIENTED_EDGE('',*,*,#13170,.F.);
#13170 = EDGE_CURVE('',#13115,#13163,#13171,.T.);
#13171 = CIRCLE('',#13172,0.8);
#13172 = AXIS2_PLACEMENT_3D('',#13173,#13174,#13175);
#13173 = CARTESIAN_POINT('',(86.8,93.8,11.2));
#13174 = DIRECTION('',(0.,0.,1.));
#13175 = DIRECTION('',(-1.,0.,0.));
#13176 = CYLINDRICAL_SURFACE('',#13177,0.8);
#13177 = AXIS2_PLACEMENT_3D('',#13178,#13179,#13180);
#13178 = CARTESIAN_POINT('',(86.8,93.8,10.));
#13179 = DIRECTION('',(0.,0.,1.));
#13180 = DIRECTION('',(-1.,0.,0.));
#13181 = ADVANCED_FACE('',(#13182),#13209,.T.);
#13182 = FACE_BOUND('',#13183,.F.);
#13183 = EDGE_LOOP('',(#13184,#13193,#13201,#13208));
#13184 = ORIENTED_EDGE('',*,*,#13185,.F.);
#13185 = EDGE_CURVE('',#13186,#13113,#13188,.T.);
#13186 = VERTEX_POINT('',#13187);
#13187 = CARTESIAN_POINT('',(86.8,93.8,10.));
#13188 = CIRCLE('',#13189,0.8);
#13189 = AXIS2_PLACEMENT_3D('',#13190,#13191,#13192);
#13190 = CARTESIAN_POINT('',(86.8,93.8,10.8));
#13191 = DIRECTION('',(0.,1.,-0.));
#13192 = DIRECTION('',(-1.,0.,0.));
#13193 = ORIENTED_EDGE('',*,*,#13194,.T.);
#13194 = EDGE_CURVE('',#13186,#13195,#13197,.T.);
#13195 = VERTEX_POINT('',#13196);
#13196 = CARTESIAN_POINT('',(86.8,127.2,10.));
#13197 = LINE('',#13198,#13199);
#13198 = CARTESIAN_POINT('',(86.8,93.,10.));
#13199 = VECTOR('',#13200,1.);
#13200 = DIRECTION('',(0.,1.,0.));
#13201 = ORIENTED_EDGE('',*,*,#13202,.T.);
#13202 = EDGE_CURVE('',#13195,#13123,#13203,.T.);
#13203 = CIRCLE('',#13204,0.8);
#13204 = AXIS2_PLACEMENT_3D('',#13205,#13206,#13207);
#13205 = CARTESIAN_POINT('',(86.8,127.2,10.8));
#13206 = DIRECTION('',(0.,1.,-0.));
#13207 = DIRECTION('',(-1.,0.,0.));
#13208 = ORIENTED_EDGE('',*,*,#13122,.F.);
#13209 = CYLINDRICAL_SURFACE('',#13210,0.8);
#13210 = AXIS2_PLACEMENT_3D('',#13211,#13212,#13213);
#13211 = CARTESIAN_POINT('',(86.8,93.,10.8));
#13212 = DIRECTION('',(0.,1.,0.));
#13213 = DIRECTION('',(-1.,0.,0.));
#13214 = ADVANCED_FACE('',(#13215),#13242,.T.);
#13215 = FACE_BOUND('',#13216,.T.);
#13216 = EDGE_LOOP('',(#13217,#13226,#13234,#13241));
#13217 = ORIENTED_EDGE('',*,*,#13218,.F.);
#13218 = EDGE_CURVE('',#13219,#13115,#13221,.T.);
#13219 = VERTEX_POINT('',#13220);
#13220 = CARTESIAN_POINT('',(86.8,93.8,12.));
#13221 = CIRCLE('',#13222,0.8);
#13222 = AXIS2_PLACEMENT_3D('',#13223,#13224,#13225);
#13223 = CARTESIAN_POINT('',(86.8,93.8,11.2));
#13224 = DIRECTION('',(0.,-1.,0.));
#13225 = DIRECTION('',(-1.,0.,0.));
#13226 = ORIENTED_EDGE('',*,*,#13227,.T.);
#13227 = EDGE_CURVE('',#13219,#13228,#13230,.T.);
#13228 = VERTEX_POINT('',#13229);
#13229 = CARTESIAN_POINT('',(86.8,127.2,12.));
#13230 = LINE('',#13231,#13232);
#13231 = CARTESIAN_POINT('',(86.8,93.,12.));
#13232 = VECTOR('',#13233,1.);
#13233 = DIRECTION('',(0.,1.,0.));
#13234 = ORIENTED_EDGE('',*,*,#13235,.F.);
#13235 = EDGE_CURVE('',#13131,#13228,#13236,.T.);
#13236 = CIRCLE('',#13237,0.8);
#13237 = AXIS2_PLACEMENT_3D('',#13238,#13239,#13240);
#13238 = CARTESIAN_POINT('',(86.8,127.2,11.2));
#13239 = DIRECTION('',(0.,1.,-0.));
#13240 = DIRECTION('',(-1.,0.,0.));
#13241 = ORIENTED_EDGE('',*,*,#13138,.F.);
#13242 = CYLINDRICAL_SURFACE('',#13243,0.8);
#13243 = AXIS2_PLACEMENT_3D('',#13244,#13245,#13246);
#13244 = CARTESIAN_POINT('',(86.8,93.,11.2));
#13245 = DIRECTION('',(0.,1.,0.));
#13246 = DIRECTION('',(-1.,0.,0.));
#13247 = ADVANCED_FACE('',(#13248),#13275,.T.);
#13248 = FACE_BOUND('',#13249,.F.);
#13249 = EDGE_LOOP('',(#13250,#13251,#13260,#13268));
#13250 = ORIENTED_EDGE('',*,*,#13130,.F.);
#13251 = ORIENTED_EDGE('',*,*,#13252,.T.);
#13252 = EDGE_CURVE('',#13123,#13253,#13255,.T.);
#13253 = VERTEX_POINT('',#13254);
#13254 = CARTESIAN_POINT('',(86.8,128.,10.8));
#13255 = CIRCLE('',#13256,0.8);
#13256 = AXIS2_PLACEMENT_3D('',#13257,#13258,#13259);
#13257 = CARTESIAN_POINT('',(86.8,127.2,10.8));
#13258 = DIRECTION('',(0.,0.,-1.));
#13259 = DIRECTION('',(-1.,0.,0.));
#13260 = ORIENTED_EDGE('',*,*,#13261,.T.);
#13261 = EDGE_CURVE('',#13253,#13262,#13264,.T.);
#13262 = VERTEX_POINT('',#13263);
#13263 = CARTESIAN_POINT('',(86.8,128.,11.2));
#13264 = LINE('',#13265,#13266);
#13265 = CARTESIAN_POINT('',(86.8,128.,10.));
#13266 = VECTOR('',#13267,1.);
#13267 = DIRECTION('',(0.,0.,1.));
#13268 = ORIENTED_EDGE('',*,*,#13269,.T.);
#13269 = EDGE_CURVE('',#13262,#13131,#13270,.T.);
#13270 = CIRCLE('',#13271,0.8);
#13271 = AXIS2_PLACEMENT_3D('',#13272,#13273,#13274);
#13272 = CARTESIAN_POINT('',(86.8,127.2,11.2));
#13273 = DIRECTION('',(0.,0.,1.));
#13274 = DIRECTION('',(-1.,0.,0.));
#13275 = CYLINDRICAL_SURFACE('',#13276,0.8);
#13276 = AXIS2_PLACEMENT_3D('',#13277,#13278,#13279);
#13277 = CARTESIAN_POINT('',(86.8,127.2,10.));
#13278 = DIRECTION('',(0.,0.,1.));
#13279 = DIRECTION('',(-1.,0.,0.));
#13280 = ADVANCED_FACE('',(#13281),#13292,.T.);
#13281 = FACE_BOUND('',#13282,.T.);
#13282 = EDGE_LOOP('',(#13283,#13284,#13291));
#13283 = ORIENTED_EDGE('',*,*,#13185,.F.);
#13284 = ORIENTED_EDGE('',*,*,#13285,.T.);
#13285 = EDGE_CURVE('',#13186,#13154,#13286,.T.);
#13286 = CIRCLE('',#13287,0.8);
#13287 = AXIS2_PLACEMENT_3D('',#13288,#13289,#13290);
#13288 = CARTESIAN_POINT('',(86.8,93.8,10.8));
#13289 = DIRECTION('',(-1.,6.123233995737E-17,0.));
#13290 = DIRECTION('',(-6.123233995737E-17,-1.,0.));
#13291 = ORIENTED_EDGE('',*,*,#13153,.F.);
#13292 = SPHERICAL_SURFACE('',#13293,0.8);
#13293 = AXIS2_PLACEMENT_3D('',#13294,#13295,#13296);
#13294 = CARTESIAN_POINT('',(86.8,93.8,10.8));
#13295 = DIRECTION('',(0.,0.,1.));
#13296 = DIRECTION('',(-1.,0.,0.));
#13297 = ADVANCED_FACE('',(#13298),#13309,.T.);
#13298 = FACE_BOUND('',#13299,.F.);
#13299 = EDGE_LOOP('',(#13300,#13301,#13308));
#13300 = ORIENTED_EDGE('',*,*,#13218,.F.);
#13301 = ORIENTED_EDGE('',*,*,#13302,.T.);
#13302 = EDGE_CURVE('',#13219,#13163,#13303,.T.);
#13303 = CIRCLE('',#13304,0.8);
#13304 = AXIS2_PLACEMENT_3D('',#13305,#13306,#13307);
#13305 = CARTESIAN_POINT('',(86.8,93.8,11.2));
#13306 = DIRECTION('',(1.,-6.123233995737E-17,0.));
#13307 = DIRECTION('',(-6.123233995737E-17,-1.,0.));
#13308 = ORIENTED_EDGE('',*,*,#13170,.F.);
#13309 = SPHERICAL_SURFACE('',#13310,0.8);
#13310 = AXIS2_PLACEMENT_3D('',#13311,#13312,#13313);
#13311 = CARTESIAN_POINT('',(86.8,93.8,11.2));
#13312 = DIRECTION('',(-0.,-0.,-1.));
#13313 = DIRECTION('',(-1.,0.,0.));
#13314 = ADVANCED_FACE('',(#13315),#13340,.F.);
#13315 = FACE_BOUND('',#13316,.F.);
#13316 = EDGE_LOOP('',(#13317,#13318,#13326,#13334));
#13317 = ORIENTED_EDGE('',*,*,#13162,.T.);
#13318 = ORIENTED_EDGE('',*,*,#13319,.T.);
#13319 = EDGE_CURVE('',#13163,#13320,#13322,.T.);
#13320 = VERTEX_POINT('',#13321);
#13321 = CARTESIAN_POINT('',(91.2,93.,11.2));
#13322 = LINE('',#13323,#13324);
#13323 = CARTESIAN_POINT('',(86.,93.,11.2));
#13324 = VECTOR('',#13325,1.);
#13325 = DIRECTION('',(1.,0.,0.));
#13326 = ORIENTED_EDGE('',*,*,#13327,.F.);
#13327 = EDGE_CURVE('',#13328,#13320,#13330,.T.);
#13328 = VERTEX_POINT('',#13329);
#13329 = CARTESIAN_POINT('',(91.2,93.,10.8));
#13330 = LINE('',#13331,#13332);
#13331 = CARTESIAN_POINT('',(91.2,93.,10.));
#13332 = VECTOR('',#13333,1.);
#13333 = DIRECTION('',(0.,0.,1.));
#13334 = ORIENTED_EDGE('',*,*,#13335,.F.);
#13335 = EDGE_CURVE('',#13154,#13328,#13336,.T.);
#13336 = LINE('',#13337,#13338);
#13337 = CARTESIAN_POINT('',(86.,93.,10.8));
#13338 = VECTOR('',#13339,1.);
#13339 = DIRECTION('',(1.,0.,0.));
#13340 = PLANE('',#13341);
#13341 = AXIS2_PLACEMENT_3D('',#13342,#13343,#13344);
#13342 = CARTESIAN_POINT('',(86.,93.,10.));
#13343 = DIRECTION('',(0.,1.,0.));
#13344 = DIRECTION('',(0.,0.,1.));
#13345 = ADVANCED_FACE('',(#13346),#13371,.F.);
#13346 = FACE_BOUND('',#13347,.F.);
#13347 = EDGE_LOOP('',(#13348,#13349,#13357,#13365));
#13348 = ORIENTED_EDGE('',*,*,#13194,.F.);
#13349 = ORIENTED_EDGE('',*,*,#13350,.T.);
#13350 = EDGE_CURVE('',#13186,#13351,#13353,.T.);
#13351 = VERTEX_POINT('',#13352);
#13352 = CARTESIAN_POINT('',(91.2,93.8,10.));
#13353 = LINE('',#13354,#13355);
#13354 = CARTESIAN_POINT('',(86.,93.8,10.));
#13355 = VECTOR('',#13356,1.);
#13356 = DIRECTION('',(1.,0.,0.));
#13357 = ORIENTED_EDGE('',*,*,#13358,.T.);
#13358 = EDGE_CURVE('',#13351,#13359,#13361,.T.);
#13359 = VERTEX_POINT('',#13360);
#13360 = CARTESIAN_POINT('',(91.2,127.2,10.));
#13361 = LINE('',#13362,#13363);
#13362 = CARTESIAN_POINT('',(91.2,93.,10.));
#13363 = VECTOR('',#13364,1.);
#13364 = DIRECTION('',(0.,1.,0.));
#13365 = ORIENTED_EDGE('',*,*,#13366,.F.);
#13366 = EDGE_CURVE('',#13195,#13359,#13367,.T.);
#13367 = LINE('',#13368,#13369);
#13368 = CARTESIAN_POINT('',(86.,127.2,10.));
#13369 = VECTOR('',#13370,1.);
#13370 = DIRECTION('',(1.,0.,0.));
#13371 = PLANE('',#13372);
#13372 = AXIS2_PLACEMENT_3D('',#13373,#13374,#13375);
#13373 = CARTESIAN_POINT('',(86.,93.,10.));
#13374 = DIRECTION('',(0.,0.,1.));
#13375 = DIRECTION('',(1.,0.,0.));
#13376 = ADVANCED_FACE('',(#13377),#13388,.T.);
#13377 = FACE_BOUND('',#13378,.F.);
#13378 = EDGE_LOOP('',(#13379,#13380,#13387));
#13379 = ORIENTED_EDGE('',*,*,#13202,.F.);
#13380 = ORIENTED_EDGE('',*,*,#13381,.T.);
#13381 = EDGE_CURVE('',#13195,#13253,#13382,.T.);
#13382 = CIRCLE('',#13383,0.8);
#13383 = AXIS2_PLACEMENT_3D('',#13384,#13385,#13386);
#13384 = CARTESIAN_POINT('',(86.8,127.2,10.8));
#13385 = DIRECTION('',(1.,6.123233995737E-17,-0.));
#13386 = DIRECTION('',(-6.123233995737E-17,1.,0.));
#13387 = ORIENTED_EDGE('',*,*,#13252,.F.);
#13388 = SPHERICAL_SURFACE('',#13389,0.8);
#13389 = AXIS2_PLACEMENT_3D('',#13390,#13391,#13392);
#13390 = CARTESIAN_POINT('',(86.8,127.2,10.8));
#13391 = DIRECTION('',(0.,0.,1.));
#13392 = DIRECTION('',(-1.,0.,0.));
#13393 = ADVANCED_FACE('',(#13394),#13419,.T.);
#13394 = FACE_BOUND('',#13395,.T.);
#13395 = EDGE_LOOP('',(#13396,#13397,#13405,#13413));
#13396 = ORIENTED_EDGE('',*,*,#13227,.F.);
#13397 = ORIENTED_EDGE('',*,*,#13398,.T.);
#13398 = EDGE_CURVE('',#13219,#13399,#13401,.T.);
#13399 = VERTEX_POINT('',#13400);
#13400 = CARTESIAN_POINT('',(91.2,93.8,12.));
#13401 = LINE('',#13402,#13403);
#13402 = CARTESIAN_POINT('',(86.,93.8,12.));
#13403 = VECTOR('',#13404,1.);
#13404 = DIRECTION('',(1.,0.,0.));
#13405 = ORIENTED_EDGE('',*,*,#13406,.T.);
#13406 = EDGE_CURVE('',#13399,#13407,#13409,.T.);
#13407 = VERTEX_POINT('',#13408);
#13408 = CARTESIAN_POINT('',(91.2,127.2,12.));
#13409 = LINE('',#13410,#13411);
#13410 = CARTESIAN_POINT('',(91.2,93.,12.));
#13411 = VECTOR('',#13412,1.);
#13412 = DIRECTION('',(0.,1.,0.));
#13413 = ORIENTED_EDGE('',*,*,#13414,.F.);
#13414 = EDGE_CURVE('',#13228,#13407,#13415,.T.);
#13415 = LINE('',#13416,#13417);
#13416 = CARTESIAN_POINT('',(86.,127.2,12.));
#13417 = VECTOR('',#13418,1.);
#13418 = DIRECTION('',(1.,0.,0.));
#13419 = PLANE('',#13420);
#13420 = AXIS2_PLACEMENT_3D('',#13421,#13422,#13423);
#13421 = CARTESIAN_POINT('',(86.,93.,12.));
#13422 = DIRECTION('',(0.,0.,1.));
#13423 = DIRECTION('',(1.,0.,0.));
#13424 = ADVANCED_FACE('',(#13425),#13436,.T.);
#13425 = FACE_BOUND('',#13426,.F.);
#13426 = EDGE_LOOP('',(#13427,#13428,#13435));
#13427 = ORIENTED_EDGE('',*,*,#13269,.F.);
#13428 = ORIENTED_EDGE('',*,*,#13429,.T.);
#13429 = EDGE_CURVE('',#13262,#13228,#13430,.T.);
#13430 = CIRCLE('',#13431,0.8);
#13431 = AXIS2_PLACEMENT_3D('',#13432,#13433,#13434);
#13432 = CARTESIAN_POINT('',(86.8,127.2,11.2));
#13433 = DIRECTION('',(1.,0.,6.123233995737E-17));
#13434 = DIRECTION('',(-6.123233995737E-17,0.,1.));
#13435 = ORIENTED_EDGE('',*,*,#13235,.F.);
#13436 = SPHERICAL_SURFACE('',#13437,0.8);
#13437 = AXIS2_PLACEMENT_3D('',#13438,#13439,#13440);
#13438 = CARTESIAN_POINT('',(86.8,127.2,11.2));
#13439 = DIRECTION('',(0.,-1.,0.));
#13440 = DIRECTION('',(-1.,0.,0.));
#13441 = ADVANCED_FACE('',(#13442),#13467,.T.);
#13442 = FACE_BOUND('',#13443,.T.);
#13443 = EDGE_LOOP('',(#13444,#13445,#13453,#13461));
#13444 = ORIENTED_EDGE('',*,*,#13261,.T.);
#13445 = ORIENTED_EDGE('',*,*,#13446,.T.);
#13446 = EDGE_CURVE('',#13262,#13447,#13449,.T.);
#13447 = VERTEX_POINT('',#13448);
#13448 = CARTESIAN_POINT('',(91.2,128.,11.2));
#13449 = LINE('',#13450,#13451);
#13450 = CARTESIAN_POINT('',(86.,128.,11.2));
#13451 = VECTOR('',#13452,1.);
#13452 = DIRECTION('',(1.,0.,0.));
#13453 = ORIENTED_EDGE('',*,*,#13454,.F.);
#13454 = EDGE_CURVE('',#13455,#13447,#13457,.T.);
#13455 = VERTEX_POINT('',#13456);
#13456 = CARTESIAN_POINT('',(91.2,128.,10.8));
#13457 = LINE('',#13458,#13459);
#13458 = CARTESIAN_POINT('',(91.2,128.,10.));
#13459 = VECTOR('',#13460,1.);
#13460 = DIRECTION('',(0.,0.,1.));
#13461 = ORIENTED_EDGE('',*,*,#13462,.F.);
#13462 = EDGE_CURVE('',#13253,#13455,#13463,.T.);
#13463 = LINE('',#13464,#13465);
#13464 = CARTESIAN_POINT('',(86.,128.,10.8));
#13465 = VECTOR('',#13466,1.);
#13466 = DIRECTION('',(1.,0.,0.));
#13467 = PLANE('',#13468);
#13468 = AXIS2_PLACEMENT_3D('',#13469,#13470,#13471);
#13469 = CARTESIAN_POINT('',(86.,128.,10.));
#13470 = DIRECTION('',(0.,1.,0.));
#13471 = DIRECTION('',(0.,0.,1.));
#13472 = ADVANCED_FACE('',(#13473),#13485,.T.);
#13473 = FACE_BOUND('',#13474,.T.);
#13474 = EDGE_LOOP('',(#13475,#13476,#13477,#13484));
#13475 = ORIENTED_EDGE('',*,*,#13285,.F.);
#13476 = ORIENTED_EDGE('',*,*,#13350,.T.);
#13477 = ORIENTED_EDGE('',*,*,#13478,.T.);
#13478 = EDGE_CURVE('',#13351,#13328,#13479,.T.);
#13479 = CIRCLE('',#13480,0.8);
#13480 = AXIS2_PLACEMENT_3D('',#13481,#13482,#13483);
#13481 = CARTESIAN_POINT('',(91.2,93.8,10.8));
#13482 = DIRECTION('',(-1.,-6.123233995737E-17,0.));
#13483 = DIRECTION('',(6.123233995737E-17,-1.,0.));
#13484 = ORIENTED_EDGE('',*,*,#13335,.F.);
#13485 = CYLINDRICAL_SURFACE('',#13486,0.8);
#13486 = AXIS2_PLACEMENT_3D('',#13487,#13488,#13489);
#13487 = CARTESIAN_POINT('',(86.,93.8,10.8));
#13488 = DIRECTION('',(1.,0.,0.));
#13489 = DIRECTION('',(0.,-1.,0.));
#13490 = ADVANCED_FACE('',(#13491),#13503,.T.);
#13491 = FACE_BOUND('',#13492,.F.);
#13492 = EDGE_LOOP('',(#13493,#13494,#13495,#13502));
#13493 = ORIENTED_EDGE('',*,*,#13302,.F.);
#13494 = ORIENTED_EDGE('',*,*,#13398,.T.);
#13495 = ORIENTED_EDGE('',*,*,#13496,.T.);
#13496 = EDGE_CURVE('',#13399,#13320,#13497,.T.);
#13497 = CIRCLE('',#13498,0.8);
#13498 = AXIS2_PLACEMENT_3D('',#13499,#13500,#13501);
#13499 = CARTESIAN_POINT('',(91.2,93.8,11.2));
#13500 = DIRECTION('',(1.,6.123233995737E-17,0.));
#13501 = DIRECTION('',(6.123233995737E-17,-1.,0.));
#13502 = ORIENTED_EDGE('',*,*,#13319,.F.);
#13503 = CYLINDRICAL_SURFACE('',#13504,0.8);
#13504 = AXIS2_PLACEMENT_3D('',#13505,#13506,#13507);
#13505 = CARTESIAN_POINT('',(86.,93.8,11.2));
#13506 = DIRECTION('',(1.,0.,0.));
#13507 = DIRECTION('',(0.,-1.,0.));
#13508 = ADVANCED_FACE('',(#13509),#13536,.T.);
#13509 = FACE_BOUND('',#13510,.F.);
#13510 = EDGE_LOOP('',(#13511,#13521,#13528,#13529));
#13511 = ORIENTED_EDGE('',*,*,#13512,.F.);
#13512 = EDGE_CURVE('',#13513,#13515,#13517,.T.);
#13513 = VERTEX_POINT('',#13514);
#13514 = CARTESIAN_POINT('',(92.,93.8,10.8));
#13515 = VERTEX_POINT('',#13516);
#13516 = CARTESIAN_POINT('',(92.,93.8,11.2));
#13517 = LINE('',#13518,#13519);
#13518 = CARTESIAN_POINT('',(92.,93.8,10.));
#13519 = VECTOR('',#13520,1.);
#13520 = DIRECTION('',(0.,0.,1.));
#13521 = ORIENTED_EDGE('',*,*,#13522,.T.);
#13522 = EDGE_CURVE('',#13513,#13328,#13523,.T.);
#13523 = CIRCLE('',#13524,0.8);
#13524 = AXIS2_PLACEMENT_3D('',#13525,#13526,#13527);
#13525 = CARTESIAN_POINT('',(91.2,93.8,10.8));
#13526 = DIRECTION('',(0.,0.,-1.));
#13527 = DIRECTION('',(1.,0.,0.));
#13528 = ORIENTED_EDGE('',*,*,#13327,.T.);
#13529 = ORIENTED_EDGE('',*,*,#13530,.F.);
#13530 = EDGE_CURVE('',#13515,#13320,#13531,.T.);
#13531 = CIRCLE('',#13532,0.8);
#13532 = AXIS2_PLACEMENT_3D('',#13533,#13534,#13535);
#13533 = CARTESIAN_POINT('',(91.2,93.8,11.2));
#13534 = DIRECTION('',(0.,0.,-1.));
#13535 = DIRECTION('',(1.,0.,0.));
#13536 = CYLINDRICAL_SURFACE('',#13537,0.8);
#13537 = AXIS2_PLACEMENT_3D('',#13538,#13539,#13540);
#13538 = CARTESIAN_POINT('',(91.2,93.8,10.));
#13539 = DIRECTION('',(0.,0.,1.));
#13540 = DIRECTION('',(1.,0.,0.));
#13541 = ADVANCED_FACE('',(#13542),#13554,.T.);
#13542 = FACE_BOUND('',#13543,.F.);
#13543 = EDGE_LOOP('',(#13544,#13545,#13546,#13553));
#13544 = ORIENTED_EDGE('',*,*,#13381,.F.);
#13545 = ORIENTED_EDGE('',*,*,#13366,.T.);
#13546 = ORIENTED_EDGE('',*,*,#13547,.T.);
#13547 = EDGE_CURVE('',#13359,#13455,#13548,.T.);
#13548 = CIRCLE('',#13549,0.8);
#13549 = AXIS2_PLACEMENT_3D('',#13550,#13551,#13552);
#13550 = CARTESIAN_POINT('',(91.2,127.2,10.8));
#13551 = DIRECTION('',(1.,-6.123233995737E-17,0.));
#13552 = DIRECTION('',(6.123233995737E-17,1.,0.));
#13553 = ORIENTED_EDGE('',*,*,#13462,.F.);
#13554 = CYLINDRICAL_SURFACE('',#13555,0.8);
#13555 = AXIS2_PLACEMENT_3D('',#13556,#13557,#13558);
#13556 = CARTESIAN_POINT('',(86.,127.2,10.8));
#13557 = DIRECTION('',(1.,0.,0.));
#13558 = DIRECTION('',(0.,1.,0.));
#13559 = ADVANCED_FACE('',(#13560),#13585,.T.);
#13560 = FACE_BOUND('',#13561,.T.);
#13561 = EDGE_LOOP('',(#13562,#13569,#13570,#13579));
#13562 = ORIENTED_EDGE('',*,*,#13563,.F.);
#13563 = EDGE_CURVE('',#13351,#13513,#13564,.T.);
#13564 = CIRCLE('',#13565,0.8);
#13565 = AXIS2_PLACEMENT_3D('',#13566,#13567,#13568);
#13566 = CARTESIAN_POINT('',(91.2,93.8,10.8));
#13567 = DIRECTION('',(0.,-1.,0.));
#13568 = DIRECTION('',(1.,0.,0.));
#13569 = ORIENTED_EDGE('',*,*,#13358,.T.);
#13570 = ORIENTED_EDGE('',*,*,#13571,.T.);
#13571 = EDGE_CURVE('',#13359,#13572,#13574,.T.);
#13572 = VERTEX_POINT('',#13573);
#13573 = CARTESIAN_POINT('',(92.,127.2,10.8));
#13574 = CIRCLE('',#13575,0.8);
#13575 = AXIS2_PLACEMENT_3D('',#13576,#13577,#13578);
#13576 = CARTESIAN_POINT('',(91.2,127.2,10.8));
#13577 = DIRECTION('',(0.,-1.,0.));
#13578 = DIRECTION('',(1.,0.,0.));
#13579 = ORIENTED_EDGE('',*,*,#13580,.F.);
#13580 = EDGE_CURVE('',#13513,#13572,#13581,.T.);
#13581 = LINE('',#13582,#13583);
#13582 = CARTESIAN_POINT('',(92.,93.,10.8));
#13583 = VECTOR('',#13584,1.);
#13584 = DIRECTION('',(0.,1.,0.));
#13585 = CYLINDRICAL_SURFACE('',#13586,0.8);
#13586 = AXIS2_PLACEMENT_3D('',#13587,#13588,#13589);
#13587 = CARTESIAN_POINT('',(91.2,93.,10.8));
#13588 = DIRECTION('',(0.,1.,0.));
#13589 = DIRECTION('',(1.,0.,0.));
#13590 = ADVANCED_FACE('',(#13591),#13603,.T.);
#13591 = FACE_BOUND('',#13592,.T.);
#13592 = EDGE_LOOP('',(#13593,#13594,#13595,#13602));
#13593 = ORIENTED_EDGE('',*,*,#13429,.T.);
#13594 = ORIENTED_EDGE('',*,*,#13414,.T.);
#13595 = ORIENTED_EDGE('',*,*,#13596,.F.);
#13596 = EDGE_CURVE('',#13447,#13407,#13597,.T.);
#13597 = CIRCLE('',#13598,0.8);
#13598 = AXIS2_PLACEMENT_3D('',#13599,#13600,#13601);
#13599 = CARTESIAN_POINT('',(91.2,127.2,11.2));
#13600 = DIRECTION('',(1.,0.,-6.123233995737E-17));
#13601 = DIRECTION('',(6.123233995737E-17,0.,1.));
#13602 = ORIENTED_EDGE('',*,*,#13446,.F.);
#13603 = CYLINDRICAL_SURFACE('',#13604,0.8);
#13604 = AXIS2_PLACEMENT_3D('',#13605,#13606,#13607);
#13605 = CARTESIAN_POINT('',(86.,127.2,11.2));
#13606 = DIRECTION('',(1.,0.,0.));
#13607 = DIRECTION('',(0.,1.,0.));
#13608 = ADVANCED_FACE('',(#13609),#13634,.T.);
#13609 = FACE_BOUND('',#13610,.F.);
#13610 = EDGE_LOOP('',(#13611,#13618,#13619,#13628));
#13611 = ORIENTED_EDGE('',*,*,#13612,.F.);
#13612 = EDGE_CURVE('',#13399,#13515,#13613,.T.);
#13613 = CIRCLE('',#13614,0.8);
#13614 = AXIS2_PLACEMENT_3D('',#13615,#13616,#13617);
#13615 = CARTESIAN_POINT('',(91.2,93.8,11.2));
#13616 = DIRECTION('',(-0.,1.,0.));
#13617 = DIRECTION('',(1.,0.,0.));
#13618 = ORIENTED_EDGE('',*,*,#13406,.T.);
#13619 = ORIENTED_EDGE('',*,*,#13620,.F.);
#13620 = EDGE_CURVE('',#13621,#13407,#13623,.T.);
#13621 = VERTEX_POINT('',#13622);
#13622 = CARTESIAN_POINT('',(92.,127.2,11.2));
#13623 = CIRCLE('',#13624,0.8);
#13624 = AXIS2_PLACEMENT_3D('',#13625,#13626,#13627);
#13625 = CARTESIAN_POINT('',(91.2,127.2,11.2));
#13626 = DIRECTION('',(0.,-1.,0.));
#13627 = DIRECTION('',(1.,0.,0.));
#13628 = ORIENTED_EDGE('',*,*,#13629,.F.);
#13629 = EDGE_CURVE('',#13515,#13621,#13630,.T.);
#13630 = LINE('',#13631,#13632);
#13631 = CARTESIAN_POINT('',(92.,93.,11.2));
#13632 = VECTOR('',#13633,1.);
#13633 = DIRECTION('',(0.,1.,0.));
#13634 = CYLINDRICAL_SURFACE('',#13635,0.8);
#13635 = AXIS2_PLACEMENT_3D('',#13636,#13637,#13638);
#13636 = CARTESIAN_POINT('',(91.2,93.,11.2));
#13637 = DIRECTION('',(0.,1.,0.));
#13638 = DIRECTION('',(1.,0.,0.));
#13639 = ADVANCED_FACE('',(#13640),#13663,.T.);
#13640 = FACE_BOUND('',#13641,.T.);
#13641 = EDGE_LOOP('',(#13642,#13648,#13655,#13656));
#13642 = ORIENTED_EDGE('',*,*,#13643,.F.);
#13643 = EDGE_CURVE('',#13572,#13621,#13644,.T.);
#13644 = LINE('',#13645,#13646);
#13645 = CARTESIAN_POINT('',(92.,127.2,10.));
#13646 = VECTOR('',#13647,1.);
#13647 = DIRECTION('',(0.,0.,1.));
#13648 = ORIENTED_EDGE('',*,*,#13649,.T.);
#13649 = EDGE_CURVE('',#13572,#13455,#13650,.T.);
#13650 = CIRCLE('',#13651,0.8);
#13651 = AXIS2_PLACEMENT_3D('',#13652,#13653,#13654);
#13652 = CARTESIAN_POINT('',(91.2,127.2,10.8));
#13653 = DIRECTION('',(0.,0.,1.));
#13654 = DIRECTION('',(1.,0.,0.));
#13655 = ORIENTED_EDGE('',*,*,#13454,.T.);
#13656 = ORIENTED_EDGE('',*,*,#13657,.T.);
#13657 = EDGE_CURVE('',#13447,#13621,#13658,.T.);
#13658 = CIRCLE('',#13659,0.8);
#13659 = AXIS2_PLACEMENT_3D('',#13660,#13661,#13662);
#13660 = CARTESIAN_POINT('',(91.2,127.2,11.2));
#13661 = DIRECTION('',(0.,0.,-1.));
#13662 = DIRECTION('',(1.,0.,0.));
#13663 = CYLINDRICAL_SURFACE('',#13664,0.8);
#13664 = AXIS2_PLACEMENT_3D('',#13665,#13666,#13667);
#13665 = CARTESIAN_POINT('',(91.2,127.2,10.));
#13666 = DIRECTION('',(0.,0.,1.));
#13667 = DIRECTION('',(1.,0.,0.));
#13668 = ADVANCED_FACE('',(#13669),#13674,.T.);
#13669 = FACE_BOUND('',#13670,.F.);
#13670 = EDGE_LOOP('',(#13671,#13672,#13673));
#13671 = ORIENTED_EDGE('',*,*,#13563,.F.);
#13672 = ORIENTED_EDGE('',*,*,#13478,.T.);
#13673 = ORIENTED_EDGE('',*,*,#13522,.F.);
#13674 = SPHERICAL_SURFACE('',#13675,0.8);
#13675 = AXIS2_PLACEMENT_3D('',#13676,#13677,#13678);
#13676 = CARTESIAN_POINT('',(91.2,93.8,10.8));
#13677 = DIRECTION('',(0.,0.,1.));
#13678 = DIRECTION('',(1.,0.,0.));
#13679 = ADVANCED_FACE('',(#13680),#13685,.T.);
#13680 = FACE_BOUND('',#13681,.T.);
#13681 = EDGE_LOOP('',(#13682,#13683,#13684));
#13682 = ORIENTED_EDGE('',*,*,#13612,.F.);
#13683 = ORIENTED_EDGE('',*,*,#13496,.T.);
#13684 = ORIENTED_EDGE('',*,*,#13530,.F.);
#13685 = SPHERICAL_SURFACE('',#13686,0.8);
#13686 = AXIS2_PLACEMENT_3D('',#13687,#13688,#13689);
#13687 = CARTESIAN_POINT('',(91.2,93.8,11.2));
#13688 = DIRECTION('',(-0.,-0.,-1.));
#13689 = DIRECTION('',(1.,0.,0.));
#13690 = ADVANCED_FACE('',(#13691),#13697,.T.);
#13691 = FACE_BOUND('',#13692,.T.);
#13692 = EDGE_LOOP('',(#13693,#13694,#13695,#13696));
#13693 = ORIENTED_EDGE('',*,*,#13512,.F.);
#13694 = ORIENTED_EDGE('',*,*,#13580,.T.);
#13695 = ORIENTED_EDGE('',*,*,#13643,.T.);
#13696 = ORIENTED_EDGE('',*,*,#13629,.F.);
#13697 = PLANE('',#13698);
#13698 = AXIS2_PLACEMENT_3D('',#13699,#13700,#13701);
#13699 = CARTESIAN_POINT('',(92.,93.,10.));
#13700 = DIRECTION('',(1.,0.,0.));
#13701 = DIRECTION('',(0.,0.,1.));
#13702 = ADVANCED_FACE('',(#13703),#13708,.T.);
#13703 = FACE_BOUND('',#13704,.T.);
#13704 = EDGE_LOOP('',(#13705,#13706,#13707));
#13705 = ORIENTED_EDGE('',*,*,#13571,.F.);
#13706 = ORIENTED_EDGE('',*,*,#13547,.T.);
#13707 = ORIENTED_EDGE('',*,*,#13649,.F.);
#13708 = SPHERICAL_SURFACE('',#13709,0.8);
#13709 = AXIS2_PLACEMENT_3D('',#13710,#13711,#13712);
#13710 = CARTESIAN_POINT('',(91.2,127.2,10.8));
#13711 = DIRECTION('',(0.,0.,1.));
#13712 = DIRECTION('',(1.,0.,0.));
#13713 = ADVANCED_FACE('',(#13714),#13719,.T.);
#13714 = FACE_BOUND('',#13715,.T.);
#13715 = EDGE_LOOP('',(#13716,#13717,#13718));
#13716 = ORIENTED_EDGE('',*,*,#13657,.F.);
#13717 = ORIENTED_EDGE('',*,*,#13596,.T.);
#13718 = ORIENTED_EDGE('',*,*,#13620,.F.);
#13719 = SPHERICAL_SURFACE('',#13720,0.8);
#13720 = AXIS2_PLACEMENT_3D('',#13721,#13722,#13723);
#13721 = CARTESIAN_POINT('',(91.2,127.2,11.2));
#13722 = DIRECTION('',(0.,-1.,0.));
#13723 = DIRECTION('',(1.,0.,0.));
#13724 = MANIFOLD_SOLID_BREP('',#13725);
#13725 = CLOSED_SHELL('',(#13726,#13766,#13799,#13832,#13865,#13898,
    #13915,#13932,#13963,#13994,#14011,#14042,#14059,#14090,#14108,
    #14126,#14159,#14177,#14208,#14226,#14257,#14286,#14297,#14308,
    #14320,#14331));
#13726 = ADVANCED_FACE('',(#13727),#13761,.F.);
#13727 = FACE_BOUND('',#13728,.F.);
#13728 = EDGE_LOOP('',(#13729,#13739,#13747,#13755));
#13729 = ORIENTED_EDGE('',*,*,#13730,.F.);
#13730 = EDGE_CURVE('',#13731,#13733,#13735,.T.);
#13731 = VERTEX_POINT('',#13732);
#13732 = CARTESIAN_POINT('',(86.,18.8,8.8));
#13733 = VERTEX_POINT('',#13734);
#13734 = CARTESIAN_POINT('',(86.,18.8,9.2));
#13735 = LINE('',#13736,#13737);
#13736 = CARTESIAN_POINT('',(86.,18.8,8.));
#13737 = VECTOR('',#13738,1.);
#13738 = DIRECTION('',(0.,0.,1.));
#13739 = ORIENTED_EDGE('',*,*,#13740,.T.);
#13740 = EDGE_CURVE('',#13731,#13741,#13743,.T.);
#13741 = VERTEX_POINT('',#13742);
#13742 = CARTESIAN_POINT('',(86.,52.2,8.8));
#13743 = LINE('',#13744,#13745);
#13744 = CARTESIAN_POINT('',(86.,18.,8.8));
#13745 = VECTOR('',#13746,1.);
#13746 = DIRECTION('',(0.,1.,0.));
#13747 = ORIENTED_EDGE('',*,*,#13748,.T.);
#13748 = EDGE_CURVE('',#13741,#13749,#13751,.T.);
#13749 = VERTEX_POINT('',#13750);
#13750 = CARTESIAN_POINT('',(86.,52.2,9.2));
#13751 = LINE('',#13752,#13753);
#13752 = CARTESIAN_POINT('',(86.,52.2,8.));
#13753 = VECTOR('',#13754,1.);
#13754 = DIRECTION('',(0.,0.,1.));
#13755 = ORIENTED_EDGE('',*,*,#13756,.F.);
#13756 = EDGE_CURVE('',#13733,#13749,#13757,.T.);
#13757 = LINE('',#13758,#13759);
#13758 = CARTESIAN_POINT('',(86.,18.,9.2));
#13759 = VECTOR('',#13760,1.);
#13760 = DIRECTION('',(0.,1.,0.));
#13761 = PLANE('',#13762);
#13762 = AXIS2_PLACEMENT_3D('',#13763,#13764,#13765);
#13763 = CARTESIAN_POINT('',(86.,18.,8.));
#13764 = DIRECTION('',(1.,0.,0.));
#13765 = DIRECTION('',(0.,0.,1.));
#13766 = ADVANCED_FACE('',(#13767),#13794,.T.);
#13767 = FACE_BOUND('',#13768,.T.);
#13768 = EDGE_LOOP('',(#13769,#13770,#13779,#13787));
#13769 = ORIENTED_EDGE('',*,*,#13730,.F.);
#13770 = ORIENTED_EDGE('',*,*,#13771,.T.);
#13771 = EDGE_CURVE('',#13731,#13772,#13774,.T.);
#13772 = VERTEX_POINT('',#13773);
#13773 = CARTESIAN_POINT('',(86.8,18.,8.8));
#13774 = CIRCLE('',#13775,0.8);
#13775 = AXIS2_PLACEMENT_3D('',#13776,#13777,#13778);
#13776 = CARTESIAN_POINT('',(86.8,18.8,8.8));
#13777 = DIRECTION('',(0.,0.,1.));
#13778 = DIRECTION('',(-1.,0.,0.));
#13779 = ORIENTED_EDGE('',*,*,#13780,.T.);
#13780 = EDGE_CURVE('',#13772,#13781,#13783,.T.);
#13781 = VERTEX_POINT('',#13782);
#13782 = CARTESIAN_POINT('',(86.8,18.,9.2));
#13783 = LINE('',#13784,#13785);
#13784 = CARTESIAN_POINT('',(86.8,18.,8.));
#13785 = VECTOR('',#13786,1.);
#13786 = DIRECTION('',(0.,0.,1.));
#13787 = ORIENTED_EDGE('',*,*,#13788,.F.);
#13788 = EDGE_CURVE('',#13733,#13781,#13789,.T.);
#13789 = CIRCLE('',#13790,0.8);
#13790 = AXIS2_PLACEMENT_3D('',#13791,#13792,#13793);
#13791 = CARTESIAN_POINT('',(86.8,18.8,9.2));
#13792 = DIRECTION('',(0.,0.,1.));
#13793 = DIRECTION('',(-1.,0.,0.));
#13794 = CYLINDRICAL_SURFACE('',#13795,0.8);
#13795 = AXIS2_PLACEMENT_3D('',#13796,#13797,#13798);
#13796 = CARTESIAN_POINT('',(86.8,18.8,8.));
#13797 = DIRECTION('',(0.,0.,1.));
#13798 = DIRECTION('',(-1.,0.,0.));
#13799 = ADVANCED_FACE('',(#13800),#13827,.T.);
#13800 = FACE_BOUND('',#13801,.F.);
#13801 = EDGE_LOOP('',(#13802,#13811,#13819,#13826));
#13802 = ORIENTED_EDGE('',*,*,#13803,.F.);
#13803 = EDGE_CURVE('',#13804,#13731,#13806,.T.);
#13804 = VERTEX_POINT('',#13805);
#13805 = CARTESIAN_POINT('',(86.8,18.8,8.));
#13806 = CIRCLE('',#13807,0.8);
#13807 = AXIS2_PLACEMENT_3D('',#13808,#13809,#13810);
#13808 = CARTESIAN_POINT('',(86.8,18.8,8.8));
#13809 = DIRECTION('',(0.,1.,-0.));
#13810 = DIRECTION('',(-1.,0.,0.));
#13811 = ORIENTED_EDGE('',*,*,#13812,.T.);
#13812 = EDGE_CURVE('',#13804,#13813,#13815,.T.);
#13813 = VERTEX_POINT('',#13814);
#13814 = CARTESIAN_POINT('',(86.8,52.2,8.));
#13815 = LINE('',#13816,#13817);
#13816 = CARTESIAN_POINT('',(86.8,18.,8.));
#13817 = VECTOR('',#13818,1.);
#13818 = DIRECTION('',(0.,1.,0.));
#13819 = ORIENTED_EDGE('',*,*,#13820,.T.);
#13820 = EDGE_CURVE('',#13813,#13741,#13821,.T.);
#13821 = CIRCLE('',#13822,0.8);
#13822 = AXIS2_PLACEMENT_3D('',#13823,#13824,#13825);
#13823 = CARTESIAN_POINT('',(86.8,52.2,8.8));
#13824 = DIRECTION('',(0.,1.,-0.));
#13825 = DIRECTION('',(-1.,0.,0.));
#13826 = ORIENTED_EDGE('',*,*,#13740,.F.);
#13827 = CYLINDRICAL_SURFACE('',#13828,0.8);
#13828 = AXIS2_PLACEMENT_3D('',#13829,#13830,#13831);
#13829 = CARTESIAN_POINT('',(86.8,18.,8.8));
#13830 = DIRECTION('',(0.,1.,0.));
#13831 = DIRECTION('',(-1.,0.,0.));
#13832 = ADVANCED_FACE('',(#13833),#13860,.T.);
#13833 = FACE_BOUND('',#13834,.T.);
#13834 = EDGE_LOOP('',(#13835,#13844,#13852,#13859));
#13835 = ORIENTED_EDGE('',*,*,#13836,.F.);
#13836 = EDGE_CURVE('',#13837,#13733,#13839,.T.);
#13837 = VERTEX_POINT('',#13838);
#13838 = CARTESIAN_POINT('',(86.8,18.8,10.));
#13839 = CIRCLE('',#13840,0.8);
#13840 = AXIS2_PLACEMENT_3D('',#13841,#13842,#13843);
#13841 = CARTESIAN_POINT('',(86.8,18.8,9.2));
#13842 = DIRECTION('',(0.,-1.,0.));
#13843 = DIRECTION('',(-1.,0.,0.));
#13844 = ORIENTED_EDGE('',*,*,#13845,.T.);
#13845 = EDGE_CURVE('',#13837,#13846,#13848,.T.);
#13846 = VERTEX_POINT('',#13847);
#13847 = CARTESIAN_POINT('',(86.8,52.2,10.));
#13848 = LINE('',#13849,#13850);
#13849 = CARTESIAN_POINT('',(86.8,18.,10.));
#13850 = VECTOR('',#13851,1.);
#13851 = DIRECTION('',(0.,1.,0.));
#13852 = ORIENTED_EDGE('',*,*,#13853,.F.);
#13853 = EDGE_CURVE('',#13749,#13846,#13854,.T.);
#13854 = CIRCLE('',#13855,0.8);
#13855 = AXIS2_PLACEMENT_3D('',#13856,#13857,#13858);
#13856 = CARTESIAN_POINT('',(86.8,52.2,9.2));
#13857 = DIRECTION('',(0.,1.,-0.));
#13858 = DIRECTION('',(-1.,0.,0.));
#13859 = ORIENTED_EDGE('',*,*,#13756,.F.);
#13860 = CYLINDRICAL_SURFACE('',#13861,0.8);
#13861 = AXIS2_PLACEMENT_3D('',#13862,#13863,#13864);
#13862 = CARTESIAN_POINT('',(86.8,18.,9.2));
#13863 = DIRECTION('',(0.,1.,0.));
#13864 = DIRECTION('',(-1.,0.,0.));
#13865 = ADVANCED_FACE('',(#13866),#13893,.T.);
#13866 = FACE_BOUND('',#13867,.F.);
#13867 = EDGE_LOOP('',(#13868,#13869,#13878,#13886));
#13868 = ORIENTED_EDGE('',*,*,#13748,.F.);
#13869 = ORIENTED_EDGE('',*,*,#13870,.T.);
#13870 = EDGE_CURVE('',#13741,#13871,#13873,.T.);
#13871 = VERTEX_POINT('',#13872);
#13872 = CARTESIAN_POINT('',(86.8,53.,8.8));
#13873 = CIRCLE('',#13874,0.8);
#13874 = AXIS2_PLACEMENT_3D('',#13875,#13876,#13877);
#13875 = CARTESIAN_POINT('',(86.8,52.2,8.8));
#13876 = DIRECTION('',(0.,0.,-1.));
#13877 = DIRECTION('',(-1.,0.,0.));
#13878 = ORIENTED_EDGE('',*,*,#13879,.T.);
#13879 = EDGE_CURVE('',#13871,#13880,#13882,.T.);
#13880 = VERTEX_POINT('',#13881);
#13881 = CARTESIAN_POINT('',(86.8,53.,9.2));
#13882 = LINE('',#13883,#13884);
#13883 = CARTESIAN_POINT('',(86.8,53.,8.));
#13884 = VECTOR('',#13885,1.);
#13885 = DIRECTION('',(0.,0.,1.));
#13886 = ORIENTED_EDGE('',*,*,#13887,.T.);
#13887 = EDGE_CURVE('',#13880,#13749,#13888,.T.);
#13888 = CIRCLE('',#13889,0.8);
#13889 = AXIS2_PLACEMENT_3D('',#13890,#13891,#13892);
#13890 = CARTESIAN_POINT('',(86.8,52.2,9.2));
#13891 = DIRECTION('',(0.,0.,1.));
#13892 = DIRECTION('',(-1.,0.,0.));
#13893 = CYLINDRICAL_SURFACE('',#13894,0.8);
#13894 = AXIS2_PLACEMENT_3D('',#13895,#13896,#13897);
#13895 = CARTESIAN_POINT('',(86.8,52.2,8.));
#13896 = DIRECTION('',(0.,0.,1.));
#13897 = DIRECTION('',(-1.,0.,0.));
#13898 = ADVANCED_FACE('',(#13899),#13910,.T.);
#13899 = FACE_BOUND('',#13900,.T.);
#13900 = EDGE_LOOP('',(#13901,#13902,#13909));
#13901 = ORIENTED_EDGE('',*,*,#13803,.F.);
#13902 = ORIENTED_EDGE('',*,*,#13903,.T.);
#13903 = EDGE_CURVE('',#13804,#13772,#13904,.T.);
#13904 = CIRCLE('',#13905,0.8);
#13905 = AXIS2_PLACEMENT_3D('',#13906,#13907,#13908);
#13906 = CARTESIAN_POINT('',(86.8,18.8,8.8));
#13907 = DIRECTION('',(-1.,6.123233995737E-17,0.));
#13908 = DIRECTION('',(-6.123233995737E-17,-1.,0.));
#13909 = ORIENTED_EDGE('',*,*,#13771,.F.);
#13910 = SPHERICAL_SURFACE('',#13911,0.8);
#13911 = AXIS2_PLACEMENT_3D('',#13912,#13913,#13914);
#13912 = CARTESIAN_POINT('',(86.8,18.8,8.8));
#13913 = DIRECTION('',(0.,0.,1.));
#13914 = DIRECTION('',(-1.,0.,0.));
#13915 = ADVANCED_FACE('',(#13916),#13927,.T.);
#13916 = FACE_BOUND('',#13917,.F.);
#13917 = EDGE_LOOP('',(#13918,#13919,#13926));
#13918 = ORIENTED_EDGE('',*,*,#13836,.F.);
#13919 = ORIENTED_EDGE('',*,*,#13920,.T.);
#13920 = EDGE_CURVE('',#13837,#13781,#13921,.T.);
#13921 = CIRCLE('',#13922,0.8);
#13922 = AXIS2_PLACEMENT_3D('',#13923,#13924,#13925);
#13923 = CARTESIAN_POINT('',(86.8,18.8,9.2));
#13924 = DIRECTION('',(1.,-6.123233995737E-17,0.));
#13925 = DIRECTION('',(-6.123233995737E-17,-1.,0.));
#13926 = ORIENTED_EDGE('',*,*,#13788,.F.);
#13927 = SPHERICAL_SURFACE('',#13928,0.8);
#13928 = AXIS2_PLACEMENT_3D('',#13929,#13930,#13931);
#13929 = CARTESIAN_POINT('',(86.8,18.8,9.2));
#13930 = DIRECTION('',(-0.,-0.,-1.));
#13931 = DIRECTION('',(-1.,0.,0.));
#13932 = ADVANCED_FACE('',(#13933),#13958,.F.);
#13933 = FACE_BOUND('',#13934,.F.);
#13934 = EDGE_LOOP('',(#13935,#13936,#13944,#13952));
#13935 = ORIENTED_EDGE('',*,*,#13780,.T.);
#13936 = ORIENTED_EDGE('',*,*,#13937,.T.);
#13937 = EDGE_CURVE('',#13781,#13938,#13940,.T.);
#13938 = VERTEX_POINT('',#13939);
#13939 = CARTESIAN_POINT('',(87.2,18.,9.2));
#13940 = LINE('',#13941,#13942);
#13941 = CARTESIAN_POINT('',(86.,18.,9.2));
#13942 = VECTOR('',#13943,1.);
#13943 = DIRECTION('',(1.,0.,0.));
#13944 = ORIENTED_EDGE('',*,*,#13945,.F.);
#13945 = EDGE_CURVE('',#13946,#13938,#13948,.T.);
#13946 = VERTEX_POINT('',#13947);
#13947 = CARTESIAN_POINT('',(87.2,18.,8.8));
#13948 = LINE('',#13949,#13950);
#13949 = CARTESIAN_POINT('',(87.2,18.,8.));
#13950 = VECTOR('',#13951,1.);
#13951 = DIRECTION('',(0.,0.,1.));
#13952 = ORIENTED_EDGE('',*,*,#13953,.F.);
#13953 = EDGE_CURVE('',#13772,#13946,#13954,.T.);
#13954 = LINE('',#13955,#13956);
#13955 = CARTESIAN_POINT('',(86.,18.,8.8));
#13956 = VECTOR('',#13957,1.);
#13957 = DIRECTION('',(1.,0.,0.));
#13958 = PLANE('',#13959);
#13959 = AXIS2_PLACEMENT_3D('',#13960,#13961,#13962);
#13960 = CARTESIAN_POINT('',(86.,18.,8.));
#13961 = DIRECTION('',(0.,1.,0.));
#13962 = DIRECTION('',(0.,0.,1.));
#13963 = ADVANCED_FACE('',(#13964),#13989,.F.);
#13964 = FACE_BOUND('',#13965,.F.);
#13965 = EDGE_LOOP('',(#13966,#13967,#13975,#13983));
#13966 = ORIENTED_EDGE('',*,*,#13812,.F.);
#13967 = ORIENTED_EDGE('',*,*,#13968,.T.);
#13968 = EDGE_CURVE('',#13804,#13969,#13971,.T.);
#13969 = VERTEX_POINT('',#13970);
#13970 = CARTESIAN_POINT('',(87.2,18.8,8.));
#13971 = LINE('',#13972,#13973);
#13972 = CARTESIAN_POINT('',(86.,18.8,8.));
#13973 = VECTOR('',#13974,1.);
#13974 = DIRECTION('',(1.,0.,0.));
#13975 = ORIENTED_EDGE('',*,*,#13976,.T.);
#13976 = EDGE_CURVE('',#13969,#13977,#13979,.T.);
#13977 = VERTEX_POINT('',#13978);
#13978 = CARTESIAN_POINT('',(87.2,52.2,8.));
#13979 = LINE('',#13980,#13981);
#13980 = CARTESIAN_POINT('',(87.2,18.,8.));
#13981 = VECTOR('',#13982,1.);
#13982 = DIRECTION('',(0.,1.,0.));
#13983 = ORIENTED_EDGE('',*,*,#13984,.F.);
#13984 = EDGE_CURVE('',#13813,#13977,#13985,.T.);
#13985 = LINE('',#13986,#13987);
#13986 = CARTESIAN_POINT('',(86.,52.2,8.));
#13987 = VECTOR('',#13988,1.);
#13988 = DIRECTION('',(1.,0.,0.));
#13989 = PLANE('',#13990);
#13990 = AXIS2_PLACEMENT_3D('',#13991,#13992,#13993);
#13991 = CARTESIAN_POINT('',(86.,18.,8.));
#13992 = DIRECTION('',(0.,0.,1.));
#13993 = DIRECTION('',(1.,0.,0.));
#13994 = ADVANCED_FACE('',(#13995),#14006,.T.);
#13995 = FACE_BOUND('',#13996,.F.);
#13996 = EDGE_LOOP('',(#13997,#13998,#14005));
#13997 = ORIENTED_EDGE('',*,*,#13820,.F.);
#13998 = ORIENTED_EDGE('',*,*,#13999,.T.);
#13999 = EDGE_CURVE('',#13813,#13871,#14000,.T.);
#14000 = CIRCLE('',#14001,0.8);
#14001 = AXIS2_PLACEMENT_3D('',#14002,#14003,#14004);
#14002 = CARTESIAN_POINT('',(86.8,52.2,8.8));
#14003 = DIRECTION('',(1.,6.123233995737E-17,-0.));
#14004 = DIRECTION('',(-6.123233995737E-17,1.,0.));
#14005 = ORIENTED_EDGE('',*,*,#13870,.F.);
#14006 = SPHERICAL_SURFACE('',#14007,0.8);
#14007 = AXIS2_PLACEMENT_3D('',#14008,#14009,#14010);
#14008 = CARTESIAN_POINT('',(86.8,52.2,8.8));
#14009 = DIRECTION('',(0.,0.,1.));
#14010 = DIRECTION('',(-1.,0.,0.));
#14011 = ADVANCED_FACE('',(#14012),#14037,.T.);
#14012 = FACE_BOUND('',#14013,.T.);
#14013 = EDGE_LOOP('',(#14014,#14015,#14023,#14031));
#14014 = ORIENTED_EDGE('',*,*,#13845,.F.);
#14015 = ORIENTED_EDGE('',*,*,#14016,.T.);
#14016 = EDGE_CURVE('',#13837,#14017,#14019,.T.);
#14017 = VERTEX_POINT('',#14018);
#14018 = CARTESIAN_POINT('',(87.2,18.8,10.));
#14019 = LINE('',#14020,#14021);
#14020 = CARTESIAN_POINT('',(86.,18.8,10.));
#14021 = VECTOR('',#14022,1.);
#14022 = DIRECTION('',(1.,0.,0.));
#14023 = ORIENTED_EDGE('',*,*,#14024,.T.);
#14024 = EDGE_CURVE('',#14017,#14025,#14027,.T.);
#14025 = VERTEX_POINT('',#14026);
#14026 = CARTESIAN_POINT('',(87.2,52.2,10.));
#14027 = LINE('',#14028,#14029);
#14028 = CARTESIAN_POINT('',(87.2,18.,10.));
#14029 = VECTOR('',#14030,1.);
#14030 = DIRECTION('',(0.,1.,0.));
#14031 = ORIENTED_EDGE('',*,*,#14032,.F.);
#14032 = EDGE_CURVE('',#13846,#14025,#14033,.T.);
#14033 = LINE('',#14034,#14035);
#14034 = CARTESIAN_POINT('',(86.,52.2,10.));
#14035 = VECTOR('',#14036,1.);
#14036 = DIRECTION('',(1.,0.,0.));
#14037 = PLANE('',#14038);
#14038 = AXIS2_PLACEMENT_3D('',#14039,#14040,#14041);
#14039 = CARTESIAN_POINT('',(86.,18.,10.));
#14040 = DIRECTION('',(0.,0.,1.));
#14041 = DIRECTION('',(1.,0.,0.));
#14042 = ADVANCED_FACE('',(#14043),#14054,.T.);
#14043 = FACE_BOUND('',#14044,.F.);
#14044 = EDGE_LOOP('',(#14045,#14046,#14053));
#14045 = ORIENTED_EDGE('',*,*,#13887,.F.);
#14046 = ORIENTED_EDGE('',*,*,#14047,.T.);
#14047 = EDGE_CURVE('',#13880,#13846,#14048,.T.);
#14048 = CIRCLE('',#14049,0.8);
#14049 = AXIS2_PLACEMENT_3D('',#14050,#14051,#14052);
#14050 = CARTESIAN_POINT('',(86.8,52.2,9.2));
#14051 = DIRECTION('',(1.,0.,6.123233995737E-17));
#14052 = DIRECTION('',(-6.123233995737E-17,0.,1.));
#14053 = ORIENTED_EDGE('',*,*,#13853,.F.);
#14054 = SPHERICAL_SURFACE('',#14055,0.8);
#14055 = AXIS2_PLACEMENT_3D('',#14056,#14057,#14058);
#14056 = CARTESIAN_POINT('',(86.8,52.2,9.2));
#14057 = DIRECTION('',(0.,-1.,0.));
#14058 = DIRECTION('',(-1.,0.,0.));
#14059 = ADVANCED_FACE('',(#14060),#14085,.T.);
#14060 = FACE_BOUND('',#14061,.T.);
#14061 = EDGE_LOOP('',(#14062,#14063,#14071,#14079));
#14062 = ORIENTED_EDGE('',*,*,#13879,.T.);
#14063 = ORIENTED_EDGE('',*,*,#14064,.T.);
#14064 = EDGE_CURVE('',#13880,#14065,#14067,.T.);
#14065 = VERTEX_POINT('',#14066);
#14066 = CARTESIAN_POINT('',(87.2,53.,9.2));
#14067 = LINE('',#14068,#14069);
#14068 = CARTESIAN_POINT('',(86.,53.,9.2));
#14069 = VECTOR('',#14070,1.);
#14070 = DIRECTION('',(1.,0.,0.));
#14071 = ORIENTED_EDGE('',*,*,#14072,.F.);
#14072 = EDGE_CURVE('',#14073,#14065,#14075,.T.);
#14073 = VERTEX_POINT('',#14074);
#14074 = CARTESIAN_POINT('',(87.2,53.,8.8));
#14075 = LINE('',#14076,#14077);
#14076 = CARTESIAN_POINT('',(87.2,53.,8.));
#14077 = VECTOR('',#14078,1.);
#14078 = DIRECTION('',(0.,0.,1.));
#14079 = ORIENTED_EDGE('',*,*,#14080,.F.);
#14080 = EDGE_CURVE('',#13871,#14073,#14081,.T.);
#14081 = LINE('',#14082,#14083);
#14082 = CARTESIAN_POINT('',(86.,53.,8.8));
#14083 = VECTOR('',#14084,1.);
#14084 = DIRECTION('',(1.,0.,0.));
#14085 = PLANE('',#14086);
#14086 = AXIS2_PLACEMENT_3D('',#14087,#14088,#14089);
#14087 = CARTESIAN_POINT('',(86.,53.,8.));
#14088 = DIRECTION('',(0.,1.,0.));
#14089 = DIRECTION('',(0.,0.,1.));
#14090 = ADVANCED_FACE('',(#14091),#14103,.T.);
#14091 = FACE_BOUND('',#14092,.T.);
#14092 = EDGE_LOOP('',(#14093,#14094,#14095,#14102));
#14093 = ORIENTED_EDGE('',*,*,#13903,.F.);
#14094 = ORIENTED_EDGE('',*,*,#13968,.T.);
#14095 = ORIENTED_EDGE('',*,*,#14096,.T.);
#14096 = EDGE_CURVE('',#13969,#13946,#14097,.T.);
#14097 = CIRCLE('',#14098,0.8);
#14098 = AXIS2_PLACEMENT_3D('',#14099,#14100,#14101);
#14099 = CARTESIAN_POINT('',(87.2,18.8,8.8));
#14100 = DIRECTION('',(-1.,-6.123233995737E-17,0.));
#14101 = DIRECTION('',(6.123233995737E-17,-1.,0.));
#14102 = ORIENTED_EDGE('',*,*,#13953,.F.);
#14103 = CYLINDRICAL_SURFACE('',#14104,0.8);
#14104 = AXIS2_PLACEMENT_3D('',#14105,#14106,#14107);
#14105 = CARTESIAN_POINT('',(86.,18.8,8.8));
#14106 = DIRECTION('',(1.,0.,0.));
#14107 = DIRECTION('',(0.,-1.,0.));
#14108 = ADVANCED_FACE('',(#14109),#14121,.T.);
#14109 = FACE_BOUND('',#14110,.F.);
#14110 = EDGE_LOOP('',(#14111,#14112,#14113,#14120));
#14111 = ORIENTED_EDGE('',*,*,#13920,.F.);
#14112 = ORIENTED_EDGE('',*,*,#14016,.T.);
#14113 = ORIENTED_EDGE('',*,*,#14114,.T.);
#14114 = EDGE_CURVE('',#14017,#13938,#14115,.T.);
#14115 = CIRCLE('',#14116,0.8);
#14116 = AXIS2_PLACEMENT_3D('',#14117,#14118,#14119);
#14117 = CARTESIAN_POINT('',(87.2,18.8,9.2));
#14118 = DIRECTION('',(1.,6.123233995737E-17,0.));
#14119 = DIRECTION('',(6.123233995737E-17,-1.,0.));
#14120 = ORIENTED_EDGE('',*,*,#13937,.F.);
#14121 = CYLINDRICAL_SURFACE('',#14122,0.8);
#14122 = AXIS2_PLACEMENT_3D('',#14123,#14124,#14125);
#14123 = CARTESIAN_POINT('',(86.,18.8,9.2));
#14124 = DIRECTION('',(1.,0.,0.));
#14125 = DIRECTION('',(0.,-1.,0.));
#14126 = ADVANCED_FACE('',(#14127),#14154,.T.);
#14127 = FACE_BOUND('',#14128,.F.);
#14128 = EDGE_LOOP('',(#14129,#14139,#14146,#14147));
#14129 = ORIENTED_EDGE('',*,*,#14130,.F.);
#14130 = EDGE_CURVE('',#14131,#14133,#14135,.T.);
#14131 = VERTEX_POINT('',#14132);
#14132 = CARTESIAN_POINT('',(88.,18.8,8.8));
#14133 = VERTEX_POINT('',#14134);
#14134 = CARTESIAN_POINT('',(88.,18.8,9.2));
#14135 = LINE('',#14136,#14137);
#14136 = CARTESIAN_POINT('',(88.,18.8,8.));
#14137 = VECTOR('',#14138,1.);
#14138 = DIRECTION('',(0.,0.,1.));
#14139 = ORIENTED_EDGE('',*,*,#14140,.T.);
#14140 = EDGE_CURVE('',#14131,#13946,#14141,.T.);
#14141 = CIRCLE('',#14142,0.8);
#14142 = AXIS2_PLACEMENT_3D('',#14143,#14144,#14145);
#14143 = CARTESIAN_POINT('',(87.2,18.8,8.8));
#14144 = DIRECTION('',(0.,0.,-1.));
#14145 = DIRECTION('',(1.,0.,0.));
#14146 = ORIENTED_EDGE('',*,*,#13945,.T.);
#14147 = ORIENTED_EDGE('',*,*,#14148,.F.);
#14148 = EDGE_CURVE('',#14133,#13938,#14149,.T.);
#14149 = CIRCLE('',#14150,0.8);
#14150 = AXIS2_PLACEMENT_3D('',#14151,#14152,#14153);
#14151 = CARTESIAN_POINT('',(87.2,18.8,9.2));
#14152 = DIRECTION('',(0.,0.,-1.));
#14153 = DIRECTION('',(1.,0.,0.));
#14154 = CYLINDRICAL_SURFACE('',#14155,0.8);
#14155 = AXIS2_PLACEMENT_3D('',#14156,#14157,#14158);
#14156 = CARTESIAN_POINT('',(87.2,18.8,8.));
#14157 = DIRECTION('',(0.,0.,1.));
#14158 = DIRECTION('',(1.,0.,0.));
#14159 = ADVANCED_FACE('',(#14160),#14172,.T.);
#14160 = FACE_BOUND('',#14161,.F.);
#14161 = EDGE_LOOP('',(#14162,#14163,#14164,#14171));
#14162 = ORIENTED_EDGE('',*,*,#13999,.F.);
#14163 = ORIENTED_EDGE('',*,*,#13984,.T.);
#14164 = ORIENTED_EDGE('',*,*,#14165,.T.);
#14165 = EDGE_CURVE('',#13977,#14073,#14166,.T.);
#14166 = CIRCLE('',#14167,0.8);
#14167 = AXIS2_PLACEMENT_3D('',#14168,#14169,#14170);
#14168 = CARTESIAN_POINT('',(87.2,52.2,8.8));
#14169 = DIRECTION('',(1.,-6.123233995737E-17,0.));
#14170 = DIRECTION('',(6.123233995737E-17,1.,0.));
#14171 = ORIENTED_EDGE('',*,*,#14080,.F.);
#14172 = CYLINDRICAL_SURFACE('',#14173,0.8);
#14173 = AXIS2_PLACEMENT_3D('',#14174,#14175,#14176);
#14174 = CARTESIAN_POINT('',(86.,52.2,8.8));
#14175 = DIRECTION('',(1.,0.,0.));
#14176 = DIRECTION('',(0.,1.,0.));
#14177 = ADVANCED_FACE('',(#14178),#14203,.T.);
#14178 = FACE_BOUND('',#14179,.T.);
#14179 = EDGE_LOOP('',(#14180,#14187,#14188,#14197));
#14180 = ORIENTED_EDGE('',*,*,#14181,.F.);
#14181 = EDGE_CURVE('',#13969,#14131,#14182,.T.);
#14182 = CIRCLE('',#14183,0.8);
#14183 = AXIS2_PLACEMENT_3D('',#14184,#14185,#14186);
#14184 = CARTESIAN_POINT('',(87.2,18.8,8.8));
#14185 = DIRECTION('',(0.,-1.,0.));
#14186 = DIRECTION('',(1.,0.,0.));
#14187 = ORIENTED_EDGE('',*,*,#13976,.T.);
#14188 = ORIENTED_EDGE('',*,*,#14189,.T.);
#14189 = EDGE_CURVE('',#13977,#14190,#14192,.T.);
#14190 = VERTEX_POINT('',#14191);
#14191 = CARTESIAN_POINT('',(88.,52.2,8.8));
#14192 = CIRCLE('',#14193,0.8);
#14193 = AXIS2_PLACEMENT_3D('',#14194,#14195,#14196);
#14194 = CARTESIAN_POINT('',(87.2,52.2,8.8));
#14195 = DIRECTION('',(0.,-1.,0.));
#14196 = DIRECTION('',(1.,0.,0.));
#14197 = ORIENTED_EDGE('',*,*,#14198,.F.);
#14198 = EDGE_CURVE('',#14131,#14190,#14199,.T.);
#14199 = LINE('',#14200,#14201);
#14200 = CARTESIAN_POINT('',(88.,18.,8.8));
#14201 = VECTOR('',#14202,1.);
#14202 = DIRECTION('',(0.,1.,0.));
#14203 = CYLINDRICAL_SURFACE('',#14204,0.8);
#14204 = AXIS2_PLACEMENT_3D('',#14205,#14206,#14207);
#14205 = CARTESIAN_POINT('',(87.2,18.,8.8));
#14206 = DIRECTION('',(0.,1.,0.));
#14207 = DIRECTION('',(1.,0.,0.));
#14208 = ADVANCED_FACE('',(#14209),#14221,.T.);
#14209 = FACE_BOUND('',#14210,.T.);
#14210 = EDGE_LOOP('',(#14211,#14212,#14213,#14220));
#14211 = ORIENTED_EDGE('',*,*,#14047,.T.);
#14212 = ORIENTED_EDGE('',*,*,#14032,.T.);
#14213 = ORIENTED_EDGE('',*,*,#14214,.F.);
#14214 = EDGE_CURVE('',#14065,#14025,#14215,.T.);
#14215 = CIRCLE('',#14216,0.8);
#14216 = AXIS2_PLACEMENT_3D('',#14217,#14218,#14219);
#14217 = CARTESIAN_POINT('',(87.2,52.2,9.2));
#14218 = DIRECTION('',(1.,0.,-6.123233995737E-17));
#14219 = DIRECTION('',(6.123233995737E-17,0.,1.));
#14220 = ORIENTED_EDGE('',*,*,#14064,.F.);
#14221 = CYLINDRICAL_SURFACE('',#14222,0.8);
#14222 = AXIS2_PLACEMENT_3D('',#14223,#14224,#14225);
#14223 = CARTESIAN_POINT('',(86.,52.2,9.2));
#14224 = DIRECTION('',(1.,0.,0.));
#14225 = DIRECTION('',(0.,1.,0.));
#14226 = ADVANCED_FACE('',(#14227),#14252,.T.);
#14227 = FACE_BOUND('',#14228,.F.);
#14228 = EDGE_LOOP('',(#14229,#14236,#14237,#14246));
#14229 = ORIENTED_EDGE('',*,*,#14230,.F.);
#14230 = EDGE_CURVE('',#14017,#14133,#14231,.T.);
#14231 = CIRCLE('',#14232,0.8);
#14232 = AXIS2_PLACEMENT_3D('',#14233,#14234,#14235);
#14233 = CARTESIAN_POINT('',(87.2,18.8,9.2));
#14234 = DIRECTION('',(-0.,1.,0.));
#14235 = DIRECTION('',(1.,0.,0.));
#14236 = ORIENTED_EDGE('',*,*,#14024,.T.);
#14237 = ORIENTED_EDGE('',*,*,#14238,.F.);
#14238 = EDGE_CURVE('',#14239,#14025,#14241,.T.);
#14239 = VERTEX_POINT('',#14240);
#14240 = CARTESIAN_POINT('',(88.,52.2,9.2));
#14241 = CIRCLE('',#14242,0.8);
#14242 = AXIS2_PLACEMENT_3D('',#14243,#14244,#14245);
#14243 = CARTESIAN_POINT('',(87.2,52.2,9.2));
#14244 = DIRECTION('',(0.,-1.,0.));
#14245 = DIRECTION('',(1.,0.,0.));
#14246 = ORIENTED_EDGE('',*,*,#14247,.F.);
#14247 = EDGE_CURVE('',#14133,#14239,#14248,.T.);
#14248 = LINE('',#14249,#14250);
#14249 = CARTESIAN_POINT('',(88.,18.,9.2));
#14250 = VECTOR('',#14251,1.);
#14251 = DIRECTION('',(0.,1.,0.));
#14252 = CYLINDRICAL_SURFACE('',#14253,0.8);
#14253 = AXIS2_PLACEMENT_3D('',#14254,#14255,#14256);
#14254 = CARTESIAN_POINT('',(87.2,18.,9.2));
#14255 = DIRECTION('',(0.,1.,0.));
#14256 = DIRECTION('',(1.,0.,0.));
#14257 = ADVANCED_FACE('',(#14258),#14281,.T.);
#14258 = FACE_BOUND('',#14259,.T.);
#14259 = EDGE_LOOP('',(#14260,#14266,#14273,#14274));
#14260 = ORIENTED_EDGE('',*,*,#14261,.F.);
#14261 = EDGE_CURVE('',#14190,#14239,#14262,.T.);
#14262 = LINE('',#14263,#14264);
#14263 = CARTESIAN_POINT('',(88.,52.2,8.));
#14264 = VECTOR('',#14265,1.);
#14265 = DIRECTION('',(0.,0.,1.));
#14266 = ORIENTED_EDGE('',*,*,#14267,.T.);
#14267 = EDGE_CURVE('',#14190,#14073,#14268,.T.);
#14268 = CIRCLE('',#14269,0.8);
#14269 = AXIS2_PLACEMENT_3D('',#14270,#14271,#14272);
#14270 = CARTESIAN_POINT('',(87.2,52.2,8.8));
#14271 = DIRECTION('',(0.,0.,1.));
#14272 = DIRECTION('',(1.,0.,0.));
#14273 = ORIENTED_EDGE('',*,*,#14072,.T.);
#14274 = ORIENTED_EDGE('',*,*,#14275,.T.);
#14275 = EDGE_CURVE('',#14065,#14239,#14276,.T.);
#14276 = CIRCLE('',#14277,0.8);
#14277 = AXIS2_PLACEMENT_3D('',#14278,#14279,#14280);
#14278 = CARTESIAN_POINT('',(87.2,52.2,9.2));
#14279 = DIRECTION('',(0.,0.,-1.));
#14280 = DIRECTION('',(1.,0.,0.));
#14281 = CYLINDRICAL_SURFACE('',#14282,0.8);
#14282 = AXIS2_PLACEMENT_3D('',#14283,#14284,#14285);
#14283 = CARTESIAN_POINT('',(87.2,52.2,8.));
#14284 = DIRECTION('',(0.,0.,1.));
#14285 = DIRECTION('',(1.,0.,0.));
#14286 = ADVANCED_FACE('',(#14287),#14292,.T.);
#14287 = FACE_BOUND('',#14288,.F.);
#14288 = EDGE_LOOP('',(#14289,#14290,#14291));
#14289 = ORIENTED_EDGE('',*,*,#14181,.F.);
#14290 = ORIENTED_EDGE('',*,*,#14096,.T.);
#14291 = ORIENTED_EDGE('',*,*,#14140,.F.);
#14292 = SPHERICAL_SURFACE('',#14293,0.8);
#14293 = AXIS2_PLACEMENT_3D('',#14294,#14295,#14296);
#14294 = CARTESIAN_POINT('',(87.2,18.8,8.8));
#14295 = DIRECTION('',(0.,0.,1.));
#14296 = DIRECTION('',(1.,0.,0.));
#14297 = ADVANCED_FACE('',(#14298),#14303,.T.);
#14298 = FACE_BOUND('',#14299,.T.);
#14299 = EDGE_LOOP('',(#14300,#14301,#14302));
#14300 = ORIENTED_EDGE('',*,*,#14230,.F.);
#14301 = ORIENTED_EDGE('',*,*,#14114,.T.);
#14302 = ORIENTED_EDGE('',*,*,#14148,.F.);
#14303 = SPHERICAL_SURFACE('',#14304,0.8);
#14304 = AXIS2_PLACEMENT_3D('',#14305,#14306,#14307);
#14305 = CARTESIAN_POINT('',(87.2,18.8,9.2));
#14306 = DIRECTION('',(-0.,-0.,-1.));
#14307 = DIRECTION('',(1.,0.,0.));
#14308 = ADVANCED_FACE('',(#14309),#14315,.T.);
#14309 = FACE_BOUND('',#14310,.T.);
#14310 = EDGE_LOOP('',(#14311,#14312,#14313,#14314));
#14311 = ORIENTED_EDGE('',*,*,#14130,.F.);
#14312 = ORIENTED_EDGE('',*,*,#14198,.T.);
#14313 = ORIENTED_EDGE('',*,*,#14261,.T.);
#14314 = ORIENTED_EDGE('',*,*,#14247,.F.);
#14315 = PLANE('',#14316);
#14316 = AXIS2_PLACEMENT_3D('',#14317,#14318,#14319);
#14317 = CARTESIAN_POINT('',(88.,18.,8.));
#14318 = DIRECTION('',(1.,0.,0.));
#14319 = DIRECTION('',(0.,0.,1.));
#14320 = ADVANCED_FACE('',(#14321),#14326,.T.);
#14321 = FACE_BOUND('',#14322,.T.);
#14322 = EDGE_LOOP('',(#14323,#14324,#14325));
#14323 = ORIENTED_EDGE('',*,*,#14189,.F.);
#14324 = ORIENTED_EDGE('',*,*,#14165,.T.);
#14325 = ORIENTED_EDGE('',*,*,#14267,.F.);
#14326 = SPHERICAL_SURFACE('',#14327,0.8);
#14327 = AXIS2_PLACEMENT_3D('',#14328,#14329,#14330);
#14328 = CARTESIAN_POINT('',(87.2,52.2,8.8));
#14329 = DIRECTION('',(0.,0.,1.));
#14330 = DIRECTION('',(1.,0.,0.));
#14331 = ADVANCED_FACE('',(#14332),#14337,.T.);
#14332 = FACE_BOUND('',#14333,.T.);
#14333 = EDGE_LOOP('',(#14334,#14335,#14336));
#14334 = ORIENTED_EDGE('',*,*,#14275,.F.);
#14335 = ORIENTED_EDGE('',*,*,#14214,.T.);
#14336 = ORIENTED_EDGE('',*,*,#14238,.F.);
#14337 = SPHERICAL_SURFACE('',#14338,0.8);
#14338 = AXIS2_PLACEMENT_3D('',#14339,#14340,#14341);
#14339 = CARTESIAN_POINT('',(87.2,52.2,9.2));
#14340 = DIRECTION('',(0.,-1.,0.));
#14341 = DIRECTION('',(1.,0.,0.));
#14342 = MANIFOLD_SOLID_BREP('',#14343);
#14343 = CLOSED_SHELL('',(#14344,#14384,#14417,#14450,#14483,#14516,
    #14533,#14550,#14581,#14612,#14629,#14660,#14677,#14708,#14726,
    #14744,#14777,#14795,#14826,#14844,#14875,#14904,#14915,#14926,
    #14938,#14949));
#14344 = ADVANCED_FACE('',(#14345),#14379,.F.);
#14345 = FACE_BOUND('',#14346,.F.);
#14346 = EDGE_LOOP('',(#14347,#14357,#14365,#14373));
#14347 = ORIENTED_EDGE('',*,*,#14348,.F.);
#14348 = EDGE_CURVE('',#14349,#14351,#14353,.T.);
#14349 = VERTEX_POINT('',#14350);
#14350 = CARTESIAN_POINT('',(86.,50.8,8.8));
#14351 = VERTEX_POINT('',#14352);
#14352 = CARTESIAN_POINT('',(86.,50.8,9.2));
#14353 = LINE('',#14354,#14355);
#14354 = CARTESIAN_POINT('',(86.,50.8,8.));
#14355 = VECTOR('',#14356,1.);
#14356 = DIRECTION('',(0.,0.,1.));
#14357 = ORIENTED_EDGE('',*,*,#14358,.T.);
#14358 = EDGE_CURVE('',#14349,#14359,#14361,.T.);
#14359 = VERTEX_POINT('',#14360);
#14360 = CARTESIAN_POINT('',(86.,125.2,8.8));
#14361 = LINE('',#14362,#14363);
#14362 = CARTESIAN_POINT('',(86.,50.,8.8));
#14363 = VECTOR('',#14364,1.);
#14364 = DIRECTION('',(0.,1.,0.));
#14365 = ORIENTED_EDGE('',*,*,#14366,.T.);
#14366 = EDGE_CURVE('',#14359,#14367,#14369,.T.);
#14367 = VERTEX_POINT('',#14368);
#14368 = CARTESIAN_POINT('',(86.,125.2,9.2));
#14369 = LINE('',#14370,#14371);
#14370 = CARTESIAN_POINT('',(86.,125.2,8.));
#14371 = VECTOR('',#14372,1.);
#14372 = DIRECTION('',(0.,0.,1.));
#14373 = ORIENTED_EDGE('',*,*,#14374,.F.);
#14374 = EDGE_CURVE('',#14351,#14367,#14375,.T.);
#14375 = LINE('',#14376,#14377);
#14376 = CARTESIAN_POINT('',(86.,50.,9.2));
#14377 = VECTOR('',#14378,1.);
#14378 = DIRECTION('',(0.,1.,0.));
#14379 = PLANE('',#14380);
#14380 = AXIS2_PLACEMENT_3D('',#14381,#14382,#14383);
#14381 = CARTESIAN_POINT('',(86.,50.,8.));
#14382 = DIRECTION('',(1.,0.,0.));
#14383 = DIRECTION('',(0.,0.,1.));
#14384 = ADVANCED_FACE('',(#14385),#14412,.T.);
#14385 = FACE_BOUND('',#14386,.T.);
#14386 = EDGE_LOOP('',(#14387,#14388,#14397,#14405));
#14387 = ORIENTED_EDGE('',*,*,#14348,.F.);
#14388 = ORIENTED_EDGE('',*,*,#14389,.T.);
#14389 = EDGE_CURVE('',#14349,#14390,#14392,.T.);
#14390 = VERTEX_POINT('',#14391);
#14391 = CARTESIAN_POINT('',(86.8,50.,8.8));
#14392 = CIRCLE('',#14393,0.8);
#14393 = AXIS2_PLACEMENT_3D('',#14394,#14395,#14396);
#14394 = CARTESIAN_POINT('',(86.8,50.8,8.8));
#14395 = DIRECTION('',(0.,0.,1.));
#14396 = DIRECTION('',(-1.,0.,0.));
#14397 = ORIENTED_EDGE('',*,*,#14398,.T.);
#14398 = EDGE_CURVE('',#14390,#14399,#14401,.T.);
#14399 = VERTEX_POINT('',#14400);
#14400 = CARTESIAN_POINT('',(86.8,50.,9.2));
#14401 = LINE('',#14402,#14403);
#14402 = CARTESIAN_POINT('',(86.8,50.,8.));
#14403 = VECTOR('',#14404,1.);
#14404 = DIRECTION('',(0.,0.,1.));
#14405 = ORIENTED_EDGE('',*,*,#14406,.F.);
#14406 = EDGE_CURVE('',#14351,#14399,#14407,.T.);
#14407 = CIRCLE('',#14408,0.8);
#14408 = AXIS2_PLACEMENT_3D('',#14409,#14410,#14411);
#14409 = CARTESIAN_POINT('',(86.8,50.8,9.2));
#14410 = DIRECTION('',(0.,0.,1.));
#14411 = DIRECTION('',(-1.,0.,0.));
#14412 = CYLINDRICAL_SURFACE('',#14413,0.8);
#14413 = AXIS2_PLACEMENT_3D('',#14414,#14415,#14416);
#14414 = CARTESIAN_POINT('',(86.8,50.8,8.));
#14415 = DIRECTION('',(0.,0.,1.));
#14416 = DIRECTION('',(-1.,0.,0.));
#14417 = ADVANCED_FACE('',(#14418),#14445,.T.);
#14418 = FACE_BOUND('',#14419,.F.);
#14419 = EDGE_LOOP('',(#14420,#14429,#14437,#14444));
#14420 = ORIENTED_EDGE('',*,*,#14421,.F.);
#14421 = EDGE_CURVE('',#14422,#14349,#14424,.T.);
#14422 = VERTEX_POINT('',#14423);
#14423 = CARTESIAN_POINT('',(86.8,50.8,8.));
#14424 = CIRCLE('',#14425,0.8);
#14425 = AXIS2_PLACEMENT_3D('',#14426,#14427,#14428);
#14426 = CARTESIAN_POINT('',(86.8,50.8,8.8));
#14427 = DIRECTION('',(0.,1.,-0.));
#14428 = DIRECTION('',(-1.,0.,0.));
#14429 = ORIENTED_EDGE('',*,*,#14430,.T.);
#14430 = EDGE_CURVE('',#14422,#14431,#14433,.T.);
#14431 = VERTEX_POINT('',#14432);
#14432 = CARTESIAN_POINT('',(86.8,125.2,8.));
#14433 = LINE('',#14434,#14435);
#14434 = CARTESIAN_POINT('',(86.8,50.,8.));
#14435 = VECTOR('',#14436,1.);
#14436 = DIRECTION('',(0.,1.,0.));
#14437 = ORIENTED_EDGE('',*,*,#14438,.T.);
#14438 = EDGE_CURVE('',#14431,#14359,#14439,.T.);
#14439 = CIRCLE('',#14440,0.8);
#14440 = AXIS2_PLACEMENT_3D('',#14441,#14442,#14443);
#14441 = CARTESIAN_POINT('',(86.8,125.2,8.8));
#14442 = DIRECTION('',(0.,1.,-0.));
#14443 = DIRECTION('',(-1.,0.,0.));
#14444 = ORIENTED_EDGE('',*,*,#14358,.F.);
#14445 = CYLINDRICAL_SURFACE('',#14446,0.8);
#14446 = AXIS2_PLACEMENT_3D('',#14447,#14448,#14449);
#14447 = CARTESIAN_POINT('',(86.8,50.,8.8));
#14448 = DIRECTION('',(0.,1.,0.));
#14449 = DIRECTION('',(-1.,0.,0.));
#14450 = ADVANCED_FACE('',(#14451),#14478,.T.);
#14451 = FACE_BOUND('',#14452,.T.);
#14452 = EDGE_LOOP('',(#14453,#14462,#14470,#14477));
#14453 = ORIENTED_EDGE('',*,*,#14454,.F.);
#14454 = EDGE_CURVE('',#14455,#14351,#14457,.T.);
#14455 = VERTEX_POINT('',#14456);
#14456 = CARTESIAN_POINT('',(86.8,50.8,10.));
#14457 = CIRCLE('',#14458,0.8);
#14458 = AXIS2_PLACEMENT_3D('',#14459,#14460,#14461);
#14459 = CARTESIAN_POINT('',(86.8,50.8,9.2));
#14460 = DIRECTION('',(0.,-1.,0.));
#14461 = DIRECTION('',(-1.,0.,0.));
#14462 = ORIENTED_EDGE('',*,*,#14463,.T.);
#14463 = EDGE_CURVE('',#14455,#14464,#14466,.T.);
#14464 = VERTEX_POINT('',#14465);
#14465 = CARTESIAN_POINT('',(86.8,125.2,10.));
#14466 = LINE('',#14467,#14468);
#14467 = CARTESIAN_POINT('',(86.8,50.,10.));
#14468 = VECTOR('',#14469,1.);
#14469 = DIRECTION('',(0.,1.,0.));
#14470 = ORIENTED_EDGE('',*,*,#14471,.F.);
#14471 = EDGE_CURVE('',#14367,#14464,#14472,.T.);
#14472 = CIRCLE('',#14473,0.8);
#14473 = AXIS2_PLACEMENT_3D('',#14474,#14475,#14476);
#14474 = CARTESIAN_POINT('',(86.8,125.2,9.2));
#14475 = DIRECTION('',(0.,1.,-0.));
#14476 = DIRECTION('',(-1.,0.,0.));
#14477 = ORIENTED_EDGE('',*,*,#14374,.F.);
#14478 = CYLINDRICAL_SURFACE('',#14479,0.8);
#14479 = AXIS2_PLACEMENT_3D('',#14480,#14481,#14482);
#14480 = CARTESIAN_POINT('',(86.8,50.,9.2));
#14481 = DIRECTION('',(0.,1.,0.));
#14482 = DIRECTION('',(-1.,0.,0.));
#14483 = ADVANCED_FACE('',(#14484),#14511,.T.);
#14484 = FACE_BOUND('',#14485,.F.);
#14485 = EDGE_LOOP('',(#14486,#14487,#14496,#14504));
#14486 = ORIENTED_EDGE('',*,*,#14366,.F.);
#14487 = ORIENTED_EDGE('',*,*,#14488,.T.);
#14488 = EDGE_CURVE('',#14359,#14489,#14491,.T.);
#14489 = VERTEX_POINT('',#14490);
#14490 = CARTESIAN_POINT('',(86.8,126.,8.8));
#14491 = CIRCLE('',#14492,0.8);
#14492 = AXIS2_PLACEMENT_3D('',#14493,#14494,#14495);
#14493 = CARTESIAN_POINT('',(86.8,125.2,8.8));
#14494 = DIRECTION('',(0.,0.,-1.));
#14495 = DIRECTION('',(-1.,0.,0.));
#14496 = ORIENTED_EDGE('',*,*,#14497,.T.);
#14497 = EDGE_CURVE('',#14489,#14498,#14500,.T.);
#14498 = VERTEX_POINT('',#14499);
#14499 = CARTESIAN_POINT('',(86.8,126.,9.2));
#14500 = LINE('',#14501,#14502);
#14501 = CARTESIAN_POINT('',(86.8,126.,8.));
#14502 = VECTOR('',#14503,1.);
#14503 = DIRECTION('',(0.,0.,1.));
#14504 = ORIENTED_EDGE('',*,*,#14505,.T.);
#14505 = EDGE_CURVE('',#14498,#14367,#14506,.T.);
#14506 = CIRCLE('',#14507,0.8);
#14507 = AXIS2_PLACEMENT_3D('',#14508,#14509,#14510);
#14508 = CARTESIAN_POINT('',(86.8,125.2,9.2));
#14509 = DIRECTION('',(0.,0.,1.));
#14510 = DIRECTION('',(-1.,0.,0.));
#14511 = CYLINDRICAL_SURFACE('',#14512,0.8);
#14512 = AXIS2_PLACEMENT_3D('',#14513,#14514,#14515);
#14513 = CARTESIAN_POINT('',(86.8,125.2,8.));
#14514 = DIRECTION('',(0.,0.,1.));
#14515 = DIRECTION('',(-1.,0.,0.));
#14516 = ADVANCED_FACE('',(#14517),#14528,.T.);
#14517 = FACE_BOUND('',#14518,.T.);
#14518 = EDGE_LOOP('',(#14519,#14520,#14527));
#14519 = ORIENTED_EDGE('',*,*,#14421,.F.);
#14520 = ORIENTED_EDGE('',*,*,#14521,.T.);
#14521 = EDGE_CURVE('',#14422,#14390,#14522,.T.);
#14522 = CIRCLE('',#14523,0.8);
#14523 = AXIS2_PLACEMENT_3D('',#14524,#14525,#14526);
#14524 = CARTESIAN_POINT('',(86.8,50.8,8.8));
#14525 = DIRECTION('',(-1.,6.123233995737E-17,0.));
#14526 = DIRECTION('',(-6.123233995737E-17,-1.,0.));
#14527 = ORIENTED_EDGE('',*,*,#14389,.F.);
#14528 = SPHERICAL_SURFACE('',#14529,0.8);
#14529 = AXIS2_PLACEMENT_3D('',#14530,#14531,#14532);
#14530 = CARTESIAN_POINT('',(86.8,50.8,8.8));
#14531 = DIRECTION('',(0.,0.,1.));
#14532 = DIRECTION('',(-1.,0.,0.));
#14533 = ADVANCED_FACE('',(#14534),#14545,.T.);
#14534 = FACE_BOUND('',#14535,.F.);
#14535 = EDGE_LOOP('',(#14536,#14537,#14544));
#14536 = ORIENTED_EDGE('',*,*,#14454,.F.);
#14537 = ORIENTED_EDGE('',*,*,#14538,.T.);
#14538 = EDGE_CURVE('',#14455,#14399,#14539,.T.);
#14539 = CIRCLE('',#14540,0.8);
#14540 = AXIS2_PLACEMENT_3D('',#14541,#14542,#14543);
#14541 = CARTESIAN_POINT('',(86.8,50.8,9.2));
#14542 = DIRECTION('',(1.,-6.123233995737E-17,0.));
#14543 = DIRECTION('',(-6.123233995737E-17,-1.,0.));
#14544 = ORIENTED_EDGE('',*,*,#14406,.F.);
#14545 = SPHERICAL_SURFACE('',#14546,0.8);
#14546 = AXIS2_PLACEMENT_3D('',#14547,#14548,#14549);
#14547 = CARTESIAN_POINT('',(86.8,50.8,9.2));
#14548 = DIRECTION('',(-0.,-0.,-1.));
#14549 = DIRECTION('',(-1.,0.,0.));
#14550 = ADVANCED_FACE('',(#14551),#14576,.F.);
#14551 = FACE_BOUND('',#14552,.F.);
#14552 = EDGE_LOOP('',(#14553,#14554,#14562,#14570));
#14553 = ORIENTED_EDGE('',*,*,#14398,.T.);
#14554 = ORIENTED_EDGE('',*,*,#14555,.T.);
#14555 = EDGE_CURVE('',#14399,#14556,#14558,.T.);
#14556 = VERTEX_POINT('',#14557);
#14557 = CARTESIAN_POINT('',(87.2,50.,9.2));
#14558 = LINE('',#14559,#14560);
#14559 = CARTESIAN_POINT('',(86.,50.,9.2));
#14560 = VECTOR('',#14561,1.);
#14561 = DIRECTION('',(1.,0.,0.));
#14562 = ORIENTED_EDGE('',*,*,#14563,.F.);
#14563 = EDGE_CURVE('',#14564,#14556,#14566,.T.);
#14564 = VERTEX_POINT('',#14565);
#14565 = CARTESIAN_POINT('',(87.2,50.,8.8));
#14566 = LINE('',#14567,#14568);
#14567 = CARTESIAN_POINT('',(87.2,50.,8.));
#14568 = VECTOR('',#14569,1.);
#14569 = DIRECTION('',(0.,0.,1.));
#14570 = ORIENTED_EDGE('',*,*,#14571,.F.);
#14571 = EDGE_CURVE('',#14390,#14564,#14572,.T.);
#14572 = LINE('',#14573,#14574);
#14573 = CARTESIAN_POINT('',(86.,50.,8.8));
#14574 = VECTOR('',#14575,1.);
#14575 = DIRECTION('',(1.,0.,0.));
#14576 = PLANE('',#14577);
#14577 = AXIS2_PLACEMENT_3D('',#14578,#14579,#14580);
#14578 = CARTESIAN_POINT('',(86.,50.,8.));
#14579 = DIRECTION('',(0.,1.,0.));
#14580 = DIRECTION('',(0.,0.,1.));
#14581 = ADVANCED_FACE('',(#14582),#14607,.F.);
#14582 = FACE_BOUND('',#14583,.F.);
#14583 = EDGE_LOOP('',(#14584,#14585,#14593,#14601));
#14584 = ORIENTED_EDGE('',*,*,#14430,.F.);
#14585 = ORIENTED_EDGE('',*,*,#14586,.T.);
#14586 = EDGE_CURVE('',#14422,#14587,#14589,.T.);
#14587 = VERTEX_POINT('',#14588);
#14588 = CARTESIAN_POINT('',(87.2,50.8,8.));
#14589 = LINE('',#14590,#14591);
#14590 = CARTESIAN_POINT('',(86.,50.8,8.));
#14591 = VECTOR('',#14592,1.);
#14592 = DIRECTION('',(1.,0.,0.));
#14593 = ORIENTED_EDGE('',*,*,#14594,.T.);
#14594 = EDGE_CURVE('',#14587,#14595,#14597,.T.);
#14595 = VERTEX_POINT('',#14596);
#14596 = CARTESIAN_POINT('',(87.2,125.2,8.));
#14597 = LINE('',#14598,#14599);
#14598 = CARTESIAN_POINT('',(87.2,50.,8.));
#14599 = VECTOR('',#14600,1.);
#14600 = DIRECTION('',(0.,1.,0.));
#14601 = ORIENTED_EDGE('',*,*,#14602,.F.);
#14602 = EDGE_CURVE('',#14431,#14595,#14603,.T.);
#14603 = LINE('',#14604,#14605);
#14604 = CARTESIAN_POINT('',(86.,125.2,8.));
#14605 = VECTOR('',#14606,1.);
#14606 = DIRECTION('',(1.,0.,0.));
#14607 = PLANE('',#14608);
#14608 = AXIS2_PLACEMENT_3D('',#14609,#14610,#14611);
#14609 = CARTESIAN_POINT('',(86.,50.,8.));
#14610 = DIRECTION('',(0.,0.,1.));
#14611 = DIRECTION('',(1.,0.,0.));
#14612 = ADVANCED_FACE('',(#14613),#14624,.T.);
#14613 = FACE_BOUND('',#14614,.F.);
#14614 = EDGE_LOOP('',(#14615,#14616,#14623));
#14615 = ORIENTED_EDGE('',*,*,#14438,.F.);
#14616 = ORIENTED_EDGE('',*,*,#14617,.T.);
#14617 = EDGE_CURVE('',#14431,#14489,#14618,.T.);
#14618 = CIRCLE('',#14619,0.8);
#14619 = AXIS2_PLACEMENT_3D('',#14620,#14621,#14622);
#14620 = CARTESIAN_POINT('',(86.8,125.2,8.8));
#14621 = DIRECTION('',(1.,6.123233995737E-17,-0.));
#14622 = DIRECTION('',(-6.123233995737E-17,1.,0.));
#14623 = ORIENTED_EDGE('',*,*,#14488,.F.);
#14624 = SPHERICAL_SURFACE('',#14625,0.8);
#14625 = AXIS2_PLACEMENT_3D('',#14626,#14627,#14628);
#14626 = CARTESIAN_POINT('',(86.8,125.2,8.8));
#14627 = DIRECTION('',(0.,0.,1.));
#14628 = DIRECTION('',(-1.,0.,0.));
#14629 = ADVANCED_FACE('',(#14630),#14655,.T.);
#14630 = FACE_BOUND('',#14631,.T.);
#14631 = EDGE_LOOP('',(#14632,#14633,#14641,#14649));
#14632 = ORIENTED_EDGE('',*,*,#14463,.F.);
#14633 = ORIENTED_EDGE('',*,*,#14634,.T.);
#14634 = EDGE_CURVE('',#14455,#14635,#14637,.T.);
#14635 = VERTEX_POINT('',#14636);
#14636 = CARTESIAN_POINT('',(87.2,50.8,10.));
#14637 = LINE('',#14638,#14639);
#14638 = CARTESIAN_POINT('',(86.,50.8,10.));
#14639 = VECTOR('',#14640,1.);
#14640 = DIRECTION('',(1.,0.,0.));
#14641 = ORIENTED_EDGE('',*,*,#14642,.T.);
#14642 = EDGE_CURVE('',#14635,#14643,#14645,.T.);
#14643 = VERTEX_POINT('',#14644);
#14644 = CARTESIAN_POINT('',(87.2,125.2,10.));
#14645 = LINE('',#14646,#14647);
#14646 = CARTESIAN_POINT('',(87.2,50.,10.));
#14647 = VECTOR('',#14648,1.);
#14648 = DIRECTION('',(0.,1.,0.));
#14649 = ORIENTED_EDGE('',*,*,#14650,.F.);
#14650 = EDGE_CURVE('',#14464,#14643,#14651,.T.);
#14651 = LINE('',#14652,#14653);
#14652 = CARTESIAN_POINT('',(86.,125.2,10.));
#14653 = VECTOR('',#14654,1.);
#14654 = DIRECTION('',(1.,0.,0.));
#14655 = PLANE('',#14656);
#14656 = AXIS2_PLACEMENT_3D('',#14657,#14658,#14659);
#14657 = CARTESIAN_POINT('',(86.,50.,10.));
#14658 = DIRECTION('',(0.,0.,1.));
#14659 = DIRECTION('',(1.,0.,0.));
#14660 = ADVANCED_FACE('',(#14661),#14672,.T.);
#14661 = FACE_BOUND('',#14662,.F.);
#14662 = EDGE_LOOP('',(#14663,#14664,#14671));
#14663 = ORIENTED_EDGE('',*,*,#14505,.F.);
#14664 = ORIENTED_EDGE('',*,*,#14665,.T.);
#14665 = EDGE_CURVE('',#14498,#14464,#14666,.T.);
#14666 = CIRCLE('',#14667,0.8);
#14667 = AXIS2_PLACEMENT_3D('',#14668,#14669,#14670);
#14668 = CARTESIAN_POINT('',(86.8,125.2,9.2));
#14669 = DIRECTION('',(1.,0.,6.123233995737E-17));
#14670 = DIRECTION('',(-6.123233995737E-17,0.,1.));
#14671 = ORIENTED_EDGE('',*,*,#14471,.F.);
#14672 = SPHERICAL_SURFACE('',#14673,0.8);
#14673 = AXIS2_PLACEMENT_3D('',#14674,#14675,#14676);
#14674 = CARTESIAN_POINT('',(86.8,125.2,9.2));
#14675 = DIRECTION('',(0.,-1.,0.));
#14676 = DIRECTION('',(-1.,0.,0.));
#14677 = ADVANCED_FACE('',(#14678),#14703,.T.);
#14678 = FACE_BOUND('',#14679,.T.);
#14679 = EDGE_LOOP('',(#14680,#14681,#14689,#14697));
#14680 = ORIENTED_EDGE('',*,*,#14497,.T.);
#14681 = ORIENTED_EDGE('',*,*,#14682,.T.);
#14682 = EDGE_CURVE('',#14498,#14683,#14685,.T.);
#14683 = VERTEX_POINT('',#14684);
#14684 = CARTESIAN_POINT('',(87.2,126.,9.2));
#14685 = LINE('',#14686,#14687);
#14686 = CARTESIAN_POINT('',(86.,126.,9.2));
#14687 = VECTOR('',#14688,1.);
#14688 = DIRECTION('',(1.,0.,0.));
#14689 = ORIENTED_EDGE('',*,*,#14690,.F.);
#14690 = EDGE_CURVE('',#14691,#14683,#14693,.T.);
#14691 = VERTEX_POINT('',#14692);
#14692 = CARTESIAN_POINT('',(87.2,126.,8.8));
#14693 = LINE('',#14694,#14695);
#14694 = CARTESIAN_POINT('',(87.2,126.,8.));
#14695 = VECTOR('',#14696,1.);
#14696 = DIRECTION('',(0.,0.,1.));
#14697 = ORIENTED_EDGE('',*,*,#14698,.F.);
#14698 = EDGE_CURVE('',#14489,#14691,#14699,.T.);
#14699 = LINE('',#14700,#14701);
#14700 = CARTESIAN_POINT('',(86.,126.,8.8));
#14701 = VECTOR('',#14702,1.);
#14702 = DIRECTION('',(1.,0.,0.));
#14703 = PLANE('',#14704);
#14704 = AXIS2_PLACEMENT_3D('',#14705,#14706,#14707);
#14705 = CARTESIAN_POINT('',(86.,126.,8.));
#14706 = DIRECTION('',(0.,1.,0.));
#14707 = DIRECTION('',(0.,0.,1.));
#14708 = ADVANCED_FACE('',(#14709),#14721,.T.);
#14709 = FACE_BOUND('',#14710,.T.);
#14710 = EDGE_LOOP('',(#14711,#14712,#14713,#14720));
#14711 = ORIENTED_EDGE('',*,*,#14521,.F.);
#14712 = ORIENTED_EDGE('',*,*,#14586,.T.);
#14713 = ORIENTED_EDGE('',*,*,#14714,.T.);
#14714 = EDGE_CURVE('',#14587,#14564,#14715,.T.);
#14715 = CIRCLE('',#14716,0.8);
#14716 = AXIS2_PLACEMENT_3D('',#14717,#14718,#14719);
#14717 = CARTESIAN_POINT('',(87.2,50.8,8.8));
#14718 = DIRECTION('',(-1.,-6.123233995737E-17,0.));
#14719 = DIRECTION('',(6.123233995737E-17,-1.,0.));
#14720 = ORIENTED_EDGE('',*,*,#14571,.F.);
#14721 = CYLINDRICAL_SURFACE('',#14722,0.8);
#14722 = AXIS2_PLACEMENT_3D('',#14723,#14724,#14725);
#14723 = CARTESIAN_POINT('',(86.,50.8,8.8));
#14724 = DIRECTION('',(1.,0.,0.));
#14725 = DIRECTION('',(0.,-1.,0.));
#14726 = ADVANCED_FACE('',(#14727),#14739,.T.);
#14727 = FACE_BOUND('',#14728,.F.);
#14728 = EDGE_LOOP('',(#14729,#14730,#14731,#14738));
#14729 = ORIENTED_EDGE('',*,*,#14538,.F.);
#14730 = ORIENTED_EDGE('',*,*,#14634,.T.);
#14731 = ORIENTED_EDGE('',*,*,#14732,.T.);
#14732 = EDGE_CURVE('',#14635,#14556,#14733,.T.);
#14733 = CIRCLE('',#14734,0.8);
#14734 = AXIS2_PLACEMENT_3D('',#14735,#14736,#14737);
#14735 = CARTESIAN_POINT('',(87.2,50.8,9.2));
#14736 = DIRECTION('',(1.,6.123233995737E-17,0.));
#14737 = DIRECTION('',(6.123233995737E-17,-1.,0.));
#14738 = ORIENTED_EDGE('',*,*,#14555,.F.);
#14739 = CYLINDRICAL_SURFACE('',#14740,0.8);
#14740 = AXIS2_PLACEMENT_3D('',#14741,#14742,#14743);
#14741 = CARTESIAN_POINT('',(86.,50.8,9.2));
#14742 = DIRECTION('',(1.,0.,0.));
#14743 = DIRECTION('',(0.,-1.,0.));
#14744 = ADVANCED_FACE('',(#14745),#14772,.T.);
#14745 = FACE_BOUND('',#14746,.F.);
#14746 = EDGE_LOOP('',(#14747,#14757,#14764,#14765));
#14747 = ORIENTED_EDGE('',*,*,#14748,.F.);
#14748 = EDGE_CURVE('',#14749,#14751,#14753,.T.);
#14749 = VERTEX_POINT('',#14750);
#14750 = CARTESIAN_POINT('',(88.,50.8,8.8));
#14751 = VERTEX_POINT('',#14752);
#14752 = CARTESIAN_POINT('',(88.,50.8,9.2));
#14753 = LINE('',#14754,#14755);
#14754 = CARTESIAN_POINT('',(88.,50.8,8.));
#14755 = VECTOR('',#14756,1.);
#14756 = DIRECTION('',(0.,0.,1.));
#14757 = ORIENTED_EDGE('',*,*,#14758,.T.);
#14758 = EDGE_CURVE('',#14749,#14564,#14759,.T.);
#14759 = CIRCLE('',#14760,0.8);
#14760 = AXIS2_PLACEMENT_3D('',#14761,#14762,#14763);
#14761 = CARTESIAN_POINT('',(87.2,50.8,8.8));
#14762 = DIRECTION('',(0.,0.,-1.));
#14763 = DIRECTION('',(1.,0.,0.));
#14764 = ORIENTED_EDGE('',*,*,#14563,.T.);
#14765 = ORIENTED_EDGE('',*,*,#14766,.F.);
#14766 = EDGE_CURVE('',#14751,#14556,#14767,.T.);
#14767 = CIRCLE('',#14768,0.8);
#14768 = AXIS2_PLACEMENT_3D('',#14769,#14770,#14771);
#14769 = CARTESIAN_POINT('',(87.2,50.8,9.2));
#14770 = DIRECTION('',(0.,0.,-1.));
#14771 = DIRECTION('',(1.,0.,0.));
#14772 = CYLINDRICAL_SURFACE('',#14773,0.8);
#14773 = AXIS2_PLACEMENT_3D('',#14774,#14775,#14776);
#14774 = CARTESIAN_POINT('',(87.2,50.8,8.));
#14775 = DIRECTION('',(0.,0.,1.));
#14776 = DIRECTION('',(1.,0.,0.));
#14777 = ADVANCED_FACE('',(#14778),#14790,.T.);
#14778 = FACE_BOUND('',#14779,.F.);
#14779 = EDGE_LOOP('',(#14780,#14781,#14782,#14789));
#14780 = ORIENTED_EDGE('',*,*,#14617,.F.);
#14781 = ORIENTED_EDGE('',*,*,#14602,.T.);
#14782 = ORIENTED_EDGE('',*,*,#14783,.T.);
#14783 = EDGE_CURVE('',#14595,#14691,#14784,.T.);
#14784 = CIRCLE('',#14785,0.8);
#14785 = AXIS2_PLACEMENT_3D('',#14786,#14787,#14788);
#14786 = CARTESIAN_POINT('',(87.2,125.2,8.8));
#14787 = DIRECTION('',(1.,-6.123233995737E-17,0.));
#14788 = DIRECTION('',(6.123233995737E-17,1.,0.));
#14789 = ORIENTED_EDGE('',*,*,#14698,.F.);
#14790 = CYLINDRICAL_SURFACE('',#14791,0.8);
#14791 = AXIS2_PLACEMENT_3D('',#14792,#14793,#14794);
#14792 = CARTESIAN_POINT('',(86.,125.2,8.8));
#14793 = DIRECTION('',(1.,0.,0.));
#14794 = DIRECTION('',(0.,1.,0.));
#14795 = ADVANCED_FACE('',(#14796),#14821,.T.);
#14796 = FACE_BOUND('',#14797,.T.);
#14797 = EDGE_LOOP('',(#14798,#14805,#14806,#14815));
#14798 = ORIENTED_EDGE('',*,*,#14799,.F.);
#14799 = EDGE_CURVE('',#14587,#14749,#14800,.T.);
#14800 = CIRCLE('',#14801,0.8);
#14801 = AXIS2_PLACEMENT_3D('',#14802,#14803,#14804);
#14802 = CARTESIAN_POINT('',(87.2,50.8,8.8));
#14803 = DIRECTION('',(0.,-1.,0.));
#14804 = DIRECTION('',(1.,0.,0.));
#14805 = ORIENTED_EDGE('',*,*,#14594,.T.);
#14806 = ORIENTED_EDGE('',*,*,#14807,.T.);
#14807 = EDGE_CURVE('',#14595,#14808,#14810,.T.);
#14808 = VERTEX_POINT('',#14809);
#14809 = CARTESIAN_POINT('',(88.,125.2,8.8));
#14810 = CIRCLE('',#14811,0.8);
#14811 = AXIS2_PLACEMENT_3D('',#14812,#14813,#14814);
#14812 = CARTESIAN_POINT('',(87.2,125.2,8.8));
#14813 = DIRECTION('',(0.,-1.,0.));
#14814 = DIRECTION('',(1.,0.,0.));
#14815 = ORIENTED_EDGE('',*,*,#14816,.F.);
#14816 = EDGE_CURVE('',#14749,#14808,#14817,.T.);
#14817 = LINE('',#14818,#14819);
#14818 = CARTESIAN_POINT('',(88.,50.,8.8));
#14819 = VECTOR('',#14820,1.);
#14820 = DIRECTION('',(0.,1.,0.));
#14821 = CYLINDRICAL_SURFACE('',#14822,0.8);
#14822 = AXIS2_PLACEMENT_3D('',#14823,#14824,#14825);
#14823 = CARTESIAN_POINT('',(87.2,50.,8.8));
#14824 = DIRECTION('',(0.,1.,0.));
#14825 = DIRECTION('',(1.,0.,0.));
#14826 = ADVANCED_FACE('',(#14827),#14839,.T.);
#14827 = FACE_BOUND('',#14828,.T.);
#14828 = EDGE_LOOP('',(#14829,#14830,#14831,#14838));
#14829 = ORIENTED_EDGE('',*,*,#14665,.T.);
#14830 = ORIENTED_EDGE('',*,*,#14650,.T.);
#14831 = ORIENTED_EDGE('',*,*,#14832,.F.);
#14832 = EDGE_CURVE('',#14683,#14643,#14833,.T.);
#14833 = CIRCLE('',#14834,0.8);
#14834 = AXIS2_PLACEMENT_3D('',#14835,#14836,#14837);
#14835 = CARTESIAN_POINT('',(87.2,125.2,9.2));
#14836 = DIRECTION('',(1.,0.,-6.123233995737E-17));
#14837 = DIRECTION('',(6.123233995737E-17,0.,1.));
#14838 = ORIENTED_EDGE('',*,*,#14682,.F.);
#14839 = CYLINDRICAL_SURFACE('',#14840,0.8);
#14840 = AXIS2_PLACEMENT_3D('',#14841,#14842,#14843);
#14841 = CARTESIAN_POINT('',(86.,125.2,9.2));
#14842 = DIRECTION('',(1.,0.,0.));
#14843 = DIRECTION('',(0.,1.,0.));
#14844 = ADVANCED_FACE('',(#14845),#14870,.T.);
#14845 = FACE_BOUND('',#14846,.F.);
#14846 = EDGE_LOOP('',(#14847,#14854,#14855,#14864));
#14847 = ORIENTED_EDGE('',*,*,#14848,.F.);
#14848 = EDGE_CURVE('',#14635,#14751,#14849,.T.);
#14849 = CIRCLE('',#14850,0.8);
#14850 = AXIS2_PLACEMENT_3D('',#14851,#14852,#14853);
#14851 = CARTESIAN_POINT('',(87.2,50.8,9.2));
#14852 = DIRECTION('',(-0.,1.,0.));
#14853 = DIRECTION('',(1.,0.,0.));
#14854 = ORIENTED_EDGE('',*,*,#14642,.T.);
#14855 = ORIENTED_EDGE('',*,*,#14856,.F.);
#14856 = EDGE_CURVE('',#14857,#14643,#14859,.T.);
#14857 = VERTEX_POINT('',#14858);
#14858 = CARTESIAN_POINT('',(88.,125.2,9.2));
#14859 = CIRCLE('',#14860,0.8);
#14860 = AXIS2_PLACEMENT_3D('',#14861,#14862,#14863);
#14861 = CARTESIAN_POINT('',(87.2,125.2,9.2));
#14862 = DIRECTION('',(0.,-1.,0.));
#14863 = DIRECTION('',(1.,0.,0.));
#14864 = ORIENTED_EDGE('',*,*,#14865,.F.);
#14865 = EDGE_CURVE('',#14751,#14857,#14866,.T.);
#14866 = LINE('',#14867,#14868);
#14867 = CARTESIAN_POINT('',(88.,50.,9.2));
#14868 = VECTOR('',#14869,1.);
#14869 = DIRECTION('',(0.,1.,0.));
#14870 = CYLINDRICAL_SURFACE('',#14871,0.8);
#14871 = AXIS2_PLACEMENT_3D('',#14872,#14873,#14874);
#14872 = CARTESIAN_POINT('',(87.2,50.,9.2));
#14873 = DIRECTION('',(0.,1.,0.));
#14874 = DIRECTION('',(1.,0.,0.));
#14875 = ADVANCED_FACE('',(#14876),#14899,.T.);
#14876 = FACE_BOUND('',#14877,.T.);
#14877 = EDGE_LOOP('',(#14878,#14884,#14891,#14892));
#14878 = ORIENTED_EDGE('',*,*,#14879,.F.);
#14879 = EDGE_CURVE('',#14808,#14857,#14880,.T.);
#14880 = LINE('',#14881,#14882);
#14881 = CARTESIAN_POINT('',(88.,125.2,8.));
#14882 = VECTOR('',#14883,1.);
#14883 = DIRECTION('',(0.,0.,1.));
#14884 = ORIENTED_EDGE('',*,*,#14885,.T.);
#14885 = EDGE_CURVE('',#14808,#14691,#14886,.T.);
#14886 = CIRCLE('',#14887,0.8);
#14887 = AXIS2_PLACEMENT_3D('',#14888,#14889,#14890);
#14888 = CARTESIAN_POINT('',(87.2,125.2,8.8));
#14889 = DIRECTION('',(0.,0.,1.));
#14890 = DIRECTION('',(1.,0.,0.));
#14891 = ORIENTED_EDGE('',*,*,#14690,.T.);
#14892 = ORIENTED_EDGE('',*,*,#14893,.T.);
#14893 = EDGE_CURVE('',#14683,#14857,#14894,.T.);
#14894 = CIRCLE('',#14895,0.8);
#14895 = AXIS2_PLACEMENT_3D('',#14896,#14897,#14898);
#14896 = CARTESIAN_POINT('',(87.2,125.2,9.2));
#14897 = DIRECTION('',(0.,0.,-1.));
#14898 = DIRECTION('',(1.,0.,0.));
#14899 = CYLINDRICAL_SURFACE('',#14900,0.8);
#14900 = AXIS2_PLACEMENT_3D('',#14901,#14902,#14903);
#14901 = CARTESIAN_POINT('',(87.2,125.2,8.));
#14902 = DIRECTION('',(0.,0.,1.));
#14903 = DIRECTION('',(1.,0.,0.));
#14904 = ADVANCED_FACE('',(#14905),#14910,.T.);
#14905 = FACE_BOUND('',#14906,.F.);
#14906 = EDGE_LOOP('',(#14907,#14908,#14909));
#14907 = ORIENTED_EDGE('',*,*,#14799,.F.);
#14908 = ORIENTED_EDGE('',*,*,#14714,.T.);
#14909 = ORIENTED_EDGE('',*,*,#14758,.F.);
#14910 = SPHERICAL_SURFACE('',#14911,0.8);
#14911 = AXIS2_PLACEMENT_3D('',#14912,#14913,#14914);
#14912 = CARTESIAN_POINT('',(87.2,50.8,8.8));
#14913 = DIRECTION('',(0.,0.,1.));
#14914 = DIRECTION('',(1.,0.,0.));
#14915 = ADVANCED_FACE('',(#14916),#14921,.T.);
#14916 = FACE_BOUND('',#14917,.T.);
#14917 = EDGE_LOOP('',(#14918,#14919,#14920));
#14918 = ORIENTED_EDGE('',*,*,#14848,.F.);
#14919 = ORIENTED_EDGE('',*,*,#14732,.T.);
#14920 = ORIENTED_EDGE('',*,*,#14766,.F.);
#14921 = SPHERICAL_SURFACE('',#14922,0.8);
#14922 = AXIS2_PLACEMENT_3D('',#14923,#14924,#14925);
#14923 = CARTESIAN_POINT('',(87.2,50.8,9.2));
#14924 = DIRECTION('',(-0.,-0.,-1.));
#14925 = DIRECTION('',(1.,0.,0.));
#14926 = ADVANCED_FACE('',(#14927),#14933,.T.);
#14927 = FACE_BOUND('',#14928,.T.);
#14928 = EDGE_LOOP('',(#14929,#14930,#14931,#14932));
#14929 = ORIENTED_EDGE('',*,*,#14748,.F.);
#14930 = ORIENTED_EDGE('',*,*,#14816,.T.);
#14931 = ORIENTED_EDGE('',*,*,#14879,.T.);
#14932 = ORIENTED_EDGE('',*,*,#14865,.F.);
#14933 = PLANE('',#14934);
#14934 = AXIS2_PLACEMENT_3D('',#14935,#14936,#14937);
#14935 = CARTESIAN_POINT('',(88.,50.,8.));
#14936 = DIRECTION('',(1.,0.,0.));
#14937 = DIRECTION('',(0.,0.,1.));
#14938 = ADVANCED_FACE('',(#14939),#14944,.T.);
#14939 = FACE_BOUND('',#14940,.T.);
#14940 = EDGE_LOOP('',(#14941,#14942,#14943));
#14941 = ORIENTED_EDGE('',*,*,#14807,.F.);
#14942 = ORIENTED_EDGE('',*,*,#14783,.T.);
#14943 = ORIENTED_EDGE('',*,*,#14885,.F.);
#14944 = SPHERICAL_SURFACE('',#14945,0.8);
#14945 = AXIS2_PLACEMENT_3D('',#14946,#14947,#14948);
#14946 = CARTESIAN_POINT('',(87.2,125.2,8.8));
#14947 = DIRECTION('',(0.,0.,1.));
#14948 = DIRECTION('',(1.,0.,0.));
#14949 = ADVANCED_FACE('',(#14950),#14955,.T.);
#14950 = FACE_BOUND('',#14951,.T.);
#14951 = EDGE_LOOP('',(#14952,#14953,#14954));
#14952 = ORIENTED_EDGE('',*,*,#14893,.F.);
#14953 = ORIENTED_EDGE('',*,*,#14832,.T.);
#14954 = ORIENTED_EDGE('',*,*,#14856,.F.);
#14955 = SPHERICAL_SURFACE('',#14956,0.8);
#14956 = AXIS2_PLACEMENT_3D('',#14957,#14958,#14959);
#14957 = CARTESIAN_POINT('',(87.2,125.2,9.2));
#14958 = DIRECTION('',(0.,-1.,0.));
#14959 = DIRECTION('',(1.,0.,0.));
#14960 = ( GEOMETRIC_REPRESENTATION_CONTEXT(3) 
GLOBAL_UNCERTAINTY_ASSIGNED_CONTEXT((#14964)) 
GLOBAL_UNIT_ASSIGNED_CONTEXT((#14961,#14962,#14963)) 
REPRESENTATION_CONTEXT('Context #1',
  '3D Context with UNIT and UNCERTAINTY') );
#14961 = ( LENGTH_UNIT() NAMED_UNIT(*) SI_UNIT(.MILLI.,.METRE.) );
#14962 = ( NAMED_UNIT(*) PLANE_ANGLE_UNIT() SI_UNIT($,.RADIAN.) );
#14963 = ( NAMED_UNIT(*) SI_UNIT($,.STERADIAN.) SOLID_ANGLE_UNIT() );
#14964 = UNCERTAINTY_MEASURE_WITH_UNIT(LENGTH_MEASURE(2.E-06),#14961,
  'distance_accuracy_value','confusion accuracy');
#14965 = PRODUCT_RELATED_PRODUCT_CATEGORY('part',$,(#7));
ENDSEC;
END-ISO-10303-21;
