ISO-10303-21;
HEADER;
FILE_DESCRIPTION(('FreeCAD Model'),'2;1');
FILE_NAME('Open CASCADE Shape Model','2026-08-12T17:05:42',('FreeCAD'),(
    'FreeCAD'),'Open CASCADE STEP processor 7.8','FreeCAD','Unknown');
FILE_SCHEMA(('AUTOMOTIVE_DESIGN { 1 0 10303 214 1 1 1 1 }'));
ENDSEC;
DATA;
#1 = APPLICATION_PROTOCOL_DEFINITION('international standard',
  'automotive_design',2000,#2);
#2 = APPLICATION_CONTEXT(
  'core data for automotive mechanical design processes');
#3 = SHAPE_DEFINITION_REPRESENTATION(#4,#10);
#4 = PRODUCT_DEFINITION_SHAPE('','',#5);
#5 = PRODUCT_DEFINITION('design','',#6,#9);
#6 = PRODUCT_DEFINITION_FORMATION('','',#7);
#7 = PRODUCT('Open CASCADE STEP translator 7.8 2',
  'Open CASCADE STEP translator 7.8 2','',(#8));
#8 = PRODUCT_CONTEXT('',#2,'mechanical');
#9 = PRODUCT_DEFINITION_CONTEXT('part definition',#2,'design');
#10 = SHAPE_REPRESENTATION('',(#11,#15,#1374,#2642,#3910,#5178,#6719,
    #9957,#11173),#12554);
#11 = AXIS2_PLACEMENT_3D('',#12,#13,#14);
#12 = CARTESIAN_POINT('',(0.,0.,0.));
#13 = DIRECTION('',(0.,0.,1.));
#14 = DIRECTION('',(1.,0.,-0.));
#15 = MANIFOLD_SOLID_BREP('',#16);
#16 = CLOSED_SHELL('',(#17,#57,#90,#123,#156,#189,#206,#223,#265,#296,
    #313,#344,#361,#462,#480,#498,#531,#557,#575,#606,#624,#655,#684,
    #717,#743,#769,#794,#819,#845,#871,#888,#899,#910,#922,#947,#958,
    #969,#1000,#1025,#1050,#1074,#1098,#1123,#1148,#1165,#1191,#1224,
    #1241,#1258,#1283,#1308,#1325,#1342,#1359));
#17 = ADVANCED_FACE('',(#18),#52,.F.);
#18 = FACE_BOUND('',#19,.F.);
#19 = EDGE_LOOP('',(#20,#30,#38,#46));
#20 = ORIENTED_EDGE('',*,*,#21,.F.);
#21 = EDGE_CURVE('',#22,#24,#26,.T.);
#22 = VERTEX_POINT('',#23);
#23 = CARTESIAN_POINT('',(58.,1.7,3.7));
#24 = VERTEX_POINT('',#25);
#25 = CARTESIAN_POINT('',(58.,1.7,26.3));
#26 = LINE('',#27,#28);
#27 = CARTESIAN_POINT('',(58.,1.7,3.));
#28 = VECTOR('',#29,1.);
#29 = DIRECTION('',(0.,0.,1.));
#30 = ORIENTED_EDGE('',*,*,#31,.T.);
#31 = EDGE_CURVE('',#22,#32,#34,.T.);
#32 = VERTEX_POINT('',#33);
#33 = CARTESIAN_POINT('',(58.,17.3,3.7));
#34 = LINE('',#35,#36);
#35 = CARTESIAN_POINT('',(58.,1.,3.7));
#36 = VECTOR('',#37,1.);
#37 = DIRECTION('',(0.,1.,0.));
#38 = ORIENTED_EDGE('',*,*,#39,.T.);
#39 = EDGE_CURVE('',#32,#40,#42,.T.);
#40 = VERTEX_POINT('',#41);
#41 = CARTESIAN_POINT('',(58.,17.3,26.3));
#42 = LINE('',#43,#44);
#43 = CARTESIAN_POINT('',(58.,17.3,3.));
#44 = VECTOR('',#45,1.);
#45 = DIRECTION('',(0.,0.,1.));
#46 = ORIENTED_EDGE('',*,*,#47,.F.);
#47 = EDGE_CURVE('',#24,#40,#48,.T.);
#48 = LINE('',#49,#50);
#49 = CARTESIAN_POINT('',(58.,1.,26.3));
#50 = VECTOR('',#51,1.);
#51 = DIRECTION('',(0.,1.,0.));
#52 = PLANE('',#53);
#53 = AXIS2_PLACEMENT_3D('',#54,#55,#56);
#54 = CARTESIAN_POINT('',(58.,1.,3.));
#55 = DIRECTION('',(1.,0.,0.));
#56 = DIRECTION('',(0.,0.,1.));
#57 = ADVANCED_FACE('',(#58),#85,.T.);
#58 = FACE_BOUND('',#59,.T.);
#59 = EDGE_LOOP('',(#60,#61,#70,#78));
#60 = ORIENTED_EDGE('',*,*,#21,.F.);
#61 = ORIENTED_EDGE('',*,*,#62,.T.);
#62 = EDGE_CURVE('',#22,#63,#65,.T.);
#63 = VERTEX_POINT('',#64);
#64 = CARTESIAN_POINT('',(58.7,1.,3.7));
#65 = CIRCLE('',#66,0.7);
#66 = AXIS2_PLACEMENT_3D('',#67,#68,#69);
#67 = CARTESIAN_POINT('',(58.7,1.7,3.7));
#68 = DIRECTION('',(0.,0.,1.));
#69 = DIRECTION('',(-1.,0.,0.));
#70 = ORIENTED_EDGE('',*,*,#71,.T.);
#71 = EDGE_CURVE('',#63,#72,#74,.T.);
#72 = VERTEX_POINT('',#73);
#73 = CARTESIAN_POINT('',(58.7,1.,26.3));
#74 = LINE('',#75,#76);
#75 = CARTESIAN_POINT('',(58.7,1.,3.));
#76 = VECTOR('',#77,1.);
#77 = DIRECTION('',(0.,0.,1.));
#78 = ORIENTED_EDGE('',*,*,#79,.F.);
#79 = EDGE_CURVE('',#24,#72,#80,.T.);
#80 = CIRCLE('',#81,0.7);
#81 = AXIS2_PLACEMENT_3D('',#82,#83,#84);
#82 = CARTESIAN_POINT('',(58.7,1.7,26.3));
#83 = DIRECTION('',(0.,0.,1.));
#84 = DIRECTION('',(-1.,0.,0.));
#85 = CYLINDRICAL_SURFACE('',#86,0.7);
#86 = AXIS2_PLACEMENT_3D('',#87,#88,#89);
#87 = CARTESIAN_POINT('',(58.7,1.7,3.));
#88 = DIRECTION('',(0.,0.,1.));
#89 = DIRECTION('',(-1.,0.,0.));
#90 = ADVANCED_FACE('',(#91),#118,.T.);
#91 = FACE_BOUND('',#92,.F.);
#92 = EDGE_LOOP('',(#93,#102,#110,#117));
#93 = ORIENTED_EDGE('',*,*,#94,.F.);
#94 = EDGE_CURVE('',#95,#22,#97,.T.);
#95 = VERTEX_POINT('',#96);
#96 = CARTESIAN_POINT('',(58.7,1.7,3.));
#97 = CIRCLE('',#98,0.7);
#98 = AXIS2_PLACEMENT_3D('',#99,#100,#101);
#99 = CARTESIAN_POINT('',(58.7,1.7,3.7));
#100 = DIRECTION('',(0.,1.,-0.));
#101 = DIRECTION('',(-1.,0.,0.));
#102 = ORIENTED_EDGE('',*,*,#103,.T.);
#103 = EDGE_CURVE('',#95,#104,#106,.T.);
#104 = VERTEX_POINT('',#105);
#105 = CARTESIAN_POINT('',(58.7,17.3,3.));
#106 = LINE('',#107,#108);
#107 = CARTESIAN_POINT('',(58.7,1.,3.));
#108 = VECTOR('',#109,1.);
#109 = DIRECTION('',(0.,1.,0.));
#110 = ORIENTED_EDGE('',*,*,#111,.T.);
#111 = EDGE_CURVE('',#104,#32,#112,.T.);
#112 = CIRCLE('',#113,0.7);
#113 = AXIS2_PLACEMENT_3D('',#114,#115,#116);
#114 = CARTESIAN_POINT('',(58.7,17.3,3.7));
#115 = DIRECTION('',(0.,1.,-0.));
#116 = DIRECTION('',(-1.,0.,0.));
#117 = ORIENTED_EDGE('',*,*,#31,.F.);
#118 = CYLINDRICAL_SURFACE('',#119,0.7);
#119 = AXIS2_PLACEMENT_3D('',#120,#121,#122);
#120 = CARTESIAN_POINT('',(58.7,1.,3.7));
#121 = DIRECTION('',(0.,1.,0.));
#122 = DIRECTION('',(-1.,0.,0.));
#123 = ADVANCED_FACE('',(#124),#151,.T.);
#124 = FACE_BOUND('',#125,.T.);
#125 = EDGE_LOOP('',(#126,#135,#143,#150));
#126 = ORIENTED_EDGE('',*,*,#127,.F.);
#127 = EDGE_CURVE('',#128,#24,#130,.T.);
#128 = VERTEX_POINT('',#129);
#129 = CARTESIAN_POINT('',(58.7,1.7,27.));
#130 = CIRCLE('',#131,0.7);
#131 = AXIS2_PLACEMENT_3D('',#132,#133,#134);
#132 = CARTESIAN_POINT('',(58.7,1.7,26.3));
#133 = DIRECTION('',(0.,-1.,0.));
#134 = DIRECTION('',(-1.,0.,0.));
#135 = ORIENTED_EDGE('',*,*,#136,.T.);
#136 = EDGE_CURVE('',#128,#137,#139,.T.);
#137 = VERTEX_POINT('',#138);
#138 = CARTESIAN_POINT('',(58.7,17.3,27.));
#139 = LINE('',#140,#141);
#140 = CARTESIAN_POINT('',(58.7,1.,27.));
#141 = VECTOR('',#142,1.);
#142 = DIRECTION('',(0.,1.,0.));
#143 = ORIENTED_EDGE('',*,*,#144,.F.);
#144 = EDGE_CURVE('',#40,#137,#145,.T.);
#145 = CIRCLE('',#146,0.7);
#146 = AXIS2_PLACEMENT_3D('',#147,#148,#149);
#147 = CARTESIAN_POINT('',(58.7,17.3,26.3));
#148 = DIRECTION('',(0.,1.,-0.));
#149 = DIRECTION('',(-1.,0.,0.));
#150 = ORIENTED_EDGE('',*,*,#47,.F.);
#151 = CYLINDRICAL_SURFACE('',#152,0.7);
#152 = AXIS2_PLACEMENT_3D('',#153,#154,#155);
#153 = CARTESIAN_POINT('',(58.7,1.,26.3));
#154 = DIRECTION('',(0.,1.,0.));
#155 = DIRECTION('',(-1.,0.,0.));
#156 = ADVANCED_FACE('',(#157),#184,.T.);
#157 = FACE_BOUND('',#158,.F.);
#158 = EDGE_LOOP('',(#159,#160,#169,#177));
#159 = ORIENTED_EDGE('',*,*,#39,.F.);
#160 = ORIENTED_EDGE('',*,*,#161,.T.);
#161 = EDGE_CURVE('',#32,#162,#164,.T.);
#162 = VERTEX_POINT('',#163);
#163 = CARTESIAN_POINT('',(58.7,18.,3.7));
#164 = CIRCLE('',#165,0.7);
#165 = AXIS2_PLACEMENT_3D('',#166,#167,#168);
#166 = CARTESIAN_POINT('',(58.7,17.3,3.7));
#167 = DIRECTION('',(0.,0.,-1.));
#168 = DIRECTION('',(-1.,0.,0.));
#169 = ORIENTED_EDGE('',*,*,#170,.T.);
#170 = EDGE_CURVE('',#162,#171,#173,.T.);
#171 = VERTEX_POINT('',#172);
#172 = CARTESIAN_POINT('',(58.7,18.,26.3));
#173 = LINE('',#174,#175);
#174 = CARTESIAN_POINT('',(58.7,18.,3.));
#175 = VECTOR('',#176,1.);
#176 = DIRECTION('',(0.,0.,1.));
#177 = ORIENTED_EDGE('',*,*,#178,.T.);
#178 = EDGE_CURVE('',#171,#40,#179,.T.);
#179 = CIRCLE('',#180,0.7);
#180 = AXIS2_PLACEMENT_3D('',#181,#182,#183);
#181 = CARTESIAN_POINT('',(58.7,17.3,26.3));
#182 = DIRECTION('',(0.,0.,1.));
#183 = DIRECTION('',(-1.,0.,0.));
#184 = CYLINDRICAL_SURFACE('',#185,0.7);
#185 = AXIS2_PLACEMENT_3D('',#186,#187,#188);
#186 = CARTESIAN_POINT('',(58.7,17.3,3.));
#187 = DIRECTION('',(0.,0.,1.));
#188 = DIRECTION('',(-1.,0.,0.));
#189 = ADVANCED_FACE('',(#190),#201,.T.);
#190 = FACE_BOUND('',#191,.T.);
#191 = EDGE_LOOP('',(#192,#193,#200));
#192 = ORIENTED_EDGE('',*,*,#94,.F.);
#193 = ORIENTED_EDGE('',*,*,#194,.T.);
#194 = EDGE_CURVE('',#95,#63,#195,.T.);
#195 = CIRCLE('',#196,0.7);
#196 = AXIS2_PLACEMENT_3D('',#197,#198,#199);
#197 = CARTESIAN_POINT('',(58.7,1.7,3.7));
#198 = DIRECTION('',(-1.,6.123233995737E-17,0.));
#199 = DIRECTION('',(-6.123233995737E-17,-1.,0.));
#200 = ORIENTED_EDGE('',*,*,#62,.F.);
#201 = SPHERICAL_SURFACE('',#202,0.7);
#202 = AXIS2_PLACEMENT_3D('',#203,#204,#205);
#203 = CARTESIAN_POINT('',(58.7,1.7,3.7));
#204 = DIRECTION('',(0.,0.,1.));
#205 = DIRECTION('',(-1.,0.,0.));
#206 = ADVANCED_FACE('',(#207),#218,.T.);
#207 = FACE_BOUND('',#208,.F.);
#208 = EDGE_LOOP('',(#209,#210,#217));
#209 = ORIENTED_EDGE('',*,*,#127,.F.);
#210 = ORIENTED_EDGE('',*,*,#211,.T.);
#211 = EDGE_CURVE('',#128,#72,#212,.T.);
#212 = CIRCLE('',#213,0.7);
#213 = AXIS2_PLACEMENT_3D('',#214,#215,#216);
#214 = CARTESIAN_POINT('',(58.7,1.7,26.3));
#215 = DIRECTION('',(1.,-6.123233995737E-17,0.));
#216 = DIRECTION('',(-6.123233995737E-17,-1.,0.));
#217 = ORIENTED_EDGE('',*,*,#79,.F.);
#218 = SPHERICAL_SURFACE('',#219,0.7);
#219 = AXIS2_PLACEMENT_3D('',#220,#221,#222);
#220 = CARTESIAN_POINT('',(58.7,1.7,26.3));
#221 = DIRECTION('',(-0.,-0.,-1.));
#222 = DIRECTION('',(-1.,0.,0.));
#223 = ADVANCED_FACE('',(#224,#249),#260,.F.);
#224 = FACE_BOUND('',#225,.F.);
#225 = EDGE_LOOP('',(#226,#227,#235,#243));
#226 = ORIENTED_EDGE('',*,*,#71,.T.);
#227 = ORIENTED_EDGE('',*,*,#228,.T.);
#228 = EDGE_CURVE('',#72,#229,#231,.T.);
#229 = VERTEX_POINT('',#230);
#230 = CARTESIAN_POINT('',(81.3,1.,26.3));
#231 = LINE('',#232,#233);
#232 = CARTESIAN_POINT('',(58.,1.,26.3));
#233 = VECTOR('',#234,1.);
#234 = DIRECTION('',(1.,0.,0.));
#235 = ORIENTED_EDGE('',*,*,#236,.F.);
#236 = EDGE_CURVE('',#237,#229,#239,.T.);
#237 = VERTEX_POINT('',#238);
#238 = CARTESIAN_POINT('',(81.3,1.,3.7));
#239 = LINE('',#240,#241);
#240 = CARTESIAN_POINT('',(81.3,1.,3.));
#241 = VECTOR('',#242,1.);
#242 = DIRECTION('',(0.,0.,1.));
#243 = ORIENTED_EDGE('',*,*,#244,.F.);
#244 = EDGE_CURVE('',#63,#237,#245,.T.);
#245 = LINE('',#246,#247);
#246 = CARTESIAN_POINT('',(58.,1.,3.7));
#247 = VECTOR('',#248,1.);
#248 = DIRECTION('',(1.,0.,0.));
#249 = FACE_BOUND('',#250,.F.);
#250 = EDGE_LOOP('',(#251));
#251 = ORIENTED_EDGE('',*,*,#252,.F.);
#252 = EDGE_CURVE('',#253,#253,#255,.T.);
#253 = VERTEX_POINT('',#254);
#254 = CARTESIAN_POINT('',(70.,1.,21.2));
#255 = CIRCLE('',#256,6.2);
#256 = AXIS2_PLACEMENT_3D('',#257,#258,#259);
#257 = CARTESIAN_POINT('',(70.,1.,15.));
#258 = DIRECTION('',(0.,1.,0.));
#259 = DIRECTION('',(0.,0.,1.));
#260 = PLANE('',#261);
#261 = AXIS2_PLACEMENT_3D('',#262,#263,#264);
#262 = CARTESIAN_POINT('',(58.,1.,3.));
#263 = DIRECTION('',(0.,1.,0.));
#264 = DIRECTION('',(0.,0.,1.));
#265 = ADVANCED_FACE('',(#266),#291,.F.);
#266 = FACE_BOUND('',#267,.F.);
#267 = EDGE_LOOP('',(#268,#269,#277,#285));
#268 = ORIENTED_EDGE('',*,*,#103,.F.);
#269 = ORIENTED_EDGE('',*,*,#270,.T.);
#270 = EDGE_CURVE('',#95,#271,#273,.T.);
#271 = VERTEX_POINT('',#272);
#272 = CARTESIAN_POINT('',(81.3,1.7,3.));
#273 = LINE('',#274,#275);
#274 = CARTESIAN_POINT('',(58.,1.7,3.));
#275 = VECTOR('',#276,1.);
#276 = DIRECTION('',(1.,0.,0.));
#277 = ORIENTED_EDGE('',*,*,#278,.T.);
#278 = EDGE_CURVE('',#271,#279,#281,.T.);
#279 = VERTEX_POINT('',#280);
#280 = CARTESIAN_POINT('',(81.3,17.3,3.));
#281 = LINE('',#282,#283);
#282 = CARTESIAN_POINT('',(81.3,1.,3.));
#283 = VECTOR('',#284,1.);
#284 = DIRECTION('',(0.,1.,0.));
#285 = ORIENTED_EDGE('',*,*,#286,.F.);
#286 = EDGE_CURVE('',#104,#279,#287,.T.);
#287 = LINE('',#288,#289);
#288 = CARTESIAN_POINT('',(58.,17.3,3.));
#289 = VECTOR('',#290,1.);
#290 = DIRECTION('',(1.,0.,0.));
#291 = PLANE('',#292);
#292 = AXIS2_PLACEMENT_3D('',#293,#294,#295);
#293 = CARTESIAN_POINT('',(58.,1.,3.));
#294 = DIRECTION('',(0.,0.,1.));
#295 = DIRECTION('',(1.,0.,0.));
#296 = ADVANCED_FACE('',(#297),#308,.T.);
#297 = FACE_BOUND('',#298,.F.);
#298 = EDGE_LOOP('',(#299,#300,#307));
#299 = ORIENTED_EDGE('',*,*,#111,.F.);
#300 = ORIENTED_EDGE('',*,*,#301,.T.);
#301 = EDGE_CURVE('',#104,#162,#302,.T.);
#302 = CIRCLE('',#303,0.7);
#303 = AXIS2_PLACEMENT_3D('',#304,#305,#306);
#304 = CARTESIAN_POINT('',(58.7,17.3,3.7));
#305 = DIRECTION('',(1.,6.123233995737E-17,-0.));
#306 = DIRECTION('',(-6.123233995737E-17,1.,0.));
#307 = ORIENTED_EDGE('',*,*,#161,.F.);
#308 = SPHERICAL_SURFACE('',#309,0.7);
#309 = AXIS2_PLACEMENT_3D('',#310,#311,#312);
#310 = CARTESIAN_POINT('',(58.7,17.3,3.7));
#311 = DIRECTION('',(0.,0.,1.));
#312 = DIRECTION('',(-1.,0.,0.));
#313 = ADVANCED_FACE('',(#314),#339,.T.);
#314 = FACE_BOUND('',#315,.T.);
#315 = EDGE_LOOP('',(#316,#317,#325,#333));
#316 = ORIENTED_EDGE('',*,*,#136,.F.);
#317 = ORIENTED_EDGE('',*,*,#318,.T.);
#318 = EDGE_CURVE('',#128,#319,#321,.T.);
#319 = VERTEX_POINT('',#320);
#320 = CARTESIAN_POINT('',(81.3,1.7,27.));
#321 = LINE('',#322,#323);
#322 = CARTESIAN_POINT('',(58.,1.7,27.));
#323 = VECTOR('',#324,1.);
#324 = DIRECTION('',(1.,0.,0.));
#325 = ORIENTED_EDGE('',*,*,#326,.T.);
#326 = EDGE_CURVE('',#319,#327,#329,.T.);
#327 = VERTEX_POINT('',#328);
#328 = CARTESIAN_POINT('',(81.3,17.3,27.));
#329 = LINE('',#330,#331);
#330 = CARTESIAN_POINT('',(81.3,1.,27.));
#331 = VECTOR('',#332,1.);
#332 = DIRECTION('',(0.,1.,0.));
#333 = ORIENTED_EDGE('',*,*,#334,.F.);
#334 = EDGE_CURVE('',#137,#327,#335,.T.);
#335 = LINE('',#336,#337);
#336 = CARTESIAN_POINT('',(58.,17.3,27.));
#337 = VECTOR('',#338,1.);
#338 = DIRECTION('',(1.,0.,0.));
#339 = PLANE('',#340);
#340 = AXIS2_PLACEMENT_3D('',#341,#342,#343);
#341 = CARTESIAN_POINT('',(58.,1.,27.));
#342 = DIRECTION('',(0.,0.,1.));
#343 = DIRECTION('',(1.,0.,0.));
#344 = ADVANCED_FACE('',(#345),#356,.T.);
#345 = FACE_BOUND('',#346,.F.);
#346 = EDGE_LOOP('',(#347,#348,#355));
#347 = ORIENTED_EDGE('',*,*,#178,.F.);
#348 = ORIENTED_EDGE('',*,*,#349,.T.);
#349 = EDGE_CURVE('',#171,#137,#350,.T.);
#350 = CIRCLE('',#351,0.7);
#351 = AXIS2_PLACEMENT_3D('',#352,#353,#354);
#352 = CARTESIAN_POINT('',(58.7,17.3,26.3));
#353 = DIRECTION('',(1.,0.,6.123233995737E-17));
#354 = DIRECTION('',(-6.123233995737E-17,0.,1.));
#355 = ORIENTED_EDGE('',*,*,#144,.F.);
#356 = SPHERICAL_SURFACE('',#357,0.7);
#357 = AXIS2_PLACEMENT_3D('',#358,#359,#360);
#358 = CARTESIAN_POINT('',(58.7,17.3,26.3));
#359 = DIRECTION('',(-0.,-1.,-0.));
#360 = DIRECTION('',(-1.,0.,0.));
#361 = ADVANCED_FACE('',(#362,#387),#457,.T.);
#362 = FACE_BOUND('',#363,.T.);
#363 = EDGE_LOOP('',(#364,#365,#373,#381));
#364 = ORIENTED_EDGE('',*,*,#170,.T.);
#365 = ORIENTED_EDGE('',*,*,#366,.T.);
#366 = EDGE_CURVE('',#171,#367,#369,.T.);
#367 = VERTEX_POINT('',#368);
#368 = CARTESIAN_POINT('',(81.3,18.,26.3));
#369 = LINE('',#370,#371);
#370 = CARTESIAN_POINT('',(58.,18.,26.3));
#371 = VECTOR('',#372,1.);
#372 = DIRECTION('',(1.,0.,0.));
#373 = ORIENTED_EDGE('',*,*,#374,.F.);
#374 = EDGE_CURVE('',#375,#367,#377,.T.);
#375 = VERTEX_POINT('',#376);
#376 = CARTESIAN_POINT('',(81.3,18.,3.7));
#377 = LINE('',#378,#379);
#378 = CARTESIAN_POINT('',(81.3,18.,3.));
#379 = VECTOR('',#380,1.);
#380 = DIRECTION('',(0.,0.,1.));
#381 = ORIENTED_EDGE('',*,*,#382,.F.);
#382 = EDGE_CURVE('',#162,#375,#383,.T.);
#383 = LINE('',#384,#385);
#384 = CARTESIAN_POINT('',(58.,18.,3.7));
#385 = VECTOR('',#386,1.);
#386 = DIRECTION('',(1.,0.,0.));
#387 = FACE_BOUND('',#388,.T.);
#388 = EDGE_LOOP('',(#389,#399,#408,#416,#425,#433,#442,#450));
#389 = ORIENTED_EDGE('',*,*,#390,.F.);
#390 = EDGE_CURVE('',#391,#393,#395,.T.);
#391 = VERTEX_POINT('',#392);
#392 = CARTESIAN_POINT('',(60.7,18.,25.7));
#393 = VERTEX_POINT('',#394);
#394 = CARTESIAN_POINT('',(79.3,18.,25.7));
#395 = LINE('',#396,#397);
#396 = CARTESIAN_POINT('',(60.,18.,25.7));
#397 = VECTOR('',#398,1.);
#398 = DIRECTION('',(1.,0.,0.));
#399 = ORIENTED_EDGE('',*,*,#400,.T.);
#400 = EDGE_CURVE('',#391,#401,#403,.T.);
#401 = VERTEX_POINT('',#402);
#402 = CARTESIAN_POINT('',(59.3,18.,24.3));
#403 = CIRCLE('',#404,1.4);
#404 = AXIS2_PLACEMENT_3D('',#405,#406,#407);
#405 = CARTESIAN_POINT('',(60.7,18.,24.3));
#406 = DIRECTION('',(0.,-1.,0.));
#407 = DIRECTION('',(0.,0.,1.));
#408 = ORIENTED_EDGE('',*,*,#409,.T.);
#409 = EDGE_CURVE('',#401,#410,#412,.T.);
#410 = VERTEX_POINT('',#411);
#411 = CARTESIAN_POINT('',(59.3,18.,5.7));
#412 = LINE('',#413,#414);
#413 = CARTESIAN_POINT('',(59.3,18.,25.));
#414 = VECTOR('',#415,1.);
#415 = DIRECTION('',(0.,0.,-1.));
#416 = ORIENTED_EDGE('',*,*,#417,.F.);
#417 = EDGE_CURVE('',#418,#410,#420,.T.);
#418 = VERTEX_POINT('',#419);
#419 = CARTESIAN_POINT('',(60.7,18.,4.3));
#420 = CIRCLE('',#421,1.4);
#421 = AXIS2_PLACEMENT_3D('',#422,#423,#424);
#422 = CARTESIAN_POINT('',(60.7,18.,5.7));
#423 = DIRECTION('',(0.,1.,0.));
#424 = DIRECTION('',(0.,0.,-1.));
#425 = ORIENTED_EDGE('',*,*,#426,.T.);
#426 = EDGE_CURVE('',#418,#427,#429,.T.);
#427 = VERTEX_POINT('',#428);
#428 = CARTESIAN_POINT('',(79.3,18.,4.3));
#429 = LINE('',#430,#431);
#430 = CARTESIAN_POINT('',(60.,18.,4.3));
#431 = VECTOR('',#432,1.);
#432 = DIRECTION('',(1.,0.,0.));
#433 = ORIENTED_EDGE('',*,*,#434,.F.);
#434 = EDGE_CURVE('',#435,#427,#437,.T.);
#435 = VERTEX_POINT('',#436);
#436 = CARTESIAN_POINT('',(80.7,18.,5.7));
#437 = CIRCLE('',#438,1.4);
#438 = AXIS2_PLACEMENT_3D('',#439,#440,#441);
#439 = CARTESIAN_POINT('',(79.3,18.,5.7));
#440 = DIRECTION('',(-0.,1.,0.));
#441 = DIRECTION('',(1.,0.,0.));
#442 = ORIENTED_EDGE('',*,*,#443,.F.);
#443 = EDGE_CURVE('',#444,#435,#446,.T.);
#444 = VERTEX_POINT('',#445);
#445 = CARTESIAN_POINT('',(80.7,18.,24.3));
#446 = LINE('',#447,#448);
#447 = CARTESIAN_POINT('',(80.7,18.,25.));
#448 = VECTOR('',#449,1.);
#449 = DIRECTION('',(0.,0.,-1.));
#450 = ORIENTED_EDGE('',*,*,#451,.F.);
#451 = EDGE_CURVE('',#393,#444,#452,.T.);
#452 = CIRCLE('',#453,1.4);
#453 = AXIS2_PLACEMENT_3D('',#454,#455,#456);
#454 = CARTESIAN_POINT('',(79.3,18.,24.3));
#455 = DIRECTION('',(0.,1.,0.));
#456 = DIRECTION('',(0.,0.,1.));
#457 = PLANE('',#458);
#458 = AXIS2_PLACEMENT_3D('',#459,#460,#461);
#459 = CARTESIAN_POINT('',(58.,18.,3.));
#460 = DIRECTION('',(0.,1.,0.));
#461 = DIRECTION('',(0.,0.,1.));
#462 = ADVANCED_FACE('',(#463),#475,.T.);
#463 = FACE_BOUND('',#464,.T.);
#464 = EDGE_LOOP('',(#465,#466,#467,#474));
#465 = ORIENTED_EDGE('',*,*,#194,.F.);
#466 = ORIENTED_EDGE('',*,*,#270,.T.);
#467 = ORIENTED_EDGE('',*,*,#468,.F.);
#468 = EDGE_CURVE('',#237,#271,#469,.T.);
#469 = CIRCLE('',#470,0.7);
#470 = AXIS2_PLACEMENT_3D('',#471,#472,#473);
#471 = CARTESIAN_POINT('',(81.3,1.7,3.7));
#472 = DIRECTION('',(1.,0.,0.));
#473 = DIRECTION('',(0.,-1.,0.));
#474 = ORIENTED_EDGE('',*,*,#244,.F.);
#475 = CYLINDRICAL_SURFACE('',#476,0.7);
#476 = AXIS2_PLACEMENT_3D('',#477,#478,#479);
#477 = CARTESIAN_POINT('',(58.,1.7,3.7));
#478 = DIRECTION('',(1.,0.,0.));
#479 = DIRECTION('',(0.,-1.,0.));
#480 = ADVANCED_FACE('',(#481),#493,.T.);
#481 = FACE_BOUND('',#482,.F.);
#482 = EDGE_LOOP('',(#483,#484,#485,#492));
#483 = ORIENTED_EDGE('',*,*,#211,.F.);
#484 = ORIENTED_EDGE('',*,*,#318,.T.);
#485 = ORIENTED_EDGE('',*,*,#486,.T.);
#486 = EDGE_CURVE('',#319,#229,#487,.T.);
#487 = CIRCLE('',#488,0.7);
#488 = AXIS2_PLACEMENT_3D('',#489,#490,#491);
#489 = CARTESIAN_POINT('',(81.3,1.7,26.3));
#490 = DIRECTION('',(1.,0.,0.));
#491 = DIRECTION('',(0.,-1.,0.));
#492 = ORIENTED_EDGE('',*,*,#228,.F.);
#493 = CYLINDRICAL_SURFACE('',#494,0.7);
#494 = AXIS2_PLACEMENT_3D('',#495,#496,#497);
#495 = CARTESIAN_POINT('',(58.,1.7,26.3));
#496 = DIRECTION('',(1.,0.,0.));
#497 = DIRECTION('',(0.,-1.,0.));
#498 = ADVANCED_FACE('',(#499),#526,.T.);
#499 = FACE_BOUND('',#500,.T.);
#500 = EDGE_LOOP('',(#501,#510,#518,#525));
#501 = ORIENTED_EDGE('',*,*,#502,.F.);
#502 = EDGE_CURVE('',#503,#237,#505,.T.);
#503 = VERTEX_POINT('',#504);
#504 = CARTESIAN_POINT('',(82.,1.7,3.7));
#505 = CIRCLE('',#506,0.7);
#506 = AXIS2_PLACEMENT_3D('',#507,#508,#509);
#507 = CARTESIAN_POINT('',(81.3,1.7,3.7));
#508 = DIRECTION('',(-0.,-0.,-1.));
#509 = DIRECTION('',(0.,-1.,0.));
#510 = ORIENTED_EDGE('',*,*,#511,.T.);
#511 = EDGE_CURVE('',#503,#512,#514,.T.);
#512 = VERTEX_POINT('',#513);
#513 = CARTESIAN_POINT('',(82.,1.7,26.3));
#514 = LINE('',#515,#516);
#515 = CARTESIAN_POINT('',(82.,1.7,3.));
#516 = VECTOR('',#517,1.);
#517 = DIRECTION('',(0.,0.,1.));
#518 = ORIENTED_EDGE('',*,*,#519,.F.);
#519 = EDGE_CURVE('',#229,#512,#520,.T.);
#520 = CIRCLE('',#521,0.7);
#521 = AXIS2_PLACEMENT_3D('',#522,#523,#524);
#522 = CARTESIAN_POINT('',(81.3,1.7,26.3));
#523 = DIRECTION('',(-0.,0.,1.));
#524 = DIRECTION('',(0.,-1.,0.));
#525 = ORIENTED_EDGE('',*,*,#236,.F.);
#526 = CYLINDRICAL_SURFACE('',#527,0.7);
#527 = AXIS2_PLACEMENT_3D('',#528,#529,#530);
#528 = CARTESIAN_POINT('',(81.3,1.7,3.));
#529 = DIRECTION('',(0.,0.,1.));
#530 = DIRECTION('',(0.,-1.,0.));
#531 = ADVANCED_FACE('',(#532),#552,.T.);
#532 = FACE_BOUND('',#533,.F.);
#533 = EDGE_LOOP('',(#534,#543,#544,#545));
#534 = ORIENTED_EDGE('',*,*,#535,.F.);
#535 = EDGE_CURVE('',#253,#536,#538,.T.);
#536 = VERTEX_POINT('',#537);
#537 = CARTESIAN_POINT('',(70.,1.7,20.5));
#538 = CIRCLE('',#539,0.7);
#539 = AXIS2_PLACEMENT_3D('',#540,#541,#542);
#540 = CARTESIAN_POINT('',(70.,1.7,21.2));
#541 = DIRECTION('',(1.,0.,-0.));
#542 = DIRECTION('',(0.,0.,1.));
#543 = ORIENTED_EDGE('',*,*,#252,.F.);
#544 = ORIENTED_EDGE('',*,*,#535,.T.);
#545 = ORIENTED_EDGE('',*,*,#546,.T.);
#546 = EDGE_CURVE('',#536,#536,#547,.T.);
#547 = CIRCLE('',#548,5.5);
#548 = AXIS2_PLACEMENT_3D('',#549,#550,#551);
#549 = CARTESIAN_POINT('',(70.,1.7,15.));
#550 = DIRECTION('',(0.,1.,0.));
#551 = DIRECTION('',(0.,0.,1.));
#552 = TOROIDAL_SURFACE('',#553,6.2,0.7);
#553 = AXIS2_PLACEMENT_3D('',#554,#555,#556);
#554 = CARTESIAN_POINT('',(70.,1.7,15.));
#555 = DIRECTION('',(-0.,-1.,-0.));
#556 = DIRECTION('',(0.,0.,1.));
#557 = ADVANCED_FACE('',(#558),#570,.T.);
#558 = FACE_BOUND('',#559,.F.);
#559 = EDGE_LOOP('',(#560,#561,#562,#569));
#560 = ORIENTED_EDGE('',*,*,#301,.F.);
#561 = ORIENTED_EDGE('',*,*,#286,.T.);
#562 = ORIENTED_EDGE('',*,*,#563,.F.);
#563 = EDGE_CURVE('',#375,#279,#564,.T.);
#564 = CIRCLE('',#565,0.7);
#565 = AXIS2_PLACEMENT_3D('',#566,#567,#568);
#566 = CARTESIAN_POINT('',(81.3,17.3,3.7));
#567 = DIRECTION('',(-1.,0.,0.));
#568 = DIRECTION('',(0.,1.,0.));
#569 = ORIENTED_EDGE('',*,*,#382,.F.);
#570 = CYLINDRICAL_SURFACE('',#571,0.7);
#571 = AXIS2_PLACEMENT_3D('',#572,#573,#574);
#572 = CARTESIAN_POINT('',(58.,17.3,3.7));
#573 = DIRECTION('',(1.,0.,0.));
#574 = DIRECTION('',(0.,1.,0.));
#575 = ADVANCED_FACE('',(#576),#601,.T.);
#576 = FACE_BOUND('',#577,.F.);
#577 = EDGE_LOOP('',(#578,#585,#593,#600));
#578 = ORIENTED_EDGE('',*,*,#579,.F.);
#579 = EDGE_CURVE('',#503,#271,#580,.T.);
#580 = CIRCLE('',#581,0.7);
#581 = AXIS2_PLACEMENT_3D('',#582,#583,#584);
#582 = CARTESIAN_POINT('',(81.3,1.7,3.7));
#583 = DIRECTION('',(0.,1.,-6.123233995737E-17));
#584 = DIRECTION('',(0.,-6.123233995737E-17,-1.));
#585 = ORIENTED_EDGE('',*,*,#586,.T.);
#586 = EDGE_CURVE('',#503,#587,#589,.T.);
#587 = VERTEX_POINT('',#588);
#588 = CARTESIAN_POINT('',(82.,17.3,3.7));
#589 = LINE('',#590,#591);
#590 = CARTESIAN_POINT('',(82.,1.,3.7));
#591 = VECTOR('',#592,1.);
#592 = DIRECTION('',(0.,1.,0.));
#593 = ORIENTED_EDGE('',*,*,#594,.T.);
#594 = EDGE_CURVE('',#587,#279,#595,.T.);
#595 = CIRCLE('',#596,0.7);
#596 = AXIS2_PLACEMENT_3D('',#597,#598,#599);
#597 = CARTESIAN_POINT('',(81.3,17.3,3.7));
#598 = DIRECTION('',(0.,1.,6.123233995737E-17));
#599 = DIRECTION('',(0.,6.123233995737E-17,-1.));
#600 = ORIENTED_EDGE('',*,*,#278,.F.);
#601 = CYLINDRICAL_SURFACE('',#602,0.7);
#602 = AXIS2_PLACEMENT_3D('',#603,#604,#605);
#603 = CARTESIAN_POINT('',(81.3,1.,3.7));
#604 = DIRECTION('',(0.,1.,0.));
#605 = DIRECTION('',(0.,0.,-1.));
#606 = ADVANCED_FACE('',(#607),#619,.T.);
#607 = FACE_BOUND('',#608,.F.);
#608 = EDGE_LOOP('',(#609,#610,#611,#618));
#609 = ORIENTED_EDGE('',*,*,#349,.F.);
#610 = ORIENTED_EDGE('',*,*,#366,.T.);
#611 = ORIENTED_EDGE('',*,*,#612,.F.);
#612 = EDGE_CURVE('',#327,#367,#613,.T.);
#613 = CIRCLE('',#614,0.7);
#614 = AXIS2_PLACEMENT_3D('',#615,#616,#617);
#615 = CARTESIAN_POINT('',(81.3,17.3,26.3));
#616 = DIRECTION('',(-1.,0.,0.));
#617 = DIRECTION('',(0.,0.,1.));
#618 = ORIENTED_EDGE('',*,*,#334,.F.);
#619 = CYLINDRICAL_SURFACE('',#620,0.7);
#620 = AXIS2_PLACEMENT_3D('',#621,#622,#623);
#621 = CARTESIAN_POINT('',(58.,17.3,26.3));
#622 = DIRECTION('',(1.,0.,0.));
#623 = DIRECTION('',(0.,0.,1.));
#624 = ADVANCED_FACE('',(#625),#650,.T.);
#625 = FACE_BOUND('',#626,.T.);
#626 = EDGE_LOOP('',(#627,#634,#642,#649));
#627 = ORIENTED_EDGE('',*,*,#628,.T.);
#628 = EDGE_CURVE('',#319,#512,#629,.T.);
#629 = CIRCLE('',#630,0.7);
#630 = AXIS2_PLACEMENT_3D('',#631,#632,#633);
#631 = CARTESIAN_POINT('',(81.3,1.7,26.3));
#632 = DIRECTION('',(6.123233995737E-17,1.,0.));
#633 = DIRECTION('',(1.,-6.123233995737E-17,0.));
#634 = ORIENTED_EDGE('',*,*,#635,.T.);
#635 = EDGE_CURVE('',#512,#636,#638,.T.);
#636 = VERTEX_POINT('',#637);
#637 = CARTESIAN_POINT('',(82.,17.3,26.3));
#638 = LINE('',#639,#640);
#639 = CARTESIAN_POINT('',(82.,1.,26.3));
#640 = VECTOR('',#641,1.);
#641 = DIRECTION('',(0.,1.,0.));
#642 = ORIENTED_EDGE('',*,*,#643,.T.);
#643 = EDGE_CURVE('',#636,#327,#644,.T.);
#644 = CIRCLE('',#645,0.7);
#645 = AXIS2_PLACEMENT_3D('',#646,#647,#648);
#646 = CARTESIAN_POINT('',(81.3,17.3,26.3));
#647 = DIRECTION('',(0.,-1.,0.));
#648 = DIRECTION('',(0.,0.,1.));
#649 = ORIENTED_EDGE('',*,*,#326,.F.);
#650 = CYLINDRICAL_SURFACE('',#651,0.7);
#651 = AXIS2_PLACEMENT_3D('',#652,#653,#654);
#652 = CARTESIAN_POINT('',(81.3,1.,26.3));
#653 = DIRECTION('',(0.,1.,0.));
#654 = DIRECTION('',(0.,0.,1.));
#655 = ADVANCED_FACE('',(#656),#679,.T.);
#656 = FACE_BOUND('',#657,.F.);
#657 = EDGE_LOOP('',(#658,#665,#671,#678));
#658 = ORIENTED_EDGE('',*,*,#659,.F.);
#659 = EDGE_CURVE('',#587,#375,#660,.T.);
#660 = CIRCLE('',#661,0.7);
#661 = AXIS2_PLACEMENT_3D('',#662,#663,#664);
#662 = CARTESIAN_POINT('',(81.3,17.3,3.7));
#663 = DIRECTION('',(0.,-0.,1.));
#664 = DIRECTION('',(0.,1.,0.));
#665 = ORIENTED_EDGE('',*,*,#666,.T.);
#666 = EDGE_CURVE('',#587,#636,#667,.T.);
#667 = LINE('',#668,#669);
#668 = CARTESIAN_POINT('',(82.,17.3,3.));
#669 = VECTOR('',#670,1.);
#670 = DIRECTION('',(0.,0.,1.));
#671 = ORIENTED_EDGE('',*,*,#672,.T.);
#672 = EDGE_CURVE('',#636,#367,#673,.T.);
#673 = CIRCLE('',#674,0.7);
#674 = AXIS2_PLACEMENT_3D('',#675,#676,#677);
#675 = CARTESIAN_POINT('',(81.3,17.3,26.3));
#676 = DIRECTION('',(0.,-6.123233995737E-17,1.));
#677 = DIRECTION('',(0.,1.,6.123233995737E-17));
#678 = ORIENTED_EDGE('',*,*,#374,.F.);
#679 = CYLINDRICAL_SURFACE('',#680,0.7);
#680 = AXIS2_PLACEMENT_3D('',#681,#682,#683);
#681 = CARTESIAN_POINT('',(81.3,17.3,3.));
#682 = DIRECTION('',(0.,0.,1.));
#683 = DIRECTION('',(0.,1.,0.));
#684 = ADVANCED_FACE('',(#685),#712,.T.);
#685 = FACE_BOUND('',#686,.F.);
#686 = EDGE_LOOP('',(#687,#696,#704,#711));
#687 = ORIENTED_EDGE('',*,*,#688,.T.);
#688 = EDGE_CURVE('',#391,#689,#691,.T.);
#689 = VERTEX_POINT('',#690);
#690 = CARTESIAN_POINT('',(60.7,17.3,25.));
#691 = CIRCLE('',#692,0.7);
#692 = AXIS2_PLACEMENT_3D('',#693,#694,#695);
#693 = CARTESIAN_POINT('',(60.7,17.3,25.7));
#694 = DIRECTION('',(-1.,0.,0.));
#695 = DIRECTION('',(0.,0.,1.));
#696 = ORIENTED_EDGE('',*,*,#697,.T.);
#697 = EDGE_CURVE('',#689,#698,#700,.T.);
#698 = VERTEX_POINT('',#699);
#699 = CARTESIAN_POINT('',(79.3,17.3,25.));
#700 = LINE('',#701,#702);
#701 = CARTESIAN_POINT('',(60.,17.3,25.));
#702 = VECTOR('',#703,1.);
#703 = DIRECTION('',(1.,0.,0.));
#704 = ORIENTED_EDGE('',*,*,#705,.F.);
#705 = EDGE_CURVE('',#393,#698,#706,.T.);
#706 = CIRCLE('',#707,0.7);
#707 = AXIS2_PLACEMENT_3D('',#708,#709,#710);
#708 = CARTESIAN_POINT('',(79.3,17.3,25.7));
#709 = DIRECTION('',(-1.,0.,0.));
#710 = DIRECTION('',(0.,0.,1.));
#711 = ORIENTED_EDGE('',*,*,#390,.F.);
#712 = CYLINDRICAL_SURFACE('',#713,0.7);
#713 = AXIS2_PLACEMENT_3D('',#714,#715,#716);
#714 = CARTESIAN_POINT('',(60.,17.3,25.7));
#715 = DIRECTION('',(1.,0.,0.));
#716 = DIRECTION('',(0.,1.,0.));
#717 = ADVANCED_FACE('',(#718),#738,.T.);
#718 = FACE_BOUND('',#719,.F.);
#719 = EDGE_LOOP('',(#720,#721,#722,#731));
#720 = ORIENTED_EDGE('',*,*,#688,.F.);
#721 = ORIENTED_EDGE('',*,*,#400,.T.);
#722 = ORIENTED_EDGE('',*,*,#723,.T.);
#723 = EDGE_CURVE('',#401,#724,#726,.T.);
#724 = VERTEX_POINT('',#725);
#725 = CARTESIAN_POINT('',(60.,17.3,24.3));
#726 = CIRCLE('',#727,0.7);
#727 = AXIS2_PLACEMENT_3D('',#728,#729,#730);
#728 = CARTESIAN_POINT('',(59.3,17.3,24.3));
#729 = DIRECTION('',(-6.123233995737E-17,0.,-1.));
#730 = DIRECTION('',(-1.,0.,6.123233995737E-17));
#731 = ORIENTED_EDGE('',*,*,#732,.F.);
#732 = EDGE_CURVE('',#689,#724,#733,.T.);
#733 = CIRCLE('',#734,0.7);
#734 = AXIS2_PLACEMENT_3D('',#735,#736,#737);
#735 = CARTESIAN_POINT('',(60.7,17.3,24.3));
#736 = DIRECTION('',(0.,-1.,0.));
#737 = DIRECTION('',(0.,0.,1.));
#738 = TOROIDAL_SURFACE('',#739,1.4,0.7);
#739 = AXIS2_PLACEMENT_3D('',#740,#741,#742);
#740 = CARTESIAN_POINT('',(60.7,17.3,24.3));
#741 = DIRECTION('',(0.,1.,0.));
#742 = DIRECTION('',(0.,0.,1.));
#743 = ADVANCED_FACE('',(#744),#764,.T.);
#744 = FACE_BOUND('',#745,.T.);
#745 = EDGE_LOOP('',(#746,#747,#748,#757));
#746 = ORIENTED_EDGE('',*,*,#705,.F.);
#747 = ORIENTED_EDGE('',*,*,#451,.T.);
#748 = ORIENTED_EDGE('',*,*,#749,.T.);
#749 = EDGE_CURVE('',#444,#750,#752,.T.);
#750 = VERTEX_POINT('',#751);
#751 = CARTESIAN_POINT('',(80.,17.3,24.3));
#752 = CIRCLE('',#753,0.7);
#753 = AXIS2_PLACEMENT_3D('',#754,#755,#756);
#754 = CARTESIAN_POINT('',(80.7,17.3,24.3));
#755 = DIRECTION('',(-6.123233995737E-17,0.,1.));
#756 = DIRECTION('',(1.,0.,6.123233995737E-17));
#757 = ORIENTED_EDGE('',*,*,#758,.F.);
#758 = EDGE_CURVE('',#698,#750,#759,.T.);
#759 = CIRCLE('',#760,0.7);
#760 = AXIS2_PLACEMENT_3D('',#761,#762,#763);
#761 = CARTESIAN_POINT('',(79.3,17.3,24.3));
#762 = DIRECTION('',(0.,1.,0.));
#763 = DIRECTION('',(0.,0.,1.));
#764 = TOROIDAL_SURFACE('',#765,1.4,0.7);
#765 = AXIS2_PLACEMENT_3D('',#766,#767,#768);
#766 = CARTESIAN_POINT('',(79.3,17.3,24.3));
#767 = DIRECTION('',(0.,1.,0.));
#768 = DIRECTION('',(0.,0.,1.));
#769 = ADVANCED_FACE('',(#770),#789,.T.);
#770 = FACE_BOUND('',#771,.T.);
#771 = EDGE_LOOP('',(#772,#773,#781,#788));
#772 = ORIENTED_EDGE('',*,*,#723,.T.);
#773 = ORIENTED_EDGE('',*,*,#774,.T.);
#774 = EDGE_CURVE('',#724,#775,#777,.T.);
#775 = VERTEX_POINT('',#776);
#776 = CARTESIAN_POINT('',(60.,17.3,5.7));
#777 = LINE('',#778,#779);
#778 = CARTESIAN_POINT('',(60.,17.3,25.));
#779 = VECTOR('',#780,1.);
#780 = DIRECTION('',(0.,0.,-1.));
#781 = ORIENTED_EDGE('',*,*,#782,.F.);
#782 = EDGE_CURVE('',#410,#775,#783,.T.);
#783 = CIRCLE('',#784,0.7);
#784 = AXIS2_PLACEMENT_3D('',#785,#786,#787);
#785 = CARTESIAN_POINT('',(59.3,17.3,5.7));
#786 = DIRECTION('',(6.123233995737E-17,0.,-1.));
#787 = DIRECTION('',(-1.,0.,-6.123233995737E-17));
#788 = ORIENTED_EDGE('',*,*,#409,.F.);
#789 = CYLINDRICAL_SURFACE('',#790,0.7);
#790 = AXIS2_PLACEMENT_3D('',#791,#792,#793);
#791 = CARTESIAN_POINT('',(59.3,17.3,25.));
#792 = DIRECTION('',(0.,0.,-1.));
#793 = DIRECTION('',(0.,1.,0.));
#794 = ADVANCED_FACE('',(#795),#814,.T.);
#795 = FACE_BOUND('',#796,.F.);
#796 = EDGE_LOOP('',(#797,#798,#806,#813));
#797 = ORIENTED_EDGE('',*,*,#749,.T.);
#798 = ORIENTED_EDGE('',*,*,#799,.T.);
#799 = EDGE_CURVE('',#750,#800,#802,.T.);
#800 = VERTEX_POINT('',#801);
#801 = CARTESIAN_POINT('',(80.,17.3,5.7));
#802 = LINE('',#803,#804);
#803 = CARTESIAN_POINT('',(80.,17.3,25.));
#804 = VECTOR('',#805,1.);
#805 = DIRECTION('',(0.,0.,-1.));
#806 = ORIENTED_EDGE('',*,*,#807,.F.);
#807 = EDGE_CURVE('',#435,#800,#808,.T.);
#808 = CIRCLE('',#809,0.7);
#809 = AXIS2_PLACEMENT_3D('',#810,#811,#812);
#810 = CARTESIAN_POINT('',(80.7,17.3,5.7));
#811 = DIRECTION('',(0.,0.,1.));
#812 = DIRECTION('',(1.,0.,0.));
#813 = ORIENTED_EDGE('',*,*,#443,.F.);
#814 = CYLINDRICAL_SURFACE('',#815,0.7);
#815 = AXIS2_PLACEMENT_3D('',#816,#817,#818);
#816 = CARTESIAN_POINT('',(80.7,17.3,25.));
#817 = DIRECTION('',(0.,0.,-1.));
#818 = DIRECTION('',(0.,1.,0.));
#819 = ADVANCED_FACE('',(#820),#840,.T.);
#820 = FACE_BOUND('',#821,.T.);
#821 = EDGE_LOOP('',(#822,#831,#832,#833));
#822 = ORIENTED_EDGE('',*,*,#823,.F.);
#823 = EDGE_CURVE('',#418,#824,#826,.T.);
#824 = VERTEX_POINT('',#825);
#825 = CARTESIAN_POINT('',(60.7,17.3,5.));
#826 = CIRCLE('',#827,0.7);
#827 = AXIS2_PLACEMENT_3D('',#828,#829,#830);
#828 = CARTESIAN_POINT('',(60.7,17.3,4.3));
#829 = DIRECTION('',(1.,-0.,0.));
#830 = DIRECTION('',(0.,0.,-1.));
#831 = ORIENTED_EDGE('',*,*,#417,.T.);
#832 = ORIENTED_EDGE('',*,*,#782,.T.);
#833 = ORIENTED_EDGE('',*,*,#834,.F.);
#834 = EDGE_CURVE('',#824,#775,#835,.T.);
#835 = CIRCLE('',#836,0.7);
#836 = AXIS2_PLACEMENT_3D('',#837,#838,#839);
#837 = CARTESIAN_POINT('',(60.7,17.3,5.7));
#838 = DIRECTION('',(0.,1.,0.));
#839 = DIRECTION('',(0.,0.,-1.));
#840 = TOROIDAL_SURFACE('',#841,1.4,0.7);
#841 = AXIS2_PLACEMENT_3D('',#842,#843,#844);
#842 = CARTESIAN_POINT('',(60.7,17.3,5.7));
#843 = DIRECTION('',(0.,1.,0.));
#844 = DIRECTION('',(0.,0.,-1.));
#845 = ADVANCED_FACE('',(#846),#866,.T.);
#846 = FACE_BOUND('',#847,.T.);
#847 = EDGE_LOOP('',(#848,#849,#850,#859));
#848 = ORIENTED_EDGE('',*,*,#807,.F.);
#849 = ORIENTED_EDGE('',*,*,#434,.T.);
#850 = ORIENTED_EDGE('',*,*,#851,.T.);
#851 = EDGE_CURVE('',#427,#852,#854,.T.);
#852 = VERTEX_POINT('',#853);
#853 = CARTESIAN_POINT('',(79.3,17.3,5.));
#854 = CIRCLE('',#855,0.7);
#855 = AXIS2_PLACEMENT_3D('',#856,#857,#858);
#856 = CARTESIAN_POINT('',(79.3,17.3,4.3));
#857 = DIRECTION('',(1.,-0.,1.171455364583E-15));
#858 = DIRECTION('',(1.171455364583E-15,0.,-1.));
#859 = ORIENTED_EDGE('',*,*,#860,.F.);
#860 = EDGE_CURVE('',#800,#852,#861,.T.);
#861 = CIRCLE('',#862,0.7);
#862 = AXIS2_PLACEMENT_3D('',#863,#864,#865);
#863 = CARTESIAN_POINT('',(79.3,17.3,5.7));
#864 = DIRECTION('',(-0.,1.,0.));
#865 = DIRECTION('',(1.,0.,0.));
#866 = TOROIDAL_SURFACE('',#867,1.4,0.7);
#867 = AXIS2_PLACEMENT_3D('',#868,#869,#870);
#868 = CARTESIAN_POINT('',(79.3,17.3,5.7));
#869 = DIRECTION('',(0.,1.,0.));
#870 = DIRECTION('',(1.,0.,0.));
#871 = ADVANCED_FACE('',(#872),#883,.T.);
#872 = FACE_BOUND('',#873,.T.);
#873 = EDGE_LOOP('',(#874,#875,#881,#882));
#874 = ORIENTED_EDGE('',*,*,#823,.T.);
#875 = ORIENTED_EDGE('',*,*,#876,.T.);
#876 = EDGE_CURVE('',#824,#852,#877,.T.);
#877 = LINE('',#878,#879);
#878 = CARTESIAN_POINT('',(60.,17.3,5.));
#879 = VECTOR('',#880,1.);
#880 = DIRECTION('',(1.,0.,0.));
#881 = ORIENTED_EDGE('',*,*,#851,.F.);
#882 = ORIENTED_EDGE('',*,*,#426,.F.);
#883 = CYLINDRICAL_SURFACE('',#884,0.7);
#884 = AXIS2_PLACEMENT_3D('',#885,#886,#887);
#885 = CARTESIAN_POINT('',(60.,17.3,4.3));
#886 = DIRECTION('',(1.,0.,0.));
#887 = DIRECTION('',(0.,1.,0.));
#888 = ADVANCED_FACE('',(#889),#894,.T.);
#889 = FACE_BOUND('',#890,.F.);
#890 = EDGE_LOOP('',(#891,#892,#893));
#891 = ORIENTED_EDGE('',*,*,#502,.F.);
#892 = ORIENTED_EDGE('',*,*,#579,.T.);
#893 = ORIENTED_EDGE('',*,*,#468,.F.);
#894 = SPHERICAL_SURFACE('',#895,0.7);
#895 = AXIS2_PLACEMENT_3D('',#896,#897,#898);
#896 = CARTESIAN_POINT('',(81.3,1.7,3.7));
#897 = DIRECTION('',(-1.,0.,0.));
#898 = DIRECTION('',(0.,-1.,0.));
#899 = ADVANCED_FACE('',(#900),#905,.T.);
#900 = FACE_BOUND('',#901,.F.);
#901 = EDGE_LOOP('',(#902,#903,#904));
#902 = ORIENTED_EDGE('',*,*,#486,.F.);
#903 = ORIENTED_EDGE('',*,*,#628,.T.);
#904 = ORIENTED_EDGE('',*,*,#519,.F.);
#905 = SPHERICAL_SURFACE('',#906,0.7);
#906 = AXIS2_PLACEMENT_3D('',#907,#908,#909);
#907 = CARTESIAN_POINT('',(81.3,1.7,26.3));
#908 = DIRECTION('',(-0.,-0.,-1.));
#909 = DIRECTION('',(0.,-1.,0.));
#910 = ADVANCED_FACE('',(#911),#917,.T.);
#911 = FACE_BOUND('',#912,.T.);
#912 = EDGE_LOOP('',(#913,#914,#915,#916));
#913 = ORIENTED_EDGE('',*,*,#511,.F.);
#914 = ORIENTED_EDGE('',*,*,#586,.T.);
#915 = ORIENTED_EDGE('',*,*,#666,.T.);
#916 = ORIENTED_EDGE('',*,*,#635,.F.);
#917 = PLANE('',#918);
#918 = AXIS2_PLACEMENT_3D('',#919,#920,#921);
#919 = CARTESIAN_POINT('',(82.,1.,3.));
#920 = DIRECTION('',(1.,0.,0.));
#921 = DIRECTION('',(0.,0.,1.));
#922 = ADVANCED_FACE('',(#923),#942,.F.);
#923 = FACE_BOUND('',#924,.F.);
#924 = EDGE_LOOP('',(#925,#933,#940,#941));
#925 = ORIENTED_EDGE('',*,*,#926,.T.);
#926 = EDGE_CURVE('',#536,#927,#929,.T.);
#927 = VERTEX_POINT('',#928);
#928 = CARTESIAN_POINT('',(70.,2.1,20.5));
#929 = LINE('',#930,#931);
#930 = CARTESIAN_POINT('',(70.,0.,20.5));
#931 = VECTOR('',#932,1.);
#932 = DIRECTION('',(0.,1.,0.));
#933 = ORIENTED_EDGE('',*,*,#934,.F.);
#934 = EDGE_CURVE('',#927,#927,#935,.T.);
#935 = CIRCLE('',#936,5.5);
#936 = AXIS2_PLACEMENT_3D('',#937,#938,#939);
#937 = CARTESIAN_POINT('',(70.,2.1,15.));
#938 = DIRECTION('',(0.,1.,0.));
#939 = DIRECTION('',(0.,0.,1.));
#940 = ORIENTED_EDGE('',*,*,#926,.F.);
#941 = ORIENTED_EDGE('',*,*,#546,.T.);
#942 = CYLINDRICAL_SURFACE('',#943,5.5);
#943 = AXIS2_PLACEMENT_3D('',#944,#945,#946);
#944 = CARTESIAN_POINT('',(70.,0.,15.));
#945 = DIRECTION('',(0.,1.,0.));
#946 = DIRECTION('',(0.,0.,1.));
#947 = ADVANCED_FACE('',(#948),#953,.T.);
#948 = FACE_BOUND('',#949,.T.);
#949 = EDGE_LOOP('',(#950,#951,#952));
#950 = ORIENTED_EDGE('',*,*,#659,.F.);
#951 = ORIENTED_EDGE('',*,*,#594,.T.);
#952 = ORIENTED_EDGE('',*,*,#563,.F.);
#953 = SPHERICAL_SURFACE('',#954,0.7);
#954 = AXIS2_PLACEMENT_3D('',#955,#956,#957);
#955 = CARTESIAN_POINT('',(81.3,17.3,3.7));
#956 = DIRECTION('',(-1.,0.,0.));
#957 = DIRECTION('',(0.,1.,0.));
#958 = ADVANCED_FACE('',(#959),#964,.T.);
#959 = FACE_BOUND('',#960,.T.);
#960 = EDGE_LOOP('',(#961,#962,#963));
#961 = ORIENTED_EDGE('',*,*,#643,.F.);
#962 = ORIENTED_EDGE('',*,*,#672,.T.);
#963 = ORIENTED_EDGE('',*,*,#612,.F.);
#964 = SPHERICAL_SURFACE('',#965,0.7);
#965 = AXIS2_PLACEMENT_3D('',#966,#967,#968);
#966 = CARTESIAN_POINT('',(81.3,17.3,26.3));
#967 = DIRECTION('',(-1.,0.,0.));
#968 = DIRECTION('',(0.,0.,1.));
#969 = ADVANCED_FACE('',(#970),#995,.F.);
#970 = FACE_BOUND('',#971,.F.);
#971 = EDGE_LOOP('',(#972,#973,#981,#989));
#972 = ORIENTED_EDGE('',*,*,#697,.F.);
#973 = ORIENTED_EDGE('',*,*,#974,.F.);
#974 = EDGE_CURVE('',#975,#689,#977,.T.);
#975 = VERTEX_POINT('',#976);
#976 = CARTESIAN_POINT('',(60.7,3.5,25.));
#977 = LINE('',#978,#979);
#978 = CARTESIAN_POINT('',(60.7,2.8,25.));
#979 = VECTOR('',#980,1.);
#980 = DIRECTION('',(0.,1.,0.));
#981 = ORIENTED_EDGE('',*,*,#982,.T.);
#982 = EDGE_CURVE('',#975,#983,#985,.T.);
#983 = VERTEX_POINT('',#984);
#984 = CARTESIAN_POINT('',(79.3,3.5,25.));
#985 = LINE('',#986,#987);
#986 = CARTESIAN_POINT('',(60.,3.5,25.));
#987 = VECTOR('',#988,1.);
#988 = DIRECTION('',(1.,0.,0.));
#989 = ORIENTED_EDGE('',*,*,#990,.T.);
#990 = EDGE_CURVE('',#983,#698,#991,.T.);
#991 = LINE('',#992,#993);
#992 = CARTESIAN_POINT('',(79.3,2.8,25.));
#993 = VECTOR('',#994,1.);
#994 = DIRECTION('',(0.,1.,0.));
#995 = PLANE('',#996);
#996 = AXIS2_PLACEMENT_3D('',#997,#998,#999);
#997 = CARTESIAN_POINT('',(60.,2.8,25.));
#998 = DIRECTION('',(0.,0.,1.));
#999 = DIRECTION('',(1.,0.,0.));
#1000 = ADVANCED_FACE('',(#1001),#1020,.F.);
#1001 = FACE_BOUND('',#1002,.T.);
#1002 = EDGE_LOOP('',(#1003,#1004,#1013,#1019));
#1003 = ORIENTED_EDGE('',*,*,#974,.F.);
#1004 = ORIENTED_EDGE('',*,*,#1005,.T.);
#1005 = EDGE_CURVE('',#975,#1006,#1008,.T.);
#1006 = VERTEX_POINT('',#1007);
#1007 = CARTESIAN_POINT('',(60.,3.5,24.3));
#1008 = CIRCLE('',#1009,0.7);
#1009 = AXIS2_PLACEMENT_3D('',#1010,#1011,#1012);
#1010 = CARTESIAN_POINT('',(60.7,3.5,24.3));
#1011 = DIRECTION('',(0.,-1.,0.));
#1012 = DIRECTION('',(0.,0.,1.));
#1013 = ORIENTED_EDGE('',*,*,#1014,.T.);
#1014 = EDGE_CURVE('',#1006,#724,#1015,.T.);
#1015 = LINE('',#1016,#1017);
#1016 = CARTESIAN_POINT('',(60.,2.8,24.3));
#1017 = VECTOR('',#1018,1.);
#1018 = DIRECTION('',(0.,1.,0.));
#1019 = ORIENTED_EDGE('',*,*,#732,.F.);
#1020 = CYLINDRICAL_SURFACE('',#1021,0.7);
#1021 = AXIS2_PLACEMENT_3D('',#1022,#1023,#1024);
#1022 = CARTESIAN_POINT('',(60.7,2.8,24.3));
#1023 = DIRECTION('',(0.,1.,0.));
#1024 = DIRECTION('',(0.,0.,1.));
#1025 = ADVANCED_FACE('',(#1026),#1045,.F.);
#1026 = FACE_BOUND('',#1027,.F.);
#1027 = EDGE_LOOP('',(#1028,#1029,#1038,#1044));
#1028 = ORIENTED_EDGE('',*,*,#990,.F.);
#1029 = ORIENTED_EDGE('',*,*,#1030,.T.);
#1030 = EDGE_CURVE('',#983,#1031,#1033,.T.);
#1031 = VERTEX_POINT('',#1032);
#1032 = CARTESIAN_POINT('',(80.,3.5,24.3));
#1033 = CIRCLE('',#1034,0.7);
#1034 = AXIS2_PLACEMENT_3D('',#1035,#1036,#1037);
#1035 = CARTESIAN_POINT('',(79.3,3.5,24.3));
#1036 = DIRECTION('',(0.,1.,0.));
#1037 = DIRECTION('',(0.,0.,1.));
#1038 = ORIENTED_EDGE('',*,*,#1039,.T.);
#1039 = EDGE_CURVE('',#1031,#750,#1040,.T.);
#1040 = LINE('',#1041,#1042);
#1041 = CARTESIAN_POINT('',(80.,2.8,24.3));
#1042 = VECTOR('',#1043,1.);
#1043 = DIRECTION('',(0.,1.,0.));
#1044 = ORIENTED_EDGE('',*,*,#758,.F.);
#1045 = CYLINDRICAL_SURFACE('',#1046,0.7);
#1046 = AXIS2_PLACEMENT_3D('',#1047,#1048,#1049);
#1047 = CARTESIAN_POINT('',(79.3,2.8,24.3));
#1048 = DIRECTION('',(0.,1.,0.));
#1049 = DIRECTION('',(0.,0.,1.));
#1050 = ADVANCED_FACE('',(#1051),#1069,.T.);
#1051 = FACE_BOUND('',#1052,.T.);
#1052 = EDGE_LOOP('',(#1053,#1054,#1055,#1063));
#1053 = ORIENTED_EDGE('',*,*,#774,.F.);
#1054 = ORIENTED_EDGE('',*,*,#1014,.F.);
#1055 = ORIENTED_EDGE('',*,*,#1056,.F.);
#1056 = EDGE_CURVE('',#1057,#1006,#1059,.T.);
#1057 = VERTEX_POINT('',#1058);
#1058 = CARTESIAN_POINT('',(60.,3.5,5.7));
#1059 = LINE('',#1060,#1061);
#1060 = CARTESIAN_POINT('',(60.,3.5,5.));
#1061 = VECTOR('',#1062,1.);
#1062 = DIRECTION('',(0.,0.,1.));
#1063 = ORIENTED_EDGE('',*,*,#1064,.T.);
#1064 = EDGE_CURVE('',#1057,#775,#1065,.T.);
#1065 = LINE('',#1066,#1067);
#1066 = CARTESIAN_POINT('',(60.,2.8,5.7));
#1067 = VECTOR('',#1068,1.);
#1068 = DIRECTION('',(0.,1.,0.));
#1069 = PLANE('',#1070);
#1070 = AXIS2_PLACEMENT_3D('',#1071,#1072,#1073);
#1071 = CARTESIAN_POINT('',(60.,2.8,5.));
#1072 = DIRECTION('',(1.,0.,0.));
#1073 = DIRECTION('',(0.,0.,1.));
#1074 = ADVANCED_FACE('',(#1075),#1093,.F.);
#1075 = FACE_BOUND('',#1076,.F.);
#1076 = EDGE_LOOP('',(#1077,#1078,#1079,#1087));
#1077 = ORIENTED_EDGE('',*,*,#799,.F.);
#1078 = ORIENTED_EDGE('',*,*,#1039,.F.);
#1079 = ORIENTED_EDGE('',*,*,#1080,.F.);
#1080 = EDGE_CURVE('',#1081,#1031,#1083,.T.);
#1081 = VERTEX_POINT('',#1082);
#1082 = CARTESIAN_POINT('',(80.,3.5,5.7));
#1083 = LINE('',#1084,#1085);
#1084 = CARTESIAN_POINT('',(80.,3.5,5.));
#1085 = VECTOR('',#1086,1.);
#1086 = DIRECTION('',(0.,0.,1.));
#1087 = ORIENTED_EDGE('',*,*,#1088,.T.);
#1088 = EDGE_CURVE('',#1081,#800,#1089,.T.);
#1089 = LINE('',#1090,#1091);
#1090 = CARTESIAN_POINT('',(80.,2.8,5.7));
#1091 = VECTOR('',#1092,1.);
#1092 = DIRECTION('',(0.,1.,0.));
#1093 = PLANE('',#1094);
#1094 = AXIS2_PLACEMENT_3D('',#1095,#1096,#1097);
#1095 = CARTESIAN_POINT('',(80.,2.8,5.));
#1096 = DIRECTION('',(1.,0.,0.));
#1097 = DIRECTION('',(0.,0.,1.));
#1098 = ADVANCED_FACE('',(#1099),#1118,.F.);
#1099 = FACE_BOUND('',#1100,.F.);
#1100 = EDGE_LOOP('',(#1101,#1109,#1116,#1117));
#1101 = ORIENTED_EDGE('',*,*,#1102,.F.);
#1102 = EDGE_CURVE('',#1103,#824,#1105,.T.);
#1103 = VERTEX_POINT('',#1104);
#1104 = CARTESIAN_POINT('',(60.7,3.5,5.));
#1105 = LINE('',#1106,#1107);
#1106 = CARTESIAN_POINT('',(60.7,2.8,5.));
#1107 = VECTOR('',#1108,1.);
#1108 = DIRECTION('',(0.,1.,0.));
#1109 = ORIENTED_EDGE('',*,*,#1110,.T.);
#1110 = EDGE_CURVE('',#1103,#1057,#1111,.T.);
#1111 = CIRCLE('',#1112,0.7);
#1112 = AXIS2_PLACEMENT_3D('',#1113,#1114,#1115);
#1113 = CARTESIAN_POINT('',(60.7,3.5,5.7));
#1114 = DIRECTION('',(0.,1.,0.));
#1115 = DIRECTION('',(0.,0.,-1.));
#1116 = ORIENTED_EDGE('',*,*,#1064,.T.);
#1117 = ORIENTED_EDGE('',*,*,#834,.F.);
#1118 = CYLINDRICAL_SURFACE('',#1119,0.7);
#1119 = AXIS2_PLACEMENT_3D('',#1120,#1121,#1122);
#1120 = CARTESIAN_POINT('',(60.7,2.8,5.7));
#1121 = DIRECTION('',(0.,1.,0.));
#1122 = DIRECTION('',(0.,0.,-1.));
#1123 = ADVANCED_FACE('',(#1124),#1143,.F.);
#1124 = FACE_BOUND('',#1125,.F.);
#1125 = EDGE_LOOP('',(#1126,#1127,#1136,#1142));
#1126 = ORIENTED_EDGE('',*,*,#1088,.F.);
#1127 = ORIENTED_EDGE('',*,*,#1128,.T.);
#1128 = EDGE_CURVE('',#1081,#1129,#1131,.T.);
#1129 = VERTEX_POINT('',#1130);
#1130 = CARTESIAN_POINT('',(79.3,3.5,5.));
#1131 = CIRCLE('',#1132,0.7);
#1132 = AXIS2_PLACEMENT_3D('',#1133,#1134,#1135);
#1133 = CARTESIAN_POINT('',(79.3,3.5,5.7));
#1134 = DIRECTION('',(-0.,1.,0.));
#1135 = DIRECTION('',(1.,0.,0.));
#1136 = ORIENTED_EDGE('',*,*,#1137,.T.);
#1137 = EDGE_CURVE('',#1129,#852,#1138,.T.);
#1138 = LINE('',#1139,#1140);
#1139 = CARTESIAN_POINT('',(79.3,2.8,5.));
#1140 = VECTOR('',#1141,1.);
#1141 = DIRECTION('',(0.,1.,0.));
#1142 = ORIENTED_EDGE('',*,*,#860,.F.);
#1143 = CYLINDRICAL_SURFACE('',#1144,0.7);
#1144 = AXIS2_PLACEMENT_3D('',#1145,#1146,#1147);
#1145 = CARTESIAN_POINT('',(79.3,2.8,5.7));
#1146 = DIRECTION('',(0.,1.,0.));
#1147 = DIRECTION('',(1.,0.,0.));
#1148 = ADVANCED_FACE('',(#1149),#1160,.T.);
#1149 = FACE_BOUND('',#1150,.T.);
#1150 = EDGE_LOOP('',(#1151,#1152,#1153,#1159));
#1151 = ORIENTED_EDGE('',*,*,#876,.F.);
#1152 = ORIENTED_EDGE('',*,*,#1102,.F.);
#1153 = ORIENTED_EDGE('',*,*,#1154,.T.);
#1154 = EDGE_CURVE('',#1103,#1129,#1155,.T.);
#1155 = LINE('',#1156,#1157);
#1156 = CARTESIAN_POINT('',(60.,3.5,5.));
#1157 = VECTOR('',#1158,1.);
#1158 = DIRECTION('',(1.,0.,0.));
#1159 = ORIENTED_EDGE('',*,*,#1137,.T.);
#1160 = PLANE('',#1161);
#1161 = AXIS2_PLACEMENT_3D('',#1162,#1163,#1164);
#1162 = CARTESIAN_POINT('',(60.,2.8,5.));
#1163 = DIRECTION('',(0.,0.,1.));
#1164 = DIRECTION('',(1.,0.,0.));
#1165 = ADVANCED_FACE('',(#1166),#1186,.T.);
#1166 = FACE_BOUND('',#1167,.F.);
#1167 = EDGE_LOOP('',(#1168,#1177,#1178,#1179));
#1168 = ORIENTED_EDGE('',*,*,#1169,.F.);
#1169 = EDGE_CURVE('',#927,#1170,#1172,.T.);
#1170 = VERTEX_POINT('',#1171);
#1171 = CARTESIAN_POINT('',(70.,2.8,21.2));
#1172 = CIRCLE('',#1173,0.7);
#1173 = AXIS2_PLACEMENT_3D('',#1174,#1175,#1176);
#1174 = CARTESIAN_POINT('',(70.,2.1,21.2));
#1175 = DIRECTION('',(1.,0.,-0.));
#1176 = DIRECTION('',(0.,0.,1.));
#1177 = ORIENTED_EDGE('',*,*,#934,.F.);
#1178 = ORIENTED_EDGE('',*,*,#1169,.T.);
#1179 = ORIENTED_EDGE('',*,*,#1180,.T.);
#1180 = EDGE_CURVE('',#1170,#1170,#1181,.T.);
#1181 = CIRCLE('',#1182,6.2);
#1182 = AXIS2_PLACEMENT_3D('',#1183,#1184,#1185);
#1183 = CARTESIAN_POINT('',(70.,2.8,15.));
#1184 = DIRECTION('',(0.,1.,0.));
#1185 = DIRECTION('',(0.,0.,1.));
#1186 = TOROIDAL_SURFACE('',#1187,6.2,0.7);
#1187 = AXIS2_PLACEMENT_3D('',#1188,#1189,#1190);
#1188 = CARTESIAN_POINT('',(70.,2.1,15.));
#1189 = DIRECTION('',(-0.,-1.,-0.));
#1190 = DIRECTION('',(0.,0.,1.));
#1191 = ADVANCED_FACE('',(#1192),#1219,.F.);
#1192 = FACE_BOUND('',#1193,.F.);
#1193 = EDGE_LOOP('',(#1194,#1203,#1211,#1218));
#1194 = ORIENTED_EDGE('',*,*,#1195,.F.);
#1195 = EDGE_CURVE('',#1196,#975,#1198,.T.);
#1196 = VERTEX_POINT('',#1197);
#1197 = CARTESIAN_POINT('',(60.7,2.8,24.3));
#1198 = CIRCLE('',#1199,0.7);
#1199 = AXIS2_PLACEMENT_3D('',#1200,#1201,#1202);
#1200 = CARTESIAN_POINT('',(60.7,3.5,24.3));
#1201 = DIRECTION('',(-1.,0.,0.));
#1202 = DIRECTION('',(0.,0.,1.));
#1203 = ORIENTED_EDGE('',*,*,#1204,.T.);
#1204 = EDGE_CURVE('',#1196,#1205,#1207,.T.);
#1205 = VERTEX_POINT('',#1206);
#1206 = CARTESIAN_POINT('',(79.3,2.8,24.3));
#1207 = LINE('',#1208,#1209);
#1208 = CARTESIAN_POINT('',(60.,2.8,24.3));
#1209 = VECTOR('',#1210,1.);
#1210 = DIRECTION('',(1.,0.,0.));
#1211 = ORIENTED_EDGE('',*,*,#1212,.T.);
#1212 = EDGE_CURVE('',#1205,#983,#1213,.T.);
#1213 = CIRCLE('',#1214,0.7);
#1214 = AXIS2_PLACEMENT_3D('',#1215,#1216,#1217);
#1215 = CARTESIAN_POINT('',(79.3,3.5,24.3));
#1216 = DIRECTION('',(-1.,0.,0.));
#1217 = DIRECTION('',(0.,0.,1.));
#1218 = ORIENTED_EDGE('',*,*,#982,.F.);
#1219 = CYLINDRICAL_SURFACE('',#1220,0.7);
#1220 = AXIS2_PLACEMENT_3D('',#1221,#1222,#1223);
#1221 = CARTESIAN_POINT('',(60.,3.5,24.3));
#1222 = DIRECTION('',(1.,0.,0.));
#1223 = DIRECTION('',(0.,0.,1.));
#1224 = ADVANCED_FACE('',(#1225),#1236,.F.);
#1225 = FACE_BOUND('',#1226,.T.);
#1226 = EDGE_LOOP('',(#1227,#1228,#1235));
#1227 = ORIENTED_EDGE('',*,*,#1195,.F.);
#1228 = ORIENTED_EDGE('',*,*,#1229,.T.);
#1229 = EDGE_CURVE('',#1196,#1006,#1230,.T.);
#1230 = CIRCLE('',#1231,0.7);
#1231 = AXIS2_PLACEMENT_3D('',#1232,#1233,#1234);
#1232 = CARTESIAN_POINT('',(60.7,3.5,24.3));
#1233 = DIRECTION('',(-6.123233995737E-17,0.,-1.));
#1234 = DIRECTION('',(-1.,0.,6.123233995737E-17));
#1235 = ORIENTED_EDGE('',*,*,#1005,.F.);
#1236 = SPHERICAL_SURFACE('',#1237,0.7);
#1237 = AXIS2_PLACEMENT_3D('',#1238,#1239,#1240);
#1238 = CARTESIAN_POINT('',(60.7,3.5,24.3));
#1239 = DIRECTION('',(0.,1.,0.));
#1240 = DIRECTION('',(0.,0.,1.));
#1241 = ADVANCED_FACE('',(#1242),#1253,.F.);
#1242 = FACE_BOUND('',#1243,.F.);
#1243 = EDGE_LOOP('',(#1244,#1245,#1252));
#1244 = ORIENTED_EDGE('',*,*,#1212,.F.);
#1245 = ORIENTED_EDGE('',*,*,#1246,.T.);
#1246 = EDGE_CURVE('',#1205,#1031,#1247,.T.);
#1247 = CIRCLE('',#1248,0.7);
#1248 = AXIS2_PLACEMENT_3D('',#1249,#1250,#1251);
#1249 = CARTESIAN_POINT('',(79.3,3.5,24.3));
#1250 = DIRECTION('',(-6.123233995737E-17,0.,1.));
#1251 = DIRECTION('',(1.,0.,6.123233995737E-17));
#1252 = ORIENTED_EDGE('',*,*,#1030,.F.);
#1253 = SPHERICAL_SURFACE('',#1254,0.7);
#1254 = AXIS2_PLACEMENT_3D('',#1255,#1256,#1257);
#1255 = CARTESIAN_POINT('',(79.3,3.5,24.3));
#1256 = DIRECTION('',(0.,1.,0.));
#1257 = DIRECTION('',(0.,0.,1.));
#1258 = ADVANCED_FACE('',(#1259),#1278,.F.);
#1259 = FACE_BOUND('',#1260,.F.);
#1260 = EDGE_LOOP('',(#1261,#1270,#1276,#1277));
#1261 = ORIENTED_EDGE('',*,*,#1262,.F.);
#1262 = EDGE_CURVE('',#1263,#1057,#1265,.T.);
#1263 = VERTEX_POINT('',#1264);
#1264 = CARTESIAN_POINT('',(60.7,2.8,5.7));
#1265 = CIRCLE('',#1266,0.7);
#1266 = AXIS2_PLACEMENT_3D('',#1267,#1268,#1269);
#1267 = CARTESIAN_POINT('',(60.7,3.5,5.7));
#1268 = DIRECTION('',(6.123233995737E-17,0.,-1.));
#1269 = DIRECTION('',(-1.,0.,-6.123233995737E-17));
#1270 = ORIENTED_EDGE('',*,*,#1271,.T.);
#1271 = EDGE_CURVE('',#1263,#1196,#1272,.T.);
#1272 = LINE('',#1273,#1274);
#1273 = CARTESIAN_POINT('',(60.7,2.8,5.));
#1274 = VECTOR('',#1275,1.);
#1275 = DIRECTION('',(0.,0.,1.));
#1276 = ORIENTED_EDGE('',*,*,#1229,.T.);
#1277 = ORIENTED_EDGE('',*,*,#1056,.F.);
#1278 = CYLINDRICAL_SURFACE('',#1279,0.7);
#1279 = AXIS2_PLACEMENT_3D('',#1280,#1281,#1282);
#1280 = CARTESIAN_POINT('',(60.7,3.5,5.));
#1281 = DIRECTION('',(0.,0.,1.));
#1282 = DIRECTION('',(-1.,0.,0.));
#1283 = ADVANCED_FACE('',(#1284),#1303,.F.);
#1284 = FACE_BOUND('',#1285,.T.);
#1285 = EDGE_LOOP('',(#1286,#1295,#1301,#1302));
#1286 = ORIENTED_EDGE('',*,*,#1287,.F.);
#1287 = EDGE_CURVE('',#1288,#1081,#1290,.T.);
#1288 = VERTEX_POINT('',#1289);
#1289 = CARTESIAN_POINT('',(79.3,2.8,5.7));
#1290 = CIRCLE('',#1291,0.7);
#1291 = AXIS2_PLACEMENT_3D('',#1292,#1293,#1294);
#1292 = CARTESIAN_POINT('',(79.3,3.5,5.7));
#1293 = DIRECTION('',(0.,0.,1.));
#1294 = DIRECTION('',(1.,0.,0.));
#1295 = ORIENTED_EDGE('',*,*,#1296,.T.);
#1296 = EDGE_CURVE('',#1288,#1205,#1297,.T.);
#1297 = LINE('',#1298,#1299);
#1298 = CARTESIAN_POINT('',(79.3,2.8,5.));
#1299 = VECTOR('',#1300,1.);
#1300 = DIRECTION('',(0.,0.,1.));
#1301 = ORIENTED_EDGE('',*,*,#1246,.T.);
#1302 = ORIENTED_EDGE('',*,*,#1080,.F.);
#1303 = CYLINDRICAL_SURFACE('',#1304,0.7);
#1304 = AXIS2_PLACEMENT_3D('',#1305,#1306,#1307);
#1305 = CARTESIAN_POINT('',(79.3,3.5,5.));
#1306 = DIRECTION('',(0.,0.,1.));
#1307 = DIRECTION('',(1.,0.,0.));
#1308 = ADVANCED_FACE('',(#1309),#1320,.F.);
#1309 = FACE_BOUND('',#1310,.F.);
#1310 = EDGE_LOOP('',(#1311,#1318,#1319));
#1311 = ORIENTED_EDGE('',*,*,#1312,.F.);
#1312 = EDGE_CURVE('',#1263,#1103,#1313,.T.);
#1313 = CIRCLE('',#1314,0.7);
#1314 = AXIS2_PLACEMENT_3D('',#1315,#1316,#1317);
#1315 = CARTESIAN_POINT('',(60.7,3.5,5.7));
#1316 = DIRECTION('',(1.,-0.,0.));
#1317 = DIRECTION('',(0.,0.,-1.));
#1318 = ORIENTED_EDGE('',*,*,#1262,.T.);
#1319 = ORIENTED_EDGE('',*,*,#1110,.F.);
#1320 = SPHERICAL_SURFACE('',#1321,0.7);
#1321 = AXIS2_PLACEMENT_3D('',#1322,#1323,#1324);
#1322 = CARTESIAN_POINT('',(60.7,3.5,5.7));
#1323 = DIRECTION('',(0.,1.,0.));
#1324 = DIRECTION('',(0.,0.,-1.));
#1325 = ADVANCED_FACE('',(#1326),#1337,.F.);
#1326 = FACE_BOUND('',#1327,.F.);
#1327 = EDGE_LOOP('',(#1328,#1329,#1336));
#1328 = ORIENTED_EDGE('',*,*,#1287,.F.);
#1329 = ORIENTED_EDGE('',*,*,#1330,.T.);
#1330 = EDGE_CURVE('',#1288,#1129,#1331,.T.);
#1331 = CIRCLE('',#1332,0.7);
#1332 = AXIS2_PLACEMENT_3D('',#1333,#1334,#1335);
#1333 = CARTESIAN_POINT('',(79.3,3.5,5.7));
#1334 = DIRECTION('',(1.,-0.,6.123233995737E-17));
#1335 = DIRECTION('',(6.123233995737E-17,0.,-1.));
#1336 = ORIENTED_EDGE('',*,*,#1128,.F.);
#1337 = SPHERICAL_SURFACE('',#1338,0.7);
#1338 = AXIS2_PLACEMENT_3D('',#1339,#1340,#1341);
#1339 = CARTESIAN_POINT('',(79.3,3.5,5.7));
#1340 = DIRECTION('',(0.,1.,0.));
#1341 = DIRECTION('',(1.,0.,0.));
#1342 = ADVANCED_FACE('',(#1343),#1354,.F.);
#1343 = FACE_BOUND('',#1344,.T.);
#1344 = EDGE_LOOP('',(#1345,#1346,#1352,#1353));
#1345 = ORIENTED_EDGE('',*,*,#1312,.F.);
#1346 = ORIENTED_EDGE('',*,*,#1347,.T.);
#1347 = EDGE_CURVE('',#1263,#1288,#1348,.T.);
#1348 = LINE('',#1349,#1350);
#1349 = CARTESIAN_POINT('',(60.,2.8,5.7));
#1350 = VECTOR('',#1351,1.);
#1351 = DIRECTION('',(1.,0.,0.));
#1352 = ORIENTED_EDGE('',*,*,#1330,.T.);
#1353 = ORIENTED_EDGE('',*,*,#1154,.F.);
#1354 = CYLINDRICAL_SURFACE('',#1355,0.7);
#1355 = AXIS2_PLACEMENT_3D('',#1356,#1357,#1358);
#1356 = CARTESIAN_POINT('',(60.,3.5,5.7));
#1357 = DIRECTION('',(1.,0.,0.));
#1358 = DIRECTION('',(0.,0.,-1.));
#1359 = ADVANCED_FACE('',(#1360,#1363),#1369,.T.);
#1360 = FACE_BOUND('',#1361,.T.);
#1361 = EDGE_LOOP('',(#1362));
#1362 = ORIENTED_EDGE('',*,*,#1180,.F.);
#1363 = FACE_BOUND('',#1364,.T.);
#1364 = EDGE_LOOP('',(#1365,#1366,#1367,#1368));
#1365 = ORIENTED_EDGE('',*,*,#1204,.T.);
#1366 = ORIENTED_EDGE('',*,*,#1296,.F.);
#1367 = ORIENTED_EDGE('',*,*,#1347,.F.);
#1368 = ORIENTED_EDGE('',*,*,#1271,.T.);
#1369 = PLANE('',#1370);
#1370 = AXIS2_PLACEMENT_3D('',#1371,#1372,#1373);
#1371 = CARTESIAN_POINT('',(60.,2.8,5.));
#1372 = DIRECTION('',(0.,1.,0.));
#1373 = DIRECTION('',(0.,0.,1.));
#1374 = MANIFOLD_SOLID_BREP('',#1375);
#1375 = CLOSED_SHELL('',(#1376,#1416,#1449,#1482,#1515,#1548,#1565,#1582
    ,#1613,#1644,#1661,#1692,#1709,#1810,#1828,#1846,#1879,#1897,#1928,
    #1946,#1977,#2006,#2039,#2065,#2091,#2116,#2141,#2167,#2193,#2210,
    #2221,#2232,#2244,#2255,#2266,#2297,#2322,#2347,#2371,#2395,#2420,
    #2445,#2462,#2495,#2512,#2529,#2554,#2579,#2596,#2613,#2630));
#1376 = ADVANCED_FACE('',(#1377),#1411,.F.);
#1377 = FACE_BOUND('',#1378,.F.);
#1378 = EDGE_LOOP('',(#1379,#1389,#1397,#1405));
#1379 = ORIENTED_EDGE('',*,*,#1380,.F.);
#1380 = EDGE_CURVE('',#1381,#1383,#1385,.T.);
#1381 = VERTEX_POINT('',#1382);
#1382 = CARTESIAN_POINT('',(80.,24.7,-8.2));
#1383 = VERTEX_POINT('',#1384);
#1384 = CARTESIAN_POINT('',(80.,24.7,13.2));
#1385 = LINE('',#1386,#1387);
#1386 = CARTESIAN_POINT('',(80.,24.7,-8.9));
#1387 = VECTOR('',#1388,1.);
#1388 = DIRECTION('',(0.,0.,1.));
#1389 = ORIENTED_EDGE('',*,*,#1390,.T.);
#1390 = EDGE_CURVE('',#1381,#1391,#1393,.T.);
#1391 = VERTEX_POINT('',#1392);
#1392 = CARTESIAN_POINT('',(80.,49.3,-8.2));
#1393 = LINE('',#1394,#1395);
#1394 = CARTESIAN_POINT('',(80.,24.,-8.2));
#1395 = VECTOR('',#1396,1.);
#1396 = DIRECTION('',(0.,1.,0.));
#1397 = ORIENTED_EDGE('',*,*,#1398,.T.);
#1398 = EDGE_CURVE('',#1391,#1399,#1401,.T.);
#1399 = VERTEX_POINT('',#1400);
#1400 = CARTESIAN_POINT('',(80.,49.3,13.2));
#1401 = LINE('',#1402,#1403);
#1402 = CARTESIAN_POINT('',(80.,49.3,-8.9));
#1403 = VECTOR('',#1404,1.);
#1404 = DIRECTION('',(0.,0.,1.));
#1405 = ORIENTED_EDGE('',*,*,#1406,.F.);
#1406 = EDGE_CURVE('',#1383,#1399,#1407,.T.);
#1407 = LINE('',#1408,#1409);
#1408 = CARTESIAN_POINT('',(80.,24.,13.2));
#1409 = VECTOR('',#1410,1.);
#1410 = DIRECTION('',(0.,1.,0.));
#1411 = PLANE('',#1412);
#1412 = AXIS2_PLACEMENT_3D('',#1413,#1414,#1415);
#1413 = CARTESIAN_POINT('',(80.,24.,-8.9));
#1414 = DIRECTION('',(1.,0.,0.));
#1415 = DIRECTION('',(0.,0.,1.));
#1416 = ADVANCED_FACE('',(#1417),#1444,.T.);
#1417 = FACE_BOUND('',#1418,.T.);
#1418 = EDGE_LOOP('',(#1419,#1420,#1429,#1437));
#1419 = ORIENTED_EDGE('',*,*,#1380,.F.);
#1420 = ORIENTED_EDGE('',*,*,#1421,.T.);
#1421 = EDGE_CURVE('',#1381,#1422,#1424,.T.);
#1422 = VERTEX_POINT('',#1423);
#1423 = CARTESIAN_POINT('',(80.7,24.,-8.2));
#1424 = CIRCLE('',#1425,0.7);
#1425 = AXIS2_PLACEMENT_3D('',#1426,#1427,#1428);
#1426 = CARTESIAN_POINT('',(80.7,24.7,-8.2));
#1427 = DIRECTION('',(0.,0.,1.));
#1428 = DIRECTION('',(-1.,0.,0.));
#1429 = ORIENTED_EDGE('',*,*,#1430,.T.);
#1430 = EDGE_CURVE('',#1422,#1431,#1433,.T.);
#1431 = VERTEX_POINT('',#1432);
#1432 = CARTESIAN_POINT('',(80.7,24.,13.2));
#1433 = LINE('',#1434,#1435);
#1434 = CARTESIAN_POINT('',(80.7,24.,-8.9));
#1435 = VECTOR('',#1436,1.);
#1436 = DIRECTION('',(0.,0.,1.));
#1437 = ORIENTED_EDGE('',*,*,#1438,.F.);
#1438 = EDGE_CURVE('',#1383,#1431,#1439,.T.);
#1439 = CIRCLE('',#1440,0.7);
#1440 = AXIS2_PLACEMENT_3D('',#1441,#1442,#1443);
#1441 = CARTESIAN_POINT('',(80.7,24.7,13.2));
#1442 = DIRECTION('',(0.,0.,1.));
#1443 = DIRECTION('',(-1.,0.,0.));
#1444 = CYLINDRICAL_SURFACE('',#1445,0.7);
#1445 = AXIS2_PLACEMENT_3D('',#1446,#1447,#1448);
#1446 = CARTESIAN_POINT('',(80.7,24.7,-8.9));
#1447 = DIRECTION('',(0.,0.,1.));
#1448 = DIRECTION('',(-1.,0.,0.));
#1449 = ADVANCED_FACE('',(#1450),#1477,.T.);
#1450 = FACE_BOUND('',#1451,.F.);
#1451 = EDGE_LOOP('',(#1452,#1461,#1469,#1476));
#1452 = ORIENTED_EDGE('',*,*,#1453,.F.);
#1453 = EDGE_CURVE('',#1454,#1381,#1456,.T.);
#1454 = VERTEX_POINT('',#1455);
#1455 = CARTESIAN_POINT('',(80.7,24.7,-8.9));
#1456 = CIRCLE('',#1457,0.7);
#1457 = AXIS2_PLACEMENT_3D('',#1458,#1459,#1460);
#1458 = CARTESIAN_POINT('',(80.7,24.7,-8.2));
#1459 = DIRECTION('',(0.,1.,-0.));
#1460 = DIRECTION('',(-1.,0.,0.));
#1461 = ORIENTED_EDGE('',*,*,#1462,.T.);
#1462 = EDGE_CURVE('',#1454,#1463,#1465,.T.);
#1463 = VERTEX_POINT('',#1464);
#1464 = CARTESIAN_POINT('',(80.7,49.3,-8.9));
#1465 = LINE('',#1466,#1467);
#1466 = CARTESIAN_POINT('',(80.7,24.,-8.9));
#1467 = VECTOR('',#1468,1.);
#1468 = DIRECTION('',(0.,1.,0.));
#1469 = ORIENTED_EDGE('',*,*,#1470,.T.);
#1470 = EDGE_CURVE('',#1463,#1391,#1471,.T.);
#1471 = CIRCLE('',#1472,0.7);
#1472 = AXIS2_PLACEMENT_3D('',#1473,#1474,#1475);
#1473 = CARTESIAN_POINT('',(80.7,49.3,-8.2));
#1474 = DIRECTION('',(0.,1.,-0.));
#1475 = DIRECTION('',(-1.,0.,0.));
#1476 = ORIENTED_EDGE('',*,*,#1390,.F.);
#1477 = CYLINDRICAL_SURFACE('',#1478,0.7);
#1478 = AXIS2_PLACEMENT_3D('',#1479,#1480,#1481);
#1479 = CARTESIAN_POINT('',(80.7,24.,-8.2));
#1480 = DIRECTION('',(0.,1.,0.));
#1481 = DIRECTION('',(-1.,0.,0.));
#1482 = ADVANCED_FACE('',(#1483),#1510,.T.);
#1483 = FACE_BOUND('',#1484,.T.);
#1484 = EDGE_LOOP('',(#1485,#1494,#1502,#1509));
#1485 = ORIENTED_EDGE('',*,*,#1486,.F.);
#1486 = EDGE_CURVE('',#1487,#1383,#1489,.T.);
#1487 = VERTEX_POINT('',#1488);
#1488 = CARTESIAN_POINT('',(80.7,24.7,13.9));
#1489 = CIRCLE('',#1490,0.7);
#1490 = AXIS2_PLACEMENT_3D('',#1491,#1492,#1493);
#1491 = CARTESIAN_POINT('',(80.7,24.7,13.2));
#1492 = DIRECTION('',(0.,-1.,0.));
#1493 = DIRECTION('',(-1.,0.,0.));
#1494 = ORIENTED_EDGE('',*,*,#1495,.T.);
#1495 = EDGE_CURVE('',#1487,#1496,#1498,.T.);
#1496 = VERTEX_POINT('',#1497);
#1497 = CARTESIAN_POINT('',(80.7,49.3,13.9));
#1498 = LINE('',#1499,#1500);
#1499 = CARTESIAN_POINT('',(80.7,24.,13.9));
#1500 = VECTOR('',#1501,1.);
#1501 = DIRECTION('',(0.,1.,0.));
#1502 = ORIENTED_EDGE('',*,*,#1503,.F.);
#1503 = EDGE_CURVE('',#1399,#1496,#1504,.T.);
#1504 = CIRCLE('',#1505,0.7);
#1505 = AXIS2_PLACEMENT_3D('',#1506,#1507,#1508);
#1506 = CARTESIAN_POINT('',(80.7,49.3,13.2));
#1507 = DIRECTION('',(0.,1.,-0.));
#1508 = DIRECTION('',(-1.,0.,0.));
#1509 = ORIENTED_EDGE('',*,*,#1406,.F.);
#1510 = CYLINDRICAL_SURFACE('',#1511,0.7);
#1511 = AXIS2_PLACEMENT_3D('',#1512,#1513,#1514);
#1512 = CARTESIAN_POINT('',(80.7,24.,13.2));
#1513 = DIRECTION('',(0.,1.,0.));
#1514 = DIRECTION('',(-1.,0.,0.));
#1515 = ADVANCED_FACE('',(#1516),#1543,.T.);
#1516 = FACE_BOUND('',#1517,.F.);
#1517 = EDGE_LOOP('',(#1518,#1519,#1528,#1536));
#1518 = ORIENTED_EDGE('',*,*,#1398,.F.);
#1519 = ORIENTED_EDGE('',*,*,#1520,.T.);
#1520 = EDGE_CURVE('',#1391,#1521,#1523,.T.);
#1521 = VERTEX_POINT('',#1522);
#1522 = CARTESIAN_POINT('',(80.7,50.,-8.2));
#1523 = CIRCLE('',#1524,0.7);
#1524 = AXIS2_PLACEMENT_3D('',#1525,#1526,#1527);
#1525 = CARTESIAN_POINT('',(80.7,49.3,-8.2));
#1526 = DIRECTION('',(0.,0.,-1.));
#1527 = DIRECTION('',(-1.,0.,0.));
#1528 = ORIENTED_EDGE('',*,*,#1529,.T.);
#1529 = EDGE_CURVE('',#1521,#1530,#1532,.T.);
#1530 = VERTEX_POINT('',#1531);
#1531 = CARTESIAN_POINT('',(80.7,50.,13.2));
#1532 = LINE('',#1533,#1534);
#1533 = CARTESIAN_POINT('',(80.7,50.,-8.9));
#1534 = VECTOR('',#1535,1.);
#1535 = DIRECTION('',(0.,0.,1.));
#1536 = ORIENTED_EDGE('',*,*,#1537,.T.);
#1537 = EDGE_CURVE('',#1530,#1399,#1538,.T.);
#1538 = CIRCLE('',#1539,0.7);
#1539 = AXIS2_PLACEMENT_3D('',#1540,#1541,#1542);
#1540 = CARTESIAN_POINT('',(80.7,49.3,13.2));
#1541 = DIRECTION('',(0.,0.,1.));
#1542 = DIRECTION('',(-1.,0.,0.));
#1543 = CYLINDRICAL_SURFACE('',#1544,0.7);
#1544 = AXIS2_PLACEMENT_3D('',#1545,#1546,#1547);
#1545 = CARTESIAN_POINT('',(80.7,49.3,-8.9));
#1546 = DIRECTION('',(0.,0.,1.));
#1547 = DIRECTION('',(-1.,0.,0.));
#1548 = ADVANCED_FACE('',(#1549),#1560,.T.);
#1549 = FACE_BOUND('',#1550,.T.);
#1550 = EDGE_LOOP('',(#1551,#1552,#1559));
#1551 = ORIENTED_EDGE('',*,*,#1453,.F.);
#1552 = ORIENTED_EDGE('',*,*,#1553,.T.);
#1553 = EDGE_CURVE('',#1454,#1422,#1554,.T.);
#1554 = CIRCLE('',#1555,0.7);
#1555 = AXIS2_PLACEMENT_3D('',#1556,#1557,#1558);
#1556 = CARTESIAN_POINT('',(80.7,24.7,-8.2));
#1557 = DIRECTION('',(-1.,6.123233995737E-17,0.));
#1558 = DIRECTION('',(-6.123233995737E-17,-1.,0.));
#1559 = ORIENTED_EDGE('',*,*,#1421,.F.);
#1560 = SPHERICAL_SURFACE('',#1561,0.7);
#1561 = AXIS2_PLACEMENT_3D('',#1562,#1563,#1564);
#1562 = CARTESIAN_POINT('',(80.7,24.7,-8.2));
#1563 = DIRECTION('',(0.,0.,1.));
#1564 = DIRECTION('',(-1.,0.,0.));
#1565 = ADVANCED_FACE('',(#1566),#1577,.T.);
#1566 = FACE_BOUND('',#1567,.F.);
#1567 = EDGE_LOOP('',(#1568,#1569,#1576));
#1568 = ORIENTED_EDGE('',*,*,#1486,.F.);
#1569 = ORIENTED_EDGE('',*,*,#1570,.T.);
#1570 = EDGE_CURVE('',#1487,#1431,#1571,.T.);
#1571 = CIRCLE('',#1572,0.7);
#1572 = AXIS2_PLACEMENT_3D('',#1573,#1574,#1575);
#1573 = CARTESIAN_POINT('',(80.7,24.7,13.2));
#1574 = DIRECTION('',(1.,-6.123233995737E-17,0.));
#1575 = DIRECTION('',(-6.123233995737E-17,-1.,0.));
#1576 = ORIENTED_EDGE('',*,*,#1438,.F.);
#1577 = SPHERICAL_SURFACE('',#1578,0.7);
#1578 = AXIS2_PLACEMENT_3D('',#1579,#1580,#1581);
#1579 = CARTESIAN_POINT('',(80.7,24.7,13.2));
#1580 = DIRECTION('',(-0.,-0.,-1.));
#1581 = DIRECTION('',(-1.,0.,0.));
#1582 = ADVANCED_FACE('',(#1583),#1608,.F.);
#1583 = FACE_BOUND('',#1584,.F.);
#1584 = EDGE_LOOP('',(#1585,#1586,#1594,#1602));
#1585 = ORIENTED_EDGE('',*,*,#1430,.T.);
#1586 = ORIENTED_EDGE('',*,*,#1587,.T.);
#1587 = EDGE_CURVE('',#1431,#1588,#1590,.T.);
#1588 = VERTEX_POINT('',#1589);
#1589 = CARTESIAN_POINT('',(96.3,24.,13.2));
#1590 = LINE('',#1591,#1592);
#1591 = CARTESIAN_POINT('',(80.,24.,13.2));
#1592 = VECTOR('',#1593,1.);
#1593 = DIRECTION('',(1.,0.,0.));
#1594 = ORIENTED_EDGE('',*,*,#1595,.F.);
#1595 = EDGE_CURVE('',#1596,#1588,#1598,.T.);
#1596 = VERTEX_POINT('',#1597);
#1597 = CARTESIAN_POINT('',(96.3,24.,-8.2));
#1598 = LINE('',#1599,#1600);
#1599 = CARTESIAN_POINT('',(96.3,24.,-8.9));
#1600 = VECTOR('',#1601,1.);
#1601 = DIRECTION('',(0.,0.,1.));
#1602 = ORIENTED_EDGE('',*,*,#1603,.F.);
#1603 = EDGE_CURVE('',#1422,#1596,#1604,.T.);
#1604 = LINE('',#1605,#1606);
#1605 = CARTESIAN_POINT('',(80.,24.,-8.2));
#1606 = VECTOR('',#1607,1.);
#1607 = DIRECTION('',(1.,0.,0.));
#1608 = PLANE('',#1609);
#1609 = AXIS2_PLACEMENT_3D('',#1610,#1611,#1612);
#1610 = CARTESIAN_POINT('',(80.,24.,-8.9));
#1611 = DIRECTION('',(0.,1.,0.));
#1612 = DIRECTION('',(0.,0.,1.));
#1613 = ADVANCED_FACE('',(#1614),#1639,.F.);
#1614 = FACE_BOUND('',#1615,.F.);
#1615 = EDGE_LOOP('',(#1616,#1617,#1625,#1633));
#1616 = ORIENTED_EDGE('',*,*,#1462,.F.);
#1617 = ORIENTED_EDGE('',*,*,#1618,.T.);
#1618 = EDGE_CURVE('',#1454,#1619,#1621,.T.);
#1619 = VERTEX_POINT('',#1620);
#1620 = CARTESIAN_POINT('',(96.3,24.7,-8.9));
#1621 = LINE('',#1622,#1623);
#1622 = CARTESIAN_POINT('',(80.,24.7,-8.9));
#1623 = VECTOR('',#1624,1.);
#1624 = DIRECTION('',(1.,0.,0.));
#1625 = ORIENTED_EDGE('',*,*,#1626,.T.);
#1626 = EDGE_CURVE('',#1619,#1627,#1629,.T.);
#1627 = VERTEX_POINT('',#1628);
#1628 = CARTESIAN_POINT('',(96.3,49.3,-8.9));
#1629 = LINE('',#1630,#1631);
#1630 = CARTESIAN_POINT('',(96.3,24.,-8.9));
#1631 = VECTOR('',#1632,1.);
#1632 = DIRECTION('',(0.,1.,0.));
#1633 = ORIENTED_EDGE('',*,*,#1634,.F.);
#1634 = EDGE_CURVE('',#1463,#1627,#1635,.T.);
#1635 = LINE('',#1636,#1637);
#1636 = CARTESIAN_POINT('',(80.,49.3,-8.9));
#1637 = VECTOR('',#1638,1.);
#1638 = DIRECTION('',(1.,0.,0.));
#1639 = PLANE('',#1640);
#1640 = AXIS2_PLACEMENT_3D('',#1641,#1642,#1643);
#1641 = CARTESIAN_POINT('',(80.,24.,-8.9));
#1642 = DIRECTION('',(0.,0.,1.));
#1643 = DIRECTION('',(1.,0.,0.));
#1644 = ADVANCED_FACE('',(#1645),#1656,.T.);
#1645 = FACE_BOUND('',#1646,.F.);
#1646 = EDGE_LOOP('',(#1647,#1648,#1655));
#1647 = ORIENTED_EDGE('',*,*,#1470,.F.);
#1648 = ORIENTED_EDGE('',*,*,#1649,.T.);
#1649 = EDGE_CURVE('',#1463,#1521,#1650,.T.);
#1650 = CIRCLE('',#1651,0.7);
#1651 = AXIS2_PLACEMENT_3D('',#1652,#1653,#1654);
#1652 = CARTESIAN_POINT('',(80.7,49.3,-8.2));
#1653 = DIRECTION('',(1.,6.123233995737E-17,-0.));
#1654 = DIRECTION('',(-6.123233995737E-17,1.,0.));
#1655 = ORIENTED_EDGE('',*,*,#1520,.F.);
#1656 = SPHERICAL_SURFACE('',#1657,0.7);
#1657 = AXIS2_PLACEMENT_3D('',#1658,#1659,#1660);
#1658 = CARTESIAN_POINT('',(80.7,49.3,-8.2));
#1659 = DIRECTION('',(0.,0.,1.));
#1660 = DIRECTION('',(-1.,0.,0.));
#1661 = ADVANCED_FACE('',(#1662),#1687,.T.);
#1662 = FACE_BOUND('',#1663,.T.);
#1663 = EDGE_LOOP('',(#1664,#1665,#1673,#1681));
#1664 = ORIENTED_EDGE('',*,*,#1495,.F.);
#1665 = ORIENTED_EDGE('',*,*,#1666,.T.);
#1666 = EDGE_CURVE('',#1487,#1667,#1669,.T.);
#1667 = VERTEX_POINT('',#1668);
#1668 = CARTESIAN_POINT('',(96.3,24.7,13.9));
#1669 = LINE('',#1670,#1671);
#1670 = CARTESIAN_POINT('',(80.,24.7,13.9));
#1671 = VECTOR('',#1672,1.);
#1672 = DIRECTION('',(1.,0.,0.));
#1673 = ORIENTED_EDGE('',*,*,#1674,.T.);
#1674 = EDGE_CURVE('',#1667,#1675,#1677,.T.);
#1675 = VERTEX_POINT('',#1676);
#1676 = CARTESIAN_POINT('',(96.3,49.3,13.9));
#1677 = LINE('',#1678,#1679);
#1678 = CARTESIAN_POINT('',(96.3,24.,13.9));
#1679 = VECTOR('',#1680,1.);
#1680 = DIRECTION('',(0.,1.,0.));
#1681 = ORIENTED_EDGE('',*,*,#1682,.F.);
#1682 = EDGE_CURVE('',#1496,#1675,#1683,.T.);
#1683 = LINE('',#1684,#1685);
#1684 = CARTESIAN_POINT('',(80.,49.3,13.9));
#1685 = VECTOR('',#1686,1.);
#1686 = DIRECTION('',(1.,0.,0.));
#1687 = PLANE('',#1688);
#1688 = AXIS2_PLACEMENT_3D('',#1689,#1690,#1691);
#1689 = CARTESIAN_POINT('',(80.,24.,13.9));
#1690 = DIRECTION('',(0.,0.,1.));
#1691 = DIRECTION('',(1.,0.,0.));
#1692 = ADVANCED_FACE('',(#1693),#1704,.T.);
#1693 = FACE_BOUND('',#1694,.F.);
#1694 = EDGE_LOOP('',(#1695,#1696,#1703));
#1695 = ORIENTED_EDGE('',*,*,#1537,.F.);
#1696 = ORIENTED_EDGE('',*,*,#1697,.T.);
#1697 = EDGE_CURVE('',#1530,#1496,#1698,.T.);
#1698 = CIRCLE('',#1699,0.7);
#1699 = AXIS2_PLACEMENT_3D('',#1700,#1701,#1702);
#1700 = CARTESIAN_POINT('',(80.7,49.3,13.2));
#1701 = DIRECTION('',(1.,0.,6.123233995737E-17));
#1702 = DIRECTION('',(-6.123233995737E-17,0.,1.));
#1703 = ORIENTED_EDGE('',*,*,#1503,.F.);
#1704 = SPHERICAL_SURFACE('',#1705,0.7);
#1705 = AXIS2_PLACEMENT_3D('',#1706,#1707,#1708);
#1706 = CARTESIAN_POINT('',(80.7,49.3,13.2));
#1707 = DIRECTION('',(-0.,-1.,-0.));
#1708 = DIRECTION('',(-1.,0.,0.));
#1709 = ADVANCED_FACE('',(#1710,#1735),#1805,.T.);
#1710 = FACE_BOUND('',#1711,.T.);
#1711 = EDGE_LOOP('',(#1712,#1713,#1721,#1729));
#1712 = ORIENTED_EDGE('',*,*,#1529,.T.);
#1713 = ORIENTED_EDGE('',*,*,#1714,.T.);
#1714 = EDGE_CURVE('',#1530,#1715,#1717,.T.);
#1715 = VERTEX_POINT('',#1716);
#1716 = CARTESIAN_POINT('',(96.3,50.,13.2));
#1717 = LINE('',#1718,#1719);
#1718 = CARTESIAN_POINT('',(80.,50.,13.2));
#1719 = VECTOR('',#1720,1.);
#1720 = DIRECTION('',(1.,0.,0.));
#1721 = ORIENTED_EDGE('',*,*,#1722,.F.);
#1722 = EDGE_CURVE('',#1723,#1715,#1725,.T.);
#1723 = VERTEX_POINT('',#1724);
#1724 = CARTESIAN_POINT('',(96.3,50.,-8.2));
#1725 = LINE('',#1726,#1727);
#1726 = CARTESIAN_POINT('',(96.3,50.,-8.9));
#1727 = VECTOR('',#1728,1.);
#1728 = DIRECTION('',(0.,0.,1.));
#1729 = ORIENTED_EDGE('',*,*,#1730,.F.);
#1730 = EDGE_CURVE('',#1521,#1723,#1731,.T.);
#1731 = LINE('',#1732,#1733);
#1732 = CARTESIAN_POINT('',(80.,50.,-8.2));
#1733 = VECTOR('',#1734,1.);
#1734 = DIRECTION('',(1.,0.,0.));
#1735 = FACE_BOUND('',#1736,.T.);
#1736 = EDGE_LOOP('',(#1737,#1747,#1756,#1764,#1773,#1781,#1790,#1798));
#1737 = ORIENTED_EDGE('',*,*,#1738,.F.);
#1738 = EDGE_CURVE('',#1739,#1741,#1743,.T.);
#1739 = VERTEX_POINT('',#1740);
#1740 = CARTESIAN_POINT('',(81.1,50.,-6.4));
#1741 = VERTEX_POINT('',#1742);
#1742 = CARTESIAN_POINT('',(81.1,50.,11.4));
#1743 = LINE('',#1744,#1745);
#1744 = CARTESIAN_POINT('',(81.1,50.,-7.1));
#1745 = VECTOR('',#1746,1.);
#1746 = DIRECTION('',(0.,0.,1.));
#1747 = ORIENTED_EDGE('',*,*,#1748,.T.);
#1748 = EDGE_CURVE('',#1739,#1749,#1751,.T.);
#1749 = VERTEX_POINT('',#1750);
#1750 = CARTESIAN_POINT('',(82.5,50.,-7.8));
#1751 = CIRCLE('',#1752,1.4);
#1752 = AXIS2_PLACEMENT_3D('',#1753,#1754,#1755);
#1753 = CARTESIAN_POINT('',(82.5,50.,-6.4));
#1754 = DIRECTION('',(-0.,-1.,-0.));
#1755 = DIRECTION('',(-1.,0.,0.));
#1756 = ORIENTED_EDGE('',*,*,#1757,.T.);
#1757 = EDGE_CURVE('',#1749,#1758,#1760,.T.);
#1758 = VERTEX_POINT('',#1759);
#1759 = CARTESIAN_POINT('',(94.5,50.,-7.8));
#1760 = LINE('',#1761,#1762);
#1761 = CARTESIAN_POINT('',(81.8,50.,-7.8));
#1762 = VECTOR('',#1763,1.);
#1763 = DIRECTION('',(1.,0.,0.));
#1764 = ORIENTED_EDGE('',*,*,#1765,.F.);
#1765 = EDGE_CURVE('',#1766,#1758,#1768,.T.);
#1766 = VERTEX_POINT('',#1767);
#1767 = CARTESIAN_POINT('',(95.9,50.,-6.4));
#1768 = CIRCLE('',#1769,1.4);
#1769 = AXIS2_PLACEMENT_3D('',#1770,#1771,#1772);
#1770 = CARTESIAN_POINT('',(94.5,50.,-6.4));
#1771 = DIRECTION('',(-0.,1.,0.));
#1772 = DIRECTION('',(1.,0.,0.));
#1773 = ORIENTED_EDGE('',*,*,#1774,.T.);
#1774 = EDGE_CURVE('',#1766,#1775,#1777,.T.);
#1775 = VERTEX_POINT('',#1776);
#1776 = CARTESIAN_POINT('',(95.9,50.,11.4));
#1777 = LINE('',#1778,#1779);
#1778 = CARTESIAN_POINT('',(95.9,50.,-7.1));
#1779 = VECTOR('',#1780,1.);
#1780 = DIRECTION('',(0.,0.,1.));
#1781 = ORIENTED_EDGE('',*,*,#1782,.F.);
#1782 = EDGE_CURVE('',#1783,#1775,#1785,.T.);
#1783 = VERTEX_POINT('',#1784);
#1784 = CARTESIAN_POINT('',(94.5,50.,12.8));
#1785 = CIRCLE('',#1786,1.4);
#1786 = AXIS2_PLACEMENT_3D('',#1787,#1788,#1789);
#1787 = CARTESIAN_POINT('',(94.5,50.,11.4));
#1788 = DIRECTION('',(0.,1.,0.));
#1789 = DIRECTION('',(0.,0.,1.));
#1790 = ORIENTED_EDGE('',*,*,#1791,.F.);
#1791 = EDGE_CURVE('',#1792,#1783,#1794,.T.);
#1792 = VERTEX_POINT('',#1793);
#1793 = CARTESIAN_POINT('',(82.5,50.,12.8));
#1794 = LINE('',#1795,#1796);
#1795 = CARTESIAN_POINT('',(81.8,50.,12.8));
#1796 = VECTOR('',#1797,1.);
#1797 = DIRECTION('',(1.,0.,0.));
#1798 = ORIENTED_EDGE('',*,*,#1799,.F.);
#1799 = EDGE_CURVE('',#1741,#1792,#1800,.T.);
#1800 = CIRCLE('',#1801,1.4);
#1801 = AXIS2_PLACEMENT_3D('',#1802,#1803,#1804);
#1802 = CARTESIAN_POINT('',(82.5,50.,11.4));
#1803 = DIRECTION('',(0.,1.,-0.));
#1804 = DIRECTION('',(-1.,0.,0.));
#1805 = PLANE('',#1806);
#1806 = AXIS2_PLACEMENT_3D('',#1807,#1808,#1809);
#1807 = CARTESIAN_POINT('',(80.,50.,-8.9));
#1808 = DIRECTION('',(0.,1.,0.));
#1809 = DIRECTION('',(0.,0.,1.));
#1810 = ADVANCED_FACE('',(#1811),#1823,.T.);
#1811 = FACE_BOUND('',#1812,.T.);
#1812 = EDGE_LOOP('',(#1813,#1814,#1815,#1822));
#1813 = ORIENTED_EDGE('',*,*,#1553,.F.);
#1814 = ORIENTED_EDGE('',*,*,#1618,.T.);
#1815 = ORIENTED_EDGE('',*,*,#1816,.F.);
#1816 = EDGE_CURVE('',#1596,#1619,#1817,.T.);
#1817 = CIRCLE('',#1818,0.7);
#1818 = AXIS2_PLACEMENT_3D('',#1819,#1820,#1821);
#1819 = CARTESIAN_POINT('',(96.3,24.7,-8.2));
#1820 = DIRECTION('',(1.,0.,0.));
#1821 = DIRECTION('',(0.,-1.,0.));
#1822 = ORIENTED_EDGE('',*,*,#1603,.F.);
#1823 = CYLINDRICAL_SURFACE('',#1824,0.7);
#1824 = AXIS2_PLACEMENT_3D('',#1825,#1826,#1827);
#1825 = CARTESIAN_POINT('',(80.,24.7,-8.2));
#1826 = DIRECTION('',(1.,0.,0.));
#1827 = DIRECTION('',(0.,-1.,0.));
#1828 = ADVANCED_FACE('',(#1829),#1841,.T.);
#1829 = FACE_BOUND('',#1830,.F.);
#1830 = EDGE_LOOP('',(#1831,#1832,#1833,#1840));
#1831 = ORIENTED_EDGE('',*,*,#1570,.F.);
#1832 = ORIENTED_EDGE('',*,*,#1666,.T.);
#1833 = ORIENTED_EDGE('',*,*,#1834,.T.);
#1834 = EDGE_CURVE('',#1667,#1588,#1835,.T.);
#1835 = CIRCLE('',#1836,0.7);
#1836 = AXIS2_PLACEMENT_3D('',#1837,#1838,#1839);
#1837 = CARTESIAN_POINT('',(96.3,24.7,13.2));
#1838 = DIRECTION('',(1.,0.,0.));
#1839 = DIRECTION('',(0.,-1.,0.));
#1840 = ORIENTED_EDGE('',*,*,#1587,.F.);
#1841 = CYLINDRICAL_SURFACE('',#1842,0.7);
#1842 = AXIS2_PLACEMENT_3D('',#1843,#1844,#1845);
#1843 = CARTESIAN_POINT('',(80.,24.7,13.2));
#1844 = DIRECTION('',(1.,0.,0.));
#1845 = DIRECTION('',(0.,-1.,0.));
#1846 = ADVANCED_FACE('',(#1847),#1874,.T.);
#1847 = FACE_BOUND('',#1848,.T.);
#1848 = EDGE_LOOP('',(#1849,#1858,#1866,#1873));
#1849 = ORIENTED_EDGE('',*,*,#1850,.F.);
#1850 = EDGE_CURVE('',#1851,#1596,#1853,.T.);
#1851 = VERTEX_POINT('',#1852);
#1852 = CARTESIAN_POINT('',(97.,24.7,-8.2));
#1853 = CIRCLE('',#1854,0.7);
#1854 = AXIS2_PLACEMENT_3D('',#1855,#1856,#1857);
#1855 = CARTESIAN_POINT('',(96.3,24.7,-8.2));
#1856 = DIRECTION('',(-0.,-0.,-1.));
#1857 = DIRECTION('',(0.,-1.,0.));
#1858 = ORIENTED_EDGE('',*,*,#1859,.T.);
#1859 = EDGE_CURVE('',#1851,#1860,#1862,.T.);
#1860 = VERTEX_POINT('',#1861);
#1861 = CARTESIAN_POINT('',(97.,24.7,13.2));
#1862 = LINE('',#1863,#1864);
#1863 = CARTESIAN_POINT('',(97.,24.7,-8.9));
#1864 = VECTOR('',#1865,1.);
#1865 = DIRECTION('',(0.,0.,1.));
#1866 = ORIENTED_EDGE('',*,*,#1867,.F.);
#1867 = EDGE_CURVE('',#1588,#1860,#1868,.T.);
#1868 = CIRCLE('',#1869,0.7);
#1869 = AXIS2_PLACEMENT_3D('',#1870,#1871,#1872);
#1870 = CARTESIAN_POINT('',(96.3,24.7,13.2));
#1871 = DIRECTION('',(-0.,0.,1.));
#1872 = DIRECTION('',(0.,-1.,0.));
#1873 = ORIENTED_EDGE('',*,*,#1595,.F.);
#1874 = CYLINDRICAL_SURFACE('',#1875,0.7);
#1875 = AXIS2_PLACEMENT_3D('',#1876,#1877,#1878);
#1876 = CARTESIAN_POINT('',(96.3,24.7,-8.9));
#1877 = DIRECTION('',(0.,0.,1.));
#1878 = DIRECTION('',(0.,-1.,0.));
#1879 = ADVANCED_FACE('',(#1880),#1892,.T.);
#1880 = FACE_BOUND('',#1881,.F.);
#1881 = EDGE_LOOP('',(#1882,#1883,#1884,#1891));
#1882 = ORIENTED_EDGE('',*,*,#1649,.F.);
#1883 = ORIENTED_EDGE('',*,*,#1634,.T.);
#1884 = ORIENTED_EDGE('',*,*,#1885,.F.);
#1885 = EDGE_CURVE('',#1723,#1627,#1886,.T.);
#1886 = CIRCLE('',#1887,0.7);
#1887 = AXIS2_PLACEMENT_3D('',#1888,#1889,#1890);
#1888 = CARTESIAN_POINT('',(96.3,49.3,-8.2));
#1889 = DIRECTION('',(-1.,0.,0.));
#1890 = DIRECTION('',(0.,1.,0.));
#1891 = ORIENTED_EDGE('',*,*,#1730,.F.);
#1892 = CYLINDRICAL_SURFACE('',#1893,0.7);
#1893 = AXIS2_PLACEMENT_3D('',#1894,#1895,#1896);
#1894 = CARTESIAN_POINT('',(80.,49.3,-8.2));
#1895 = DIRECTION('',(1.,0.,0.));
#1896 = DIRECTION('',(0.,1.,0.));
#1897 = ADVANCED_FACE('',(#1898),#1923,.T.);
#1898 = FACE_BOUND('',#1899,.F.);
#1899 = EDGE_LOOP('',(#1900,#1907,#1915,#1922));
#1900 = ORIENTED_EDGE('',*,*,#1901,.F.);
#1901 = EDGE_CURVE('',#1851,#1619,#1902,.T.);
#1902 = CIRCLE('',#1903,0.7);
#1903 = AXIS2_PLACEMENT_3D('',#1904,#1905,#1906);
#1904 = CARTESIAN_POINT('',(96.3,24.7,-8.2));
#1905 = DIRECTION('',(0.,1.,-6.123233995737E-17));
#1906 = DIRECTION('',(0.,-6.123233995737E-17,-1.));
#1907 = ORIENTED_EDGE('',*,*,#1908,.T.);
#1908 = EDGE_CURVE('',#1851,#1909,#1911,.T.);
#1909 = VERTEX_POINT('',#1910);
#1910 = CARTESIAN_POINT('',(97.,49.3,-8.2));
#1911 = LINE('',#1912,#1913);
#1912 = CARTESIAN_POINT('',(97.,24.,-8.2));
#1913 = VECTOR('',#1914,1.);
#1914 = DIRECTION('',(0.,1.,0.));
#1915 = ORIENTED_EDGE('',*,*,#1916,.T.);
#1916 = EDGE_CURVE('',#1909,#1627,#1917,.T.);
#1917 = CIRCLE('',#1918,0.7);
#1918 = AXIS2_PLACEMENT_3D('',#1919,#1920,#1921);
#1919 = CARTESIAN_POINT('',(96.3,49.3,-8.2));
#1920 = DIRECTION('',(0.,1.,6.123233995737E-17));
#1921 = DIRECTION('',(0.,6.123233995737E-17,-1.));
#1922 = ORIENTED_EDGE('',*,*,#1626,.F.);
#1923 = CYLINDRICAL_SURFACE('',#1924,0.7);
#1924 = AXIS2_PLACEMENT_3D('',#1925,#1926,#1927);
#1925 = CARTESIAN_POINT('',(96.3,24.,-8.2));
#1926 = DIRECTION('',(0.,1.,0.));
#1927 = DIRECTION('',(0.,0.,-1.));
#1928 = ADVANCED_FACE('',(#1929),#1941,.T.);
#1929 = FACE_BOUND('',#1930,.F.);
#1930 = EDGE_LOOP('',(#1931,#1932,#1933,#1940));
#1931 = ORIENTED_EDGE('',*,*,#1697,.F.);
#1932 = ORIENTED_EDGE('',*,*,#1714,.T.);
#1933 = ORIENTED_EDGE('',*,*,#1934,.F.);
#1934 = EDGE_CURVE('',#1675,#1715,#1935,.T.);
#1935 = CIRCLE('',#1936,0.7);
#1936 = AXIS2_PLACEMENT_3D('',#1937,#1938,#1939);
#1937 = CARTESIAN_POINT('',(96.3,49.3,13.2));
#1938 = DIRECTION('',(-1.,0.,0.));
#1939 = DIRECTION('',(0.,0.,1.));
#1940 = ORIENTED_EDGE('',*,*,#1682,.F.);
#1941 = CYLINDRICAL_SURFACE('',#1942,0.7);
#1942 = AXIS2_PLACEMENT_3D('',#1943,#1944,#1945);
#1943 = CARTESIAN_POINT('',(80.,49.3,13.2));
#1944 = DIRECTION('',(1.,0.,0.));
#1945 = DIRECTION('',(0.,0.,1.));
#1946 = ADVANCED_FACE('',(#1947),#1972,.T.);
#1947 = FACE_BOUND('',#1948,.T.);
#1948 = EDGE_LOOP('',(#1949,#1956,#1964,#1971));
#1949 = ORIENTED_EDGE('',*,*,#1950,.T.);
#1950 = EDGE_CURVE('',#1667,#1860,#1951,.T.);
#1951 = CIRCLE('',#1952,0.7);
#1952 = AXIS2_PLACEMENT_3D('',#1953,#1954,#1955);
#1953 = CARTESIAN_POINT('',(96.3,24.7,13.2));
#1954 = DIRECTION('',(6.123233995737E-17,1.,0.));
#1955 = DIRECTION('',(1.,-6.123233995737E-17,0.));
#1956 = ORIENTED_EDGE('',*,*,#1957,.T.);
#1957 = EDGE_CURVE('',#1860,#1958,#1960,.T.);
#1958 = VERTEX_POINT('',#1959);
#1959 = CARTESIAN_POINT('',(97.,49.3,13.2));
#1960 = LINE('',#1961,#1962);
#1961 = CARTESIAN_POINT('',(97.,24.,13.2));
#1962 = VECTOR('',#1963,1.);
#1963 = DIRECTION('',(0.,1.,0.));
#1964 = ORIENTED_EDGE('',*,*,#1965,.T.);
#1965 = EDGE_CURVE('',#1958,#1675,#1966,.T.);
#1966 = CIRCLE('',#1967,0.7);
#1967 = AXIS2_PLACEMENT_3D('',#1968,#1969,#1970);
#1968 = CARTESIAN_POINT('',(96.3,49.3,13.2));
#1969 = DIRECTION('',(0.,-1.,0.));
#1970 = DIRECTION('',(0.,0.,1.));
#1971 = ORIENTED_EDGE('',*,*,#1674,.F.);
#1972 = CYLINDRICAL_SURFACE('',#1973,0.7);
#1973 = AXIS2_PLACEMENT_3D('',#1974,#1975,#1976);
#1974 = CARTESIAN_POINT('',(96.3,24.,13.2));
#1975 = DIRECTION('',(0.,1.,0.));
#1976 = DIRECTION('',(0.,0.,1.));
#1977 = ADVANCED_FACE('',(#1978),#2001,.T.);
#1978 = FACE_BOUND('',#1979,.F.);
#1979 = EDGE_LOOP('',(#1980,#1987,#1993,#2000));
#1980 = ORIENTED_EDGE('',*,*,#1981,.F.);
#1981 = EDGE_CURVE('',#1909,#1723,#1982,.T.);
#1982 = CIRCLE('',#1983,0.7);
#1983 = AXIS2_PLACEMENT_3D('',#1984,#1985,#1986);
#1984 = CARTESIAN_POINT('',(96.3,49.3,-8.2));
#1985 = DIRECTION('',(0.,-0.,1.));
#1986 = DIRECTION('',(0.,1.,0.));
#1987 = ORIENTED_EDGE('',*,*,#1988,.T.);
#1988 = EDGE_CURVE('',#1909,#1958,#1989,.T.);
#1989 = LINE('',#1990,#1991);
#1990 = CARTESIAN_POINT('',(97.,49.3,-8.9));
#1991 = VECTOR('',#1992,1.);
#1992 = DIRECTION('',(0.,0.,1.));
#1993 = ORIENTED_EDGE('',*,*,#1994,.T.);
#1994 = EDGE_CURVE('',#1958,#1715,#1995,.T.);
#1995 = CIRCLE('',#1996,0.7);
#1996 = AXIS2_PLACEMENT_3D('',#1997,#1998,#1999);
#1997 = CARTESIAN_POINT('',(96.3,49.3,13.2));
#1998 = DIRECTION('',(0.,-6.123233995737E-17,1.));
#1999 = DIRECTION('',(0.,1.,6.123233995737E-17));
#2000 = ORIENTED_EDGE('',*,*,#1722,.F.);
#2001 = CYLINDRICAL_SURFACE('',#2002,0.7);
#2002 = AXIS2_PLACEMENT_3D('',#2003,#2004,#2005);
#2003 = CARTESIAN_POINT('',(96.3,49.3,-8.9));
#2004 = DIRECTION('',(0.,0.,1.));
#2005 = DIRECTION('',(0.,1.,0.));
#2006 = ADVANCED_FACE('',(#2007),#2034,.T.);
#2007 = FACE_BOUND('',#2008,.F.);
#2008 = EDGE_LOOP('',(#2009,#2018,#2026,#2033));
#2009 = ORIENTED_EDGE('',*,*,#2010,.T.);
#2010 = EDGE_CURVE('',#1739,#2011,#2013,.T.);
#2011 = VERTEX_POINT('',#2012);
#2012 = CARTESIAN_POINT('',(81.8,49.3,-6.4));
#2013 = CIRCLE('',#2014,0.7);
#2014 = AXIS2_PLACEMENT_3D('',#2015,#2016,#2017);
#2015 = CARTESIAN_POINT('',(81.1,49.3,-6.4));
#2016 = DIRECTION('',(0.,0.,-1.));
#2017 = DIRECTION('',(-1.,0.,0.));
#2018 = ORIENTED_EDGE('',*,*,#2019,.T.);
#2019 = EDGE_CURVE('',#2011,#2020,#2022,.T.);
#2020 = VERTEX_POINT('',#2021);
#2021 = CARTESIAN_POINT('',(81.8,49.3,11.4));
#2022 = LINE('',#2023,#2024);
#2023 = CARTESIAN_POINT('',(81.8,49.3,-7.1));
#2024 = VECTOR('',#2025,1.);
#2025 = DIRECTION('',(0.,0.,1.));
#2026 = ORIENTED_EDGE('',*,*,#2027,.F.);
#2027 = EDGE_CURVE('',#1741,#2020,#2028,.T.);
#2028 = CIRCLE('',#2029,0.7);
#2029 = AXIS2_PLACEMENT_3D('',#2030,#2031,#2032);
#2030 = CARTESIAN_POINT('',(81.1,49.3,11.4));
#2031 = DIRECTION('',(0.,0.,-1.));
#2032 = DIRECTION('',(-1.,0.,0.));
#2033 = ORIENTED_EDGE('',*,*,#1738,.F.);
#2034 = CYLINDRICAL_SURFACE('',#2035,0.7);
#2035 = AXIS2_PLACEMENT_3D('',#2036,#2037,#2038);
#2036 = CARTESIAN_POINT('',(81.1,49.3,-7.1));
#2037 = DIRECTION('',(0.,0.,1.));
#2038 = DIRECTION('',(0.,1.,0.));
#2039 = ADVANCED_FACE('',(#2040),#2060,.T.);
#2040 = FACE_BOUND('',#2041,.F.);
#2041 = EDGE_LOOP('',(#2042,#2043,#2044,#2053));
#2042 = ORIENTED_EDGE('',*,*,#2010,.F.);
#2043 = ORIENTED_EDGE('',*,*,#1748,.T.);
#2044 = ORIENTED_EDGE('',*,*,#2045,.T.);
#2045 = EDGE_CURVE('',#1749,#2046,#2048,.T.);
#2046 = VERTEX_POINT('',#2047);
#2047 = CARTESIAN_POINT('',(82.5,49.3,-7.1));
#2048 = CIRCLE('',#2049,0.7);
#2049 = AXIS2_PLACEMENT_3D('',#2050,#2051,#2052);
#2050 = CARTESIAN_POINT('',(82.5,49.3,-7.8));
#2051 = DIRECTION('',(1.,0.,-6.123233995737E-17));
#2052 = DIRECTION('',(-6.123233995737E-17,0.,-1.));
#2053 = ORIENTED_EDGE('',*,*,#2054,.F.);
#2054 = EDGE_CURVE('',#2011,#2046,#2055,.T.);
#2055 = CIRCLE('',#2056,0.7);
#2056 = AXIS2_PLACEMENT_3D('',#2057,#2058,#2059);
#2057 = CARTESIAN_POINT('',(82.5,49.3,-6.4));
#2058 = DIRECTION('',(-0.,-1.,-0.));
#2059 = DIRECTION('',(-1.,0.,0.));
#2060 = TOROIDAL_SURFACE('',#2061,1.4,0.7);
#2061 = AXIS2_PLACEMENT_3D('',#2062,#2063,#2064);
#2062 = CARTESIAN_POINT('',(82.5,49.3,-6.4));
#2063 = DIRECTION('',(0.,1.,0.));
#2064 = DIRECTION('',(-1.,0.,0.));
#2065 = ADVANCED_FACE('',(#2066),#2086,.T.);
#2066 = FACE_BOUND('',#2067,.T.);
#2067 = EDGE_LOOP('',(#2068,#2069,#2070,#2079));
#2068 = ORIENTED_EDGE('',*,*,#2027,.F.);
#2069 = ORIENTED_EDGE('',*,*,#1799,.T.);
#2070 = ORIENTED_EDGE('',*,*,#2071,.T.);
#2071 = EDGE_CURVE('',#1792,#2072,#2074,.T.);
#2072 = VERTEX_POINT('',#2073);
#2073 = CARTESIAN_POINT('',(82.5,49.3,12.1));
#2074 = CIRCLE('',#2075,0.7);
#2075 = AXIS2_PLACEMENT_3D('',#2076,#2077,#2078);
#2076 = CARTESIAN_POINT('',(82.5,49.3,12.8));
#2077 = DIRECTION('',(-1.,0.,-6.123233995737E-17));
#2078 = DIRECTION('',(-6.123233995737E-17,0.,1.));
#2079 = ORIENTED_EDGE('',*,*,#2080,.F.);
#2080 = EDGE_CURVE('',#2020,#2072,#2081,.T.);
#2081 = CIRCLE('',#2082,0.7);
#2082 = AXIS2_PLACEMENT_3D('',#2083,#2084,#2085);
#2083 = CARTESIAN_POINT('',(82.5,49.3,11.4));
#2084 = DIRECTION('',(0.,1.,-0.));
#2085 = DIRECTION('',(-1.,0.,0.));
#2086 = TOROIDAL_SURFACE('',#2087,1.4,0.7);
#2087 = AXIS2_PLACEMENT_3D('',#2088,#2089,#2090);
#2088 = CARTESIAN_POINT('',(82.5,49.3,11.4));
#2089 = DIRECTION('',(0.,1.,0.));
#2090 = DIRECTION('',(-1.,0.,0.));
#2091 = ADVANCED_FACE('',(#2092),#2111,.T.);
#2092 = FACE_BOUND('',#2093,.T.);
#2093 = EDGE_LOOP('',(#2094,#2095,#2103,#2110));
#2094 = ORIENTED_EDGE('',*,*,#2045,.T.);
#2095 = ORIENTED_EDGE('',*,*,#2096,.T.);
#2096 = EDGE_CURVE('',#2046,#2097,#2099,.T.);
#2097 = VERTEX_POINT('',#2098);
#2098 = CARTESIAN_POINT('',(94.5,49.3,-7.1));
#2099 = LINE('',#2100,#2101);
#2100 = CARTESIAN_POINT('',(81.8,49.3,-7.1));
#2101 = VECTOR('',#2102,1.);
#2102 = DIRECTION('',(1.,0.,0.));
#2103 = ORIENTED_EDGE('',*,*,#2104,.F.);
#2104 = EDGE_CURVE('',#1758,#2097,#2105,.T.);
#2105 = CIRCLE('',#2106,0.7);
#2106 = AXIS2_PLACEMENT_3D('',#2107,#2108,#2109);
#2107 = CARTESIAN_POINT('',(94.5,49.3,-7.8));
#2108 = DIRECTION('',(1.,-0.,6.123233995737E-17));
#2109 = DIRECTION('',(6.123233995737E-17,0.,-1.));
#2110 = ORIENTED_EDGE('',*,*,#1757,.F.);
#2111 = CYLINDRICAL_SURFACE('',#2112,0.7);
#2112 = AXIS2_PLACEMENT_3D('',#2113,#2114,#2115);
#2113 = CARTESIAN_POINT('',(81.8,49.3,-7.8));
#2114 = DIRECTION('',(1.,0.,0.));
#2115 = DIRECTION('',(0.,1.,0.));
#2116 = ADVANCED_FACE('',(#2117),#2136,.T.);
#2117 = FACE_BOUND('',#2118,.F.);
#2118 = EDGE_LOOP('',(#2119,#2120,#2128,#2135));
#2119 = ORIENTED_EDGE('',*,*,#2071,.T.);
#2120 = ORIENTED_EDGE('',*,*,#2121,.T.);
#2121 = EDGE_CURVE('',#2072,#2122,#2124,.T.);
#2122 = VERTEX_POINT('',#2123);
#2123 = CARTESIAN_POINT('',(94.5,49.3,12.1));
#2124 = LINE('',#2125,#2126);
#2125 = CARTESIAN_POINT('',(81.8,49.3,12.1));
#2126 = VECTOR('',#2127,1.);
#2127 = DIRECTION('',(1.,0.,0.));
#2128 = ORIENTED_EDGE('',*,*,#2129,.F.);
#2129 = EDGE_CURVE('',#1783,#2122,#2130,.T.);
#2130 = CIRCLE('',#2131,0.7);
#2131 = AXIS2_PLACEMENT_3D('',#2132,#2133,#2134);
#2132 = CARTESIAN_POINT('',(94.5,49.3,12.8));
#2133 = DIRECTION('',(-1.,0.,0.));
#2134 = DIRECTION('',(0.,0.,1.));
#2135 = ORIENTED_EDGE('',*,*,#1791,.F.);
#2136 = CYLINDRICAL_SURFACE('',#2137,0.7);
#2137 = AXIS2_PLACEMENT_3D('',#2138,#2139,#2140);
#2138 = CARTESIAN_POINT('',(81.8,49.3,12.8));
#2139 = DIRECTION('',(1.,0.,0.));
#2140 = DIRECTION('',(0.,1.,0.));
#2141 = ADVANCED_FACE('',(#2142),#2162,.T.);
#2142 = FACE_BOUND('',#2143,.T.);
#2143 = EDGE_LOOP('',(#2144,#2153,#2154,#2155));
#2144 = ORIENTED_EDGE('',*,*,#2145,.F.);
#2145 = EDGE_CURVE('',#1766,#2146,#2148,.T.);
#2146 = VERTEX_POINT('',#2147);
#2147 = CARTESIAN_POINT('',(95.2,49.3,-6.4));
#2148 = CIRCLE('',#2149,0.7);
#2149 = AXIS2_PLACEMENT_3D('',#2150,#2151,#2152);
#2150 = CARTESIAN_POINT('',(95.9,49.3,-6.4));
#2151 = DIRECTION('',(0.,0.,1.));
#2152 = DIRECTION('',(1.,0.,0.));
#2153 = ORIENTED_EDGE('',*,*,#1765,.T.);
#2154 = ORIENTED_EDGE('',*,*,#2104,.T.);
#2155 = ORIENTED_EDGE('',*,*,#2156,.F.);
#2156 = EDGE_CURVE('',#2146,#2097,#2157,.T.);
#2157 = CIRCLE('',#2158,0.7);
#2158 = AXIS2_PLACEMENT_3D('',#2159,#2160,#2161);
#2159 = CARTESIAN_POINT('',(94.5,49.3,-6.4));
#2160 = DIRECTION('',(-0.,1.,0.));
#2161 = DIRECTION('',(1.,0.,0.));
#2162 = TOROIDAL_SURFACE('',#2163,1.4,0.7);
#2163 = AXIS2_PLACEMENT_3D('',#2164,#2165,#2166);
#2164 = CARTESIAN_POINT('',(94.5,49.3,-6.4));
#2165 = DIRECTION('',(0.,1.,0.));
#2166 = DIRECTION('',(1.,0.,0.));
#2167 = ADVANCED_FACE('',(#2168),#2188,.T.);
#2168 = FACE_BOUND('',#2169,.T.);
#2169 = EDGE_LOOP('',(#2170,#2171,#2172,#2181));
#2170 = ORIENTED_EDGE('',*,*,#2129,.F.);
#2171 = ORIENTED_EDGE('',*,*,#1782,.T.);
#2172 = ORIENTED_EDGE('',*,*,#2173,.T.);
#2173 = EDGE_CURVE('',#1775,#2174,#2176,.T.);
#2174 = VERTEX_POINT('',#2175);
#2175 = CARTESIAN_POINT('',(95.2,49.3,11.4));
#2176 = CIRCLE('',#2177,0.7);
#2177 = AXIS2_PLACEMENT_3D('',#2178,#2179,#2180);
#2178 = CARTESIAN_POINT('',(95.9,49.3,11.4));
#2179 = DIRECTION('',(-6.123233995737E-17,0.,1.));
#2180 = DIRECTION('',(1.,0.,6.123233995737E-17));
#2181 = ORIENTED_EDGE('',*,*,#2182,.F.);
#2182 = EDGE_CURVE('',#2122,#2174,#2183,.T.);
#2183 = CIRCLE('',#2184,0.7);
#2184 = AXIS2_PLACEMENT_3D('',#2185,#2186,#2187);
#2185 = CARTESIAN_POINT('',(94.5,49.3,11.4));
#2186 = DIRECTION('',(0.,1.,0.));
#2187 = DIRECTION('',(0.,0.,1.));
#2188 = TOROIDAL_SURFACE('',#2189,1.4,0.7);
#2189 = AXIS2_PLACEMENT_3D('',#2190,#2191,#2192);
#2190 = CARTESIAN_POINT('',(94.5,49.3,11.4));
#2191 = DIRECTION('',(0.,1.,0.));
#2192 = DIRECTION('',(0.,0.,1.));
#2193 = ADVANCED_FACE('',(#2194),#2205,.T.);
#2194 = FACE_BOUND('',#2195,.T.);
#2195 = EDGE_LOOP('',(#2196,#2197,#2203,#2204));
#2196 = ORIENTED_EDGE('',*,*,#2145,.T.);
#2197 = ORIENTED_EDGE('',*,*,#2198,.T.);
#2198 = EDGE_CURVE('',#2146,#2174,#2199,.T.);
#2199 = LINE('',#2200,#2201);
#2200 = CARTESIAN_POINT('',(95.2,49.3,-7.1));
#2201 = VECTOR('',#2202,1.);
#2202 = DIRECTION('',(0.,0.,1.));
#2203 = ORIENTED_EDGE('',*,*,#2173,.F.);
#2204 = ORIENTED_EDGE('',*,*,#1774,.F.);
#2205 = CYLINDRICAL_SURFACE('',#2206,0.7);
#2206 = AXIS2_PLACEMENT_3D('',#2207,#2208,#2209);
#2207 = CARTESIAN_POINT('',(95.9,49.3,-7.1));
#2208 = DIRECTION('',(0.,0.,1.));
#2209 = DIRECTION('',(0.,1.,0.));
#2210 = ADVANCED_FACE('',(#2211),#2216,.T.);
#2211 = FACE_BOUND('',#2212,.F.);
#2212 = EDGE_LOOP('',(#2213,#2214,#2215));
#2213 = ORIENTED_EDGE('',*,*,#1850,.F.);
#2214 = ORIENTED_EDGE('',*,*,#1901,.T.);
#2215 = ORIENTED_EDGE('',*,*,#1816,.F.);
#2216 = SPHERICAL_SURFACE('',#2217,0.7);
#2217 = AXIS2_PLACEMENT_3D('',#2218,#2219,#2220);
#2218 = CARTESIAN_POINT('',(96.3,24.7,-8.2));
#2219 = DIRECTION('',(-1.,0.,0.));
#2220 = DIRECTION('',(0.,-1.,0.));
#2221 = ADVANCED_FACE('',(#2222),#2227,.T.);
#2222 = FACE_BOUND('',#2223,.F.);
#2223 = EDGE_LOOP('',(#2224,#2225,#2226));
#2224 = ORIENTED_EDGE('',*,*,#1834,.F.);
#2225 = ORIENTED_EDGE('',*,*,#1950,.T.);
#2226 = ORIENTED_EDGE('',*,*,#1867,.F.);
#2227 = SPHERICAL_SURFACE('',#2228,0.7);
#2228 = AXIS2_PLACEMENT_3D('',#2229,#2230,#2231);
#2229 = CARTESIAN_POINT('',(96.3,24.7,13.2));
#2230 = DIRECTION('',(-0.,-0.,-1.));
#2231 = DIRECTION('',(0.,-1.,0.));
#2232 = ADVANCED_FACE('',(#2233),#2239,.T.);
#2233 = FACE_BOUND('',#2234,.T.);
#2234 = EDGE_LOOP('',(#2235,#2236,#2237,#2238));
#2235 = ORIENTED_EDGE('',*,*,#1859,.F.);
#2236 = ORIENTED_EDGE('',*,*,#1908,.T.);
#2237 = ORIENTED_EDGE('',*,*,#1988,.T.);
#2238 = ORIENTED_EDGE('',*,*,#1957,.F.);
#2239 = PLANE('',#2240);
#2240 = AXIS2_PLACEMENT_3D('',#2241,#2242,#2243);
#2241 = CARTESIAN_POINT('',(97.,24.,-8.9));
#2242 = DIRECTION('',(1.,0.,0.));
#2243 = DIRECTION('',(0.,0.,1.));
#2244 = ADVANCED_FACE('',(#2245),#2250,.T.);
#2245 = FACE_BOUND('',#2246,.T.);
#2246 = EDGE_LOOP('',(#2247,#2248,#2249));
#2247 = ORIENTED_EDGE('',*,*,#1981,.F.);
#2248 = ORIENTED_EDGE('',*,*,#1916,.T.);
#2249 = ORIENTED_EDGE('',*,*,#1885,.F.);
#2250 = SPHERICAL_SURFACE('',#2251,0.7);
#2251 = AXIS2_PLACEMENT_3D('',#2252,#2253,#2254);
#2252 = CARTESIAN_POINT('',(96.3,49.3,-8.2));
#2253 = DIRECTION('',(-1.,0.,0.));
#2254 = DIRECTION('',(0.,1.,0.));
#2255 = ADVANCED_FACE('',(#2256),#2261,.T.);
#2256 = FACE_BOUND('',#2257,.T.);
#2257 = EDGE_LOOP('',(#2258,#2259,#2260));
#2258 = ORIENTED_EDGE('',*,*,#1965,.F.);
#2259 = ORIENTED_EDGE('',*,*,#1994,.T.);
#2260 = ORIENTED_EDGE('',*,*,#1934,.F.);
#2261 = SPHERICAL_SURFACE('',#2262,0.7);
#2262 = AXIS2_PLACEMENT_3D('',#2263,#2264,#2265);
#2263 = CARTESIAN_POINT('',(96.3,49.3,13.2));
#2264 = DIRECTION('',(-1.,0.,0.));
#2265 = DIRECTION('',(0.,0.,1.));
#2266 = ADVANCED_FACE('',(#2267),#2292,.T.);
#2267 = FACE_BOUND('',#2268,.T.);
#2268 = EDGE_LOOP('',(#2269,#2270,#2278,#2286));
#2269 = ORIENTED_EDGE('',*,*,#2019,.T.);
#2270 = ORIENTED_EDGE('',*,*,#2271,.F.);
#2271 = EDGE_CURVE('',#2272,#2020,#2274,.T.);
#2272 = VERTEX_POINT('',#2273);
#2273 = CARTESIAN_POINT('',(81.8,26.5,11.4));
#2274 = LINE('',#2275,#2276);
#2275 = CARTESIAN_POINT('',(81.8,25.8,11.4));
#2276 = VECTOR('',#2277,1.);
#2277 = DIRECTION('',(0.,1.,0.));
#2278 = ORIENTED_EDGE('',*,*,#2279,.F.);
#2279 = EDGE_CURVE('',#2280,#2272,#2282,.T.);
#2280 = VERTEX_POINT('',#2281);
#2281 = CARTESIAN_POINT('',(81.8,26.5,-6.4));
#2282 = LINE('',#2283,#2284);
#2283 = CARTESIAN_POINT('',(81.8,26.5,-7.1));
#2284 = VECTOR('',#2285,1.);
#2285 = DIRECTION('',(0.,0.,1.));
#2286 = ORIENTED_EDGE('',*,*,#2287,.T.);
#2287 = EDGE_CURVE('',#2280,#2011,#2288,.T.);
#2288 = LINE('',#2289,#2290);
#2289 = CARTESIAN_POINT('',(81.8,25.8,-6.4));
#2290 = VECTOR('',#2291,1.);
#2291 = DIRECTION('',(0.,1.,0.));
#2292 = PLANE('',#2293);
#2293 = AXIS2_PLACEMENT_3D('',#2294,#2295,#2296);
#2294 = CARTESIAN_POINT('',(81.8,25.8,-7.1));
#2295 = DIRECTION('',(1.,0.,0.));
#2296 = DIRECTION('',(0.,0.,1.));
#2297 = ADVANCED_FACE('',(#2298),#2317,.F.);
#2298 = FACE_BOUND('',#2299,.T.);
#2299 = EDGE_LOOP('',(#2300,#2309,#2315,#2316));
#2300 = ORIENTED_EDGE('',*,*,#2301,.F.);
#2301 = EDGE_CURVE('',#2302,#2280,#2304,.T.);
#2302 = VERTEX_POINT('',#2303);
#2303 = CARTESIAN_POINT('',(82.5,26.5,-7.1));
#2304 = CIRCLE('',#2305,0.7);
#2305 = AXIS2_PLACEMENT_3D('',#2306,#2307,#2308);
#2306 = CARTESIAN_POINT('',(82.5,26.5,-6.4));
#2307 = DIRECTION('',(0.,1.,-0.));
#2308 = DIRECTION('',(-1.,0.,0.));
#2309 = ORIENTED_EDGE('',*,*,#2310,.T.);
#2310 = EDGE_CURVE('',#2302,#2046,#2311,.T.);
#2311 = LINE('',#2312,#2313);
#2312 = CARTESIAN_POINT('',(82.5,25.8,-7.1));
#2313 = VECTOR('',#2314,1.);
#2314 = DIRECTION('',(0.,1.,0.));
#2315 = ORIENTED_EDGE('',*,*,#2054,.F.);
#2316 = ORIENTED_EDGE('',*,*,#2287,.F.);
#2317 = CYLINDRICAL_SURFACE('',#2318,0.7);
#2318 = AXIS2_PLACEMENT_3D('',#2319,#2320,#2321);
#2319 = CARTESIAN_POINT('',(82.5,25.8,-6.4));
#2320 = DIRECTION('',(0.,1.,0.));
#2321 = DIRECTION('',(-1.,0.,0.));
#2322 = ADVANCED_FACE('',(#2323),#2342,.F.);
#2323 = FACE_BOUND('',#2324,.F.);
#2324 = EDGE_LOOP('',(#2325,#2334,#2340,#2341));
#2325 = ORIENTED_EDGE('',*,*,#2326,.F.);
#2326 = EDGE_CURVE('',#2327,#2272,#2329,.T.);
#2327 = VERTEX_POINT('',#2328);
#2328 = CARTESIAN_POINT('',(82.5,26.5,12.1));
#2329 = CIRCLE('',#2330,0.7);
#2330 = AXIS2_PLACEMENT_3D('',#2331,#2332,#2333);
#2331 = CARTESIAN_POINT('',(82.5,26.5,11.4));
#2332 = DIRECTION('',(0.,-1.,0.));
#2333 = DIRECTION('',(-1.,0.,0.));
#2334 = ORIENTED_EDGE('',*,*,#2335,.T.);
#2335 = EDGE_CURVE('',#2327,#2072,#2336,.T.);
#2336 = LINE('',#2337,#2338);
#2337 = CARTESIAN_POINT('',(82.5,25.8,12.1));
#2338 = VECTOR('',#2339,1.);
#2339 = DIRECTION('',(0.,1.,0.));
#2340 = ORIENTED_EDGE('',*,*,#2080,.F.);
#2341 = ORIENTED_EDGE('',*,*,#2271,.F.);
#2342 = CYLINDRICAL_SURFACE('',#2343,0.7);
#2343 = AXIS2_PLACEMENT_3D('',#2344,#2345,#2346);
#2344 = CARTESIAN_POINT('',(82.5,25.8,11.4));
#2345 = DIRECTION('',(0.,1.,0.));
#2346 = DIRECTION('',(-1.,0.,0.));
#2347 = ADVANCED_FACE('',(#2348),#2366,.T.);
#2348 = FACE_BOUND('',#2349,.T.);
#2349 = EDGE_LOOP('',(#2350,#2351,#2352,#2360));
#2350 = ORIENTED_EDGE('',*,*,#2096,.F.);
#2351 = ORIENTED_EDGE('',*,*,#2310,.F.);
#2352 = ORIENTED_EDGE('',*,*,#2353,.T.);
#2353 = EDGE_CURVE('',#2302,#2354,#2356,.T.);
#2354 = VERTEX_POINT('',#2355);
#2355 = CARTESIAN_POINT('',(94.5,26.5,-7.1));
#2356 = LINE('',#2357,#2358);
#2357 = CARTESIAN_POINT('',(81.8,26.5,-7.1));
#2358 = VECTOR('',#2359,1.);
#2359 = DIRECTION('',(1.,0.,0.));
#2360 = ORIENTED_EDGE('',*,*,#2361,.T.);
#2361 = EDGE_CURVE('',#2354,#2097,#2362,.T.);
#2362 = LINE('',#2363,#2364);
#2363 = CARTESIAN_POINT('',(94.5,25.8,-7.1));
#2364 = VECTOR('',#2365,1.);
#2365 = DIRECTION('',(0.,1.,0.));
#2366 = PLANE('',#2367);
#2367 = AXIS2_PLACEMENT_3D('',#2368,#2369,#2370);
#2368 = CARTESIAN_POINT('',(81.8,25.8,-7.1));
#2369 = DIRECTION('',(0.,0.,1.));
#2370 = DIRECTION('',(1.,0.,0.));
#2371 = ADVANCED_FACE('',(#2372),#2390,.F.);
#2372 = FACE_BOUND('',#2373,.F.);
#2373 = EDGE_LOOP('',(#2374,#2375,#2376,#2384));
#2374 = ORIENTED_EDGE('',*,*,#2121,.F.);
#2375 = ORIENTED_EDGE('',*,*,#2335,.F.);
#2376 = ORIENTED_EDGE('',*,*,#2377,.T.);
#2377 = EDGE_CURVE('',#2327,#2378,#2380,.T.);
#2378 = VERTEX_POINT('',#2379);
#2379 = CARTESIAN_POINT('',(94.5,26.5,12.1));
#2380 = LINE('',#2381,#2382);
#2381 = CARTESIAN_POINT('',(81.8,26.5,12.1));
#2382 = VECTOR('',#2383,1.);
#2383 = DIRECTION('',(1.,0.,0.));
#2384 = ORIENTED_EDGE('',*,*,#2385,.T.);
#2385 = EDGE_CURVE('',#2378,#2122,#2386,.T.);
#2386 = LINE('',#2387,#2388);
#2387 = CARTESIAN_POINT('',(94.5,25.8,12.1));
#2388 = VECTOR('',#2389,1.);
#2389 = DIRECTION('',(0.,1.,0.));
#2390 = PLANE('',#2391);
#2391 = AXIS2_PLACEMENT_3D('',#2392,#2393,#2394);
#2392 = CARTESIAN_POINT('',(81.8,25.8,12.1));
#2393 = DIRECTION('',(0.,0.,1.));
#2394 = DIRECTION('',(1.,0.,0.));
#2395 = ADVANCED_FACE('',(#2396),#2415,.F.);
#2396 = FACE_BOUND('',#2397,.F.);
#2397 = EDGE_LOOP('',(#2398,#2407,#2408,#2409));
#2398 = ORIENTED_EDGE('',*,*,#2399,.F.);
#2399 = EDGE_CURVE('',#2354,#2400,#2402,.T.);
#2400 = VERTEX_POINT('',#2401);
#2401 = CARTESIAN_POINT('',(95.2,26.5,-6.4));
#2402 = CIRCLE('',#2403,0.7);
#2403 = AXIS2_PLACEMENT_3D('',#2404,#2405,#2406);
#2404 = CARTESIAN_POINT('',(94.5,26.5,-6.4));
#2405 = DIRECTION('',(0.,-1.,0.));
#2406 = DIRECTION('',(1.,0.,0.));
#2407 = ORIENTED_EDGE('',*,*,#2361,.T.);
#2408 = ORIENTED_EDGE('',*,*,#2156,.F.);
#2409 = ORIENTED_EDGE('',*,*,#2410,.F.);
#2410 = EDGE_CURVE('',#2400,#2146,#2411,.T.);
#2411 = LINE('',#2412,#2413);
#2412 = CARTESIAN_POINT('',(95.2,25.8,-6.4));
#2413 = VECTOR('',#2414,1.);
#2414 = DIRECTION('',(0.,1.,0.));
#2415 = CYLINDRICAL_SURFACE('',#2416,0.7);
#2416 = AXIS2_PLACEMENT_3D('',#2417,#2418,#2419);
#2417 = CARTESIAN_POINT('',(94.5,25.8,-6.4));
#2418 = DIRECTION('',(0.,1.,0.));
#2419 = DIRECTION('',(1.,0.,0.));
#2420 = ADVANCED_FACE('',(#2421),#2440,.F.);
#2421 = FACE_BOUND('',#2422,.F.);
#2422 = EDGE_LOOP('',(#2423,#2424,#2433,#2439));
#2423 = ORIENTED_EDGE('',*,*,#2385,.F.);
#2424 = ORIENTED_EDGE('',*,*,#2425,.T.);
#2425 = EDGE_CURVE('',#2378,#2426,#2428,.T.);
#2426 = VERTEX_POINT('',#2427);
#2427 = CARTESIAN_POINT('',(95.2,26.5,11.4));
#2428 = CIRCLE('',#2429,0.7);
#2429 = AXIS2_PLACEMENT_3D('',#2430,#2431,#2432);
#2430 = CARTESIAN_POINT('',(94.5,26.5,11.4));
#2431 = DIRECTION('',(0.,1.,0.));
#2432 = DIRECTION('',(0.,0.,1.));
#2433 = ORIENTED_EDGE('',*,*,#2434,.T.);
#2434 = EDGE_CURVE('',#2426,#2174,#2435,.T.);
#2435 = LINE('',#2436,#2437);
#2436 = CARTESIAN_POINT('',(95.2,25.8,11.4));
#2437 = VECTOR('',#2438,1.);
#2438 = DIRECTION('',(0.,1.,0.));
#2439 = ORIENTED_EDGE('',*,*,#2182,.F.);
#2440 = CYLINDRICAL_SURFACE('',#2441,0.7);
#2441 = AXIS2_PLACEMENT_3D('',#2442,#2443,#2444);
#2442 = CARTESIAN_POINT('',(94.5,25.8,11.4));
#2443 = DIRECTION('',(0.,1.,0.));
#2444 = DIRECTION('',(0.,0.,1.));
#2445 = ADVANCED_FACE('',(#2446),#2457,.F.);
#2446 = FACE_BOUND('',#2447,.F.);
#2447 = EDGE_LOOP('',(#2448,#2449,#2450,#2456));
#2448 = ORIENTED_EDGE('',*,*,#2198,.T.);
#2449 = ORIENTED_EDGE('',*,*,#2434,.F.);
#2450 = ORIENTED_EDGE('',*,*,#2451,.F.);
#2451 = EDGE_CURVE('',#2400,#2426,#2452,.T.);
#2452 = LINE('',#2453,#2454);
#2453 = CARTESIAN_POINT('',(95.2,26.5,-7.1));
#2454 = VECTOR('',#2455,1.);
#2455 = DIRECTION('',(0.,0.,1.));
#2456 = ORIENTED_EDGE('',*,*,#2410,.T.);
#2457 = PLANE('',#2458);
#2458 = AXIS2_PLACEMENT_3D('',#2459,#2460,#2461);
#2459 = CARTESIAN_POINT('',(95.2,25.8,-7.1));
#2460 = DIRECTION('',(1.,0.,0.));
#2461 = DIRECTION('',(0.,0.,1.));
#2462 = ADVANCED_FACE('',(#2463),#2490,.F.);
#2463 = FACE_BOUND('',#2464,.F.);
#2464 = EDGE_LOOP('',(#2465,#2466,#2475,#2483));
#2465 = ORIENTED_EDGE('',*,*,#2279,.F.);
#2466 = ORIENTED_EDGE('',*,*,#2467,.T.);
#2467 = EDGE_CURVE('',#2280,#2468,#2470,.T.);
#2468 = VERTEX_POINT('',#2469);
#2469 = CARTESIAN_POINT('',(82.5,25.8,-6.4));
#2470 = CIRCLE('',#2471,0.7);
#2471 = AXIS2_PLACEMENT_3D('',#2472,#2473,#2474);
#2472 = CARTESIAN_POINT('',(82.5,26.5,-6.4));
#2473 = DIRECTION('',(0.,0.,1.));
#2474 = DIRECTION('',(-1.,0.,0.));
#2475 = ORIENTED_EDGE('',*,*,#2476,.T.);
#2476 = EDGE_CURVE('',#2468,#2477,#2479,.T.);
#2477 = VERTEX_POINT('',#2478);
#2478 = CARTESIAN_POINT('',(82.5,25.8,11.4));
#2479 = LINE('',#2480,#2481);
#2480 = CARTESIAN_POINT('',(82.5,25.8,-7.1));
#2481 = VECTOR('',#2482,1.);
#2482 = DIRECTION('',(0.,0.,1.));
#2483 = ORIENTED_EDGE('',*,*,#2484,.F.);
#2484 = EDGE_CURVE('',#2272,#2477,#2485,.T.);
#2485 = CIRCLE('',#2486,0.7);
#2486 = AXIS2_PLACEMENT_3D('',#2487,#2488,#2489);
#2487 = CARTESIAN_POINT('',(82.5,26.5,11.4));
#2488 = DIRECTION('',(0.,0.,1.));
#2489 = DIRECTION('',(-1.,0.,0.));
#2490 = CYLINDRICAL_SURFACE('',#2491,0.7);
#2491 = AXIS2_PLACEMENT_3D('',#2492,#2493,#2494);
#2492 = CARTESIAN_POINT('',(82.5,26.5,-7.1));
#2493 = DIRECTION('',(0.,0.,1.));
#2494 = DIRECTION('',(-1.,0.,0.));
#2495 = ADVANCED_FACE('',(#2496),#2507,.F.);
#2496 = FACE_BOUND('',#2497,.F.);
#2497 = EDGE_LOOP('',(#2498,#2499,#2506));
#2498 = ORIENTED_EDGE('',*,*,#2301,.F.);
#2499 = ORIENTED_EDGE('',*,*,#2500,.T.);
#2500 = EDGE_CURVE('',#2302,#2468,#2501,.T.);
#2501 = CIRCLE('',#2502,0.7);
#2502 = AXIS2_PLACEMENT_3D('',#2503,#2504,#2505);
#2503 = CARTESIAN_POINT('',(82.5,26.5,-6.4));
#2504 = DIRECTION('',(-1.,6.123233995737E-17,0.));
#2505 = DIRECTION('',(-6.123233995737E-17,-1.,0.));
#2506 = ORIENTED_EDGE('',*,*,#2467,.F.);
#2507 = SPHERICAL_SURFACE('',#2508,0.7);
#2508 = AXIS2_PLACEMENT_3D('',#2509,#2510,#2511);
#2509 = CARTESIAN_POINT('',(82.5,26.5,-6.4));
#2510 = DIRECTION('',(0.,0.,1.));
#2511 = DIRECTION('',(-1.,0.,0.));
#2512 = ADVANCED_FACE('',(#2513),#2524,.F.);
#2513 = FACE_BOUND('',#2514,.T.);
#2514 = EDGE_LOOP('',(#2515,#2516,#2523));
#2515 = ORIENTED_EDGE('',*,*,#2326,.F.);
#2516 = ORIENTED_EDGE('',*,*,#2517,.T.);
#2517 = EDGE_CURVE('',#2327,#2477,#2518,.T.);
#2518 = CIRCLE('',#2519,0.7);
#2519 = AXIS2_PLACEMENT_3D('',#2520,#2521,#2522);
#2520 = CARTESIAN_POINT('',(82.5,26.5,11.4));
#2521 = DIRECTION('',(1.,-6.123233995737E-17,0.));
#2522 = DIRECTION('',(-6.123233995737E-17,-1.,0.));
#2523 = ORIENTED_EDGE('',*,*,#2484,.F.);
#2524 = SPHERICAL_SURFACE('',#2525,0.7);
#2525 = AXIS2_PLACEMENT_3D('',#2526,#2527,#2528);
#2526 = CARTESIAN_POINT('',(82.5,26.5,11.4));
#2527 = DIRECTION('',(-0.,-0.,-1.));
#2528 = DIRECTION('',(-1.,0.,0.));
#2529 = ADVANCED_FACE('',(#2530),#2549,.F.);
#2530 = FACE_BOUND('',#2531,.T.);
#2531 = EDGE_LOOP('',(#2532,#2533,#2541,#2548));
#2532 = ORIENTED_EDGE('',*,*,#2500,.T.);
#2533 = ORIENTED_EDGE('',*,*,#2534,.T.);
#2534 = EDGE_CURVE('',#2468,#2535,#2537,.T.);
#2535 = VERTEX_POINT('',#2536);
#2536 = CARTESIAN_POINT('',(94.5,25.8,-6.4));
#2537 = LINE('',#2538,#2539);
#2538 = CARTESIAN_POINT('',(81.8,25.8,-6.4));
#2539 = VECTOR('',#2540,1.);
#2540 = DIRECTION('',(1.,0.,0.));
#2541 = ORIENTED_EDGE('',*,*,#2542,.F.);
#2542 = EDGE_CURVE('',#2354,#2535,#2543,.T.);
#2543 = CIRCLE('',#2544,0.7);
#2544 = AXIS2_PLACEMENT_3D('',#2545,#2546,#2547);
#2545 = CARTESIAN_POINT('',(94.5,26.5,-6.4));
#2546 = DIRECTION('',(-1.,-6.123233995737E-17,0.));
#2547 = DIRECTION('',(6.123233995737E-17,-1.,0.));
#2548 = ORIENTED_EDGE('',*,*,#2353,.F.);
#2549 = CYLINDRICAL_SURFACE('',#2550,0.7);
#2550 = AXIS2_PLACEMENT_3D('',#2551,#2552,#2553);
#2551 = CARTESIAN_POINT('',(81.8,26.5,-6.4));
#2552 = DIRECTION('',(1.,0.,0.));
#2553 = DIRECTION('',(0.,0.,-1.));
#2554 = ADVANCED_FACE('',(#2555),#2574,.F.);
#2555 = FACE_BOUND('',#2556,.F.);
#2556 = EDGE_LOOP('',(#2557,#2558,#2566,#2573));
#2557 = ORIENTED_EDGE('',*,*,#2517,.T.);
#2558 = ORIENTED_EDGE('',*,*,#2559,.T.);
#2559 = EDGE_CURVE('',#2477,#2560,#2562,.T.);
#2560 = VERTEX_POINT('',#2561);
#2561 = CARTESIAN_POINT('',(94.5,25.8,11.4));
#2562 = LINE('',#2563,#2564);
#2563 = CARTESIAN_POINT('',(81.8,25.8,11.4));
#2564 = VECTOR('',#2565,1.);
#2565 = DIRECTION('',(1.,0.,0.));
#2566 = ORIENTED_EDGE('',*,*,#2567,.T.);
#2567 = EDGE_CURVE('',#2560,#2378,#2568,.T.);
#2568 = CIRCLE('',#2569,0.7);
#2569 = AXIS2_PLACEMENT_3D('',#2570,#2571,#2572);
#2570 = CARTESIAN_POINT('',(94.5,26.5,11.4));
#2571 = DIRECTION('',(-1.,0.,0.));
#2572 = DIRECTION('',(0.,0.,1.));
#2573 = ORIENTED_EDGE('',*,*,#2377,.F.);
#2574 = CYLINDRICAL_SURFACE('',#2575,0.7);
#2575 = AXIS2_PLACEMENT_3D('',#2576,#2577,#2578);
#2576 = CARTESIAN_POINT('',(81.8,26.5,11.4));
#2577 = DIRECTION('',(1.,0.,0.));
#2578 = DIRECTION('',(0.,0.,1.));
#2579 = ADVANCED_FACE('',(#2580),#2591,.F.);
#2580 = FACE_BOUND('',#2581,.T.);
#2581 = EDGE_LOOP('',(#2582,#2583,#2584));
#2582 = ORIENTED_EDGE('',*,*,#2399,.F.);
#2583 = ORIENTED_EDGE('',*,*,#2542,.T.);
#2584 = ORIENTED_EDGE('',*,*,#2585,.F.);
#2585 = EDGE_CURVE('',#2400,#2535,#2586,.T.);
#2586 = CIRCLE('',#2587,0.7);
#2587 = AXIS2_PLACEMENT_3D('',#2588,#2589,#2590);
#2588 = CARTESIAN_POINT('',(94.5,26.5,-6.4));
#2589 = DIRECTION('',(0.,0.,-1.));
#2590 = DIRECTION('',(1.,0.,0.));
#2591 = SPHERICAL_SURFACE('',#2592,0.7);
#2592 = AXIS2_PLACEMENT_3D('',#2593,#2594,#2595);
#2593 = CARTESIAN_POINT('',(94.5,26.5,-6.4));
#2594 = DIRECTION('',(0.,0.,1.));
#2595 = DIRECTION('',(1.,0.,0.));
#2596 = ADVANCED_FACE('',(#2597),#2608,.F.);
#2597 = FACE_BOUND('',#2598,.F.);
#2598 = EDGE_LOOP('',(#2599,#2600,#2607));
#2599 = ORIENTED_EDGE('',*,*,#2567,.F.);
#2600 = ORIENTED_EDGE('',*,*,#2601,.T.);
#2601 = EDGE_CURVE('',#2560,#2426,#2602,.T.);
#2602 = CIRCLE('',#2603,0.7);
#2603 = AXIS2_PLACEMENT_3D('',#2604,#2605,#2606);
#2604 = CARTESIAN_POINT('',(94.5,26.5,11.4));
#2605 = DIRECTION('',(-6.123233995737E-17,0.,1.));
#2606 = DIRECTION('',(1.,0.,6.123233995737E-17));
#2607 = ORIENTED_EDGE('',*,*,#2425,.F.);
#2608 = SPHERICAL_SURFACE('',#2609,0.7);
#2609 = AXIS2_PLACEMENT_3D('',#2610,#2611,#2612);
#2610 = CARTESIAN_POINT('',(94.5,26.5,11.4));
#2611 = DIRECTION('',(0.,1.,0.));
#2612 = DIRECTION('',(0.,0.,1.));
#2613 = ADVANCED_FACE('',(#2614),#2625,.F.);
#2614 = FACE_BOUND('',#2615,.T.);
#2615 = EDGE_LOOP('',(#2616,#2617,#2618,#2624));
#2616 = ORIENTED_EDGE('',*,*,#2451,.F.);
#2617 = ORIENTED_EDGE('',*,*,#2585,.T.);
#2618 = ORIENTED_EDGE('',*,*,#2619,.T.);
#2619 = EDGE_CURVE('',#2535,#2560,#2620,.T.);
#2620 = LINE('',#2621,#2622);
#2621 = CARTESIAN_POINT('',(94.5,25.8,-7.1));
#2622 = VECTOR('',#2623,1.);
#2623 = DIRECTION('',(0.,0.,1.));
#2624 = ORIENTED_EDGE('',*,*,#2601,.T.);
#2625 = CYLINDRICAL_SURFACE('',#2626,0.7);
#2626 = AXIS2_PLACEMENT_3D('',#2627,#2628,#2629);
#2627 = CARTESIAN_POINT('',(94.5,26.5,-7.1));
#2628 = DIRECTION('',(0.,0.,1.));
#2629 = DIRECTION('',(1.,0.,0.));
#2630 = ADVANCED_FACE('',(#2631),#2637,.T.);
#2631 = FACE_BOUND('',#2632,.T.);
#2632 = EDGE_LOOP('',(#2633,#2634,#2635,#2636));
#2633 = ORIENTED_EDGE('',*,*,#2476,.T.);
#2634 = ORIENTED_EDGE('',*,*,#2559,.T.);
#2635 = ORIENTED_EDGE('',*,*,#2619,.F.);
#2636 = ORIENTED_EDGE('',*,*,#2534,.F.);
#2637 = PLANE('',#2638);
#2638 = AXIS2_PLACEMENT_3D('',#2639,#2640,#2641);
#2639 = CARTESIAN_POINT('',(81.8,25.8,-7.1));
#2640 = DIRECTION('',(0.,1.,0.));
#2641 = DIRECTION('',(0.,0.,1.));
#2642 = MANIFOLD_SOLID_BREP('',#2643);
#2643 = CLOSED_SHELL('',(#2644,#2684,#2717,#2750,#2783,#2816,#2833,#2850
    ,#2881,#2912,#2929,#2960,#2977,#3078,#3096,#3114,#3147,#3165,#3196,
    #3214,#3245,#3274,#3307,#3333,#3359,#3384,#3409,#3435,#3461,#3478,
    #3489,#3500,#3512,#3523,#3534,#3565,#3590,#3615,#3639,#3663,#3688,
    #3713,#3730,#3763,#3780,#3797,#3822,#3847,#3864,#3881,#3898));
#2644 = ADVANCED_FACE('',(#2645),#2679,.F.);
#2645 = FACE_BOUND('',#2646,.F.);
#2646 = EDGE_LOOP('',(#2647,#2657,#2665,#2673));
#2647 = ORIENTED_EDGE('',*,*,#2648,.F.);
#2648 = EDGE_CURVE('',#2649,#2651,#2653,.T.);
#2649 = VERTEX_POINT('',#2650);
#2650 = CARTESIAN_POINT('',(80.,48.7,-7.3));
#2651 = VERTEX_POINT('',#2652);
#2652 = CARTESIAN_POINT('',(80.,48.7,12.3));
#2653 = LINE('',#2654,#2655);
#2654 = CARTESIAN_POINT('',(80.,48.7,-8.));
#2655 = VECTOR('',#2656,1.);
#2656 = DIRECTION('',(0.,0.,1.));
#2657 = ORIENTED_EDGE('',*,*,#2658,.T.);
#2658 = EDGE_CURVE('',#2649,#2659,#2661,.T.);
#2659 = VERTEX_POINT('',#2660);
#2660 = CARTESIAN_POINT('',(80.,102.3,-7.3));
#2661 = LINE('',#2662,#2663);
#2662 = CARTESIAN_POINT('',(80.,48.,-7.3));
#2663 = VECTOR('',#2664,1.);
#2664 = DIRECTION('',(0.,1.,0.));
#2665 = ORIENTED_EDGE('',*,*,#2666,.T.);
#2666 = EDGE_CURVE('',#2659,#2667,#2669,.T.);
#2667 = VERTEX_POINT('',#2668);
#2668 = CARTESIAN_POINT('',(80.,102.3,12.3));
#2669 = LINE('',#2670,#2671);
#2670 = CARTESIAN_POINT('',(80.,102.3,-8.));
#2671 = VECTOR('',#2672,1.);
#2672 = DIRECTION('',(0.,0.,1.));
#2673 = ORIENTED_EDGE('',*,*,#2674,.F.);
#2674 = EDGE_CURVE('',#2651,#2667,#2675,.T.);
#2675 = LINE('',#2676,#2677);
#2676 = CARTESIAN_POINT('',(80.,48.,12.3));
#2677 = VECTOR('',#2678,1.);
#2678 = DIRECTION('',(0.,1.,0.));
#2679 = PLANE('',#2680);
#2680 = AXIS2_PLACEMENT_3D('',#2681,#2682,#2683);
#2681 = CARTESIAN_POINT('',(80.,48.,-8.));
#2682 = DIRECTION('',(1.,0.,0.));
#2683 = DIRECTION('',(0.,0.,1.));
#2684 = ADVANCED_FACE('',(#2685),#2712,.T.);
#2685 = FACE_BOUND('',#2686,.T.);
#2686 = EDGE_LOOP('',(#2687,#2688,#2697,#2705));
#2687 = ORIENTED_EDGE('',*,*,#2648,.F.);
#2688 = ORIENTED_EDGE('',*,*,#2689,.T.);
#2689 = EDGE_CURVE('',#2649,#2690,#2692,.T.);
#2690 = VERTEX_POINT('',#2691);
#2691 = CARTESIAN_POINT('',(80.7,48.,-7.3));
#2692 = CIRCLE('',#2693,0.7);
#2693 = AXIS2_PLACEMENT_3D('',#2694,#2695,#2696);
#2694 = CARTESIAN_POINT('',(80.7,48.7,-7.3));
#2695 = DIRECTION('',(0.,0.,1.));
#2696 = DIRECTION('',(-1.,0.,0.));
#2697 = ORIENTED_EDGE('',*,*,#2698,.T.);
#2698 = EDGE_CURVE('',#2690,#2699,#2701,.T.);
#2699 = VERTEX_POINT('',#2700);
#2700 = CARTESIAN_POINT('',(80.7,48.,12.3));
#2701 = LINE('',#2702,#2703);
#2702 = CARTESIAN_POINT('',(80.7,48.,-8.));
#2703 = VECTOR('',#2704,1.);
#2704 = DIRECTION('',(0.,0.,1.));
#2705 = ORIENTED_EDGE('',*,*,#2706,.F.);
#2706 = EDGE_CURVE('',#2651,#2699,#2707,.T.);
#2707 = CIRCLE('',#2708,0.7);
#2708 = AXIS2_PLACEMENT_3D('',#2709,#2710,#2711);
#2709 = CARTESIAN_POINT('',(80.7,48.7,12.3));
#2710 = DIRECTION('',(0.,0.,1.));
#2711 = DIRECTION('',(-1.,0.,0.));
#2712 = CYLINDRICAL_SURFACE('',#2713,0.7);
#2713 = AXIS2_PLACEMENT_3D('',#2714,#2715,#2716);
#2714 = CARTESIAN_POINT('',(80.7,48.7,-8.));
#2715 = DIRECTION('',(0.,0.,1.));
#2716 = DIRECTION('',(-1.,0.,0.));
#2717 = ADVANCED_FACE('',(#2718),#2745,.T.);
#2718 = FACE_BOUND('',#2719,.F.);
#2719 = EDGE_LOOP('',(#2720,#2729,#2737,#2744));
#2720 = ORIENTED_EDGE('',*,*,#2721,.F.);
#2721 = EDGE_CURVE('',#2722,#2649,#2724,.T.);
#2722 = VERTEX_POINT('',#2723);
#2723 = CARTESIAN_POINT('',(80.7,48.7,-8.));
#2724 = CIRCLE('',#2725,0.7);
#2725 = AXIS2_PLACEMENT_3D('',#2726,#2727,#2728);
#2726 = CARTESIAN_POINT('',(80.7,48.7,-7.3));
#2727 = DIRECTION('',(0.,1.,-0.));
#2728 = DIRECTION('',(-1.,0.,0.));
#2729 = ORIENTED_EDGE('',*,*,#2730,.T.);
#2730 = EDGE_CURVE('',#2722,#2731,#2733,.T.);
#2731 = VERTEX_POINT('',#2732);
#2732 = CARTESIAN_POINT('',(80.7,102.3,-8.));
#2733 = LINE('',#2734,#2735);
#2734 = CARTESIAN_POINT('',(80.7,48.,-8.));
#2735 = VECTOR('',#2736,1.);
#2736 = DIRECTION('',(0.,1.,0.));
#2737 = ORIENTED_EDGE('',*,*,#2738,.T.);
#2738 = EDGE_CURVE('',#2731,#2659,#2739,.T.);
#2739 = CIRCLE('',#2740,0.7);
#2740 = AXIS2_PLACEMENT_3D('',#2741,#2742,#2743);
#2741 = CARTESIAN_POINT('',(80.7,102.3,-7.3));
#2742 = DIRECTION('',(0.,1.,-0.));
#2743 = DIRECTION('',(-1.,0.,0.));
#2744 = ORIENTED_EDGE('',*,*,#2658,.F.);
#2745 = CYLINDRICAL_SURFACE('',#2746,0.7);
#2746 = AXIS2_PLACEMENT_3D('',#2747,#2748,#2749);
#2747 = CARTESIAN_POINT('',(80.7,48.,-7.3));
#2748 = DIRECTION('',(0.,1.,0.));
#2749 = DIRECTION('',(-1.,0.,0.));
#2750 = ADVANCED_FACE('',(#2751),#2778,.T.);
#2751 = FACE_BOUND('',#2752,.T.);
#2752 = EDGE_LOOP('',(#2753,#2762,#2770,#2777));
#2753 = ORIENTED_EDGE('',*,*,#2754,.F.);
#2754 = EDGE_CURVE('',#2755,#2651,#2757,.T.);
#2755 = VERTEX_POINT('',#2756);
#2756 = CARTESIAN_POINT('',(80.7,48.7,13.));
#2757 = CIRCLE('',#2758,0.7);
#2758 = AXIS2_PLACEMENT_3D('',#2759,#2760,#2761);
#2759 = CARTESIAN_POINT('',(80.7,48.7,12.3));
#2760 = DIRECTION('',(0.,-1.,0.));
#2761 = DIRECTION('',(-1.,0.,0.));
#2762 = ORIENTED_EDGE('',*,*,#2763,.T.);
#2763 = EDGE_CURVE('',#2755,#2764,#2766,.T.);
#2764 = VERTEX_POINT('',#2765);
#2765 = CARTESIAN_POINT('',(80.7,102.3,13.));
#2766 = LINE('',#2767,#2768);
#2767 = CARTESIAN_POINT('',(80.7,48.,13.));
#2768 = VECTOR('',#2769,1.);
#2769 = DIRECTION('',(0.,1.,0.));
#2770 = ORIENTED_EDGE('',*,*,#2771,.F.);
#2771 = EDGE_CURVE('',#2667,#2764,#2772,.T.);
#2772 = CIRCLE('',#2773,0.7);
#2773 = AXIS2_PLACEMENT_3D('',#2774,#2775,#2776);
#2774 = CARTESIAN_POINT('',(80.7,102.3,12.3));
#2775 = DIRECTION('',(0.,1.,-0.));
#2776 = DIRECTION('',(-1.,0.,0.));
#2777 = ORIENTED_EDGE('',*,*,#2674,.F.);
#2778 = CYLINDRICAL_SURFACE('',#2779,0.7);
#2779 = AXIS2_PLACEMENT_3D('',#2780,#2781,#2782);
#2780 = CARTESIAN_POINT('',(80.7,48.,12.3));
#2781 = DIRECTION('',(0.,1.,0.));
#2782 = DIRECTION('',(-1.,0.,0.));
#2783 = ADVANCED_FACE('',(#2784),#2811,.T.);
#2784 = FACE_BOUND('',#2785,.F.);
#2785 = EDGE_LOOP('',(#2786,#2787,#2796,#2804));
#2786 = ORIENTED_EDGE('',*,*,#2666,.F.);
#2787 = ORIENTED_EDGE('',*,*,#2788,.T.);
#2788 = EDGE_CURVE('',#2659,#2789,#2791,.T.);
#2789 = VERTEX_POINT('',#2790);
#2790 = CARTESIAN_POINT('',(80.7,103.,-7.3));
#2791 = CIRCLE('',#2792,0.7);
#2792 = AXIS2_PLACEMENT_3D('',#2793,#2794,#2795);
#2793 = CARTESIAN_POINT('',(80.7,102.3,-7.3));
#2794 = DIRECTION('',(0.,0.,-1.));
#2795 = DIRECTION('',(-1.,0.,0.));
#2796 = ORIENTED_EDGE('',*,*,#2797,.T.);
#2797 = EDGE_CURVE('',#2789,#2798,#2800,.T.);
#2798 = VERTEX_POINT('',#2799);
#2799 = CARTESIAN_POINT('',(80.7,103.,12.3));
#2800 = LINE('',#2801,#2802);
#2801 = CARTESIAN_POINT('',(80.7,103.,-8.));
#2802 = VECTOR('',#2803,1.);
#2803 = DIRECTION('',(0.,0.,1.));
#2804 = ORIENTED_EDGE('',*,*,#2805,.T.);
#2805 = EDGE_CURVE('',#2798,#2667,#2806,.T.);
#2806 = CIRCLE('',#2807,0.7);
#2807 = AXIS2_PLACEMENT_3D('',#2808,#2809,#2810);
#2808 = CARTESIAN_POINT('',(80.7,102.3,12.3));
#2809 = DIRECTION('',(0.,0.,1.));
#2810 = DIRECTION('',(-1.,0.,0.));
#2811 = CYLINDRICAL_SURFACE('',#2812,0.7);
#2812 = AXIS2_PLACEMENT_3D('',#2813,#2814,#2815);
#2813 = CARTESIAN_POINT('',(80.7,102.3,-8.));
#2814 = DIRECTION('',(0.,0.,1.));
#2815 = DIRECTION('',(-1.,0.,0.));
#2816 = ADVANCED_FACE('',(#2817),#2828,.T.);
#2817 = FACE_BOUND('',#2818,.T.);
#2818 = EDGE_LOOP('',(#2819,#2820,#2827));
#2819 = ORIENTED_EDGE('',*,*,#2721,.F.);
#2820 = ORIENTED_EDGE('',*,*,#2821,.T.);
#2821 = EDGE_CURVE('',#2722,#2690,#2822,.T.);
#2822 = CIRCLE('',#2823,0.7);
#2823 = AXIS2_PLACEMENT_3D('',#2824,#2825,#2826);
#2824 = CARTESIAN_POINT('',(80.7,48.7,-7.3));
#2825 = DIRECTION('',(-1.,6.123233995737E-17,0.));
#2826 = DIRECTION('',(-6.123233995737E-17,-1.,0.));
#2827 = ORIENTED_EDGE('',*,*,#2689,.F.);
#2828 = SPHERICAL_SURFACE('',#2829,0.7);
#2829 = AXIS2_PLACEMENT_3D('',#2830,#2831,#2832);
#2830 = CARTESIAN_POINT('',(80.7,48.7,-7.3));
#2831 = DIRECTION('',(0.,0.,1.));
#2832 = DIRECTION('',(-1.,0.,0.));
#2833 = ADVANCED_FACE('',(#2834),#2845,.T.);
#2834 = FACE_BOUND('',#2835,.F.);
#2835 = EDGE_LOOP('',(#2836,#2837,#2844));
#2836 = ORIENTED_EDGE('',*,*,#2754,.F.);
#2837 = ORIENTED_EDGE('',*,*,#2838,.T.);
#2838 = EDGE_CURVE('',#2755,#2699,#2839,.T.);
#2839 = CIRCLE('',#2840,0.7);
#2840 = AXIS2_PLACEMENT_3D('',#2841,#2842,#2843);
#2841 = CARTESIAN_POINT('',(80.7,48.7,12.3));
#2842 = DIRECTION('',(1.,-6.123233995737E-17,0.));
#2843 = DIRECTION('',(-6.123233995737E-17,-1.,0.));
#2844 = ORIENTED_EDGE('',*,*,#2706,.F.);
#2845 = SPHERICAL_SURFACE('',#2846,0.7);
#2846 = AXIS2_PLACEMENT_3D('',#2847,#2848,#2849);
#2847 = CARTESIAN_POINT('',(80.7,48.7,12.3));
#2848 = DIRECTION('',(-0.,-0.,-1.));
#2849 = DIRECTION('',(-1.,0.,0.));
#2850 = ADVANCED_FACE('',(#2851),#2876,.F.);
#2851 = FACE_BOUND('',#2852,.F.);
#2852 = EDGE_LOOP('',(#2853,#2854,#2862,#2870));
#2853 = ORIENTED_EDGE('',*,*,#2698,.T.);
#2854 = ORIENTED_EDGE('',*,*,#2855,.T.);
#2855 = EDGE_CURVE('',#2699,#2856,#2858,.T.);
#2856 = VERTEX_POINT('',#2857);
#2857 = CARTESIAN_POINT('',(92.3,48.,12.3));
#2858 = LINE('',#2859,#2860);
#2859 = CARTESIAN_POINT('',(80.,48.,12.3));
#2860 = VECTOR('',#2861,1.);
#2861 = DIRECTION('',(1.,0.,0.));
#2862 = ORIENTED_EDGE('',*,*,#2863,.F.);
#2863 = EDGE_CURVE('',#2864,#2856,#2866,.T.);
#2864 = VERTEX_POINT('',#2865);
#2865 = CARTESIAN_POINT('',(92.3,48.,-7.3));
#2866 = LINE('',#2867,#2868);
#2867 = CARTESIAN_POINT('',(92.3,48.,-8.));
#2868 = VECTOR('',#2869,1.);
#2869 = DIRECTION('',(0.,0.,1.));
#2870 = ORIENTED_EDGE('',*,*,#2871,.F.);
#2871 = EDGE_CURVE('',#2690,#2864,#2872,.T.);
#2872 = LINE('',#2873,#2874);
#2873 = CARTESIAN_POINT('',(80.,48.,-7.3));
#2874 = VECTOR('',#2875,1.);
#2875 = DIRECTION('',(1.,0.,0.));
#2876 = PLANE('',#2877);
#2877 = AXIS2_PLACEMENT_3D('',#2878,#2879,#2880);
#2878 = CARTESIAN_POINT('',(80.,48.,-8.));
#2879 = DIRECTION('',(0.,1.,0.));
#2880 = DIRECTION('',(0.,0.,1.));
#2881 = ADVANCED_FACE('',(#2882),#2907,.F.);
#2882 = FACE_BOUND('',#2883,.F.);
#2883 = EDGE_LOOP('',(#2884,#2885,#2893,#2901));
#2884 = ORIENTED_EDGE('',*,*,#2730,.F.);
#2885 = ORIENTED_EDGE('',*,*,#2886,.T.);
#2886 = EDGE_CURVE('',#2722,#2887,#2889,.T.);
#2887 = VERTEX_POINT('',#2888);
#2888 = CARTESIAN_POINT('',(92.3,48.7,-8.));
#2889 = LINE('',#2890,#2891);
#2890 = CARTESIAN_POINT('',(80.,48.7,-8.));
#2891 = VECTOR('',#2892,1.);
#2892 = DIRECTION('',(1.,0.,0.));
#2893 = ORIENTED_EDGE('',*,*,#2894,.T.);
#2894 = EDGE_CURVE('',#2887,#2895,#2897,.T.);
#2895 = VERTEX_POINT('',#2896);
#2896 = CARTESIAN_POINT('',(92.3,102.3,-8.));
#2897 = LINE('',#2898,#2899);
#2898 = CARTESIAN_POINT('',(92.3,48.,-8.));
#2899 = VECTOR('',#2900,1.);
#2900 = DIRECTION('',(0.,1.,0.));
#2901 = ORIENTED_EDGE('',*,*,#2902,.F.);
#2902 = EDGE_CURVE('',#2731,#2895,#2903,.T.);
#2903 = LINE('',#2904,#2905);
#2904 = CARTESIAN_POINT('',(80.,102.3,-8.));
#2905 = VECTOR('',#2906,1.);
#2906 = DIRECTION('',(1.,0.,0.));
#2907 = PLANE('',#2908);
#2908 = AXIS2_PLACEMENT_3D('',#2909,#2910,#2911);
#2909 = CARTESIAN_POINT('',(80.,48.,-8.));
#2910 = DIRECTION('',(0.,0.,1.));
#2911 = DIRECTION('',(1.,0.,0.));
#2912 = ADVANCED_FACE('',(#2913),#2924,.T.);
#2913 = FACE_BOUND('',#2914,.F.);
#2914 = EDGE_LOOP('',(#2915,#2916,#2923));
#2915 = ORIENTED_EDGE('',*,*,#2738,.F.);
#2916 = ORIENTED_EDGE('',*,*,#2917,.T.);
#2917 = EDGE_CURVE('',#2731,#2789,#2918,.T.);
#2918 = CIRCLE('',#2919,0.7);
#2919 = AXIS2_PLACEMENT_3D('',#2920,#2921,#2922);
#2920 = CARTESIAN_POINT('',(80.7,102.3,-7.3));
#2921 = DIRECTION('',(1.,6.123233995737E-17,-0.));
#2922 = DIRECTION('',(-6.123233995737E-17,1.,0.));
#2923 = ORIENTED_EDGE('',*,*,#2788,.F.);
#2924 = SPHERICAL_SURFACE('',#2925,0.7);
#2925 = AXIS2_PLACEMENT_3D('',#2926,#2927,#2928);
#2926 = CARTESIAN_POINT('',(80.7,102.3,-7.3));
#2927 = DIRECTION('',(0.,0.,1.));
#2928 = DIRECTION('',(-1.,0.,0.));
#2929 = ADVANCED_FACE('',(#2930),#2955,.T.);
#2930 = FACE_BOUND('',#2931,.T.);
#2931 = EDGE_LOOP('',(#2932,#2933,#2941,#2949));
#2932 = ORIENTED_EDGE('',*,*,#2763,.F.);
#2933 = ORIENTED_EDGE('',*,*,#2934,.T.);
#2934 = EDGE_CURVE('',#2755,#2935,#2937,.T.);
#2935 = VERTEX_POINT('',#2936);
#2936 = CARTESIAN_POINT('',(92.3,48.7,13.));
#2937 = LINE('',#2938,#2939);
#2938 = CARTESIAN_POINT('',(80.,48.7,13.));
#2939 = VECTOR('',#2940,1.);
#2940 = DIRECTION('',(1.,0.,0.));
#2941 = ORIENTED_EDGE('',*,*,#2942,.T.);
#2942 = EDGE_CURVE('',#2935,#2943,#2945,.T.);
#2943 = VERTEX_POINT('',#2944);
#2944 = CARTESIAN_POINT('',(92.3,102.3,13.));
#2945 = LINE('',#2946,#2947);
#2946 = CARTESIAN_POINT('',(92.3,48.,13.));
#2947 = VECTOR('',#2948,1.);
#2948 = DIRECTION('',(0.,1.,0.));
#2949 = ORIENTED_EDGE('',*,*,#2950,.F.);
#2950 = EDGE_CURVE('',#2764,#2943,#2951,.T.);
#2951 = LINE('',#2952,#2953);
#2952 = CARTESIAN_POINT('',(80.,102.3,13.));
#2953 = VECTOR('',#2954,1.);
#2954 = DIRECTION('',(1.,0.,0.));
#2955 = PLANE('',#2956);
#2956 = AXIS2_PLACEMENT_3D('',#2957,#2958,#2959);
#2957 = CARTESIAN_POINT('',(80.,48.,13.));
#2958 = DIRECTION('',(0.,0.,1.));
#2959 = DIRECTION('',(1.,0.,0.));
#2960 = ADVANCED_FACE('',(#2961),#2972,.T.);
#2961 = FACE_BOUND('',#2962,.F.);
#2962 = EDGE_LOOP('',(#2963,#2964,#2971));
#2963 = ORIENTED_EDGE('',*,*,#2805,.F.);
#2964 = ORIENTED_EDGE('',*,*,#2965,.T.);
#2965 = EDGE_CURVE('',#2798,#2764,#2966,.T.);
#2966 = CIRCLE('',#2967,0.7);
#2967 = AXIS2_PLACEMENT_3D('',#2968,#2969,#2970);
#2968 = CARTESIAN_POINT('',(80.7,102.3,12.3));
#2969 = DIRECTION('',(1.,0.,6.123233995737E-17));
#2970 = DIRECTION('',(-6.123233995737E-17,0.,1.));
#2971 = ORIENTED_EDGE('',*,*,#2771,.F.);
#2972 = SPHERICAL_SURFACE('',#2973,0.7);
#2973 = AXIS2_PLACEMENT_3D('',#2974,#2975,#2976);
#2974 = CARTESIAN_POINT('',(80.7,102.3,12.3));
#2975 = DIRECTION('',(-0.,-1.,-0.));
#2976 = DIRECTION('',(-1.,0.,0.));
#2977 = ADVANCED_FACE('',(#2978,#3003),#3073,.T.);
#2978 = FACE_BOUND('',#2979,.T.);
#2979 = EDGE_LOOP('',(#2980,#2981,#2989,#2997));
#2980 = ORIENTED_EDGE('',*,*,#2797,.T.);
#2981 = ORIENTED_EDGE('',*,*,#2982,.T.);
#2982 = EDGE_CURVE('',#2798,#2983,#2985,.T.);
#2983 = VERTEX_POINT('',#2984);
#2984 = CARTESIAN_POINT('',(92.3,103.,12.3));
#2985 = LINE('',#2986,#2987);
#2986 = CARTESIAN_POINT('',(80.,103.,12.3));
#2987 = VECTOR('',#2988,1.);
#2988 = DIRECTION('',(1.,0.,0.));
#2989 = ORIENTED_EDGE('',*,*,#2990,.F.);
#2990 = EDGE_CURVE('',#2991,#2983,#2993,.T.);
#2991 = VERTEX_POINT('',#2992);
#2992 = CARTESIAN_POINT('',(92.3,103.,-7.3));
#2993 = LINE('',#2994,#2995);
#2994 = CARTESIAN_POINT('',(92.3,103.,-8.));
#2995 = VECTOR('',#2996,1.);
#2996 = DIRECTION('',(0.,0.,1.));
#2997 = ORIENTED_EDGE('',*,*,#2998,.F.);
#2998 = EDGE_CURVE('',#2789,#2991,#2999,.T.);
#2999 = LINE('',#3000,#3001);
#3000 = CARTESIAN_POINT('',(80.,103.,-7.3));
#3001 = VECTOR('',#3002,1.);
#3002 = DIRECTION('',(1.,0.,0.));
#3003 = FACE_BOUND('',#3004,.T.);
#3004 = EDGE_LOOP('',(#3005,#3015,#3024,#3032,#3041,#3049,#3058,#3066));
#3005 = ORIENTED_EDGE('',*,*,#3006,.F.);
#3006 = EDGE_CURVE('',#3007,#3009,#3011,.T.);
#3007 = VERTEX_POINT('',#3008);
#3008 = CARTESIAN_POINT('',(81.1,103.,-5.5));
#3009 = VERTEX_POINT('',#3010);
#3010 = CARTESIAN_POINT('',(81.1,103.,10.5));
#3011 = LINE('',#3012,#3013);
#3012 = CARTESIAN_POINT('',(81.1,103.,-6.2));
#3013 = VECTOR('',#3014,1.);
#3014 = DIRECTION('',(0.,0.,1.));
#3015 = ORIENTED_EDGE('',*,*,#3016,.T.);
#3016 = EDGE_CURVE('',#3007,#3017,#3019,.T.);
#3017 = VERTEX_POINT('',#3018);
#3018 = CARTESIAN_POINT('',(82.5,103.,-6.9));
#3019 = CIRCLE('',#3020,1.4);
#3020 = AXIS2_PLACEMENT_3D('',#3021,#3022,#3023);
#3021 = CARTESIAN_POINT('',(82.5,103.,-5.5));
#3022 = DIRECTION('',(-0.,-1.,-0.));
#3023 = DIRECTION('',(-1.,0.,0.));
#3024 = ORIENTED_EDGE('',*,*,#3025,.T.);
#3025 = EDGE_CURVE('',#3017,#3026,#3028,.T.);
#3026 = VERTEX_POINT('',#3027);
#3027 = CARTESIAN_POINT('',(90.5,103.,-6.9));
#3028 = LINE('',#3029,#3030);
#3029 = CARTESIAN_POINT('',(81.8,103.,-6.9));
#3030 = VECTOR('',#3031,1.);
#3031 = DIRECTION('',(1.,0.,0.));
#3032 = ORIENTED_EDGE('',*,*,#3033,.F.);
#3033 = EDGE_CURVE('',#3034,#3026,#3036,.T.);
#3034 = VERTEX_POINT('',#3035);
#3035 = CARTESIAN_POINT('',(91.9,103.,-5.5));
#3036 = CIRCLE('',#3037,1.4);
#3037 = AXIS2_PLACEMENT_3D('',#3038,#3039,#3040);
#3038 = CARTESIAN_POINT('',(90.5,103.,-5.5));
#3039 = DIRECTION('',(-0.,1.,0.));
#3040 = DIRECTION('',(1.,0.,0.));
#3041 = ORIENTED_EDGE('',*,*,#3042,.T.);
#3042 = EDGE_CURVE('',#3034,#3043,#3045,.T.);
#3043 = VERTEX_POINT('',#3044);
#3044 = CARTESIAN_POINT('',(91.9,103.,10.5));
#3045 = LINE('',#3046,#3047);
#3046 = CARTESIAN_POINT('',(91.9,103.,-6.2));
#3047 = VECTOR('',#3048,1.);
#3048 = DIRECTION('',(0.,0.,1.));
#3049 = ORIENTED_EDGE('',*,*,#3050,.F.);
#3050 = EDGE_CURVE('',#3051,#3043,#3053,.T.);
#3051 = VERTEX_POINT('',#3052);
#3052 = CARTESIAN_POINT('',(90.5,103.,11.9));
#3053 = CIRCLE('',#3054,1.4);
#3054 = AXIS2_PLACEMENT_3D('',#3055,#3056,#3057);
#3055 = CARTESIAN_POINT('',(90.5,103.,10.5));
#3056 = DIRECTION('',(0.,1.,0.));
#3057 = DIRECTION('',(0.,0.,1.));
#3058 = ORIENTED_EDGE('',*,*,#3059,.F.);
#3059 = EDGE_CURVE('',#3060,#3051,#3062,.T.);
#3060 = VERTEX_POINT('',#3061);
#3061 = CARTESIAN_POINT('',(82.5,103.,11.9));
#3062 = LINE('',#3063,#3064);
#3063 = CARTESIAN_POINT('',(81.8,103.,11.9));
#3064 = VECTOR('',#3065,1.);
#3065 = DIRECTION('',(1.,0.,0.));
#3066 = ORIENTED_EDGE('',*,*,#3067,.F.);
#3067 = EDGE_CURVE('',#3009,#3060,#3068,.T.);
#3068 = CIRCLE('',#3069,1.4);
#3069 = AXIS2_PLACEMENT_3D('',#3070,#3071,#3072);
#3070 = CARTESIAN_POINT('',(82.5,103.,10.5));
#3071 = DIRECTION('',(0.,1.,-0.));
#3072 = DIRECTION('',(-1.,0.,0.));
#3073 = PLANE('',#3074);
#3074 = AXIS2_PLACEMENT_3D('',#3075,#3076,#3077);
#3075 = CARTESIAN_POINT('',(80.,103.,-8.));
#3076 = DIRECTION('',(0.,1.,0.));
#3077 = DIRECTION('',(0.,0.,1.));
#3078 = ADVANCED_FACE('',(#3079),#3091,.T.);
#3079 = FACE_BOUND('',#3080,.T.);
#3080 = EDGE_LOOP('',(#3081,#3082,#3083,#3090));
#3081 = ORIENTED_EDGE('',*,*,#2821,.F.);
#3082 = ORIENTED_EDGE('',*,*,#2886,.T.);
#3083 = ORIENTED_EDGE('',*,*,#3084,.F.);
#3084 = EDGE_CURVE('',#2864,#2887,#3085,.T.);
#3085 = CIRCLE('',#3086,0.7);
#3086 = AXIS2_PLACEMENT_3D('',#3087,#3088,#3089);
#3087 = CARTESIAN_POINT('',(92.3,48.7,-7.3));
#3088 = DIRECTION('',(1.,0.,0.));
#3089 = DIRECTION('',(0.,-1.,0.));
#3090 = ORIENTED_EDGE('',*,*,#2871,.F.);
#3091 = CYLINDRICAL_SURFACE('',#3092,0.7);
#3092 = AXIS2_PLACEMENT_3D('',#3093,#3094,#3095);
#3093 = CARTESIAN_POINT('',(80.,48.7,-7.3));
#3094 = DIRECTION('',(1.,0.,0.));
#3095 = DIRECTION('',(0.,-1.,0.));
#3096 = ADVANCED_FACE('',(#3097),#3109,.T.);
#3097 = FACE_BOUND('',#3098,.F.);
#3098 = EDGE_LOOP('',(#3099,#3100,#3101,#3108));
#3099 = ORIENTED_EDGE('',*,*,#2838,.F.);
#3100 = ORIENTED_EDGE('',*,*,#2934,.T.);
#3101 = ORIENTED_EDGE('',*,*,#3102,.T.);
#3102 = EDGE_CURVE('',#2935,#2856,#3103,.T.);
#3103 = CIRCLE('',#3104,0.7);
#3104 = AXIS2_PLACEMENT_3D('',#3105,#3106,#3107);
#3105 = CARTESIAN_POINT('',(92.3,48.7,12.3));
#3106 = DIRECTION('',(1.,0.,0.));
#3107 = DIRECTION('',(0.,-1.,0.));
#3108 = ORIENTED_EDGE('',*,*,#2855,.F.);
#3109 = CYLINDRICAL_SURFACE('',#3110,0.7);
#3110 = AXIS2_PLACEMENT_3D('',#3111,#3112,#3113);
#3111 = CARTESIAN_POINT('',(80.,48.7,12.3));
#3112 = DIRECTION('',(1.,0.,0.));
#3113 = DIRECTION('',(0.,-1.,0.));
#3114 = ADVANCED_FACE('',(#3115),#3142,.T.);
#3115 = FACE_BOUND('',#3116,.T.);
#3116 = EDGE_LOOP('',(#3117,#3126,#3134,#3141));
#3117 = ORIENTED_EDGE('',*,*,#3118,.F.);
#3118 = EDGE_CURVE('',#3119,#2864,#3121,.T.);
#3119 = VERTEX_POINT('',#3120);
#3120 = CARTESIAN_POINT('',(93.,48.7,-7.3));
#3121 = CIRCLE('',#3122,0.7);
#3122 = AXIS2_PLACEMENT_3D('',#3123,#3124,#3125);
#3123 = CARTESIAN_POINT('',(92.3,48.7,-7.3));
#3124 = DIRECTION('',(-0.,-0.,-1.));
#3125 = DIRECTION('',(0.,-1.,0.));
#3126 = ORIENTED_EDGE('',*,*,#3127,.T.);
#3127 = EDGE_CURVE('',#3119,#3128,#3130,.T.);
#3128 = VERTEX_POINT('',#3129);
#3129 = CARTESIAN_POINT('',(93.,48.7,12.3));
#3130 = LINE('',#3131,#3132);
#3131 = CARTESIAN_POINT('',(93.,48.7,-8.));
#3132 = VECTOR('',#3133,1.);
#3133 = DIRECTION('',(0.,0.,1.));
#3134 = ORIENTED_EDGE('',*,*,#3135,.F.);
#3135 = EDGE_CURVE('',#2856,#3128,#3136,.T.);
#3136 = CIRCLE('',#3137,0.7);
#3137 = AXIS2_PLACEMENT_3D('',#3138,#3139,#3140);
#3138 = CARTESIAN_POINT('',(92.3,48.7,12.3));
#3139 = DIRECTION('',(-0.,0.,1.));
#3140 = DIRECTION('',(0.,-1.,0.));
#3141 = ORIENTED_EDGE('',*,*,#2863,.F.);
#3142 = CYLINDRICAL_SURFACE('',#3143,0.7);
#3143 = AXIS2_PLACEMENT_3D('',#3144,#3145,#3146);
#3144 = CARTESIAN_POINT('',(92.3,48.7,-8.));
#3145 = DIRECTION('',(0.,0.,1.));
#3146 = DIRECTION('',(0.,-1.,0.));
#3147 = ADVANCED_FACE('',(#3148),#3160,.T.);
#3148 = FACE_BOUND('',#3149,.F.);
#3149 = EDGE_LOOP('',(#3150,#3151,#3152,#3159));
#3150 = ORIENTED_EDGE('',*,*,#2917,.F.);
#3151 = ORIENTED_EDGE('',*,*,#2902,.T.);
#3152 = ORIENTED_EDGE('',*,*,#3153,.F.);
#3153 = EDGE_CURVE('',#2991,#2895,#3154,.T.);
#3154 = CIRCLE('',#3155,0.7);
#3155 = AXIS2_PLACEMENT_3D('',#3156,#3157,#3158);
#3156 = CARTESIAN_POINT('',(92.3,102.3,-7.3));
#3157 = DIRECTION('',(-1.,0.,0.));
#3158 = DIRECTION('',(0.,1.,0.));
#3159 = ORIENTED_EDGE('',*,*,#2998,.F.);
#3160 = CYLINDRICAL_SURFACE('',#3161,0.7);
#3161 = AXIS2_PLACEMENT_3D('',#3162,#3163,#3164);
#3162 = CARTESIAN_POINT('',(80.,102.3,-7.3));
#3163 = DIRECTION('',(1.,0.,0.));
#3164 = DIRECTION('',(0.,1.,0.));
#3165 = ADVANCED_FACE('',(#3166),#3191,.T.);
#3166 = FACE_BOUND('',#3167,.F.);
#3167 = EDGE_LOOP('',(#3168,#3175,#3183,#3190));
#3168 = ORIENTED_EDGE('',*,*,#3169,.F.);
#3169 = EDGE_CURVE('',#3119,#2887,#3170,.T.);
#3170 = CIRCLE('',#3171,0.7);
#3171 = AXIS2_PLACEMENT_3D('',#3172,#3173,#3174);
#3172 = CARTESIAN_POINT('',(92.3,48.7,-7.3));
#3173 = DIRECTION('',(0.,1.,-6.123233995737E-17));
#3174 = DIRECTION('',(0.,-6.123233995737E-17,-1.));
#3175 = ORIENTED_EDGE('',*,*,#3176,.T.);
#3176 = EDGE_CURVE('',#3119,#3177,#3179,.T.);
#3177 = VERTEX_POINT('',#3178);
#3178 = CARTESIAN_POINT('',(93.,102.3,-7.3));
#3179 = LINE('',#3180,#3181);
#3180 = CARTESIAN_POINT('',(93.,48.,-7.3));
#3181 = VECTOR('',#3182,1.);
#3182 = DIRECTION('',(0.,1.,0.));
#3183 = ORIENTED_EDGE('',*,*,#3184,.T.);
#3184 = EDGE_CURVE('',#3177,#2895,#3185,.T.);
#3185 = CIRCLE('',#3186,0.7);
#3186 = AXIS2_PLACEMENT_3D('',#3187,#3188,#3189);
#3187 = CARTESIAN_POINT('',(92.3,102.3,-7.3));
#3188 = DIRECTION('',(0.,1.,6.123233995737E-17));
#3189 = DIRECTION('',(0.,6.123233995737E-17,-1.));
#3190 = ORIENTED_EDGE('',*,*,#2894,.F.);
#3191 = CYLINDRICAL_SURFACE('',#3192,0.7);
#3192 = AXIS2_PLACEMENT_3D('',#3193,#3194,#3195);
#3193 = CARTESIAN_POINT('',(92.3,48.,-7.3));
#3194 = DIRECTION('',(0.,1.,0.));
#3195 = DIRECTION('',(0.,0.,-1.));
#3196 = ADVANCED_FACE('',(#3197),#3209,.T.);
#3197 = FACE_BOUND('',#3198,.F.);
#3198 = EDGE_LOOP('',(#3199,#3200,#3201,#3208));
#3199 = ORIENTED_EDGE('',*,*,#2965,.F.);
#3200 = ORIENTED_EDGE('',*,*,#2982,.T.);
#3201 = ORIENTED_EDGE('',*,*,#3202,.F.);
#3202 = EDGE_CURVE('',#2943,#2983,#3203,.T.);
#3203 = CIRCLE('',#3204,0.7);
#3204 = AXIS2_PLACEMENT_3D('',#3205,#3206,#3207);
#3205 = CARTESIAN_POINT('',(92.3,102.3,12.3));
#3206 = DIRECTION('',(-1.,0.,0.));
#3207 = DIRECTION('',(0.,0.,1.));
#3208 = ORIENTED_EDGE('',*,*,#2950,.F.);
#3209 = CYLINDRICAL_SURFACE('',#3210,0.7);
#3210 = AXIS2_PLACEMENT_3D('',#3211,#3212,#3213);
#3211 = CARTESIAN_POINT('',(80.,102.3,12.3));
#3212 = DIRECTION('',(1.,0.,0.));
#3213 = DIRECTION('',(0.,0.,1.));
#3214 = ADVANCED_FACE('',(#3215),#3240,.T.);
#3215 = FACE_BOUND('',#3216,.T.);
#3216 = EDGE_LOOP('',(#3217,#3224,#3232,#3239));
#3217 = ORIENTED_EDGE('',*,*,#3218,.T.);
#3218 = EDGE_CURVE('',#2935,#3128,#3219,.T.);
#3219 = CIRCLE('',#3220,0.7);
#3220 = AXIS2_PLACEMENT_3D('',#3221,#3222,#3223);
#3221 = CARTESIAN_POINT('',(92.3,48.7,12.3));
#3222 = DIRECTION('',(6.123233995737E-17,1.,0.));
#3223 = DIRECTION('',(1.,-6.123233995737E-17,0.));
#3224 = ORIENTED_EDGE('',*,*,#3225,.T.);
#3225 = EDGE_CURVE('',#3128,#3226,#3228,.T.);
#3226 = VERTEX_POINT('',#3227);
#3227 = CARTESIAN_POINT('',(93.,102.3,12.3));
#3228 = LINE('',#3229,#3230);
#3229 = CARTESIAN_POINT('',(93.,48.,12.3));
#3230 = VECTOR('',#3231,1.);
#3231 = DIRECTION('',(0.,1.,0.));
#3232 = ORIENTED_EDGE('',*,*,#3233,.T.);
#3233 = EDGE_CURVE('',#3226,#2943,#3234,.T.);
#3234 = CIRCLE('',#3235,0.7);
#3235 = AXIS2_PLACEMENT_3D('',#3236,#3237,#3238);
#3236 = CARTESIAN_POINT('',(92.3,102.3,12.3));
#3237 = DIRECTION('',(0.,-1.,0.));
#3238 = DIRECTION('',(0.,0.,1.));
#3239 = ORIENTED_EDGE('',*,*,#2942,.F.);
#3240 = CYLINDRICAL_SURFACE('',#3241,0.7);
#3241 = AXIS2_PLACEMENT_3D('',#3242,#3243,#3244);
#3242 = CARTESIAN_POINT('',(92.3,48.,12.3));
#3243 = DIRECTION('',(0.,1.,0.));
#3244 = DIRECTION('',(0.,0.,1.));
#3245 = ADVANCED_FACE('',(#3246),#3269,.T.);
#3246 = FACE_BOUND('',#3247,.F.);
#3247 = EDGE_LOOP('',(#3248,#3255,#3261,#3268));
#3248 = ORIENTED_EDGE('',*,*,#3249,.F.);
#3249 = EDGE_CURVE('',#3177,#2991,#3250,.T.);
#3250 = CIRCLE('',#3251,0.7);
#3251 = AXIS2_PLACEMENT_3D('',#3252,#3253,#3254);
#3252 = CARTESIAN_POINT('',(92.3,102.3,-7.3));
#3253 = DIRECTION('',(0.,-0.,1.));
#3254 = DIRECTION('',(0.,1.,0.));
#3255 = ORIENTED_EDGE('',*,*,#3256,.T.);
#3256 = EDGE_CURVE('',#3177,#3226,#3257,.T.);
#3257 = LINE('',#3258,#3259);
#3258 = CARTESIAN_POINT('',(93.,102.3,-8.));
#3259 = VECTOR('',#3260,1.);
#3260 = DIRECTION('',(0.,0.,1.));
#3261 = ORIENTED_EDGE('',*,*,#3262,.T.);
#3262 = EDGE_CURVE('',#3226,#2983,#3263,.T.);
#3263 = CIRCLE('',#3264,0.7);
#3264 = AXIS2_PLACEMENT_3D('',#3265,#3266,#3267);
#3265 = CARTESIAN_POINT('',(92.3,102.3,12.3));
#3266 = DIRECTION('',(0.,-6.123233995737E-17,1.));
#3267 = DIRECTION('',(0.,1.,6.123233995737E-17));
#3268 = ORIENTED_EDGE('',*,*,#2990,.F.);
#3269 = CYLINDRICAL_SURFACE('',#3270,0.7);
#3270 = AXIS2_PLACEMENT_3D('',#3271,#3272,#3273);
#3271 = CARTESIAN_POINT('',(92.3,102.3,-8.));
#3272 = DIRECTION('',(0.,0.,1.));
#3273 = DIRECTION('',(0.,1.,0.));
#3274 = ADVANCED_FACE('',(#3275),#3302,.T.);
#3275 = FACE_BOUND('',#3276,.F.);
#3276 = EDGE_LOOP('',(#3277,#3286,#3294,#3301));
#3277 = ORIENTED_EDGE('',*,*,#3278,.T.);
#3278 = EDGE_CURVE('',#3007,#3279,#3281,.T.);
#3279 = VERTEX_POINT('',#3280);
#3280 = CARTESIAN_POINT('',(81.8,102.3,-5.5));
#3281 = CIRCLE('',#3282,0.7);
#3282 = AXIS2_PLACEMENT_3D('',#3283,#3284,#3285);
#3283 = CARTESIAN_POINT('',(81.1,102.3,-5.5));
#3284 = DIRECTION('',(0.,0.,-1.));
#3285 = DIRECTION('',(-1.,0.,0.));
#3286 = ORIENTED_EDGE('',*,*,#3287,.T.);
#3287 = EDGE_CURVE('',#3279,#3288,#3290,.T.);
#3288 = VERTEX_POINT('',#3289);
#3289 = CARTESIAN_POINT('',(81.8,102.3,10.5));
#3290 = LINE('',#3291,#3292);
#3291 = CARTESIAN_POINT('',(81.8,102.3,-6.2));
#3292 = VECTOR('',#3293,1.);
#3293 = DIRECTION('',(0.,0.,1.));
#3294 = ORIENTED_EDGE('',*,*,#3295,.F.);
#3295 = EDGE_CURVE('',#3009,#3288,#3296,.T.);
#3296 = CIRCLE('',#3297,0.7);
#3297 = AXIS2_PLACEMENT_3D('',#3298,#3299,#3300);
#3298 = CARTESIAN_POINT('',(81.1,102.3,10.5));
#3299 = DIRECTION('',(0.,0.,-1.));
#3300 = DIRECTION('',(-1.,0.,0.));
#3301 = ORIENTED_EDGE('',*,*,#3006,.F.);
#3302 = CYLINDRICAL_SURFACE('',#3303,0.7);
#3303 = AXIS2_PLACEMENT_3D('',#3304,#3305,#3306);
#3304 = CARTESIAN_POINT('',(81.1,102.3,-6.2));
#3305 = DIRECTION('',(0.,0.,1.));
#3306 = DIRECTION('',(0.,1.,0.));
#3307 = ADVANCED_FACE('',(#3308),#3328,.T.);
#3308 = FACE_BOUND('',#3309,.F.);
#3309 = EDGE_LOOP('',(#3310,#3311,#3312,#3321));
#3310 = ORIENTED_EDGE('',*,*,#3278,.F.);
#3311 = ORIENTED_EDGE('',*,*,#3016,.T.);
#3312 = ORIENTED_EDGE('',*,*,#3313,.T.);
#3313 = EDGE_CURVE('',#3017,#3314,#3316,.T.);
#3314 = VERTEX_POINT('',#3315);
#3315 = CARTESIAN_POINT('',(82.5,102.3,-6.2));
#3316 = CIRCLE('',#3317,0.7);
#3317 = AXIS2_PLACEMENT_3D('',#3318,#3319,#3320);
#3318 = CARTESIAN_POINT('',(82.5,102.3,-6.9));
#3319 = DIRECTION('',(1.,0.,-6.123233995737E-17));
#3320 = DIRECTION('',(-6.123233995737E-17,0.,-1.));
#3321 = ORIENTED_EDGE('',*,*,#3322,.F.);
#3322 = EDGE_CURVE('',#3279,#3314,#3323,.T.);
#3323 = CIRCLE('',#3324,0.7);
#3324 = AXIS2_PLACEMENT_3D('',#3325,#3326,#3327);
#3325 = CARTESIAN_POINT('',(82.5,102.3,-5.5));
#3326 = DIRECTION('',(-0.,-1.,-0.));
#3327 = DIRECTION('',(-1.,0.,0.));
#3328 = TOROIDAL_SURFACE('',#3329,1.4,0.7);
#3329 = AXIS2_PLACEMENT_3D('',#3330,#3331,#3332);
#3330 = CARTESIAN_POINT('',(82.5,102.3,-5.5));
#3331 = DIRECTION('',(0.,1.,0.));
#3332 = DIRECTION('',(-1.,0.,0.));
#3333 = ADVANCED_FACE('',(#3334),#3354,.T.);
#3334 = FACE_BOUND('',#3335,.T.);
#3335 = EDGE_LOOP('',(#3336,#3337,#3338,#3347));
#3336 = ORIENTED_EDGE('',*,*,#3295,.F.);
#3337 = ORIENTED_EDGE('',*,*,#3067,.T.);
#3338 = ORIENTED_EDGE('',*,*,#3339,.T.);
#3339 = EDGE_CURVE('',#3060,#3340,#3342,.T.);
#3340 = VERTEX_POINT('',#3341);
#3341 = CARTESIAN_POINT('',(82.5,102.3,11.2));
#3342 = CIRCLE('',#3343,0.7);
#3343 = AXIS2_PLACEMENT_3D('',#3344,#3345,#3346);
#3344 = CARTESIAN_POINT('',(82.5,102.3,11.9));
#3345 = DIRECTION('',(-1.,0.,-6.123233995737E-17));
#3346 = DIRECTION('',(-6.123233995737E-17,0.,1.));
#3347 = ORIENTED_EDGE('',*,*,#3348,.F.);
#3348 = EDGE_CURVE('',#3288,#3340,#3349,.T.);
#3349 = CIRCLE('',#3350,0.7);
#3350 = AXIS2_PLACEMENT_3D('',#3351,#3352,#3353);
#3351 = CARTESIAN_POINT('',(82.5,102.3,10.5));
#3352 = DIRECTION('',(0.,1.,-0.));
#3353 = DIRECTION('',(-1.,0.,0.));
#3354 = TOROIDAL_SURFACE('',#3355,1.4,0.7);
#3355 = AXIS2_PLACEMENT_3D('',#3356,#3357,#3358);
#3356 = CARTESIAN_POINT('',(82.5,102.3,10.5));
#3357 = DIRECTION('',(0.,1.,0.));
#3358 = DIRECTION('',(-1.,0.,0.));
#3359 = ADVANCED_FACE('',(#3360),#3379,.T.);
#3360 = FACE_BOUND('',#3361,.T.);
#3361 = EDGE_LOOP('',(#3362,#3363,#3371,#3378));
#3362 = ORIENTED_EDGE('',*,*,#3313,.T.);
#3363 = ORIENTED_EDGE('',*,*,#3364,.T.);
#3364 = EDGE_CURVE('',#3314,#3365,#3367,.T.);
#3365 = VERTEX_POINT('',#3366);
#3366 = CARTESIAN_POINT('',(90.5,102.3,-6.2));
#3367 = LINE('',#3368,#3369);
#3368 = CARTESIAN_POINT('',(81.8,102.3,-6.2));
#3369 = VECTOR('',#3370,1.);
#3370 = DIRECTION('',(1.,0.,0.));
#3371 = ORIENTED_EDGE('',*,*,#3372,.F.);
#3372 = EDGE_CURVE('',#3026,#3365,#3373,.T.);
#3373 = CIRCLE('',#3374,0.7);
#3374 = AXIS2_PLACEMENT_3D('',#3375,#3376,#3377);
#3375 = CARTESIAN_POINT('',(90.5,102.3,-6.9));
#3376 = DIRECTION('',(1.,-0.,6.123233995737E-17));
#3377 = DIRECTION('',(6.123233995737E-17,0.,-1.));
#3378 = ORIENTED_EDGE('',*,*,#3025,.F.);
#3379 = CYLINDRICAL_SURFACE('',#3380,0.7);
#3380 = AXIS2_PLACEMENT_3D('',#3381,#3382,#3383);
#3381 = CARTESIAN_POINT('',(81.8,102.3,-6.9));
#3382 = DIRECTION('',(1.,0.,0.));
#3383 = DIRECTION('',(0.,1.,0.));
#3384 = ADVANCED_FACE('',(#3385),#3404,.T.);
#3385 = FACE_BOUND('',#3386,.F.);
#3386 = EDGE_LOOP('',(#3387,#3388,#3396,#3403));
#3387 = ORIENTED_EDGE('',*,*,#3339,.T.);
#3388 = ORIENTED_EDGE('',*,*,#3389,.T.);
#3389 = EDGE_CURVE('',#3340,#3390,#3392,.T.);
#3390 = VERTEX_POINT('',#3391);
#3391 = CARTESIAN_POINT('',(90.5,102.3,11.2));
#3392 = LINE('',#3393,#3394);
#3393 = CARTESIAN_POINT('',(81.8,102.3,11.2));
#3394 = VECTOR('',#3395,1.);
#3395 = DIRECTION('',(1.,0.,0.));
#3396 = ORIENTED_EDGE('',*,*,#3397,.F.);
#3397 = EDGE_CURVE('',#3051,#3390,#3398,.T.);
#3398 = CIRCLE('',#3399,0.7);
#3399 = AXIS2_PLACEMENT_3D('',#3400,#3401,#3402);
#3400 = CARTESIAN_POINT('',(90.5,102.3,11.9));
#3401 = DIRECTION('',(-1.,0.,0.));
#3402 = DIRECTION('',(0.,0.,1.));
#3403 = ORIENTED_EDGE('',*,*,#3059,.F.);
#3404 = CYLINDRICAL_SURFACE('',#3405,0.7);
#3405 = AXIS2_PLACEMENT_3D('',#3406,#3407,#3408);
#3406 = CARTESIAN_POINT('',(81.8,102.3,11.9));
#3407 = DIRECTION('',(1.,0.,0.));
#3408 = DIRECTION('',(0.,1.,0.));
#3409 = ADVANCED_FACE('',(#3410),#3430,.T.);
#3410 = FACE_BOUND('',#3411,.T.);
#3411 = EDGE_LOOP('',(#3412,#3421,#3422,#3423));
#3412 = ORIENTED_EDGE('',*,*,#3413,.F.);
#3413 = EDGE_CURVE('',#3034,#3414,#3416,.T.);
#3414 = VERTEX_POINT('',#3415);
#3415 = CARTESIAN_POINT('',(91.2,102.3,-5.5));
#3416 = CIRCLE('',#3417,0.7);
#3417 = AXIS2_PLACEMENT_3D('',#3418,#3419,#3420);
#3418 = CARTESIAN_POINT('',(91.9,102.3,-5.5));
#3419 = DIRECTION('',(0.,0.,1.));
#3420 = DIRECTION('',(1.,0.,0.));
#3421 = ORIENTED_EDGE('',*,*,#3033,.T.);
#3422 = ORIENTED_EDGE('',*,*,#3372,.T.);
#3423 = ORIENTED_EDGE('',*,*,#3424,.F.);
#3424 = EDGE_CURVE('',#3414,#3365,#3425,.T.);
#3425 = CIRCLE('',#3426,0.7);
#3426 = AXIS2_PLACEMENT_3D('',#3427,#3428,#3429);
#3427 = CARTESIAN_POINT('',(90.5,102.3,-5.5));
#3428 = DIRECTION('',(-0.,1.,0.));
#3429 = DIRECTION('',(1.,0.,0.));
#3430 = TOROIDAL_SURFACE('',#3431,1.4,0.7);
#3431 = AXIS2_PLACEMENT_3D('',#3432,#3433,#3434);
#3432 = CARTESIAN_POINT('',(90.5,102.3,-5.5));
#3433 = DIRECTION('',(0.,1.,0.));
#3434 = DIRECTION('',(1.,0.,0.));
#3435 = ADVANCED_FACE('',(#3436),#3456,.T.);
#3436 = FACE_BOUND('',#3437,.T.);
#3437 = EDGE_LOOP('',(#3438,#3439,#3440,#3449));
#3438 = ORIENTED_EDGE('',*,*,#3397,.F.);
#3439 = ORIENTED_EDGE('',*,*,#3050,.T.);
#3440 = ORIENTED_EDGE('',*,*,#3441,.T.);
#3441 = EDGE_CURVE('',#3043,#3442,#3444,.T.);
#3442 = VERTEX_POINT('',#3443);
#3443 = CARTESIAN_POINT('',(91.2,102.3,10.5));
#3444 = CIRCLE('',#3445,0.7);
#3445 = AXIS2_PLACEMENT_3D('',#3446,#3447,#3448);
#3446 = CARTESIAN_POINT('',(91.9,102.3,10.5));
#3447 = DIRECTION('',(-6.123233995737E-17,0.,1.));
#3448 = DIRECTION('',(1.,0.,6.123233995737E-17));
#3449 = ORIENTED_EDGE('',*,*,#3450,.F.);
#3450 = EDGE_CURVE('',#3390,#3442,#3451,.T.);
#3451 = CIRCLE('',#3452,0.7);
#3452 = AXIS2_PLACEMENT_3D('',#3453,#3454,#3455);
#3453 = CARTESIAN_POINT('',(90.5,102.3,10.5));
#3454 = DIRECTION('',(0.,1.,0.));
#3455 = DIRECTION('',(0.,0.,1.));
#3456 = TOROIDAL_SURFACE('',#3457,1.4,0.7);
#3457 = AXIS2_PLACEMENT_3D('',#3458,#3459,#3460);
#3458 = CARTESIAN_POINT('',(90.5,102.3,10.5));
#3459 = DIRECTION('',(0.,1.,0.));
#3460 = DIRECTION('',(0.,0.,1.));
#3461 = ADVANCED_FACE('',(#3462),#3473,.T.);
#3462 = FACE_BOUND('',#3463,.T.);
#3463 = EDGE_LOOP('',(#3464,#3465,#3471,#3472));
#3464 = ORIENTED_EDGE('',*,*,#3413,.T.);
#3465 = ORIENTED_EDGE('',*,*,#3466,.T.);
#3466 = EDGE_CURVE('',#3414,#3442,#3467,.T.);
#3467 = LINE('',#3468,#3469);
#3468 = CARTESIAN_POINT('',(91.2,102.3,-6.2));
#3469 = VECTOR('',#3470,1.);
#3470 = DIRECTION('',(0.,0.,1.));
#3471 = ORIENTED_EDGE('',*,*,#3441,.F.);
#3472 = ORIENTED_EDGE('',*,*,#3042,.F.);
#3473 = CYLINDRICAL_SURFACE('',#3474,0.7);
#3474 = AXIS2_PLACEMENT_3D('',#3475,#3476,#3477);
#3475 = CARTESIAN_POINT('',(91.9,102.3,-6.2));
#3476 = DIRECTION('',(0.,0.,1.));
#3477 = DIRECTION('',(0.,1.,0.));
#3478 = ADVANCED_FACE('',(#3479),#3484,.T.);
#3479 = FACE_BOUND('',#3480,.F.);
#3480 = EDGE_LOOP('',(#3481,#3482,#3483));
#3481 = ORIENTED_EDGE('',*,*,#3118,.F.);
#3482 = ORIENTED_EDGE('',*,*,#3169,.T.);
#3483 = ORIENTED_EDGE('',*,*,#3084,.F.);
#3484 = SPHERICAL_SURFACE('',#3485,0.7);
#3485 = AXIS2_PLACEMENT_3D('',#3486,#3487,#3488);
#3486 = CARTESIAN_POINT('',(92.3,48.7,-7.3));
#3487 = DIRECTION('',(-1.,0.,0.));
#3488 = DIRECTION('',(0.,-1.,0.));
#3489 = ADVANCED_FACE('',(#3490),#3495,.T.);
#3490 = FACE_BOUND('',#3491,.F.);
#3491 = EDGE_LOOP('',(#3492,#3493,#3494));
#3492 = ORIENTED_EDGE('',*,*,#3102,.F.);
#3493 = ORIENTED_EDGE('',*,*,#3218,.T.);
#3494 = ORIENTED_EDGE('',*,*,#3135,.F.);
#3495 = SPHERICAL_SURFACE('',#3496,0.7);
#3496 = AXIS2_PLACEMENT_3D('',#3497,#3498,#3499);
#3497 = CARTESIAN_POINT('',(92.3,48.7,12.3));
#3498 = DIRECTION('',(-0.,-0.,-1.));
#3499 = DIRECTION('',(0.,-1.,0.));
#3500 = ADVANCED_FACE('',(#3501),#3507,.T.);
#3501 = FACE_BOUND('',#3502,.T.);
#3502 = EDGE_LOOP('',(#3503,#3504,#3505,#3506));
#3503 = ORIENTED_EDGE('',*,*,#3127,.F.);
#3504 = ORIENTED_EDGE('',*,*,#3176,.T.);
#3505 = ORIENTED_EDGE('',*,*,#3256,.T.);
#3506 = ORIENTED_EDGE('',*,*,#3225,.F.);
#3507 = PLANE('',#3508);
#3508 = AXIS2_PLACEMENT_3D('',#3509,#3510,#3511);
#3509 = CARTESIAN_POINT('',(93.,48.,-8.));
#3510 = DIRECTION('',(1.,0.,0.));
#3511 = DIRECTION('',(0.,0.,1.));
#3512 = ADVANCED_FACE('',(#3513),#3518,.T.);
#3513 = FACE_BOUND('',#3514,.T.);
#3514 = EDGE_LOOP('',(#3515,#3516,#3517));
#3515 = ORIENTED_EDGE('',*,*,#3249,.F.);
#3516 = ORIENTED_EDGE('',*,*,#3184,.T.);
#3517 = ORIENTED_EDGE('',*,*,#3153,.F.);
#3518 = SPHERICAL_SURFACE('',#3519,0.7);
#3519 = AXIS2_PLACEMENT_3D('',#3520,#3521,#3522);
#3520 = CARTESIAN_POINT('',(92.3,102.3,-7.3));
#3521 = DIRECTION('',(-1.,0.,0.));
#3522 = DIRECTION('',(0.,1.,0.));
#3523 = ADVANCED_FACE('',(#3524),#3529,.T.);
#3524 = FACE_BOUND('',#3525,.T.);
#3525 = EDGE_LOOP('',(#3526,#3527,#3528));
#3526 = ORIENTED_EDGE('',*,*,#3233,.F.);
#3527 = ORIENTED_EDGE('',*,*,#3262,.T.);
#3528 = ORIENTED_EDGE('',*,*,#3202,.F.);
#3529 = SPHERICAL_SURFACE('',#3530,0.7);
#3530 = AXIS2_PLACEMENT_3D('',#3531,#3532,#3533);
#3531 = CARTESIAN_POINT('',(92.3,102.3,12.3));
#3532 = DIRECTION('',(-1.,0.,0.));
#3533 = DIRECTION('',(0.,0.,1.));
#3534 = ADVANCED_FACE('',(#3535),#3560,.T.);
#3535 = FACE_BOUND('',#3536,.T.);
#3536 = EDGE_LOOP('',(#3537,#3538,#3546,#3554));
#3537 = ORIENTED_EDGE('',*,*,#3287,.T.);
#3538 = ORIENTED_EDGE('',*,*,#3539,.F.);
#3539 = EDGE_CURVE('',#3540,#3288,#3542,.T.);
#3540 = VERTEX_POINT('',#3541);
#3541 = CARTESIAN_POINT('',(81.8,50.5,10.5));
#3542 = LINE('',#3543,#3544);
#3543 = CARTESIAN_POINT('',(81.8,49.8,10.5));
#3544 = VECTOR('',#3545,1.);
#3545 = DIRECTION('',(0.,1.,0.));
#3546 = ORIENTED_EDGE('',*,*,#3547,.F.);
#3547 = EDGE_CURVE('',#3548,#3540,#3550,.T.);
#3548 = VERTEX_POINT('',#3549);
#3549 = CARTESIAN_POINT('',(81.8,50.5,-5.5));
#3550 = LINE('',#3551,#3552);
#3551 = CARTESIAN_POINT('',(81.8,50.5,-6.2));
#3552 = VECTOR('',#3553,1.);
#3553 = DIRECTION('',(0.,0.,1.));
#3554 = ORIENTED_EDGE('',*,*,#3555,.T.);
#3555 = EDGE_CURVE('',#3548,#3279,#3556,.T.);
#3556 = LINE('',#3557,#3558);
#3557 = CARTESIAN_POINT('',(81.8,49.8,-5.5));
#3558 = VECTOR('',#3559,1.);
#3559 = DIRECTION('',(0.,1.,0.));
#3560 = PLANE('',#3561);
#3561 = AXIS2_PLACEMENT_3D('',#3562,#3563,#3564);
#3562 = CARTESIAN_POINT('',(81.8,49.8,-6.2));
#3563 = DIRECTION('',(1.,0.,0.));
#3564 = DIRECTION('',(0.,0.,1.));
#3565 = ADVANCED_FACE('',(#3566),#3585,.F.);
#3566 = FACE_BOUND('',#3567,.T.);
#3567 = EDGE_LOOP('',(#3568,#3577,#3583,#3584));
#3568 = ORIENTED_EDGE('',*,*,#3569,.F.);
#3569 = EDGE_CURVE('',#3570,#3548,#3572,.T.);
#3570 = VERTEX_POINT('',#3571);
#3571 = CARTESIAN_POINT('',(82.5,50.5,-6.2));
#3572 = CIRCLE('',#3573,0.7);
#3573 = AXIS2_PLACEMENT_3D('',#3574,#3575,#3576);
#3574 = CARTESIAN_POINT('',(82.5,50.5,-5.5));
#3575 = DIRECTION('',(0.,1.,-0.));
#3576 = DIRECTION('',(-1.,0.,0.));
#3577 = ORIENTED_EDGE('',*,*,#3578,.T.);
#3578 = EDGE_CURVE('',#3570,#3314,#3579,.T.);
#3579 = LINE('',#3580,#3581);
#3580 = CARTESIAN_POINT('',(82.5,49.8,-6.2));
#3581 = VECTOR('',#3582,1.);
#3582 = DIRECTION('',(0.,1.,0.));
#3583 = ORIENTED_EDGE('',*,*,#3322,.F.);
#3584 = ORIENTED_EDGE('',*,*,#3555,.F.);
#3585 = CYLINDRICAL_SURFACE('',#3586,0.7);
#3586 = AXIS2_PLACEMENT_3D('',#3587,#3588,#3589);
#3587 = CARTESIAN_POINT('',(82.5,49.8,-5.5));
#3588 = DIRECTION('',(0.,1.,0.));
#3589 = DIRECTION('',(-1.,0.,0.));
#3590 = ADVANCED_FACE('',(#3591),#3610,.F.);
#3591 = FACE_BOUND('',#3592,.F.);
#3592 = EDGE_LOOP('',(#3593,#3602,#3608,#3609));
#3593 = ORIENTED_EDGE('',*,*,#3594,.F.);
#3594 = EDGE_CURVE('',#3595,#3540,#3597,.T.);
#3595 = VERTEX_POINT('',#3596);
#3596 = CARTESIAN_POINT('',(82.5,50.5,11.2));
#3597 = CIRCLE('',#3598,0.7);
#3598 = AXIS2_PLACEMENT_3D('',#3599,#3600,#3601);
#3599 = CARTESIAN_POINT('',(82.5,50.5,10.5));
#3600 = DIRECTION('',(0.,-1.,0.));
#3601 = DIRECTION('',(-1.,0.,0.));
#3602 = ORIENTED_EDGE('',*,*,#3603,.T.);
#3603 = EDGE_CURVE('',#3595,#3340,#3604,.T.);
#3604 = LINE('',#3605,#3606);
#3605 = CARTESIAN_POINT('',(82.5,49.8,11.2));
#3606 = VECTOR('',#3607,1.);
#3607 = DIRECTION('',(0.,1.,0.));
#3608 = ORIENTED_EDGE('',*,*,#3348,.F.);
#3609 = ORIENTED_EDGE('',*,*,#3539,.F.);
#3610 = CYLINDRICAL_SURFACE('',#3611,0.7);
#3611 = AXIS2_PLACEMENT_3D('',#3612,#3613,#3614);
#3612 = CARTESIAN_POINT('',(82.5,49.8,10.5));
#3613 = DIRECTION('',(0.,1.,0.));
#3614 = DIRECTION('',(-1.,0.,0.));
#3615 = ADVANCED_FACE('',(#3616),#3634,.T.);
#3616 = FACE_BOUND('',#3617,.T.);
#3617 = EDGE_LOOP('',(#3618,#3619,#3620,#3628));
#3618 = ORIENTED_EDGE('',*,*,#3364,.F.);
#3619 = ORIENTED_EDGE('',*,*,#3578,.F.);
#3620 = ORIENTED_EDGE('',*,*,#3621,.T.);
#3621 = EDGE_CURVE('',#3570,#3622,#3624,.T.);
#3622 = VERTEX_POINT('',#3623);
#3623 = CARTESIAN_POINT('',(90.5,50.5,-6.2));
#3624 = LINE('',#3625,#3626);
#3625 = CARTESIAN_POINT('',(81.8,50.5,-6.2));
#3626 = VECTOR('',#3627,1.);
#3627 = DIRECTION('',(1.,0.,0.));
#3628 = ORIENTED_EDGE('',*,*,#3629,.T.);
#3629 = EDGE_CURVE('',#3622,#3365,#3630,.T.);
#3630 = LINE('',#3631,#3632);
#3631 = CARTESIAN_POINT('',(90.5,49.8,-6.2));
#3632 = VECTOR('',#3633,1.);
#3633 = DIRECTION('',(0.,1.,0.));
#3634 = PLANE('',#3635);
#3635 = AXIS2_PLACEMENT_3D('',#3636,#3637,#3638);
#3636 = CARTESIAN_POINT('',(81.8,49.8,-6.2));
#3637 = DIRECTION('',(0.,0.,1.));
#3638 = DIRECTION('',(1.,0.,0.));
#3639 = ADVANCED_FACE('',(#3640),#3658,.F.);
#3640 = FACE_BOUND('',#3641,.F.);
#3641 = EDGE_LOOP('',(#3642,#3643,#3644,#3652));
#3642 = ORIENTED_EDGE('',*,*,#3389,.F.);
#3643 = ORIENTED_EDGE('',*,*,#3603,.F.);
#3644 = ORIENTED_EDGE('',*,*,#3645,.T.);
#3645 = EDGE_CURVE('',#3595,#3646,#3648,.T.);
#3646 = VERTEX_POINT('',#3647);
#3647 = CARTESIAN_POINT('',(90.5,50.5,11.2));
#3648 = LINE('',#3649,#3650);
#3649 = CARTESIAN_POINT('',(81.8,50.5,11.2));
#3650 = VECTOR('',#3651,1.);
#3651 = DIRECTION('',(1.,0.,0.));
#3652 = ORIENTED_EDGE('',*,*,#3653,.T.);
#3653 = EDGE_CURVE('',#3646,#3390,#3654,.T.);
#3654 = LINE('',#3655,#3656);
#3655 = CARTESIAN_POINT('',(90.5,49.8,11.2));
#3656 = VECTOR('',#3657,1.);
#3657 = DIRECTION('',(0.,1.,0.));
#3658 = PLANE('',#3659);
#3659 = AXIS2_PLACEMENT_3D('',#3660,#3661,#3662);
#3660 = CARTESIAN_POINT('',(81.8,49.8,11.2));
#3661 = DIRECTION('',(0.,0.,1.));
#3662 = DIRECTION('',(1.,0.,0.));
#3663 = ADVANCED_FACE('',(#3664),#3683,.F.);
#3664 = FACE_BOUND('',#3665,.F.);
#3665 = EDGE_LOOP('',(#3666,#3675,#3676,#3677));
#3666 = ORIENTED_EDGE('',*,*,#3667,.F.);
#3667 = EDGE_CURVE('',#3622,#3668,#3670,.T.);
#3668 = VERTEX_POINT('',#3669);
#3669 = CARTESIAN_POINT('',(91.2,50.5,-5.5));
#3670 = CIRCLE('',#3671,0.7);
#3671 = AXIS2_PLACEMENT_3D('',#3672,#3673,#3674);
#3672 = CARTESIAN_POINT('',(90.5,50.5,-5.5));
#3673 = DIRECTION('',(0.,-1.,0.));
#3674 = DIRECTION('',(1.,0.,0.));
#3675 = ORIENTED_EDGE('',*,*,#3629,.T.);
#3676 = ORIENTED_EDGE('',*,*,#3424,.F.);
#3677 = ORIENTED_EDGE('',*,*,#3678,.F.);
#3678 = EDGE_CURVE('',#3668,#3414,#3679,.T.);
#3679 = LINE('',#3680,#3681);
#3680 = CARTESIAN_POINT('',(91.2,49.8,-5.5));
#3681 = VECTOR('',#3682,1.);
#3682 = DIRECTION('',(0.,1.,0.));
#3683 = CYLINDRICAL_SURFACE('',#3684,0.7);
#3684 = AXIS2_PLACEMENT_3D('',#3685,#3686,#3687);
#3685 = CARTESIAN_POINT('',(90.5,49.8,-5.5));
#3686 = DIRECTION('',(0.,1.,0.));
#3687 = DIRECTION('',(1.,0.,0.));
#3688 = ADVANCED_FACE('',(#3689),#3708,.F.);
#3689 = FACE_BOUND('',#3690,.F.);
#3690 = EDGE_LOOP('',(#3691,#3692,#3701,#3707));
#3691 = ORIENTED_EDGE('',*,*,#3653,.F.);
#3692 = ORIENTED_EDGE('',*,*,#3693,.T.);
#3693 = EDGE_CURVE('',#3646,#3694,#3696,.T.);
#3694 = VERTEX_POINT('',#3695);
#3695 = CARTESIAN_POINT('',(91.2,50.5,10.5));
#3696 = CIRCLE('',#3697,0.7);
#3697 = AXIS2_PLACEMENT_3D('',#3698,#3699,#3700);
#3698 = CARTESIAN_POINT('',(90.5,50.5,10.5));
#3699 = DIRECTION('',(0.,1.,0.));
#3700 = DIRECTION('',(0.,0.,1.));
#3701 = ORIENTED_EDGE('',*,*,#3702,.T.);
#3702 = EDGE_CURVE('',#3694,#3442,#3703,.T.);
#3703 = LINE('',#3704,#3705);
#3704 = CARTESIAN_POINT('',(91.2,49.8,10.5));
#3705 = VECTOR('',#3706,1.);
#3706 = DIRECTION('',(0.,1.,0.));
#3707 = ORIENTED_EDGE('',*,*,#3450,.F.);
#3708 = CYLINDRICAL_SURFACE('',#3709,0.7);
#3709 = AXIS2_PLACEMENT_3D('',#3710,#3711,#3712);
#3710 = CARTESIAN_POINT('',(90.5,49.8,10.5));
#3711 = DIRECTION('',(0.,1.,0.));
#3712 = DIRECTION('',(0.,0.,1.));
#3713 = ADVANCED_FACE('',(#3714),#3725,.F.);
#3714 = FACE_BOUND('',#3715,.F.);
#3715 = EDGE_LOOP('',(#3716,#3717,#3718,#3724));
#3716 = ORIENTED_EDGE('',*,*,#3466,.T.);
#3717 = ORIENTED_EDGE('',*,*,#3702,.F.);
#3718 = ORIENTED_EDGE('',*,*,#3719,.F.);
#3719 = EDGE_CURVE('',#3668,#3694,#3720,.T.);
#3720 = LINE('',#3721,#3722);
#3721 = CARTESIAN_POINT('',(91.2,50.5,-6.2));
#3722 = VECTOR('',#3723,1.);
#3723 = DIRECTION('',(0.,0.,1.));
#3724 = ORIENTED_EDGE('',*,*,#3678,.T.);
#3725 = PLANE('',#3726);
#3726 = AXIS2_PLACEMENT_3D('',#3727,#3728,#3729);
#3727 = CARTESIAN_POINT('',(91.2,49.8,-6.2));
#3728 = DIRECTION('',(1.,0.,0.));
#3729 = DIRECTION('',(0.,0.,1.));
#3730 = ADVANCED_FACE('',(#3731),#3758,.F.);
#3731 = FACE_BOUND('',#3732,.F.);
#3732 = EDGE_LOOP('',(#3733,#3734,#3743,#3751));
#3733 = ORIENTED_EDGE('',*,*,#3547,.F.);
#3734 = ORIENTED_EDGE('',*,*,#3735,.T.);
#3735 = EDGE_CURVE('',#3548,#3736,#3738,.T.);
#3736 = VERTEX_POINT('',#3737);
#3737 = CARTESIAN_POINT('',(82.5,49.8,-5.5));
#3738 = CIRCLE('',#3739,0.7);
#3739 = AXIS2_PLACEMENT_3D('',#3740,#3741,#3742);
#3740 = CARTESIAN_POINT('',(82.5,50.5,-5.5));
#3741 = DIRECTION('',(0.,0.,1.));
#3742 = DIRECTION('',(-1.,0.,0.));
#3743 = ORIENTED_EDGE('',*,*,#3744,.T.);
#3744 = EDGE_CURVE('',#3736,#3745,#3747,.T.);
#3745 = VERTEX_POINT('',#3746);
#3746 = CARTESIAN_POINT('',(82.5,49.8,10.5));
#3747 = LINE('',#3748,#3749);
#3748 = CARTESIAN_POINT('',(82.5,49.8,-6.2));
#3749 = VECTOR('',#3750,1.);
#3750 = DIRECTION('',(0.,0.,1.));
#3751 = ORIENTED_EDGE('',*,*,#3752,.F.);
#3752 = EDGE_CURVE('',#3540,#3745,#3753,.T.);
#3753 = CIRCLE('',#3754,0.7);
#3754 = AXIS2_PLACEMENT_3D('',#3755,#3756,#3757);
#3755 = CARTESIAN_POINT('',(82.5,50.5,10.5));
#3756 = DIRECTION('',(0.,0.,1.));
#3757 = DIRECTION('',(-1.,0.,0.));
#3758 = CYLINDRICAL_SURFACE('',#3759,0.7);
#3759 = AXIS2_PLACEMENT_3D('',#3760,#3761,#3762);
#3760 = CARTESIAN_POINT('',(82.5,50.5,-6.2));
#3761 = DIRECTION('',(0.,0.,1.));
#3762 = DIRECTION('',(-1.,0.,0.));
#3763 = ADVANCED_FACE('',(#3764),#3775,.F.);
#3764 = FACE_BOUND('',#3765,.F.);
#3765 = EDGE_LOOP('',(#3766,#3767,#3774));
#3766 = ORIENTED_EDGE('',*,*,#3569,.F.);
#3767 = ORIENTED_EDGE('',*,*,#3768,.T.);
#3768 = EDGE_CURVE('',#3570,#3736,#3769,.T.);
#3769 = CIRCLE('',#3770,0.7);
#3770 = AXIS2_PLACEMENT_3D('',#3771,#3772,#3773);
#3771 = CARTESIAN_POINT('',(82.5,50.5,-5.5));
#3772 = DIRECTION('',(-1.,6.123233995737E-17,0.));
#3773 = DIRECTION('',(-6.123233995737E-17,-1.,0.));
#3774 = ORIENTED_EDGE('',*,*,#3735,.F.);
#3775 = SPHERICAL_SURFACE('',#3776,0.7);
#3776 = AXIS2_PLACEMENT_3D('',#3777,#3778,#3779);
#3777 = CARTESIAN_POINT('',(82.5,50.5,-5.5));
#3778 = DIRECTION('',(0.,0.,1.));
#3779 = DIRECTION('',(-1.,0.,0.));
#3780 = ADVANCED_FACE('',(#3781),#3792,.F.);
#3781 = FACE_BOUND('',#3782,.T.);
#3782 = EDGE_LOOP('',(#3783,#3784,#3791));
#3783 = ORIENTED_EDGE('',*,*,#3594,.F.);
#3784 = ORIENTED_EDGE('',*,*,#3785,.T.);
#3785 = EDGE_CURVE('',#3595,#3745,#3786,.T.);
#3786 = CIRCLE('',#3787,0.7);
#3787 = AXIS2_PLACEMENT_3D('',#3788,#3789,#3790);
#3788 = CARTESIAN_POINT('',(82.5,50.5,10.5));
#3789 = DIRECTION('',(1.,-6.123233995737E-17,0.));
#3790 = DIRECTION('',(-6.123233995737E-17,-1.,0.));
#3791 = ORIENTED_EDGE('',*,*,#3752,.F.);
#3792 = SPHERICAL_SURFACE('',#3793,0.7);
#3793 = AXIS2_PLACEMENT_3D('',#3794,#3795,#3796);
#3794 = CARTESIAN_POINT('',(82.5,50.5,10.5));
#3795 = DIRECTION('',(-0.,-0.,-1.));
#3796 = DIRECTION('',(-1.,0.,0.));
#3797 = ADVANCED_FACE('',(#3798),#3817,.F.);
#3798 = FACE_BOUND('',#3799,.T.);
#3799 = EDGE_LOOP('',(#3800,#3801,#3809,#3816));
#3800 = ORIENTED_EDGE('',*,*,#3768,.T.);
#3801 = ORIENTED_EDGE('',*,*,#3802,.T.);
#3802 = EDGE_CURVE('',#3736,#3803,#3805,.T.);
#3803 = VERTEX_POINT('',#3804);
#3804 = CARTESIAN_POINT('',(90.5,49.8,-5.5));
#3805 = LINE('',#3806,#3807);
#3806 = CARTESIAN_POINT('',(81.8,49.8,-5.5));
#3807 = VECTOR('',#3808,1.);
#3808 = DIRECTION('',(1.,0.,0.));
#3809 = ORIENTED_EDGE('',*,*,#3810,.F.);
#3810 = EDGE_CURVE('',#3622,#3803,#3811,.T.);
#3811 = CIRCLE('',#3812,0.7);
#3812 = AXIS2_PLACEMENT_3D('',#3813,#3814,#3815);
#3813 = CARTESIAN_POINT('',(90.5,50.5,-5.5));
#3814 = DIRECTION('',(-1.,-6.123233995737E-17,0.));
#3815 = DIRECTION('',(6.123233995737E-17,-1.,0.));
#3816 = ORIENTED_EDGE('',*,*,#3621,.F.);
#3817 = CYLINDRICAL_SURFACE('',#3818,0.7);
#3818 = AXIS2_PLACEMENT_3D('',#3819,#3820,#3821);
#3819 = CARTESIAN_POINT('',(81.8,50.5,-5.5));
#3820 = DIRECTION('',(1.,0.,0.));
#3821 = DIRECTION('',(0.,0.,-1.));
#3822 = ADVANCED_FACE('',(#3823),#3842,.F.);
#3823 = FACE_BOUND('',#3824,.F.);
#3824 = EDGE_LOOP('',(#3825,#3826,#3834,#3841));
#3825 = ORIENTED_EDGE('',*,*,#3785,.T.);
#3826 = ORIENTED_EDGE('',*,*,#3827,.T.);
#3827 = EDGE_CURVE('',#3745,#3828,#3830,.T.);
#3828 = VERTEX_POINT('',#3829);
#3829 = CARTESIAN_POINT('',(90.5,49.8,10.5));
#3830 = LINE('',#3831,#3832);
#3831 = CARTESIAN_POINT('',(81.8,49.8,10.5));
#3832 = VECTOR('',#3833,1.);
#3833 = DIRECTION('',(1.,0.,0.));
#3834 = ORIENTED_EDGE('',*,*,#3835,.T.);
#3835 = EDGE_CURVE('',#3828,#3646,#3836,.T.);
#3836 = CIRCLE('',#3837,0.7);
#3837 = AXIS2_PLACEMENT_3D('',#3838,#3839,#3840);
#3838 = CARTESIAN_POINT('',(90.5,50.5,10.5));
#3839 = DIRECTION('',(-1.,0.,0.));
#3840 = DIRECTION('',(0.,0.,1.));
#3841 = ORIENTED_EDGE('',*,*,#3645,.F.);
#3842 = CYLINDRICAL_SURFACE('',#3843,0.7);
#3843 = AXIS2_PLACEMENT_3D('',#3844,#3845,#3846);
#3844 = CARTESIAN_POINT('',(81.8,50.5,10.5));
#3845 = DIRECTION('',(1.,0.,0.));
#3846 = DIRECTION('',(0.,0.,1.));
#3847 = ADVANCED_FACE('',(#3848),#3859,.F.);
#3848 = FACE_BOUND('',#3849,.T.);
#3849 = EDGE_LOOP('',(#3850,#3851,#3852));
#3850 = ORIENTED_EDGE('',*,*,#3667,.F.);
#3851 = ORIENTED_EDGE('',*,*,#3810,.T.);
#3852 = ORIENTED_EDGE('',*,*,#3853,.F.);
#3853 = EDGE_CURVE('',#3668,#3803,#3854,.T.);
#3854 = CIRCLE('',#3855,0.7);
#3855 = AXIS2_PLACEMENT_3D('',#3856,#3857,#3858);
#3856 = CARTESIAN_POINT('',(90.5,50.5,-5.5));
#3857 = DIRECTION('',(0.,0.,-1.));
#3858 = DIRECTION('',(1.,0.,0.));
#3859 = SPHERICAL_SURFACE('',#3860,0.7);
#3860 = AXIS2_PLACEMENT_3D('',#3861,#3862,#3863);
#3861 = CARTESIAN_POINT('',(90.5,50.5,-5.5));
#3862 = DIRECTION('',(0.,0.,1.));
#3863 = DIRECTION('',(1.,0.,0.));
#3864 = ADVANCED_FACE('',(#3865),#3876,.F.);
#3865 = FACE_BOUND('',#3866,.F.);
#3866 = EDGE_LOOP('',(#3867,#3868,#3875));
#3867 = ORIENTED_EDGE('',*,*,#3835,.F.);
#3868 = ORIENTED_EDGE('',*,*,#3869,.T.);
#3869 = EDGE_CURVE('',#3828,#3694,#3870,.T.);
#3870 = CIRCLE('',#3871,0.7);
#3871 = AXIS2_PLACEMENT_3D('',#3872,#3873,#3874);
#3872 = CARTESIAN_POINT('',(90.5,50.5,10.5));
#3873 = DIRECTION('',(-6.123233995737E-17,0.,1.));
#3874 = DIRECTION('',(1.,0.,6.123233995737E-17));
#3875 = ORIENTED_EDGE('',*,*,#3693,.F.);
#3876 = SPHERICAL_SURFACE('',#3877,0.7);
#3877 = AXIS2_PLACEMENT_3D('',#3878,#3879,#3880);
#3878 = CARTESIAN_POINT('',(90.5,50.5,10.5));
#3879 = DIRECTION('',(0.,1.,0.));
#3880 = DIRECTION('',(0.,0.,1.));
#3881 = ADVANCED_FACE('',(#3882),#3893,.F.);
#3882 = FACE_BOUND('',#3883,.T.);
#3883 = EDGE_LOOP('',(#3884,#3885,#3886,#3892));
#3884 = ORIENTED_EDGE('',*,*,#3719,.F.);
#3885 = ORIENTED_EDGE('',*,*,#3853,.T.);
#3886 = ORIENTED_EDGE('',*,*,#3887,.T.);
#3887 = EDGE_CURVE('',#3803,#3828,#3888,.T.);
#3888 = LINE('',#3889,#3890);
#3889 = CARTESIAN_POINT('',(90.5,49.8,-6.2));
#3890 = VECTOR('',#3891,1.);
#3891 = DIRECTION('',(0.,0.,1.));
#3892 = ORIENTED_EDGE('',*,*,#3869,.T.);
#3893 = CYLINDRICAL_SURFACE('',#3894,0.7);
#3894 = AXIS2_PLACEMENT_3D('',#3895,#3896,#3897);
#3895 = CARTESIAN_POINT('',(90.5,50.5,-6.2));
#3896 = DIRECTION('',(0.,0.,1.));
#3897 = DIRECTION('',(1.,0.,0.));
#3898 = ADVANCED_FACE('',(#3899),#3905,.T.);
#3899 = FACE_BOUND('',#3900,.T.);
#3900 = EDGE_LOOP('',(#3901,#3902,#3903,#3904));
#3901 = ORIENTED_EDGE('',*,*,#3744,.T.);
#3902 = ORIENTED_EDGE('',*,*,#3827,.T.);
#3903 = ORIENTED_EDGE('',*,*,#3887,.F.);
#3904 = ORIENTED_EDGE('',*,*,#3802,.F.);
#3905 = PLANE('',#3906);
#3906 = AXIS2_PLACEMENT_3D('',#3907,#3908,#3909);
#3907 = CARTESIAN_POINT('',(81.8,49.8,-6.2));
#3908 = DIRECTION('',(0.,1.,0.));
#3909 = DIRECTION('',(0.,0.,1.));
#3910 = MANIFOLD_SOLID_BREP('',#3911);
#3911 = CLOSED_SHELL('',(#3912,#3952,#3985,#4018,#4051,#4084,#4101,#4118
    ,#4149,#4180,#4197,#4228,#4245,#4346,#4364,#4382,#4415,#4433,#4464,
    #4482,#4513,#4542,#4575,#4601,#4627,#4652,#4677,#4703,#4729,#4746,
    #4757,#4768,#4780,#4791,#4802,#4833,#4858,#4883,#4907,#4931,#4956,
    #4981,#4998,#5031,#5048,#5065,#5090,#5115,#5132,#5149,#5166));
#3912 = ADVANCED_FACE('',(#3913),#3947,.F.);
#3913 = FACE_BOUND('',#3914,.F.);
#3914 = EDGE_LOOP('',(#3915,#3925,#3933,#3941));
#3915 = ORIENTED_EDGE('',*,*,#3916,.F.);
#3916 = EDGE_CURVE('',#3917,#3919,#3921,.T.);
#3917 = VERTEX_POINT('',#3918);
#3918 = CARTESIAN_POINT('',(91.,101.7,2.7));
#3919 = VERTEX_POINT('',#3920);
#3920 = CARTESIAN_POINT('',(91.,101.7,24.3));
#3921 = LINE('',#3922,#3923);
#3922 = CARTESIAN_POINT('',(91.,101.7,2.));
#3923 = VECTOR('',#3924,1.);
#3924 = DIRECTION('',(0.,0.,1.));
#3925 = ORIENTED_EDGE('',*,*,#3926,.T.);
#3926 = EDGE_CURVE('',#3917,#3927,#3929,.T.);
#3927 = VERTEX_POINT('',#3928);
#3928 = CARTESIAN_POINT('',(91.,125.3,2.7));
#3929 = LINE('',#3930,#3931);
#3930 = CARTESIAN_POINT('',(91.,101.,2.7));
#3931 = VECTOR('',#3932,1.);
#3932 = DIRECTION('',(0.,1.,0.));
#3933 = ORIENTED_EDGE('',*,*,#3934,.T.);
#3934 = EDGE_CURVE('',#3927,#3935,#3937,.T.);
#3935 = VERTEX_POINT('',#3936);
#3936 = CARTESIAN_POINT('',(91.,125.3,24.3));
#3937 = LINE('',#3938,#3939);
#3938 = CARTESIAN_POINT('',(91.,125.3,2.));
#3939 = VECTOR('',#3940,1.);
#3940 = DIRECTION('',(0.,0.,1.));
#3941 = ORIENTED_EDGE('',*,*,#3942,.F.);
#3942 = EDGE_CURVE('',#3919,#3935,#3943,.T.);
#3943 = LINE('',#3944,#3945);
#3944 = CARTESIAN_POINT('',(91.,101.,24.3));
#3945 = VECTOR('',#3946,1.);
#3946 = DIRECTION('',(0.,1.,0.));
#3947 = PLANE('',#3948);
#3948 = AXIS2_PLACEMENT_3D('',#3949,#3950,#3951);
#3949 = CARTESIAN_POINT('',(91.,101.,2.));
#3950 = DIRECTION('',(1.,0.,0.));
#3951 = DIRECTION('',(0.,0.,1.));
#3952 = ADVANCED_FACE('',(#3953),#3980,.T.);
#3953 = FACE_BOUND('',#3954,.T.);
#3954 = EDGE_LOOP('',(#3955,#3956,#3965,#3973));
#3955 = ORIENTED_EDGE('',*,*,#3916,.F.);
#3956 = ORIENTED_EDGE('',*,*,#3957,.T.);
#3957 = EDGE_CURVE('',#3917,#3958,#3960,.T.);
#3958 = VERTEX_POINT('',#3959);
#3959 = CARTESIAN_POINT('',(91.7,101.,2.7));
#3960 = CIRCLE('',#3961,0.7);
#3961 = AXIS2_PLACEMENT_3D('',#3962,#3963,#3964);
#3962 = CARTESIAN_POINT('',(91.7,101.7,2.7));
#3963 = DIRECTION('',(0.,0.,1.));
#3964 = DIRECTION('',(-1.,0.,0.));
#3965 = ORIENTED_EDGE('',*,*,#3966,.T.);
#3966 = EDGE_CURVE('',#3958,#3967,#3969,.T.);
#3967 = VERTEX_POINT('',#3968);
#3968 = CARTESIAN_POINT('',(91.7,101.,24.3));
#3969 = LINE('',#3970,#3971);
#3970 = CARTESIAN_POINT('',(91.7,101.,2.));
#3971 = VECTOR('',#3972,1.);
#3972 = DIRECTION('',(0.,0.,1.));
#3973 = ORIENTED_EDGE('',*,*,#3974,.F.);
#3974 = EDGE_CURVE('',#3919,#3967,#3975,.T.);
#3975 = CIRCLE('',#3976,0.7);
#3976 = AXIS2_PLACEMENT_3D('',#3977,#3978,#3979);
#3977 = CARTESIAN_POINT('',(91.7,101.7,24.3));
#3978 = DIRECTION('',(0.,0.,1.));
#3979 = DIRECTION('',(-1.,0.,0.));
#3980 = CYLINDRICAL_SURFACE('',#3981,0.7);
#3981 = AXIS2_PLACEMENT_3D('',#3982,#3983,#3984);
#3982 = CARTESIAN_POINT('',(91.7,101.7,2.));
#3983 = DIRECTION('',(0.,0.,1.));
#3984 = DIRECTION('',(-1.,0.,0.));
#3985 = ADVANCED_FACE('',(#3986),#4013,.T.);
#3986 = FACE_BOUND('',#3987,.F.);
#3987 = EDGE_LOOP('',(#3988,#3997,#4005,#4012));
#3988 = ORIENTED_EDGE('',*,*,#3989,.F.);
#3989 = EDGE_CURVE('',#3990,#3917,#3992,.T.);
#3990 = VERTEX_POINT('',#3991);
#3991 = CARTESIAN_POINT('',(91.7,101.7,2.));
#3992 = CIRCLE('',#3993,0.7);
#3993 = AXIS2_PLACEMENT_3D('',#3994,#3995,#3996);
#3994 = CARTESIAN_POINT('',(91.7,101.7,2.7));
#3995 = DIRECTION('',(0.,1.,-0.));
#3996 = DIRECTION('',(-1.,0.,0.));
#3997 = ORIENTED_EDGE('',*,*,#3998,.T.);
#3998 = EDGE_CURVE('',#3990,#3999,#4001,.T.);
#3999 = VERTEX_POINT('',#4000);
#4000 = CARTESIAN_POINT('',(91.7,125.3,2.));
#4001 = LINE('',#4002,#4003);
#4002 = CARTESIAN_POINT('',(91.7,101.,2.));
#4003 = VECTOR('',#4004,1.);
#4004 = DIRECTION('',(0.,1.,0.));
#4005 = ORIENTED_EDGE('',*,*,#4006,.T.);
#4006 = EDGE_CURVE('',#3999,#3927,#4007,.T.);
#4007 = CIRCLE('',#4008,0.7);
#4008 = AXIS2_PLACEMENT_3D('',#4009,#4010,#4011);
#4009 = CARTESIAN_POINT('',(91.7,125.3,2.7));
#4010 = DIRECTION('',(0.,1.,-0.));
#4011 = DIRECTION('',(-1.,0.,0.));
#4012 = ORIENTED_EDGE('',*,*,#3926,.F.);
#4013 = CYLINDRICAL_SURFACE('',#4014,0.7);
#4014 = AXIS2_PLACEMENT_3D('',#4015,#4016,#4017);
#4015 = CARTESIAN_POINT('',(91.7,101.,2.7));
#4016 = DIRECTION('',(0.,1.,0.));
#4017 = DIRECTION('',(-1.,0.,0.));
#4018 = ADVANCED_FACE('',(#4019),#4046,.T.);
#4019 = FACE_BOUND('',#4020,.T.);
#4020 = EDGE_LOOP('',(#4021,#4030,#4038,#4045));
#4021 = ORIENTED_EDGE('',*,*,#4022,.F.);
#4022 = EDGE_CURVE('',#4023,#3919,#4025,.T.);
#4023 = VERTEX_POINT('',#4024);
#4024 = CARTESIAN_POINT('',(91.7,101.7,25.));
#4025 = CIRCLE('',#4026,0.7);
#4026 = AXIS2_PLACEMENT_3D('',#4027,#4028,#4029);
#4027 = CARTESIAN_POINT('',(91.7,101.7,24.3));
#4028 = DIRECTION('',(0.,-1.,0.));
#4029 = DIRECTION('',(-1.,0.,0.));
#4030 = ORIENTED_EDGE('',*,*,#4031,.T.);
#4031 = EDGE_CURVE('',#4023,#4032,#4034,.T.);
#4032 = VERTEX_POINT('',#4033);
#4033 = CARTESIAN_POINT('',(91.7,125.3,25.));
#4034 = LINE('',#4035,#4036);
#4035 = CARTESIAN_POINT('',(91.7,101.,25.));
#4036 = VECTOR('',#4037,1.);
#4037 = DIRECTION('',(0.,1.,0.));
#4038 = ORIENTED_EDGE('',*,*,#4039,.F.);
#4039 = EDGE_CURVE('',#3935,#4032,#4040,.T.);
#4040 = CIRCLE('',#4041,0.7);
#4041 = AXIS2_PLACEMENT_3D('',#4042,#4043,#4044);
#4042 = CARTESIAN_POINT('',(91.7,125.3,24.3));
#4043 = DIRECTION('',(0.,1.,-0.));
#4044 = DIRECTION('',(-1.,0.,0.));
#4045 = ORIENTED_EDGE('',*,*,#3942,.F.);
#4046 = CYLINDRICAL_SURFACE('',#4047,0.7);
#4047 = AXIS2_PLACEMENT_3D('',#4048,#4049,#4050);
#4048 = CARTESIAN_POINT('',(91.7,101.,24.3));
#4049 = DIRECTION('',(0.,1.,0.));
#4050 = DIRECTION('',(-1.,0.,0.));
#4051 = ADVANCED_FACE('',(#4052),#4079,.T.);
#4052 = FACE_BOUND('',#4053,.F.);
#4053 = EDGE_LOOP('',(#4054,#4055,#4064,#4072));
#4054 = ORIENTED_EDGE('',*,*,#3934,.F.);
#4055 = ORIENTED_EDGE('',*,*,#4056,.T.);
#4056 = EDGE_CURVE('',#3927,#4057,#4059,.T.);
#4057 = VERTEX_POINT('',#4058);
#4058 = CARTESIAN_POINT('',(91.7,126.,2.7));
#4059 = CIRCLE('',#4060,0.7);
#4060 = AXIS2_PLACEMENT_3D('',#4061,#4062,#4063);
#4061 = CARTESIAN_POINT('',(91.7,125.3,2.7));
#4062 = DIRECTION('',(0.,0.,-1.));
#4063 = DIRECTION('',(-1.,0.,0.));
#4064 = ORIENTED_EDGE('',*,*,#4065,.T.);
#4065 = EDGE_CURVE('',#4057,#4066,#4068,.T.);
#4066 = VERTEX_POINT('',#4067);
#4067 = CARTESIAN_POINT('',(91.7,126.,24.3));
#4068 = LINE('',#4069,#4070);
#4069 = CARTESIAN_POINT('',(91.7,126.,2.));
#4070 = VECTOR('',#4071,1.);
#4071 = DIRECTION('',(0.,0.,1.));
#4072 = ORIENTED_EDGE('',*,*,#4073,.T.);
#4073 = EDGE_CURVE('',#4066,#3935,#4074,.T.);
#4074 = CIRCLE('',#4075,0.7);
#4075 = AXIS2_PLACEMENT_3D('',#4076,#4077,#4078);
#4076 = CARTESIAN_POINT('',(91.7,125.3,24.3));
#4077 = DIRECTION('',(0.,0.,1.));
#4078 = DIRECTION('',(-1.,0.,0.));
#4079 = CYLINDRICAL_SURFACE('',#4080,0.7);
#4080 = AXIS2_PLACEMENT_3D('',#4081,#4082,#4083);
#4081 = CARTESIAN_POINT('',(91.7,125.3,2.));
#4082 = DIRECTION('',(0.,0.,1.));
#4083 = DIRECTION('',(-1.,0.,0.));
#4084 = ADVANCED_FACE('',(#4085),#4096,.T.);
#4085 = FACE_BOUND('',#4086,.T.);
#4086 = EDGE_LOOP('',(#4087,#4088,#4095));
#4087 = ORIENTED_EDGE('',*,*,#3989,.F.);
#4088 = ORIENTED_EDGE('',*,*,#4089,.T.);
#4089 = EDGE_CURVE('',#3990,#3958,#4090,.T.);
#4090 = CIRCLE('',#4091,0.7);
#4091 = AXIS2_PLACEMENT_3D('',#4092,#4093,#4094);
#4092 = CARTESIAN_POINT('',(91.7,101.7,2.7));
#4093 = DIRECTION('',(-1.,6.123233995737E-17,0.));
#4094 = DIRECTION('',(-6.123233995737E-17,-1.,0.));
#4095 = ORIENTED_EDGE('',*,*,#3957,.F.);
#4096 = SPHERICAL_SURFACE('',#4097,0.7);
#4097 = AXIS2_PLACEMENT_3D('',#4098,#4099,#4100);
#4098 = CARTESIAN_POINT('',(91.7,101.7,2.7));
#4099 = DIRECTION('',(0.,0.,1.));
#4100 = DIRECTION('',(-1.,0.,0.));
#4101 = ADVANCED_FACE('',(#4102),#4113,.T.);
#4102 = FACE_BOUND('',#4103,.F.);
#4103 = EDGE_LOOP('',(#4104,#4105,#4112));
#4104 = ORIENTED_EDGE('',*,*,#4022,.F.);
#4105 = ORIENTED_EDGE('',*,*,#4106,.T.);
#4106 = EDGE_CURVE('',#4023,#3967,#4107,.T.);
#4107 = CIRCLE('',#4108,0.7);
#4108 = AXIS2_PLACEMENT_3D('',#4109,#4110,#4111);
#4109 = CARTESIAN_POINT('',(91.7,101.7,24.3));
#4110 = DIRECTION('',(1.,-6.123233995737E-17,0.));
#4111 = DIRECTION('',(-6.123233995737E-17,-1.,0.));
#4112 = ORIENTED_EDGE('',*,*,#3974,.F.);
#4113 = SPHERICAL_SURFACE('',#4114,0.7);
#4114 = AXIS2_PLACEMENT_3D('',#4115,#4116,#4117);
#4115 = CARTESIAN_POINT('',(91.7,101.7,24.3));
#4116 = DIRECTION('',(-0.,-0.,-1.));
#4117 = DIRECTION('',(-1.,0.,0.));
#4118 = ADVANCED_FACE('',(#4119),#4144,.F.);
#4119 = FACE_BOUND('',#4120,.F.);
#4120 = EDGE_LOOP('',(#4121,#4122,#4130,#4138));
#4121 = ORIENTED_EDGE('',*,*,#3966,.T.);
#4122 = ORIENTED_EDGE('',*,*,#4123,.T.);
#4123 = EDGE_CURVE('',#3967,#4124,#4126,.T.);
#4124 = VERTEX_POINT('',#4125);
#4125 = CARTESIAN_POINT('',(99.3,101.,24.3));
#4126 = LINE('',#4127,#4128);
#4127 = CARTESIAN_POINT('',(91.,101.,24.3));
#4128 = VECTOR('',#4129,1.);
#4129 = DIRECTION('',(1.,0.,0.));
#4130 = ORIENTED_EDGE('',*,*,#4131,.F.);
#4131 = EDGE_CURVE('',#4132,#4124,#4134,.T.);
#4132 = VERTEX_POINT('',#4133);
#4133 = CARTESIAN_POINT('',(99.3,101.,2.7));
#4134 = LINE('',#4135,#4136);
#4135 = CARTESIAN_POINT('',(99.3,101.,2.));
#4136 = VECTOR('',#4137,1.);
#4137 = DIRECTION('',(0.,0.,1.));
#4138 = ORIENTED_EDGE('',*,*,#4139,.F.);
#4139 = EDGE_CURVE('',#3958,#4132,#4140,.T.);
#4140 = LINE('',#4141,#4142);
#4141 = CARTESIAN_POINT('',(91.,101.,2.7));
#4142 = VECTOR('',#4143,1.);
#4143 = DIRECTION('',(1.,0.,0.));
#4144 = PLANE('',#4145);
#4145 = AXIS2_PLACEMENT_3D('',#4146,#4147,#4148);
#4146 = CARTESIAN_POINT('',(91.,101.,2.));
#4147 = DIRECTION('',(0.,1.,0.));
#4148 = DIRECTION('',(0.,0.,1.));
#4149 = ADVANCED_FACE('',(#4150),#4175,.F.);
#4150 = FACE_BOUND('',#4151,.F.);
#4151 = EDGE_LOOP('',(#4152,#4153,#4161,#4169));
#4152 = ORIENTED_EDGE('',*,*,#3998,.F.);
#4153 = ORIENTED_EDGE('',*,*,#4154,.T.);
#4154 = EDGE_CURVE('',#3990,#4155,#4157,.T.);
#4155 = VERTEX_POINT('',#4156);
#4156 = CARTESIAN_POINT('',(99.3,101.7,2.));
#4157 = LINE('',#4158,#4159);
#4158 = CARTESIAN_POINT('',(91.,101.7,2.));
#4159 = VECTOR('',#4160,1.);
#4160 = DIRECTION('',(1.,0.,0.));
#4161 = ORIENTED_EDGE('',*,*,#4162,.T.);
#4162 = EDGE_CURVE('',#4155,#4163,#4165,.T.);
#4163 = VERTEX_POINT('',#4164);
#4164 = CARTESIAN_POINT('',(99.3,125.3,2.));
#4165 = LINE('',#4166,#4167);
#4166 = CARTESIAN_POINT('',(99.3,101.,2.));
#4167 = VECTOR('',#4168,1.);
#4168 = DIRECTION('',(0.,1.,0.));
#4169 = ORIENTED_EDGE('',*,*,#4170,.F.);
#4170 = EDGE_CURVE('',#3999,#4163,#4171,.T.);
#4171 = LINE('',#4172,#4173);
#4172 = CARTESIAN_POINT('',(91.,125.3,2.));
#4173 = VECTOR('',#4174,1.);
#4174 = DIRECTION('',(1.,0.,0.));
#4175 = PLANE('',#4176);
#4176 = AXIS2_PLACEMENT_3D('',#4177,#4178,#4179);
#4177 = CARTESIAN_POINT('',(91.,101.,2.));
#4178 = DIRECTION('',(0.,0.,1.));
#4179 = DIRECTION('',(1.,0.,0.));
#4180 = ADVANCED_FACE('',(#4181),#4192,.T.);
#4181 = FACE_BOUND('',#4182,.F.);
#4182 = EDGE_LOOP('',(#4183,#4184,#4191));
#4183 = ORIENTED_EDGE('',*,*,#4006,.F.);
#4184 = ORIENTED_EDGE('',*,*,#4185,.T.);
#4185 = EDGE_CURVE('',#3999,#4057,#4186,.T.);
#4186 = CIRCLE('',#4187,0.7);
#4187 = AXIS2_PLACEMENT_3D('',#4188,#4189,#4190);
#4188 = CARTESIAN_POINT('',(91.7,125.3,2.7));
#4189 = DIRECTION('',(1.,6.123233995737E-17,-0.));
#4190 = DIRECTION('',(-6.123233995737E-17,1.,0.));
#4191 = ORIENTED_EDGE('',*,*,#4056,.F.);
#4192 = SPHERICAL_SURFACE('',#4193,0.7);
#4193 = AXIS2_PLACEMENT_3D('',#4194,#4195,#4196);
#4194 = CARTESIAN_POINT('',(91.7,125.3,2.7));
#4195 = DIRECTION('',(0.,0.,1.));
#4196 = DIRECTION('',(-1.,0.,0.));
#4197 = ADVANCED_FACE('',(#4198),#4223,.T.);
#4198 = FACE_BOUND('',#4199,.T.);
#4199 = EDGE_LOOP('',(#4200,#4201,#4209,#4217));
#4200 = ORIENTED_EDGE('',*,*,#4031,.F.);
#4201 = ORIENTED_EDGE('',*,*,#4202,.T.);
#4202 = EDGE_CURVE('',#4023,#4203,#4205,.T.);
#4203 = VERTEX_POINT('',#4204);
#4204 = CARTESIAN_POINT('',(99.3,101.7,25.));
#4205 = LINE('',#4206,#4207);
#4206 = CARTESIAN_POINT('',(91.,101.7,25.));
#4207 = VECTOR('',#4208,1.);
#4208 = DIRECTION('',(1.,0.,0.));
#4209 = ORIENTED_EDGE('',*,*,#4210,.T.);
#4210 = EDGE_CURVE('',#4203,#4211,#4213,.T.);
#4211 = VERTEX_POINT('',#4212);
#4212 = CARTESIAN_POINT('',(99.3,125.3,25.));
#4213 = LINE('',#4214,#4215);
#4214 = CARTESIAN_POINT('',(99.3,101.,25.));
#4215 = VECTOR('',#4216,1.);
#4216 = DIRECTION('',(0.,1.,0.));
#4217 = ORIENTED_EDGE('',*,*,#4218,.F.);
#4218 = EDGE_CURVE('',#4032,#4211,#4219,.T.);
#4219 = LINE('',#4220,#4221);
#4220 = CARTESIAN_POINT('',(91.,125.3,25.));
#4221 = VECTOR('',#4222,1.);
#4222 = DIRECTION('',(1.,0.,0.));
#4223 = PLANE('',#4224);
#4224 = AXIS2_PLACEMENT_3D('',#4225,#4226,#4227);
#4225 = CARTESIAN_POINT('',(91.,101.,25.));
#4226 = DIRECTION('',(0.,0.,1.));
#4227 = DIRECTION('',(1.,0.,0.));
#4228 = ADVANCED_FACE('',(#4229),#4240,.T.);
#4229 = FACE_BOUND('',#4230,.F.);
#4230 = EDGE_LOOP('',(#4231,#4232,#4239));
#4231 = ORIENTED_EDGE('',*,*,#4073,.F.);
#4232 = ORIENTED_EDGE('',*,*,#4233,.T.);
#4233 = EDGE_CURVE('',#4066,#4032,#4234,.T.);
#4234 = CIRCLE('',#4235,0.7);
#4235 = AXIS2_PLACEMENT_3D('',#4236,#4237,#4238);
#4236 = CARTESIAN_POINT('',(91.7,125.3,24.3));
#4237 = DIRECTION('',(1.,0.,6.123233995737E-17));
#4238 = DIRECTION('',(-6.123233995737E-17,0.,1.));
#4239 = ORIENTED_EDGE('',*,*,#4039,.F.);
#4240 = SPHERICAL_SURFACE('',#4241,0.7);
#4241 = AXIS2_PLACEMENT_3D('',#4242,#4243,#4244);
#4242 = CARTESIAN_POINT('',(91.7,125.3,24.3));
#4243 = DIRECTION('',(-0.,-1.,-0.));
#4244 = DIRECTION('',(-1.,0.,0.));
#4245 = ADVANCED_FACE('',(#4246,#4271),#4341,.T.);
#4246 = FACE_BOUND('',#4247,.T.);
#4247 = EDGE_LOOP('',(#4248,#4249,#4257,#4265));
#4248 = ORIENTED_EDGE('',*,*,#4065,.T.);
#4249 = ORIENTED_EDGE('',*,*,#4250,.T.);
#4250 = EDGE_CURVE('',#4066,#4251,#4253,.T.);
#4251 = VERTEX_POINT('',#4252);
#4252 = CARTESIAN_POINT('',(99.3,126.,24.3));
#4253 = LINE('',#4254,#4255);
#4254 = CARTESIAN_POINT('',(91.,126.,24.3));
#4255 = VECTOR('',#4256,1.);
#4256 = DIRECTION('',(1.,0.,0.));
#4257 = ORIENTED_EDGE('',*,*,#4258,.F.);
#4258 = EDGE_CURVE('',#4259,#4251,#4261,.T.);
#4259 = VERTEX_POINT('',#4260);
#4260 = CARTESIAN_POINT('',(99.3,126.,2.7));
#4261 = LINE('',#4262,#4263);
#4262 = CARTESIAN_POINT('',(99.3,126.,2.));
#4263 = VECTOR('',#4264,1.);
#4264 = DIRECTION('',(0.,0.,1.));
#4265 = ORIENTED_EDGE('',*,*,#4266,.F.);
#4266 = EDGE_CURVE('',#4057,#4259,#4267,.T.);
#4267 = LINE('',#4268,#4269);
#4268 = CARTESIAN_POINT('',(91.,126.,2.7));
#4269 = VECTOR('',#4270,1.);
#4270 = DIRECTION('',(1.,0.,0.));
#4271 = FACE_BOUND('',#4272,.T.);
#4272 = EDGE_LOOP('',(#4273,#4283,#4292,#4300,#4309,#4317,#4326,#4334));
#4273 = ORIENTED_EDGE('',*,*,#4274,.F.);
#4274 = EDGE_CURVE('',#4275,#4277,#4279,.T.);
#4275 = VERTEX_POINT('',#4276);
#4276 = CARTESIAN_POINT('',(92.1,126.,4.5));
#4277 = VERTEX_POINT('',#4278);
#4278 = CARTESIAN_POINT('',(92.1,126.,22.5));
#4279 = LINE('',#4280,#4281);
#4280 = CARTESIAN_POINT('',(92.1,126.,3.8));
#4281 = VECTOR('',#4282,1.);
#4282 = DIRECTION('',(0.,0.,1.));
#4283 = ORIENTED_EDGE('',*,*,#4284,.T.);
#4284 = EDGE_CURVE('',#4275,#4285,#4287,.T.);
#4285 = VERTEX_POINT('',#4286);
#4286 = CARTESIAN_POINT('',(93.5,126.,3.1));
#4287 = CIRCLE('',#4288,1.4);
#4288 = AXIS2_PLACEMENT_3D('',#4289,#4290,#4291);
#4289 = CARTESIAN_POINT('',(93.5,126.,4.5));
#4290 = DIRECTION('',(-0.,-1.,-0.));
#4291 = DIRECTION('',(-1.,0.,0.));
#4292 = ORIENTED_EDGE('',*,*,#4293,.T.);
#4293 = EDGE_CURVE('',#4285,#4294,#4296,.T.);
#4294 = VERTEX_POINT('',#4295);
#4295 = CARTESIAN_POINT('',(97.5,126.,3.1));
#4296 = LINE('',#4297,#4298);
#4297 = CARTESIAN_POINT('',(92.8,126.,3.1));
#4298 = VECTOR('',#4299,1.);
#4299 = DIRECTION('',(1.,0.,0.));
#4300 = ORIENTED_EDGE('',*,*,#4301,.F.);
#4301 = EDGE_CURVE('',#4302,#4294,#4304,.T.);
#4302 = VERTEX_POINT('',#4303);
#4303 = CARTESIAN_POINT('',(98.9,126.,4.5));
#4304 = CIRCLE('',#4305,1.4);
#4305 = AXIS2_PLACEMENT_3D('',#4306,#4307,#4308);
#4306 = CARTESIAN_POINT('',(97.5,126.,4.5));
#4307 = DIRECTION('',(-0.,1.,0.));
#4308 = DIRECTION('',(1.,0.,0.));
#4309 = ORIENTED_EDGE('',*,*,#4310,.T.);
#4310 = EDGE_CURVE('',#4302,#4311,#4313,.T.);
#4311 = VERTEX_POINT('',#4312);
#4312 = CARTESIAN_POINT('',(98.9,126.,22.5));
#4313 = LINE('',#4314,#4315);
#4314 = CARTESIAN_POINT('',(98.9,126.,3.8));
#4315 = VECTOR('',#4316,1.);
#4316 = DIRECTION('',(0.,0.,1.));
#4317 = ORIENTED_EDGE('',*,*,#4318,.F.);
#4318 = EDGE_CURVE('',#4319,#4311,#4321,.T.);
#4319 = VERTEX_POINT('',#4320);
#4320 = CARTESIAN_POINT('',(97.5,126.,23.9));
#4321 = CIRCLE('',#4322,1.4);
#4322 = AXIS2_PLACEMENT_3D('',#4323,#4324,#4325);
#4323 = CARTESIAN_POINT('',(97.5,126.,22.5));
#4324 = DIRECTION('',(0.,1.,0.));
#4325 = DIRECTION('',(0.,0.,1.));
#4326 = ORIENTED_EDGE('',*,*,#4327,.F.);
#4327 = EDGE_CURVE('',#4328,#4319,#4330,.T.);
#4328 = VERTEX_POINT('',#4329);
#4329 = CARTESIAN_POINT('',(93.5,126.,23.9));
#4330 = LINE('',#4331,#4332);
#4331 = CARTESIAN_POINT('',(92.8,126.,23.9));
#4332 = VECTOR('',#4333,1.);
#4333 = DIRECTION('',(1.,0.,0.));
#4334 = ORIENTED_EDGE('',*,*,#4335,.F.);
#4335 = EDGE_CURVE('',#4277,#4328,#4336,.T.);
#4336 = CIRCLE('',#4337,1.4);
#4337 = AXIS2_PLACEMENT_3D('',#4338,#4339,#4340);
#4338 = CARTESIAN_POINT('',(93.5,126.,22.5));
#4339 = DIRECTION('',(0.,1.,-0.));
#4340 = DIRECTION('',(-1.,0.,0.));
#4341 = PLANE('',#4342);
#4342 = AXIS2_PLACEMENT_3D('',#4343,#4344,#4345);
#4343 = CARTESIAN_POINT('',(91.,126.,2.));
#4344 = DIRECTION('',(0.,1.,0.));
#4345 = DIRECTION('',(0.,0.,1.));
#4346 = ADVANCED_FACE('',(#4347),#4359,.T.);
#4347 = FACE_BOUND('',#4348,.T.);
#4348 = EDGE_LOOP('',(#4349,#4350,#4351,#4358));
#4349 = ORIENTED_EDGE('',*,*,#4089,.F.);
#4350 = ORIENTED_EDGE('',*,*,#4154,.T.);
#4351 = ORIENTED_EDGE('',*,*,#4352,.F.);
#4352 = EDGE_CURVE('',#4132,#4155,#4353,.T.);
#4353 = CIRCLE('',#4354,0.7);
#4354 = AXIS2_PLACEMENT_3D('',#4355,#4356,#4357);
#4355 = CARTESIAN_POINT('',(99.3,101.7,2.7));
#4356 = DIRECTION('',(1.,0.,0.));
#4357 = DIRECTION('',(0.,-1.,0.));
#4358 = ORIENTED_EDGE('',*,*,#4139,.F.);
#4359 = CYLINDRICAL_SURFACE('',#4360,0.7);
#4360 = AXIS2_PLACEMENT_3D('',#4361,#4362,#4363);
#4361 = CARTESIAN_POINT('',(91.,101.7,2.7));
#4362 = DIRECTION('',(1.,0.,0.));
#4363 = DIRECTION('',(0.,-1.,0.));
#4364 = ADVANCED_FACE('',(#4365),#4377,.T.);
#4365 = FACE_BOUND('',#4366,.F.);
#4366 = EDGE_LOOP('',(#4367,#4368,#4369,#4376));
#4367 = ORIENTED_EDGE('',*,*,#4106,.F.);
#4368 = ORIENTED_EDGE('',*,*,#4202,.T.);
#4369 = ORIENTED_EDGE('',*,*,#4370,.T.);
#4370 = EDGE_CURVE('',#4203,#4124,#4371,.T.);
#4371 = CIRCLE('',#4372,0.7);
#4372 = AXIS2_PLACEMENT_3D('',#4373,#4374,#4375);
#4373 = CARTESIAN_POINT('',(99.3,101.7,24.3));
#4374 = DIRECTION('',(1.,0.,0.));
#4375 = DIRECTION('',(0.,-1.,0.));
#4376 = ORIENTED_EDGE('',*,*,#4123,.F.);
#4377 = CYLINDRICAL_SURFACE('',#4378,0.7);
#4378 = AXIS2_PLACEMENT_3D('',#4379,#4380,#4381);
#4379 = CARTESIAN_POINT('',(91.,101.7,24.3));
#4380 = DIRECTION('',(1.,0.,0.));
#4381 = DIRECTION('',(0.,-1.,0.));
#4382 = ADVANCED_FACE('',(#4383),#4410,.T.);
#4383 = FACE_BOUND('',#4384,.T.);
#4384 = EDGE_LOOP('',(#4385,#4394,#4402,#4409));
#4385 = ORIENTED_EDGE('',*,*,#4386,.F.);
#4386 = EDGE_CURVE('',#4387,#4132,#4389,.T.);
#4387 = VERTEX_POINT('',#4388);
#4388 = CARTESIAN_POINT('',(100.,101.7,2.7));
#4389 = CIRCLE('',#4390,0.7);
#4390 = AXIS2_PLACEMENT_3D('',#4391,#4392,#4393);
#4391 = CARTESIAN_POINT('',(99.3,101.7,2.7));
#4392 = DIRECTION('',(-0.,-0.,-1.));
#4393 = DIRECTION('',(0.,-1.,0.));
#4394 = ORIENTED_EDGE('',*,*,#4395,.T.);
#4395 = EDGE_CURVE('',#4387,#4396,#4398,.T.);
#4396 = VERTEX_POINT('',#4397);
#4397 = CARTESIAN_POINT('',(100.,101.7,24.3));
#4398 = LINE('',#4399,#4400);
#4399 = CARTESIAN_POINT('',(100.,101.7,2.));
#4400 = VECTOR('',#4401,1.);
#4401 = DIRECTION('',(0.,0.,1.));
#4402 = ORIENTED_EDGE('',*,*,#4403,.F.);
#4403 = EDGE_CURVE('',#4124,#4396,#4404,.T.);
#4404 = CIRCLE('',#4405,0.7);
#4405 = AXIS2_PLACEMENT_3D('',#4406,#4407,#4408);
#4406 = CARTESIAN_POINT('',(99.3,101.7,24.3));
#4407 = DIRECTION('',(-0.,0.,1.));
#4408 = DIRECTION('',(0.,-1.,0.));
#4409 = ORIENTED_EDGE('',*,*,#4131,.F.);
#4410 = CYLINDRICAL_SURFACE('',#4411,0.7);
#4411 = AXIS2_PLACEMENT_3D('',#4412,#4413,#4414);
#4412 = CARTESIAN_POINT('',(99.3,101.7,2.));
#4413 = DIRECTION('',(0.,0.,1.));
#4414 = DIRECTION('',(0.,-1.,0.));
#4415 = ADVANCED_FACE('',(#4416),#4428,.T.);
#4416 = FACE_BOUND('',#4417,.F.);
#4417 = EDGE_LOOP('',(#4418,#4419,#4420,#4427));
#4418 = ORIENTED_EDGE('',*,*,#4185,.F.);
#4419 = ORIENTED_EDGE('',*,*,#4170,.T.);
#4420 = ORIENTED_EDGE('',*,*,#4421,.F.);
#4421 = EDGE_CURVE('',#4259,#4163,#4422,.T.);
#4422 = CIRCLE('',#4423,0.7);
#4423 = AXIS2_PLACEMENT_3D('',#4424,#4425,#4426);
#4424 = CARTESIAN_POINT('',(99.3,125.3,2.7));
#4425 = DIRECTION('',(-1.,0.,0.));
#4426 = DIRECTION('',(0.,1.,0.));
#4427 = ORIENTED_EDGE('',*,*,#4266,.F.);
#4428 = CYLINDRICAL_SURFACE('',#4429,0.7);
#4429 = AXIS2_PLACEMENT_3D('',#4430,#4431,#4432);
#4430 = CARTESIAN_POINT('',(91.,125.3,2.7));
#4431 = DIRECTION('',(1.,0.,0.));
#4432 = DIRECTION('',(0.,1.,0.));
#4433 = ADVANCED_FACE('',(#4434),#4459,.T.);
#4434 = FACE_BOUND('',#4435,.F.);
#4435 = EDGE_LOOP('',(#4436,#4443,#4451,#4458));
#4436 = ORIENTED_EDGE('',*,*,#4437,.F.);
#4437 = EDGE_CURVE('',#4387,#4155,#4438,.T.);
#4438 = CIRCLE('',#4439,0.7);
#4439 = AXIS2_PLACEMENT_3D('',#4440,#4441,#4442);
#4440 = CARTESIAN_POINT('',(99.3,101.7,2.7));
#4441 = DIRECTION('',(0.,1.,-6.123233995737E-17));
#4442 = DIRECTION('',(0.,-6.123233995737E-17,-1.));
#4443 = ORIENTED_EDGE('',*,*,#4444,.T.);
#4444 = EDGE_CURVE('',#4387,#4445,#4447,.T.);
#4445 = VERTEX_POINT('',#4446);
#4446 = CARTESIAN_POINT('',(100.,125.3,2.7));
#4447 = LINE('',#4448,#4449);
#4448 = CARTESIAN_POINT('',(100.,101.,2.7));
#4449 = VECTOR('',#4450,1.);
#4450 = DIRECTION('',(0.,1.,0.));
#4451 = ORIENTED_EDGE('',*,*,#4452,.T.);
#4452 = EDGE_CURVE('',#4445,#4163,#4453,.T.);
#4453 = CIRCLE('',#4454,0.7);
#4454 = AXIS2_PLACEMENT_3D('',#4455,#4456,#4457);
#4455 = CARTESIAN_POINT('',(99.3,125.3,2.7));
#4456 = DIRECTION('',(0.,1.,6.123233995737E-17));
#4457 = DIRECTION('',(0.,6.123233995737E-17,-1.));
#4458 = ORIENTED_EDGE('',*,*,#4162,.F.);
#4459 = CYLINDRICAL_SURFACE('',#4460,0.7);
#4460 = AXIS2_PLACEMENT_3D('',#4461,#4462,#4463);
#4461 = CARTESIAN_POINT('',(99.3,101.,2.7));
#4462 = DIRECTION('',(0.,1.,0.));
#4463 = DIRECTION('',(0.,0.,-1.));
#4464 = ADVANCED_FACE('',(#4465),#4477,.T.);
#4465 = FACE_BOUND('',#4466,.F.);
#4466 = EDGE_LOOP('',(#4467,#4468,#4469,#4476));
#4467 = ORIENTED_EDGE('',*,*,#4233,.F.);
#4468 = ORIENTED_EDGE('',*,*,#4250,.T.);
#4469 = ORIENTED_EDGE('',*,*,#4470,.F.);
#4470 = EDGE_CURVE('',#4211,#4251,#4471,.T.);
#4471 = CIRCLE('',#4472,0.7);
#4472 = AXIS2_PLACEMENT_3D('',#4473,#4474,#4475);
#4473 = CARTESIAN_POINT('',(99.3,125.3,24.3));
#4474 = DIRECTION('',(-1.,0.,0.));
#4475 = DIRECTION('',(0.,0.,1.));
#4476 = ORIENTED_EDGE('',*,*,#4218,.F.);
#4477 = CYLINDRICAL_SURFACE('',#4478,0.7);
#4478 = AXIS2_PLACEMENT_3D('',#4479,#4480,#4481);
#4479 = CARTESIAN_POINT('',(91.,125.3,24.3));
#4480 = DIRECTION('',(1.,0.,0.));
#4481 = DIRECTION('',(0.,0.,1.));
#4482 = ADVANCED_FACE('',(#4483),#4508,.T.);
#4483 = FACE_BOUND('',#4484,.T.);
#4484 = EDGE_LOOP('',(#4485,#4492,#4500,#4507));
#4485 = ORIENTED_EDGE('',*,*,#4486,.T.);
#4486 = EDGE_CURVE('',#4203,#4396,#4487,.T.);
#4487 = CIRCLE('',#4488,0.7);
#4488 = AXIS2_PLACEMENT_3D('',#4489,#4490,#4491);
#4489 = CARTESIAN_POINT('',(99.3,101.7,24.3));
#4490 = DIRECTION('',(6.123233995737E-17,1.,0.));
#4491 = DIRECTION('',(1.,-6.123233995737E-17,0.));
#4492 = ORIENTED_EDGE('',*,*,#4493,.T.);
#4493 = EDGE_CURVE('',#4396,#4494,#4496,.T.);
#4494 = VERTEX_POINT('',#4495);
#4495 = CARTESIAN_POINT('',(100.,125.3,24.3));
#4496 = LINE('',#4497,#4498);
#4497 = CARTESIAN_POINT('',(100.,101.,24.3));
#4498 = VECTOR('',#4499,1.);
#4499 = DIRECTION('',(0.,1.,0.));
#4500 = ORIENTED_EDGE('',*,*,#4501,.T.);
#4501 = EDGE_CURVE('',#4494,#4211,#4502,.T.);
#4502 = CIRCLE('',#4503,0.7);
#4503 = AXIS2_PLACEMENT_3D('',#4504,#4505,#4506);
#4504 = CARTESIAN_POINT('',(99.3,125.3,24.3));
#4505 = DIRECTION('',(0.,-1.,0.));
#4506 = DIRECTION('',(0.,0.,1.));
#4507 = ORIENTED_EDGE('',*,*,#4210,.F.);
#4508 = CYLINDRICAL_SURFACE('',#4509,0.7);
#4509 = AXIS2_PLACEMENT_3D('',#4510,#4511,#4512);
#4510 = CARTESIAN_POINT('',(99.3,101.,24.3));
#4511 = DIRECTION('',(0.,1.,0.));
#4512 = DIRECTION('',(0.,0.,1.));
#4513 = ADVANCED_FACE('',(#4514),#4537,.T.);
#4514 = FACE_BOUND('',#4515,.F.);
#4515 = EDGE_LOOP('',(#4516,#4523,#4529,#4536));
#4516 = ORIENTED_EDGE('',*,*,#4517,.F.);
#4517 = EDGE_CURVE('',#4445,#4259,#4518,.T.);
#4518 = CIRCLE('',#4519,0.7);
#4519 = AXIS2_PLACEMENT_3D('',#4520,#4521,#4522);
#4520 = CARTESIAN_POINT('',(99.3,125.3,2.7));
#4521 = DIRECTION('',(0.,-0.,1.));
#4522 = DIRECTION('',(0.,1.,0.));
#4523 = ORIENTED_EDGE('',*,*,#4524,.T.);
#4524 = EDGE_CURVE('',#4445,#4494,#4525,.T.);
#4525 = LINE('',#4526,#4527);
#4526 = CARTESIAN_POINT('',(100.,125.3,2.));
#4527 = VECTOR('',#4528,1.);
#4528 = DIRECTION('',(0.,0.,1.));
#4529 = ORIENTED_EDGE('',*,*,#4530,.T.);
#4530 = EDGE_CURVE('',#4494,#4251,#4531,.T.);
#4531 = CIRCLE('',#4532,0.7);
#4532 = AXIS2_PLACEMENT_3D('',#4533,#4534,#4535);
#4533 = CARTESIAN_POINT('',(99.3,125.3,24.3));
#4534 = DIRECTION('',(0.,-6.123233995737E-17,1.));
#4535 = DIRECTION('',(0.,1.,6.123233995737E-17));
#4536 = ORIENTED_EDGE('',*,*,#4258,.F.);
#4537 = CYLINDRICAL_SURFACE('',#4538,0.7);
#4538 = AXIS2_PLACEMENT_3D('',#4539,#4540,#4541);
#4539 = CARTESIAN_POINT('',(99.3,125.3,2.));
#4540 = DIRECTION('',(0.,0.,1.));
#4541 = DIRECTION('',(0.,1.,0.));
#4542 = ADVANCED_FACE('',(#4543),#4570,.T.);
#4543 = FACE_BOUND('',#4544,.F.);
#4544 = EDGE_LOOP('',(#4545,#4554,#4562,#4569));
#4545 = ORIENTED_EDGE('',*,*,#4546,.T.);
#4546 = EDGE_CURVE('',#4275,#4547,#4549,.T.);
#4547 = VERTEX_POINT('',#4548);
#4548 = CARTESIAN_POINT('',(92.8,125.3,4.5));
#4549 = CIRCLE('',#4550,0.7);
#4550 = AXIS2_PLACEMENT_3D('',#4551,#4552,#4553);
#4551 = CARTESIAN_POINT('',(92.1,125.3,4.5));
#4552 = DIRECTION('',(0.,0.,-1.));
#4553 = DIRECTION('',(-1.,0.,0.));
#4554 = ORIENTED_EDGE('',*,*,#4555,.T.);
#4555 = EDGE_CURVE('',#4547,#4556,#4558,.T.);
#4556 = VERTEX_POINT('',#4557);
#4557 = CARTESIAN_POINT('',(92.8,125.3,22.5));
#4558 = LINE('',#4559,#4560);
#4559 = CARTESIAN_POINT('',(92.8,125.3,3.8));
#4560 = VECTOR('',#4561,1.);
#4561 = DIRECTION('',(0.,0.,1.));
#4562 = ORIENTED_EDGE('',*,*,#4563,.F.);
#4563 = EDGE_CURVE('',#4277,#4556,#4564,.T.);
#4564 = CIRCLE('',#4565,0.7);
#4565 = AXIS2_PLACEMENT_3D('',#4566,#4567,#4568);
#4566 = CARTESIAN_POINT('',(92.1,125.3,22.5));
#4567 = DIRECTION('',(0.,0.,-1.));
#4568 = DIRECTION('',(-1.,0.,0.));
#4569 = ORIENTED_EDGE('',*,*,#4274,.F.);
#4570 = CYLINDRICAL_SURFACE('',#4571,0.7);
#4571 = AXIS2_PLACEMENT_3D('',#4572,#4573,#4574);
#4572 = CARTESIAN_POINT('',(92.1,125.3,3.8));
#4573 = DIRECTION('',(0.,0.,1.));
#4574 = DIRECTION('',(0.,1.,0.));
#4575 = ADVANCED_FACE('',(#4576),#4596,.T.);
#4576 = FACE_BOUND('',#4577,.F.);
#4577 = EDGE_LOOP('',(#4578,#4579,#4580,#4589));
#4578 = ORIENTED_EDGE('',*,*,#4546,.F.);
#4579 = ORIENTED_EDGE('',*,*,#4284,.T.);
#4580 = ORIENTED_EDGE('',*,*,#4581,.T.);
#4581 = EDGE_CURVE('',#4285,#4582,#4584,.T.);
#4582 = VERTEX_POINT('',#4583);
#4583 = CARTESIAN_POINT('',(93.5,125.3,3.8));
#4584 = CIRCLE('',#4585,0.7);
#4585 = AXIS2_PLACEMENT_3D('',#4586,#4587,#4588);
#4586 = CARTESIAN_POINT('',(93.5,125.3,3.1));
#4587 = DIRECTION('',(1.,0.,-6.123233995737E-17));
#4588 = DIRECTION('',(-6.123233995737E-17,0.,-1.));
#4589 = ORIENTED_EDGE('',*,*,#4590,.F.);
#4590 = EDGE_CURVE('',#4547,#4582,#4591,.T.);
#4591 = CIRCLE('',#4592,0.7);
#4592 = AXIS2_PLACEMENT_3D('',#4593,#4594,#4595);
#4593 = CARTESIAN_POINT('',(93.5,125.3,4.5));
#4594 = DIRECTION('',(-0.,-1.,-0.));
#4595 = DIRECTION('',(-1.,0.,0.));
#4596 = TOROIDAL_SURFACE('',#4597,1.4,0.7);
#4597 = AXIS2_PLACEMENT_3D('',#4598,#4599,#4600);
#4598 = CARTESIAN_POINT('',(93.5,125.3,4.5));
#4599 = DIRECTION('',(0.,1.,0.));
#4600 = DIRECTION('',(-1.,0.,0.));
#4601 = ADVANCED_FACE('',(#4602),#4622,.T.);
#4602 = FACE_BOUND('',#4603,.T.);
#4603 = EDGE_LOOP('',(#4604,#4605,#4606,#4615));
#4604 = ORIENTED_EDGE('',*,*,#4563,.F.);
#4605 = ORIENTED_EDGE('',*,*,#4335,.T.);
#4606 = ORIENTED_EDGE('',*,*,#4607,.T.);
#4607 = EDGE_CURVE('',#4328,#4608,#4610,.T.);
#4608 = VERTEX_POINT('',#4609);
#4609 = CARTESIAN_POINT('',(93.5,125.3,23.2));
#4610 = CIRCLE('',#4611,0.7);
#4611 = AXIS2_PLACEMENT_3D('',#4612,#4613,#4614);
#4612 = CARTESIAN_POINT('',(93.5,125.3,23.9));
#4613 = DIRECTION('',(-1.,0.,-6.123233995737E-17));
#4614 = DIRECTION('',(-6.123233995737E-17,0.,1.));
#4615 = ORIENTED_EDGE('',*,*,#4616,.F.);
#4616 = EDGE_CURVE('',#4556,#4608,#4617,.T.);
#4617 = CIRCLE('',#4618,0.7);
#4618 = AXIS2_PLACEMENT_3D('',#4619,#4620,#4621);
#4619 = CARTESIAN_POINT('',(93.5,125.3,22.5));
#4620 = DIRECTION('',(0.,1.,-0.));
#4621 = DIRECTION('',(-1.,0.,0.));
#4622 = TOROIDAL_SURFACE('',#4623,1.4,0.7);
#4623 = AXIS2_PLACEMENT_3D('',#4624,#4625,#4626);
#4624 = CARTESIAN_POINT('',(93.5,125.3,22.5));
#4625 = DIRECTION('',(0.,1.,0.));
#4626 = DIRECTION('',(-1.,0.,0.));
#4627 = ADVANCED_FACE('',(#4628),#4647,.T.);
#4628 = FACE_BOUND('',#4629,.T.);
#4629 = EDGE_LOOP('',(#4630,#4631,#4639,#4646));
#4630 = ORIENTED_EDGE('',*,*,#4581,.T.);
#4631 = ORIENTED_EDGE('',*,*,#4632,.T.);
#4632 = EDGE_CURVE('',#4582,#4633,#4635,.T.);
#4633 = VERTEX_POINT('',#4634);
#4634 = CARTESIAN_POINT('',(97.5,125.3,3.8));
#4635 = LINE('',#4636,#4637);
#4636 = CARTESIAN_POINT('',(92.8,125.3,3.8));
#4637 = VECTOR('',#4638,1.);
#4638 = DIRECTION('',(1.,0.,0.));
#4639 = ORIENTED_EDGE('',*,*,#4640,.F.);
#4640 = EDGE_CURVE('',#4294,#4633,#4641,.T.);
#4641 = CIRCLE('',#4642,0.7);
#4642 = AXIS2_PLACEMENT_3D('',#4643,#4644,#4645);
#4643 = CARTESIAN_POINT('',(97.5,125.3,3.1));
#4644 = DIRECTION('',(1.,-0.,6.123233995737E-17));
#4645 = DIRECTION('',(6.123233995737E-17,0.,-1.));
#4646 = ORIENTED_EDGE('',*,*,#4293,.F.);
#4647 = CYLINDRICAL_SURFACE('',#4648,0.7);
#4648 = AXIS2_PLACEMENT_3D('',#4649,#4650,#4651);
#4649 = CARTESIAN_POINT('',(92.8,125.3,3.1));
#4650 = DIRECTION('',(1.,0.,0.));
#4651 = DIRECTION('',(0.,1.,0.));
#4652 = ADVANCED_FACE('',(#4653),#4672,.T.);
#4653 = FACE_BOUND('',#4654,.F.);
#4654 = EDGE_LOOP('',(#4655,#4656,#4664,#4671));
#4655 = ORIENTED_EDGE('',*,*,#4607,.T.);
#4656 = ORIENTED_EDGE('',*,*,#4657,.T.);
#4657 = EDGE_CURVE('',#4608,#4658,#4660,.T.);
#4658 = VERTEX_POINT('',#4659);
#4659 = CARTESIAN_POINT('',(97.5,125.3,23.2));
#4660 = LINE('',#4661,#4662);
#4661 = CARTESIAN_POINT('',(92.8,125.3,23.2));
#4662 = VECTOR('',#4663,1.);
#4663 = DIRECTION('',(1.,0.,0.));
#4664 = ORIENTED_EDGE('',*,*,#4665,.F.);
#4665 = EDGE_CURVE('',#4319,#4658,#4666,.T.);
#4666 = CIRCLE('',#4667,0.7);
#4667 = AXIS2_PLACEMENT_3D('',#4668,#4669,#4670);
#4668 = CARTESIAN_POINT('',(97.5,125.3,23.9));
#4669 = DIRECTION('',(-1.,0.,0.));
#4670 = DIRECTION('',(0.,0.,1.));
#4671 = ORIENTED_EDGE('',*,*,#4327,.F.);
#4672 = CYLINDRICAL_SURFACE('',#4673,0.7);
#4673 = AXIS2_PLACEMENT_3D('',#4674,#4675,#4676);
#4674 = CARTESIAN_POINT('',(92.8,125.3,23.9));
#4675 = DIRECTION('',(1.,0.,0.));
#4676 = DIRECTION('',(0.,1.,0.));
#4677 = ADVANCED_FACE('',(#4678),#4698,.T.);
#4678 = FACE_BOUND('',#4679,.T.);
#4679 = EDGE_LOOP('',(#4680,#4689,#4690,#4691));
#4680 = ORIENTED_EDGE('',*,*,#4681,.F.);
#4681 = EDGE_CURVE('',#4302,#4682,#4684,.T.);
#4682 = VERTEX_POINT('',#4683);
#4683 = CARTESIAN_POINT('',(98.2,125.3,4.5));
#4684 = CIRCLE('',#4685,0.7);
#4685 = AXIS2_PLACEMENT_3D('',#4686,#4687,#4688);
#4686 = CARTESIAN_POINT('',(98.9,125.3,4.5));
#4687 = DIRECTION('',(0.,0.,1.));
#4688 = DIRECTION('',(1.,0.,0.));
#4689 = ORIENTED_EDGE('',*,*,#4301,.T.);
#4690 = ORIENTED_EDGE('',*,*,#4640,.T.);
#4691 = ORIENTED_EDGE('',*,*,#4692,.F.);
#4692 = EDGE_CURVE('',#4682,#4633,#4693,.T.);
#4693 = CIRCLE('',#4694,0.7);
#4694 = AXIS2_PLACEMENT_3D('',#4695,#4696,#4697);
#4695 = CARTESIAN_POINT('',(97.5,125.3,4.5));
#4696 = DIRECTION('',(-0.,1.,0.));
#4697 = DIRECTION('',(1.,0.,0.));
#4698 = TOROIDAL_SURFACE('',#4699,1.4,0.7);
#4699 = AXIS2_PLACEMENT_3D('',#4700,#4701,#4702);
#4700 = CARTESIAN_POINT('',(97.5,125.3,4.5));
#4701 = DIRECTION('',(0.,1.,0.));
#4702 = DIRECTION('',(1.,0.,0.));
#4703 = ADVANCED_FACE('',(#4704),#4724,.T.);
#4704 = FACE_BOUND('',#4705,.T.);
#4705 = EDGE_LOOP('',(#4706,#4707,#4708,#4717));
#4706 = ORIENTED_EDGE('',*,*,#4665,.F.);
#4707 = ORIENTED_EDGE('',*,*,#4318,.T.);
#4708 = ORIENTED_EDGE('',*,*,#4709,.T.);
#4709 = EDGE_CURVE('',#4311,#4710,#4712,.T.);
#4710 = VERTEX_POINT('',#4711);
#4711 = CARTESIAN_POINT('',(98.2,125.3,22.5));
#4712 = CIRCLE('',#4713,0.7);
#4713 = AXIS2_PLACEMENT_3D('',#4714,#4715,#4716);
#4714 = CARTESIAN_POINT('',(98.9,125.3,22.5));
#4715 = DIRECTION('',(-6.123233995737E-17,0.,1.));
#4716 = DIRECTION('',(1.,0.,6.123233995737E-17));
#4717 = ORIENTED_EDGE('',*,*,#4718,.F.);
#4718 = EDGE_CURVE('',#4658,#4710,#4719,.T.);
#4719 = CIRCLE('',#4720,0.7);
#4720 = AXIS2_PLACEMENT_3D('',#4721,#4722,#4723);
#4721 = CARTESIAN_POINT('',(97.5,125.3,22.5));
#4722 = DIRECTION('',(0.,1.,0.));
#4723 = DIRECTION('',(0.,0.,1.));
#4724 = TOROIDAL_SURFACE('',#4725,1.4,0.7);
#4725 = AXIS2_PLACEMENT_3D('',#4726,#4727,#4728);
#4726 = CARTESIAN_POINT('',(97.5,125.3,22.5));
#4727 = DIRECTION('',(0.,1.,0.));
#4728 = DIRECTION('',(0.,0.,1.));
#4729 = ADVANCED_FACE('',(#4730),#4741,.T.);
#4730 = FACE_BOUND('',#4731,.T.);
#4731 = EDGE_LOOP('',(#4732,#4733,#4739,#4740));
#4732 = ORIENTED_EDGE('',*,*,#4681,.T.);
#4733 = ORIENTED_EDGE('',*,*,#4734,.T.);
#4734 = EDGE_CURVE('',#4682,#4710,#4735,.T.);
#4735 = LINE('',#4736,#4737);
#4736 = CARTESIAN_POINT('',(98.2,125.3,3.8));
#4737 = VECTOR('',#4738,1.);
#4738 = DIRECTION('',(0.,0.,1.));
#4739 = ORIENTED_EDGE('',*,*,#4709,.F.);
#4740 = ORIENTED_EDGE('',*,*,#4310,.F.);
#4741 = CYLINDRICAL_SURFACE('',#4742,0.7);
#4742 = AXIS2_PLACEMENT_3D('',#4743,#4744,#4745);
#4743 = CARTESIAN_POINT('',(98.9,125.3,3.8));
#4744 = DIRECTION('',(0.,0.,1.));
#4745 = DIRECTION('',(0.,1.,0.));
#4746 = ADVANCED_FACE('',(#4747),#4752,.T.);
#4747 = FACE_BOUND('',#4748,.F.);
#4748 = EDGE_LOOP('',(#4749,#4750,#4751));
#4749 = ORIENTED_EDGE('',*,*,#4386,.F.);
#4750 = ORIENTED_EDGE('',*,*,#4437,.T.);
#4751 = ORIENTED_EDGE('',*,*,#4352,.F.);
#4752 = SPHERICAL_SURFACE('',#4753,0.7);
#4753 = AXIS2_PLACEMENT_3D('',#4754,#4755,#4756);
#4754 = CARTESIAN_POINT('',(99.3,101.7,2.7));
#4755 = DIRECTION('',(-1.,0.,0.));
#4756 = DIRECTION('',(0.,-1.,0.));
#4757 = ADVANCED_FACE('',(#4758),#4763,.T.);
#4758 = FACE_BOUND('',#4759,.F.);
#4759 = EDGE_LOOP('',(#4760,#4761,#4762));
#4760 = ORIENTED_EDGE('',*,*,#4370,.F.);
#4761 = ORIENTED_EDGE('',*,*,#4486,.T.);
#4762 = ORIENTED_EDGE('',*,*,#4403,.F.);
#4763 = SPHERICAL_SURFACE('',#4764,0.7);
#4764 = AXIS2_PLACEMENT_3D('',#4765,#4766,#4767);
#4765 = CARTESIAN_POINT('',(99.3,101.7,24.3));
#4766 = DIRECTION('',(-0.,-0.,-1.));
#4767 = DIRECTION('',(0.,-1.,0.));
#4768 = ADVANCED_FACE('',(#4769),#4775,.T.);
#4769 = FACE_BOUND('',#4770,.T.);
#4770 = EDGE_LOOP('',(#4771,#4772,#4773,#4774));
#4771 = ORIENTED_EDGE('',*,*,#4395,.F.);
#4772 = ORIENTED_EDGE('',*,*,#4444,.T.);
#4773 = ORIENTED_EDGE('',*,*,#4524,.T.);
#4774 = ORIENTED_EDGE('',*,*,#4493,.F.);
#4775 = PLANE('',#4776);
#4776 = AXIS2_PLACEMENT_3D('',#4777,#4778,#4779);
#4777 = CARTESIAN_POINT('',(100.,101.,2.));
#4778 = DIRECTION('',(1.,0.,0.));
#4779 = DIRECTION('',(0.,0.,1.));
#4780 = ADVANCED_FACE('',(#4781),#4786,.T.);
#4781 = FACE_BOUND('',#4782,.T.);
#4782 = EDGE_LOOP('',(#4783,#4784,#4785));
#4783 = ORIENTED_EDGE('',*,*,#4517,.F.);
#4784 = ORIENTED_EDGE('',*,*,#4452,.T.);
#4785 = ORIENTED_EDGE('',*,*,#4421,.F.);
#4786 = SPHERICAL_SURFACE('',#4787,0.7);
#4787 = AXIS2_PLACEMENT_3D('',#4788,#4789,#4790);
#4788 = CARTESIAN_POINT('',(99.3,125.3,2.7));
#4789 = DIRECTION('',(-1.,0.,0.));
#4790 = DIRECTION('',(0.,1.,0.));
#4791 = ADVANCED_FACE('',(#4792),#4797,.T.);
#4792 = FACE_BOUND('',#4793,.T.);
#4793 = EDGE_LOOP('',(#4794,#4795,#4796));
#4794 = ORIENTED_EDGE('',*,*,#4501,.F.);
#4795 = ORIENTED_EDGE('',*,*,#4530,.T.);
#4796 = ORIENTED_EDGE('',*,*,#4470,.F.);
#4797 = SPHERICAL_SURFACE('',#4798,0.7);
#4798 = AXIS2_PLACEMENT_3D('',#4799,#4800,#4801);
#4799 = CARTESIAN_POINT('',(99.3,125.3,24.3));
#4800 = DIRECTION('',(-1.,0.,0.));
#4801 = DIRECTION('',(0.,0.,1.));
#4802 = ADVANCED_FACE('',(#4803),#4828,.T.);
#4803 = FACE_BOUND('',#4804,.T.);
#4804 = EDGE_LOOP('',(#4805,#4806,#4814,#4822));
#4805 = ORIENTED_EDGE('',*,*,#4555,.T.);
#4806 = ORIENTED_EDGE('',*,*,#4807,.F.);
#4807 = EDGE_CURVE('',#4808,#4556,#4810,.T.);
#4808 = VERTEX_POINT('',#4809);
#4809 = CARTESIAN_POINT('',(92.8,103.5,22.5));
#4810 = LINE('',#4811,#4812);
#4811 = CARTESIAN_POINT('',(92.8,102.8,22.5));
#4812 = VECTOR('',#4813,1.);
#4813 = DIRECTION('',(0.,1.,0.));
#4814 = ORIENTED_EDGE('',*,*,#4815,.F.);
#4815 = EDGE_CURVE('',#4816,#4808,#4818,.T.);
#4816 = VERTEX_POINT('',#4817);
#4817 = CARTESIAN_POINT('',(92.8,103.5,4.5));
#4818 = LINE('',#4819,#4820);
#4819 = CARTESIAN_POINT('',(92.8,103.5,3.8));
#4820 = VECTOR('',#4821,1.);
#4821 = DIRECTION('',(0.,0.,1.));
#4822 = ORIENTED_EDGE('',*,*,#4823,.T.);
#4823 = EDGE_CURVE('',#4816,#4547,#4824,.T.);
#4824 = LINE('',#4825,#4826);
#4825 = CARTESIAN_POINT('',(92.8,102.8,4.5));
#4826 = VECTOR('',#4827,1.);
#4827 = DIRECTION('',(0.,1.,0.));
#4828 = PLANE('',#4829);
#4829 = AXIS2_PLACEMENT_3D('',#4830,#4831,#4832);
#4830 = CARTESIAN_POINT('',(92.8,102.8,3.8));
#4831 = DIRECTION('',(1.,0.,0.));
#4832 = DIRECTION('',(0.,0.,1.));
#4833 = ADVANCED_FACE('',(#4834),#4853,.F.);
#4834 = FACE_BOUND('',#4835,.T.);
#4835 = EDGE_LOOP('',(#4836,#4845,#4851,#4852));
#4836 = ORIENTED_EDGE('',*,*,#4837,.F.);
#4837 = EDGE_CURVE('',#4838,#4816,#4840,.T.);
#4838 = VERTEX_POINT('',#4839);
#4839 = CARTESIAN_POINT('',(93.5,103.5,3.8));
#4840 = CIRCLE('',#4841,0.7);
#4841 = AXIS2_PLACEMENT_3D('',#4842,#4843,#4844);
#4842 = CARTESIAN_POINT('',(93.5,103.5,4.5));
#4843 = DIRECTION('',(0.,1.,-0.));
#4844 = DIRECTION('',(-1.,0.,0.));
#4845 = ORIENTED_EDGE('',*,*,#4846,.T.);
#4846 = EDGE_CURVE('',#4838,#4582,#4847,.T.);
#4847 = LINE('',#4848,#4849);
#4848 = CARTESIAN_POINT('',(93.5,102.8,3.8));
#4849 = VECTOR('',#4850,1.);
#4850 = DIRECTION('',(0.,1.,0.));
#4851 = ORIENTED_EDGE('',*,*,#4590,.F.);
#4852 = ORIENTED_EDGE('',*,*,#4823,.F.);
#4853 = CYLINDRICAL_SURFACE('',#4854,0.7);
#4854 = AXIS2_PLACEMENT_3D('',#4855,#4856,#4857);
#4855 = CARTESIAN_POINT('',(93.5,102.8,4.5));
#4856 = DIRECTION('',(0.,1.,0.));
#4857 = DIRECTION('',(-1.,0.,0.));
#4858 = ADVANCED_FACE('',(#4859),#4878,.F.);
#4859 = FACE_BOUND('',#4860,.F.);
#4860 = EDGE_LOOP('',(#4861,#4870,#4876,#4877));
#4861 = ORIENTED_EDGE('',*,*,#4862,.F.);
#4862 = EDGE_CURVE('',#4863,#4808,#4865,.T.);
#4863 = VERTEX_POINT('',#4864);
#4864 = CARTESIAN_POINT('',(93.5,103.5,23.2));
#4865 = CIRCLE('',#4866,0.7);
#4866 = AXIS2_PLACEMENT_3D('',#4867,#4868,#4869);
#4867 = CARTESIAN_POINT('',(93.5,103.5,22.5));
#4868 = DIRECTION('',(0.,-1.,0.));
#4869 = DIRECTION('',(-1.,0.,0.));
#4870 = ORIENTED_EDGE('',*,*,#4871,.T.);
#4871 = EDGE_CURVE('',#4863,#4608,#4872,.T.);
#4872 = LINE('',#4873,#4874);
#4873 = CARTESIAN_POINT('',(93.5,102.8,23.2));
#4874 = VECTOR('',#4875,1.);
#4875 = DIRECTION('',(0.,1.,0.));
#4876 = ORIENTED_EDGE('',*,*,#4616,.F.);
#4877 = ORIENTED_EDGE('',*,*,#4807,.F.);
#4878 = CYLINDRICAL_SURFACE('',#4879,0.7);
#4879 = AXIS2_PLACEMENT_3D('',#4880,#4881,#4882);
#4880 = CARTESIAN_POINT('',(93.5,102.8,22.5));
#4881 = DIRECTION('',(0.,1.,0.));
#4882 = DIRECTION('',(-1.,0.,0.));
#4883 = ADVANCED_FACE('',(#4884),#4902,.T.);
#4884 = FACE_BOUND('',#4885,.T.);
#4885 = EDGE_LOOP('',(#4886,#4887,#4888,#4896));
#4886 = ORIENTED_EDGE('',*,*,#4632,.F.);
#4887 = ORIENTED_EDGE('',*,*,#4846,.F.);
#4888 = ORIENTED_EDGE('',*,*,#4889,.T.);
#4889 = EDGE_CURVE('',#4838,#4890,#4892,.T.);
#4890 = VERTEX_POINT('',#4891);
#4891 = CARTESIAN_POINT('',(97.5,103.5,3.8));
#4892 = LINE('',#4893,#4894);
#4893 = CARTESIAN_POINT('',(92.8,103.5,3.8));
#4894 = VECTOR('',#4895,1.);
#4895 = DIRECTION('',(1.,0.,0.));
#4896 = ORIENTED_EDGE('',*,*,#4897,.T.);
#4897 = EDGE_CURVE('',#4890,#4633,#4898,.T.);
#4898 = LINE('',#4899,#4900);
#4899 = CARTESIAN_POINT('',(97.5,102.8,3.8));
#4900 = VECTOR('',#4901,1.);
#4901 = DIRECTION('',(0.,1.,0.));
#4902 = PLANE('',#4903);
#4903 = AXIS2_PLACEMENT_3D('',#4904,#4905,#4906);
#4904 = CARTESIAN_POINT('',(92.8,102.8,3.8));
#4905 = DIRECTION('',(0.,0.,1.));
#4906 = DIRECTION('',(1.,0.,0.));
#4907 = ADVANCED_FACE('',(#4908),#4926,.F.);
#4908 = FACE_BOUND('',#4909,.F.);
#4909 = EDGE_LOOP('',(#4910,#4911,#4912,#4920));
#4910 = ORIENTED_EDGE('',*,*,#4657,.F.);
#4911 = ORIENTED_EDGE('',*,*,#4871,.F.);
#4912 = ORIENTED_EDGE('',*,*,#4913,.T.);
#4913 = EDGE_CURVE('',#4863,#4914,#4916,.T.);
#4914 = VERTEX_POINT('',#4915);
#4915 = CARTESIAN_POINT('',(97.5,103.5,23.2));
#4916 = LINE('',#4917,#4918);
#4917 = CARTESIAN_POINT('',(92.8,103.5,23.2));
#4918 = VECTOR('',#4919,1.);
#4919 = DIRECTION('',(1.,0.,0.));
#4920 = ORIENTED_EDGE('',*,*,#4921,.T.);
#4921 = EDGE_CURVE('',#4914,#4658,#4922,.T.);
#4922 = LINE('',#4923,#4924);
#4923 = CARTESIAN_POINT('',(97.5,102.8,23.2));
#4924 = VECTOR('',#4925,1.);
#4925 = DIRECTION('',(0.,1.,0.));
#4926 = PLANE('',#4927);
#4927 = AXIS2_PLACEMENT_3D('',#4928,#4929,#4930);
#4928 = CARTESIAN_POINT('',(92.8,102.8,23.2));
#4929 = DIRECTION('',(0.,0.,1.));
#4930 = DIRECTION('',(1.,0.,0.));
#4931 = ADVANCED_FACE('',(#4932),#4951,.F.);
#4932 = FACE_BOUND('',#4933,.F.);
#4933 = EDGE_LOOP('',(#4934,#4943,#4944,#4945));
#4934 = ORIENTED_EDGE('',*,*,#4935,.F.);
#4935 = EDGE_CURVE('',#4890,#4936,#4938,.T.);
#4936 = VERTEX_POINT('',#4937);
#4937 = CARTESIAN_POINT('',(98.2,103.5,4.5));
#4938 = CIRCLE('',#4939,0.7);
#4939 = AXIS2_PLACEMENT_3D('',#4940,#4941,#4942);
#4940 = CARTESIAN_POINT('',(97.5,103.5,4.5));
#4941 = DIRECTION('',(0.,-1.,0.));
#4942 = DIRECTION('',(1.,0.,0.));
#4943 = ORIENTED_EDGE('',*,*,#4897,.T.);
#4944 = ORIENTED_EDGE('',*,*,#4692,.F.);
#4945 = ORIENTED_EDGE('',*,*,#4946,.F.);
#4946 = EDGE_CURVE('',#4936,#4682,#4947,.T.);
#4947 = LINE('',#4948,#4949);
#4948 = CARTESIAN_POINT('',(98.2,102.8,4.5));
#4949 = VECTOR('',#4950,1.);
#4950 = DIRECTION('',(0.,1.,0.));
#4951 = CYLINDRICAL_SURFACE('',#4952,0.7);
#4952 = AXIS2_PLACEMENT_3D('',#4953,#4954,#4955);
#4953 = CARTESIAN_POINT('',(97.5,102.8,4.5));
#4954 = DIRECTION('',(0.,1.,0.));
#4955 = DIRECTION('',(1.,0.,0.));
#4956 = ADVANCED_FACE('',(#4957),#4976,.F.);
#4957 = FACE_BOUND('',#4958,.F.);
#4958 = EDGE_LOOP('',(#4959,#4960,#4969,#4975));
#4959 = ORIENTED_EDGE('',*,*,#4921,.F.);
#4960 = ORIENTED_EDGE('',*,*,#4961,.T.);
#4961 = EDGE_CURVE('',#4914,#4962,#4964,.T.);
#4962 = VERTEX_POINT('',#4963);
#4963 = CARTESIAN_POINT('',(98.2,103.5,22.5));
#4964 = CIRCLE('',#4965,0.7);
#4965 = AXIS2_PLACEMENT_3D('',#4966,#4967,#4968);
#4966 = CARTESIAN_POINT('',(97.5,103.5,22.5));
#4967 = DIRECTION('',(0.,1.,0.));
#4968 = DIRECTION('',(0.,0.,1.));
#4969 = ORIENTED_EDGE('',*,*,#4970,.T.);
#4970 = EDGE_CURVE('',#4962,#4710,#4971,.T.);
#4971 = LINE('',#4972,#4973);
#4972 = CARTESIAN_POINT('',(98.2,102.8,22.5));
#4973 = VECTOR('',#4974,1.);
#4974 = DIRECTION('',(0.,1.,0.));
#4975 = ORIENTED_EDGE('',*,*,#4718,.F.);
#4976 = CYLINDRICAL_SURFACE('',#4977,0.7);
#4977 = AXIS2_PLACEMENT_3D('',#4978,#4979,#4980);
#4978 = CARTESIAN_POINT('',(97.5,102.8,22.5));
#4979 = DIRECTION('',(0.,1.,0.));
#4980 = DIRECTION('',(0.,0.,1.));
#4981 = ADVANCED_FACE('',(#4982),#4993,.F.);
#4982 = FACE_BOUND('',#4983,.F.);
#4983 = EDGE_LOOP('',(#4984,#4985,#4986,#4992));
#4984 = ORIENTED_EDGE('',*,*,#4734,.T.);
#4985 = ORIENTED_EDGE('',*,*,#4970,.F.);
#4986 = ORIENTED_EDGE('',*,*,#4987,.F.);
#4987 = EDGE_CURVE('',#4936,#4962,#4988,.T.);
#4988 = LINE('',#4989,#4990);
#4989 = CARTESIAN_POINT('',(98.2,103.5,3.8));
#4990 = VECTOR('',#4991,1.);
#4991 = DIRECTION('',(0.,0.,1.));
#4992 = ORIENTED_EDGE('',*,*,#4946,.T.);
#4993 = PLANE('',#4994);
#4994 = AXIS2_PLACEMENT_3D('',#4995,#4996,#4997);
#4995 = CARTESIAN_POINT('',(98.2,102.8,3.8));
#4996 = DIRECTION('',(1.,0.,0.));
#4997 = DIRECTION('',(0.,0.,1.));
#4998 = ADVANCED_FACE('',(#4999),#5026,.F.);
#4999 = FACE_BOUND('',#5000,.F.);
#5000 = EDGE_LOOP('',(#5001,#5002,#5011,#5019));
#5001 = ORIENTED_EDGE('',*,*,#4815,.F.);
#5002 = ORIENTED_EDGE('',*,*,#5003,.T.);
#5003 = EDGE_CURVE('',#4816,#5004,#5006,.T.);
#5004 = VERTEX_POINT('',#5005);
#5005 = CARTESIAN_POINT('',(93.5,102.8,4.5));
#5006 = CIRCLE('',#5007,0.7);
#5007 = AXIS2_PLACEMENT_3D('',#5008,#5009,#5010);
#5008 = CARTESIAN_POINT('',(93.5,103.5,4.5));
#5009 = DIRECTION('',(0.,0.,1.));
#5010 = DIRECTION('',(-1.,0.,0.));
#5011 = ORIENTED_EDGE('',*,*,#5012,.T.);
#5012 = EDGE_CURVE('',#5004,#5013,#5015,.T.);
#5013 = VERTEX_POINT('',#5014);
#5014 = CARTESIAN_POINT('',(93.5,102.8,22.5));
#5015 = LINE('',#5016,#5017);
#5016 = CARTESIAN_POINT('',(93.5,102.8,3.8));
#5017 = VECTOR('',#5018,1.);
#5018 = DIRECTION('',(0.,0.,1.));
#5019 = ORIENTED_EDGE('',*,*,#5020,.F.);
#5020 = EDGE_CURVE('',#4808,#5013,#5021,.T.);
#5021 = CIRCLE('',#5022,0.7);
#5022 = AXIS2_PLACEMENT_3D('',#5023,#5024,#5025);
#5023 = CARTESIAN_POINT('',(93.5,103.5,22.5));
#5024 = DIRECTION('',(0.,0.,1.));
#5025 = DIRECTION('',(-1.,0.,0.));
#5026 = CYLINDRICAL_SURFACE('',#5027,0.7);
#5027 = AXIS2_PLACEMENT_3D('',#5028,#5029,#5030);
#5028 = CARTESIAN_POINT('',(93.5,103.5,3.8));
#5029 = DIRECTION('',(0.,0.,1.));
#5030 = DIRECTION('',(-1.,0.,0.));
#5031 = ADVANCED_FACE('',(#5032),#5043,.F.);
#5032 = FACE_BOUND('',#5033,.F.);
#5033 = EDGE_LOOP('',(#5034,#5035,#5042));
#5034 = ORIENTED_EDGE('',*,*,#4837,.F.);
#5035 = ORIENTED_EDGE('',*,*,#5036,.T.);
#5036 = EDGE_CURVE('',#4838,#5004,#5037,.T.);
#5037 = CIRCLE('',#5038,0.7);
#5038 = AXIS2_PLACEMENT_3D('',#5039,#5040,#5041);
#5039 = CARTESIAN_POINT('',(93.5,103.5,4.5));
#5040 = DIRECTION('',(-1.,6.123233995737E-17,0.));
#5041 = DIRECTION('',(-6.123233995737E-17,-1.,0.));
#5042 = ORIENTED_EDGE('',*,*,#5003,.F.);
#5043 = SPHERICAL_SURFACE('',#5044,0.7);
#5044 = AXIS2_PLACEMENT_3D('',#5045,#5046,#5047);
#5045 = CARTESIAN_POINT('',(93.5,103.5,4.5));
#5046 = DIRECTION('',(0.,0.,1.));
#5047 = DIRECTION('',(-1.,0.,0.));
#5048 = ADVANCED_FACE('',(#5049),#5060,.F.);
#5049 = FACE_BOUND('',#5050,.T.);
#5050 = EDGE_LOOP('',(#5051,#5052,#5059));
#5051 = ORIENTED_EDGE('',*,*,#4862,.F.);
#5052 = ORIENTED_EDGE('',*,*,#5053,.T.);
#5053 = EDGE_CURVE('',#4863,#5013,#5054,.T.);
#5054 = CIRCLE('',#5055,0.7);
#5055 = AXIS2_PLACEMENT_3D('',#5056,#5057,#5058);
#5056 = CARTESIAN_POINT('',(93.5,103.5,22.5));
#5057 = DIRECTION('',(1.,-6.123233995737E-17,0.));
#5058 = DIRECTION('',(-6.123233995737E-17,-1.,0.));
#5059 = ORIENTED_EDGE('',*,*,#5020,.F.);
#5060 = SPHERICAL_SURFACE('',#5061,0.7);
#5061 = AXIS2_PLACEMENT_3D('',#5062,#5063,#5064);
#5062 = CARTESIAN_POINT('',(93.5,103.5,22.5));
#5063 = DIRECTION('',(-0.,-0.,-1.));
#5064 = DIRECTION('',(-1.,0.,0.));
#5065 = ADVANCED_FACE('',(#5066),#5085,.F.);
#5066 = FACE_BOUND('',#5067,.T.);
#5067 = EDGE_LOOP('',(#5068,#5069,#5077,#5084));
#5068 = ORIENTED_EDGE('',*,*,#5036,.T.);
#5069 = ORIENTED_EDGE('',*,*,#5070,.T.);
#5070 = EDGE_CURVE('',#5004,#5071,#5073,.T.);
#5071 = VERTEX_POINT('',#5072);
#5072 = CARTESIAN_POINT('',(97.5,102.8,4.5));
#5073 = LINE('',#5074,#5075);
#5074 = CARTESIAN_POINT('',(92.8,102.8,4.5));
#5075 = VECTOR('',#5076,1.);
#5076 = DIRECTION('',(1.,0.,0.));
#5077 = ORIENTED_EDGE('',*,*,#5078,.F.);
#5078 = EDGE_CURVE('',#4890,#5071,#5079,.T.);
#5079 = CIRCLE('',#5080,0.7);
#5080 = AXIS2_PLACEMENT_3D('',#5081,#5082,#5083);
#5081 = CARTESIAN_POINT('',(97.5,103.5,4.5));
#5082 = DIRECTION('',(-1.,-6.123233995737E-17,0.));
#5083 = DIRECTION('',(6.123233995737E-17,-1.,0.));
#5084 = ORIENTED_EDGE('',*,*,#4889,.F.);
#5085 = CYLINDRICAL_SURFACE('',#5086,0.7);
#5086 = AXIS2_PLACEMENT_3D('',#5087,#5088,#5089);
#5087 = CARTESIAN_POINT('',(92.8,103.5,4.5));
#5088 = DIRECTION('',(1.,0.,0.));
#5089 = DIRECTION('',(0.,0.,-1.));
#5090 = ADVANCED_FACE('',(#5091),#5110,.F.);
#5091 = FACE_BOUND('',#5092,.F.);
#5092 = EDGE_LOOP('',(#5093,#5094,#5102,#5109));
#5093 = ORIENTED_EDGE('',*,*,#5053,.T.);
#5094 = ORIENTED_EDGE('',*,*,#5095,.T.);
#5095 = EDGE_CURVE('',#5013,#5096,#5098,.T.);
#5096 = VERTEX_POINT('',#5097);
#5097 = CARTESIAN_POINT('',(97.5,102.8,22.5));
#5098 = LINE('',#5099,#5100);
#5099 = CARTESIAN_POINT('',(92.8,102.8,22.5));
#5100 = VECTOR('',#5101,1.);
#5101 = DIRECTION('',(1.,0.,0.));
#5102 = ORIENTED_EDGE('',*,*,#5103,.T.);
#5103 = EDGE_CURVE('',#5096,#4914,#5104,.T.);
#5104 = CIRCLE('',#5105,0.7);
#5105 = AXIS2_PLACEMENT_3D('',#5106,#5107,#5108);
#5106 = CARTESIAN_POINT('',(97.5,103.5,22.5));
#5107 = DIRECTION('',(-1.,0.,0.));
#5108 = DIRECTION('',(0.,0.,1.));
#5109 = ORIENTED_EDGE('',*,*,#4913,.F.);
#5110 = CYLINDRICAL_SURFACE('',#5111,0.7);
#5111 = AXIS2_PLACEMENT_3D('',#5112,#5113,#5114);
#5112 = CARTESIAN_POINT('',(92.8,103.5,22.5));
#5113 = DIRECTION('',(1.,0.,0.));
#5114 = DIRECTION('',(0.,0.,1.));
#5115 = ADVANCED_FACE('',(#5116),#5127,.F.);
#5116 = FACE_BOUND('',#5117,.T.);
#5117 = EDGE_LOOP('',(#5118,#5119,#5120));
#5118 = ORIENTED_EDGE('',*,*,#4935,.F.);
#5119 = ORIENTED_EDGE('',*,*,#5078,.T.);
#5120 = ORIENTED_EDGE('',*,*,#5121,.F.);
#5121 = EDGE_CURVE('',#4936,#5071,#5122,.T.);
#5122 = CIRCLE('',#5123,0.7);
#5123 = AXIS2_PLACEMENT_3D('',#5124,#5125,#5126);
#5124 = CARTESIAN_POINT('',(97.5,103.5,4.5));
#5125 = DIRECTION('',(0.,0.,-1.));
#5126 = DIRECTION('',(1.,0.,0.));
#5127 = SPHERICAL_SURFACE('',#5128,0.7);
#5128 = AXIS2_PLACEMENT_3D('',#5129,#5130,#5131);
#5129 = CARTESIAN_POINT('',(97.5,103.5,4.5));
#5130 = DIRECTION('',(0.,0.,1.));
#5131 = DIRECTION('',(1.,0.,0.));
#5132 = ADVANCED_FACE('',(#5133),#5144,.F.);
#5133 = FACE_BOUND('',#5134,.F.);
#5134 = EDGE_LOOP('',(#5135,#5136,#5143));
#5135 = ORIENTED_EDGE('',*,*,#5103,.F.);
#5136 = ORIENTED_EDGE('',*,*,#5137,.T.);
#5137 = EDGE_CURVE('',#5096,#4962,#5138,.T.);
#5138 = CIRCLE('',#5139,0.7);
#5139 = AXIS2_PLACEMENT_3D('',#5140,#5141,#5142);
#5140 = CARTESIAN_POINT('',(97.5,103.5,22.5));
#5141 = DIRECTION('',(-6.123233995737E-17,0.,1.));
#5142 = DIRECTION('',(1.,0.,6.123233995737E-17));
#5143 = ORIENTED_EDGE('',*,*,#4961,.F.);
#5144 = SPHERICAL_SURFACE('',#5145,0.7);
#5145 = AXIS2_PLACEMENT_3D('',#5146,#5147,#5148);
#5146 = CARTESIAN_POINT('',(97.5,103.5,22.5));
#5147 = DIRECTION('',(0.,1.,0.));
#5148 = DIRECTION('',(0.,0.,1.));
#5149 = ADVANCED_FACE('',(#5150),#5161,.F.);
#5150 = FACE_BOUND('',#5151,.T.);
#5151 = EDGE_LOOP('',(#5152,#5153,#5154,#5160));
#5152 = ORIENTED_EDGE('',*,*,#4987,.F.);
#5153 = ORIENTED_EDGE('',*,*,#5121,.T.);
#5154 = ORIENTED_EDGE('',*,*,#5155,.T.);
#5155 = EDGE_CURVE('',#5071,#5096,#5156,.T.);
#5156 = LINE('',#5157,#5158);
#5157 = CARTESIAN_POINT('',(97.5,102.8,3.8));
#5158 = VECTOR('',#5159,1.);
#5159 = DIRECTION('',(0.,0.,1.));
#5160 = ORIENTED_EDGE('',*,*,#5137,.T.);
#5161 = CYLINDRICAL_SURFACE('',#5162,0.7);
#5162 = AXIS2_PLACEMENT_3D('',#5163,#5164,#5165);
#5163 = CARTESIAN_POINT('',(97.5,103.5,3.8));
#5164 = DIRECTION('',(0.,0.,1.));
#5165 = DIRECTION('',(1.,0.,0.));
#5166 = ADVANCED_FACE('',(#5167),#5173,.T.);
#5167 = FACE_BOUND('',#5168,.T.);
#5168 = EDGE_LOOP('',(#5169,#5170,#5171,#5172));
#5169 = ORIENTED_EDGE('',*,*,#5012,.T.);
#5170 = ORIENTED_EDGE('',*,*,#5095,.T.);
#5171 = ORIENTED_EDGE('',*,*,#5155,.F.);
#5172 = ORIENTED_EDGE('',*,*,#5070,.F.);
#5173 = PLANE('',#5174);
#5174 = AXIS2_PLACEMENT_3D('',#5175,#5176,#5177);
#5175 = CARTESIAN_POINT('',(92.8,102.8,3.8));
#5176 = DIRECTION('',(0.,1.,0.));
#5177 = DIRECTION('',(0.,0.,1.));
#5178 = MANIFOLD_SOLID_BREP('',#5179);
#5179 = CLOSED_SHELL('',(#5180,#5253,#5286,#5319,#5352,#5385,#5411,#5437
    ,#5463,#5480,#5497,#5528,#5559,#5576,#5607,#5624,#5725,#5750,#5775,
    #5800,#5818,#5836,#5869,#5887,#5918,#5936,#5967,#5996,#6029,#6055,
    #6081,#6106,#6131,#6157,#6183,#6200,#6226,#6252,#6278,#6289,#6300,
    #6312,#6323,#6334,#6374,#6399,#6424,#6448,#6472,#6497,#6522,#6539,
    #6572,#6589,#6606,#6631,#6656,#6673,#6690,#6707));
#5180 = ADVANCED_FACE('',(#5181,#5215,#5226,#5237),#5248,.F.);
#5181 = FACE_BOUND('',#5182,.F.);
#5182 = EDGE_LOOP('',(#5183,#5193,#5201,#5209));
#5183 = ORIENTED_EDGE('',*,*,#5184,.F.);
#5184 = EDGE_CURVE('',#5185,#5187,#5189,.T.);
#5185 = VERTEX_POINT('',#5186);
#5186 = CARTESIAN_POINT('',(91.,102.7,-25.3));
#5187 = VERTEX_POINT('',#5188);
#5188 = CARTESIAN_POINT('',(91.,102.7,3.3));
#5189 = LINE('',#5190,#5191);
#5190 = CARTESIAN_POINT('',(91.,102.7,-26.));
#5191 = VECTOR('',#5192,1.);
#5192 = DIRECTION('',(0.,0.,1.));
#5193 = ORIENTED_EDGE('',*,*,#5194,.T.);
#5194 = EDGE_CURVE('',#5185,#5195,#5197,.T.);
#5195 = VERTEX_POINT('',#5196);
#5196 = CARTESIAN_POINT('',(91.,144.3,-25.3));
#5197 = LINE('',#5198,#5199);
#5198 = CARTESIAN_POINT('',(91.,102.,-25.3));
#5199 = VECTOR('',#5200,1.);
#5200 = DIRECTION('',(0.,1.,0.));
#5201 = ORIENTED_EDGE('',*,*,#5202,.T.);
#5202 = EDGE_CURVE('',#5195,#5203,#5205,.T.);
#5203 = VERTEX_POINT('',#5204);
#5204 = CARTESIAN_POINT('',(91.,144.3,3.3));
#5205 = LINE('',#5206,#5207);
#5206 = CARTESIAN_POINT('',(91.,144.3,-26.));
#5207 = VECTOR('',#5208,1.);
#5208 = DIRECTION('',(0.,0.,1.));
#5209 = ORIENTED_EDGE('',*,*,#5210,.F.);
#5210 = EDGE_CURVE('',#5187,#5203,#5211,.T.);
#5211 = LINE('',#5212,#5213);
#5212 = CARTESIAN_POINT('',(91.,102.,3.3));
#5213 = VECTOR('',#5214,1.);
#5214 = DIRECTION('',(0.,1.,0.));
#5215 = FACE_BOUND('',#5216,.F.);
#5216 = EDGE_LOOP('',(#5217));
#5217 = ORIENTED_EDGE('',*,*,#5218,.F.);
#5218 = EDGE_CURVE('',#5219,#5219,#5221,.T.);
#5219 = VERTEX_POINT('',#5220);
#5220 = CARTESIAN_POINT('',(91.,112.,-15.05));
#5221 = CIRCLE('',#5222,1.95);
#5222 = AXIS2_PLACEMENT_3D('',#5223,#5224,#5225);
#5223 = CARTESIAN_POINT('',(91.,112.,-17.));
#5224 = DIRECTION('',(1.,0.,-0.));
#5225 = DIRECTION('',(0.,0.,1.));
#5226 = FACE_BOUND('',#5227,.F.);
#5227 = EDGE_LOOP('',(#5228));
#5228 = ORIENTED_EDGE('',*,*,#5229,.F.);
#5229 = EDGE_CURVE('',#5230,#5230,#5232,.T.);
#5230 = VERTEX_POINT('',#5231);
#5231 = CARTESIAN_POINT('',(91.,112.,-9.05));
#5232 = CIRCLE('',#5233,1.95);
#5233 = AXIS2_PLACEMENT_3D('',#5234,#5235,#5236);
#5234 = CARTESIAN_POINT('',(91.,112.,-11.));
#5235 = DIRECTION('',(1.,0.,-0.));
#5236 = DIRECTION('',(0.,0.,1.));
#5237 = FACE_BOUND('',#5238,.F.);
#5238 = EDGE_LOOP('',(#5239));
#5239 = ORIENTED_EDGE('',*,*,#5240,.F.);
#5240 = EDGE_CURVE('',#5241,#5241,#5243,.T.);
#5241 = VERTEX_POINT('',#5242);
#5242 = CARTESIAN_POINT('',(91.,112.,-3.05));
#5243 = CIRCLE('',#5244,1.95);
#5244 = AXIS2_PLACEMENT_3D('',#5245,#5246,#5247);
#5245 = CARTESIAN_POINT('',(91.,112.,-5.));
#5246 = DIRECTION('',(1.,0.,-0.));
#5247 = DIRECTION('',(0.,0.,1.));
#5248 = PLANE('',#5249);
#5249 = AXIS2_PLACEMENT_3D('',#5250,#5251,#5252);
#5250 = CARTESIAN_POINT('',(91.,102.,-26.));
#5251 = DIRECTION('',(1.,0.,0.));
#5252 = DIRECTION('',(0.,0.,1.));
#5253 = ADVANCED_FACE('',(#5254),#5281,.T.);
#5254 = FACE_BOUND('',#5255,.T.);
#5255 = EDGE_LOOP('',(#5256,#5257,#5266,#5274));
#5256 = ORIENTED_EDGE('',*,*,#5184,.F.);
#5257 = ORIENTED_EDGE('',*,*,#5258,.T.);
#5258 = EDGE_CURVE('',#5185,#5259,#5261,.T.);
#5259 = VERTEX_POINT('',#5260);
#5260 = CARTESIAN_POINT('',(91.7,102.,-25.3));
#5261 = CIRCLE('',#5262,0.7);
#5262 = AXIS2_PLACEMENT_3D('',#5263,#5264,#5265);
#5263 = CARTESIAN_POINT('',(91.7,102.7,-25.3));
#5264 = DIRECTION('',(0.,0.,1.));
#5265 = DIRECTION('',(-1.,0.,0.));
#5266 = ORIENTED_EDGE('',*,*,#5267,.T.);
#5267 = EDGE_CURVE('',#5259,#5268,#5270,.T.);
#5268 = VERTEX_POINT('',#5269);
#5269 = CARTESIAN_POINT('',(91.7,102.,3.3));
#5270 = LINE('',#5271,#5272);
#5271 = CARTESIAN_POINT('',(91.7,102.,-26.));
#5272 = VECTOR('',#5273,1.);
#5273 = DIRECTION('',(0.,0.,1.));
#5274 = ORIENTED_EDGE('',*,*,#5275,.F.);
#5275 = EDGE_CURVE('',#5187,#5268,#5276,.T.);
#5276 = CIRCLE('',#5277,0.7);
#5277 = AXIS2_PLACEMENT_3D('',#5278,#5279,#5280);
#5278 = CARTESIAN_POINT('',(91.7,102.7,3.3));
#5279 = DIRECTION('',(0.,0.,1.));
#5280 = DIRECTION('',(-1.,0.,0.));
#5281 = CYLINDRICAL_SURFACE('',#5282,0.7);
#5282 = AXIS2_PLACEMENT_3D('',#5283,#5284,#5285);
#5283 = CARTESIAN_POINT('',(91.7,102.7,-26.));
#5284 = DIRECTION('',(0.,0.,1.));
#5285 = DIRECTION('',(-1.,0.,0.));
#5286 = ADVANCED_FACE('',(#5287),#5314,.T.);
#5287 = FACE_BOUND('',#5288,.F.);
#5288 = EDGE_LOOP('',(#5289,#5298,#5306,#5313));
#5289 = ORIENTED_EDGE('',*,*,#5290,.F.);
#5290 = EDGE_CURVE('',#5291,#5185,#5293,.T.);
#5291 = VERTEX_POINT('',#5292);
#5292 = CARTESIAN_POINT('',(91.7,102.7,-26.));
#5293 = CIRCLE('',#5294,0.7);
#5294 = AXIS2_PLACEMENT_3D('',#5295,#5296,#5297);
#5295 = CARTESIAN_POINT('',(91.7,102.7,-25.3));
#5296 = DIRECTION('',(0.,1.,-0.));
#5297 = DIRECTION('',(-1.,0.,0.));
#5298 = ORIENTED_EDGE('',*,*,#5299,.T.);
#5299 = EDGE_CURVE('',#5291,#5300,#5302,.T.);
#5300 = VERTEX_POINT('',#5301);
#5301 = CARTESIAN_POINT('',(91.7,144.3,-26.));
#5302 = LINE('',#5303,#5304);
#5303 = CARTESIAN_POINT('',(91.7,102.,-26.));
#5304 = VECTOR('',#5305,1.);
#5305 = DIRECTION('',(0.,1.,0.));
#5306 = ORIENTED_EDGE('',*,*,#5307,.F.);
#5307 = EDGE_CURVE('',#5195,#5300,#5308,.T.);
#5308 = CIRCLE('',#5309,0.7);
#5309 = AXIS2_PLACEMENT_3D('',#5310,#5311,#5312);
#5310 = CARTESIAN_POINT('',(91.7,144.3,-25.3));
#5311 = DIRECTION('',(-0.,-1.,-0.));
#5312 = DIRECTION('',(-1.,0.,0.));
#5313 = ORIENTED_EDGE('',*,*,#5194,.F.);
#5314 = CYLINDRICAL_SURFACE('',#5315,0.7);
#5315 = AXIS2_PLACEMENT_3D('',#5316,#5317,#5318);
#5316 = CARTESIAN_POINT('',(91.7,102.,-25.3));
#5317 = DIRECTION('',(0.,1.,0.));
#5318 = DIRECTION('',(-1.,0.,0.));
#5319 = ADVANCED_FACE('',(#5320),#5347,.T.);
#5320 = FACE_BOUND('',#5321,.T.);
#5321 = EDGE_LOOP('',(#5322,#5331,#5339,#5346));
#5322 = ORIENTED_EDGE('',*,*,#5323,.F.);
#5323 = EDGE_CURVE('',#5324,#5187,#5326,.T.);
#5324 = VERTEX_POINT('',#5325);
#5325 = CARTESIAN_POINT('',(91.7,102.7,4.));
#5326 = CIRCLE('',#5327,0.7);
#5327 = AXIS2_PLACEMENT_3D('',#5328,#5329,#5330);
#5328 = CARTESIAN_POINT('',(91.7,102.7,3.3));
#5329 = DIRECTION('',(0.,-1.,0.));
#5330 = DIRECTION('',(-1.,0.,0.));
#5331 = ORIENTED_EDGE('',*,*,#5332,.T.);
#5332 = EDGE_CURVE('',#5324,#5333,#5335,.T.);
#5333 = VERTEX_POINT('',#5334);
#5334 = CARTESIAN_POINT('',(91.7,144.3,4.));
#5335 = LINE('',#5336,#5337);
#5336 = CARTESIAN_POINT('',(91.7,102.,4.));
#5337 = VECTOR('',#5338,1.);
#5338 = DIRECTION('',(0.,1.,0.));
#5339 = ORIENTED_EDGE('',*,*,#5340,.F.);
#5340 = EDGE_CURVE('',#5203,#5333,#5341,.T.);
#5341 = CIRCLE('',#5342,0.7);
#5342 = AXIS2_PLACEMENT_3D('',#5343,#5344,#5345);
#5343 = CARTESIAN_POINT('',(91.7,144.3,3.3));
#5344 = DIRECTION('',(0.,1.,0.));
#5345 = DIRECTION('',(-1.,0.,-6.344131569287E-16));
#5346 = ORIENTED_EDGE('',*,*,#5210,.F.);
#5347 = CYLINDRICAL_SURFACE('',#5348,0.7);
#5348 = AXIS2_PLACEMENT_3D('',#5349,#5350,#5351);
#5349 = CARTESIAN_POINT('',(91.7,102.,3.3));
#5350 = DIRECTION('',(0.,1.,0.));
#5351 = DIRECTION('',(-1.,0.,0.));
#5352 = ADVANCED_FACE('',(#5353),#5380,.T.);
#5353 = FACE_BOUND('',#5354,.F.);
#5354 = EDGE_LOOP('',(#5355,#5364,#5372,#5379));
#5355 = ORIENTED_EDGE('',*,*,#5356,.F.);
#5356 = EDGE_CURVE('',#5357,#5195,#5359,.T.);
#5357 = VERTEX_POINT('',#5358);
#5358 = CARTESIAN_POINT('',(91.7,145.,-25.3));
#5359 = CIRCLE('',#5360,0.7);
#5360 = AXIS2_PLACEMENT_3D('',#5361,#5362,#5363);
#5361 = CARTESIAN_POINT('',(91.7,144.3,-25.3));
#5362 = DIRECTION('',(0.,0.,1.));
#5363 = DIRECTION('',(-1.,0.,0.));
#5364 = ORIENTED_EDGE('',*,*,#5365,.T.);
#5365 = EDGE_CURVE('',#5357,#5366,#5368,.T.);
#5366 = VERTEX_POINT('',#5367);
#5367 = CARTESIAN_POINT('',(91.7,145.,3.3));
#5368 = LINE('',#5369,#5370);
#5369 = CARTESIAN_POINT('',(91.7,145.,-26.));
#5370 = VECTOR('',#5371,1.);
#5371 = DIRECTION('',(0.,0.,1.));
#5372 = ORIENTED_EDGE('',*,*,#5373,.T.);
#5373 = EDGE_CURVE('',#5366,#5203,#5374,.T.);
#5374 = CIRCLE('',#5375,0.7);
#5375 = AXIS2_PLACEMENT_3D('',#5376,#5377,#5378);
#5376 = CARTESIAN_POINT('',(91.7,144.3,3.3));
#5377 = DIRECTION('',(-6.344131569287E-16,0.,1.));
#5378 = DIRECTION('',(-1.,0.,-6.344131569287E-16));
#5379 = ORIENTED_EDGE('',*,*,#5202,.F.);
#5380 = CYLINDRICAL_SURFACE('',#5381,0.7);
#5381 = AXIS2_PLACEMENT_3D('',#5382,#5383,#5384);
#5382 = CARTESIAN_POINT('',(91.7,144.3,-26.));
#5383 = DIRECTION('',(0.,0.,1.));
#5384 = DIRECTION('',(-1.,0.,0.));
#5385 = ADVANCED_FACE('',(#5386),#5406,.T.);
#5386 = FACE_BOUND('',#5387,.F.);
#5387 = EDGE_LOOP('',(#5388,#5397,#5398,#5399));
#5388 = ORIENTED_EDGE('',*,*,#5389,.F.);
#5389 = EDGE_CURVE('',#5219,#5390,#5392,.T.);
#5390 = VERTEX_POINT('',#5391);
#5391 = CARTESIAN_POINT('',(91.7,112.,-15.75));
#5392 = CIRCLE('',#5393,0.7);
#5393 = AXIS2_PLACEMENT_3D('',#5394,#5395,#5396);
#5394 = CARTESIAN_POINT('',(91.7,112.,-15.05));
#5395 = DIRECTION('',(0.,-1.,0.));
#5396 = DIRECTION('',(0.,0.,1.));
#5397 = ORIENTED_EDGE('',*,*,#5218,.F.);
#5398 = ORIENTED_EDGE('',*,*,#5389,.T.);
#5399 = ORIENTED_EDGE('',*,*,#5400,.T.);
#5400 = EDGE_CURVE('',#5390,#5390,#5401,.T.);
#5401 = CIRCLE('',#5402,1.25);
#5402 = AXIS2_PLACEMENT_3D('',#5403,#5404,#5405);
#5403 = CARTESIAN_POINT('',(91.7,112.,-17.));
#5404 = DIRECTION('',(1.,0.,-0.));
#5405 = DIRECTION('',(0.,0.,1.));
#5406 = TOROIDAL_SURFACE('',#5407,1.95,0.7);
#5407 = AXIS2_PLACEMENT_3D('',#5408,#5409,#5410);
#5408 = CARTESIAN_POINT('',(91.7,112.,-17.));
#5409 = DIRECTION('',(-1.,0.,0.));
#5410 = DIRECTION('',(0.,0.,1.));
#5411 = ADVANCED_FACE('',(#5412),#5432,.T.);
#5412 = FACE_BOUND('',#5413,.F.);
#5413 = EDGE_LOOP('',(#5414,#5423,#5424,#5425));
#5414 = ORIENTED_EDGE('',*,*,#5415,.F.);
#5415 = EDGE_CURVE('',#5230,#5416,#5418,.T.);
#5416 = VERTEX_POINT('',#5417);
#5417 = CARTESIAN_POINT('',(91.7,112.,-9.75));
#5418 = CIRCLE('',#5419,0.7);
#5419 = AXIS2_PLACEMENT_3D('',#5420,#5421,#5422);
#5420 = CARTESIAN_POINT('',(91.7,112.,-9.05));
#5421 = DIRECTION('',(0.,-1.,0.));
#5422 = DIRECTION('',(0.,0.,1.));
#5423 = ORIENTED_EDGE('',*,*,#5229,.F.);
#5424 = ORIENTED_EDGE('',*,*,#5415,.T.);
#5425 = ORIENTED_EDGE('',*,*,#5426,.T.);
#5426 = EDGE_CURVE('',#5416,#5416,#5427,.T.);
#5427 = CIRCLE('',#5428,1.25);
#5428 = AXIS2_PLACEMENT_3D('',#5429,#5430,#5431);
#5429 = CARTESIAN_POINT('',(91.7,112.,-11.));
#5430 = DIRECTION('',(1.,0.,-0.));
#5431 = DIRECTION('',(0.,0.,1.));
#5432 = TOROIDAL_SURFACE('',#5433,1.95,0.7);
#5433 = AXIS2_PLACEMENT_3D('',#5434,#5435,#5436);
#5434 = CARTESIAN_POINT('',(91.7,112.,-11.));
#5435 = DIRECTION('',(-1.,0.,0.));
#5436 = DIRECTION('',(0.,0.,1.));
#5437 = ADVANCED_FACE('',(#5438),#5458,.T.);
#5438 = FACE_BOUND('',#5439,.F.);
#5439 = EDGE_LOOP('',(#5440,#5449,#5450,#5451));
#5440 = ORIENTED_EDGE('',*,*,#5441,.F.);
#5441 = EDGE_CURVE('',#5241,#5442,#5444,.T.);
#5442 = VERTEX_POINT('',#5443);
#5443 = CARTESIAN_POINT('',(91.7,112.,-3.75));
#5444 = CIRCLE('',#5445,0.7);
#5445 = AXIS2_PLACEMENT_3D('',#5446,#5447,#5448);
#5446 = CARTESIAN_POINT('',(91.7,112.,-3.05));
#5447 = DIRECTION('',(0.,-1.,0.));
#5448 = DIRECTION('',(0.,0.,1.));
#5449 = ORIENTED_EDGE('',*,*,#5240,.F.);
#5450 = ORIENTED_EDGE('',*,*,#5441,.T.);
#5451 = ORIENTED_EDGE('',*,*,#5452,.T.);
#5452 = EDGE_CURVE('',#5442,#5442,#5453,.T.);
#5453 = CIRCLE('',#5454,1.25);
#5454 = AXIS2_PLACEMENT_3D('',#5455,#5456,#5457);
#5455 = CARTESIAN_POINT('',(91.7,112.,-5.));
#5456 = DIRECTION('',(1.,0.,-0.));
#5457 = DIRECTION('',(0.,0.,1.));
#5458 = TOROIDAL_SURFACE('',#5459,1.95,0.7);
#5459 = AXIS2_PLACEMENT_3D('',#5460,#5461,#5462);
#5460 = CARTESIAN_POINT('',(91.7,112.,-5.));
#5461 = DIRECTION('',(-1.,0.,0.));
#5462 = DIRECTION('',(0.,0.,1.));
#5463 = ADVANCED_FACE('',(#5464),#5475,.T.);
#5464 = FACE_BOUND('',#5465,.T.);
#5465 = EDGE_LOOP('',(#5466,#5467,#5474));
#5466 = ORIENTED_EDGE('',*,*,#5290,.F.);
#5467 = ORIENTED_EDGE('',*,*,#5468,.T.);
#5468 = EDGE_CURVE('',#5291,#5259,#5469,.T.);
#5469 = CIRCLE('',#5470,0.7);
#5470 = AXIS2_PLACEMENT_3D('',#5471,#5472,#5473);
#5471 = CARTESIAN_POINT('',(91.7,102.7,-25.3));
#5472 = DIRECTION('',(-1.,6.123233995737E-17,0.));
#5473 = DIRECTION('',(-6.123233995737E-17,-1.,0.));
#5474 = ORIENTED_EDGE('',*,*,#5258,.F.);
#5475 = SPHERICAL_SURFACE('',#5476,0.7);
#5476 = AXIS2_PLACEMENT_3D('',#5477,#5478,#5479);
#5477 = CARTESIAN_POINT('',(91.7,102.7,-25.3));
#5478 = DIRECTION('',(0.,0.,1.));
#5479 = DIRECTION('',(-1.,0.,0.));
#5480 = ADVANCED_FACE('',(#5481),#5492,.T.);
#5481 = FACE_BOUND('',#5482,.F.);
#5482 = EDGE_LOOP('',(#5483,#5484,#5491));
#5483 = ORIENTED_EDGE('',*,*,#5323,.F.);
#5484 = ORIENTED_EDGE('',*,*,#5485,.T.);
#5485 = EDGE_CURVE('',#5324,#5268,#5486,.T.);
#5486 = CIRCLE('',#5487,0.7);
#5487 = AXIS2_PLACEMENT_3D('',#5488,#5489,#5490);
#5488 = CARTESIAN_POINT('',(91.7,102.7,3.3));
#5489 = DIRECTION('',(1.,-6.123233995737E-17,0.));
#5490 = DIRECTION('',(-6.123233995737E-17,-1.,0.));
#5491 = ORIENTED_EDGE('',*,*,#5275,.F.);
#5492 = SPHERICAL_SURFACE('',#5493,0.7);
#5493 = AXIS2_PLACEMENT_3D('',#5494,#5495,#5496);
#5494 = CARTESIAN_POINT('',(91.7,102.7,3.3));
#5495 = DIRECTION('',(-0.,-0.,-1.));
#5496 = DIRECTION('',(-1.,0.,0.));
#5497 = ADVANCED_FACE('',(#5498),#5523,.F.);
#5498 = FACE_BOUND('',#5499,.F.);
#5499 = EDGE_LOOP('',(#5500,#5501,#5509,#5517));
#5500 = ORIENTED_EDGE('',*,*,#5267,.T.);
#5501 = ORIENTED_EDGE('',*,*,#5502,.T.);
#5502 = EDGE_CURVE('',#5268,#5503,#5505,.T.);
#5503 = VERTEX_POINT('',#5504);
#5504 = CARTESIAN_POINT('',(102.3,102.,3.3));
#5505 = LINE('',#5506,#5507);
#5506 = CARTESIAN_POINT('',(91.,102.,3.3));
#5507 = VECTOR('',#5508,1.);
#5508 = DIRECTION('',(1.,0.,0.));
#5509 = ORIENTED_EDGE('',*,*,#5510,.F.);
#5510 = EDGE_CURVE('',#5511,#5503,#5513,.T.);
#5511 = VERTEX_POINT('',#5512);
#5512 = CARTESIAN_POINT('',(102.3,102.,-25.3));
#5513 = LINE('',#5514,#5515);
#5514 = CARTESIAN_POINT('',(102.3,102.,-26.));
#5515 = VECTOR('',#5516,1.);
#5516 = DIRECTION('',(0.,0.,1.));
#5517 = ORIENTED_EDGE('',*,*,#5518,.F.);
#5518 = EDGE_CURVE('',#5259,#5511,#5519,.T.);
#5519 = LINE('',#5520,#5521);
#5520 = CARTESIAN_POINT('',(91.,102.,-25.3));
#5521 = VECTOR('',#5522,1.);
#5522 = DIRECTION('',(1.,0.,0.));
#5523 = PLANE('',#5524);
#5524 = AXIS2_PLACEMENT_3D('',#5525,#5526,#5527);
#5525 = CARTESIAN_POINT('',(91.,102.,-26.));
#5526 = DIRECTION('',(0.,1.,0.));
#5527 = DIRECTION('',(0.,0.,1.));
#5528 = ADVANCED_FACE('',(#5529),#5554,.F.);
#5529 = FACE_BOUND('',#5530,.F.);
#5530 = EDGE_LOOP('',(#5531,#5532,#5540,#5548));
#5531 = ORIENTED_EDGE('',*,*,#5299,.F.);
#5532 = ORIENTED_EDGE('',*,*,#5533,.T.);
#5533 = EDGE_CURVE('',#5291,#5534,#5536,.T.);
#5534 = VERTEX_POINT('',#5535);
#5535 = CARTESIAN_POINT('',(102.3,102.7,-26.));
#5536 = LINE('',#5537,#5538);
#5537 = CARTESIAN_POINT('',(91.,102.7,-26.));
#5538 = VECTOR('',#5539,1.);
#5539 = DIRECTION('',(1.,0.,0.));
#5540 = ORIENTED_EDGE('',*,*,#5541,.T.);
#5541 = EDGE_CURVE('',#5534,#5542,#5544,.T.);
#5542 = VERTEX_POINT('',#5543);
#5543 = CARTESIAN_POINT('',(102.3,144.3,-26.));
#5544 = LINE('',#5545,#5546);
#5545 = CARTESIAN_POINT('',(102.3,102.,-26.));
#5546 = VECTOR('',#5547,1.);
#5547 = DIRECTION('',(0.,1.,0.));
#5548 = ORIENTED_EDGE('',*,*,#5549,.F.);
#5549 = EDGE_CURVE('',#5300,#5542,#5550,.T.);
#5550 = LINE('',#5551,#5552);
#5551 = CARTESIAN_POINT('',(91.,144.3,-26.));
#5552 = VECTOR('',#5553,1.);
#5553 = DIRECTION('',(1.,0.,0.));
#5554 = PLANE('',#5555);
#5555 = AXIS2_PLACEMENT_3D('',#5556,#5557,#5558);
#5556 = CARTESIAN_POINT('',(91.,102.,-26.));
#5557 = DIRECTION('',(0.,0.,1.));
#5558 = DIRECTION('',(1.,0.,0.));
#5559 = ADVANCED_FACE('',(#5560),#5571,.T.);
#5560 = FACE_BOUND('',#5561,.T.);
#5561 = EDGE_LOOP('',(#5562,#5563,#5570));
#5562 = ORIENTED_EDGE('',*,*,#5356,.F.);
#5563 = ORIENTED_EDGE('',*,*,#5564,.T.);
#5564 = EDGE_CURVE('',#5357,#5300,#5565,.T.);
#5565 = CIRCLE('',#5566,0.7);
#5566 = AXIS2_PLACEMENT_3D('',#5567,#5568,#5569);
#5567 = CARTESIAN_POINT('',(91.7,144.3,-25.3));
#5568 = DIRECTION('',(-1.,0.,6.123233995737E-17));
#5569 = DIRECTION('',(-6.123233995737E-17,0.,-1.));
#5570 = ORIENTED_EDGE('',*,*,#5307,.F.);
#5571 = SPHERICAL_SURFACE('',#5572,0.7);
#5572 = AXIS2_PLACEMENT_3D('',#5573,#5574,#5575);
#5573 = CARTESIAN_POINT('',(91.7,144.3,-25.3));
#5574 = DIRECTION('',(-0.,-1.,-0.));
#5575 = DIRECTION('',(-1.,0.,0.));
#5576 = ADVANCED_FACE('',(#5577),#5602,.T.);
#5577 = FACE_BOUND('',#5578,.T.);
#5578 = EDGE_LOOP('',(#5579,#5580,#5588,#5596));
#5579 = ORIENTED_EDGE('',*,*,#5332,.F.);
#5580 = ORIENTED_EDGE('',*,*,#5581,.T.);
#5581 = EDGE_CURVE('',#5324,#5582,#5584,.T.);
#5582 = VERTEX_POINT('',#5583);
#5583 = CARTESIAN_POINT('',(102.3,102.7,4.));
#5584 = LINE('',#5585,#5586);
#5585 = CARTESIAN_POINT('',(91.,102.7,4.));
#5586 = VECTOR('',#5587,1.);
#5587 = DIRECTION('',(1.,0.,0.));
#5588 = ORIENTED_EDGE('',*,*,#5589,.T.);
#5589 = EDGE_CURVE('',#5582,#5590,#5592,.T.);
#5590 = VERTEX_POINT('',#5591);
#5591 = CARTESIAN_POINT('',(102.3,144.3,4.));
#5592 = LINE('',#5593,#5594);
#5593 = CARTESIAN_POINT('',(102.3,102.,4.));
#5594 = VECTOR('',#5595,1.);
#5595 = DIRECTION('',(0.,1.,0.));
#5596 = ORIENTED_EDGE('',*,*,#5597,.F.);
#5597 = EDGE_CURVE('',#5333,#5590,#5598,.T.);
#5598 = LINE('',#5599,#5600);
#5599 = CARTESIAN_POINT('',(91.,144.3,4.));
#5600 = VECTOR('',#5601,1.);
#5601 = DIRECTION('',(1.,0.,0.));
#5602 = PLANE('',#5603);
#5603 = AXIS2_PLACEMENT_3D('',#5604,#5605,#5606);
#5604 = CARTESIAN_POINT('',(91.,102.,4.));
#5605 = DIRECTION('',(0.,0.,1.));
#5606 = DIRECTION('',(1.,0.,0.));
#5607 = ADVANCED_FACE('',(#5608),#5619,.T.);
#5608 = FACE_BOUND('',#5609,.F.);
#5609 = EDGE_LOOP('',(#5610,#5611,#5618));
#5610 = ORIENTED_EDGE('',*,*,#5373,.F.);
#5611 = ORIENTED_EDGE('',*,*,#5612,.T.);
#5612 = EDGE_CURVE('',#5366,#5333,#5613,.T.);
#5613 = CIRCLE('',#5614,0.7);
#5614 = AXIS2_PLACEMENT_3D('',#5615,#5616,#5617);
#5615 = CARTESIAN_POINT('',(91.7,144.3,3.3));
#5616 = DIRECTION('',(1.,0.,2.951168211093E-17));
#5617 = DIRECTION('',(-2.951168211093E-17,0.,1.));
#5618 = ORIENTED_EDGE('',*,*,#5340,.F.);
#5619 = SPHERICAL_SURFACE('',#5620,0.7);
#5620 = AXIS2_PLACEMENT_3D('',#5621,#5622,#5623);
#5621 = CARTESIAN_POINT('',(91.7,144.3,3.3));
#5622 = DIRECTION('',(-0.,-1.,-0.));
#5623 = DIRECTION('',(-1.,0.,-6.344131569287E-16));
#5624 = ADVANCED_FACE('',(#5625,#5650),#5720,.T.);
#5625 = FACE_BOUND('',#5626,.T.);
#5626 = EDGE_LOOP('',(#5627,#5628,#5636,#5644));
#5627 = ORIENTED_EDGE('',*,*,#5365,.T.);
#5628 = ORIENTED_EDGE('',*,*,#5629,.T.);
#5629 = EDGE_CURVE('',#5366,#5630,#5632,.T.);
#5630 = VERTEX_POINT('',#5631);
#5631 = CARTESIAN_POINT('',(102.3,145.,3.3));
#5632 = LINE('',#5633,#5634);
#5633 = CARTESIAN_POINT('',(91.,145.,3.3));
#5634 = VECTOR('',#5635,1.);
#5635 = DIRECTION('',(1.,0.,0.));
#5636 = ORIENTED_EDGE('',*,*,#5637,.F.);
#5637 = EDGE_CURVE('',#5638,#5630,#5640,.T.);
#5638 = VERTEX_POINT('',#5639);
#5639 = CARTESIAN_POINT('',(102.3,145.,-25.3));
#5640 = LINE('',#5641,#5642);
#5641 = CARTESIAN_POINT('',(102.3,145.,-26.));
#5642 = VECTOR('',#5643,1.);
#5643 = DIRECTION('',(0.,0.,1.));
#5644 = ORIENTED_EDGE('',*,*,#5645,.F.);
#5645 = EDGE_CURVE('',#5357,#5638,#5646,.T.);
#5646 = LINE('',#5647,#5648);
#5647 = CARTESIAN_POINT('',(91.,145.,-25.3));
#5648 = VECTOR('',#5649,1.);
#5649 = DIRECTION('',(1.,0.,0.));
#5650 = FACE_BOUND('',#5651,.T.);
#5651 = EDGE_LOOP('',(#5652,#5662,#5671,#5679,#5688,#5696,#5705,#5713));
#5652 = ORIENTED_EDGE('',*,*,#5653,.F.);
#5653 = EDGE_CURVE('',#5654,#5656,#5658,.T.);
#5654 = VERTEX_POINT('',#5655);
#5655 = CARTESIAN_POINT('',(92.1,145.,-23.5));
#5656 = VERTEX_POINT('',#5657);
#5657 = CARTESIAN_POINT('',(92.1,145.,1.5));
#5658 = LINE('',#5659,#5660);
#5659 = CARTESIAN_POINT('',(92.1,145.,-24.2));
#5660 = VECTOR('',#5661,1.);
#5661 = DIRECTION('',(0.,0.,1.));
#5662 = ORIENTED_EDGE('',*,*,#5663,.T.);
#5663 = EDGE_CURVE('',#5654,#5664,#5666,.T.);
#5664 = VERTEX_POINT('',#5665);
#5665 = CARTESIAN_POINT('',(93.5,145.,-24.9));
#5666 = CIRCLE('',#5667,1.4);
#5667 = AXIS2_PLACEMENT_3D('',#5668,#5669,#5670);
#5668 = CARTESIAN_POINT('',(93.5,145.,-23.5));
#5669 = DIRECTION('',(-0.,-1.,-0.));
#5670 = DIRECTION('',(-1.,0.,0.));
#5671 = ORIENTED_EDGE('',*,*,#5672,.T.);
#5672 = EDGE_CURVE('',#5664,#5673,#5675,.T.);
#5673 = VERTEX_POINT('',#5674);
#5674 = CARTESIAN_POINT('',(100.5,145.,-24.9));
#5675 = LINE('',#5676,#5677);
#5676 = CARTESIAN_POINT('',(92.8,145.,-24.9));
#5677 = VECTOR('',#5678,1.);
#5678 = DIRECTION('',(1.,0.,0.));
#5679 = ORIENTED_EDGE('',*,*,#5680,.F.);
#5680 = EDGE_CURVE('',#5681,#5673,#5683,.T.);
#5681 = VERTEX_POINT('',#5682);
#5682 = CARTESIAN_POINT('',(101.9,145.,-23.5));
#5683 = CIRCLE('',#5684,1.4);
#5684 = AXIS2_PLACEMENT_3D('',#5685,#5686,#5687);
#5685 = CARTESIAN_POINT('',(100.5,145.,-23.5));
#5686 = DIRECTION('',(-0.,1.,0.));
#5687 = DIRECTION('',(1.,0.,0.));
#5688 = ORIENTED_EDGE('',*,*,#5689,.T.);
#5689 = EDGE_CURVE('',#5681,#5690,#5692,.T.);
#5690 = VERTEX_POINT('',#5691);
#5691 = CARTESIAN_POINT('',(101.9,145.,1.5));
#5692 = LINE('',#5693,#5694);
#5693 = CARTESIAN_POINT('',(101.9,145.,-24.2));
#5694 = VECTOR('',#5695,1.);
#5695 = DIRECTION('',(0.,0.,1.));
#5696 = ORIENTED_EDGE('',*,*,#5697,.F.);
#5697 = EDGE_CURVE('',#5698,#5690,#5700,.T.);
#5698 = VERTEX_POINT('',#5699);
#5699 = CARTESIAN_POINT('',(100.5,145.,2.9));
#5700 = CIRCLE('',#5701,1.4);
#5701 = AXIS2_PLACEMENT_3D('',#5702,#5703,#5704);
#5702 = CARTESIAN_POINT('',(100.5,145.,1.5));
#5703 = DIRECTION('',(0.,1.,0.));
#5704 = DIRECTION('',(0.,0.,1.));
#5705 = ORIENTED_EDGE('',*,*,#5706,.F.);
#5706 = EDGE_CURVE('',#5707,#5698,#5709,.T.);
#5707 = VERTEX_POINT('',#5708);
#5708 = CARTESIAN_POINT('',(93.5,145.,2.9));
#5709 = LINE('',#5710,#5711);
#5710 = CARTESIAN_POINT('',(92.8,145.,2.9));
#5711 = VECTOR('',#5712,1.);
#5712 = DIRECTION('',(1.,0.,0.));
#5713 = ORIENTED_EDGE('',*,*,#5714,.F.);
#5714 = EDGE_CURVE('',#5656,#5707,#5715,.T.);
#5715 = CIRCLE('',#5716,1.4);
#5716 = AXIS2_PLACEMENT_3D('',#5717,#5718,#5719);
#5717 = CARTESIAN_POINT('',(93.5,145.,1.5));
#5718 = DIRECTION('',(0.,1.,0.));
#5719 = DIRECTION('',(-1.,0.,-6.344131569287E-16));
#5720 = PLANE('',#5721);
#5721 = AXIS2_PLACEMENT_3D('',#5722,#5723,#5724);
#5722 = CARTESIAN_POINT('',(91.,145.,-26.));
#5723 = DIRECTION('',(0.,1.,0.));
#5724 = DIRECTION('',(0.,0.,1.));
#5725 = ADVANCED_FACE('',(#5726),#5745,.F.);
#5726 = FACE_BOUND('',#5727,.F.);
#5727 = EDGE_LOOP('',(#5728,#5736,#5743,#5744));
#5728 = ORIENTED_EDGE('',*,*,#5729,.T.);
#5729 = EDGE_CURVE('',#5390,#5730,#5732,.T.);
#5730 = VERTEX_POINT('',#5731);
#5731 = CARTESIAN_POINT('',(92.1,112.,-15.75));
#5732 = LINE('',#5733,#5734);
#5733 = CARTESIAN_POINT('',(90.,112.,-15.75));
#5734 = VECTOR('',#5735,1.);
#5735 = DIRECTION('',(1.,0.,0.));
#5736 = ORIENTED_EDGE('',*,*,#5737,.F.);
#5737 = EDGE_CURVE('',#5730,#5730,#5738,.T.);
#5738 = CIRCLE('',#5739,1.25);
#5739 = AXIS2_PLACEMENT_3D('',#5740,#5741,#5742);
#5740 = CARTESIAN_POINT('',(92.1,112.,-17.));
#5741 = DIRECTION('',(1.,0.,-0.));
#5742 = DIRECTION('',(0.,0.,1.));
#5743 = ORIENTED_EDGE('',*,*,#5729,.F.);
#5744 = ORIENTED_EDGE('',*,*,#5400,.T.);
#5745 = CYLINDRICAL_SURFACE('',#5746,1.25);
#5746 = AXIS2_PLACEMENT_3D('',#5747,#5748,#5749);
#5747 = CARTESIAN_POINT('',(90.,112.,-17.));
#5748 = DIRECTION('',(1.,0.,0.));
#5749 = DIRECTION('',(0.,0.,1.));
#5750 = ADVANCED_FACE('',(#5751),#5770,.F.);
#5751 = FACE_BOUND('',#5752,.F.);
#5752 = EDGE_LOOP('',(#5753,#5761,#5768,#5769));
#5753 = ORIENTED_EDGE('',*,*,#5754,.T.);
#5754 = EDGE_CURVE('',#5416,#5755,#5757,.T.);
#5755 = VERTEX_POINT('',#5756);
#5756 = CARTESIAN_POINT('',(92.1,112.,-9.75));
#5757 = LINE('',#5758,#5759);
#5758 = CARTESIAN_POINT('',(90.,112.,-9.75));
#5759 = VECTOR('',#5760,1.);
#5760 = DIRECTION('',(1.,0.,0.));
#5761 = ORIENTED_EDGE('',*,*,#5762,.F.);
#5762 = EDGE_CURVE('',#5755,#5755,#5763,.T.);
#5763 = CIRCLE('',#5764,1.25);
#5764 = AXIS2_PLACEMENT_3D('',#5765,#5766,#5767);
#5765 = CARTESIAN_POINT('',(92.1,112.,-11.));
#5766 = DIRECTION('',(1.,0.,-0.));
#5767 = DIRECTION('',(0.,0.,1.));
#5768 = ORIENTED_EDGE('',*,*,#5754,.F.);
#5769 = ORIENTED_EDGE('',*,*,#5426,.T.);
#5770 = CYLINDRICAL_SURFACE('',#5771,1.25);
#5771 = AXIS2_PLACEMENT_3D('',#5772,#5773,#5774);
#5772 = CARTESIAN_POINT('',(90.,112.,-11.));
#5773 = DIRECTION('',(1.,0.,0.));
#5774 = DIRECTION('',(0.,0.,1.));
#5775 = ADVANCED_FACE('',(#5776),#5795,.F.);
#5776 = FACE_BOUND('',#5777,.F.);
#5777 = EDGE_LOOP('',(#5778,#5786,#5793,#5794));
#5778 = ORIENTED_EDGE('',*,*,#5779,.T.);
#5779 = EDGE_CURVE('',#5442,#5780,#5782,.T.);
#5780 = VERTEX_POINT('',#5781);
#5781 = CARTESIAN_POINT('',(92.1,112.,-3.75));
#5782 = LINE('',#5783,#5784);
#5783 = CARTESIAN_POINT('',(90.,112.,-3.75));
#5784 = VECTOR('',#5785,1.);
#5785 = DIRECTION('',(1.,0.,0.));
#5786 = ORIENTED_EDGE('',*,*,#5787,.F.);
#5787 = EDGE_CURVE('',#5780,#5780,#5788,.T.);
#5788 = CIRCLE('',#5789,1.25);
#5789 = AXIS2_PLACEMENT_3D('',#5790,#5791,#5792);
#5790 = CARTESIAN_POINT('',(92.1,112.,-5.));
#5791 = DIRECTION('',(1.,0.,-0.));
#5792 = DIRECTION('',(0.,0.,1.));
#5793 = ORIENTED_EDGE('',*,*,#5779,.F.);
#5794 = ORIENTED_EDGE('',*,*,#5452,.T.);
#5795 = CYLINDRICAL_SURFACE('',#5796,1.25);
#5796 = AXIS2_PLACEMENT_3D('',#5797,#5798,#5799);
#5797 = CARTESIAN_POINT('',(90.,112.,-5.));
#5798 = DIRECTION('',(1.,0.,0.));
#5799 = DIRECTION('',(0.,0.,1.));
#5800 = ADVANCED_FACE('',(#5801),#5813,.T.);
#5801 = FACE_BOUND('',#5802,.T.);
#5802 = EDGE_LOOP('',(#5803,#5804,#5805,#5812));
#5803 = ORIENTED_EDGE('',*,*,#5468,.F.);
#5804 = ORIENTED_EDGE('',*,*,#5533,.T.);
#5805 = ORIENTED_EDGE('',*,*,#5806,.F.);
#5806 = EDGE_CURVE('',#5511,#5534,#5807,.T.);
#5807 = CIRCLE('',#5808,0.7);
#5808 = AXIS2_PLACEMENT_3D('',#5809,#5810,#5811);
#5809 = CARTESIAN_POINT('',(102.3,102.7,-25.3));
#5810 = DIRECTION('',(1.,0.,0.));
#5811 = DIRECTION('',(0.,-1.,0.));
#5812 = ORIENTED_EDGE('',*,*,#5518,.F.);
#5813 = CYLINDRICAL_SURFACE('',#5814,0.7);
#5814 = AXIS2_PLACEMENT_3D('',#5815,#5816,#5817);
#5815 = CARTESIAN_POINT('',(91.,102.7,-25.3));
#5816 = DIRECTION('',(1.,0.,0.));
#5817 = DIRECTION('',(0.,-1.,0.));
#5818 = ADVANCED_FACE('',(#5819),#5831,.T.);
#5819 = FACE_BOUND('',#5820,.F.);
#5820 = EDGE_LOOP('',(#5821,#5822,#5823,#5830));
#5821 = ORIENTED_EDGE('',*,*,#5485,.F.);
#5822 = ORIENTED_EDGE('',*,*,#5581,.T.);
#5823 = ORIENTED_EDGE('',*,*,#5824,.T.);
#5824 = EDGE_CURVE('',#5582,#5503,#5825,.T.);
#5825 = CIRCLE('',#5826,0.7);
#5826 = AXIS2_PLACEMENT_3D('',#5827,#5828,#5829);
#5827 = CARTESIAN_POINT('',(102.3,102.7,3.3));
#5828 = DIRECTION('',(1.,0.,0.));
#5829 = DIRECTION('',(0.,-1.,0.));
#5830 = ORIENTED_EDGE('',*,*,#5502,.F.);
#5831 = CYLINDRICAL_SURFACE('',#5832,0.7);
#5832 = AXIS2_PLACEMENT_3D('',#5833,#5834,#5835);
#5833 = CARTESIAN_POINT('',(91.,102.7,3.3));
#5834 = DIRECTION('',(1.,0.,0.));
#5835 = DIRECTION('',(0.,-1.,0.));
#5836 = ADVANCED_FACE('',(#5837),#5864,.T.);
#5837 = FACE_BOUND('',#5838,.T.);
#5838 = EDGE_LOOP('',(#5839,#5848,#5856,#5863));
#5839 = ORIENTED_EDGE('',*,*,#5840,.F.);
#5840 = EDGE_CURVE('',#5841,#5511,#5843,.T.);
#5841 = VERTEX_POINT('',#5842);
#5842 = CARTESIAN_POINT('',(103.,102.7,-25.3));
#5843 = CIRCLE('',#5844,0.7);
#5844 = AXIS2_PLACEMENT_3D('',#5845,#5846,#5847);
#5845 = CARTESIAN_POINT('',(102.3,102.7,-25.3));
#5846 = DIRECTION('',(-0.,-0.,-1.));
#5847 = DIRECTION('',(0.,-1.,0.));
#5848 = ORIENTED_EDGE('',*,*,#5849,.T.);
#5849 = EDGE_CURVE('',#5841,#5850,#5852,.T.);
#5850 = VERTEX_POINT('',#5851);
#5851 = CARTESIAN_POINT('',(103.,102.7,3.3));
#5852 = LINE('',#5853,#5854);
#5853 = CARTESIAN_POINT('',(103.,102.7,-26.));
#5854 = VECTOR('',#5855,1.);
#5855 = DIRECTION('',(0.,0.,1.));
#5856 = ORIENTED_EDGE('',*,*,#5857,.F.);
#5857 = EDGE_CURVE('',#5503,#5850,#5858,.T.);
#5858 = CIRCLE('',#5859,0.7);
#5859 = AXIS2_PLACEMENT_3D('',#5860,#5861,#5862);
#5860 = CARTESIAN_POINT('',(102.3,102.7,3.3));
#5861 = DIRECTION('',(-0.,0.,1.));
#5862 = DIRECTION('',(0.,-1.,0.));
#5863 = ORIENTED_EDGE('',*,*,#5510,.F.);
#5864 = CYLINDRICAL_SURFACE('',#5865,0.7);
#5865 = AXIS2_PLACEMENT_3D('',#5866,#5867,#5868);
#5866 = CARTESIAN_POINT('',(102.3,102.7,-26.));
#5867 = DIRECTION('',(0.,0.,1.));
#5868 = DIRECTION('',(0.,-1.,0.));
#5869 = ADVANCED_FACE('',(#5870),#5882,.T.);
#5870 = FACE_BOUND('',#5871,.T.);
#5871 = EDGE_LOOP('',(#5872,#5873,#5874,#5881));
#5872 = ORIENTED_EDGE('',*,*,#5564,.F.);
#5873 = ORIENTED_EDGE('',*,*,#5645,.T.);
#5874 = ORIENTED_EDGE('',*,*,#5875,.F.);
#5875 = EDGE_CURVE('',#5542,#5638,#5876,.T.);
#5876 = CIRCLE('',#5877,0.7);
#5877 = AXIS2_PLACEMENT_3D('',#5878,#5879,#5880);
#5878 = CARTESIAN_POINT('',(102.3,144.3,-25.3));
#5879 = DIRECTION('',(1.,-0.,0.));
#5880 = DIRECTION('',(0.,0.,-1.));
#5881 = ORIENTED_EDGE('',*,*,#5549,.F.);
#5882 = CYLINDRICAL_SURFACE('',#5883,0.7);
#5883 = AXIS2_PLACEMENT_3D('',#5884,#5885,#5886);
#5884 = CARTESIAN_POINT('',(91.,144.3,-25.3));
#5885 = DIRECTION('',(1.,0.,0.));
#5886 = DIRECTION('',(0.,0.,-1.));
#5887 = ADVANCED_FACE('',(#5888),#5913,.T.);
#5888 = FACE_BOUND('',#5889,.F.);
#5889 = EDGE_LOOP('',(#5890,#5897,#5905,#5912));
#5890 = ORIENTED_EDGE('',*,*,#5891,.F.);
#5891 = EDGE_CURVE('',#5841,#5534,#5892,.T.);
#5892 = CIRCLE('',#5893,0.7);
#5893 = AXIS2_PLACEMENT_3D('',#5894,#5895,#5896);
#5894 = CARTESIAN_POINT('',(102.3,102.7,-25.3));
#5895 = DIRECTION('',(0.,1.,-6.123233995737E-17));
#5896 = DIRECTION('',(0.,-6.123233995737E-17,-1.));
#5897 = ORIENTED_EDGE('',*,*,#5898,.T.);
#5898 = EDGE_CURVE('',#5841,#5899,#5901,.T.);
#5899 = VERTEX_POINT('',#5900);
#5900 = CARTESIAN_POINT('',(103.,144.3,-25.3));
#5901 = LINE('',#5902,#5903);
#5902 = CARTESIAN_POINT('',(103.,102.,-25.3));
#5903 = VECTOR('',#5904,1.);
#5904 = DIRECTION('',(0.,1.,0.));
#5905 = ORIENTED_EDGE('',*,*,#5906,.T.);
#5906 = EDGE_CURVE('',#5899,#5542,#5907,.T.);
#5907 = CIRCLE('',#5908,0.7);
#5908 = AXIS2_PLACEMENT_3D('',#5909,#5910,#5911);
#5909 = CARTESIAN_POINT('',(102.3,144.3,-25.3));
#5910 = DIRECTION('',(0.,1.,0.));
#5911 = DIRECTION('',(0.,0.,-1.));
#5912 = ORIENTED_EDGE('',*,*,#5541,.F.);
#5913 = CYLINDRICAL_SURFACE('',#5914,0.7);
#5914 = AXIS2_PLACEMENT_3D('',#5915,#5916,#5917);
#5915 = CARTESIAN_POINT('',(102.3,102.,-25.3));
#5916 = DIRECTION('',(0.,1.,0.));
#5917 = DIRECTION('',(0.,0.,-1.));
#5918 = ADVANCED_FACE('',(#5919),#5931,.T.);
#5919 = FACE_BOUND('',#5920,.F.);
#5920 = EDGE_LOOP('',(#5921,#5922,#5923,#5930));
#5921 = ORIENTED_EDGE('',*,*,#5612,.F.);
#5922 = ORIENTED_EDGE('',*,*,#5629,.T.);
#5923 = ORIENTED_EDGE('',*,*,#5924,.F.);
#5924 = EDGE_CURVE('',#5590,#5630,#5925,.T.);
#5925 = CIRCLE('',#5926,0.7);
#5926 = AXIS2_PLACEMENT_3D('',#5927,#5928,#5929);
#5927 = CARTESIAN_POINT('',(102.3,144.3,3.3));
#5928 = DIRECTION('',(-1.,0.,0.));
#5929 = DIRECTION('',(0.,0.,1.));
#5930 = ORIENTED_EDGE('',*,*,#5597,.F.);
#5931 = CYLINDRICAL_SURFACE('',#5932,0.7);
#5932 = AXIS2_PLACEMENT_3D('',#5933,#5934,#5935);
#5933 = CARTESIAN_POINT('',(91.,144.3,3.3));
#5934 = DIRECTION('',(1.,0.,0.));
#5935 = DIRECTION('',(0.,0.,1.));
#5936 = ADVANCED_FACE('',(#5937),#5962,.T.);
#5937 = FACE_BOUND('',#5938,.T.);
#5938 = EDGE_LOOP('',(#5939,#5946,#5954,#5961));
#5939 = ORIENTED_EDGE('',*,*,#5940,.T.);
#5940 = EDGE_CURVE('',#5582,#5850,#5941,.T.);
#5941 = CIRCLE('',#5942,0.7);
#5942 = AXIS2_PLACEMENT_3D('',#5943,#5944,#5945);
#5943 = CARTESIAN_POINT('',(102.3,102.7,3.3));
#5944 = DIRECTION('',(6.123233995737E-17,1.,0.));
#5945 = DIRECTION('',(1.,-6.123233995737E-17,0.));
#5946 = ORIENTED_EDGE('',*,*,#5947,.T.);
#5947 = EDGE_CURVE('',#5850,#5948,#5950,.T.);
#5948 = VERTEX_POINT('',#5949);
#5949 = CARTESIAN_POINT('',(103.,144.3,3.3));
#5950 = LINE('',#5951,#5952);
#5951 = CARTESIAN_POINT('',(103.,102.,3.3));
#5952 = VECTOR('',#5953,1.);
#5953 = DIRECTION('',(0.,1.,0.));
#5954 = ORIENTED_EDGE('',*,*,#5955,.T.);
#5955 = EDGE_CURVE('',#5948,#5590,#5956,.T.);
#5956 = CIRCLE('',#5957,0.7);
#5957 = AXIS2_PLACEMENT_3D('',#5958,#5959,#5960);
#5958 = CARTESIAN_POINT('',(102.3,144.3,3.3));
#5959 = DIRECTION('',(0.,-1.,0.));
#5960 = DIRECTION('',(0.,0.,1.));
#5961 = ORIENTED_EDGE('',*,*,#5589,.F.);
#5962 = CYLINDRICAL_SURFACE('',#5963,0.7);
#5963 = AXIS2_PLACEMENT_3D('',#5964,#5965,#5966);
#5964 = CARTESIAN_POINT('',(102.3,102.,3.3));
#5965 = DIRECTION('',(0.,1.,0.));
#5966 = DIRECTION('',(0.,0.,1.));
#5967 = ADVANCED_FACE('',(#5968),#5991,.T.);
#5968 = FACE_BOUND('',#5969,.F.);
#5969 = EDGE_LOOP('',(#5970,#5977,#5983,#5990));
#5970 = ORIENTED_EDGE('',*,*,#5971,.F.);
#5971 = EDGE_CURVE('',#5899,#5638,#5972,.T.);
#5972 = CIRCLE('',#5973,0.7);
#5973 = AXIS2_PLACEMENT_3D('',#5974,#5975,#5976);
#5974 = CARTESIAN_POINT('',(102.3,144.3,-25.3));
#5975 = DIRECTION('',(0.,6.123233995737E-17,1.));
#5976 = DIRECTION('',(0.,1.,-6.123233995737E-17));
#5977 = ORIENTED_EDGE('',*,*,#5978,.T.);
#5978 = EDGE_CURVE('',#5899,#5948,#5979,.T.);
#5979 = LINE('',#5980,#5981);
#5980 = CARTESIAN_POINT('',(103.,144.3,-26.));
#5981 = VECTOR('',#5982,1.);
#5982 = DIRECTION('',(0.,0.,1.));
#5983 = ORIENTED_EDGE('',*,*,#5984,.T.);
#5984 = EDGE_CURVE('',#5948,#5630,#5985,.T.);
#5985 = CIRCLE('',#5986,0.7);
#5986 = AXIS2_PLACEMENT_3D('',#5987,#5988,#5989);
#5987 = CARTESIAN_POINT('',(102.3,144.3,3.3));
#5988 = DIRECTION('',(0.,-7.273661547325E-16,1.));
#5989 = DIRECTION('',(0.,1.,7.273661547325E-16));
#5990 = ORIENTED_EDGE('',*,*,#5637,.F.);
#5991 = CYLINDRICAL_SURFACE('',#5992,0.7);
#5992 = AXIS2_PLACEMENT_3D('',#5993,#5994,#5995);
#5993 = CARTESIAN_POINT('',(102.3,144.3,-26.));
#5994 = DIRECTION('',(0.,0.,1.));
#5995 = DIRECTION('',(0.,1.,0.));
#5996 = ADVANCED_FACE('',(#5997),#6024,.T.);
#5997 = FACE_BOUND('',#5998,.F.);
#5998 = EDGE_LOOP('',(#5999,#6008,#6016,#6023));
#5999 = ORIENTED_EDGE('',*,*,#6000,.T.);
#6000 = EDGE_CURVE('',#5654,#6001,#6003,.T.);
#6001 = VERTEX_POINT('',#6002);
#6002 = CARTESIAN_POINT('',(92.8,144.3,-23.5));
#6003 = CIRCLE('',#6004,0.7);
#6004 = AXIS2_PLACEMENT_3D('',#6005,#6006,#6007);
#6005 = CARTESIAN_POINT('',(92.1,144.3,-23.5));
#6006 = DIRECTION('',(0.,0.,-1.));
#6007 = DIRECTION('',(-1.,0.,0.));
#6008 = ORIENTED_EDGE('',*,*,#6009,.T.);
#6009 = EDGE_CURVE('',#6001,#6010,#6012,.T.);
#6010 = VERTEX_POINT('',#6011);
#6011 = CARTESIAN_POINT('',(92.8,144.3,1.5));
#6012 = LINE('',#6013,#6014);
#6013 = CARTESIAN_POINT('',(92.8,144.3,-24.2));
#6014 = VECTOR('',#6015,1.);
#6015 = DIRECTION('',(0.,0.,1.));
#6016 = ORIENTED_EDGE('',*,*,#6017,.F.);
#6017 = EDGE_CURVE('',#5656,#6010,#6018,.T.);
#6018 = CIRCLE('',#6019,0.7);
#6019 = AXIS2_PLACEMENT_3D('',#6020,#6021,#6022);
#6020 = CARTESIAN_POINT('',(92.1,144.3,1.5));
#6021 = DIRECTION('',(6.344131569287E-16,0.,-1.));
#6022 = DIRECTION('',(-1.,0.,-6.344131569287E-16));
#6023 = ORIENTED_EDGE('',*,*,#5653,.F.);
#6024 = CYLINDRICAL_SURFACE('',#6025,0.7);
#6025 = AXIS2_PLACEMENT_3D('',#6026,#6027,#6028);
#6026 = CARTESIAN_POINT('',(92.1,144.3,-24.2));
#6027 = DIRECTION('',(0.,0.,1.));
#6028 = DIRECTION('',(0.,1.,0.));
#6029 = ADVANCED_FACE('',(#6030),#6050,.T.);
#6030 = FACE_BOUND('',#6031,.F.);
#6031 = EDGE_LOOP('',(#6032,#6033,#6034,#6043));
#6032 = ORIENTED_EDGE('',*,*,#6000,.F.);
#6033 = ORIENTED_EDGE('',*,*,#5663,.T.);
#6034 = ORIENTED_EDGE('',*,*,#6035,.T.);
#6035 = EDGE_CURVE('',#5664,#6036,#6038,.T.);
#6036 = VERTEX_POINT('',#6037);
#6037 = CARTESIAN_POINT('',(93.5,144.3,-24.2));
#6038 = CIRCLE('',#6039,0.7);
#6039 = AXIS2_PLACEMENT_3D('',#6040,#6041,#6042);
#6040 = CARTESIAN_POINT('',(93.5,144.3,-24.9));
#6041 = DIRECTION('',(1.,0.,-6.123233995737E-17));
#6042 = DIRECTION('',(-6.123233995737E-17,0.,-1.));
#6043 = ORIENTED_EDGE('',*,*,#6044,.F.);
#6044 = EDGE_CURVE('',#6001,#6036,#6045,.T.);
#6045 = CIRCLE('',#6046,0.7);
#6046 = AXIS2_PLACEMENT_3D('',#6047,#6048,#6049);
#6047 = CARTESIAN_POINT('',(93.5,144.3,-23.5));
#6048 = DIRECTION('',(-0.,-1.,-0.));
#6049 = DIRECTION('',(-1.,0.,0.));
#6050 = TOROIDAL_SURFACE('',#6051,1.4,0.7);
#6051 = AXIS2_PLACEMENT_3D('',#6052,#6053,#6054);
#6052 = CARTESIAN_POINT('',(93.5,144.3,-23.5));
#6053 = DIRECTION('',(0.,1.,0.));
#6054 = DIRECTION('',(-1.,0.,0.));
#6055 = ADVANCED_FACE('',(#6056),#6076,.T.);
#6056 = FACE_BOUND('',#6057,.T.);
#6057 = EDGE_LOOP('',(#6058,#6059,#6060,#6069));
#6058 = ORIENTED_EDGE('',*,*,#6017,.F.);
#6059 = ORIENTED_EDGE('',*,*,#5714,.T.);
#6060 = ORIENTED_EDGE('',*,*,#6061,.T.);
#6061 = EDGE_CURVE('',#5707,#6062,#6064,.T.);
#6062 = VERTEX_POINT('',#6063);
#6063 = CARTESIAN_POINT('',(93.5,144.3,2.2));
#6064 = CIRCLE('',#6065,0.7);
#6065 = AXIS2_PLACEMENT_3D('',#6066,#6067,#6068);
#6066 = CARTESIAN_POINT('',(93.5,144.3,2.9));
#6067 = DIRECTION('',(-1.,0.,-1.361779311661E-15));
#6068 = DIRECTION('',(-1.361779311661E-15,0.,1.));
#6069 = ORIENTED_EDGE('',*,*,#6070,.F.);
#6070 = EDGE_CURVE('',#6010,#6062,#6071,.T.);
#6071 = CIRCLE('',#6072,0.7);
#6072 = AXIS2_PLACEMENT_3D('',#6073,#6074,#6075);
#6073 = CARTESIAN_POINT('',(93.5,144.3,1.5));
#6074 = DIRECTION('',(0.,1.,0.));
#6075 = DIRECTION('',(-1.,0.,-6.344131569287E-16));
#6076 = TOROIDAL_SURFACE('',#6077,1.4,0.7);
#6077 = AXIS2_PLACEMENT_3D('',#6078,#6079,#6080);
#6078 = CARTESIAN_POINT('',(93.5,144.3,1.5));
#6079 = DIRECTION('',(0.,1.,0.));
#6080 = DIRECTION('',(-1.,0.,-6.344131569287E-16));
#6081 = ADVANCED_FACE('',(#6082),#6101,.T.);
#6082 = FACE_BOUND('',#6083,.T.);
#6083 = EDGE_LOOP('',(#6084,#6085,#6093,#6100));
#6084 = ORIENTED_EDGE('',*,*,#6035,.T.);
#6085 = ORIENTED_EDGE('',*,*,#6086,.T.);
#6086 = EDGE_CURVE('',#6036,#6087,#6089,.T.);
#6087 = VERTEX_POINT('',#6088);
#6088 = CARTESIAN_POINT('',(100.5,144.3,-24.2));
#6089 = LINE('',#6090,#6091);
#6090 = CARTESIAN_POINT('',(92.8,144.3,-24.2));
#6091 = VECTOR('',#6092,1.);
#6092 = DIRECTION('',(1.,0.,0.));
#6093 = ORIENTED_EDGE('',*,*,#6094,.F.);
#6094 = EDGE_CURVE('',#5673,#6087,#6095,.T.);
#6095 = CIRCLE('',#6096,0.7);
#6096 = AXIS2_PLACEMENT_3D('',#6097,#6098,#6099);
#6097 = CARTESIAN_POINT('',(100.5,144.3,-24.9));
#6098 = DIRECTION('',(1.,-0.,6.123233995737E-17));
#6099 = DIRECTION('',(6.123233995737E-17,0.,-1.));
#6100 = ORIENTED_EDGE('',*,*,#5672,.F.);
#6101 = CYLINDRICAL_SURFACE('',#6102,0.7);
#6102 = AXIS2_PLACEMENT_3D('',#6103,#6104,#6105);
#6103 = CARTESIAN_POINT('',(92.8,144.3,-24.9));
#6104 = DIRECTION('',(1.,0.,0.));
#6105 = DIRECTION('',(0.,1.,0.));
#6106 = ADVANCED_FACE('',(#6107),#6126,.T.);
#6107 = FACE_BOUND('',#6108,.F.);
#6108 = EDGE_LOOP('',(#6109,#6110,#6118,#6125));
#6109 = ORIENTED_EDGE('',*,*,#6061,.T.);
#6110 = ORIENTED_EDGE('',*,*,#6111,.T.);
#6111 = EDGE_CURVE('',#6062,#6112,#6114,.T.);
#6112 = VERTEX_POINT('',#6113);
#6113 = CARTESIAN_POINT('',(100.5,144.3,2.2));
#6114 = LINE('',#6115,#6116);
#6115 = CARTESIAN_POINT('',(92.8,144.3,2.2));
#6116 = VECTOR('',#6117,1.);
#6117 = DIRECTION('',(1.,0.,0.));
#6118 = ORIENTED_EDGE('',*,*,#6119,.F.);
#6119 = EDGE_CURVE('',#5698,#6112,#6120,.T.);
#6120 = CIRCLE('',#6121,0.7);
#6121 = AXIS2_PLACEMENT_3D('',#6122,#6123,#6124);
#6122 = CARTESIAN_POINT('',(100.5,144.3,2.9));
#6123 = DIRECTION('',(-1.,0.,0.));
#6124 = DIRECTION('',(0.,0.,1.));
#6125 = ORIENTED_EDGE('',*,*,#5706,.F.);
#6126 = CYLINDRICAL_SURFACE('',#6127,0.7);
#6127 = AXIS2_PLACEMENT_3D('',#6128,#6129,#6130);
#6128 = CARTESIAN_POINT('',(92.8,144.3,2.9));
#6129 = DIRECTION('',(1.,0.,0.));
#6130 = DIRECTION('',(0.,1.,0.));
#6131 = ADVANCED_FACE('',(#6132),#6152,.T.);
#6132 = FACE_BOUND('',#6133,.T.);
#6133 = EDGE_LOOP('',(#6134,#6143,#6144,#6145));
#6134 = ORIENTED_EDGE('',*,*,#6135,.F.);
#6135 = EDGE_CURVE('',#5681,#6136,#6138,.T.);
#6136 = VERTEX_POINT('',#6137);
#6137 = CARTESIAN_POINT('',(101.2,144.3,-23.5));
#6138 = CIRCLE('',#6139,0.7);
#6139 = AXIS2_PLACEMENT_3D('',#6140,#6141,#6142);
#6140 = CARTESIAN_POINT('',(101.9,144.3,-23.5));
#6141 = DIRECTION('',(0.,0.,1.));
#6142 = DIRECTION('',(1.,0.,0.));
#6143 = ORIENTED_EDGE('',*,*,#5680,.T.);
#6144 = ORIENTED_EDGE('',*,*,#6094,.T.);
#6145 = ORIENTED_EDGE('',*,*,#6146,.F.);
#6146 = EDGE_CURVE('',#6136,#6087,#6147,.T.);
#6147 = CIRCLE('',#6148,0.7);
#6148 = AXIS2_PLACEMENT_3D('',#6149,#6150,#6151);
#6149 = CARTESIAN_POINT('',(100.5,144.3,-23.5));
#6150 = DIRECTION('',(-0.,1.,0.));
#6151 = DIRECTION('',(1.,0.,0.));
#6152 = TOROIDAL_SURFACE('',#6153,1.4,0.7);
#6153 = AXIS2_PLACEMENT_3D('',#6154,#6155,#6156);
#6154 = CARTESIAN_POINT('',(100.5,144.3,-23.5));
#6155 = DIRECTION('',(0.,1.,0.));
#6156 = DIRECTION('',(1.,0.,0.));
#6157 = ADVANCED_FACE('',(#6158),#6178,.T.);
#6158 = FACE_BOUND('',#6159,.T.);
#6159 = EDGE_LOOP('',(#6160,#6161,#6162,#6171));
#6160 = ORIENTED_EDGE('',*,*,#6119,.F.);
#6161 = ORIENTED_EDGE('',*,*,#5697,.T.);
#6162 = ORIENTED_EDGE('',*,*,#6163,.T.);
#6163 = EDGE_CURVE('',#5690,#6164,#6166,.T.);
#6164 = VERTEX_POINT('',#6165);
#6165 = CARTESIAN_POINT('',(101.2,144.3,1.5));
#6166 = CIRCLE('',#6167,0.7);
#6167 = AXIS2_PLACEMENT_3D('',#6168,#6169,#6170);
#6168 = CARTESIAN_POINT('',(101.9,144.3,1.5));
#6169 = DIRECTION('',(-2.832769448824E-16,0.,1.));
#6170 = DIRECTION('',(1.,0.,2.832769448824E-16));
#6171 = ORIENTED_EDGE('',*,*,#6172,.F.);
#6172 = EDGE_CURVE('',#6112,#6164,#6173,.T.);
#6173 = CIRCLE('',#6174,0.7);
#6174 = AXIS2_PLACEMENT_3D('',#6175,#6176,#6177);
#6175 = CARTESIAN_POINT('',(100.5,144.3,1.5));
#6176 = DIRECTION('',(0.,1.,0.));
#6177 = DIRECTION('',(0.,0.,1.));
#6178 = TOROIDAL_SURFACE('',#6179,1.4,0.7);
#6179 = AXIS2_PLACEMENT_3D('',#6180,#6181,#6182);
#6180 = CARTESIAN_POINT('',(100.5,144.3,1.5));
#6181 = DIRECTION('',(0.,1.,0.));
#6182 = DIRECTION('',(0.,0.,1.));
#6183 = ADVANCED_FACE('',(#6184),#6195,.T.);
#6184 = FACE_BOUND('',#6185,.T.);
#6185 = EDGE_LOOP('',(#6186,#6187,#6193,#6194));
#6186 = ORIENTED_EDGE('',*,*,#6135,.T.);
#6187 = ORIENTED_EDGE('',*,*,#6188,.T.);
#6188 = EDGE_CURVE('',#6136,#6164,#6189,.T.);
#6189 = LINE('',#6190,#6191);
#6190 = CARTESIAN_POINT('',(101.2,144.3,-24.2));
#6191 = VECTOR('',#6192,1.);
#6192 = DIRECTION('',(0.,0.,1.));
#6193 = ORIENTED_EDGE('',*,*,#6163,.F.);
#6194 = ORIENTED_EDGE('',*,*,#5689,.F.);
#6195 = CYLINDRICAL_SURFACE('',#6196,0.7);
#6196 = AXIS2_PLACEMENT_3D('',#6197,#6198,#6199);
#6197 = CARTESIAN_POINT('',(101.9,144.3,-24.2));
#6198 = DIRECTION('',(0.,0.,1.));
#6199 = DIRECTION('',(0.,1.,0.));
#6200 = ADVANCED_FACE('',(#6201),#6221,.T.);
#6201 = FACE_BOUND('',#6202,.F.);
#6202 = EDGE_LOOP('',(#6203,#6212,#6213,#6214));
#6203 = ORIENTED_EDGE('',*,*,#6204,.F.);
#6204 = EDGE_CURVE('',#5730,#6205,#6207,.T.);
#6205 = VERTEX_POINT('',#6206);
#6206 = CARTESIAN_POINT('',(92.8,112.,-15.05));
#6207 = CIRCLE('',#6208,0.7);
#6208 = AXIS2_PLACEMENT_3D('',#6209,#6210,#6211);
#6209 = CARTESIAN_POINT('',(92.1,112.,-15.05));
#6210 = DIRECTION('',(0.,-1.,0.));
#6211 = DIRECTION('',(0.,0.,1.));
#6212 = ORIENTED_EDGE('',*,*,#5737,.F.);
#6213 = ORIENTED_EDGE('',*,*,#6204,.T.);
#6214 = ORIENTED_EDGE('',*,*,#6215,.T.);
#6215 = EDGE_CURVE('',#6205,#6205,#6216,.T.);
#6216 = CIRCLE('',#6217,1.95);
#6217 = AXIS2_PLACEMENT_3D('',#6218,#6219,#6220);
#6218 = CARTESIAN_POINT('',(92.8,112.,-17.));
#6219 = DIRECTION('',(1.,0.,-0.));
#6220 = DIRECTION('',(0.,0.,1.));
#6221 = TOROIDAL_SURFACE('',#6222,1.95,0.7);
#6222 = AXIS2_PLACEMENT_3D('',#6223,#6224,#6225);
#6223 = CARTESIAN_POINT('',(92.1,112.,-17.));
#6224 = DIRECTION('',(-1.,0.,0.));
#6225 = DIRECTION('',(0.,0.,1.));
#6226 = ADVANCED_FACE('',(#6227),#6247,.T.);
#6227 = FACE_BOUND('',#6228,.F.);
#6228 = EDGE_LOOP('',(#6229,#6238,#6239,#6240));
#6229 = ORIENTED_EDGE('',*,*,#6230,.F.);
#6230 = EDGE_CURVE('',#5755,#6231,#6233,.T.);
#6231 = VERTEX_POINT('',#6232);
#6232 = CARTESIAN_POINT('',(92.8,112.,-9.05));
#6233 = CIRCLE('',#6234,0.7);
#6234 = AXIS2_PLACEMENT_3D('',#6235,#6236,#6237);
#6235 = CARTESIAN_POINT('',(92.1,112.,-9.05));
#6236 = DIRECTION('',(0.,-1.,0.));
#6237 = DIRECTION('',(0.,0.,1.));
#6238 = ORIENTED_EDGE('',*,*,#5762,.F.);
#6239 = ORIENTED_EDGE('',*,*,#6230,.T.);
#6240 = ORIENTED_EDGE('',*,*,#6241,.T.);
#6241 = EDGE_CURVE('',#6231,#6231,#6242,.T.);
#6242 = CIRCLE('',#6243,1.95);
#6243 = AXIS2_PLACEMENT_3D('',#6244,#6245,#6246);
#6244 = CARTESIAN_POINT('',(92.8,112.,-11.));
#6245 = DIRECTION('',(1.,0.,-0.));
#6246 = DIRECTION('',(0.,0.,1.));
#6247 = TOROIDAL_SURFACE('',#6248,1.95,0.7);
#6248 = AXIS2_PLACEMENT_3D('',#6249,#6250,#6251);
#6249 = CARTESIAN_POINT('',(92.1,112.,-11.));
#6250 = DIRECTION('',(-1.,0.,0.));
#6251 = DIRECTION('',(0.,0.,1.));
#6252 = ADVANCED_FACE('',(#6253),#6273,.T.);
#6253 = FACE_BOUND('',#6254,.F.);
#6254 = EDGE_LOOP('',(#6255,#6264,#6265,#6266));
#6255 = ORIENTED_EDGE('',*,*,#6256,.F.);
#6256 = EDGE_CURVE('',#5780,#6257,#6259,.T.);
#6257 = VERTEX_POINT('',#6258);
#6258 = CARTESIAN_POINT('',(92.8,112.,-3.05));
#6259 = CIRCLE('',#6260,0.7);
#6260 = AXIS2_PLACEMENT_3D('',#6261,#6262,#6263);
#6261 = CARTESIAN_POINT('',(92.1,112.,-3.05));
#6262 = DIRECTION('',(0.,-1.,0.));
#6263 = DIRECTION('',(0.,0.,1.));
#6264 = ORIENTED_EDGE('',*,*,#5787,.F.);
#6265 = ORIENTED_EDGE('',*,*,#6256,.T.);
#6266 = ORIENTED_EDGE('',*,*,#6267,.T.);
#6267 = EDGE_CURVE('',#6257,#6257,#6268,.T.);
#6268 = CIRCLE('',#6269,1.95);
#6269 = AXIS2_PLACEMENT_3D('',#6270,#6271,#6272);
#6270 = CARTESIAN_POINT('',(92.8,112.,-5.));
#6271 = DIRECTION('',(1.,0.,-0.));
#6272 = DIRECTION('',(0.,0.,1.));
#6273 = TOROIDAL_SURFACE('',#6274,1.95,0.7);
#6274 = AXIS2_PLACEMENT_3D('',#6275,#6276,#6277);
#6275 = CARTESIAN_POINT('',(92.1,112.,-5.));
#6276 = DIRECTION('',(-1.,0.,0.));
#6277 = DIRECTION('',(0.,0.,1.));
#6278 = ADVANCED_FACE('',(#6279),#6284,.T.);
#6279 = FACE_BOUND('',#6280,.F.);
#6280 = EDGE_LOOP('',(#6281,#6282,#6283));
#6281 = ORIENTED_EDGE('',*,*,#5840,.F.);
#6282 = ORIENTED_EDGE('',*,*,#5891,.T.);
#6283 = ORIENTED_EDGE('',*,*,#5806,.F.);
#6284 = SPHERICAL_SURFACE('',#6285,0.7);
#6285 = AXIS2_PLACEMENT_3D('',#6286,#6287,#6288);
#6286 = CARTESIAN_POINT('',(102.3,102.7,-25.3));
#6287 = DIRECTION('',(-1.,0.,0.));
#6288 = DIRECTION('',(0.,-1.,0.));
#6289 = ADVANCED_FACE('',(#6290),#6295,.T.);
#6290 = FACE_BOUND('',#6291,.F.);
#6291 = EDGE_LOOP('',(#6292,#6293,#6294));
#6292 = ORIENTED_EDGE('',*,*,#5824,.F.);
#6293 = ORIENTED_EDGE('',*,*,#5940,.T.);
#6294 = ORIENTED_EDGE('',*,*,#5857,.F.);
#6295 = SPHERICAL_SURFACE('',#6296,0.7);
#6296 = AXIS2_PLACEMENT_3D('',#6297,#6298,#6299);
#6297 = CARTESIAN_POINT('',(102.3,102.7,3.3));
#6298 = DIRECTION('',(-0.,-0.,-1.));
#6299 = DIRECTION('',(0.,-1.,0.));
#6300 = ADVANCED_FACE('',(#6301),#6307,.T.);
#6301 = FACE_BOUND('',#6302,.T.);
#6302 = EDGE_LOOP('',(#6303,#6304,#6305,#6306));
#6303 = ORIENTED_EDGE('',*,*,#5849,.F.);
#6304 = ORIENTED_EDGE('',*,*,#5898,.T.);
#6305 = ORIENTED_EDGE('',*,*,#5978,.T.);
#6306 = ORIENTED_EDGE('',*,*,#5947,.F.);
#6307 = PLANE('',#6308);
#6308 = AXIS2_PLACEMENT_3D('',#6309,#6310,#6311);
#6309 = CARTESIAN_POINT('',(103.,102.,-26.));
#6310 = DIRECTION('',(1.,0.,0.));
#6311 = DIRECTION('',(0.,0.,1.));
#6312 = ADVANCED_FACE('',(#6313),#6318,.T.);
#6313 = FACE_BOUND('',#6314,.F.);
#6314 = EDGE_LOOP('',(#6315,#6316,#6317));
#6315 = ORIENTED_EDGE('',*,*,#5906,.F.);
#6316 = ORIENTED_EDGE('',*,*,#5971,.T.);
#6317 = ORIENTED_EDGE('',*,*,#5875,.F.);
#6318 = SPHERICAL_SURFACE('',#6319,0.7);
#6319 = AXIS2_PLACEMENT_3D('',#6320,#6321,#6322);
#6320 = CARTESIAN_POINT('',(102.3,144.3,-25.3));
#6321 = DIRECTION('',(-1.,0.,0.));
#6322 = DIRECTION('',(0.,0.,-1.));
#6323 = ADVANCED_FACE('',(#6324),#6329,.T.);
#6324 = FACE_BOUND('',#6325,.T.);
#6325 = EDGE_LOOP('',(#6326,#6327,#6328));
#6326 = ORIENTED_EDGE('',*,*,#5955,.F.);
#6327 = ORIENTED_EDGE('',*,*,#5984,.T.);
#6328 = ORIENTED_EDGE('',*,*,#5924,.F.);
#6329 = SPHERICAL_SURFACE('',#6330,0.7);
#6330 = AXIS2_PLACEMENT_3D('',#6331,#6332,#6333);
#6331 = CARTESIAN_POINT('',(102.3,144.3,3.3));
#6332 = DIRECTION('',(-1.,0.,0.));
#6333 = DIRECTION('',(0.,0.,1.));
#6334 = ADVANCED_FACE('',(#6335,#6360,#6363,#6366),#6369,.T.);
#6335 = FACE_BOUND('',#6336,.T.);
#6336 = EDGE_LOOP('',(#6337,#6338,#6346,#6354));
#6337 = ORIENTED_EDGE('',*,*,#6009,.T.);
#6338 = ORIENTED_EDGE('',*,*,#6339,.F.);
#6339 = EDGE_CURVE('',#6340,#6010,#6342,.T.);
#6340 = VERTEX_POINT('',#6341);
#6341 = CARTESIAN_POINT('',(92.8,104.5,1.5));
#6342 = LINE('',#6343,#6344);
#6343 = CARTESIAN_POINT('',(92.8,103.8,1.5));
#6344 = VECTOR('',#6345,1.);
#6345 = DIRECTION('',(0.,1.,0.));
#6346 = ORIENTED_EDGE('',*,*,#6347,.F.);
#6347 = EDGE_CURVE('',#6348,#6340,#6350,.T.);
#6348 = VERTEX_POINT('',#6349);
#6349 = CARTESIAN_POINT('',(92.8,104.5,-23.5));
#6350 = LINE('',#6351,#6352);
#6351 = CARTESIAN_POINT('',(92.8,104.5,-24.2));
#6352 = VECTOR('',#6353,1.);
#6353 = DIRECTION('',(0.,0.,1.));
#6354 = ORIENTED_EDGE('',*,*,#6355,.T.);
#6355 = EDGE_CURVE('',#6348,#6001,#6356,.T.);
#6356 = LINE('',#6357,#6358);
#6357 = CARTESIAN_POINT('',(92.8,103.8,-23.5));
#6358 = VECTOR('',#6359,1.);
#6359 = DIRECTION('',(0.,1.,0.));
#6360 = FACE_BOUND('',#6361,.T.);
#6361 = EDGE_LOOP('',(#6362));
#6362 = ORIENTED_EDGE('',*,*,#6215,.F.);
#6363 = FACE_BOUND('',#6364,.T.);
#6364 = EDGE_LOOP('',(#6365));
#6365 = ORIENTED_EDGE('',*,*,#6241,.F.);
#6366 = FACE_BOUND('',#6367,.T.);
#6367 = EDGE_LOOP('',(#6368));
#6368 = ORIENTED_EDGE('',*,*,#6267,.F.);
#6369 = PLANE('',#6370);
#6370 = AXIS2_PLACEMENT_3D('',#6371,#6372,#6373);
#6371 = CARTESIAN_POINT('',(92.8,103.8,-24.2));
#6372 = DIRECTION('',(1.,0.,0.));
#6373 = DIRECTION('',(0.,0.,1.));
#6374 = ADVANCED_FACE('',(#6375),#6394,.F.);
#6375 = FACE_BOUND('',#6376,.T.);
#6376 = EDGE_LOOP('',(#6377,#6386,#6392,#6393));
#6377 = ORIENTED_EDGE('',*,*,#6378,.F.);
#6378 = EDGE_CURVE('',#6379,#6348,#6381,.T.);
#6379 = VERTEX_POINT('',#6380);
#6380 = CARTESIAN_POINT('',(93.5,104.5,-24.2));
#6381 = CIRCLE('',#6382,0.7);
#6382 = AXIS2_PLACEMENT_3D('',#6383,#6384,#6385);
#6383 = CARTESIAN_POINT('',(93.5,104.5,-23.5));
#6384 = DIRECTION('',(0.,1.,-0.));
#6385 = DIRECTION('',(-1.,0.,0.));
#6386 = ORIENTED_EDGE('',*,*,#6387,.T.);
#6387 = EDGE_CURVE('',#6379,#6036,#6388,.T.);
#6388 = LINE('',#6389,#6390);
#6389 = CARTESIAN_POINT('',(93.5,103.8,-24.2));
#6390 = VECTOR('',#6391,1.);
#6391 = DIRECTION('',(0.,1.,0.));
#6392 = ORIENTED_EDGE('',*,*,#6044,.F.);
#6393 = ORIENTED_EDGE('',*,*,#6355,.F.);
#6394 = CYLINDRICAL_SURFACE('',#6395,0.7);
#6395 = AXIS2_PLACEMENT_3D('',#6396,#6397,#6398);
#6396 = CARTESIAN_POINT('',(93.5,103.8,-23.5));
#6397 = DIRECTION('',(0.,1.,0.));
#6398 = DIRECTION('',(-1.,0.,0.));
#6399 = ADVANCED_FACE('',(#6400),#6419,.F.);
#6400 = FACE_BOUND('',#6401,.F.);
#6401 = EDGE_LOOP('',(#6402,#6411,#6417,#6418));
#6402 = ORIENTED_EDGE('',*,*,#6403,.F.);
#6403 = EDGE_CURVE('',#6404,#6340,#6406,.T.);
#6404 = VERTEX_POINT('',#6405);
#6405 = CARTESIAN_POINT('',(93.5,104.5,2.2));
#6406 = CIRCLE('',#6407,0.7);
#6407 = AXIS2_PLACEMENT_3D('',#6408,#6409,#6410);
#6408 = CARTESIAN_POINT('',(93.5,104.5,1.5));
#6409 = DIRECTION('',(0.,-1.,0.));
#6410 = DIRECTION('',(-1.,0.,0.));
#6411 = ORIENTED_EDGE('',*,*,#6412,.T.);
#6412 = EDGE_CURVE('',#6404,#6062,#6413,.T.);
#6413 = LINE('',#6414,#6415);
#6414 = CARTESIAN_POINT('',(93.5,103.8,2.2));
#6415 = VECTOR('',#6416,1.);
#6416 = DIRECTION('',(0.,1.,0.));
#6417 = ORIENTED_EDGE('',*,*,#6070,.F.);
#6418 = ORIENTED_EDGE('',*,*,#6339,.F.);
#6419 = CYLINDRICAL_SURFACE('',#6420,0.7);
#6420 = AXIS2_PLACEMENT_3D('',#6421,#6422,#6423);
#6421 = CARTESIAN_POINT('',(93.5,103.8,1.5));
#6422 = DIRECTION('',(0.,1.,0.));
#6423 = DIRECTION('',(-1.,0.,0.));
#6424 = ADVANCED_FACE('',(#6425),#6443,.T.);
#6425 = FACE_BOUND('',#6426,.T.);
#6426 = EDGE_LOOP('',(#6427,#6428,#6429,#6437));
#6427 = ORIENTED_EDGE('',*,*,#6086,.F.);
#6428 = ORIENTED_EDGE('',*,*,#6387,.F.);
#6429 = ORIENTED_EDGE('',*,*,#6430,.T.);
#6430 = EDGE_CURVE('',#6379,#6431,#6433,.T.);
#6431 = VERTEX_POINT('',#6432);
#6432 = CARTESIAN_POINT('',(100.5,104.5,-24.2));
#6433 = LINE('',#6434,#6435);
#6434 = CARTESIAN_POINT('',(92.8,104.5,-24.2));
#6435 = VECTOR('',#6436,1.);
#6436 = DIRECTION('',(1.,0.,0.));
#6437 = ORIENTED_EDGE('',*,*,#6438,.T.);
#6438 = EDGE_CURVE('',#6431,#6087,#6439,.T.);
#6439 = LINE('',#6440,#6441);
#6440 = CARTESIAN_POINT('',(100.5,103.8,-24.2));
#6441 = VECTOR('',#6442,1.);
#6442 = DIRECTION('',(0.,1.,0.));
#6443 = PLANE('',#6444);
#6444 = AXIS2_PLACEMENT_3D('',#6445,#6446,#6447);
#6445 = CARTESIAN_POINT('',(92.8,103.8,-24.2));
#6446 = DIRECTION('',(0.,0.,1.));
#6447 = DIRECTION('',(1.,0.,0.));
#6448 = ADVANCED_FACE('',(#6449),#6467,.F.);
#6449 = FACE_BOUND('',#6450,.F.);
#6450 = EDGE_LOOP('',(#6451,#6452,#6453,#6461));
#6451 = ORIENTED_EDGE('',*,*,#6111,.F.);
#6452 = ORIENTED_EDGE('',*,*,#6412,.F.);
#6453 = ORIENTED_EDGE('',*,*,#6454,.T.);
#6454 = EDGE_CURVE('',#6404,#6455,#6457,.T.);
#6455 = VERTEX_POINT('',#6456);
#6456 = CARTESIAN_POINT('',(100.5,104.5,2.2));
#6457 = LINE('',#6458,#6459);
#6458 = CARTESIAN_POINT('',(92.8,104.5,2.2));
#6459 = VECTOR('',#6460,1.);
#6460 = DIRECTION('',(1.,0.,0.));
#6461 = ORIENTED_EDGE('',*,*,#6462,.T.);
#6462 = EDGE_CURVE('',#6455,#6112,#6463,.T.);
#6463 = LINE('',#6464,#6465);
#6464 = CARTESIAN_POINT('',(100.5,103.8,2.2));
#6465 = VECTOR('',#6466,1.);
#6466 = DIRECTION('',(0.,1.,0.));
#6467 = PLANE('',#6468);
#6468 = AXIS2_PLACEMENT_3D('',#6469,#6470,#6471);
#6469 = CARTESIAN_POINT('',(92.8,103.8,2.2));
#6470 = DIRECTION('',(0.,0.,1.));
#6471 = DIRECTION('',(1.,0.,0.));
#6472 = ADVANCED_FACE('',(#6473),#6492,.F.);
#6473 = FACE_BOUND('',#6474,.F.);
#6474 = EDGE_LOOP('',(#6475,#6484,#6485,#6486));
#6475 = ORIENTED_EDGE('',*,*,#6476,.F.);
#6476 = EDGE_CURVE('',#6431,#6477,#6479,.T.);
#6477 = VERTEX_POINT('',#6478);
#6478 = CARTESIAN_POINT('',(101.2,104.5,-23.5));
#6479 = CIRCLE('',#6480,0.7);
#6480 = AXIS2_PLACEMENT_3D('',#6481,#6482,#6483);
#6481 = CARTESIAN_POINT('',(100.5,104.5,-23.5));
#6482 = DIRECTION('',(0.,-1.,0.));
#6483 = DIRECTION('',(1.,0.,0.));
#6484 = ORIENTED_EDGE('',*,*,#6438,.T.);
#6485 = ORIENTED_EDGE('',*,*,#6146,.F.);
#6486 = ORIENTED_EDGE('',*,*,#6487,.F.);
#6487 = EDGE_CURVE('',#6477,#6136,#6488,.T.);
#6488 = LINE('',#6489,#6490);
#6489 = CARTESIAN_POINT('',(101.2,103.8,-23.5));
#6490 = VECTOR('',#6491,1.);
#6491 = DIRECTION('',(0.,1.,0.));
#6492 = CYLINDRICAL_SURFACE('',#6493,0.7);
#6493 = AXIS2_PLACEMENT_3D('',#6494,#6495,#6496);
#6494 = CARTESIAN_POINT('',(100.5,103.8,-23.5));
#6495 = DIRECTION('',(0.,1.,0.));
#6496 = DIRECTION('',(1.,0.,0.));
#6497 = ADVANCED_FACE('',(#6498),#6517,.F.);
#6498 = FACE_BOUND('',#6499,.F.);
#6499 = EDGE_LOOP('',(#6500,#6501,#6510,#6516));
#6500 = ORIENTED_EDGE('',*,*,#6462,.F.);
#6501 = ORIENTED_EDGE('',*,*,#6502,.T.);
#6502 = EDGE_CURVE('',#6455,#6503,#6505,.T.);
#6503 = VERTEX_POINT('',#6504);
#6504 = CARTESIAN_POINT('',(101.2,104.5,1.5));
#6505 = CIRCLE('',#6506,0.7);
#6506 = AXIS2_PLACEMENT_3D('',#6507,#6508,#6509);
#6507 = CARTESIAN_POINT('',(100.5,104.5,1.5));
#6508 = DIRECTION('',(0.,1.,0.));
#6509 = DIRECTION('',(0.,0.,1.));
#6510 = ORIENTED_EDGE('',*,*,#6511,.T.);
#6511 = EDGE_CURVE('',#6503,#6164,#6512,.T.);
#6512 = LINE('',#6513,#6514);
#6513 = CARTESIAN_POINT('',(101.2,103.8,1.5));
#6514 = VECTOR('',#6515,1.);
#6515 = DIRECTION('',(0.,1.,0.));
#6516 = ORIENTED_EDGE('',*,*,#6172,.F.);
#6517 = CYLINDRICAL_SURFACE('',#6518,0.7);
#6518 = AXIS2_PLACEMENT_3D('',#6519,#6520,#6521);
#6519 = CARTESIAN_POINT('',(100.5,103.8,1.5));
#6520 = DIRECTION('',(0.,1.,0.));
#6521 = DIRECTION('',(0.,0.,1.));
#6522 = ADVANCED_FACE('',(#6523),#6534,.F.);
#6523 = FACE_BOUND('',#6524,.F.);
#6524 = EDGE_LOOP('',(#6525,#6526,#6527,#6533));
#6525 = ORIENTED_EDGE('',*,*,#6188,.T.);
#6526 = ORIENTED_EDGE('',*,*,#6511,.F.);
#6527 = ORIENTED_EDGE('',*,*,#6528,.F.);
#6528 = EDGE_CURVE('',#6477,#6503,#6529,.T.);
#6529 = LINE('',#6530,#6531);
#6530 = CARTESIAN_POINT('',(101.2,104.5,-24.2));
#6531 = VECTOR('',#6532,1.);
#6532 = DIRECTION('',(0.,0.,1.));
#6533 = ORIENTED_EDGE('',*,*,#6487,.T.);
#6534 = PLANE('',#6535);
#6535 = AXIS2_PLACEMENT_3D('',#6536,#6537,#6538);
#6536 = CARTESIAN_POINT('',(101.2,103.8,-24.2));
#6537 = DIRECTION('',(1.,0.,0.));
#6538 = DIRECTION('',(0.,0.,1.));
#6539 = ADVANCED_FACE('',(#6540),#6567,.F.);
#6540 = FACE_BOUND('',#6541,.F.);
#6541 = EDGE_LOOP('',(#6542,#6543,#6552,#6560));
#6542 = ORIENTED_EDGE('',*,*,#6347,.F.);
#6543 = ORIENTED_EDGE('',*,*,#6544,.T.);
#6544 = EDGE_CURVE('',#6348,#6545,#6547,.T.);
#6545 = VERTEX_POINT('',#6546);
#6546 = CARTESIAN_POINT('',(93.5,103.8,-23.5));
#6547 = CIRCLE('',#6548,0.7);
#6548 = AXIS2_PLACEMENT_3D('',#6549,#6550,#6551);
#6549 = CARTESIAN_POINT('',(93.5,104.5,-23.5));
#6550 = DIRECTION('',(0.,0.,1.));
#6551 = DIRECTION('',(-1.,0.,0.));
#6552 = ORIENTED_EDGE('',*,*,#6553,.T.);
#6553 = EDGE_CURVE('',#6545,#6554,#6556,.T.);
#6554 = VERTEX_POINT('',#6555);
#6555 = CARTESIAN_POINT('',(93.5,103.8,1.5));
#6556 = LINE('',#6557,#6558);
#6557 = CARTESIAN_POINT('',(93.5,103.8,-24.2));
#6558 = VECTOR('',#6559,1.);
#6559 = DIRECTION('',(0.,0.,1.));
#6560 = ORIENTED_EDGE('',*,*,#6561,.F.);
#6561 = EDGE_CURVE('',#6340,#6554,#6562,.T.);
#6562 = CIRCLE('',#6563,0.7);
#6563 = AXIS2_PLACEMENT_3D('',#6564,#6565,#6566);
#6564 = CARTESIAN_POINT('',(93.5,104.5,1.5));
#6565 = DIRECTION('',(0.,0.,1.));
#6566 = DIRECTION('',(-1.,0.,0.));
#6567 = CYLINDRICAL_SURFACE('',#6568,0.7);
#6568 = AXIS2_PLACEMENT_3D('',#6569,#6570,#6571);
#6569 = CARTESIAN_POINT('',(93.5,104.5,-24.2));
#6570 = DIRECTION('',(0.,0.,1.));
#6571 = DIRECTION('',(-1.,0.,0.));
#6572 = ADVANCED_FACE('',(#6573),#6584,.F.);
#6573 = FACE_BOUND('',#6574,.F.);
#6574 = EDGE_LOOP('',(#6575,#6576,#6583));
#6575 = ORIENTED_EDGE('',*,*,#6378,.F.);
#6576 = ORIENTED_EDGE('',*,*,#6577,.T.);
#6577 = EDGE_CURVE('',#6379,#6545,#6578,.T.);
#6578 = CIRCLE('',#6579,0.7);
#6579 = AXIS2_PLACEMENT_3D('',#6580,#6581,#6582);
#6580 = CARTESIAN_POINT('',(93.5,104.5,-23.5));
#6581 = DIRECTION('',(-1.,6.123233995737E-17,0.));
#6582 = DIRECTION('',(-6.123233995737E-17,-1.,0.));
#6583 = ORIENTED_EDGE('',*,*,#6544,.F.);
#6584 = SPHERICAL_SURFACE('',#6585,0.7);
#6585 = AXIS2_PLACEMENT_3D('',#6586,#6587,#6588);
#6586 = CARTESIAN_POINT('',(93.5,104.5,-23.5));
#6587 = DIRECTION('',(0.,0.,1.));
#6588 = DIRECTION('',(-1.,0.,0.));
#6589 = ADVANCED_FACE('',(#6590),#6601,.F.);
#6590 = FACE_BOUND('',#6591,.T.);
#6591 = EDGE_LOOP('',(#6592,#6593,#6600));
#6592 = ORIENTED_EDGE('',*,*,#6403,.F.);
#6593 = ORIENTED_EDGE('',*,*,#6594,.T.);
#6594 = EDGE_CURVE('',#6404,#6554,#6595,.T.);
#6595 = CIRCLE('',#6596,0.7);
#6596 = AXIS2_PLACEMENT_3D('',#6597,#6598,#6599);
#6597 = CARTESIAN_POINT('',(93.5,104.5,1.5));
#6598 = DIRECTION('',(1.,-6.123233995737E-17,0.));
#6599 = DIRECTION('',(-6.123233995737E-17,-1.,0.));
#6600 = ORIENTED_EDGE('',*,*,#6561,.F.);
#6601 = SPHERICAL_SURFACE('',#6602,0.7);
#6602 = AXIS2_PLACEMENT_3D('',#6603,#6604,#6605);
#6603 = CARTESIAN_POINT('',(93.5,104.5,1.5));
#6604 = DIRECTION('',(-0.,-0.,-1.));
#6605 = DIRECTION('',(-1.,0.,0.));
#6606 = ADVANCED_FACE('',(#6607),#6626,.F.);
#6607 = FACE_BOUND('',#6608,.T.);
#6608 = EDGE_LOOP('',(#6609,#6610,#6618,#6625));
#6609 = ORIENTED_EDGE('',*,*,#6577,.T.);
#6610 = ORIENTED_EDGE('',*,*,#6611,.T.);
#6611 = EDGE_CURVE('',#6545,#6612,#6614,.T.);
#6612 = VERTEX_POINT('',#6613);
#6613 = CARTESIAN_POINT('',(100.5,103.8,-23.5));
#6614 = LINE('',#6615,#6616);
#6615 = CARTESIAN_POINT('',(92.8,103.8,-23.5));
#6616 = VECTOR('',#6617,1.);
#6617 = DIRECTION('',(1.,0.,0.));
#6618 = ORIENTED_EDGE('',*,*,#6619,.F.);
#6619 = EDGE_CURVE('',#6431,#6612,#6620,.T.);
#6620 = CIRCLE('',#6621,0.7);
#6621 = AXIS2_PLACEMENT_3D('',#6622,#6623,#6624);
#6622 = CARTESIAN_POINT('',(100.5,104.5,-23.5));
#6623 = DIRECTION('',(-1.,-6.123233995737E-17,0.));
#6624 = DIRECTION('',(6.123233995737E-17,-1.,0.));
#6625 = ORIENTED_EDGE('',*,*,#6430,.F.);
#6626 = CYLINDRICAL_SURFACE('',#6627,0.7);
#6627 = AXIS2_PLACEMENT_3D('',#6628,#6629,#6630);
#6628 = CARTESIAN_POINT('',(92.8,104.5,-23.5));
#6629 = DIRECTION('',(1.,0.,0.));
#6630 = DIRECTION('',(0.,0.,-1.));
#6631 = ADVANCED_FACE('',(#6632),#6651,.F.);
#6632 = FACE_BOUND('',#6633,.F.);
#6633 = EDGE_LOOP('',(#6634,#6635,#6643,#6650));
#6634 = ORIENTED_EDGE('',*,*,#6594,.T.);
#6635 = ORIENTED_EDGE('',*,*,#6636,.T.);
#6636 = EDGE_CURVE('',#6554,#6637,#6639,.T.);
#6637 = VERTEX_POINT('',#6638);
#6638 = CARTESIAN_POINT('',(100.5,103.8,1.5));
#6639 = LINE('',#6640,#6641);
#6640 = CARTESIAN_POINT('',(92.8,103.8,1.5));
#6641 = VECTOR('',#6642,1.);
#6642 = DIRECTION('',(1.,0.,0.));
#6643 = ORIENTED_EDGE('',*,*,#6644,.T.);
#6644 = EDGE_CURVE('',#6637,#6455,#6645,.T.);
#6645 = CIRCLE('',#6646,0.7);
#6646 = AXIS2_PLACEMENT_3D('',#6647,#6648,#6649);
#6647 = CARTESIAN_POINT('',(100.5,104.5,1.5));
#6648 = DIRECTION('',(-1.,0.,0.));
#6649 = DIRECTION('',(0.,0.,1.));
#6650 = ORIENTED_EDGE('',*,*,#6454,.F.);
#6651 = CYLINDRICAL_SURFACE('',#6652,0.7);
#6652 = AXIS2_PLACEMENT_3D('',#6653,#6654,#6655);
#6653 = CARTESIAN_POINT('',(92.8,104.5,1.5));
#6654 = DIRECTION('',(1.,0.,0.));
#6655 = DIRECTION('',(0.,0.,1.));
#6656 = ADVANCED_FACE('',(#6657),#6668,.F.);
#6657 = FACE_BOUND('',#6658,.T.);
#6658 = EDGE_LOOP('',(#6659,#6660,#6661));
#6659 = ORIENTED_EDGE('',*,*,#6476,.F.);
#6660 = ORIENTED_EDGE('',*,*,#6619,.T.);
#6661 = ORIENTED_EDGE('',*,*,#6662,.F.);
#6662 = EDGE_CURVE('',#6477,#6612,#6663,.T.);
#6663 = CIRCLE('',#6664,0.7);
#6664 = AXIS2_PLACEMENT_3D('',#6665,#6666,#6667);
#6665 = CARTESIAN_POINT('',(100.5,104.5,-23.5));
#6666 = DIRECTION('',(0.,0.,-1.));
#6667 = DIRECTION('',(1.,0.,0.));
#6668 = SPHERICAL_SURFACE('',#6669,0.7);
#6669 = AXIS2_PLACEMENT_3D('',#6670,#6671,#6672);
#6670 = CARTESIAN_POINT('',(100.5,104.5,-23.5));
#6671 = DIRECTION('',(0.,0.,1.));
#6672 = DIRECTION('',(1.,0.,0.));
#6673 = ADVANCED_FACE('',(#6674),#6685,.F.);
#6674 = FACE_BOUND('',#6675,.F.);
#6675 = EDGE_LOOP('',(#6676,#6677,#6684));
#6676 = ORIENTED_EDGE('',*,*,#6644,.F.);
#6677 = ORIENTED_EDGE('',*,*,#6678,.T.);
#6678 = EDGE_CURVE('',#6637,#6503,#6679,.T.);
#6679 = CIRCLE('',#6680,0.7);
#6680 = AXIS2_PLACEMENT_3D('',#6681,#6682,#6683);
#6681 = CARTESIAN_POINT('',(100.5,104.5,1.5));
#6682 = DIRECTION('',(-2.832769448824E-16,0.,1.));
#6683 = DIRECTION('',(1.,0.,2.832769448824E-16));
#6684 = ORIENTED_EDGE('',*,*,#6502,.F.);
#6685 = SPHERICAL_SURFACE('',#6686,0.7);
#6686 = AXIS2_PLACEMENT_3D('',#6687,#6688,#6689);
#6687 = CARTESIAN_POINT('',(100.5,104.5,1.5));
#6688 = DIRECTION('',(0.,1.,0.));
#6689 = DIRECTION('',(0.,0.,1.));
#6690 = ADVANCED_FACE('',(#6691),#6702,.F.);
#6691 = FACE_BOUND('',#6692,.T.);
#6692 = EDGE_LOOP('',(#6693,#6694,#6695,#6701));
#6693 = ORIENTED_EDGE('',*,*,#6528,.F.);
#6694 = ORIENTED_EDGE('',*,*,#6662,.T.);
#6695 = ORIENTED_EDGE('',*,*,#6696,.T.);
#6696 = EDGE_CURVE('',#6612,#6637,#6697,.T.);
#6697 = LINE('',#6698,#6699);
#6698 = CARTESIAN_POINT('',(100.5,103.8,-24.2));
#6699 = VECTOR('',#6700,1.);
#6700 = DIRECTION('',(0.,0.,1.));
#6701 = ORIENTED_EDGE('',*,*,#6678,.T.);
#6702 = CYLINDRICAL_SURFACE('',#6703,0.7);
#6703 = AXIS2_PLACEMENT_3D('',#6704,#6705,#6706);
#6704 = CARTESIAN_POINT('',(100.5,104.5,-24.2));
#6705 = DIRECTION('',(0.,0.,1.));
#6706 = DIRECTION('',(1.,0.,0.));
#6707 = ADVANCED_FACE('',(#6708),#6714,.T.);
#6708 = FACE_BOUND('',#6709,.T.);
#6709 = EDGE_LOOP('',(#6710,#6711,#6712,#6713));
#6710 = ORIENTED_EDGE('',*,*,#6553,.T.);
#6711 = ORIENTED_EDGE('',*,*,#6636,.T.);
#6712 = ORIENTED_EDGE('',*,*,#6696,.F.);
#6713 = ORIENTED_EDGE('',*,*,#6611,.F.);
#6714 = PLANE('',#6715);
#6715 = AXIS2_PLACEMENT_3D('',#6716,#6717,#6718);
#6716 = CARTESIAN_POINT('',(92.8,103.8,-24.2));
#6717 = DIRECTION('',(0.,1.,0.));
#6718 = DIRECTION('',(0.,0.,1.));
#6719 = MANIFOLD_SOLID_BREP('',#6720);
#6720 = CLOSED_SHELL('',(#6721,#6761,#6801,#6841,#6874,#6956,#7033,#7066
    ,#7091,#7132,#7165,#7182,#7199,#7230,#7247,#7287,#7312,#7329,#7347,
    #7380,#7429,#7460,#7477,#7540,#7569,#7586,#7610,#7628,#7661,#7679,
    #7704,#7743,#7761,#7779,#7796,#7827,#7865,#7892,#7921,#7954,#7989,
    #8019,#8052,#8085,#8103,#8114,#8126,#8137,#8156,#8167,#8179,#8190,
    #8201,#8218,#8235,#8266,#8297,#8314,#8331,#8362,#8393,#8411,#8429,
    #8462,#8480,#8527,#8545,#8576,#8605,#8616,#8627,#8662,#8673,#8704,
    #8715,#8749,#8782,#8816,#8849,#8866,#8883,#8930,#8970,#8987,#9004,
    #9044,#9075,#9133,#9151,#9175,#9204,#9222,#9254,#9280,#9328,#9362,
    #9388,#9434,#9474,#9507,#9534,#9567,#9584,#9600,#9633,#9644,#9661,
    #9692,#9710,#9735,#9768,#9785,#9809,#9834,#9852,#9883,#9894,#9911,
    #9928,#9946));
#6721 = ADVANCED_FACE('',(#6722),#6756,.F.);
#6722 = FACE_BOUND('',#6723,.F.);
#6723 = EDGE_LOOP('',(#6724,#6734,#6742,#6750));
#6724 = ORIENTED_EDGE('',*,*,#6725,.F.);
#6725 = EDGE_CURVE('',#6726,#6728,#6730,.T.);
#6726 = VERTEX_POINT('',#6727);
#6727 = CARTESIAN_POINT('',(-65.2,-2.22044604925E-16,9.8));
#6728 = VERTEX_POINT('',#6729);
#6729 = CARTESIAN_POINT('',(-64.,-3.330669073875E-16,9.8));
#6730 = LINE('',#6731,#6732);
#6731 = CARTESIAN_POINT('',(-67.,-2.22044604925E-16,9.8));
#6732 = VECTOR('',#6733,1.);
#6733 = DIRECTION('',(1.,0.,0.));
#6734 = ORIENTED_EDGE('',*,*,#6735,.T.);
#6735 = EDGE_CURVE('',#6726,#6736,#6738,.T.);
#6736 = VERTEX_POINT('',#6737);
#6737 = CARTESIAN_POINT('',(-65.2,-3.330669073875E-16,13.));
#6738 = LINE('',#6739,#6740);
#6739 = CARTESIAN_POINT('',(-65.2,-2.22044604925E-16,8.));
#6740 = VECTOR('',#6741,1.);
#6741 = DIRECTION('',(0.,0.,1.));
#6742 = ORIENTED_EDGE('',*,*,#6743,.T.);
#6743 = EDGE_CURVE('',#6736,#6744,#6746,.T.);
#6744 = VERTEX_POINT('',#6745);
#6745 = CARTESIAN_POINT('',(-64.,-4.440892098501E-16,13.));
#6746 = LINE('',#6747,#6748);
#6747 = CARTESIAN_POINT('',(-80.,-4.440892098501E-16,13.));
#6748 = VECTOR('',#6749,1.);
#6749 = DIRECTION('',(1.,0.,0.));
#6750 = ORIENTED_EDGE('',*,*,#6751,.F.);
#6751 = EDGE_CURVE('',#6728,#6744,#6752,.T.);
#6752 = LINE('',#6753,#6754);
#6753 = CARTESIAN_POINT('',(-64.,-4.440892098501E-16,5.));
#6754 = VECTOR('',#6755,1.);
#6755 = DIRECTION('',(0.,0.,1.));
#6756 = PLANE('',#6757);
#6757 = AXIS2_PLACEMENT_3D('',#6758,#6759,#6760);
#6758 = CARTESIAN_POINT('',(-67.,0.,8.));
#6759 = DIRECTION('',(0.,1.,0.));
#6760 = DIRECTION('',(0.,0.,1.));
#6761 = ADVANCED_FACE('',(#6762),#6796,.F.);
#6762 = FACE_BOUND('',#6763,.F.);
#6763 = EDGE_LOOP('',(#6764,#6774,#6782,#6788,#6789,#6790));
#6764 = ORIENTED_EDGE('',*,*,#6765,.F.);
#6765 = EDGE_CURVE('',#6766,#6768,#6770,.T.);
#6766 = VERTEX_POINT('',#6767);
#6767 = CARTESIAN_POINT('',(-78.,-4.440892098501E-16,7.));
#6768 = VERTEX_POINT('',#6769);
#6769 = CARTESIAN_POINT('',(-64.,-4.440892098501E-16,7.));
#6770 = LINE('',#6771,#6772);
#6771 = CARTESIAN_POINT('',(-80.,-4.440892098501E-16,7.));
#6772 = VECTOR('',#6773,1.);
#6773 = DIRECTION('',(1.,0.,0.));
#6774 = ORIENTED_EDGE('',*,*,#6775,.T.);
#6775 = EDGE_CURVE('',#6766,#6776,#6778,.T.);
#6776 = VERTEX_POINT('',#6777);
#6777 = CARTESIAN_POINT('',(-78.,-4.440892098501E-16,13.));
#6778 = LINE('',#6779,#6780);
#6779 = CARTESIAN_POINT('',(-78.,-4.440892098501E-16,5.));
#6780 = VECTOR('',#6781,1.);
#6781 = DIRECTION('',(0.,0.,1.));
#6782 = ORIENTED_EDGE('',*,*,#6783,.T.);
#6783 = EDGE_CURVE('',#6776,#6736,#6784,.T.);
#6784 = LINE('',#6785,#6786);
#6785 = CARTESIAN_POINT('',(-80.,-4.440892098501E-16,13.));
#6786 = VECTOR('',#6787,1.);
#6787 = DIRECTION('',(1.,0.,0.));
#6788 = ORIENTED_EDGE('',*,*,#6735,.F.);
#6789 = ORIENTED_EDGE('',*,*,#6725,.T.);
#6790 = ORIENTED_EDGE('',*,*,#6791,.F.);
#6791 = EDGE_CURVE('',#6768,#6728,#6792,.T.);
#6792 = LINE('',#6793,#6794);
#6793 = CARTESIAN_POINT('',(-64.,-4.440892098501E-16,5.));
#6794 = VECTOR('',#6795,1.);
#6795 = DIRECTION('',(0.,0.,1.));
#6796 = PLANE('',#6797);
#6797 = AXIS2_PLACEMENT_3D('',#6798,#6799,#6800);
#6798 = CARTESIAN_POINT('',(-80.,0.,5.));
#6799 = DIRECTION('',(0.,1.,0.));
#6800 = DIRECTION('',(0.,0.,1.));
#6801 = ADVANCED_FACE('',(#6802),#6836,.F.);
#6802 = FACE_BOUND('',#6803,.F.);
#6803 = EDGE_LOOP('',(#6804,#6805,#6813,#6821,#6829,#6835));
#6804 = ORIENTED_EDGE('',*,*,#6743,.F.);
#6805 = ORIENTED_EDGE('',*,*,#6806,.T.);
#6806 = EDGE_CURVE('',#6736,#6807,#6809,.T.);
#6807 = VERTEX_POINT('',#6808);
#6808 = CARTESIAN_POINT('',(-65.2,-2.22044604925E-16,14.2));
#6809 = LINE('',#6810,#6811);
#6810 = CARTESIAN_POINT('',(-65.2,-2.22044604925E-16,8.));
#6811 = VECTOR('',#6812,1.);
#6812 = DIRECTION('',(0.,0.,1.));
#6813 = ORIENTED_EDGE('',*,*,#6814,.T.);
#6814 = EDGE_CURVE('',#6807,#6815,#6817,.T.);
#6815 = VERTEX_POINT('',#6816);
#6816 = CARTESIAN_POINT('',(-10.8,-2.22044604925E-16,14.2));
#6817 = LINE('',#6818,#6819);
#6818 = CARTESIAN_POINT('',(-67.,-2.22044604925E-16,14.2));
#6819 = VECTOR('',#6820,1.);
#6820 = DIRECTION('',(1.,0.,0.));
#6821 = ORIENTED_EDGE('',*,*,#6822,.F.);
#6822 = EDGE_CURVE('',#6823,#6815,#6825,.T.);
#6823 = VERTEX_POINT('',#6824);
#6824 = CARTESIAN_POINT('',(-10.8,-2.22044604925E-16,9.8));
#6825 = LINE('',#6826,#6827);
#6826 = CARTESIAN_POINT('',(-10.8,-2.22044604925E-16,8.));
#6827 = VECTOR('',#6828,1.);
#6828 = DIRECTION('',(0.,0.,1.));
#6829 = ORIENTED_EDGE('',*,*,#6830,.F.);
#6830 = EDGE_CURVE('',#6728,#6823,#6831,.T.);
#6831 = LINE('',#6832,#6833);
#6832 = CARTESIAN_POINT('',(-67.,-2.22044604925E-16,9.8));
#6833 = VECTOR('',#6834,1.);
#6834 = DIRECTION('',(1.,0.,0.));
#6835 = ORIENTED_EDGE('',*,*,#6751,.T.);
#6836 = PLANE('',#6837);
#6837 = AXIS2_PLACEMENT_3D('',#6838,#6839,#6840);
#6838 = CARTESIAN_POINT('',(-67.,0.,8.));
#6839 = DIRECTION('',(0.,1.,0.));
#6840 = DIRECTION('',(0.,0.,1.));
#6841 = ADVANCED_FACE('',(#6842),#6869,.T.);
#6842 = FACE_BOUND('',#6843,.T.);
#6843 = EDGE_LOOP('',(#6844,#6853,#6861,#6868));
#6844 = ORIENTED_EDGE('',*,*,#6845,.F.);
#6845 = EDGE_CURVE('',#6846,#6766,#6848,.T.);
#6846 = VERTEX_POINT('',#6847);
#6847 = CARTESIAN_POINT('',(-78.,2.,5.));
#6848 = CIRCLE('',#6849,2.);
#6849 = AXIS2_PLACEMENT_3D('',#6850,#6851,#6852);
#6850 = CARTESIAN_POINT('',(-78.,2.,7.));
#6851 = DIRECTION('',(-1.,6.123233995737E-17,0.));
#6852 = DIRECTION('',(-6.123233995737E-17,-1.,0.));
#6853 = ORIENTED_EDGE('',*,*,#6854,.T.);
#6854 = EDGE_CURVE('',#6846,#6855,#6857,.T.);
#6855 = VERTEX_POINT('',#6856);
#6856 = CARTESIAN_POINT('',(-64.,2.,5.));
#6857 = LINE('',#6858,#6859);
#6858 = CARTESIAN_POINT('',(-80.,2.,5.));
#6859 = VECTOR('',#6860,1.);
#6860 = DIRECTION('',(1.,0.,0.));
#6861 = ORIENTED_EDGE('',*,*,#6862,.T.);
#6862 = EDGE_CURVE('',#6855,#6768,#6863,.T.);
#6863 = CIRCLE('',#6864,2.);
#6864 = AXIS2_PLACEMENT_3D('',#6865,#6866,#6867);
#6865 = CARTESIAN_POINT('',(-64.,2.,7.));
#6866 = DIRECTION('',(-1.,-6.123233995737E-17,0.));
#6867 = DIRECTION('',(6.123233995737E-17,-1.,0.));
#6868 = ORIENTED_EDGE('',*,*,#6765,.F.);
#6869 = CYLINDRICAL_SURFACE('',#6870,2.);
#6870 = AXIS2_PLACEMENT_3D('',#6871,#6872,#6873);
#6871 = CARTESIAN_POINT('',(-80.,2.,7.));
#6872 = DIRECTION('',(1.,0.,0.));
#6873 = DIRECTION('',(0.,-1.,0.));
#6874 = ADVANCED_FACE('',(#6875),#6951,.T.);
#6875 = FACE_BOUND('',#6876,.F.);
#6876 = EDGE_LOOP('',(#6877,#6887,#6894,#6895,#6944));
#6877 = ORIENTED_EDGE('',*,*,#6878,.F.);
#6878 = EDGE_CURVE('',#6879,#6881,#6883,.T.);
#6879 = VERTEX_POINT('',#6880);
#6880 = CARTESIAN_POINT('',(-62.,2.,7.));
#6881 = VERTEX_POINT('',#6882);
#6882 = CARTESIAN_POINT('',(-62.,2.,8.));
#6883 = LINE('',#6884,#6885);
#6884 = CARTESIAN_POINT('',(-62.,2.,5.));
#6885 = VECTOR('',#6886,1.);
#6886 = DIRECTION('',(0.,0.,1.));
#6887 = ORIENTED_EDGE('',*,*,#6888,.T.);
#6888 = EDGE_CURVE('',#6879,#6768,#6889,.T.);
#6889 = CIRCLE('',#6890,2.);
#6890 = AXIS2_PLACEMENT_3D('',#6891,#6892,#6893);
#6891 = CARTESIAN_POINT('',(-64.,2.,7.));
#6892 = DIRECTION('',(0.,0.,-1.));
#6893 = DIRECTION('',(1.,0.,0.));
#6894 = ORIENTED_EDGE('',*,*,#6791,.T.);
#6895 = ORIENTED_EDGE('',*,*,#6896,.T.);
#6896 = EDGE_CURVE('',#6728,#6897,#6899,.T.);
#6897 = VERTEX_POINT('',#6898);
#6898 = CARTESIAN_POINT('',(-62.01002512578,1.8,8.));
#6899 = B_SPLINE_CURVE_WITH_KNOTS('',7,(#6900,#6901,#6902,#6903,#6904,
    #6905,#6906,#6907,#6908,#6909,#6910,#6911,#6912,#6913,#6914,#6915,
    #6916,#6917,#6918,#6919,#6920,#6921,#6922,#6923,#6924,#6925,#6926,
    #6927,#6928,#6929,#6930,#6931,#6932,#6933,#6934,#6935,#6936,#6937,
    #6938,#6939,#6940,#6941,#6942,#6943),.UNSPECIFIED.,.F.,.F.,(8,6,6,6,
    6,6,6,8),(0.,6.960042873759E-04,1.344007970863E-03,2.01601116672E-03
    ,0.597266723632,0.742094816874,0.863156610256,1.),.UNSPECIFIED.);
#6900 = CARTESIAN_POINT('',(-64.,-3.330669073875E-16,9.8));
#6901 = CARTESIAN_POINT('',(-63.99975884232,-3.361787929938E-16,
    9.799771217744));
#6902 = CARTESIAN_POINT('',(-63.99951768464,3.39249304064E-08,
    9.799542435485));
#6903 = CARTESIAN_POINT('',(-63.99927652697,1.017747918845E-07,
    9.799313653228));
#6904 = CARTESIAN_POINT('',(-63.9990353693,2.035495861716E-07,
    9.799084870975));
#6905 = CARTESIAN_POINT('',(-63.99879421164,3.392493174249E-07,
    9.79885608873));
#6906 = CARTESIAN_POINT('',(-63.99855305398,5.088739918851E-07,
    9.798627306494));
#6907 = CARTESIAN_POINT('',(-63.99808737036,9.01935248493E-07,
    9.798185520229));
#6908 = CARTESIAN_POINT('',(-63.99786284439,1.120853854297E-06,
    9.797972516199));
#6909 = CARTESIAN_POINT('',(-63.99763831843,1.369179442001E-06,
    9.79775951218));
#6910 = CARTESIAN_POINT('',(-63.99741379247,1.646912019871E-06,
    9.797546508174));
#6911 = CARTESIAN_POINT('',(-63.99718926654,1.954051597736E-06,
    9.797333504183));
#6912 = CARTESIAN_POINT('',(-63.99696474061,2.290598186978E-06,
    9.797120500209));
#6913 = CARTESIAN_POINT('',(-63.99650737324,3.036058899213E-06,
    9.796686603467));
#6914 = CARTESIAN_POINT('',(-63.99627453179,3.447191600407E-06,
    9.7964657107));
#6915 = CARTESIAN_POINT('',(-63.99604169035,3.889949918605E-06,
    9.796244817955));
#6916 = CARTESIAN_POINT('',(-63.99580884894,4.364333870076E-06,
    9.796023925234));
#6917 = CARTESIAN_POINT('',(-63.99557600755,4.870343472877E-06,
    9.795803032538));
#6918 = CARTESIAN_POINT('',(-63.99534316618,5.407978746852E-06,
    9.79558213987));
#6919 = CARTESIAN_POINT('',(-63.78886283038,5.102203715012E-04,
    9.5996977427));
#6920 = CARTESIAN_POINT('',(-63.58456628017,2.582391858274E-02,
    9.405889519728));
#6921 = CARTESIAN_POINT('',(-63.38160035812,7.51289028857E-02,
    9.21363351752));
#6922 = CARTESIAN_POINT('',(-63.1797958601,0.150006152663,9.02302195146)
  );
#6923 = CARTESIAN_POINT('',(-62.98065096901,0.253519818353,
    8.835875248137));
#6924 = CARTESIAN_POINT('',(-62.78795551275,0.389795837636,
    8.656329110443));
#6925 = CARTESIAN_POINT('',(-62.56581344805,0.604733749564,
    8.452894705885));
#6926 = CARTESIAN_POINT('',(-62.5230771102,0.649053949379,8.413939629881
    ));
#6927 = CARTESIAN_POINT('',(-62.48115691717,0.695738992033,
    8.375935793027));
#6928 = CARTESIAN_POINT('',(-62.44016412789,0.744894215186,
    8.339010219737));
#6929 = CARTESIAN_POINT('',(-62.40024026348,0.796621785563,8.30332222456
    ));
#6930 = CARTESIAN_POINT('',(-62.36155699057,0.851018635054,
    8.269064344946));
#6931 = CARTESIAN_POINT('',(-62.29318626704,0.955950894231,
    8.209212041014));
#6932 = CARTESIAN_POINT('',(-62.26304212831,1.005689243421,
    8.183099064362));
#6933 = CARTESIAN_POINT('',(-62.23402714369,1.057411807036,
    8.158280260754));
#6934 = CARTESIAN_POINT('',(-62.20629447684,1.111131901345,8.13492275612
    ));
#6935 = CARTESIAN_POINT('',(-62.18000654864,1.16685289003,8.113205425964
    ));
#6936 = CARTESIAN_POINT('',(-62.15533468579,1.224567277981,
    8.093319435696));
#6937 = CARTESIAN_POINT('',(-62.10660075244,1.351725319214,
    8.055291117694));
#6938 = CARTESIAN_POINT('',(-62.08297528459,1.42187945349,8.037665590999
    ));
#6939 = CARTESIAN_POINT('',(-62.06199210329,1.494373481697,
    8.023011073682));
#6940 = CARTESIAN_POINT('',(-62.04398530832,1.568835142061,
    8.011675723297));
#6941 = CARTESIAN_POINT('',(-62.02921314527,1.644869862734,
    8.003936719267));
#6942 = CARTESIAN_POINT('',(-62.01785778877,1.722065987249,8.));
#6943 = CARTESIAN_POINT('',(-62.01002512578,1.8,8.));
#6944 = ORIENTED_EDGE('',*,*,#6945,.T.);
#6945 = EDGE_CURVE('',#6897,#6881,#6946,.T.);
#6946 = CIRCLE('',#6947,2.);
#6947 = AXIS2_PLACEMENT_3D('',#6948,#6949,#6950);
#6948 = CARTESIAN_POINT('',(-64.,2.,8.));
#6949 = DIRECTION('',(0.,0.,1.));
#6950 = DIRECTION('',(1.,0.,0.));
#6951 = CYLINDRICAL_SURFACE('',#6952,2.);
#6952 = AXIS2_PLACEMENT_3D('',#6953,#6954,#6955);
#6953 = CARTESIAN_POINT('',(-64.,2.,5.));
#6954 = DIRECTION('',(0.,0.,1.));
#6955 = DIRECTION('',(1.,0.,0.));
#6956 = ADVANCED_FACE('',(#6957),#7028,.T.);
#6957 = FACE_BOUND('',#6958,.F.);
#6958 = EDGE_LOOP('',(#6959,#6968,#6976,#6989,#7016,#7027));
#6959 = ORIENTED_EDGE('',*,*,#6960,.F.);
#6960 = EDGE_CURVE('',#6961,#6776,#6963,.T.);
#6961 = VERTEX_POINT('',#6962);
#6962 = CARTESIAN_POINT('',(-78.,2.,15.));
#6963 = CIRCLE('',#6964,2.);
#6964 = AXIS2_PLACEMENT_3D('',#6965,#6966,#6967);
#6965 = CARTESIAN_POINT('',(-78.,2.,13.));
#6966 = DIRECTION('',(1.,-6.123233995737E-17,0.));
#6967 = DIRECTION('',(-6.123233995737E-17,-1.,0.));
#6968 = ORIENTED_EDGE('',*,*,#6969,.T.);
#6969 = EDGE_CURVE('',#6961,#6970,#6972,.T.);
#6970 = VERTEX_POINT('',#6971);
#6971 = CARTESIAN_POINT('',(-66.81245154966,2.,15.));
#6972 = LINE('',#6973,#6974);
#6973 = CARTESIAN_POINT('',(-80.,2.,15.));
#6974 = VECTOR('',#6975,1.);
#6975 = DIRECTION('',(1.,0.,0.));
#6976 = ORIENTED_EDGE('',*,*,#6977,.F.);
#6977 = EDGE_CURVE('',#6978,#6970,#6980,.T.);
#6978 = VERTEX_POINT('',#6979);
#6979 = CARTESIAN_POINT('',(-66.81738668787,1.8,14.989974874213));
#6980 = B_SPLINE_CURVE_WITH_KNOTS('',4,(#6981,#6982,#6983,#6984,#6985,
    #6986,#6987,#6988),.UNSPECIFIED.,.F.,.F.,(5,3,5),(0.,0.967099875061,
    1.),.UNSPECIFIED.);
#6981 = CARTESIAN_POINT('',(-66.81738671732,1.7999994,14.989974813911));
#6982 = CARTESIAN_POINT('',(-66.81502045856,1.848202963224,
    14.994819468979));
#6983 = CARTESIAN_POINT('',(-66.81339111933,1.896552282645,
    14.998106214263));
#6984 = CARTESIAN_POINT('',(-66.81253611464,1.944978582891,
    14.999829551031));
#6985 = CARTESIAN_POINT('',(-66.81245424328,1.995057199247,
    14.999994570821));
#6986 = CARTESIAN_POINT('',(-66.81245244753,1.996704797619,
    14.999998190274));
#6987 = CARTESIAN_POINT('',(-66.81245154966,1.998352398809,15.));
#6988 = CARTESIAN_POINT('',(-66.81245154966,2.,15.));
#6989 = ORIENTED_EDGE('',*,*,#6990,.F.);
#6990 = EDGE_CURVE('',#6991,#6978,#6993,.T.);
#6991 = VERTEX_POINT('',#6992);
#6992 = CARTESIAN_POINT('',(-66.33137084989,0.4,14.2));
#6993 = B_SPLINE_CURVE_WITH_KNOTS('',6,(#6994,#6995,#6996,#6997,#6998,
    #6999,#7000,#7001,#7002,#7003,#7004,#7005,#7006,#7007,#7008,#7009,
    #7010,#7011,#7012,#7013,#7014,#7015),.UNSPECIFIED.,.F.,.F.,(7,5,5,5,
    7),(0.,0.387137944913,0.543797935043,0.878000591374,1.),
  .UNSPECIFIED.);
#6994 = CARTESIAN_POINT('',(-66.33137084989,0.4,14.2));
#6995 = CARTESIAN_POINT('',(-66.39601661104,0.45224166409,14.26965555212
    ));
#6996 = CARTESIAN_POINT('',(-66.45627043834,0.511014154863,
    14.340437801467));
#6997 = CARTESIAN_POINT('',(-66.51192061327,0.576583333691,
    14.411127394358));
#6998 = CARTESIAN_POINT('',(-66.56271688125,0.649035485139,
    14.480465115567));
#6999 = CARTESIAN_POINT('',(-66.60840747188,0.72820775019,
    14.547194326793));
#7000 = CARTESIAN_POINT('',(-66.66508906411,0.848237916569,
    14.635631038546));
#7001 = CARTESIAN_POINT('',(-66.68054334291,0.883843462041,
    14.660489886383));
#7002 = CARTESIAN_POINT('',(-66.69510693967,0.920444934836,
    14.684652471626));
#7003 = CARTESIAN_POINT('',(-66.70876487049,0.958003988883,
    14.708043800598));
#7004 = CARTESIAN_POINT('',(-66.72150336812,0.996474558461,
    14.730592883541));
#7005 = CARTESIAN_POINT('',(-66.75849781401,1.119701551276,
    14.798400684421));
#7006 = CARTESIAN_POINT('',(-66.7794513309,1.20752226639,14.84044546254)
  );
#7007 = CARTESIAN_POINT('',(-66.79603806603,1.298710881,14.877706091763)
  );
#7008 = CARTESIAN_POINT('',(-66.8081925879,1.392608164389,
    14.909680085446));
#7009 = CARTESIAN_POINT('',(-66.81588551489,1.488498207851,
    14.936031138374));
#7010 = CARTESIAN_POINT('',(-66.82031892901,1.621039447087,
    14.964103252043));
#7011 = CARTESIAN_POINT('',(-66.82091225848,1.65664777914,
    14.970839938679));
#7012 = CARTESIAN_POINT('',(-66.82091411499,1.692383591146,
    14.976798596079));
#7013 = CARTESIAN_POINT('',(-66.82032582101,1.72821111074,
    14.981974603919));
#7014 = CARTESIAN_POINT('',(-66.81914922229,1.764094928911,
    14.986366278793));
#7015 = CARTESIAN_POINT('',(-66.81738668787,1.8,14.989974874213));
#7016 = ORIENTED_EDGE('',*,*,#7017,.T.);
#7017 = EDGE_CURVE('',#6991,#6736,#7018,.T.);
#7018 = B_SPLINE_CURVE_WITH_KNOTS('',7,(#7019,#7020,#7021,#7022,#7023,
    #7024,#7025,#7026),.UNSPECIFIED.,.F.,.F.,(8,8),(0.,1.),
  .PIECEWISE_BEZIER_KNOTS.);
#7019 = CARTESIAN_POINT('',(-66.33137140674,0.40000045,14.2000006));
#7020 = CARTESIAN_POINT('',(-66.18194596324,0.279246358176,
    14.03899527002));
#7021 = CARTESIAN_POINT('',(-66.02443871571,0.182718595648,
    13.870913157387));
#7022 = CARTESIAN_POINT('',(-65.86259335329,0.108293320457,
    13.699168790055));
#7023 = CARTESIAN_POINT('',(-65.69853023926,5.393345780709E-02,
    13.525683252525));
#7024 = CARTESIAN_POINT('',(-65.53326503218,1.809415257173E-02,
    13.351292049921));
#7025 = CARTESIAN_POINT('',(-65.36708743902,1.871422313435E-07,
    13.176125653833));
#7026 = CARTESIAN_POINT('',(-65.2,-3.330669073875E-16,13.));
#7027 = ORIENTED_EDGE('',*,*,#6783,.F.);
#7028 = CYLINDRICAL_SURFACE('',#7029,2.);
#7029 = AXIS2_PLACEMENT_3D('',#7030,#7031,#7032);
#7030 = CARTESIAN_POINT('',(-80.,2.,13.));
#7031 = DIRECTION('',(1.,0.,0.));
#7032 = DIRECTION('',(0.,-1.,0.));
#7033 = ADVANCED_FACE('',(#7034),#7061,.T.);
#7034 = FACE_BOUND('',#7035,.T.);
#7035 = EDGE_LOOP('',(#7036,#7046,#7053,#7054));
#7036 = ORIENTED_EDGE('',*,*,#7037,.F.);
#7037 = EDGE_CURVE('',#7038,#7040,#7042,.T.);
#7038 = VERTEX_POINT('',#7039);
#7039 = CARTESIAN_POINT('',(-80.,2.,7.));
#7040 = VERTEX_POINT('',#7041);
#7041 = CARTESIAN_POINT('',(-80.,2.,13.));
#7042 = LINE('',#7043,#7044);
#7043 = CARTESIAN_POINT('',(-80.,2.,5.));
#7044 = VECTOR('',#7045,1.);
#7045 = DIRECTION('',(0.,0.,1.));
#7046 = ORIENTED_EDGE('',*,*,#7047,.T.);
#7047 = EDGE_CURVE('',#7038,#6766,#7048,.T.);
#7048 = CIRCLE('',#7049,2.);
#7049 = AXIS2_PLACEMENT_3D('',#7050,#7051,#7052);
#7050 = CARTESIAN_POINT('',(-78.,2.,7.));
#7051 = DIRECTION('',(0.,0.,1.));
#7052 = DIRECTION('',(-1.,0.,0.));
#7053 = ORIENTED_EDGE('',*,*,#6775,.T.);
#7054 = ORIENTED_EDGE('',*,*,#7055,.F.);
#7055 = EDGE_CURVE('',#7040,#6776,#7056,.T.);
#7056 = CIRCLE('',#7057,2.);
#7057 = AXIS2_PLACEMENT_3D('',#7058,#7059,#7060);
#7058 = CARTESIAN_POINT('',(-78.,2.,13.));
#7059 = DIRECTION('',(0.,0.,1.));
#7060 = DIRECTION('',(-1.,0.,0.));
#7061 = CYLINDRICAL_SURFACE('',#7062,2.);
#7062 = AXIS2_PLACEMENT_3D('',#7063,#7064,#7065);
#7063 = CARTESIAN_POINT('',(-78.,2.,5.));
#7064 = DIRECTION('',(0.,0.,1.));
#7065 = DIRECTION('',(-1.,0.,0.));
#7066 = ADVANCED_FACE('',(#7067),#7086,.T.);
#7067 = FACE_BOUND('',#7068,.T.);
#7068 = EDGE_LOOP('',(#7069,#7070,#7078,#7085));
#7069 = ORIENTED_EDGE('',*,*,#6896,.T.);
#7070 = ORIENTED_EDGE('',*,*,#7071,.T.);
#7071 = EDGE_CURVE('',#6897,#7072,#7074,.T.);
#7072 = VERTEX_POINT('',#7073);
#7073 = CARTESIAN_POINT('',(-10.8,1.8,8.));
#7074 = LINE('',#7075,#7076);
#7075 = CARTESIAN_POINT('',(-67.,1.8,8.));
#7076 = VECTOR('',#7077,1.);
#7077 = DIRECTION('',(1.,0.,0.));
#7078 = ORIENTED_EDGE('',*,*,#7079,.T.);
#7079 = EDGE_CURVE('',#7072,#6823,#7080,.T.);
#7080 = CIRCLE('',#7081,1.8);
#7081 = AXIS2_PLACEMENT_3D('',#7082,#7083,#7084);
#7082 = CARTESIAN_POINT('',(-10.8,1.8,9.8));
#7083 = DIRECTION('',(-1.,-6.123233995737E-17,0.));
#7084 = DIRECTION('',(6.123233995737E-17,-1.,0.));
#7085 = ORIENTED_EDGE('',*,*,#6830,.F.);
#7086 = CYLINDRICAL_SURFACE('',#7087,1.8);
#7087 = AXIS2_PLACEMENT_3D('',#7088,#7089,#7090);
#7088 = CARTESIAN_POINT('',(-67.,1.8,9.8));
#7089 = DIRECTION('',(1.,0.,0.));
#7090 = DIRECTION('',(0.,-1.,0.));
#7091 = ADVANCED_FACE('',(#7092),#7127,.T.);
#7092 = FACE_BOUND('',#7093,.F.);
#7093 = EDGE_LOOP('',(#7094,#7104,#7111,#7112,#7121));
#7094 = ORIENTED_EDGE('',*,*,#7095,.F.);
#7095 = EDGE_CURVE('',#7096,#7098,#7100,.T.);
#7096 = VERTEX_POINT('',#7097);
#7097 = CARTESIAN_POINT('',(-9.,1.8,9.8));
#7098 = VERTEX_POINT('',#7099);
#7099 = CARTESIAN_POINT('',(-9.,1.8,12.4));
#7100 = LINE('',#7101,#7102);
#7101 = CARTESIAN_POINT('',(-9.,1.8,8.));
#7102 = VECTOR('',#7103,1.);
#7103 = DIRECTION('',(0.,0.,1.));
#7104 = ORIENTED_EDGE('',*,*,#7105,.T.);
#7105 = EDGE_CURVE('',#7096,#6823,#7106,.T.);
#7106 = CIRCLE('',#7107,1.8);
#7107 = AXIS2_PLACEMENT_3D('',#7108,#7109,#7110);
#7108 = CARTESIAN_POINT('',(-10.8,1.8,9.8));
#7109 = DIRECTION('',(0.,0.,-1.));
#7110 = DIRECTION('',(1.,0.,0.));
#7111 = ORIENTED_EDGE('',*,*,#6822,.T.);
#7112 = ORIENTED_EDGE('',*,*,#7113,.F.);
#7113 = EDGE_CURVE('',#7114,#6815,#7116,.T.);
#7114 = VERTEX_POINT('',#7115);
#7115 = CARTESIAN_POINT('',(-9.,1.8,14.2));
#7116 = CIRCLE('',#7117,1.8);
#7117 = AXIS2_PLACEMENT_3D('',#7118,#7119,#7120);
#7118 = CARTESIAN_POINT('',(-10.8,1.8,14.2));
#7119 = DIRECTION('',(0.,0.,-1.));
#7120 = DIRECTION('',(1.,0.,0.));
#7121 = ORIENTED_EDGE('',*,*,#7122,.F.);
#7122 = EDGE_CURVE('',#7098,#7114,#7123,.T.);
#7123 = LINE('',#7124,#7125);
#7124 = CARTESIAN_POINT('',(-9.,1.8,8.));
#7125 = VECTOR('',#7126,1.);
#7126 = DIRECTION('',(0.,0.,1.));
#7127 = CYLINDRICAL_SURFACE('',#7128,1.8);
#7128 = AXIS2_PLACEMENT_3D('',#7129,#7130,#7131);
#7129 = CARTESIAN_POINT('',(-10.8,1.8,8.));
#7130 = DIRECTION('',(0.,0.,1.));
#7131 = DIRECTION('',(1.,0.,0.));
#7132 = ADVANCED_FACE('',(#7133),#7160,.T.);
#7133 = FACE_BOUND('',#7134,.F.);
#7134 = EDGE_LOOP('',(#7135,#7144,#7152,#7159));
#7135 = ORIENTED_EDGE('',*,*,#7136,.F.);
#7136 = EDGE_CURVE('',#7137,#6807,#7139,.T.);
#7137 = VERTEX_POINT('',#7138);
#7138 = CARTESIAN_POINT('',(-65.2,1.8,16.));
#7139 = CIRCLE('',#7140,1.8);
#7140 = AXIS2_PLACEMENT_3D('',#7141,#7142,#7143);
#7141 = CARTESIAN_POINT('',(-65.2,1.8,14.2));
#7142 = DIRECTION('',(1.,-6.123233995737E-17,0.));
#7143 = DIRECTION('',(-6.123233995737E-17,-1.,0.));
#7144 = ORIENTED_EDGE('',*,*,#7145,.T.);
#7145 = EDGE_CURVE('',#7137,#7146,#7148,.T.);
#7146 = VERTEX_POINT('',#7147);
#7147 = CARTESIAN_POINT('',(-10.8,1.8,16.));
#7148 = LINE('',#7149,#7150);
#7149 = CARTESIAN_POINT('',(-67.,1.8,16.));
#7150 = VECTOR('',#7151,1.);
#7151 = DIRECTION('',(1.,0.,0.));
#7152 = ORIENTED_EDGE('',*,*,#7153,.T.);
#7153 = EDGE_CURVE('',#7146,#6815,#7154,.T.);
#7154 = CIRCLE('',#7155,1.8);
#7155 = AXIS2_PLACEMENT_3D('',#7156,#7157,#7158);
#7156 = CARTESIAN_POINT('',(-10.8,1.8,14.2));
#7157 = DIRECTION('',(1.,6.123233995737E-17,0.));
#7158 = DIRECTION('',(6.123233995737E-17,-1.,0.));
#7159 = ORIENTED_EDGE('',*,*,#6814,.F.);
#7160 = CYLINDRICAL_SURFACE('',#7161,1.8);
#7161 = AXIS2_PLACEMENT_3D('',#7162,#7163,#7164);
#7162 = CARTESIAN_POINT('',(-67.,1.8,14.2));
#7163 = DIRECTION('',(1.,0.,0.));
#7164 = DIRECTION('',(0.,-1.,0.));
#7165 = ADVANCED_FACE('',(#7166),#7177,.T.);
#7166 = FACE_BOUND('',#7167,.T.);
#7167 = EDGE_LOOP('',(#7168,#7175,#7176));
#7168 = ORIENTED_EDGE('',*,*,#7169,.F.);
#7169 = EDGE_CURVE('',#6991,#6807,#7170,.T.);
#7170 = CIRCLE('',#7171,1.8);
#7171 = AXIS2_PLACEMENT_3D('',#7172,#7173,#7174);
#7172 = CARTESIAN_POINT('',(-65.2,1.8,14.2));
#7173 = DIRECTION('',(0.,0.,1.));
#7174 = DIRECTION('',(-1.,0.,0.));
#7175 = ORIENTED_EDGE('',*,*,#7017,.T.);
#7176 = ORIENTED_EDGE('',*,*,#6806,.T.);
#7177 = CYLINDRICAL_SURFACE('',#7178,1.8);
#7178 = AXIS2_PLACEMENT_3D('',#7179,#7180,#7181);
#7179 = CARTESIAN_POINT('',(-65.2,1.8,8.));
#7180 = DIRECTION('',(0.,0.,1.));
#7181 = DIRECTION('',(-1.,0.,0.));
#7182 = ADVANCED_FACE('',(#7183),#7194,.T.);
#7183 = FACE_BOUND('',#7184,.T.);
#7184 = EDGE_LOOP('',(#7185,#7192,#7193));
#7185 = ORIENTED_EDGE('',*,*,#7186,.F.);
#7186 = EDGE_CURVE('',#6846,#7038,#7187,.T.);
#7187 = CIRCLE('',#7188,2.);
#7188 = AXIS2_PLACEMENT_3D('',#7189,#7190,#7191);
#7189 = CARTESIAN_POINT('',(-78.,2.,7.));
#7190 = DIRECTION('',(0.,1.,-0.));
#7191 = DIRECTION('',(-1.,0.,0.));
#7192 = ORIENTED_EDGE('',*,*,#6845,.T.);
#7193 = ORIENTED_EDGE('',*,*,#7047,.F.);
#7194 = SPHERICAL_SURFACE('',#7195,2.);
#7195 = AXIS2_PLACEMENT_3D('',#7196,#7197,#7198);
#7196 = CARTESIAN_POINT('',(-78.,2.,7.));
#7197 = DIRECTION('',(0.,0.,1.));
#7198 = DIRECTION('',(-1.,0.,0.));
#7199 = ADVANCED_FACE('',(#7200),#7225,.F.);
#7200 = FACE_BOUND('',#7201,.F.);
#7201 = EDGE_LOOP('',(#7202,#7210,#7211,#7219));
#7202 = ORIENTED_EDGE('',*,*,#7203,.F.);
#7203 = EDGE_CURVE('',#6846,#7204,#7206,.T.);
#7204 = VERTEX_POINT('',#7205);
#7205 = CARTESIAN_POINT('',(-78.,5.,5.));
#7206 = LINE('',#7207,#7208);
#7207 = CARTESIAN_POINT('',(-78.,0.,5.));
#7208 = VECTOR('',#7209,1.);
#7209 = DIRECTION('',(0.,1.,0.));
#7210 = ORIENTED_EDGE('',*,*,#6854,.T.);
#7211 = ORIENTED_EDGE('',*,*,#7212,.T.);
#7212 = EDGE_CURVE('',#6855,#7213,#7215,.T.);
#7213 = VERTEX_POINT('',#7214);
#7214 = CARTESIAN_POINT('',(-64.,5.,5.));
#7215 = LINE('',#7216,#7217);
#7216 = CARTESIAN_POINT('',(-64.,0.,5.));
#7217 = VECTOR('',#7218,1.);
#7218 = DIRECTION('',(0.,1.,0.));
#7219 = ORIENTED_EDGE('',*,*,#7220,.F.);
#7220 = EDGE_CURVE('',#7204,#7213,#7221,.T.);
#7221 = LINE('',#7222,#7223);
#7222 = CARTESIAN_POINT('',(-80.,5.,5.));
#7223 = VECTOR('',#7224,1.);
#7224 = DIRECTION('',(1.,0.,0.));
#7225 = PLANE('',#7226);
#7226 = AXIS2_PLACEMENT_3D('',#7227,#7228,#7229);
#7227 = CARTESIAN_POINT('',(-80.,0.,5.));
#7228 = DIRECTION('',(0.,0.,1.));
#7229 = DIRECTION('',(1.,0.,0.));
#7230 = ADVANCED_FACE('',(#7231),#7242,.T.);
#7231 = FACE_BOUND('',#7232,.F.);
#7232 = EDGE_LOOP('',(#7233,#7240,#7241));
#7233 = ORIENTED_EDGE('',*,*,#7234,.F.);
#7234 = EDGE_CURVE('',#6855,#6879,#7235,.T.);
#7235 = CIRCLE('',#7236,2.);
#7236 = AXIS2_PLACEMENT_3D('',#7237,#7238,#7239);
#7237 = CARTESIAN_POINT('',(-64.,2.,7.));
#7238 = DIRECTION('',(0.,-1.,0.));
#7239 = DIRECTION('',(1.,0.,0.));
#7240 = ORIENTED_EDGE('',*,*,#6862,.T.);
#7241 = ORIENTED_EDGE('',*,*,#6888,.F.);
#7242 = SPHERICAL_SURFACE('',#7243,2.);
#7243 = AXIS2_PLACEMENT_3D('',#7244,#7245,#7246);
#7244 = CARTESIAN_POINT('',(-64.,2.,7.));
#7245 = DIRECTION('',(0.,0.,1.));
#7246 = DIRECTION('',(1.,0.,0.));
#7247 = ADVANCED_FACE('',(#7248),#7282,.T.);
#7248 = FACE_BOUND('',#7249,.T.);
#7249 = EDGE_LOOP('',(#7250,#7251,#7259,#7267,#7276));
#7250 = ORIENTED_EDGE('',*,*,#6878,.F.);
#7251 = ORIENTED_EDGE('',*,*,#7252,.T.);
#7252 = EDGE_CURVE('',#6879,#7253,#7255,.T.);
#7253 = VERTEX_POINT('',#7254);
#7254 = CARTESIAN_POINT('',(-62.,5.,7.));
#7255 = LINE('',#7256,#7257);
#7256 = CARTESIAN_POINT('',(-62.,0.,7.));
#7257 = VECTOR('',#7258,1.);
#7258 = DIRECTION('',(0.,1.,0.));
#7259 = ORIENTED_EDGE('',*,*,#7260,.T.);
#7260 = EDGE_CURVE('',#7253,#7261,#7263,.T.);
#7261 = VERTEX_POINT('',#7262);
#7262 = CARTESIAN_POINT('',(-62.,5.,9.8));
#7263 = LINE('',#7264,#7265);
#7264 = CARTESIAN_POINT('',(-62.,5.,5.));
#7265 = VECTOR('',#7266,1.);
#7266 = DIRECTION('',(0.,0.,1.));
#7267 = ORIENTED_EDGE('',*,*,#7268,.F.);
#7268 = EDGE_CURVE('',#7269,#7261,#7271,.T.);
#7269 = VERTEX_POINT('',#7270);
#7270 = CARTESIAN_POINT('',(-62.,3.2,8.));
#7271 = CIRCLE('',#7272,1.8);
#7272 = AXIS2_PLACEMENT_3D('',#7273,#7274,#7275);
#7273 = CARTESIAN_POINT('',(-62.,3.2,9.8));
#7274 = DIRECTION('',(1.,0.,0.));
#7275 = DIRECTION('',(0.,1.,0.));
#7276 = ORIENTED_EDGE('',*,*,#7277,.F.);
#7277 = EDGE_CURVE('',#6881,#7269,#7278,.T.);
#7278 = LINE('',#7279,#7280);
#7279 = CARTESIAN_POINT('',(-62.,0.,8.));
#7280 = VECTOR('',#7281,1.);
#7281 = DIRECTION('',(0.,1.,0.));
#7282 = PLANE('',#7283);
#7283 = AXIS2_PLACEMENT_3D('',#7284,#7285,#7286);
#7284 = CARTESIAN_POINT('',(-62.,0.,5.));
#7285 = DIRECTION('',(1.,0.,0.));
#7286 = DIRECTION('',(0.,0.,1.));
#7287 = ADVANCED_FACE('',(#7288),#7307,.F.);
#7288 = FACE_BOUND('',#7289,.F.);
#7289 = EDGE_LOOP('',(#7290,#7291,#7292,#7300,#7306));
#7290 = ORIENTED_EDGE('',*,*,#6945,.F.);
#7291 = ORIENTED_EDGE('',*,*,#7071,.T.);
#7292 = ORIENTED_EDGE('',*,*,#7293,.T.);
#7293 = EDGE_CURVE('',#7072,#7294,#7296,.T.);
#7294 = VERTEX_POINT('',#7295);
#7295 = CARTESIAN_POINT('',(-10.8,3.2,8.));
#7296 = LINE('',#7297,#7298);
#7297 = CARTESIAN_POINT('',(-10.8,0.,8.));
#7298 = VECTOR('',#7299,1.);
#7299 = DIRECTION('',(0.,1.,0.));
#7300 = ORIENTED_EDGE('',*,*,#7301,.F.);
#7301 = EDGE_CURVE('',#7269,#7294,#7302,.T.);
#7302 = LINE('',#7303,#7304);
#7303 = CARTESIAN_POINT('',(-67.,3.2,8.));
#7304 = VECTOR('',#7305,1.);
#7305 = DIRECTION('',(1.,0.,0.));
#7306 = ORIENTED_EDGE('',*,*,#7277,.F.);
#7307 = PLANE('',#7308);
#7308 = AXIS2_PLACEMENT_3D('',#7309,#7310,#7311);
#7309 = CARTESIAN_POINT('',(-67.,0.,8.));
#7310 = DIRECTION('',(0.,0.,1.));
#7311 = DIRECTION('',(1.,0.,0.));
#7312 = ADVANCED_FACE('',(#7313),#7324,.T.);
#7313 = FACE_BOUND('',#7314,.F.);
#7314 = EDGE_LOOP('',(#7315,#7322,#7323));
#7315 = ORIENTED_EDGE('',*,*,#7316,.F.);
#7316 = EDGE_CURVE('',#6961,#7040,#7317,.T.);
#7317 = CIRCLE('',#7318,2.);
#7318 = AXIS2_PLACEMENT_3D('',#7319,#7320,#7321);
#7319 = CARTESIAN_POINT('',(-78.,2.,13.));
#7320 = DIRECTION('',(0.,-1.,0.));
#7321 = DIRECTION('',(-1.,0.,0.));
#7322 = ORIENTED_EDGE('',*,*,#6960,.T.);
#7323 = ORIENTED_EDGE('',*,*,#7055,.F.);
#7324 = SPHERICAL_SURFACE('',#7325,2.);
#7325 = AXIS2_PLACEMENT_3D('',#7326,#7327,#7328);
#7326 = CARTESIAN_POINT('',(-78.,2.,13.));
#7327 = DIRECTION('',(-0.,-0.,-1.));
#7328 = DIRECTION('',(-1.,0.,0.));
#7329 = ADVANCED_FACE('',(#7330),#7342,.T.);
#7330 = FACE_BOUND('',#7331,.F.);
#7331 = EDGE_LOOP('',(#7332,#7339,#7340,#7341));
#7332 = ORIENTED_EDGE('',*,*,#7333,.F.);
#7333 = EDGE_CURVE('',#7137,#6978,#7334,.T.);
#7334 = CIRCLE('',#7335,1.8);
#7335 = AXIS2_PLACEMENT_3D('',#7336,#7337,#7338);
#7336 = CARTESIAN_POINT('',(-65.2,1.8,14.2));
#7337 = DIRECTION('',(0.,-1.,0.));
#7338 = DIRECTION('',(-1.,0.,0.));
#7339 = ORIENTED_EDGE('',*,*,#7136,.T.);
#7340 = ORIENTED_EDGE('',*,*,#7169,.F.);
#7341 = ORIENTED_EDGE('',*,*,#6990,.T.);
#7342 = SPHERICAL_SURFACE('',#7343,1.8);
#7343 = AXIS2_PLACEMENT_3D('',#7344,#7345,#7346);
#7344 = CARTESIAN_POINT('',(-65.2,1.8,14.2));
#7345 = DIRECTION('',(-0.,-0.,-1.));
#7346 = DIRECTION('',(-1.,0.,0.));
#7347 = ADVANCED_FACE('',(#7348),#7375,.T.);
#7348 = FACE_BOUND('',#7349,.T.);
#7349 = EDGE_LOOP('',(#7350,#7351,#7359,#7368,#7374));
#7350 = ORIENTED_EDGE('',*,*,#7333,.F.);
#7351 = ORIENTED_EDGE('',*,*,#7352,.T.);
#7352 = EDGE_CURVE('',#7137,#7353,#7355,.T.);
#7353 = VERTEX_POINT('',#7354);
#7354 = CARTESIAN_POINT('',(-65.2,3.2,16.));
#7355 = LINE('',#7356,#7357);
#7356 = CARTESIAN_POINT('',(-65.2,0.,16.));
#7357 = VECTOR('',#7358,1.);
#7358 = DIRECTION('',(0.,1.,0.));
#7359 = ORIENTED_EDGE('',*,*,#7360,.F.);
#7360 = EDGE_CURVE('',#7361,#7353,#7363,.T.);
#7361 = VERTEX_POINT('',#7362);
#7362 = CARTESIAN_POINT('',(-66.81245154966,3.2,15.));
#7363 = CIRCLE('',#7364,1.8);
#7364 = AXIS2_PLACEMENT_3D('',#7365,#7366,#7367);
#7365 = CARTESIAN_POINT('',(-65.2,3.2,14.2));
#7366 = DIRECTION('',(0.,1.,-0.));
#7367 = DIRECTION('',(-1.,0.,0.));
#7368 = ORIENTED_EDGE('',*,*,#7369,.F.);
#7369 = EDGE_CURVE('',#6970,#7361,#7370,.T.);
#7370 = LINE('',#7371,#7372);
#7371 = CARTESIAN_POINT('',(-66.81245154966,0.,15.));
#7372 = VECTOR('',#7373,1.);
#7373 = DIRECTION('',(0.,1.,0.));
#7374 = ORIENTED_EDGE('',*,*,#6977,.F.);
#7375 = CYLINDRICAL_SURFACE('',#7376,1.8);
#7376 = AXIS2_PLACEMENT_3D('',#7377,#7378,#7379);
#7377 = CARTESIAN_POINT('',(-65.2,0.,14.2));
#7378 = DIRECTION('',(0.,1.,0.));
#7379 = DIRECTION('',(-1.,0.,0.));
#7380 = ADVANCED_FACE('',(#7381),#7424,.T.);
#7381 = FACE_BOUND('',#7382,.T.);
#7382 = EDGE_LOOP('',(#7383,#7391,#7392,#7393,#7402,#7410,#7418));
#7383 = ORIENTED_EDGE('',*,*,#7384,.F.);
#7384 = EDGE_CURVE('',#6961,#7385,#7387,.T.);
#7385 = VERTEX_POINT('',#7386);
#7386 = CARTESIAN_POINT('',(-78.,5.,15.));
#7387 = LINE('',#7388,#7389);
#7388 = CARTESIAN_POINT('',(-78.,0.,15.));
#7389 = VECTOR('',#7390,1.);
#7390 = DIRECTION('',(0.,1.,0.));
#7391 = ORIENTED_EDGE('',*,*,#6969,.T.);
#7392 = ORIENTED_EDGE('',*,*,#7369,.T.);
#7393 = ORIENTED_EDGE('',*,*,#7394,.F.);
#7394 = EDGE_CURVE('',#7395,#7361,#7397,.T.);
#7395 = VERTEX_POINT('',#7396);
#7396 = CARTESIAN_POINT('',(-65.2,4.81245154966,15.));
#7397 = CIRCLE('',#7398,1.61245154966);
#7398 = AXIS2_PLACEMENT_3D('',#7399,#7400,#7401);
#7399 = CARTESIAN_POINT('',(-65.2,3.2,15.));
#7400 = DIRECTION('',(-0.,0.,1.));
#7401 = DIRECTION('',(0.,-1.,0.));
#7402 = ORIENTED_EDGE('',*,*,#7403,.T.);
#7403 = EDGE_CURVE('',#7395,#7404,#7406,.T.);
#7404 = VERTEX_POINT('',#7405);
#7405 = CARTESIAN_POINT('',(-64.,4.81245154966,15.));
#7406 = LINE('',#7407,#7408);
#7407 = CARTESIAN_POINT('',(-67.,4.81245154966,15.));
#7408 = VECTOR('',#7409,1.);
#7409 = DIRECTION('',(1.,0.,0.));
#7410 = ORIENTED_EDGE('',*,*,#7411,.T.);
#7411 = EDGE_CURVE('',#7404,#7412,#7414,.T.);
#7412 = VERTEX_POINT('',#7413);
#7413 = CARTESIAN_POINT('',(-64.,5.,15.));
#7414 = LINE('',#7415,#7416);
#7415 = CARTESIAN_POINT('',(-64.,0.,15.));
#7416 = VECTOR('',#7417,1.);
#7417 = DIRECTION('',(0.,1.,0.));
#7418 = ORIENTED_EDGE('',*,*,#7419,.F.);
#7419 = EDGE_CURVE('',#7385,#7412,#7420,.T.);
#7420 = LINE('',#7421,#7422);
#7421 = CARTESIAN_POINT('',(-80.,5.,15.));
#7422 = VECTOR('',#7423,1.);
#7423 = DIRECTION('',(1.,0.,0.));
#7424 = PLANE('',#7425);
#7425 = AXIS2_PLACEMENT_3D('',#7426,#7427,#7428);
#7426 = CARTESIAN_POINT('',(-80.,0.,15.));
#7427 = DIRECTION('',(0.,0.,1.));
#7428 = DIRECTION('',(1.,0.,0.));
#7429 = ADVANCED_FACE('',(#7430),#7455,.F.);
#7430 = FACE_BOUND('',#7431,.F.);
#7431 = EDGE_LOOP('',(#7432,#7433,#7441,#7449));
#7432 = ORIENTED_EDGE('',*,*,#7037,.F.);
#7433 = ORIENTED_EDGE('',*,*,#7434,.T.);
#7434 = EDGE_CURVE('',#7038,#7435,#7437,.T.);
#7435 = VERTEX_POINT('',#7436);
#7436 = CARTESIAN_POINT('',(-80.,5.,7.));
#7437 = LINE('',#7438,#7439);
#7438 = CARTESIAN_POINT('',(-80.,0.,7.));
#7439 = VECTOR('',#7440,1.);
#7440 = DIRECTION('',(0.,1.,0.));
#7441 = ORIENTED_EDGE('',*,*,#7442,.T.);
#7442 = EDGE_CURVE('',#7435,#7443,#7445,.T.);
#7443 = VERTEX_POINT('',#7444);
#7444 = CARTESIAN_POINT('',(-80.,5.,13.));
#7445 = LINE('',#7446,#7447);
#7446 = CARTESIAN_POINT('',(-80.,5.,5.));
#7447 = VECTOR('',#7448,1.);
#7448 = DIRECTION('',(0.,0.,1.));
#7449 = ORIENTED_EDGE('',*,*,#7450,.F.);
#7450 = EDGE_CURVE('',#7040,#7443,#7451,.T.);
#7451 = LINE('',#7452,#7453);
#7452 = CARTESIAN_POINT('',(-80.,0.,13.));
#7453 = VECTOR('',#7454,1.);
#7454 = DIRECTION('',(0.,1.,0.));
#7455 = PLANE('',#7456);
#7456 = AXIS2_PLACEMENT_3D('',#7457,#7458,#7459);
#7457 = CARTESIAN_POINT('',(-80.,0.,5.));
#7458 = DIRECTION('',(1.,0.,0.));
#7459 = DIRECTION('',(0.,0.,1.));
#7460 = ADVANCED_FACE('',(#7461),#7472,.T.);
#7461 = FACE_BOUND('',#7462,.F.);
#7462 = EDGE_LOOP('',(#7463,#7470,#7471));
#7463 = ORIENTED_EDGE('',*,*,#7464,.F.);
#7464 = EDGE_CURVE('',#7072,#7096,#7465,.T.);
#7465 = CIRCLE('',#7466,1.8);
#7466 = AXIS2_PLACEMENT_3D('',#7467,#7468,#7469);
#7467 = CARTESIAN_POINT('',(-10.8,1.8,9.8));
#7468 = DIRECTION('',(0.,-1.,0.));
#7469 = DIRECTION('',(1.,0.,0.));
#7470 = ORIENTED_EDGE('',*,*,#7079,.T.);
#7471 = ORIENTED_EDGE('',*,*,#7105,.F.);
#7472 = SPHERICAL_SURFACE('',#7473,1.8);
#7473 = AXIS2_PLACEMENT_3D('',#7474,#7475,#7476);
#7474 = CARTESIAN_POINT('',(-10.8,1.8,9.8));
#7475 = DIRECTION('',(0.,0.,1.));
#7476 = DIRECTION('',(1.,0.,0.));
#7477 = ADVANCED_FACE('',(#7478),#7535,.F.);
#7478 = FACE_BOUND('',#7479,.F.);
#7479 = EDGE_LOOP('',(#7480,#7490,#7498,#7506,#7514,#7522,#7528,#7529));
#7480 = ORIENTED_EDGE('',*,*,#7481,.F.);
#7481 = EDGE_CURVE('',#7482,#7484,#7486,.T.);
#7482 = VERTEX_POINT('',#7483);
#7483 = CARTESIAN_POINT('',(-9.,1.6,8.6));
#7484 = VERTEX_POINT('',#7485);
#7485 = CARTESIAN_POINT('',(-9.,1.6,12.4));
#7486 = LINE('',#7487,#7488);
#7487 = CARTESIAN_POINT('',(-9.,1.6,7.));
#7488 = VECTOR('',#7489,1.);
#7489 = DIRECTION('',(0.,0.,1.));
#7490 = ORIENTED_EDGE('',*,*,#7491,.T.);
#7491 = EDGE_CURVE('',#7482,#7492,#7494,.T.);
#7492 = VERTEX_POINT('',#7493);
#7493 = CARTESIAN_POINT('',(-9.,3.4,8.6));
#7494 = LINE('',#7495,#7496);
#7495 = CARTESIAN_POINT('',(-9.,0.,8.6));
#7496 = VECTOR('',#7497,1.);
#7497 = DIRECTION('',(0.,1.,0.));
#7498 = ORIENTED_EDGE('',*,*,#7499,.T.);
#7499 = EDGE_CURVE('',#7492,#7500,#7502,.T.);
#7500 = VERTEX_POINT('',#7501);
#7501 = CARTESIAN_POINT('',(-9.,3.4,12.4));
#7502 = LINE('',#7503,#7504);
#7503 = CARTESIAN_POINT('',(-9.,3.4,7.));
#7504 = VECTOR('',#7505,1.);
#7505 = DIRECTION('',(0.,0.,1.));
#7506 = ORIENTED_EDGE('',*,*,#7507,.F.);
#7507 = EDGE_CURVE('',#7508,#7500,#7510,.T.);
#7508 = VERTEX_POINT('',#7509);
#7509 = CARTESIAN_POINT('',(-9.,3.2,12.4));
#7510 = LINE('',#7511,#7512);
#7511 = CARTESIAN_POINT('',(-9.,0.,12.4));
#7512 = VECTOR('',#7513,1.);
#7513 = DIRECTION('',(0.,1.,0.));
#7514 = ORIENTED_EDGE('',*,*,#7515,.F.);
#7515 = EDGE_CURVE('',#7516,#7508,#7518,.T.);
#7516 = VERTEX_POINT('',#7517);
#7517 = CARTESIAN_POINT('',(-9.,3.2,9.8));
#7518 = LINE('',#7519,#7520);
#7519 = CARTESIAN_POINT('',(-9.,3.2,8.));
#7520 = VECTOR('',#7521,1.);
#7521 = DIRECTION('',(0.,0.,1.));
#7522 = ORIENTED_EDGE('',*,*,#7523,.F.);
#7523 = EDGE_CURVE('',#7096,#7516,#7524,.T.);
#7524 = LINE('',#7525,#7526);
#7525 = CARTESIAN_POINT('',(-9.,0.,9.8));
#7526 = VECTOR('',#7527,1.);
#7527 = DIRECTION('',(0.,1.,0.));
#7528 = ORIENTED_EDGE('',*,*,#7095,.T.);
#7529 = ORIENTED_EDGE('',*,*,#7530,.F.);
#7530 = EDGE_CURVE('',#7484,#7098,#7531,.T.);
#7531 = LINE('',#7532,#7533);
#7532 = CARTESIAN_POINT('',(-9.,0.,12.4));
#7533 = VECTOR('',#7534,1.);
#7534 = DIRECTION('',(0.,1.,0.));
#7535 = PLANE('',#7536);
#7536 = AXIS2_PLACEMENT_3D('',#7537,#7538,#7539);
#7537 = CARTESIAN_POINT('',(-9.,0.,7.));
#7538 = DIRECTION('',(1.,0.,0.));
#7539 = DIRECTION('',(0.,0.,1.));
#7540 = ADVANCED_FACE('',(#7541),#7564,.T.);
#7541 = FACE_BOUND('',#7542,.T.);
#7542 = EDGE_LOOP('',(#7543,#7544,#7550,#7558));
#7543 = ORIENTED_EDGE('',*,*,#7122,.F.);
#7544 = ORIENTED_EDGE('',*,*,#7545,.T.);
#7545 = EDGE_CURVE('',#7098,#7508,#7546,.T.);
#7546 = LINE('',#7547,#7548);
#7547 = CARTESIAN_POINT('',(-9.,0.,12.4));
#7548 = VECTOR('',#7549,1.);
#7549 = DIRECTION('',(0.,1.,0.));
#7550 = ORIENTED_EDGE('',*,*,#7551,.T.);
#7551 = EDGE_CURVE('',#7508,#7552,#7554,.T.);
#7552 = VERTEX_POINT('',#7553);
#7553 = CARTESIAN_POINT('',(-9.,3.2,14.2));
#7554 = LINE('',#7555,#7556);
#7555 = CARTESIAN_POINT('',(-9.,3.2,8.));
#7556 = VECTOR('',#7557,1.);
#7557 = DIRECTION('',(0.,0.,1.));
#7558 = ORIENTED_EDGE('',*,*,#7559,.F.);
#7559 = EDGE_CURVE('',#7114,#7552,#7560,.T.);
#7560 = LINE('',#7561,#7562);
#7561 = CARTESIAN_POINT('',(-9.,0.,14.2));
#7562 = VECTOR('',#7563,1.);
#7563 = DIRECTION('',(0.,1.,0.));
#7564 = PLANE('',#7565);
#7565 = AXIS2_PLACEMENT_3D('',#7566,#7567,#7568);
#7566 = CARTESIAN_POINT('',(-9.,0.,8.));
#7567 = DIRECTION('',(1.,0.,0.));
#7568 = DIRECTION('',(0.,0.,1.));
#7569 = ADVANCED_FACE('',(#7570),#7581,.T.);
#7570 = FACE_BOUND('',#7571,.T.);
#7571 = EDGE_LOOP('',(#7572,#7579,#7580));
#7572 = ORIENTED_EDGE('',*,*,#7573,.F.);
#7573 = EDGE_CURVE('',#7146,#7114,#7574,.T.);
#7574 = CIRCLE('',#7575,1.8);
#7575 = AXIS2_PLACEMENT_3D('',#7576,#7577,#7578);
#7576 = CARTESIAN_POINT('',(-10.8,1.8,14.2));
#7577 = DIRECTION('',(-0.,1.,0.));
#7578 = DIRECTION('',(1.,0.,0.));
#7579 = ORIENTED_EDGE('',*,*,#7153,.T.);
#7580 = ORIENTED_EDGE('',*,*,#7113,.F.);
#7581 = SPHERICAL_SURFACE('',#7582,1.8);
#7582 = AXIS2_PLACEMENT_3D('',#7583,#7584,#7585);
#7583 = CARTESIAN_POINT('',(-10.8,1.8,14.2));
#7584 = DIRECTION('',(-0.,-0.,-1.));
#7585 = DIRECTION('',(1.,0.,0.));
#7586 = ADVANCED_FACE('',(#7587),#7605,.T.);
#7587 = FACE_BOUND('',#7588,.T.);
#7588 = EDGE_LOOP('',(#7589,#7590,#7591,#7599));
#7589 = ORIENTED_EDGE('',*,*,#7352,.F.);
#7590 = ORIENTED_EDGE('',*,*,#7145,.T.);
#7591 = ORIENTED_EDGE('',*,*,#7592,.T.);
#7592 = EDGE_CURVE('',#7146,#7593,#7595,.T.);
#7593 = VERTEX_POINT('',#7594);
#7594 = CARTESIAN_POINT('',(-10.8,3.2,16.));
#7595 = LINE('',#7596,#7597);
#7596 = CARTESIAN_POINT('',(-10.8,0.,16.));
#7597 = VECTOR('',#7598,1.);
#7598 = DIRECTION('',(0.,1.,0.));
#7599 = ORIENTED_EDGE('',*,*,#7600,.F.);
#7600 = EDGE_CURVE('',#7353,#7593,#7601,.T.);
#7601 = LINE('',#7602,#7603);
#7602 = CARTESIAN_POINT('',(-67.,3.2,16.));
#7603 = VECTOR('',#7604,1.);
#7604 = DIRECTION('',(1.,0.,0.));
#7605 = PLANE('',#7606);
#7606 = AXIS2_PLACEMENT_3D('',#7607,#7608,#7609);
#7607 = CARTESIAN_POINT('',(-67.,0.,16.));
#7608 = DIRECTION('',(0.,0.,1.));
#7609 = DIRECTION('',(1.,0.,0.));
#7610 = ADVANCED_FACE('',(#7611),#7623,.T.);
#7611 = FACE_BOUND('',#7612,.F.);
#7612 = EDGE_LOOP('',(#7613,#7614,#7615,#7622));
#7613 = ORIENTED_EDGE('',*,*,#7186,.F.);
#7614 = ORIENTED_EDGE('',*,*,#7203,.T.);
#7615 = ORIENTED_EDGE('',*,*,#7616,.T.);
#7616 = EDGE_CURVE('',#7204,#7435,#7617,.T.);
#7617 = CIRCLE('',#7618,2.);
#7618 = AXIS2_PLACEMENT_3D('',#7619,#7620,#7621);
#7619 = CARTESIAN_POINT('',(-78.,5.,7.));
#7620 = DIRECTION('',(0.,1.,-0.));
#7621 = DIRECTION('',(-1.,0.,0.));
#7622 = ORIENTED_EDGE('',*,*,#7434,.F.);
#7623 = CYLINDRICAL_SURFACE('',#7624,2.);
#7624 = AXIS2_PLACEMENT_3D('',#7625,#7626,#7627);
#7625 = CARTESIAN_POINT('',(-78.,0.,7.));
#7626 = DIRECTION('',(0.,1.,0.));
#7627 = DIRECTION('',(-1.,0.,0.));
#7628 = ADVANCED_FACE('',(#7629),#7656,.T.);
#7629 = FACE_BOUND('',#7630,.F.);
#7630 = EDGE_LOOP('',(#7631,#7640,#7641,#7650));
#7631 = ORIENTED_EDGE('',*,*,#7632,.F.);
#7632 = EDGE_CURVE('',#7204,#7633,#7635,.T.);
#7633 = VERTEX_POINT('',#7634);
#7634 = CARTESIAN_POINT('',(-78.,7.,7.));
#7635 = CIRCLE('',#7636,2.);
#7636 = AXIS2_PLACEMENT_3D('',#7637,#7638,#7639);
#7637 = CARTESIAN_POINT('',(-78.,5.,7.));
#7638 = DIRECTION('',(1.,6.123233995737E-17,-0.));
#7639 = DIRECTION('',(-6.123233995737E-17,1.,0.));
#7640 = ORIENTED_EDGE('',*,*,#7220,.T.);
#7641 = ORIENTED_EDGE('',*,*,#7642,.T.);
#7642 = EDGE_CURVE('',#7213,#7643,#7645,.T.);
#7643 = VERTEX_POINT('',#7644);
#7644 = CARTESIAN_POINT('',(-64.,7.,7.));
#7645 = CIRCLE('',#7646,2.);
#7646 = AXIS2_PLACEMENT_3D('',#7647,#7648,#7649);
#7647 = CARTESIAN_POINT('',(-64.,5.,7.));
#7648 = DIRECTION('',(1.,-6.123233995737E-17,0.));
#7649 = DIRECTION('',(6.123233995737E-17,1.,0.));
#7650 = ORIENTED_EDGE('',*,*,#7651,.F.);
#7651 = EDGE_CURVE('',#7633,#7643,#7652,.T.);
#7652 = LINE('',#7653,#7654);
#7653 = CARTESIAN_POINT('',(-80.,7.,7.));
#7654 = VECTOR('',#7655,1.);
#7655 = DIRECTION('',(1.,0.,0.));
#7656 = CYLINDRICAL_SURFACE('',#7657,2.);
#7657 = AXIS2_PLACEMENT_3D('',#7658,#7659,#7660);
#7658 = CARTESIAN_POINT('',(-80.,5.,7.));
#7659 = DIRECTION('',(1.,0.,0.));
#7660 = DIRECTION('',(0.,1.,0.));
#7661 = ADVANCED_FACE('',(#7662),#7674,.T.);
#7662 = FACE_BOUND('',#7663,.T.);
#7663 = EDGE_LOOP('',(#7664,#7665,#7666,#7673));
#7664 = ORIENTED_EDGE('',*,*,#7234,.F.);
#7665 = ORIENTED_EDGE('',*,*,#7212,.T.);
#7666 = ORIENTED_EDGE('',*,*,#7667,.T.);
#7667 = EDGE_CURVE('',#7213,#7253,#7668,.T.);
#7668 = CIRCLE('',#7669,2.);
#7669 = AXIS2_PLACEMENT_3D('',#7670,#7671,#7672);
#7670 = CARTESIAN_POINT('',(-64.,5.,7.));
#7671 = DIRECTION('',(0.,-1.,0.));
#7672 = DIRECTION('',(1.,0.,0.));
#7673 = ORIENTED_EDGE('',*,*,#7252,.F.);
#7674 = CYLINDRICAL_SURFACE('',#7675,2.);
#7675 = AXIS2_PLACEMENT_3D('',#7676,#7677,#7678);
#7676 = CARTESIAN_POINT('',(-64.,0.,7.));
#7677 = DIRECTION('',(0.,1.,0.));
#7678 = DIRECTION('',(1.,0.,0.));
#7679 = ADVANCED_FACE('',(#7680),#7699,.T.);
#7680 = FACE_BOUND('',#7681,.F.);
#7681 = EDGE_LOOP('',(#7682,#7683,#7684,#7693));
#7682 = ORIENTED_EDGE('',*,*,#7268,.F.);
#7683 = ORIENTED_EDGE('',*,*,#7301,.T.);
#7684 = ORIENTED_EDGE('',*,*,#7685,.T.);
#7685 = EDGE_CURVE('',#7294,#7686,#7688,.T.);
#7686 = VERTEX_POINT('',#7687);
#7687 = CARTESIAN_POINT('',(-10.8,5.,9.8));
#7688 = CIRCLE('',#7689,1.8);
#7689 = AXIS2_PLACEMENT_3D('',#7690,#7691,#7692);
#7690 = CARTESIAN_POINT('',(-10.8,3.2,9.8));
#7691 = DIRECTION('',(1.,-6.123233995737E-17,0.));
#7692 = DIRECTION('',(6.123233995737E-17,1.,0.));
#7693 = ORIENTED_EDGE('',*,*,#7694,.F.);
#7694 = EDGE_CURVE('',#7261,#7686,#7695,.T.);
#7695 = LINE('',#7696,#7697);
#7696 = CARTESIAN_POINT('',(-67.,5.,9.8));
#7697 = VECTOR('',#7698,1.);
#7698 = DIRECTION('',(1.,0.,0.));
#7699 = CYLINDRICAL_SURFACE('',#7700,1.8);
#7700 = AXIS2_PLACEMENT_3D('',#7701,#7702,#7703);
#7701 = CARTESIAN_POINT('',(-67.,3.2,9.8));
#7702 = DIRECTION('',(1.,0.,0.));
#7703 = DIRECTION('',(0.,1.,0.));
#7704 = ADVANCED_FACE('',(#7705),#7738,.T.);
#7705 = FACE_BOUND('',#7706,.T.);
#7706 = EDGE_LOOP('',(#7707,#7708,#7715,#7723,#7732));
#7707 = ORIENTED_EDGE('',*,*,#7260,.F.);
#7708 = ORIENTED_EDGE('',*,*,#7709,.T.);
#7709 = EDGE_CURVE('',#7253,#7643,#7710,.T.);
#7710 = CIRCLE('',#7711,2.);
#7711 = AXIS2_PLACEMENT_3D('',#7712,#7713,#7714);
#7712 = CARTESIAN_POINT('',(-64.,5.,7.));
#7713 = DIRECTION('',(0.,0.,1.));
#7714 = DIRECTION('',(1.,0.,0.));
#7715 = ORIENTED_EDGE('',*,*,#7716,.T.);
#7716 = EDGE_CURVE('',#7643,#7717,#7719,.T.);
#7717 = VERTEX_POINT('',#7718);
#7718 = CARTESIAN_POINT('',(-64.,7.,13.));
#7719 = LINE('',#7720,#7721);
#7720 = CARTESIAN_POINT('',(-64.,7.,5.));
#7721 = VECTOR('',#7722,1.);
#7722 = DIRECTION('',(0.,0.,1.));
#7723 = ORIENTED_EDGE('',*,*,#7724,.T.);
#7724 = EDGE_CURVE('',#7717,#7725,#7727,.T.);
#7725 = VERTEX_POINT('',#7726);
#7726 = CARTESIAN_POINT('',(-62.,5.,13.));
#7727 = CIRCLE('',#7728,2.);
#7728 = AXIS2_PLACEMENT_3D('',#7729,#7730,#7731);
#7729 = CARTESIAN_POINT('',(-64.,5.,13.));
#7730 = DIRECTION('',(0.,0.,-1.));
#7731 = DIRECTION('',(1.,0.,0.));
#7732 = ORIENTED_EDGE('',*,*,#7733,.F.);
#7733 = EDGE_CURVE('',#7261,#7725,#7734,.T.);
#7734 = LINE('',#7735,#7736);
#7735 = CARTESIAN_POINT('',(-62.,5.,5.));
#7736 = VECTOR('',#7737,1.);
#7737 = DIRECTION('',(0.,0.,1.));
#7738 = CYLINDRICAL_SURFACE('',#7739,2.);
#7739 = AXIS2_PLACEMENT_3D('',#7740,#7741,#7742);
#7740 = CARTESIAN_POINT('',(-64.,5.,5.));
#7741 = DIRECTION('',(0.,0.,1.));
#7742 = DIRECTION('',(1.,0.,0.));
#7743 = ADVANCED_FACE('',(#7744),#7756,.T.);
#7744 = FACE_BOUND('',#7745,.T.);
#7745 = EDGE_LOOP('',(#7746,#7747,#7748,#7755));
#7746 = ORIENTED_EDGE('',*,*,#7464,.F.);
#7747 = ORIENTED_EDGE('',*,*,#7293,.T.);
#7748 = ORIENTED_EDGE('',*,*,#7749,.T.);
#7749 = EDGE_CURVE('',#7294,#7516,#7750,.T.);
#7750 = CIRCLE('',#7751,1.8);
#7751 = AXIS2_PLACEMENT_3D('',#7752,#7753,#7754);
#7752 = CARTESIAN_POINT('',(-10.8,3.2,9.8));
#7753 = DIRECTION('',(0.,-1.,0.));
#7754 = DIRECTION('',(1.,0.,0.));
#7755 = ORIENTED_EDGE('',*,*,#7523,.F.);
#7756 = CYLINDRICAL_SURFACE('',#7757,1.8);
#7757 = AXIS2_PLACEMENT_3D('',#7758,#7759,#7760);
#7758 = CARTESIAN_POINT('',(-10.8,0.,9.8));
#7759 = DIRECTION('',(0.,1.,0.));
#7760 = DIRECTION('',(1.,0.,0.));
#7761 = ADVANCED_FACE('',(#7762),#7774,.T.);
#7762 = FACE_BOUND('',#7763,.T.);
#7763 = EDGE_LOOP('',(#7764,#7765,#7766,#7773));
#7764 = ORIENTED_EDGE('',*,*,#7316,.F.);
#7765 = ORIENTED_EDGE('',*,*,#7384,.T.);
#7766 = ORIENTED_EDGE('',*,*,#7767,.F.);
#7767 = EDGE_CURVE('',#7443,#7385,#7768,.T.);
#7768 = CIRCLE('',#7769,2.);
#7769 = AXIS2_PLACEMENT_3D('',#7770,#7771,#7772);
#7770 = CARTESIAN_POINT('',(-78.,5.,13.));
#7771 = DIRECTION('',(0.,1.,-0.));
#7772 = DIRECTION('',(-1.,0.,0.));
#7773 = ORIENTED_EDGE('',*,*,#7450,.F.);
#7774 = CYLINDRICAL_SURFACE('',#7775,2.);
#7775 = AXIS2_PLACEMENT_3D('',#7776,#7777,#7778);
#7776 = CARTESIAN_POINT('',(-78.,0.,13.));
#7777 = DIRECTION('',(0.,1.,0.));
#7778 = DIRECTION('',(-1.,0.,0.));
#7779 = ADVANCED_FACE('',(#7780),#7791,.T.);
#7780 = FACE_BOUND('',#7781,.F.);
#7781 = EDGE_LOOP('',(#7782,#7783,#7790));
#7782 = ORIENTED_EDGE('',*,*,#7394,.F.);
#7783 = ORIENTED_EDGE('',*,*,#7784,.T.);
#7784 = EDGE_CURVE('',#7395,#7353,#7785,.T.);
#7785 = CIRCLE('',#7786,1.8);
#7786 = AXIS2_PLACEMENT_3D('',#7787,#7788,#7789);
#7787 = CARTESIAN_POINT('',(-65.2,3.2,14.2));
#7788 = DIRECTION('',(1.,0.,6.123233995737E-17));
#7789 = DIRECTION('',(-6.123233995737E-17,0.,1.));
#7790 = ORIENTED_EDGE('',*,*,#7360,.F.);
#7791 = SPHERICAL_SURFACE('',#7792,1.8);
#7792 = AXIS2_PLACEMENT_3D('',#7793,#7794,#7795);
#7793 = CARTESIAN_POINT('',(-65.2,3.2,14.2));
#7794 = DIRECTION('',(0.,-1.,0.));
#7795 = DIRECTION('',(-1.,0.,0.));
#7796 = ADVANCED_FACE('',(#7797),#7822,.T.);
#7797 = FACE_BOUND('',#7798,.T.);
#7798 = EDGE_LOOP('',(#7799,#7808,#7809,#7816));
#7799 = ORIENTED_EDGE('',*,*,#7800,.T.);
#7800 = EDGE_CURVE('',#7801,#7385,#7803,.T.);
#7801 = VERTEX_POINT('',#7802);
#7802 = CARTESIAN_POINT('',(-78.,7.,13.));
#7803 = CIRCLE('',#7804,2.);
#7804 = AXIS2_PLACEMENT_3D('',#7805,#7806,#7807);
#7805 = CARTESIAN_POINT('',(-78.,5.,13.));
#7806 = DIRECTION('',(1.,0.,6.123233995737E-17));
#7807 = DIRECTION('',(-6.123233995737E-17,0.,1.));
#7808 = ORIENTED_EDGE('',*,*,#7419,.T.);
#7809 = ORIENTED_EDGE('',*,*,#7810,.F.);
#7810 = EDGE_CURVE('',#7717,#7412,#7811,.T.);
#7811 = CIRCLE('',#7812,2.);
#7812 = AXIS2_PLACEMENT_3D('',#7813,#7814,#7815);
#7813 = CARTESIAN_POINT('',(-64.,5.,13.));
#7814 = DIRECTION('',(1.,0.,-6.123233995737E-17));
#7815 = DIRECTION('',(6.123233995737E-17,0.,1.));
#7816 = ORIENTED_EDGE('',*,*,#7817,.F.);
#7817 = EDGE_CURVE('',#7801,#7717,#7818,.T.);
#7818 = LINE('',#7819,#7820);
#7819 = CARTESIAN_POINT('',(-80.,7.,13.));
#7820 = VECTOR('',#7821,1.);
#7821 = DIRECTION('',(1.,0.,0.));
#7822 = CYLINDRICAL_SURFACE('',#7823,2.);
#7823 = AXIS2_PLACEMENT_3D('',#7824,#7825,#7826);
#7824 = CARTESIAN_POINT('',(-80.,5.,13.));
#7825 = DIRECTION('',(1.,0.,0.));
#7826 = DIRECTION('',(0.,1.,0.));
#7827 = ADVANCED_FACE('',(#7828),#7860,.T.);
#7828 = FACE_BOUND('',#7829,.F.);
#7829 = EDGE_LOOP('',(#7830,#7852,#7853));
#7830 = ORIENTED_EDGE('',*,*,#7831,.T.);
#7831 = EDGE_CURVE('',#7832,#7404,#7834,.T.);
#7832 = VERTEX_POINT('',#7833);
#7833 = CARTESIAN_POINT('',(-62.4,5.,14.2));
#7834 = B_SPLINE_CURVE_WITH_KNOTS('',6,(#7835,#7836,#7837,#7838,#7839,
    #7840,#7841,#7842,#7843,#7844,#7845,#7846,#7847,#7848,#7849,#7850,
    #7851),.UNSPECIFIED.,.F.,.F.,(7,5,5,7),(0.,0.155389883914,
    0.529141674494,1.),.UNSPECIFIED.);
#7835 = CARTESIAN_POINT('',(-62.4,5.,14.2));
#7836 = CARTESIAN_POINT('',(-62.43112937611,5.,14.241505834817));
#7837 = CARTESIAN_POINT('',(-62.46336010939,4.998851548959,
    14.281788255916));
#7838 = CARTESIAN_POINT('',(-62.49661822464,4.99668144095,
    14.320810851788));
#7839 = CARTESIAN_POINT('',(-62.53082817177,4.993611845036,
    14.358542936012));
#7840 = CARTESIAN_POINT('',(-62.56591282579,4.989760305261,
    14.394959547251));
#7841 = CARTESIAN_POINT('',(-62.68809550974,4.974366644724,
    14.514422255534));
#7842 = CARTESIAN_POINT('',(-62.77900666635,4.959622696409,
    14.59108488597));
#7843 = CARTESIAN_POINT('',(-62.87377797159,4.942534500587,
    14.660094899113));
#7844 = CARTESIAN_POINT('',(-62.97181920055,4.924359670946,
    14.721578948774));
#7845 = CARTESIAN_POINT('',(-63.07268124053,4.906195760577,
    14.775652118021));
#7846 = CARTESIAN_POINT('',(-63.30619358856,4.867289507077,
    14.881234716279));
#7847 = CARTESIAN_POINT('',(-63.44073255141,4.847030966563,
    14.928625440342));
#7848 = CARTESIAN_POINT('',(-63.5783393972,4.830198696095,
    14.964231867924));
#7849 = CARTESIAN_POINT('',(-63.71797290035,4.818387591646,
    14.988034888621));
#7850 = CARTESIAN_POINT('',(-63.85878195758,4.81245154966,15.));
#7851 = CARTESIAN_POINT('',(-64.,4.81245154966,15.));
#7852 = ORIENTED_EDGE('',*,*,#7411,.T.);
#7853 = ORIENTED_EDGE('',*,*,#7854,.F.);
#7854 = EDGE_CURVE('',#7832,#7412,#7855,.T.);
#7855 = CIRCLE('',#7856,2.);
#7856 = AXIS2_PLACEMENT_3D('',#7857,#7858,#7859);
#7857 = CARTESIAN_POINT('',(-64.,5.,13.));
#7858 = DIRECTION('',(0.,-1.,0.));
#7859 = DIRECTION('',(1.,0.,0.));
#7860 = CYLINDRICAL_SURFACE('',#7861,2.);
#7861 = AXIS2_PLACEMENT_3D('',#7862,#7863,#7864);
#7862 = CARTESIAN_POINT('',(-64.,0.,13.));
#7863 = DIRECTION('',(0.,1.,0.));
#7864 = DIRECTION('',(1.,0.,0.));
#7865 = ADVANCED_FACE('',(#7866),#7887,.T.);
#7866 = FACE_BOUND('',#7867,.T.);
#7867 = EDGE_LOOP('',(#7868,#7869,#7870,#7871,#7880,#7886));
#7868 = ORIENTED_EDGE('',*,*,#7403,.F.);
#7869 = ORIENTED_EDGE('',*,*,#7784,.T.);
#7870 = ORIENTED_EDGE('',*,*,#7600,.T.);
#7871 = ORIENTED_EDGE('',*,*,#7872,.F.);
#7872 = EDGE_CURVE('',#7873,#7593,#7875,.T.);
#7873 = VERTEX_POINT('',#7874);
#7874 = CARTESIAN_POINT('',(-10.8,5.,14.2));
#7875 = CIRCLE('',#7876,1.8);
#7876 = AXIS2_PLACEMENT_3D('',#7877,#7878,#7879);
#7877 = CARTESIAN_POINT('',(-10.8,3.2,14.2));
#7878 = DIRECTION('',(1.,0.,-6.123233995737E-17));
#7879 = DIRECTION('',(6.123233995737E-17,0.,1.));
#7880 = ORIENTED_EDGE('',*,*,#7881,.F.);
#7881 = EDGE_CURVE('',#7832,#7873,#7882,.T.);
#7882 = LINE('',#7883,#7884);
#7883 = CARTESIAN_POINT('',(-67.,5.,14.2));
#7884 = VECTOR('',#7885,1.);
#7885 = DIRECTION('',(1.,0.,0.));
#7886 = ORIENTED_EDGE('',*,*,#7831,.T.);
#7887 = CYLINDRICAL_SURFACE('',#7888,1.8);
#7888 = AXIS2_PLACEMENT_3D('',#7889,#7890,#7891);
#7889 = CARTESIAN_POINT('',(-67.,3.2,14.2));
#7890 = DIRECTION('',(1.,0.,0.));
#7891 = DIRECTION('',(0.,1.,0.));
#7892 = ADVANCED_FACE('',(#7893),#7916,.T.);
#7893 = FACE_BOUND('',#7894,.F.);
#7894 = EDGE_LOOP('',(#7895,#7896,#7903,#7909));
#7895 = ORIENTED_EDGE('',*,*,#7442,.F.);
#7896 = ORIENTED_EDGE('',*,*,#7897,.T.);
#7897 = EDGE_CURVE('',#7435,#7633,#7898,.T.);
#7898 = CIRCLE('',#7899,2.);
#7899 = AXIS2_PLACEMENT_3D('',#7900,#7901,#7902);
#7900 = CARTESIAN_POINT('',(-78.,5.,7.));
#7901 = DIRECTION('',(0.,0.,-1.));
#7902 = DIRECTION('',(-1.,0.,0.));
#7903 = ORIENTED_EDGE('',*,*,#7904,.T.);
#7904 = EDGE_CURVE('',#7633,#7801,#7905,.T.);
#7905 = LINE('',#7906,#7907);
#7906 = CARTESIAN_POINT('',(-78.,7.,5.));
#7907 = VECTOR('',#7908,1.);
#7908 = DIRECTION('',(0.,0.,1.));
#7909 = ORIENTED_EDGE('',*,*,#7910,.T.);
#7910 = EDGE_CURVE('',#7801,#7443,#7911,.T.);
#7911 = CIRCLE('',#7912,2.);
#7912 = AXIS2_PLACEMENT_3D('',#7913,#7914,#7915);
#7913 = CARTESIAN_POINT('',(-78.,5.,13.));
#7914 = DIRECTION('',(0.,0.,1.));
#7915 = DIRECTION('',(-1.,0.,0.));
#7916 = CYLINDRICAL_SURFACE('',#7917,2.);
#7917 = AXIS2_PLACEMENT_3D('',#7918,#7919,#7920);
#7918 = CARTESIAN_POINT('',(-78.,5.,5.));
#7919 = DIRECTION('',(0.,0.,1.));
#7920 = DIRECTION('',(-1.,0.,0.));
#7921 = ADVANCED_FACE('',(#7922),#7949,.T.);
#7922 = FACE_BOUND('',#7923,.T.);
#7923 = EDGE_LOOP('',(#7924,#7925,#7934,#7942));
#7924 = ORIENTED_EDGE('',*,*,#7481,.F.);
#7925 = ORIENTED_EDGE('',*,*,#7926,.T.);
#7926 = EDGE_CURVE('',#7482,#7927,#7929,.T.);
#7927 = VERTEX_POINT('',#7928);
#7928 = CARTESIAN_POINT('',(-7.4,-2.22044604925E-16,8.6));
#7929 = CIRCLE('',#7930,1.6);
#7930 = AXIS2_PLACEMENT_3D('',#7931,#7932,#7933);
#7931 = CARTESIAN_POINT('',(-7.4,1.6,8.6));
#7932 = DIRECTION('',(0.,0.,1.));
#7933 = DIRECTION('',(-1.,0.,0.));
#7934 = ORIENTED_EDGE('',*,*,#7935,.T.);
#7935 = EDGE_CURVE('',#7927,#7936,#7938,.T.);
#7936 = VERTEX_POINT('',#7937);
#7937 = CARTESIAN_POINT('',(-7.4,-2.22044604925E-16,12.4));
#7938 = LINE('',#7939,#7940);
#7939 = CARTESIAN_POINT('',(-7.4,-2.22044604925E-16,7.));
#7940 = VECTOR('',#7941,1.);
#7941 = DIRECTION('',(0.,0.,1.));
#7942 = ORIENTED_EDGE('',*,*,#7943,.F.);
#7943 = EDGE_CURVE('',#7484,#7936,#7944,.T.);
#7944 = CIRCLE('',#7945,1.6);
#7945 = AXIS2_PLACEMENT_3D('',#7946,#7947,#7948);
#7946 = CARTESIAN_POINT('',(-7.4,1.6,12.4));
#7947 = DIRECTION('',(0.,0.,1.));
#7948 = DIRECTION('',(-1.,0.,0.));
#7949 = CYLINDRICAL_SURFACE('',#7950,1.6);
#7950 = AXIS2_PLACEMENT_3D('',#7951,#7952,#7953);
#7951 = CARTESIAN_POINT('',(-7.4,1.6,7.));
#7952 = DIRECTION('',(0.,0.,1.));
#7953 = DIRECTION('',(-1.,0.,0.));
#7954 = ADVANCED_FACE('',(#7955),#7984,.T.);
#7955 = FACE_BOUND('',#7956,.T.);
#7956 = EDGE_LOOP('',(#7957,#7966,#7974,#7981,#7982,#7983));
#7957 = ORIENTED_EDGE('',*,*,#7958,.F.);
#7958 = EDGE_CURVE('',#7959,#7484,#7961,.T.);
#7959 = VERTEX_POINT('',#7960);
#7960 = CARTESIAN_POINT('',(-7.4,1.6,14.));
#7961 = CIRCLE('',#7962,1.6);
#7962 = AXIS2_PLACEMENT_3D('',#7963,#7964,#7965);
#7963 = CARTESIAN_POINT('',(-7.4,1.6,12.4));
#7964 = DIRECTION('',(0.,-1.,0.));
#7965 = DIRECTION('',(-1.,0.,0.));
#7966 = ORIENTED_EDGE('',*,*,#7967,.T.);
#7967 = EDGE_CURVE('',#7959,#7968,#7970,.T.);
#7968 = VERTEX_POINT('',#7969);
#7969 = CARTESIAN_POINT('',(-7.4,3.4,14.));
#7970 = LINE('',#7971,#7972);
#7971 = CARTESIAN_POINT('',(-7.4,0.,14.));
#7972 = VECTOR('',#7973,1.);
#7973 = DIRECTION('',(0.,1.,0.));
#7974 = ORIENTED_EDGE('',*,*,#7975,.F.);
#7975 = EDGE_CURVE('',#7500,#7968,#7976,.T.);
#7976 = CIRCLE('',#7977,1.6);
#7977 = AXIS2_PLACEMENT_3D('',#7978,#7979,#7980);
#7978 = CARTESIAN_POINT('',(-7.4,3.4,12.4));
#7979 = DIRECTION('',(0.,1.,-0.));
#7980 = DIRECTION('',(-1.,0.,0.));
#7981 = ORIENTED_EDGE('',*,*,#7507,.F.);
#7982 = ORIENTED_EDGE('',*,*,#7545,.F.);
#7983 = ORIENTED_EDGE('',*,*,#7530,.F.);
#7984 = CYLINDRICAL_SURFACE('',#7985,1.6);
#7985 = AXIS2_PLACEMENT_3D('',#7986,#7987,#7988);
#7986 = CARTESIAN_POINT('',(-7.4,0.,12.4));
#7987 = DIRECTION('',(0.,1.,0.));
#7988 = DIRECTION('',(-1.,0.,0.));
#7989 = ADVANCED_FACE('',(#7990),#8014,.T.);
#7990 = FACE_BOUND('',#7991,.T.);
#7991 = EDGE_LOOP('',(#7992,#7993,#8000,#8006,#8013));
#7992 = ORIENTED_EDGE('',*,*,#7515,.F.);
#7993 = ORIENTED_EDGE('',*,*,#7994,.T.);
#7994 = EDGE_CURVE('',#7516,#7686,#7995,.T.);
#7995 = CIRCLE('',#7996,1.8);
#7996 = AXIS2_PLACEMENT_3D('',#7997,#7998,#7999);
#7997 = CARTESIAN_POINT('',(-10.8,3.2,9.8));
#7998 = DIRECTION('',(0.,0.,1.));
#7999 = DIRECTION('',(1.,0.,0.));
#8000 = ORIENTED_EDGE('',*,*,#8001,.T.);
#8001 = EDGE_CURVE('',#7686,#7873,#8002,.T.);
#8002 = LINE('',#8003,#8004);
#8003 = CARTESIAN_POINT('',(-10.8,5.,8.));
#8004 = VECTOR('',#8005,1.);
#8005 = DIRECTION('',(0.,0.,1.));
#8006 = ORIENTED_EDGE('',*,*,#8007,.T.);
#8007 = EDGE_CURVE('',#7873,#7552,#8008,.T.);
#8008 = CIRCLE('',#8009,1.8);
#8009 = AXIS2_PLACEMENT_3D('',#8010,#8011,#8012);
#8010 = CARTESIAN_POINT('',(-10.8,3.2,14.2));
#8011 = DIRECTION('',(0.,0.,-1.));
#8012 = DIRECTION('',(1.,0.,0.));
#8013 = ORIENTED_EDGE('',*,*,#7551,.F.);
#8014 = CYLINDRICAL_SURFACE('',#8015,1.8);
#8015 = AXIS2_PLACEMENT_3D('',#8016,#8017,#8018);
#8016 = CARTESIAN_POINT('',(-10.8,3.2,8.));
#8017 = DIRECTION('',(0.,0.,1.));
#8018 = DIRECTION('',(1.,0.,0.));
#8019 = ADVANCED_FACE('',(#8020),#8047,.T.);
#8020 = FACE_BOUND('',#8021,.F.);
#8021 = EDGE_LOOP('',(#8022,#8023,#8032,#8040));
#8022 = ORIENTED_EDGE('',*,*,#7499,.F.);
#8023 = ORIENTED_EDGE('',*,*,#8024,.T.);
#8024 = EDGE_CURVE('',#7492,#8025,#8027,.T.);
#8025 = VERTEX_POINT('',#8026);
#8026 = CARTESIAN_POINT('',(-7.4,5.,8.6));
#8027 = CIRCLE('',#8028,1.6);
#8028 = AXIS2_PLACEMENT_3D('',#8029,#8030,#8031);
#8029 = CARTESIAN_POINT('',(-7.4,3.4,8.6));
#8030 = DIRECTION('',(0.,0.,-1.));
#8031 = DIRECTION('',(-1.,0.,0.));
#8032 = ORIENTED_EDGE('',*,*,#8033,.T.);
#8033 = EDGE_CURVE('',#8025,#8034,#8036,.T.);
#8034 = VERTEX_POINT('',#8035);
#8035 = CARTESIAN_POINT('',(-7.4,5.,12.4));
#8036 = LINE('',#8037,#8038);
#8037 = CARTESIAN_POINT('',(-7.4,5.,7.));
#8038 = VECTOR('',#8039,1.);
#8039 = DIRECTION('',(0.,0.,1.));
#8040 = ORIENTED_EDGE('',*,*,#8041,.T.);
#8041 = EDGE_CURVE('',#8034,#7500,#8042,.T.);
#8042 = CIRCLE('',#8043,1.6);
#8043 = AXIS2_PLACEMENT_3D('',#8044,#8045,#8046);
#8044 = CARTESIAN_POINT('',(-7.4,3.4,12.4));
#8045 = DIRECTION('',(0.,0.,1.));
#8046 = DIRECTION('',(-1.,0.,0.));
#8047 = CYLINDRICAL_SURFACE('',#8048,1.6);
#8048 = AXIS2_PLACEMENT_3D('',#8049,#8050,#8051);
#8049 = CARTESIAN_POINT('',(-7.4,3.4,7.));
#8050 = DIRECTION('',(0.,0.,1.));
#8051 = DIRECTION('',(-1.,0.,0.));
#8052 = ADVANCED_FACE('',(#8053),#8080,.T.);
#8053 = FACE_BOUND('',#8054,.F.);
#8054 = EDGE_LOOP('',(#8055,#8064,#8072,#8079));
#8055 = ORIENTED_EDGE('',*,*,#8056,.F.);
#8056 = EDGE_CURVE('',#8057,#7482,#8059,.T.);
#8057 = VERTEX_POINT('',#8058);
#8058 = CARTESIAN_POINT('',(-7.4,1.6,7.));
#8059 = CIRCLE('',#8060,1.6);
#8060 = AXIS2_PLACEMENT_3D('',#8061,#8062,#8063);
#8061 = CARTESIAN_POINT('',(-7.4,1.6,8.6));
#8062 = DIRECTION('',(0.,1.,-0.));
#8063 = DIRECTION('',(-1.,0.,0.));
#8064 = ORIENTED_EDGE('',*,*,#8065,.T.);
#8065 = EDGE_CURVE('',#8057,#8066,#8068,.T.);
#8066 = VERTEX_POINT('',#8067);
#8067 = CARTESIAN_POINT('',(-7.4,3.4,7.));
#8068 = LINE('',#8069,#8070);
#8069 = CARTESIAN_POINT('',(-7.4,0.,7.));
#8070 = VECTOR('',#8071,1.);
#8071 = DIRECTION('',(0.,1.,0.));
#8072 = ORIENTED_EDGE('',*,*,#8073,.T.);
#8073 = EDGE_CURVE('',#8066,#7492,#8074,.T.);
#8074 = CIRCLE('',#8075,1.6);
#8075 = AXIS2_PLACEMENT_3D('',#8076,#8077,#8078);
#8076 = CARTESIAN_POINT('',(-7.4,3.4,8.6));
#8077 = DIRECTION('',(0.,1.,-0.));
#8078 = DIRECTION('',(-1.,0.,0.));
#8079 = ORIENTED_EDGE('',*,*,#7491,.F.);
#8080 = CYLINDRICAL_SURFACE('',#8081,1.6);
#8081 = AXIS2_PLACEMENT_3D('',#8082,#8083,#8084);
#8082 = CARTESIAN_POINT('',(-7.4,0.,8.6));
#8083 = DIRECTION('',(0.,1.,0.));
#8084 = DIRECTION('',(-1.,0.,0.));
#8085 = ADVANCED_FACE('',(#8086),#8098,.T.);
#8086 = FACE_BOUND('',#8087,.F.);
#8087 = EDGE_LOOP('',(#8088,#8089,#8090,#8097));
#8088 = ORIENTED_EDGE('',*,*,#7573,.F.);
#8089 = ORIENTED_EDGE('',*,*,#7592,.T.);
#8090 = ORIENTED_EDGE('',*,*,#8091,.F.);
#8091 = EDGE_CURVE('',#7552,#7593,#8092,.T.);
#8092 = CIRCLE('',#8093,1.8);
#8093 = AXIS2_PLACEMENT_3D('',#8094,#8095,#8096);
#8094 = CARTESIAN_POINT('',(-10.8,3.2,14.2));
#8095 = DIRECTION('',(0.,-1.,0.));
#8096 = DIRECTION('',(1.,0.,0.));
#8097 = ORIENTED_EDGE('',*,*,#7559,.F.);
#8098 = CYLINDRICAL_SURFACE('',#8099,1.8);
#8099 = AXIS2_PLACEMENT_3D('',#8100,#8101,#8102);
#8100 = CARTESIAN_POINT('',(-10.8,0.,14.2));
#8101 = DIRECTION('',(0.,1.,0.));
#8102 = DIRECTION('',(1.,0.,0.));
#8103 = ADVANCED_FACE('',(#8104),#8109,.T.);
#8104 = FACE_BOUND('',#8105,.F.);
#8105 = EDGE_LOOP('',(#8106,#8107,#8108));
#8106 = ORIENTED_EDGE('',*,*,#7616,.F.);
#8107 = ORIENTED_EDGE('',*,*,#7632,.T.);
#8108 = ORIENTED_EDGE('',*,*,#7897,.F.);
#8109 = SPHERICAL_SURFACE('',#8110,2.);
#8110 = AXIS2_PLACEMENT_3D('',#8111,#8112,#8113);
#8111 = CARTESIAN_POINT('',(-78.,5.,7.));
#8112 = DIRECTION('',(0.,0.,1.));
#8113 = DIRECTION('',(-1.,0.,0.));
#8114 = ADVANCED_FACE('',(#8115),#8121,.T.);
#8115 = FACE_BOUND('',#8116,.T.);
#8116 = EDGE_LOOP('',(#8117,#8118,#8119,#8120));
#8117 = ORIENTED_EDGE('',*,*,#7904,.T.);
#8118 = ORIENTED_EDGE('',*,*,#7817,.T.);
#8119 = ORIENTED_EDGE('',*,*,#7716,.F.);
#8120 = ORIENTED_EDGE('',*,*,#7651,.F.);
#8121 = PLANE('',#8122);
#8122 = AXIS2_PLACEMENT_3D('',#8123,#8124,#8125);
#8123 = CARTESIAN_POINT('',(-80.,7.,5.));
#8124 = DIRECTION('',(0.,1.,0.));
#8125 = DIRECTION('',(0.,0.,1.));
#8126 = ADVANCED_FACE('',(#8127),#8132,.T.);
#8127 = FACE_BOUND('',#8128,.T.);
#8128 = EDGE_LOOP('',(#8129,#8130,#8131));
#8129 = ORIENTED_EDGE('',*,*,#7667,.F.);
#8130 = ORIENTED_EDGE('',*,*,#7642,.T.);
#8131 = ORIENTED_EDGE('',*,*,#7709,.F.);
#8132 = SPHERICAL_SURFACE('',#8133,2.);
#8133 = AXIS2_PLACEMENT_3D('',#8134,#8135,#8136);
#8134 = CARTESIAN_POINT('',(-64.,5.,7.));
#8135 = DIRECTION('',(0.,0.,1.));
#8136 = DIRECTION('',(1.,0.,0.));
#8137 = ADVANCED_FACE('',(#8138),#8151,.T.);
#8138 = FACE_BOUND('',#8139,.T.);
#8139 = EDGE_LOOP('',(#8140,#8141,#8142,#8149,#8150));
#8140 = ORIENTED_EDGE('',*,*,#7694,.F.);
#8141 = ORIENTED_EDGE('',*,*,#7733,.T.);
#8142 = ORIENTED_EDGE('',*,*,#8143,.T.);
#8143 = EDGE_CURVE('',#7725,#7832,#8144,.T.);
#8144 = CIRCLE('',#8145,2.);
#8145 = AXIS2_PLACEMENT_3D('',#8146,#8147,#8148);
#8146 = CARTESIAN_POINT('',(-64.,5.,13.));
#8147 = DIRECTION('',(0.,-1.,0.));
#8148 = DIRECTION('',(1.,0.,0.));
#8149 = ORIENTED_EDGE('',*,*,#7881,.T.);
#8150 = ORIENTED_EDGE('',*,*,#8001,.F.);
#8151 = PLANE('',#8152);
#8152 = AXIS2_PLACEMENT_3D('',#8153,#8154,#8155);
#8153 = CARTESIAN_POINT('',(-67.,5.,8.));
#8154 = DIRECTION('',(0.,1.,0.));
#8155 = DIRECTION('',(0.,0.,1.));
#8156 = ADVANCED_FACE('',(#8157),#8162,.T.);
#8157 = FACE_BOUND('',#8158,.T.);
#8158 = EDGE_LOOP('',(#8159,#8160,#8161));
#8159 = ORIENTED_EDGE('',*,*,#7749,.F.);
#8160 = ORIENTED_EDGE('',*,*,#7685,.T.);
#8161 = ORIENTED_EDGE('',*,*,#7994,.F.);
#8162 = SPHERICAL_SURFACE('',#8163,1.8);
#8163 = AXIS2_PLACEMENT_3D('',#8164,#8165,#8166);
#8164 = CARTESIAN_POINT('',(-10.8,3.2,9.8));
#8165 = DIRECTION('',(0.,0.,1.));
#8166 = DIRECTION('',(1.,0.,0.));
#8167 = ADVANCED_FACE('',(#8168),#8174,.T.);
#8168 = FACE_BOUND('',#8169,.T.);
#8169 = EDGE_LOOP('',(#8170,#8171,#8172,#8173));
#8170 = ORIENTED_EDGE('',*,*,#7724,.F.);
#8171 = ORIENTED_EDGE('',*,*,#7810,.T.);
#8172 = ORIENTED_EDGE('',*,*,#7854,.F.);
#8173 = ORIENTED_EDGE('',*,*,#8143,.F.);
#8174 = SPHERICAL_SURFACE('',#8175,2.);
#8175 = AXIS2_PLACEMENT_3D('',#8176,#8177,#8178);
#8176 = CARTESIAN_POINT('',(-64.,5.,13.));
#8177 = DIRECTION('',(0.,-1.,0.));
#8178 = DIRECTION('',(1.,0.,0.));
#8179 = ADVANCED_FACE('',(#8180),#8185,.T.);
#8180 = FACE_BOUND('',#8181,.F.);
#8181 = EDGE_LOOP('',(#8182,#8183,#8184));
#8182 = ORIENTED_EDGE('',*,*,#7910,.F.);
#8183 = ORIENTED_EDGE('',*,*,#7800,.T.);
#8184 = ORIENTED_EDGE('',*,*,#7767,.F.);
#8185 = SPHERICAL_SURFACE('',#8186,2.);
#8186 = AXIS2_PLACEMENT_3D('',#8187,#8188,#8189);
#8187 = CARTESIAN_POINT('',(-78.,5.,13.));
#8188 = DIRECTION('',(0.,-1.,0.));
#8189 = DIRECTION('',(-1.,0.,0.));
#8190 = ADVANCED_FACE('',(#8191),#8196,.T.);
#8191 = FACE_BOUND('',#8192,.T.);
#8192 = EDGE_LOOP('',(#8193,#8194,#8195));
#8193 = ORIENTED_EDGE('',*,*,#8007,.F.);
#8194 = ORIENTED_EDGE('',*,*,#7872,.T.);
#8195 = ORIENTED_EDGE('',*,*,#8091,.F.);
#8196 = SPHERICAL_SURFACE('',#8197,1.8);
#8197 = AXIS2_PLACEMENT_3D('',#8198,#8199,#8200);
#8198 = CARTESIAN_POINT('',(-10.8,3.2,14.2));
#8199 = DIRECTION('',(0.,-1.,0.));
#8200 = DIRECTION('',(1.,0.,0.));
#8201 = ADVANCED_FACE('',(#8202),#8213,.T.);
#8202 = FACE_BOUND('',#8203,.T.);
#8203 = EDGE_LOOP('',(#8204,#8205,#8212));
#8204 = ORIENTED_EDGE('',*,*,#8056,.F.);
#8205 = ORIENTED_EDGE('',*,*,#8206,.T.);
#8206 = EDGE_CURVE('',#8057,#7927,#8207,.T.);
#8207 = CIRCLE('',#8208,1.6);
#8208 = AXIS2_PLACEMENT_3D('',#8209,#8210,#8211);
#8209 = CARTESIAN_POINT('',(-7.4,1.6,8.6));
#8210 = DIRECTION('',(-1.,6.123233995737E-17,0.));
#8211 = DIRECTION('',(-6.123233995737E-17,-1.,0.));
#8212 = ORIENTED_EDGE('',*,*,#7926,.F.);
#8213 = SPHERICAL_SURFACE('',#8214,1.6);
#8214 = AXIS2_PLACEMENT_3D('',#8215,#8216,#8217);
#8215 = CARTESIAN_POINT('',(-7.4,1.6,8.6));
#8216 = DIRECTION('',(0.,0.,1.));
#8217 = DIRECTION('',(-1.,0.,0.));
#8218 = ADVANCED_FACE('',(#8219),#8230,.T.);
#8219 = FACE_BOUND('',#8220,.F.);
#8220 = EDGE_LOOP('',(#8221,#8222,#8229));
#8221 = ORIENTED_EDGE('',*,*,#7958,.F.);
#8222 = ORIENTED_EDGE('',*,*,#8223,.T.);
#8223 = EDGE_CURVE('',#7959,#7936,#8224,.T.);
#8224 = CIRCLE('',#8225,1.6);
#8225 = AXIS2_PLACEMENT_3D('',#8226,#8227,#8228);
#8226 = CARTESIAN_POINT('',(-7.4,1.6,12.4));
#8227 = DIRECTION('',(1.,-6.123233995737E-17,0.));
#8228 = DIRECTION('',(-6.123233995737E-17,-1.,0.));
#8229 = ORIENTED_EDGE('',*,*,#7943,.F.);
#8230 = SPHERICAL_SURFACE('',#8231,1.6);
#8231 = AXIS2_PLACEMENT_3D('',#8232,#8233,#8234);
#8232 = CARTESIAN_POINT('',(-7.4,1.6,12.4));
#8233 = DIRECTION('',(-0.,-0.,-1.));
#8234 = DIRECTION('',(-1.,0.,0.));
#8235 = ADVANCED_FACE('',(#8236),#8261,.F.);
#8236 = FACE_BOUND('',#8237,.F.);
#8237 = EDGE_LOOP('',(#8238,#8239,#8247,#8255));
#8238 = ORIENTED_EDGE('',*,*,#7935,.T.);
#8239 = ORIENTED_EDGE('',*,*,#8240,.T.);
#8240 = EDGE_CURVE('',#7936,#8241,#8243,.T.);
#8241 = VERTEX_POINT('',#8242);
#8242 = CARTESIAN_POINT('',(7.4,-2.22044604925E-16,12.4));
#8243 = LINE('',#8244,#8245);
#8244 = CARTESIAN_POINT('',(-9.,-2.22044604925E-16,12.4));
#8245 = VECTOR('',#8246,1.);
#8246 = DIRECTION('',(1.,0.,0.));
#8247 = ORIENTED_EDGE('',*,*,#8248,.F.);
#8248 = EDGE_CURVE('',#8249,#8241,#8251,.T.);
#8249 = VERTEX_POINT('',#8250);
#8250 = CARTESIAN_POINT('',(7.4,-2.22044604925E-16,8.6));
#8251 = LINE('',#8252,#8253);
#8252 = CARTESIAN_POINT('',(7.4,-2.22044604925E-16,7.));
#8253 = VECTOR('',#8254,1.);
#8254 = DIRECTION('',(0.,0.,1.));
#8255 = ORIENTED_EDGE('',*,*,#8256,.F.);
#8256 = EDGE_CURVE('',#7927,#8249,#8257,.T.);
#8257 = LINE('',#8258,#8259);
#8258 = CARTESIAN_POINT('',(-9.,-2.22044604925E-16,8.6));
#8259 = VECTOR('',#8260,1.);
#8260 = DIRECTION('',(1.,0.,0.));
#8261 = PLANE('',#8262);
#8262 = AXIS2_PLACEMENT_3D('',#8263,#8264,#8265);
#8263 = CARTESIAN_POINT('',(-9.,0.,7.));
#8264 = DIRECTION('',(0.,1.,0.));
#8265 = DIRECTION('',(0.,0.,1.));
#8266 = ADVANCED_FACE('',(#8267),#8292,.T.);
#8267 = FACE_BOUND('',#8268,.T.);
#8268 = EDGE_LOOP('',(#8269,#8270,#8278,#8286));
#8269 = ORIENTED_EDGE('',*,*,#7967,.F.);
#8270 = ORIENTED_EDGE('',*,*,#8271,.T.);
#8271 = EDGE_CURVE('',#7959,#8272,#8274,.T.);
#8272 = VERTEX_POINT('',#8273);
#8273 = CARTESIAN_POINT('',(7.4,1.6,14.));
#8274 = LINE('',#8275,#8276);
#8275 = CARTESIAN_POINT('',(-9.,1.6,14.));
#8276 = VECTOR('',#8277,1.);
#8277 = DIRECTION('',(1.,0.,0.));
#8278 = ORIENTED_EDGE('',*,*,#8279,.T.);
#8279 = EDGE_CURVE('',#8272,#8280,#8282,.T.);
#8280 = VERTEX_POINT('',#8281);
#8281 = CARTESIAN_POINT('',(7.4,3.4,14.));
#8282 = LINE('',#8283,#8284);
#8283 = CARTESIAN_POINT('',(7.4,0.,14.));
#8284 = VECTOR('',#8285,1.);
#8285 = DIRECTION('',(0.,1.,0.));
#8286 = ORIENTED_EDGE('',*,*,#8287,.F.);
#8287 = EDGE_CURVE('',#7968,#8280,#8288,.T.);
#8288 = LINE('',#8289,#8290);
#8289 = CARTESIAN_POINT('',(-9.,3.4,14.));
#8290 = VECTOR('',#8291,1.);
#8291 = DIRECTION('',(1.,0.,0.));
#8292 = PLANE('',#8293);
#8293 = AXIS2_PLACEMENT_3D('',#8294,#8295,#8296);
#8294 = CARTESIAN_POINT('',(-9.,0.,14.));
#8295 = DIRECTION('',(0.,0.,1.));
#8296 = DIRECTION('',(1.,0.,0.));
#8297 = ADVANCED_FACE('',(#8298),#8309,.T.);
#8298 = FACE_BOUND('',#8299,.F.);
#8299 = EDGE_LOOP('',(#8300,#8301,#8308));
#8300 = ORIENTED_EDGE('',*,*,#8041,.F.);
#8301 = ORIENTED_EDGE('',*,*,#8302,.T.);
#8302 = EDGE_CURVE('',#8034,#7968,#8303,.T.);
#8303 = CIRCLE('',#8304,1.6);
#8304 = AXIS2_PLACEMENT_3D('',#8305,#8306,#8307);
#8305 = CARTESIAN_POINT('',(-7.4,3.4,12.4));
#8306 = DIRECTION('',(1.,0.,6.123233995737E-17));
#8307 = DIRECTION('',(-6.123233995737E-17,0.,1.));
#8308 = ORIENTED_EDGE('',*,*,#7975,.F.);
#8309 = SPHERICAL_SURFACE('',#8310,1.6);
#8310 = AXIS2_PLACEMENT_3D('',#8311,#8312,#8313);
#8311 = CARTESIAN_POINT('',(-7.4,3.4,12.4));
#8312 = DIRECTION('',(0.,-1.,0.));
#8313 = DIRECTION('',(-1.,0.,0.));
#8314 = ADVANCED_FACE('',(#8315),#8326,.T.);
#8315 = FACE_BOUND('',#8316,.F.);
#8316 = EDGE_LOOP('',(#8317,#8318,#8325));
#8317 = ORIENTED_EDGE('',*,*,#8073,.F.);
#8318 = ORIENTED_EDGE('',*,*,#8319,.T.);
#8319 = EDGE_CURVE('',#8066,#8025,#8320,.T.);
#8320 = CIRCLE('',#8321,1.6);
#8321 = AXIS2_PLACEMENT_3D('',#8322,#8323,#8324);
#8322 = CARTESIAN_POINT('',(-7.4,3.4,8.6));
#8323 = DIRECTION('',(1.,6.123233995737E-17,-0.));
#8324 = DIRECTION('',(-6.123233995737E-17,1.,0.));
#8325 = ORIENTED_EDGE('',*,*,#8024,.F.);
#8326 = SPHERICAL_SURFACE('',#8327,1.6);
#8327 = AXIS2_PLACEMENT_3D('',#8328,#8329,#8330);
#8328 = CARTESIAN_POINT('',(-7.4,3.4,8.6));
#8329 = DIRECTION('',(0.,0.,1.));
#8330 = DIRECTION('',(-1.,0.,0.));
#8331 = ADVANCED_FACE('',(#8332),#8357,.T.);
#8332 = FACE_BOUND('',#8333,.T.);
#8333 = EDGE_LOOP('',(#8334,#8335,#8343,#8351));
#8334 = ORIENTED_EDGE('',*,*,#8033,.T.);
#8335 = ORIENTED_EDGE('',*,*,#8336,.T.);
#8336 = EDGE_CURVE('',#8034,#8337,#8339,.T.);
#8337 = VERTEX_POINT('',#8338);
#8338 = CARTESIAN_POINT('',(7.4,5.,12.4));
#8339 = LINE('',#8340,#8341);
#8340 = CARTESIAN_POINT('',(-9.,5.,12.4));
#8341 = VECTOR('',#8342,1.);
#8342 = DIRECTION('',(1.,0.,0.));
#8343 = ORIENTED_EDGE('',*,*,#8344,.F.);
#8344 = EDGE_CURVE('',#8345,#8337,#8347,.T.);
#8345 = VERTEX_POINT('',#8346);
#8346 = CARTESIAN_POINT('',(7.4,5.,8.6));
#8347 = LINE('',#8348,#8349);
#8348 = CARTESIAN_POINT('',(7.4,5.,7.));
#8349 = VECTOR('',#8350,1.);
#8350 = DIRECTION('',(0.,0.,1.));
#8351 = ORIENTED_EDGE('',*,*,#8352,.F.);
#8352 = EDGE_CURVE('',#8025,#8345,#8353,.T.);
#8353 = LINE('',#8354,#8355);
#8354 = CARTESIAN_POINT('',(-9.,5.,8.6));
#8355 = VECTOR('',#8356,1.);
#8356 = DIRECTION('',(1.,0.,0.));
#8357 = PLANE('',#8358);
#8358 = AXIS2_PLACEMENT_3D('',#8359,#8360,#8361);
#8359 = CARTESIAN_POINT('',(-9.,5.,7.));
#8360 = DIRECTION('',(0.,1.,0.));
#8361 = DIRECTION('',(0.,0.,1.));
#8362 = ADVANCED_FACE('',(#8363),#8388,.F.);
#8363 = FACE_BOUND('',#8364,.F.);
#8364 = EDGE_LOOP('',(#8365,#8366,#8374,#8382));
#8365 = ORIENTED_EDGE('',*,*,#8065,.F.);
#8366 = ORIENTED_EDGE('',*,*,#8367,.T.);
#8367 = EDGE_CURVE('',#8057,#8368,#8370,.T.);
#8368 = VERTEX_POINT('',#8369);
#8369 = CARTESIAN_POINT('',(7.4,1.6,7.));
#8370 = LINE('',#8371,#8372);
#8371 = CARTESIAN_POINT('',(-9.,1.6,7.));
#8372 = VECTOR('',#8373,1.);
#8373 = DIRECTION('',(1.,0.,0.));
#8374 = ORIENTED_EDGE('',*,*,#8375,.T.);
#8375 = EDGE_CURVE('',#8368,#8376,#8378,.T.);
#8376 = VERTEX_POINT('',#8377);
#8377 = CARTESIAN_POINT('',(7.4,3.4,7.));
#8378 = LINE('',#8379,#8380);
#8379 = CARTESIAN_POINT('',(7.4,0.,7.));
#8380 = VECTOR('',#8381,1.);
#8381 = DIRECTION('',(0.,1.,0.));
#8382 = ORIENTED_EDGE('',*,*,#8383,.F.);
#8383 = EDGE_CURVE('',#8066,#8376,#8384,.T.);
#8384 = LINE('',#8385,#8386);
#8385 = CARTESIAN_POINT('',(-9.,3.4,7.));
#8386 = VECTOR('',#8387,1.);
#8387 = DIRECTION('',(1.,0.,0.));
#8388 = PLANE('',#8389);
#8389 = AXIS2_PLACEMENT_3D('',#8390,#8391,#8392);
#8390 = CARTESIAN_POINT('',(-9.,0.,7.));
#8391 = DIRECTION('',(0.,0.,1.));
#8392 = DIRECTION('',(1.,0.,0.));
#8393 = ADVANCED_FACE('',(#8394),#8406,.T.);
#8394 = FACE_BOUND('',#8395,.T.);
#8395 = EDGE_LOOP('',(#8396,#8397,#8398,#8405));
#8396 = ORIENTED_EDGE('',*,*,#8206,.F.);
#8397 = ORIENTED_EDGE('',*,*,#8367,.T.);
#8398 = ORIENTED_EDGE('',*,*,#8399,.T.);
#8399 = EDGE_CURVE('',#8368,#8249,#8400,.T.);
#8400 = CIRCLE('',#8401,1.6);
#8401 = AXIS2_PLACEMENT_3D('',#8402,#8403,#8404);
#8402 = CARTESIAN_POINT('',(7.4,1.6,8.6));
#8403 = DIRECTION('',(-1.,-6.123233995737E-17,0.));
#8404 = DIRECTION('',(6.123233995737E-17,-1.,0.));
#8405 = ORIENTED_EDGE('',*,*,#8256,.F.);
#8406 = CYLINDRICAL_SURFACE('',#8407,1.6);
#8407 = AXIS2_PLACEMENT_3D('',#8408,#8409,#8410);
#8408 = CARTESIAN_POINT('',(-9.,1.6,8.6));
#8409 = DIRECTION('',(1.,0.,0.));
#8410 = DIRECTION('',(0.,-1.,0.));
#8411 = ADVANCED_FACE('',(#8412),#8424,.T.);
#8412 = FACE_BOUND('',#8413,.F.);
#8413 = EDGE_LOOP('',(#8414,#8415,#8416,#8423));
#8414 = ORIENTED_EDGE('',*,*,#8223,.F.);
#8415 = ORIENTED_EDGE('',*,*,#8271,.T.);
#8416 = ORIENTED_EDGE('',*,*,#8417,.T.);
#8417 = EDGE_CURVE('',#8272,#8241,#8418,.T.);
#8418 = CIRCLE('',#8419,1.6);
#8419 = AXIS2_PLACEMENT_3D('',#8420,#8421,#8422);
#8420 = CARTESIAN_POINT('',(7.4,1.6,12.4));
#8421 = DIRECTION('',(1.,6.123233995737E-17,0.));
#8422 = DIRECTION('',(6.123233995737E-17,-1.,0.));
#8423 = ORIENTED_EDGE('',*,*,#8240,.F.);
#8424 = CYLINDRICAL_SURFACE('',#8425,1.6);
#8425 = AXIS2_PLACEMENT_3D('',#8426,#8427,#8428);
#8426 = CARTESIAN_POINT('',(-9.,1.6,12.4));
#8427 = DIRECTION('',(1.,0.,0.));
#8428 = DIRECTION('',(0.,-1.,0.));
#8429 = ADVANCED_FACE('',(#8430),#8457,.T.);
#8430 = FACE_BOUND('',#8431,.F.);
#8431 = EDGE_LOOP('',(#8432,#8442,#8449,#8450));
#8432 = ORIENTED_EDGE('',*,*,#8433,.F.);
#8433 = EDGE_CURVE('',#8434,#8436,#8438,.T.);
#8434 = VERTEX_POINT('',#8435);
#8435 = CARTESIAN_POINT('',(9.,1.6,8.6));
#8436 = VERTEX_POINT('',#8437);
#8437 = CARTESIAN_POINT('',(9.,1.6,12.4));
#8438 = LINE('',#8439,#8440);
#8439 = CARTESIAN_POINT('',(9.,1.6,7.));
#8440 = VECTOR('',#8441,1.);
#8441 = DIRECTION('',(0.,0.,1.));
#8442 = ORIENTED_EDGE('',*,*,#8443,.T.);
#8443 = EDGE_CURVE('',#8434,#8249,#8444,.T.);
#8444 = CIRCLE('',#8445,1.6);
#8445 = AXIS2_PLACEMENT_3D('',#8446,#8447,#8448);
#8446 = CARTESIAN_POINT('',(7.4,1.6,8.6));
#8447 = DIRECTION('',(0.,0.,-1.));
#8448 = DIRECTION('',(1.,0.,0.));
#8449 = ORIENTED_EDGE('',*,*,#8248,.T.);
#8450 = ORIENTED_EDGE('',*,*,#8451,.F.);
#8451 = EDGE_CURVE('',#8436,#8241,#8452,.T.);
#8452 = CIRCLE('',#8453,1.6);
#8453 = AXIS2_PLACEMENT_3D('',#8454,#8455,#8456);
#8454 = CARTESIAN_POINT('',(7.4,1.6,12.4));
#8455 = DIRECTION('',(0.,0.,-1.));
#8456 = DIRECTION('',(1.,0.,0.));
#8457 = CYLINDRICAL_SURFACE('',#8458,1.6);
#8458 = AXIS2_PLACEMENT_3D('',#8459,#8460,#8461);
#8459 = CARTESIAN_POINT('',(7.4,1.6,7.));
#8460 = DIRECTION('',(0.,0.,1.));
#8461 = DIRECTION('',(1.,0.,0.));
#8462 = ADVANCED_FACE('',(#8463),#8475,.T.);
#8463 = FACE_BOUND('',#8464,.T.);
#8464 = EDGE_LOOP('',(#8465,#8466,#8467,#8474));
#8465 = ORIENTED_EDGE('',*,*,#8302,.T.);
#8466 = ORIENTED_EDGE('',*,*,#8287,.T.);
#8467 = ORIENTED_EDGE('',*,*,#8468,.F.);
#8468 = EDGE_CURVE('',#8337,#8280,#8469,.T.);
#8469 = CIRCLE('',#8470,1.6);
#8470 = AXIS2_PLACEMENT_3D('',#8471,#8472,#8473);
#8471 = CARTESIAN_POINT('',(7.4,3.4,12.4));
#8472 = DIRECTION('',(1.,0.,-6.123233995737E-17));
#8473 = DIRECTION('',(6.123233995737E-17,0.,1.));
#8474 = ORIENTED_EDGE('',*,*,#8336,.F.);
#8475 = CYLINDRICAL_SURFACE('',#8476,1.6);
#8476 = AXIS2_PLACEMENT_3D('',#8477,#8478,#8479);
#8477 = CARTESIAN_POINT('',(-9.,3.4,12.4));
#8478 = DIRECTION('',(1.,0.,0.));
#8479 = DIRECTION('',(0.,1.,0.));
#8480 = ADVANCED_FACE('',(#8481),#8522,.T.);
#8481 = FACE_BOUND('',#8482,.F.);
#8482 = EDGE_LOOP('',(#8483,#8490,#8491,#8500,#8508,#8516));
#8483 = ORIENTED_EDGE('',*,*,#8484,.F.);
#8484 = EDGE_CURVE('',#8272,#8436,#8485,.T.);
#8485 = CIRCLE('',#8486,1.6);
#8486 = AXIS2_PLACEMENT_3D('',#8487,#8488,#8489);
#8487 = CARTESIAN_POINT('',(7.4,1.6,12.4));
#8488 = DIRECTION('',(-0.,1.,0.));
#8489 = DIRECTION('',(1.,0.,0.));
#8490 = ORIENTED_EDGE('',*,*,#8279,.T.);
#8491 = ORIENTED_EDGE('',*,*,#8492,.F.);
#8492 = EDGE_CURVE('',#8493,#8280,#8495,.T.);
#8493 = VERTEX_POINT('',#8494);
#8494 = CARTESIAN_POINT('',(9.,3.4,12.4));
#8495 = CIRCLE('',#8496,1.6);
#8496 = AXIS2_PLACEMENT_3D('',#8497,#8498,#8499);
#8497 = CARTESIAN_POINT('',(7.4,3.4,12.4));
#8498 = DIRECTION('',(0.,-1.,0.));
#8499 = DIRECTION('',(1.,0.,0.));
#8500 = ORIENTED_EDGE('',*,*,#8501,.F.);
#8501 = EDGE_CURVE('',#8502,#8493,#8504,.T.);
#8502 = VERTEX_POINT('',#8503);
#8503 = CARTESIAN_POINT('',(9.,3.2,12.4));
#8504 = LINE('',#8505,#8506);
#8505 = CARTESIAN_POINT('',(9.,0.,12.4));
#8506 = VECTOR('',#8507,1.);
#8507 = DIRECTION('',(0.,1.,0.));
#8508 = ORIENTED_EDGE('',*,*,#8509,.F.);
#8509 = EDGE_CURVE('',#8510,#8502,#8512,.T.);
#8510 = VERTEX_POINT('',#8511);
#8511 = CARTESIAN_POINT('',(9.,1.8,12.4));
#8512 = LINE('',#8513,#8514);
#8513 = CARTESIAN_POINT('',(9.,0.,12.4));
#8514 = VECTOR('',#8515,1.);
#8515 = DIRECTION('',(0.,1.,0.));
#8516 = ORIENTED_EDGE('',*,*,#8517,.F.);
#8517 = EDGE_CURVE('',#8436,#8510,#8518,.T.);
#8518 = LINE('',#8519,#8520);
#8519 = CARTESIAN_POINT('',(9.,0.,12.4));
#8520 = VECTOR('',#8521,1.);
#8521 = DIRECTION('',(0.,1.,0.));
#8522 = CYLINDRICAL_SURFACE('',#8523,1.6);
#8523 = AXIS2_PLACEMENT_3D('',#8524,#8525,#8526);
#8524 = CARTESIAN_POINT('',(7.4,0.,12.4));
#8525 = DIRECTION('',(0.,1.,0.));
#8526 = DIRECTION('',(1.,0.,0.));
#8527 = ADVANCED_FACE('',(#8528),#8540,.T.);
#8528 = FACE_BOUND('',#8529,.F.);
#8529 = EDGE_LOOP('',(#8530,#8531,#8532,#8539));
#8530 = ORIENTED_EDGE('',*,*,#8319,.F.);
#8531 = ORIENTED_EDGE('',*,*,#8383,.T.);
#8532 = ORIENTED_EDGE('',*,*,#8533,.T.);
#8533 = EDGE_CURVE('',#8376,#8345,#8534,.T.);
#8534 = CIRCLE('',#8535,1.6);
#8535 = AXIS2_PLACEMENT_3D('',#8536,#8537,#8538);
#8536 = CARTESIAN_POINT('',(7.4,3.4,8.6));
#8537 = DIRECTION('',(1.,-6.123233995737E-17,0.));
#8538 = DIRECTION('',(6.123233995737E-17,1.,0.));
#8539 = ORIENTED_EDGE('',*,*,#8352,.F.);
#8540 = CYLINDRICAL_SURFACE('',#8541,1.6);
#8541 = AXIS2_PLACEMENT_3D('',#8542,#8543,#8544);
#8542 = CARTESIAN_POINT('',(-9.,3.4,8.6));
#8543 = DIRECTION('',(1.,0.,0.));
#8544 = DIRECTION('',(0.,1.,0.));
#8545 = ADVANCED_FACE('',(#8546),#8571,.T.);
#8546 = FACE_BOUND('',#8547,.T.);
#8547 = EDGE_LOOP('',(#8548,#8556,#8563,#8564));
#8548 = ORIENTED_EDGE('',*,*,#8549,.F.);
#8549 = EDGE_CURVE('',#8550,#8493,#8552,.T.);
#8550 = VERTEX_POINT('',#8551);
#8551 = CARTESIAN_POINT('',(9.,3.4,8.6));
#8552 = LINE('',#8553,#8554);
#8553 = CARTESIAN_POINT('',(9.,3.4,7.));
#8554 = VECTOR('',#8555,1.);
#8555 = DIRECTION('',(0.,0.,1.));
#8556 = ORIENTED_EDGE('',*,*,#8557,.T.);
#8557 = EDGE_CURVE('',#8550,#8345,#8558,.T.);
#8558 = CIRCLE('',#8559,1.6);
#8559 = AXIS2_PLACEMENT_3D('',#8560,#8561,#8562);
#8560 = CARTESIAN_POINT('',(7.4,3.4,8.6));
#8561 = DIRECTION('',(0.,0.,1.));
#8562 = DIRECTION('',(1.,0.,0.));
#8563 = ORIENTED_EDGE('',*,*,#8344,.T.);
#8564 = ORIENTED_EDGE('',*,*,#8565,.T.);
#8565 = EDGE_CURVE('',#8337,#8493,#8566,.T.);
#8566 = CIRCLE('',#8567,1.6);
#8567 = AXIS2_PLACEMENT_3D('',#8568,#8569,#8570);
#8568 = CARTESIAN_POINT('',(7.4,3.4,12.4));
#8569 = DIRECTION('',(0.,0.,-1.));
#8570 = DIRECTION('',(1.,0.,0.));
#8571 = CYLINDRICAL_SURFACE('',#8572,1.6);
#8572 = AXIS2_PLACEMENT_3D('',#8573,#8574,#8575);
#8573 = CARTESIAN_POINT('',(7.4,3.4,7.));
#8574 = DIRECTION('',(0.,0.,1.));
#8575 = DIRECTION('',(1.,0.,0.));
#8576 = ADVANCED_FACE('',(#8577),#8600,.T.);
#8577 = FACE_BOUND('',#8578,.T.);
#8578 = EDGE_LOOP('',(#8579,#8586,#8587,#8594));
#8579 = ORIENTED_EDGE('',*,*,#8580,.F.);
#8580 = EDGE_CURVE('',#8368,#8434,#8581,.T.);
#8581 = CIRCLE('',#8582,1.6);
#8582 = AXIS2_PLACEMENT_3D('',#8583,#8584,#8585);
#8583 = CARTESIAN_POINT('',(7.4,1.6,8.6));
#8584 = DIRECTION('',(0.,-1.,0.));
#8585 = DIRECTION('',(1.,0.,0.));
#8586 = ORIENTED_EDGE('',*,*,#8375,.T.);
#8587 = ORIENTED_EDGE('',*,*,#8588,.T.);
#8588 = EDGE_CURVE('',#8376,#8550,#8589,.T.);
#8589 = CIRCLE('',#8590,1.6);
#8590 = AXIS2_PLACEMENT_3D('',#8591,#8592,#8593);
#8591 = CARTESIAN_POINT('',(7.4,3.4,8.6));
#8592 = DIRECTION('',(0.,-1.,0.));
#8593 = DIRECTION('',(1.,0.,0.));
#8594 = ORIENTED_EDGE('',*,*,#8595,.F.);
#8595 = EDGE_CURVE('',#8434,#8550,#8596,.T.);
#8596 = LINE('',#8597,#8598);
#8597 = CARTESIAN_POINT('',(9.,0.,8.6));
#8598 = VECTOR('',#8599,1.);
#8599 = DIRECTION('',(0.,1.,0.));
#8600 = CYLINDRICAL_SURFACE('',#8601,1.6);
#8601 = AXIS2_PLACEMENT_3D('',#8602,#8603,#8604);
#8602 = CARTESIAN_POINT('',(7.4,0.,8.6));
#8603 = DIRECTION('',(0.,1.,0.));
#8604 = DIRECTION('',(1.,0.,0.));
#8605 = ADVANCED_FACE('',(#8606),#8611,.T.);
#8606 = FACE_BOUND('',#8607,.F.);
#8607 = EDGE_LOOP('',(#8608,#8609,#8610));
#8608 = ORIENTED_EDGE('',*,*,#8580,.F.);
#8609 = ORIENTED_EDGE('',*,*,#8399,.T.);
#8610 = ORIENTED_EDGE('',*,*,#8443,.F.);
#8611 = SPHERICAL_SURFACE('',#8612,1.6);
#8612 = AXIS2_PLACEMENT_3D('',#8613,#8614,#8615);
#8613 = CARTESIAN_POINT('',(7.4,1.6,8.6));
#8614 = DIRECTION('',(0.,0.,1.));
#8615 = DIRECTION('',(1.,0.,0.));
#8616 = ADVANCED_FACE('',(#8617),#8622,.T.);
#8617 = FACE_BOUND('',#8618,.T.);
#8618 = EDGE_LOOP('',(#8619,#8620,#8621));
#8619 = ORIENTED_EDGE('',*,*,#8484,.F.);
#8620 = ORIENTED_EDGE('',*,*,#8417,.T.);
#8621 = ORIENTED_EDGE('',*,*,#8451,.F.);
#8622 = SPHERICAL_SURFACE('',#8623,1.6);
#8623 = AXIS2_PLACEMENT_3D('',#8624,#8625,#8626);
#8624 = CARTESIAN_POINT('',(7.4,1.6,12.4));
#8625 = DIRECTION('',(-0.,-0.,-1.));
#8626 = DIRECTION('',(1.,0.,0.));
#8627 = ADVANCED_FACE('',(#8628),#8657,.T.);
#8628 = FACE_BOUND('',#8629,.T.);
#8629 = EDGE_LOOP('',(#8630,#8631,#8632,#8633,#8634,#8642,#8650,#8656));
#8630 = ORIENTED_EDGE('',*,*,#8433,.F.);
#8631 = ORIENTED_EDGE('',*,*,#8595,.T.);
#8632 = ORIENTED_EDGE('',*,*,#8549,.T.);
#8633 = ORIENTED_EDGE('',*,*,#8501,.F.);
#8634 = ORIENTED_EDGE('',*,*,#8635,.F.);
#8635 = EDGE_CURVE('',#8636,#8502,#8638,.T.);
#8636 = VERTEX_POINT('',#8637);
#8637 = CARTESIAN_POINT('',(9.,3.2,9.8));
#8638 = LINE('',#8639,#8640);
#8639 = CARTESIAN_POINT('',(9.,3.2,8.));
#8640 = VECTOR('',#8641,1.);
#8641 = DIRECTION('',(0.,0.,1.));
#8642 = ORIENTED_EDGE('',*,*,#8643,.F.);
#8643 = EDGE_CURVE('',#8644,#8636,#8646,.T.);
#8644 = VERTEX_POINT('',#8645);
#8645 = CARTESIAN_POINT('',(9.,1.8,9.8));
#8646 = LINE('',#8647,#8648);
#8647 = CARTESIAN_POINT('',(9.,0.,9.8));
#8648 = VECTOR('',#8649,1.);
#8649 = DIRECTION('',(0.,1.,0.));
#8650 = ORIENTED_EDGE('',*,*,#8651,.T.);
#8651 = EDGE_CURVE('',#8644,#8510,#8652,.T.);
#8652 = LINE('',#8653,#8654);
#8653 = CARTESIAN_POINT('',(9.,1.8,8.));
#8654 = VECTOR('',#8655,1.);
#8655 = DIRECTION('',(0.,0.,1.));
#8656 = ORIENTED_EDGE('',*,*,#8517,.F.);
#8657 = PLANE('',#8658);
#8658 = AXIS2_PLACEMENT_3D('',#8659,#8660,#8661);
#8659 = CARTESIAN_POINT('',(9.,0.,7.));
#8660 = DIRECTION('',(1.,0.,0.));
#8661 = DIRECTION('',(0.,0.,1.));
#8662 = ADVANCED_FACE('',(#8663),#8668,.T.);
#8663 = FACE_BOUND('',#8664,.T.);
#8664 = EDGE_LOOP('',(#8665,#8666,#8667));
#8665 = ORIENTED_EDGE('',*,*,#8565,.F.);
#8666 = ORIENTED_EDGE('',*,*,#8468,.T.);
#8667 = ORIENTED_EDGE('',*,*,#8492,.F.);
#8668 = SPHERICAL_SURFACE('',#8669,1.6);
#8669 = AXIS2_PLACEMENT_3D('',#8670,#8671,#8672);
#8670 = CARTESIAN_POINT('',(7.4,3.4,12.4));
#8671 = DIRECTION('',(0.,-1.,0.));
#8672 = DIRECTION('',(1.,0.,0.));
#8673 = ADVANCED_FACE('',(#8674),#8699,.F.);
#8674 = FACE_BOUND('',#8675,.F.);
#8675 = EDGE_LOOP('',(#8676,#8684,#8685,#8693));
#8676 = ORIENTED_EDGE('',*,*,#8677,.F.);
#8677 = EDGE_CURVE('',#8510,#8678,#8680,.T.);
#8678 = VERTEX_POINT('',#8679);
#8679 = CARTESIAN_POINT('',(9.,1.8,14.2));
#8680 = LINE('',#8681,#8682);
#8681 = CARTESIAN_POINT('',(9.,1.8,8.));
#8682 = VECTOR('',#8683,1.);
#8683 = DIRECTION('',(0.,0.,1.));
#8684 = ORIENTED_EDGE('',*,*,#8509,.T.);
#8685 = ORIENTED_EDGE('',*,*,#8686,.T.);
#8686 = EDGE_CURVE('',#8502,#8687,#8689,.T.);
#8687 = VERTEX_POINT('',#8688);
#8688 = CARTESIAN_POINT('',(9.,3.2,14.2));
#8689 = LINE('',#8690,#8691);
#8690 = CARTESIAN_POINT('',(9.,3.2,8.));
#8691 = VECTOR('',#8692,1.);
#8692 = DIRECTION('',(0.,0.,1.));
#8693 = ORIENTED_EDGE('',*,*,#8694,.F.);
#8694 = EDGE_CURVE('',#8678,#8687,#8695,.T.);
#8695 = LINE('',#8696,#8697);
#8696 = CARTESIAN_POINT('',(9.,0.,14.2));
#8697 = VECTOR('',#8698,1.);
#8698 = DIRECTION('',(0.,1.,0.));
#8699 = PLANE('',#8700);
#8700 = AXIS2_PLACEMENT_3D('',#8701,#8702,#8703);
#8701 = CARTESIAN_POINT('',(9.,0.,8.));
#8702 = DIRECTION('',(1.,0.,0.));
#8703 = DIRECTION('',(0.,0.,1.));
#8704 = ADVANCED_FACE('',(#8705),#8710,.T.);
#8705 = FACE_BOUND('',#8706,.T.);
#8706 = EDGE_LOOP('',(#8707,#8708,#8709));
#8707 = ORIENTED_EDGE('',*,*,#8588,.F.);
#8708 = ORIENTED_EDGE('',*,*,#8533,.T.);
#8709 = ORIENTED_EDGE('',*,*,#8557,.F.);
#8710 = SPHERICAL_SURFACE('',#8711,1.6);
#8711 = AXIS2_PLACEMENT_3D('',#8712,#8713,#8714);
#8712 = CARTESIAN_POINT('',(7.4,3.4,8.6));
#8713 = DIRECTION('',(0.,0.,1.));
#8714 = DIRECTION('',(1.,0.,0.));
#8715 = ADVANCED_FACE('',(#8716),#8744,.T.);
#8716 = FACE_BOUND('',#8717,.T.);
#8717 = EDGE_LOOP('',(#8718,#8719,#8728,#8736,#8743));
#8718 = ORIENTED_EDGE('',*,*,#8651,.F.);
#8719 = ORIENTED_EDGE('',*,*,#8720,.T.);
#8720 = EDGE_CURVE('',#8644,#8721,#8723,.T.);
#8721 = VERTEX_POINT('',#8722);
#8722 = CARTESIAN_POINT('',(10.8,-2.22044604925E-16,9.8));
#8723 = CIRCLE('',#8724,1.8);
#8724 = AXIS2_PLACEMENT_3D('',#8725,#8726,#8727);
#8725 = CARTESIAN_POINT('',(10.8,1.8,9.8));
#8726 = DIRECTION('',(0.,0.,1.));
#8727 = DIRECTION('',(-1.,0.,0.));
#8728 = ORIENTED_EDGE('',*,*,#8729,.T.);
#8729 = EDGE_CURVE('',#8721,#8730,#8732,.T.);
#8730 = VERTEX_POINT('',#8731);
#8731 = CARTESIAN_POINT('',(10.8,-2.22044604925E-16,14.2));
#8732 = LINE('',#8733,#8734);
#8733 = CARTESIAN_POINT('',(10.8,-2.22044604925E-16,8.));
#8734 = VECTOR('',#8735,1.);
#8735 = DIRECTION('',(0.,0.,1.));
#8736 = ORIENTED_EDGE('',*,*,#8737,.F.);
#8737 = EDGE_CURVE('',#8678,#8730,#8738,.T.);
#8738 = CIRCLE('',#8739,1.8);
#8739 = AXIS2_PLACEMENT_3D('',#8740,#8741,#8742);
#8740 = CARTESIAN_POINT('',(10.8,1.8,14.2));
#8741 = DIRECTION('',(0.,0.,1.));
#8742 = DIRECTION('',(-1.,0.,0.));
#8743 = ORIENTED_EDGE('',*,*,#8677,.F.);
#8744 = CYLINDRICAL_SURFACE('',#8745,1.8);
#8745 = AXIS2_PLACEMENT_3D('',#8746,#8747,#8748);
#8746 = CARTESIAN_POINT('',(10.8,1.8,8.));
#8747 = DIRECTION('',(0.,0.,1.));
#8748 = DIRECTION('',(-1.,0.,0.));
#8749 = ADVANCED_FACE('',(#8750),#8777,.T.);
#8750 = FACE_BOUND('',#8751,.F.);
#8751 = EDGE_LOOP('',(#8752,#8761,#8769,#8776));
#8752 = ORIENTED_EDGE('',*,*,#8753,.F.);
#8753 = EDGE_CURVE('',#8754,#8644,#8756,.T.);
#8754 = VERTEX_POINT('',#8755);
#8755 = CARTESIAN_POINT('',(10.8,1.8,8.));
#8756 = CIRCLE('',#8757,1.8);
#8757 = AXIS2_PLACEMENT_3D('',#8758,#8759,#8760);
#8758 = CARTESIAN_POINT('',(10.8,1.8,9.8));
#8759 = DIRECTION('',(0.,1.,-0.));
#8760 = DIRECTION('',(-1.,0.,0.));
#8761 = ORIENTED_EDGE('',*,*,#8762,.T.);
#8762 = EDGE_CURVE('',#8754,#8763,#8765,.T.);
#8763 = VERTEX_POINT('',#8764);
#8764 = CARTESIAN_POINT('',(10.8,3.2,8.));
#8765 = LINE('',#8766,#8767);
#8766 = CARTESIAN_POINT('',(10.8,0.,8.));
#8767 = VECTOR('',#8768,1.);
#8768 = DIRECTION('',(0.,1.,0.));
#8769 = ORIENTED_EDGE('',*,*,#8770,.T.);
#8770 = EDGE_CURVE('',#8763,#8636,#8771,.T.);
#8771 = CIRCLE('',#8772,1.8);
#8772 = AXIS2_PLACEMENT_3D('',#8773,#8774,#8775);
#8773 = CARTESIAN_POINT('',(10.8,3.2,9.8));
#8774 = DIRECTION('',(0.,1.,-0.));
#8775 = DIRECTION('',(-1.,0.,0.));
#8776 = ORIENTED_EDGE('',*,*,#8643,.F.);
#8777 = CYLINDRICAL_SURFACE('',#8778,1.8);
#8778 = AXIS2_PLACEMENT_3D('',#8779,#8780,#8781);
#8779 = CARTESIAN_POINT('',(10.8,0.,9.8));
#8780 = DIRECTION('',(0.,1.,0.));
#8781 = DIRECTION('',(-1.,0.,0.));
#8782 = ADVANCED_FACE('',(#8783),#8811,.T.);
#8783 = FACE_BOUND('',#8784,.F.);
#8784 = EDGE_LOOP('',(#8785,#8786,#8795,#8803,#8810));
#8785 = ORIENTED_EDGE('',*,*,#8635,.F.);
#8786 = ORIENTED_EDGE('',*,*,#8787,.T.);
#8787 = EDGE_CURVE('',#8636,#8788,#8790,.T.);
#8788 = VERTEX_POINT('',#8789);
#8789 = CARTESIAN_POINT('',(10.8,5.,9.8));
#8790 = CIRCLE('',#8791,1.8);
#8791 = AXIS2_PLACEMENT_3D('',#8792,#8793,#8794);
#8792 = CARTESIAN_POINT('',(10.8,3.2,9.8));
#8793 = DIRECTION('',(0.,0.,-1.));
#8794 = DIRECTION('',(-1.,0.,0.));
#8795 = ORIENTED_EDGE('',*,*,#8796,.T.);
#8796 = EDGE_CURVE('',#8788,#8797,#8799,.T.);
#8797 = VERTEX_POINT('',#8798);
#8798 = CARTESIAN_POINT('',(10.8,5.,14.2));
#8799 = LINE('',#8800,#8801);
#8800 = CARTESIAN_POINT('',(10.8,5.,8.));
#8801 = VECTOR('',#8802,1.);
#8802 = DIRECTION('',(0.,0.,1.));
#8803 = ORIENTED_EDGE('',*,*,#8804,.T.);
#8804 = EDGE_CURVE('',#8797,#8687,#8805,.T.);
#8805 = CIRCLE('',#8806,1.8);
#8806 = AXIS2_PLACEMENT_3D('',#8807,#8808,#8809);
#8807 = CARTESIAN_POINT('',(10.8,3.2,14.2));
#8808 = DIRECTION('',(0.,0.,1.));
#8809 = DIRECTION('',(-1.,0.,0.));
#8810 = ORIENTED_EDGE('',*,*,#8686,.F.);
#8811 = CYLINDRICAL_SURFACE('',#8812,1.8);
#8812 = AXIS2_PLACEMENT_3D('',#8813,#8814,#8815);
#8813 = CARTESIAN_POINT('',(10.8,3.2,8.));
#8814 = DIRECTION('',(0.,0.,1.));
#8815 = DIRECTION('',(-1.,0.,0.));
#8816 = ADVANCED_FACE('',(#8817),#8844,.T.);
#8817 = FACE_BOUND('',#8818,.T.);
#8818 = EDGE_LOOP('',(#8819,#8828,#8836,#8843));
#8819 = ORIENTED_EDGE('',*,*,#8820,.F.);
#8820 = EDGE_CURVE('',#8821,#8678,#8823,.T.);
#8821 = VERTEX_POINT('',#8822);
#8822 = CARTESIAN_POINT('',(10.8,1.8,16.));
#8823 = CIRCLE('',#8824,1.8);
#8824 = AXIS2_PLACEMENT_3D('',#8825,#8826,#8827);
#8825 = CARTESIAN_POINT('',(10.8,1.8,14.2));
#8826 = DIRECTION('',(0.,-1.,0.));
#8827 = DIRECTION('',(-1.,0.,0.));
#8828 = ORIENTED_EDGE('',*,*,#8829,.T.);
#8829 = EDGE_CURVE('',#8821,#8830,#8832,.T.);
#8830 = VERTEX_POINT('',#8831);
#8831 = CARTESIAN_POINT('',(10.8,3.2,16.));
#8832 = LINE('',#8833,#8834);
#8833 = CARTESIAN_POINT('',(10.8,0.,16.));
#8834 = VECTOR('',#8835,1.);
#8835 = DIRECTION('',(0.,1.,0.));
#8836 = ORIENTED_EDGE('',*,*,#8837,.F.);
#8837 = EDGE_CURVE('',#8687,#8830,#8838,.T.);
#8838 = CIRCLE('',#8839,1.8);
#8839 = AXIS2_PLACEMENT_3D('',#8840,#8841,#8842);
#8840 = CARTESIAN_POINT('',(10.8,3.2,14.2));
#8841 = DIRECTION('',(0.,1.,-0.));
#8842 = DIRECTION('',(-1.,0.,0.));
#8843 = ORIENTED_EDGE('',*,*,#8694,.F.);
#8844 = CYLINDRICAL_SURFACE('',#8845,1.8);
#8845 = AXIS2_PLACEMENT_3D('',#8846,#8847,#8848);
#8846 = CARTESIAN_POINT('',(10.8,0.,14.2));
#8847 = DIRECTION('',(0.,1.,0.));
#8848 = DIRECTION('',(-1.,0.,0.));
#8849 = ADVANCED_FACE('',(#8850),#8861,.T.);
#8850 = FACE_BOUND('',#8851,.T.);
#8851 = EDGE_LOOP('',(#8852,#8853,#8860));
#8852 = ORIENTED_EDGE('',*,*,#8753,.F.);
#8853 = ORIENTED_EDGE('',*,*,#8854,.T.);
#8854 = EDGE_CURVE('',#8754,#8721,#8855,.T.);
#8855 = CIRCLE('',#8856,1.8);
#8856 = AXIS2_PLACEMENT_3D('',#8857,#8858,#8859);
#8857 = CARTESIAN_POINT('',(10.8,1.8,9.8));
#8858 = DIRECTION('',(-1.,6.123233995737E-17,0.));
#8859 = DIRECTION('',(-6.123233995737E-17,-1.,0.));
#8860 = ORIENTED_EDGE('',*,*,#8720,.F.);
#8861 = SPHERICAL_SURFACE('',#8862,1.8);
#8862 = AXIS2_PLACEMENT_3D('',#8863,#8864,#8865);
#8863 = CARTESIAN_POINT('',(10.8,1.8,9.8));
#8864 = DIRECTION('',(0.,0.,1.));
#8865 = DIRECTION('',(-1.,0.,0.));
#8866 = ADVANCED_FACE('',(#8867),#8878,.T.);
#8867 = FACE_BOUND('',#8868,.F.);
#8868 = EDGE_LOOP('',(#8869,#8870,#8877));
#8869 = ORIENTED_EDGE('',*,*,#8820,.F.);
#8870 = ORIENTED_EDGE('',*,*,#8871,.T.);
#8871 = EDGE_CURVE('',#8821,#8730,#8872,.T.);
#8872 = CIRCLE('',#8873,1.8);
#8873 = AXIS2_PLACEMENT_3D('',#8874,#8875,#8876);
#8874 = CARTESIAN_POINT('',(10.8,1.8,14.2));
#8875 = DIRECTION('',(1.,-6.123233995737E-17,0.));
#8876 = DIRECTION('',(-6.123233995737E-17,-1.,0.));
#8877 = ORIENTED_EDGE('',*,*,#8737,.F.);
#8878 = SPHERICAL_SURFACE('',#8879,1.8);
#8879 = AXIS2_PLACEMENT_3D('',#8880,#8881,#8882);
#8880 = CARTESIAN_POINT('',(10.8,1.8,14.2));
#8881 = DIRECTION('',(-0.,-0.,-1.));
#8882 = DIRECTION('',(-1.,0.,0.));
#8883 = ADVANCED_FACE('',(#8884),#8925,.F.);
#8884 = FACE_BOUND('',#8885,.F.);
#8885 = EDGE_LOOP('',(#8886,#8894,#8895,#8903,#8911,#8919));
#8886 = ORIENTED_EDGE('',*,*,#8887,.F.);
#8887 = EDGE_CURVE('',#8721,#8888,#8890,.T.);
#8888 = VERTEX_POINT('',#8889);
#8889 = CARTESIAN_POINT('',(64.,-3.330669073875E-16,9.8));
#8890 = LINE('',#8891,#8892);
#8891 = CARTESIAN_POINT('',(9.,-2.22044604925E-16,9.8));
#8892 = VECTOR('',#8893,1.);
#8893 = DIRECTION('',(1.,0.,0.));
#8894 = ORIENTED_EDGE('',*,*,#8729,.T.);
#8895 = ORIENTED_EDGE('',*,*,#8896,.T.);
#8896 = EDGE_CURVE('',#8730,#8897,#8899,.T.);
#8897 = VERTEX_POINT('',#8898);
#8898 = CARTESIAN_POINT('',(65.2,-2.22044604925E-16,14.2));
#8899 = LINE('',#8900,#8901);
#8900 = CARTESIAN_POINT('',(9.,-2.22044604925E-16,14.2));
#8901 = VECTOR('',#8902,1.);
#8902 = DIRECTION('',(1.,0.,0.));
#8903 = ORIENTED_EDGE('',*,*,#8904,.F.);
#8904 = EDGE_CURVE('',#8905,#8897,#8907,.T.);
#8905 = VERTEX_POINT('',#8906);
#8906 = CARTESIAN_POINT('',(65.2,-3.330669073875E-16,13.));
#8907 = LINE('',#8908,#8909);
#8908 = CARTESIAN_POINT('',(65.2,-2.22044604925E-16,8.));
#8909 = VECTOR('',#8910,1.);
#8910 = DIRECTION('',(0.,0.,1.));
#8911 = ORIENTED_EDGE('',*,*,#8912,.F.);
#8912 = EDGE_CURVE('',#8913,#8905,#8915,.T.);
#8913 = VERTEX_POINT('',#8914);
#8914 = CARTESIAN_POINT('',(64.,-4.440892098501E-16,13.));
#8915 = LINE('',#8916,#8917);
#8916 = CARTESIAN_POINT('',(62.,-4.440892098501E-16,13.));
#8917 = VECTOR('',#8918,1.);
#8918 = DIRECTION('',(1.,0.,0.));
#8919 = ORIENTED_EDGE('',*,*,#8920,.F.);
#8920 = EDGE_CURVE('',#8888,#8913,#8921,.T.);
#8921 = LINE('',#8922,#8923);
#8922 = CARTESIAN_POINT('',(64.,-4.440892098501E-16,5.));
#8923 = VECTOR('',#8924,1.);
#8924 = DIRECTION('',(0.,0.,1.));
#8925 = PLANE('',#8926);
#8926 = AXIS2_PLACEMENT_3D('',#8927,#8928,#8929);
#8927 = CARTESIAN_POINT('',(9.,0.,8.));
#8928 = DIRECTION('',(0.,1.,0.));
#8929 = DIRECTION('',(0.,0.,1.));
#8930 = ADVANCED_FACE('',(#8931),#8965,.F.);
#8931 = FACE_BOUND('',#8932,.F.);
#8932 = EDGE_LOOP('',(#8933,#8934,#8942,#8951,#8959));
#8933 = ORIENTED_EDGE('',*,*,#8762,.F.);
#8934 = ORIENTED_EDGE('',*,*,#8935,.T.);
#8935 = EDGE_CURVE('',#8754,#8936,#8938,.T.);
#8936 = VERTEX_POINT('',#8937);
#8937 = CARTESIAN_POINT('',(62.010025125787,1.8,8.));
#8938 = LINE('',#8939,#8940);
#8939 = CARTESIAN_POINT('',(9.,1.8,8.));
#8940 = VECTOR('',#8941,1.);
#8941 = DIRECTION('',(1.,0.,0.));
#8942 = ORIENTED_EDGE('',*,*,#8943,.F.);
#8943 = EDGE_CURVE('',#8944,#8936,#8946,.T.);
#8944 = VERTEX_POINT('',#8945);
#8945 = CARTESIAN_POINT('',(62.,2.,8.));
#8946 = CIRCLE('',#8947,2.);
#8947 = AXIS2_PLACEMENT_3D('',#8948,#8949,#8950);
#8948 = CARTESIAN_POINT('',(64.,2.,8.));
#8949 = DIRECTION('',(0.,0.,1.));
#8950 = DIRECTION('',(-1.,0.,0.));
#8951 = ORIENTED_EDGE('',*,*,#8952,.T.);
#8952 = EDGE_CURVE('',#8944,#8953,#8955,.T.);
#8953 = VERTEX_POINT('',#8954);
#8954 = CARTESIAN_POINT('',(62.,3.2,8.));
#8955 = LINE('',#8956,#8957);
#8956 = CARTESIAN_POINT('',(62.,0.,8.));
#8957 = VECTOR('',#8958,1.);
#8958 = DIRECTION('',(0.,1.,0.));
#8959 = ORIENTED_EDGE('',*,*,#8960,.F.);
#8960 = EDGE_CURVE('',#8763,#8953,#8961,.T.);
#8961 = LINE('',#8962,#8963);
#8962 = CARTESIAN_POINT('',(9.,3.2,8.));
#8963 = VECTOR('',#8964,1.);
#8964 = DIRECTION('',(1.,0.,0.));
#8965 = PLANE('',#8966);
#8966 = AXIS2_PLACEMENT_3D('',#8967,#8968,#8969);
#8967 = CARTESIAN_POINT('',(9.,0.,8.));
#8968 = DIRECTION('',(0.,0.,1.));
#8969 = DIRECTION('',(1.,0.,0.));
#8970 = ADVANCED_FACE('',(#8971),#8982,.T.);
#8971 = FACE_BOUND('',#8972,.F.);
#8972 = EDGE_LOOP('',(#8973,#8974,#8981));
#8973 = ORIENTED_EDGE('',*,*,#8770,.F.);
#8974 = ORIENTED_EDGE('',*,*,#8975,.T.);
#8975 = EDGE_CURVE('',#8763,#8788,#8976,.T.);
#8976 = CIRCLE('',#8977,1.8);
#8977 = AXIS2_PLACEMENT_3D('',#8978,#8979,#8980);
#8978 = CARTESIAN_POINT('',(10.8,3.2,9.8));
#8979 = DIRECTION('',(1.,6.123233995737E-17,-0.));
#8980 = DIRECTION('',(-6.123233995737E-17,1.,0.));
#8981 = ORIENTED_EDGE('',*,*,#8787,.F.);
#8982 = SPHERICAL_SURFACE('',#8983,1.8);
#8983 = AXIS2_PLACEMENT_3D('',#8984,#8985,#8986);
#8984 = CARTESIAN_POINT('',(10.8,3.2,9.8));
#8985 = DIRECTION('',(0.,0.,1.));
#8986 = DIRECTION('',(-1.,0.,0.));
#8987 = ADVANCED_FACE('',(#8988),#8999,.T.);
#8988 = FACE_BOUND('',#8989,.F.);
#8989 = EDGE_LOOP('',(#8990,#8991,#8998));
#8990 = ORIENTED_EDGE('',*,*,#8804,.F.);
#8991 = ORIENTED_EDGE('',*,*,#8992,.T.);
#8992 = EDGE_CURVE('',#8797,#8830,#8993,.T.);
#8993 = CIRCLE('',#8994,1.8);
#8994 = AXIS2_PLACEMENT_3D('',#8995,#8996,#8997);
#8995 = CARTESIAN_POINT('',(10.8,3.2,14.2));
#8996 = DIRECTION('',(1.,0.,6.123233995737E-17));
#8997 = DIRECTION('',(-6.123233995737E-17,0.,1.));
#8998 = ORIENTED_EDGE('',*,*,#8837,.F.);
#8999 = SPHERICAL_SURFACE('',#9000,1.8);
#9000 = AXIS2_PLACEMENT_3D('',#9001,#9002,#9003);
#9001 = CARTESIAN_POINT('',(10.8,3.2,14.2));
#9002 = DIRECTION('',(0.,-1.,0.));
#9003 = DIRECTION('',(-1.,0.,0.));
#9004 = ADVANCED_FACE('',(#9005),#9039,.T.);
#9005 = FACE_BOUND('',#9006,.T.);
#9006 = EDGE_LOOP('',(#9007,#9015,#9016,#9024,#9033));
#9007 = ORIENTED_EDGE('',*,*,#9008,.F.);
#9008 = EDGE_CURVE('',#8788,#9009,#9011,.T.);
#9009 = VERTEX_POINT('',#9010);
#9010 = CARTESIAN_POINT('',(62.,5.,9.8));
#9011 = LINE('',#9012,#9013);
#9012 = CARTESIAN_POINT('',(9.,5.,9.8));
#9013 = VECTOR('',#9014,1.);
#9014 = DIRECTION('',(1.,0.,0.));
#9015 = ORIENTED_EDGE('',*,*,#8796,.T.);
#9016 = ORIENTED_EDGE('',*,*,#9017,.T.);
#9017 = EDGE_CURVE('',#8797,#9018,#9020,.T.);
#9018 = VERTEX_POINT('',#9019);
#9019 = CARTESIAN_POINT('',(62.4,5.,14.2));
#9020 = LINE('',#9021,#9022);
#9021 = CARTESIAN_POINT('',(9.,5.,14.2));
#9022 = VECTOR('',#9023,1.);
#9023 = DIRECTION('',(1.,0.,0.));
#9024 = ORIENTED_EDGE('',*,*,#9025,.F.);
#9025 = EDGE_CURVE('',#9026,#9018,#9028,.T.);
#9026 = VERTEX_POINT('',#9027);
#9027 = CARTESIAN_POINT('',(62.,5.,13.));
#9028 = CIRCLE('',#9029,2.);
#9029 = AXIS2_PLACEMENT_3D('',#9030,#9031,#9032);
#9030 = CARTESIAN_POINT('',(64.,5.,13.));
#9031 = DIRECTION('',(0.,1.,-0.));
#9032 = DIRECTION('',(-1.,0.,0.));
#9033 = ORIENTED_EDGE('',*,*,#9034,.F.);
#9034 = EDGE_CURVE('',#9009,#9026,#9035,.T.);
#9035 = LINE('',#9036,#9037);
#9036 = CARTESIAN_POINT('',(62.,5.,5.));
#9037 = VECTOR('',#9038,1.);
#9038 = DIRECTION('',(0.,0.,1.));
#9039 = PLANE('',#9040);
#9040 = AXIS2_PLACEMENT_3D('',#9041,#9042,#9043);
#9041 = CARTESIAN_POINT('',(9.,5.,8.));
#9042 = DIRECTION('',(0.,1.,0.));
#9043 = DIRECTION('',(0.,0.,1.));
#9044 = ADVANCED_FACE('',(#9045),#9070,.T.);
#9045 = FACE_BOUND('',#9046,.T.);
#9046 = EDGE_LOOP('',(#9047,#9048,#9056,#9064));
#9047 = ORIENTED_EDGE('',*,*,#8829,.F.);
#9048 = ORIENTED_EDGE('',*,*,#9049,.T.);
#9049 = EDGE_CURVE('',#8821,#9050,#9052,.T.);
#9050 = VERTEX_POINT('',#9051);
#9051 = CARTESIAN_POINT('',(65.2,1.8,16.));
#9052 = LINE('',#9053,#9054);
#9053 = CARTESIAN_POINT('',(9.,1.8,16.));
#9054 = VECTOR('',#9055,1.);
#9055 = DIRECTION('',(1.,0.,0.));
#9056 = ORIENTED_EDGE('',*,*,#9057,.T.);
#9057 = EDGE_CURVE('',#9050,#9058,#9060,.T.);
#9058 = VERTEX_POINT('',#9059);
#9059 = CARTESIAN_POINT('',(65.2,3.2,16.));
#9060 = LINE('',#9061,#9062);
#9061 = CARTESIAN_POINT('',(65.2,0.,16.));
#9062 = VECTOR('',#9063,1.);
#9063 = DIRECTION('',(0.,1.,0.));
#9064 = ORIENTED_EDGE('',*,*,#9065,.F.);
#9065 = EDGE_CURVE('',#8830,#9058,#9066,.T.);
#9066 = LINE('',#9067,#9068);
#9067 = CARTESIAN_POINT('',(9.,3.2,16.));
#9068 = VECTOR('',#9069,1.);
#9069 = DIRECTION('',(1.,0.,0.));
#9070 = PLANE('',#9071);
#9071 = AXIS2_PLACEMENT_3D('',#9072,#9073,#9074);
#9072 = CARTESIAN_POINT('',(9.,0.,16.));
#9073 = DIRECTION('',(0.,0.,1.));
#9074 = DIRECTION('',(1.,0.,0.));
#9075 = ADVANCED_FACE('',(#9076),#9128,.T.);
#9076 = FACE_BOUND('',#9077,.T.);
#9077 = EDGE_LOOP('',(#9078,#9079,#9080,#9127));
#9078 = ORIENTED_EDGE('',*,*,#8854,.F.);
#9079 = ORIENTED_EDGE('',*,*,#8935,.T.);
#9080 = ORIENTED_EDGE('',*,*,#9081,.F.);
#9081 = EDGE_CURVE('',#8888,#8936,#9082,.T.);
#9082 = B_SPLINE_CURVE_WITH_KNOTS('',7,(#9083,#9084,#9085,#9086,#9087,
    #9088,#9089,#9090,#9091,#9092,#9093,#9094,#9095,#9096,#9097,#9098,
    #9099,#9100,#9101,#9102,#9103,#9104,#9105,#9106,#9107,#9108,#9109,
    #9110,#9111,#9112,#9113,#9114,#9115,#9116,#9117,#9118,#9119,#9120,
    #9121,#9122,#9123,#9124,#9125,#9126),.UNSPECIFIED.,.F.,.F.,(8,6,6,6,
    6,6,6,8),(0.,6.960042873809E-04,1.34400797087E-03,2.016011166729E-03
    ,0.597266723632,0.742094816874,0.863156610256,1.),.UNSPECIFIED.);
#9083 = CARTESIAN_POINT('',(64.,-3.330669073875E-16,9.8));
#9084 = CARTESIAN_POINT('',(63.999758842323,-3.367905474144E-16,
    9.799771217744));
#9085 = CARTESIAN_POINT('',(63.999517684649,3.392493040643E-08,
    9.799542435485));
#9086 = CARTESIAN_POINT('',(63.999276526977,1.017747918851E-07,
    9.799313653228));
#9087 = CARTESIAN_POINT('',(63.999035369309,2.03549586172E-07,
    9.799084870975));
#9088 = CARTESIAN_POINT('',(63.998794211645,3.392493174245E-07,
    9.79885608873));
#9089 = CARTESIAN_POINT('',(63.998553053988,5.088739918841E-07,
    9.798627306494));
#9090 = CARTESIAN_POINT('',(63.998087370362,9.019352484901E-07,
    9.798185520229));
#9091 = CARTESIAN_POINT('',(63.997862844391,1.120853854297E-06,
    9.797972516199));
#9092 = CARTESIAN_POINT('',(63.99763831843,1.369179442003E-06,
    9.79775951218));
#9093 = CARTESIAN_POINT('',(63.997413792479,1.646912019873E-06,
    9.797546508174));
#9094 = CARTESIAN_POINT('',(63.997189266541,1.954051597734E-06,
    9.797333504183));
#9095 = CARTESIAN_POINT('',(63.996964740617,2.290598186973E-06,
    9.797120500209));
#9096 = CARTESIAN_POINT('',(63.996507373242,3.036058899212E-06,
    9.796686603467));
#9097 = CARTESIAN_POINT('',(63.996274531791,3.447191600407E-06,
    9.7964657107));
#9098 = CARTESIAN_POINT('',(63.996041690359,3.889949918605E-06,
    9.796244817955));
#9099 = CARTESIAN_POINT('',(63.995808848946,4.364333870077E-06,
    9.796023925234));
#9100 = CARTESIAN_POINT('',(63.995576007555,4.870343472878E-06,
    9.795803032538));
#9101 = CARTESIAN_POINT('',(63.995343166187,5.407978746852E-06,
    9.79558213987));
#9102 = CARTESIAN_POINT('',(63.788862830386,5.102203714999E-04,
    9.5996977427));
#9103 = CARTESIAN_POINT('',(63.584566280169,2.582391858252E-02,
    9.405889519727));
#9104 = CARTESIAN_POINT('',(63.381600358127,7.512890288648E-02,
    9.21363351752));
#9105 = CARTESIAN_POINT('',(63.179795860108,0.150006152661,
    9.023021951461));
#9106 = CARTESIAN_POINT('',(62.980650969009,0.253519818354,
    8.835875248136));
#9107 = CARTESIAN_POINT('',(62.787955512753,0.389795837636,
    8.656329110443));
#9108 = CARTESIAN_POINT('',(62.565813448055,0.604733749564,
    8.452894705885));
#9109 = CARTESIAN_POINT('',(62.523077110209,0.649053949379,
    8.413939629881));
#9110 = CARTESIAN_POINT('',(62.481156917171,0.695738992033,
    8.375935793027));
#9111 = CARTESIAN_POINT('',(62.440164127894,0.744894215186,
    8.339010219737));
#9112 = CARTESIAN_POINT('',(62.400240263486,0.796621785563,8.30332222456
    ));
#9113 = CARTESIAN_POINT('',(62.361556990572,0.851018635054,
    8.269064344946));
#9114 = CARTESIAN_POINT('',(62.293186267042,0.955950894231,
    8.209212041014));
#9115 = CARTESIAN_POINT('',(62.263042128318,1.005689243421,
    8.183099064362));
#9116 = CARTESIAN_POINT('',(62.234027143691,1.057411807036,
    8.158280260754));
#9117 = CARTESIAN_POINT('',(62.206294476849,1.111131901345,8.13492275612
    ));
#9118 = CARTESIAN_POINT('',(62.180006548647,1.16685289003,8.113205425964
    ));
#9119 = CARTESIAN_POINT('',(62.155334685794,1.224567277981,
    8.093319435696));
#9120 = CARTESIAN_POINT('',(62.106600752446,1.351725319214,
    8.055291117694));
#9121 = CARTESIAN_POINT('',(62.082975284599,1.42187945349,8.037665590999
    ));
#9122 = CARTESIAN_POINT('',(62.061992103292,1.494373481697,
    8.023011073682));
#9123 = CARTESIAN_POINT('',(62.043985308324,1.568835142061,
    8.011675723297));
#9124 = CARTESIAN_POINT('',(62.029213145275,1.644869862734,
    8.003936719267));
#9125 = CARTESIAN_POINT('',(62.017857788778,1.722065987249,8.));
#9126 = CARTESIAN_POINT('',(62.010025125787,1.8,8.));
#9127 = ORIENTED_EDGE('',*,*,#8887,.F.);
#9128 = CYLINDRICAL_SURFACE('',#9129,1.8);
#9129 = AXIS2_PLACEMENT_3D('',#9130,#9131,#9132);
#9130 = CARTESIAN_POINT('',(9.,1.8,9.8));
#9131 = DIRECTION('',(1.,0.,0.));
#9132 = DIRECTION('',(0.,-1.,0.));
#9133 = ADVANCED_FACE('',(#9134),#9146,.T.);
#9134 = FACE_BOUND('',#9135,.F.);
#9135 = EDGE_LOOP('',(#9136,#9137,#9138,#9145));
#9136 = ORIENTED_EDGE('',*,*,#8871,.F.);
#9137 = ORIENTED_EDGE('',*,*,#9049,.T.);
#9138 = ORIENTED_EDGE('',*,*,#9139,.T.);
#9139 = EDGE_CURVE('',#9050,#8897,#9140,.T.);
#9140 = CIRCLE('',#9141,1.8);
#9141 = AXIS2_PLACEMENT_3D('',#9142,#9143,#9144);
#9142 = CARTESIAN_POINT('',(65.2,1.8,14.2));
#9143 = DIRECTION('',(1.,6.123233995737E-17,0.));
#9144 = DIRECTION('',(6.123233995737E-17,-1.,0.));
#9145 = ORIENTED_EDGE('',*,*,#8896,.F.);
#9146 = CYLINDRICAL_SURFACE('',#9147,1.8);
#9147 = AXIS2_PLACEMENT_3D('',#9148,#9149,#9150);
#9148 = CARTESIAN_POINT('',(9.,1.8,14.2));
#9149 = DIRECTION('',(1.,0.,0.));
#9150 = DIRECTION('',(0.,-1.,0.));
#9151 = ADVANCED_FACE('',(#9152),#9170,.F.);
#9152 = FACE_BOUND('',#9153,.F.);
#9153 = EDGE_LOOP('',(#9154,#9162,#9163,#9164));
#9154 = ORIENTED_EDGE('',*,*,#9155,.F.);
#9155 = EDGE_CURVE('',#8888,#9156,#9158,.T.);
#9156 = VERTEX_POINT('',#9157);
#9157 = CARTESIAN_POINT('',(65.2,-2.22044604925E-16,9.8));
#9158 = LINE('',#9159,#9160);
#9159 = CARTESIAN_POINT('',(9.,-2.22044604925E-16,9.8));
#9160 = VECTOR('',#9161,1.);
#9161 = DIRECTION('',(1.,0.,0.));
#9162 = ORIENTED_EDGE('',*,*,#8920,.T.);
#9163 = ORIENTED_EDGE('',*,*,#8912,.T.);
#9164 = ORIENTED_EDGE('',*,*,#9165,.F.);
#9165 = EDGE_CURVE('',#9156,#8905,#9166,.T.);
#9166 = LINE('',#9167,#9168);
#9167 = CARTESIAN_POINT('',(65.2,-2.22044604925E-16,8.));
#9168 = VECTOR('',#9169,1.);
#9169 = DIRECTION('',(0.,0.,1.));
#9170 = PLANE('',#9171);
#9171 = AXIS2_PLACEMENT_3D('',#9172,#9173,#9174);
#9172 = CARTESIAN_POINT('',(9.,0.,8.));
#9173 = DIRECTION('',(0.,1.,0.));
#9174 = DIRECTION('',(0.,0.,1.));
#9175 = ADVANCED_FACE('',(#9176),#9199,.T.);
#9176 = FACE_BOUND('',#9177,.F.);
#9177 = EDGE_LOOP('',(#9178,#9187,#9198));
#9178 = ORIENTED_EDGE('',*,*,#9179,.F.);
#9179 = EDGE_CURVE('',#9180,#8897,#9182,.T.);
#9180 = VERTEX_POINT('',#9181);
#9181 = CARTESIAN_POINT('',(66.331370849898,0.4,14.2));
#9182 = CIRCLE('',#9183,1.8);
#9183 = AXIS2_PLACEMENT_3D('',#9184,#9185,#9186);
#9184 = CARTESIAN_POINT('',(65.2,1.8,14.2));
#9185 = DIRECTION('',(0.,0.,-1.));
#9186 = DIRECTION('',(1.,0.,0.));
#9187 = ORIENTED_EDGE('',*,*,#9188,.T.);
#9188 = EDGE_CURVE('',#9180,#8905,#9189,.T.);
#9189 = B_SPLINE_CURVE_WITH_KNOTS('',7,(#9190,#9191,#9192,#9193,#9194,
    #9195,#9196,#9197),.UNSPECIFIED.,.F.,.F.,(8,8),(0.,1.),
  .PIECEWISE_BEZIER_KNOTS.);
#9190 = CARTESIAN_POINT('',(66.331371406745,0.40000045,14.2000006));
#9191 = CARTESIAN_POINT('',(66.181945963246,0.279246358175,
    14.038995270019));
#9192 = CARTESIAN_POINT('',(66.024438715714,0.18271859565,
    13.870913157389));
#9193 = CARTESIAN_POINT('',(65.862593353291,0.108293320456,
    13.699168790054));
#9194 = CARTESIAN_POINT('',(65.698530239266,5.393345780777E-02,
    13.525683252525));
#9195 = CARTESIAN_POINT('',(65.533265032182,1.809415257146E-02,
    13.35129204992));
#9196 = CARTESIAN_POINT('',(65.367087439025,1.871423193009E-07,
    13.176125653834));
#9197 = CARTESIAN_POINT('',(65.2,-3.330669073875E-16,13.));
#9198 = ORIENTED_EDGE('',*,*,#8904,.T.);
#9199 = CYLINDRICAL_SURFACE('',#9200,1.8);
#9200 = AXIS2_PLACEMENT_3D('',#9201,#9202,#9203);
#9201 = CARTESIAN_POINT('',(65.2,1.8,8.));
#9202 = DIRECTION('',(0.,0.,1.));
#9203 = DIRECTION('',(1.,0.,0.));
#9204 = ADVANCED_FACE('',(#9205),#9217,.T.);
#9205 = FACE_BOUND('',#9206,.F.);
#9206 = EDGE_LOOP('',(#9207,#9208,#9209,#9216));
#9207 = ORIENTED_EDGE('',*,*,#8975,.F.);
#9208 = ORIENTED_EDGE('',*,*,#8960,.T.);
#9209 = ORIENTED_EDGE('',*,*,#9210,.T.);
#9210 = EDGE_CURVE('',#8953,#9009,#9211,.T.);
#9211 = CIRCLE('',#9212,1.8);
#9212 = AXIS2_PLACEMENT_3D('',#9213,#9214,#9215);
#9213 = CARTESIAN_POINT('',(62.,3.2,9.8));
#9214 = DIRECTION('',(1.,0.,0.));
#9215 = DIRECTION('',(0.,1.,0.));
#9216 = ORIENTED_EDGE('',*,*,#9008,.F.);
#9217 = CYLINDRICAL_SURFACE('',#9218,1.8);
#9218 = AXIS2_PLACEMENT_3D('',#9219,#9220,#9221);
#9219 = CARTESIAN_POINT('',(9.,3.2,9.8));
#9220 = DIRECTION('',(1.,0.,0.));
#9221 = DIRECTION('',(0.,1.,0.));
#9222 = ADVANCED_FACE('',(#9223),#9249,.F.);
#9223 = FACE_BOUND('',#9224,.F.);
#9224 = EDGE_LOOP('',(#9225,#9233,#9241,#9247,#9248));
#9225 = ORIENTED_EDGE('',*,*,#9226,.F.);
#9226 = EDGE_CURVE('',#9227,#8944,#9229,.T.);
#9227 = VERTEX_POINT('',#9228);
#9228 = CARTESIAN_POINT('',(62.,2.,7.));
#9229 = LINE('',#9230,#9231);
#9230 = CARTESIAN_POINT('',(62.,2.,5.));
#9231 = VECTOR('',#9232,1.);
#9232 = DIRECTION('',(0.,0.,1.));
#9233 = ORIENTED_EDGE('',*,*,#9234,.T.);
#9234 = EDGE_CURVE('',#9227,#9235,#9237,.T.);
#9235 = VERTEX_POINT('',#9236);
#9236 = CARTESIAN_POINT('',(62.,5.,7.));
#9237 = LINE('',#9238,#9239);
#9238 = CARTESIAN_POINT('',(62.,0.,7.));
#9239 = VECTOR('',#9240,1.);
#9240 = DIRECTION('',(0.,1.,0.));
#9241 = ORIENTED_EDGE('',*,*,#9242,.T.);
#9242 = EDGE_CURVE('',#9235,#9009,#9243,.T.);
#9243 = LINE('',#9244,#9245);
#9244 = CARTESIAN_POINT('',(62.,5.,5.));
#9245 = VECTOR('',#9246,1.);
#9246 = DIRECTION('',(0.,0.,1.));
#9247 = ORIENTED_EDGE('',*,*,#9210,.F.);
#9248 = ORIENTED_EDGE('',*,*,#8952,.F.);
#9249 = PLANE('',#9250);
#9250 = AXIS2_PLACEMENT_3D('',#9251,#9252,#9253);
#9251 = CARTESIAN_POINT('',(62.,0.,5.));
#9252 = DIRECTION('',(1.,0.,0.));
#9253 = DIRECTION('',(0.,0.,1.));
#9254 = ADVANCED_FACE('',(#9255),#9275,.T.);
#9255 = FACE_BOUND('',#9256,.T.);
#9256 = EDGE_LOOP('',(#9257,#9258,#9267,#9273,#9274));
#9257 = ORIENTED_EDGE('',*,*,#9226,.F.);
#9258 = ORIENTED_EDGE('',*,*,#9259,.T.);
#9259 = EDGE_CURVE('',#9227,#9260,#9262,.T.);
#9260 = VERTEX_POINT('',#9261);
#9261 = CARTESIAN_POINT('',(64.,-4.440892098501E-16,7.));
#9262 = CIRCLE('',#9263,2.);
#9263 = AXIS2_PLACEMENT_3D('',#9264,#9265,#9266);
#9264 = CARTESIAN_POINT('',(64.,2.,7.));
#9265 = DIRECTION('',(0.,0.,1.));
#9266 = DIRECTION('',(-1.,0.,0.));
#9267 = ORIENTED_EDGE('',*,*,#9268,.T.);
#9268 = EDGE_CURVE('',#9260,#8888,#9269,.T.);
#9269 = LINE('',#9270,#9271);
#9270 = CARTESIAN_POINT('',(64.,-4.440892098501E-16,5.));
#9271 = VECTOR('',#9272,1.);
#9272 = DIRECTION('',(0.,0.,1.));
#9273 = ORIENTED_EDGE('',*,*,#9081,.T.);
#9274 = ORIENTED_EDGE('',*,*,#8943,.F.);
#9275 = CYLINDRICAL_SURFACE('',#9276,2.);
#9276 = AXIS2_PLACEMENT_3D('',#9277,#9278,#9279);
#9277 = CARTESIAN_POINT('',(64.,2.,5.));
#9278 = DIRECTION('',(0.,0.,1.));
#9279 = DIRECTION('',(-1.,0.,0.));
#9280 = ADVANCED_FACE('',(#9281),#9323,.T.);
#9281 = FACE_BOUND('',#9282,.T.);
#9282 = EDGE_LOOP('',(#9283,#9284,#9285,#9286,#9295,#9303));
#9283 = ORIENTED_EDGE('',*,*,#9017,.F.);
#9284 = ORIENTED_EDGE('',*,*,#8992,.T.);
#9285 = ORIENTED_EDGE('',*,*,#9065,.T.);
#9286 = ORIENTED_EDGE('',*,*,#9287,.F.);
#9287 = EDGE_CURVE('',#9288,#9058,#9290,.T.);
#9288 = VERTEX_POINT('',#9289);
#9289 = CARTESIAN_POINT('',(65.2,4.81245154966,15.));
#9290 = CIRCLE('',#9291,1.8);
#9291 = AXIS2_PLACEMENT_3D('',#9292,#9293,#9294);
#9292 = CARTESIAN_POINT('',(65.2,3.2,14.2));
#9293 = DIRECTION('',(1.,0.,-6.123233995737E-17));
#9294 = DIRECTION('',(6.123233995737E-17,0.,1.));
#9295 = ORIENTED_EDGE('',*,*,#9296,.F.);
#9296 = EDGE_CURVE('',#9297,#9288,#9299,.T.);
#9297 = VERTEX_POINT('',#9298);
#9298 = CARTESIAN_POINT('',(64.,4.81245154966,15.));
#9299 = LINE('',#9300,#9301);
#9300 = CARTESIAN_POINT('',(9.,4.81245154966,15.));
#9301 = VECTOR('',#9302,1.);
#9302 = DIRECTION('',(1.,0.,0.));
#9303 = ORIENTED_EDGE('',*,*,#9304,.F.);
#9304 = EDGE_CURVE('',#9018,#9297,#9305,.T.);
#9305 = B_SPLINE_CURVE_WITH_KNOTS('',6,(#9306,#9307,#9308,#9309,#9310,
    #9311,#9312,#9313,#9314,#9315,#9316,#9317,#9318,#9319,#9320,#9321,
    #9322),.UNSPECIFIED.,.F.,.F.,(7,5,5,7),(0.,0.15538988399,
    0.529141674536,1.),.UNSPECIFIED.);
#9306 = CARTESIAN_POINT('',(62.4,5.,14.2));
#9307 = CARTESIAN_POINT('',(62.431129376094,5.,14.241505834792));
#9308 = CARTESIAN_POINT('',(62.463360109402,4.998851548957,
    14.28178825592));
#9309 = CARTESIAN_POINT('',(62.496618224665,4.996681440949,
    14.32081085181));
#9310 = CARTESIAN_POINT('',(62.530828171776,4.993611845037,
    14.358542936019));
#9311 = CARTESIAN_POINT('',(62.565912825774,4.989760305264,
    14.394959547231));
#9312 = CARTESIAN_POINT('',(62.68809550974,4.974366644724,
    14.514422255534));
#9313 = CARTESIAN_POINT('',(62.779006666355,4.959622696409,
    14.59108488597));
#9314 = CARTESIAN_POINT('',(62.873777971594,4.942534500587,
    14.660094899113));
#9315 = CARTESIAN_POINT('',(62.971819200556,4.924359670946,
    14.721578948774));
#9316 = CARTESIAN_POINT('',(63.072681240531,4.906195760577,
    14.775652118021));
#9317 = CARTESIAN_POINT('',(63.306193588563,4.867289507077,
    14.881234716279));
#9318 = CARTESIAN_POINT('',(63.440732551418,4.847030966563,
    14.928625440342));
#9319 = CARTESIAN_POINT('',(63.578339397204,4.830198696095,
    14.964231867924));
#9320 = CARTESIAN_POINT('',(63.717972900356,4.818387591646,
    14.988034888621));
#9321 = CARTESIAN_POINT('',(63.858781957583,4.81245154966,15.));
#9322 = CARTESIAN_POINT('',(64.,4.81245154966,15.));
#9323 = CYLINDRICAL_SURFACE('',#9324,1.8);
#9324 = AXIS2_PLACEMENT_3D('',#9325,#9326,#9327);
#9325 = CARTESIAN_POINT('',(9.,3.2,14.2));
#9326 = DIRECTION('',(1.,0.,0.));
#9327 = DIRECTION('',(0.,1.,0.));
#9328 = ADVANCED_FACE('',(#9329),#9357,.T.);
#9329 = FACE_BOUND('',#9330,.F.);
#9330 = EDGE_LOOP('',(#9331,#9332,#9341,#9349,#9356));
#9331 = ORIENTED_EDGE('',*,*,#9242,.F.);
#9332 = ORIENTED_EDGE('',*,*,#9333,.T.);
#9333 = EDGE_CURVE('',#9235,#9334,#9336,.T.);
#9334 = VERTEX_POINT('',#9335);
#9335 = CARTESIAN_POINT('',(64.,7.,7.));
#9336 = CIRCLE('',#9337,2.);
#9337 = AXIS2_PLACEMENT_3D('',#9338,#9339,#9340);
#9338 = CARTESIAN_POINT('',(64.,5.,7.));
#9339 = DIRECTION('',(0.,0.,-1.));
#9340 = DIRECTION('',(-1.,0.,0.));
#9341 = ORIENTED_EDGE('',*,*,#9342,.T.);
#9342 = EDGE_CURVE('',#9334,#9343,#9345,.T.);
#9343 = VERTEX_POINT('',#9344);
#9344 = CARTESIAN_POINT('',(64.,7.,13.));
#9345 = LINE('',#9346,#9347);
#9346 = CARTESIAN_POINT('',(64.,7.,5.));
#9347 = VECTOR('',#9348,1.);
#9348 = DIRECTION('',(0.,0.,1.));
#9349 = ORIENTED_EDGE('',*,*,#9350,.T.);
#9350 = EDGE_CURVE('',#9343,#9026,#9351,.T.);
#9351 = CIRCLE('',#9352,2.);
#9352 = AXIS2_PLACEMENT_3D('',#9353,#9354,#9355);
#9353 = CARTESIAN_POINT('',(64.,5.,13.));
#9354 = DIRECTION('',(0.,0.,1.));
#9355 = DIRECTION('',(-1.,0.,0.));
#9356 = ORIENTED_EDGE('',*,*,#9034,.F.);
#9357 = CYLINDRICAL_SURFACE('',#9358,2.);
#9358 = AXIS2_PLACEMENT_3D('',#9359,#9360,#9361);
#9359 = CARTESIAN_POINT('',(64.,5.,5.));
#9360 = DIRECTION('',(0.,0.,1.));
#9361 = DIRECTION('',(-1.,0.,0.));
#9362 = ADVANCED_FACE('',(#9363),#9383,.T.);
#9363 = FACE_BOUND('',#9364,.F.);
#9364 = EDGE_LOOP('',(#9365,#9366,#9375,#9382));
#9365 = ORIENTED_EDGE('',*,*,#9350,.F.);
#9366 = ORIENTED_EDGE('',*,*,#9367,.T.);
#9367 = EDGE_CURVE('',#9343,#9368,#9370,.T.);
#9368 = VERTEX_POINT('',#9369);
#9369 = CARTESIAN_POINT('',(64.,5.,15.));
#9370 = CIRCLE('',#9371,2.);
#9371 = AXIS2_PLACEMENT_3D('',#9372,#9373,#9374);
#9372 = CARTESIAN_POINT('',(64.,5.,13.));
#9373 = DIRECTION('',(1.,0.,6.123233995737E-17));
#9374 = DIRECTION('',(-6.123233995737E-17,0.,1.));
#9375 = ORIENTED_EDGE('',*,*,#9376,.F.);
#9376 = EDGE_CURVE('',#9018,#9368,#9377,.T.);
#9377 = CIRCLE('',#9378,2.);
#9378 = AXIS2_PLACEMENT_3D('',#9379,#9380,#9381);
#9379 = CARTESIAN_POINT('',(64.,5.,13.));
#9380 = DIRECTION('',(0.,1.,-0.));
#9381 = DIRECTION('',(-1.,0.,0.));
#9382 = ORIENTED_EDGE('',*,*,#9025,.F.);
#9383 = SPHERICAL_SURFACE('',#9384,2.);
#9384 = AXIS2_PLACEMENT_3D('',#9385,#9386,#9387);
#9385 = CARTESIAN_POINT('',(64.,5.,13.));
#9386 = DIRECTION('',(0.,-1.,0.));
#9387 = DIRECTION('',(-1.,0.,0.));
#9388 = ADVANCED_FACE('',(#9389),#9429,.T.);
#9389 = FACE_BOUND('',#9390,.F.);
#9390 = EDGE_LOOP('',(#9391,#9400,#9401,#9410,#9418));
#9391 = ORIENTED_EDGE('',*,*,#9392,.F.);
#9392 = EDGE_CURVE('',#9050,#9393,#9395,.T.);
#9393 = VERTEX_POINT('',#9394);
#9394 = CARTESIAN_POINT('',(66.817386687874,1.8,14.989974874213));
#9395 = CIRCLE('',#9396,1.8);
#9396 = AXIS2_PLACEMENT_3D('',#9397,#9398,#9399);
#9397 = CARTESIAN_POINT('',(65.2,1.8,14.2));
#9398 = DIRECTION('',(-0.,1.,0.));
#9399 = DIRECTION('',(1.,0.,0.));
#9400 = ORIENTED_EDGE('',*,*,#9057,.T.);
#9401 = ORIENTED_EDGE('',*,*,#9402,.F.);
#9402 = EDGE_CURVE('',#9403,#9058,#9405,.T.);
#9403 = VERTEX_POINT('',#9404);
#9404 = CARTESIAN_POINT('',(66.81245154966,3.2,15.));
#9405 = CIRCLE('',#9406,1.8);
#9406 = AXIS2_PLACEMENT_3D('',#9407,#9408,#9409);
#9407 = CARTESIAN_POINT('',(65.2,3.2,14.2));
#9408 = DIRECTION('',(0.,-1.,0.));
#9409 = DIRECTION('',(1.,0.,0.));
#9410 = ORIENTED_EDGE('',*,*,#9411,.F.);
#9411 = EDGE_CURVE('',#9412,#9403,#9414,.T.);
#9412 = VERTEX_POINT('',#9413);
#9413 = CARTESIAN_POINT('',(66.812451549659,2.,15.));
#9414 = LINE('',#9415,#9416);
#9415 = CARTESIAN_POINT('',(66.81245154966,0.,15.));
#9416 = VECTOR('',#9417,1.);
#9417 = DIRECTION('',(0.,1.,0.));
#9418 = ORIENTED_EDGE('',*,*,#9419,.F.);
#9419 = EDGE_CURVE('',#9393,#9412,#9420,.T.);
#9420 = B_SPLINE_CURVE_WITH_KNOTS('',4,(#9421,#9422,#9423,#9424,#9425,
    #9426,#9427,#9428),.UNSPECIFIED.,.F.,.F.,(5,3,5),(0.,0.967099875061,
    1.),.UNSPECIFIED.);
#9421 = CARTESIAN_POINT('',(66.817386717327,1.7999994,14.989974813911));
#9422 = CARTESIAN_POINT('',(66.815020458569,1.848202963225,
    14.994819468979));
#9423 = CARTESIAN_POINT('',(66.813391119335,1.896552282645,
    14.998106214263));
#9424 = CARTESIAN_POINT('',(66.812536114645,1.944978582891,
    14.999829551031));
#9425 = CARTESIAN_POINT('',(66.812454243287,1.995057199247,
    14.999994570821));
#9426 = CARTESIAN_POINT('',(66.812452447535,1.996704797619,
    14.999998190274));
#9427 = CARTESIAN_POINT('',(66.81245154966,1.998352398809,15.));
#9428 = CARTESIAN_POINT('',(66.81245154966,2.,15.));
#9429 = CYLINDRICAL_SURFACE('',#9430,1.8);
#9430 = AXIS2_PLACEMENT_3D('',#9431,#9432,#9433);
#9431 = CARTESIAN_POINT('',(65.2,0.,14.2));
#9432 = DIRECTION('',(0.,1.,0.));
#9433 = DIRECTION('',(1.,0.,0.));
#9434 = ADVANCED_FACE('',(#9435),#9469,.T.);
#9435 = FACE_BOUND('',#9436,.T.);
#9436 = EDGE_LOOP('',(#9437,#9438,#9439,#9440));
#9437 = ORIENTED_EDGE('',*,*,#9392,.F.);
#9438 = ORIENTED_EDGE('',*,*,#9139,.T.);
#9439 = ORIENTED_EDGE('',*,*,#9179,.F.);
#9440 = ORIENTED_EDGE('',*,*,#9441,.F.);
#9441 = EDGE_CURVE('',#9393,#9180,#9442,.T.);
#9442 = B_SPLINE_CURVE_WITH_KNOTS('',5,(#9443,#9444,#9445,#9446,#9447,
    #9448,#9449,#9450,#9451,#9452,#9453,#9454,#9455,#9456,#9457,#9458,
    #9459,#9460,#9461,#9462,#9463,#9464,#9465,#9466,#9467,#9468),
  .UNSPECIFIED.,.F.,.F.,(6,4,4,4,4,4,6),(0.,0.122894603737,
    0.289180907246,0.457785728026,0.614619520628,0.798694689372,1.),
  .UNSPECIFIED.);
#9443 = CARTESIAN_POINT('',(66.817386687874,1.8,14.989974874213));
#9444 = CARTESIAN_POINT('',(66.819517246406,1.756597809074,
    14.985612789899));
#9445 = CARTESIAN_POINT('',(66.820755958633,1.713227964565,
    14.980058788792));
#9446 = CARTESIAN_POINT('',(66.821097979068,1.669962116423,
    14.973310305198));
#9447 = CARTESIAN_POINT('',(66.820540081567,1.626873031815,
    14.965373849491));
#9448 = CARTESIAN_POINT('',(66.817105943417,1.526070737752,
    14.943940011597));
#9449 = CARTESIAN_POINT('',(66.813480871182,1.468564433741,
    14.929468558762));
#9450 = CARTESIAN_POINT('',(66.808201273854,1.411700991505,
    14.912889699735));
#9451 = CARTESIAN_POINT('',(66.801271222012,1.355659596859,
    14.894274979666));
#9452 = CARTESIAN_POINT('',(66.78401536346,1.244799523051,
    14.852895418927));
#9453 = CARTESIAN_POINT('',(66.773643471966,1.190006938273,
    14.830075836005));
#9454 = CARTESIAN_POINT('',(66.761600847423,1.136415224861,
    14.805378428192));
#9455 = CARTESIAN_POINT('',(66.747909704588,1.08418335254,
    14.778943099687));
#9456 = CARTESIAN_POINT('',(66.718361131964,0.986251555475,
    14.724882655989));
#9457 = CARTESIAN_POINT('',(66.702721395966,0.940349246687,
    14.697468932759));
#9458 = CARTESIAN_POINT('',(66.685706410189,0.895847161835,
    14.668826431027));
#9459 = CARTESIAN_POINT('',(66.667345455921,0.852829382785,
    14.639103054726));
#9460 = CARTESIAN_POINT('',(66.624577815952,0.762681146706,
    14.572483810863));
#9461 = CARTESIAN_POINT('',(66.599674861689,0.716133958976,
    14.535238693027));
#9462 = CARTESIAN_POINT('',(66.573012421253,0.671813285273,
    14.496971788081));
#9463 = CARTESIAN_POINT('',(66.544644771623,0.62977114691,
    14.457948656847));
#9464 = CARTESIAN_POINT('',(66.481793257758,0.546549679401,
    14.375223319572));
#9465 = CARTESIAN_POINT('',(66.446985928379,0.505820095296,
    14.331425674048));
#9466 = CARTESIAN_POINT('',(66.410269158976,0.467847998447,
    14.287389071417));
#9467 = CARTESIAN_POINT('',(66.371710133776,0.432599064203,
    14.243465418938));
#9468 = CARTESIAN_POINT('',(66.331370849898,0.4,14.2));
#9469 = SPHERICAL_SURFACE('',#9470,1.8);
#9470 = AXIS2_PLACEMENT_3D('',#9471,#9472,#9473);
#9471 = CARTESIAN_POINT('',(65.2,1.8,14.2));
#9472 = DIRECTION('',(-0.,-0.,-1.));
#9473 = DIRECTION('',(1.,0.,0.));
#9474 = ADVANCED_FACE('',(#9475),#9502,.F.);
#9475 = FACE_BOUND('',#9476,.F.);
#9476 = EDGE_LOOP('',(#9477,#9485,#9486,#9487,#9488,#9496));
#9477 = ORIENTED_EDGE('',*,*,#9478,.F.);
#9478 = EDGE_CURVE('',#9260,#9479,#9481,.T.);
#9479 = VERTEX_POINT('',#9480);
#9480 = CARTESIAN_POINT('',(78.,-4.440892098501E-16,7.));
#9481 = LINE('',#9482,#9483);
#9482 = CARTESIAN_POINT('',(62.,-4.440892098501E-16,7.));
#9483 = VECTOR('',#9484,1.);
#9484 = DIRECTION('',(1.,0.,0.));
#9485 = ORIENTED_EDGE('',*,*,#9268,.T.);
#9486 = ORIENTED_EDGE('',*,*,#9155,.T.);
#9487 = ORIENTED_EDGE('',*,*,#9165,.T.);
#9488 = ORIENTED_EDGE('',*,*,#9489,.T.);
#9489 = EDGE_CURVE('',#8905,#9490,#9492,.T.);
#9490 = VERTEX_POINT('',#9491);
#9491 = CARTESIAN_POINT('',(78.,-4.440892098501E-16,13.));
#9492 = LINE('',#9493,#9494);
#9493 = CARTESIAN_POINT('',(62.,-4.440892098501E-16,13.));
#9494 = VECTOR('',#9495,1.);
#9495 = DIRECTION('',(1.,0.,0.));
#9496 = ORIENTED_EDGE('',*,*,#9497,.F.);
#9497 = EDGE_CURVE('',#9479,#9490,#9498,.T.);
#9498 = LINE('',#9499,#9500);
#9499 = CARTESIAN_POINT('',(78.,-4.440892098501E-16,5.));
#9500 = VECTOR('',#9501,1.);
#9501 = DIRECTION('',(0.,0.,1.));
#9502 = PLANE('',#9503);
#9503 = AXIS2_PLACEMENT_3D('',#9504,#9505,#9506);
#9504 = CARTESIAN_POINT('',(62.,0.,5.));
#9505 = DIRECTION('',(0.,1.,0.));
#9506 = DIRECTION('',(0.,0.,1.));
#9507 = ADVANCED_FACE('',(#9508),#9529,.T.);
#9508 = FACE_BOUND('',#9509,.F.);
#9509 = EDGE_LOOP('',(#9510,#9511,#9519,#9526,#9527,#9528));
#9510 = ORIENTED_EDGE('',*,*,#9419,.T.);
#9511 = ORIENTED_EDGE('',*,*,#9512,.T.);
#9512 = EDGE_CURVE('',#9412,#9513,#9515,.T.);
#9513 = VERTEX_POINT('',#9514);
#9514 = CARTESIAN_POINT('',(78.,2.,15.));
#9515 = LINE('',#9516,#9517);
#9516 = CARTESIAN_POINT('',(62.,2.,15.));
#9517 = VECTOR('',#9518,1.);
#9518 = DIRECTION('',(1.,0.,0.));
#9519 = ORIENTED_EDGE('',*,*,#9520,.T.);
#9520 = EDGE_CURVE('',#9513,#9490,#9521,.T.);
#9521 = CIRCLE('',#9522,2.);
#9522 = AXIS2_PLACEMENT_3D('',#9523,#9524,#9525);
#9523 = CARTESIAN_POINT('',(78.,2.,13.));
#9524 = DIRECTION('',(1.,6.123233995737E-17,0.));
#9525 = DIRECTION('',(6.123233995737E-17,-1.,0.));
#9526 = ORIENTED_EDGE('',*,*,#9489,.F.);
#9527 = ORIENTED_EDGE('',*,*,#9188,.F.);
#9528 = ORIENTED_EDGE('',*,*,#9441,.F.);
#9529 = CYLINDRICAL_SURFACE('',#9530,2.);
#9530 = AXIS2_PLACEMENT_3D('',#9531,#9532,#9533);
#9531 = CARTESIAN_POINT('',(62.,2.,13.));
#9532 = DIRECTION('',(1.,0.,0.));
#9533 = DIRECTION('',(0.,-1.,0.));
#9534 = ADVANCED_FACE('',(#9535),#9562,.T.);
#9535 = FACE_BOUND('',#9536,.F.);
#9536 = EDGE_LOOP('',(#9537,#9546,#9554,#9561));
#9537 = ORIENTED_EDGE('',*,*,#9538,.F.);
#9538 = EDGE_CURVE('',#9539,#9227,#9541,.T.);
#9539 = VERTEX_POINT('',#9540);
#9540 = CARTESIAN_POINT('',(64.,2.,5.));
#9541 = CIRCLE('',#9542,2.);
#9542 = AXIS2_PLACEMENT_3D('',#9543,#9544,#9545);
#9543 = CARTESIAN_POINT('',(64.,2.,7.));
#9544 = DIRECTION('',(0.,1.,-0.));
#9545 = DIRECTION('',(-1.,0.,0.));
#9546 = ORIENTED_EDGE('',*,*,#9547,.T.);
#9547 = EDGE_CURVE('',#9539,#9548,#9550,.T.);
#9548 = VERTEX_POINT('',#9549);
#9549 = CARTESIAN_POINT('',(64.,5.,5.));
#9550 = LINE('',#9551,#9552);
#9551 = CARTESIAN_POINT('',(64.,0.,5.));
#9552 = VECTOR('',#9553,1.);
#9553 = DIRECTION('',(0.,1.,0.));
#9554 = ORIENTED_EDGE('',*,*,#9555,.T.);
#9555 = EDGE_CURVE('',#9548,#9235,#9556,.T.);
#9556 = CIRCLE('',#9557,2.);
#9557 = AXIS2_PLACEMENT_3D('',#9558,#9559,#9560);
#9558 = CARTESIAN_POINT('',(64.,5.,7.));
#9559 = DIRECTION('',(0.,1.,-0.));
#9560 = DIRECTION('',(-1.,0.,0.));
#9561 = ORIENTED_EDGE('',*,*,#9234,.F.);
#9562 = CYLINDRICAL_SURFACE('',#9563,2.);
#9563 = AXIS2_PLACEMENT_3D('',#9564,#9565,#9566);
#9564 = CARTESIAN_POINT('',(64.,0.,7.));
#9565 = DIRECTION('',(0.,1.,0.));
#9566 = DIRECTION('',(-1.,0.,0.));
#9567 = ADVANCED_FACE('',(#9568),#9579,.T.);
#9568 = FACE_BOUND('',#9569,.T.);
#9569 = EDGE_LOOP('',(#9570,#9571,#9578));
#9570 = ORIENTED_EDGE('',*,*,#9538,.F.);
#9571 = ORIENTED_EDGE('',*,*,#9572,.T.);
#9572 = EDGE_CURVE('',#9539,#9260,#9573,.T.);
#9573 = CIRCLE('',#9574,2.);
#9574 = AXIS2_PLACEMENT_3D('',#9575,#9576,#9577);
#9575 = CARTESIAN_POINT('',(64.,2.,7.));
#9576 = DIRECTION('',(-1.,6.123233995737E-17,0.));
#9577 = DIRECTION('',(-6.123233995737E-17,-1.,0.));
#9578 = ORIENTED_EDGE('',*,*,#9259,.F.);
#9579 = SPHERICAL_SURFACE('',#9580,2.);
#9580 = AXIS2_PLACEMENT_3D('',#9581,#9582,#9583);
#9581 = CARTESIAN_POINT('',(64.,2.,7.));
#9582 = DIRECTION('',(0.,0.,1.));
#9583 = DIRECTION('',(-1.,0.,0.));
#9584 = ADVANCED_FACE('',(#9585),#9595,.T.);
#9585 = FACE_BOUND('',#9586,.T.);
#9586 = EDGE_LOOP('',(#9587,#9588,#9594));
#9587 = ORIENTED_EDGE('',*,*,#9304,.T.);
#9588 = ORIENTED_EDGE('',*,*,#9589,.T.);
#9589 = EDGE_CURVE('',#9297,#9368,#9590,.T.);
#9590 = LINE('',#9591,#9592);
#9591 = CARTESIAN_POINT('',(64.,0.,15.));
#9592 = VECTOR('',#9593,1.);
#9593 = DIRECTION('',(0.,1.,0.));
#9594 = ORIENTED_EDGE('',*,*,#9376,.F.);
#9595 = CYLINDRICAL_SURFACE('',#9596,2.);
#9596 = AXIS2_PLACEMENT_3D('',#9597,#9598,#9599);
#9597 = CARTESIAN_POINT('',(64.,0.,13.));
#9598 = DIRECTION('',(0.,1.,0.));
#9599 = DIRECTION('',(-1.,0.,0.));
#9600 = ADVANCED_FACE('',(#9601),#9628,.T.);
#9601 = FACE_BOUND('',#9602,.T.);
#9602 = EDGE_LOOP('',(#9603,#9604,#9605,#9612,#9613,#9614,#9622));
#9603 = ORIENTED_EDGE('',*,*,#9589,.F.);
#9604 = ORIENTED_EDGE('',*,*,#9296,.T.);
#9605 = ORIENTED_EDGE('',*,*,#9606,.F.);
#9606 = EDGE_CURVE('',#9403,#9288,#9607,.T.);
#9607 = CIRCLE('',#9608,1.61245154966);
#9608 = AXIS2_PLACEMENT_3D('',#9609,#9610,#9611);
#9609 = CARTESIAN_POINT('',(65.2,3.2,15.));
#9610 = DIRECTION('',(-0.,0.,1.));
#9611 = DIRECTION('',(0.,-1.,0.));
#9612 = ORIENTED_EDGE('',*,*,#9411,.F.);
#9613 = ORIENTED_EDGE('',*,*,#9512,.T.);
#9614 = ORIENTED_EDGE('',*,*,#9615,.T.);
#9615 = EDGE_CURVE('',#9513,#9616,#9618,.T.);
#9616 = VERTEX_POINT('',#9617);
#9617 = CARTESIAN_POINT('',(78.,5.,15.));
#9618 = LINE('',#9619,#9620);
#9619 = CARTESIAN_POINT('',(78.,0.,15.));
#9620 = VECTOR('',#9621,1.);
#9621 = DIRECTION('',(0.,1.,0.));
#9622 = ORIENTED_EDGE('',*,*,#9623,.F.);
#9623 = EDGE_CURVE('',#9368,#9616,#9624,.T.);
#9624 = LINE('',#9625,#9626);
#9625 = CARTESIAN_POINT('',(62.,5.,15.));
#9626 = VECTOR('',#9627,1.);
#9627 = DIRECTION('',(1.,0.,0.));
#9628 = PLANE('',#9629);
#9629 = AXIS2_PLACEMENT_3D('',#9630,#9631,#9632);
#9630 = CARTESIAN_POINT('',(62.,0.,15.));
#9631 = DIRECTION('',(0.,0.,1.));
#9632 = DIRECTION('',(1.,0.,0.));
#9633 = ADVANCED_FACE('',(#9634),#9639,.T.);
#9634 = FACE_BOUND('',#9635,.T.);
#9635 = EDGE_LOOP('',(#9636,#9637,#9638));
#9636 = ORIENTED_EDGE('',*,*,#9606,.T.);
#9637 = ORIENTED_EDGE('',*,*,#9287,.T.);
#9638 = ORIENTED_EDGE('',*,*,#9402,.F.);
#9639 = SPHERICAL_SURFACE('',#9640,1.8);
#9640 = AXIS2_PLACEMENT_3D('',#9641,#9642,#9643);
#9641 = CARTESIAN_POINT('',(65.2,3.2,14.2));
#9642 = DIRECTION('',(0.,-1.,0.));
#9643 = DIRECTION('',(1.,0.,0.));
#9644 = ADVANCED_FACE('',(#9645),#9656,.T.);
#9645 = FACE_BOUND('',#9646,.F.);
#9646 = EDGE_LOOP('',(#9647,#9648,#9655));
#9647 = ORIENTED_EDGE('',*,*,#9555,.F.);
#9648 = ORIENTED_EDGE('',*,*,#9649,.T.);
#9649 = EDGE_CURVE('',#9548,#9334,#9650,.T.);
#9650 = CIRCLE('',#9651,2.);
#9651 = AXIS2_PLACEMENT_3D('',#9652,#9653,#9654);
#9652 = CARTESIAN_POINT('',(64.,5.,7.));
#9653 = DIRECTION('',(1.,6.123233995737E-17,-0.));
#9654 = DIRECTION('',(-6.123233995737E-17,1.,0.));
#9655 = ORIENTED_EDGE('',*,*,#9333,.F.);
#9656 = SPHERICAL_SURFACE('',#9657,2.);
#9657 = AXIS2_PLACEMENT_3D('',#9658,#9659,#9660);
#9658 = CARTESIAN_POINT('',(64.,5.,7.));
#9659 = DIRECTION('',(0.,0.,1.));
#9660 = DIRECTION('',(-1.,0.,0.));
#9661 = ADVANCED_FACE('',(#9662),#9687,.T.);
#9662 = FACE_BOUND('',#9663,.T.);
#9663 = EDGE_LOOP('',(#9664,#9665,#9673,#9681));
#9664 = ORIENTED_EDGE('',*,*,#9342,.T.);
#9665 = ORIENTED_EDGE('',*,*,#9666,.T.);
#9666 = EDGE_CURVE('',#9343,#9667,#9669,.T.);
#9667 = VERTEX_POINT('',#9668);
#9668 = CARTESIAN_POINT('',(78.,7.,13.));
#9669 = LINE('',#9670,#9671);
#9670 = CARTESIAN_POINT('',(62.,7.,13.));
#9671 = VECTOR('',#9672,1.);
#9672 = DIRECTION('',(1.,0.,0.));
#9673 = ORIENTED_EDGE('',*,*,#9674,.F.);
#9674 = EDGE_CURVE('',#9675,#9667,#9677,.T.);
#9675 = VERTEX_POINT('',#9676);
#9676 = CARTESIAN_POINT('',(78.,7.,7.));
#9677 = LINE('',#9678,#9679);
#9678 = CARTESIAN_POINT('',(78.,7.,5.));
#9679 = VECTOR('',#9680,1.);
#9680 = DIRECTION('',(0.,0.,1.));
#9681 = ORIENTED_EDGE('',*,*,#9682,.F.);
#9682 = EDGE_CURVE('',#9334,#9675,#9683,.T.);
#9683 = LINE('',#9684,#9685);
#9684 = CARTESIAN_POINT('',(62.,7.,7.));
#9685 = VECTOR('',#9686,1.);
#9686 = DIRECTION('',(1.,0.,0.));
#9687 = PLANE('',#9688);
#9688 = AXIS2_PLACEMENT_3D('',#9689,#9690,#9691);
#9689 = CARTESIAN_POINT('',(62.,7.,5.));
#9690 = DIRECTION('',(0.,1.,0.));
#9691 = DIRECTION('',(0.,0.,1.));
#9692 = ADVANCED_FACE('',(#9693),#9705,.T.);
#9693 = FACE_BOUND('',#9694,.T.);
#9694 = EDGE_LOOP('',(#9695,#9696,#9697,#9704));
#9695 = ORIENTED_EDGE('',*,*,#9367,.T.);
#9696 = ORIENTED_EDGE('',*,*,#9623,.T.);
#9697 = ORIENTED_EDGE('',*,*,#9698,.F.);
#9698 = EDGE_CURVE('',#9667,#9616,#9699,.T.);
#9699 = CIRCLE('',#9700,2.);
#9700 = AXIS2_PLACEMENT_3D('',#9701,#9702,#9703);
#9701 = CARTESIAN_POINT('',(78.,5.,13.));
#9702 = DIRECTION('',(1.,0.,-6.123233995737E-17));
#9703 = DIRECTION('',(6.123233995737E-17,0.,1.));
#9704 = ORIENTED_EDGE('',*,*,#9666,.F.);
#9705 = CYLINDRICAL_SURFACE('',#9706,2.);
#9706 = AXIS2_PLACEMENT_3D('',#9707,#9708,#9709);
#9707 = CARTESIAN_POINT('',(62.,5.,13.));
#9708 = DIRECTION('',(1.,0.,0.));
#9709 = DIRECTION('',(0.,1.,0.));
#9710 = ADVANCED_FACE('',(#9711),#9730,.T.);
#9711 = FACE_BOUND('',#9712,.T.);
#9712 = EDGE_LOOP('',(#9713,#9714,#9722,#9729));
#9713 = ORIENTED_EDGE('',*,*,#9572,.F.);
#9714 = ORIENTED_EDGE('',*,*,#9715,.T.);
#9715 = EDGE_CURVE('',#9539,#9716,#9718,.T.);
#9716 = VERTEX_POINT('',#9717);
#9717 = CARTESIAN_POINT('',(78.,2.,5.));
#9718 = LINE('',#9719,#9720);
#9719 = CARTESIAN_POINT('',(62.,2.,5.));
#9720 = VECTOR('',#9721,1.);
#9721 = DIRECTION('',(1.,0.,0.));
#9722 = ORIENTED_EDGE('',*,*,#9723,.T.);
#9723 = EDGE_CURVE('',#9716,#9479,#9724,.T.);
#9724 = CIRCLE('',#9725,2.);
#9725 = AXIS2_PLACEMENT_3D('',#9726,#9727,#9728);
#9726 = CARTESIAN_POINT('',(78.,2.,7.));
#9727 = DIRECTION('',(-1.,-6.123233995737E-17,0.));
#9728 = DIRECTION('',(6.123233995737E-17,-1.,0.));
#9729 = ORIENTED_EDGE('',*,*,#9478,.F.);
#9730 = CYLINDRICAL_SURFACE('',#9731,2.);
#9731 = AXIS2_PLACEMENT_3D('',#9732,#9733,#9734);
#9732 = CARTESIAN_POINT('',(62.,2.,7.));
#9733 = DIRECTION('',(1.,0.,0.));
#9734 = DIRECTION('',(0.,-1.,0.));
#9735 = ADVANCED_FACE('',(#9736),#9763,.T.);
#9736 = FACE_BOUND('',#9737,.F.);
#9737 = EDGE_LOOP('',(#9738,#9748,#9755,#9756));
#9738 = ORIENTED_EDGE('',*,*,#9739,.F.);
#9739 = EDGE_CURVE('',#9740,#9742,#9744,.T.);
#9740 = VERTEX_POINT('',#9741);
#9741 = CARTESIAN_POINT('',(80.,2.,7.));
#9742 = VERTEX_POINT('',#9743);
#9743 = CARTESIAN_POINT('',(80.,2.,13.));
#9744 = LINE('',#9745,#9746);
#9745 = CARTESIAN_POINT('',(80.,2.,5.));
#9746 = VECTOR('',#9747,1.);
#9747 = DIRECTION('',(0.,0.,1.));
#9748 = ORIENTED_EDGE('',*,*,#9749,.T.);
#9749 = EDGE_CURVE('',#9740,#9479,#9750,.T.);
#9750 = CIRCLE('',#9751,2.);
#9751 = AXIS2_PLACEMENT_3D('',#9752,#9753,#9754);
#9752 = CARTESIAN_POINT('',(78.,2.,7.));
#9753 = DIRECTION('',(0.,0.,-1.));
#9754 = DIRECTION('',(1.,0.,0.));
#9755 = ORIENTED_EDGE('',*,*,#9497,.T.);
#9756 = ORIENTED_EDGE('',*,*,#9757,.F.);
#9757 = EDGE_CURVE('',#9742,#9490,#9758,.T.);
#9758 = CIRCLE('',#9759,2.);
#9759 = AXIS2_PLACEMENT_3D('',#9760,#9761,#9762);
#9760 = CARTESIAN_POINT('',(78.,2.,13.));
#9761 = DIRECTION('',(0.,0.,-1.));
#9762 = DIRECTION('',(1.,0.,0.));
#9763 = CYLINDRICAL_SURFACE('',#9764,2.);
#9764 = AXIS2_PLACEMENT_3D('',#9765,#9766,#9767);
#9765 = CARTESIAN_POINT('',(78.,2.,5.));
#9766 = DIRECTION('',(0.,0.,1.));
#9767 = DIRECTION('',(1.,0.,0.));
#9768 = ADVANCED_FACE('',(#9769),#9780,.T.);
#9769 = FACE_BOUND('',#9770,.T.);
#9770 = EDGE_LOOP('',(#9771,#9778,#9779));
#9771 = ORIENTED_EDGE('',*,*,#9772,.F.);
#9772 = EDGE_CURVE('',#9513,#9742,#9773,.T.);
#9773 = CIRCLE('',#9774,2.);
#9774 = AXIS2_PLACEMENT_3D('',#9775,#9776,#9777);
#9775 = CARTESIAN_POINT('',(78.,2.,13.));
#9776 = DIRECTION('',(-0.,1.,0.));
#9777 = DIRECTION('',(1.,0.,0.));
#9778 = ORIENTED_EDGE('',*,*,#9520,.T.);
#9779 = ORIENTED_EDGE('',*,*,#9757,.F.);
#9780 = SPHERICAL_SURFACE('',#9781,2.);
#9781 = AXIS2_PLACEMENT_3D('',#9782,#9783,#9784);
#9782 = CARTESIAN_POINT('',(78.,2.,13.));
#9783 = DIRECTION('',(-0.,-0.,-1.));
#9784 = DIRECTION('',(1.,0.,0.));
#9785 = ADVANCED_FACE('',(#9786),#9804,.F.);
#9786 = FACE_BOUND('',#9787,.F.);
#9787 = EDGE_LOOP('',(#9788,#9789,#9790,#9798));
#9788 = ORIENTED_EDGE('',*,*,#9547,.F.);
#9789 = ORIENTED_EDGE('',*,*,#9715,.T.);
#9790 = ORIENTED_EDGE('',*,*,#9791,.T.);
#9791 = EDGE_CURVE('',#9716,#9792,#9794,.T.);
#9792 = VERTEX_POINT('',#9793);
#9793 = CARTESIAN_POINT('',(78.,5.,5.));
#9794 = LINE('',#9795,#9796);
#9795 = CARTESIAN_POINT('',(78.,0.,5.));
#9796 = VECTOR('',#9797,1.);
#9797 = DIRECTION('',(0.,1.,0.));
#9798 = ORIENTED_EDGE('',*,*,#9799,.F.);
#9799 = EDGE_CURVE('',#9548,#9792,#9800,.T.);
#9800 = LINE('',#9801,#9802);
#9801 = CARTESIAN_POINT('',(62.,5.,5.));
#9802 = VECTOR('',#9803,1.);
#9803 = DIRECTION('',(1.,0.,0.));
#9804 = PLANE('',#9805);
#9805 = AXIS2_PLACEMENT_3D('',#9806,#9807,#9808);
#9806 = CARTESIAN_POINT('',(62.,0.,5.));
#9807 = DIRECTION('',(0.,0.,1.));
#9808 = DIRECTION('',(1.,0.,0.));
#9809 = ADVANCED_FACE('',(#9810),#9829,.T.);
#9810 = FACE_BOUND('',#9811,.F.);
#9811 = EDGE_LOOP('',(#9812,#9813,#9814,#9823));
#9812 = ORIENTED_EDGE('',*,*,#9772,.F.);
#9813 = ORIENTED_EDGE('',*,*,#9615,.T.);
#9814 = ORIENTED_EDGE('',*,*,#9815,.F.);
#9815 = EDGE_CURVE('',#9816,#9616,#9818,.T.);
#9816 = VERTEX_POINT('',#9817);
#9817 = CARTESIAN_POINT('',(80.,5.,13.));
#9818 = CIRCLE('',#9819,2.);
#9819 = AXIS2_PLACEMENT_3D('',#9820,#9821,#9822);
#9820 = CARTESIAN_POINT('',(78.,5.,13.));
#9821 = DIRECTION('',(0.,-1.,0.));
#9822 = DIRECTION('',(1.,0.,0.));
#9823 = ORIENTED_EDGE('',*,*,#9824,.F.);
#9824 = EDGE_CURVE('',#9742,#9816,#9825,.T.);
#9825 = LINE('',#9826,#9827);
#9826 = CARTESIAN_POINT('',(80.,0.,13.));
#9827 = VECTOR('',#9828,1.);
#9828 = DIRECTION('',(0.,1.,0.));
#9829 = CYLINDRICAL_SURFACE('',#9830,2.);
#9830 = AXIS2_PLACEMENT_3D('',#9831,#9832,#9833);
#9831 = CARTESIAN_POINT('',(78.,0.,13.));
#9832 = DIRECTION('',(0.,1.,0.));
#9833 = DIRECTION('',(1.,0.,0.));
#9834 = ADVANCED_FACE('',(#9835),#9847,.T.);
#9835 = FACE_BOUND('',#9836,.F.);
#9836 = EDGE_LOOP('',(#9837,#9838,#9839,#9846));
#9837 = ORIENTED_EDGE('',*,*,#9649,.F.);
#9838 = ORIENTED_EDGE('',*,*,#9799,.T.);
#9839 = ORIENTED_EDGE('',*,*,#9840,.T.);
#9840 = EDGE_CURVE('',#9792,#9675,#9841,.T.);
#9841 = CIRCLE('',#9842,2.);
#9842 = AXIS2_PLACEMENT_3D('',#9843,#9844,#9845);
#9843 = CARTESIAN_POINT('',(78.,5.,7.));
#9844 = DIRECTION('',(1.,-6.123233995737E-17,0.));
#9845 = DIRECTION('',(6.123233995737E-17,1.,0.));
#9846 = ORIENTED_EDGE('',*,*,#9682,.F.);
#9847 = CYLINDRICAL_SURFACE('',#9848,2.);
#9848 = AXIS2_PLACEMENT_3D('',#9849,#9850,#9851);
#9849 = CARTESIAN_POINT('',(62.,5.,7.));
#9850 = DIRECTION('',(1.,0.,0.));
#9851 = DIRECTION('',(0.,1.,0.));
#9852 = ADVANCED_FACE('',(#9853),#9878,.T.);
#9853 = FACE_BOUND('',#9854,.T.);
#9854 = EDGE_LOOP('',(#9855,#9863,#9870,#9871));
#9855 = ORIENTED_EDGE('',*,*,#9856,.F.);
#9856 = EDGE_CURVE('',#9857,#9816,#9859,.T.);
#9857 = VERTEX_POINT('',#9858);
#9858 = CARTESIAN_POINT('',(80.,5.,7.));
#9859 = LINE('',#9860,#9861);
#9860 = CARTESIAN_POINT('',(80.,5.,5.));
#9861 = VECTOR('',#9862,1.);
#9862 = DIRECTION('',(0.,0.,1.));
#9863 = ORIENTED_EDGE('',*,*,#9864,.T.);
#9864 = EDGE_CURVE('',#9857,#9675,#9865,.T.);
#9865 = CIRCLE('',#9866,2.);
#9866 = AXIS2_PLACEMENT_3D('',#9867,#9868,#9869);
#9867 = CARTESIAN_POINT('',(78.,5.,7.));
#9868 = DIRECTION('',(0.,0.,1.));
#9869 = DIRECTION('',(1.,0.,0.));
#9870 = ORIENTED_EDGE('',*,*,#9674,.T.);
#9871 = ORIENTED_EDGE('',*,*,#9872,.T.);
#9872 = EDGE_CURVE('',#9667,#9816,#9873,.T.);
#9873 = CIRCLE('',#9874,2.);
#9874 = AXIS2_PLACEMENT_3D('',#9875,#9876,#9877);
#9875 = CARTESIAN_POINT('',(78.,5.,13.));
#9876 = DIRECTION('',(0.,0.,-1.));
#9877 = DIRECTION('',(1.,0.,0.));
#9878 = CYLINDRICAL_SURFACE('',#9879,2.);
#9879 = AXIS2_PLACEMENT_3D('',#9880,#9881,#9882);
#9880 = CARTESIAN_POINT('',(78.,5.,5.));
#9881 = DIRECTION('',(0.,0.,1.));
#9882 = DIRECTION('',(1.,0.,0.));
#9883 = ADVANCED_FACE('',(#9884),#9889,.T.);
#9884 = FACE_BOUND('',#9885,.T.);
#9885 = EDGE_LOOP('',(#9886,#9887,#9888));
#9886 = ORIENTED_EDGE('',*,*,#9872,.F.);
#9887 = ORIENTED_EDGE('',*,*,#9698,.T.);
#9888 = ORIENTED_EDGE('',*,*,#9815,.F.);
#9889 = SPHERICAL_SURFACE('',#9890,2.);
#9890 = AXIS2_PLACEMENT_3D('',#9891,#9892,#9893);
#9891 = CARTESIAN_POINT('',(78.,5.,13.));
#9892 = DIRECTION('',(0.,-1.,0.));
#9893 = DIRECTION('',(1.,0.,0.));
#9894 = ADVANCED_FACE('',(#9895),#9906,.T.);
#9895 = FACE_BOUND('',#9896,.F.);
#9896 = EDGE_LOOP('',(#9897,#9904,#9905));
#9897 = ORIENTED_EDGE('',*,*,#9898,.F.);
#9898 = EDGE_CURVE('',#9716,#9740,#9899,.T.);
#9899 = CIRCLE('',#9900,2.);
#9900 = AXIS2_PLACEMENT_3D('',#9901,#9902,#9903);
#9901 = CARTESIAN_POINT('',(78.,2.,7.));
#9902 = DIRECTION('',(0.,-1.,0.));
#9903 = DIRECTION('',(1.,0.,0.));
#9904 = ORIENTED_EDGE('',*,*,#9723,.T.);
#9905 = ORIENTED_EDGE('',*,*,#9749,.F.);
#9906 = SPHERICAL_SURFACE('',#9907,2.);
#9907 = AXIS2_PLACEMENT_3D('',#9908,#9909,#9910);
#9908 = CARTESIAN_POINT('',(78.,2.,7.));
#9909 = DIRECTION('',(0.,0.,1.));
#9910 = DIRECTION('',(1.,0.,0.));
#9911 = ADVANCED_FACE('',(#9912),#9923,.T.);
#9912 = FACE_BOUND('',#9913,.T.);
#9913 = EDGE_LOOP('',(#9914,#9915,#9921,#9922));
#9914 = ORIENTED_EDGE('',*,*,#9739,.F.);
#9915 = ORIENTED_EDGE('',*,*,#9916,.T.);
#9916 = EDGE_CURVE('',#9740,#9857,#9917,.T.);
#9917 = LINE('',#9918,#9919);
#9918 = CARTESIAN_POINT('',(80.,0.,7.));
#9919 = VECTOR('',#9920,1.);
#9920 = DIRECTION('',(0.,1.,0.));
#9921 = ORIENTED_EDGE('',*,*,#9856,.T.);
#9922 = ORIENTED_EDGE('',*,*,#9824,.F.);
#9923 = PLANE('',#9924);
#9924 = AXIS2_PLACEMENT_3D('',#9925,#9926,#9927);
#9925 = CARTESIAN_POINT('',(80.,0.,5.));
#9926 = DIRECTION('',(1.,0.,0.));
#9927 = DIRECTION('',(0.,0.,1.));
#9928 = ADVANCED_FACE('',(#9929),#9941,.T.);
#9929 = FACE_BOUND('',#9930,.T.);
#9930 = EDGE_LOOP('',(#9931,#9932,#9933,#9940));
#9931 = ORIENTED_EDGE('',*,*,#9898,.F.);
#9932 = ORIENTED_EDGE('',*,*,#9791,.T.);
#9933 = ORIENTED_EDGE('',*,*,#9934,.T.);
#9934 = EDGE_CURVE('',#9792,#9857,#9935,.T.);
#9935 = CIRCLE('',#9936,2.);
#9936 = AXIS2_PLACEMENT_3D('',#9937,#9938,#9939);
#9937 = CARTESIAN_POINT('',(78.,5.,7.));
#9938 = DIRECTION('',(0.,-1.,0.));
#9939 = DIRECTION('',(1.,0.,0.));
#9940 = ORIENTED_EDGE('',*,*,#9916,.F.);
#9941 = CYLINDRICAL_SURFACE('',#9942,2.);
#9942 = AXIS2_PLACEMENT_3D('',#9943,#9944,#9945);
#9943 = CARTESIAN_POINT('',(78.,0.,7.));
#9944 = DIRECTION('',(0.,1.,0.));
#9945 = DIRECTION('',(1.,0.,0.));
#9946 = ADVANCED_FACE('',(#9947),#9952,.T.);
#9947 = FACE_BOUND('',#9948,.T.);
#9948 = EDGE_LOOP('',(#9949,#9950,#9951));
#9949 = ORIENTED_EDGE('',*,*,#9934,.F.);
#9950 = ORIENTED_EDGE('',*,*,#9840,.T.);
#9951 = ORIENTED_EDGE('',*,*,#9864,.F.);
#9952 = SPHERICAL_SURFACE('',#9953,2.);
#9953 = AXIS2_PLACEMENT_3D('',#9954,#9955,#9956);
#9954 = CARTESIAN_POINT('',(78.,5.,7.));
#9955 = DIRECTION('',(0.,0.,1.));
#9956 = DIRECTION('',(1.,0.,0.));
#9957 = MANIFOLD_SOLID_BREP('',#9958);
#9958 = CLOSED_SHELL('',(#9959,#9999,#10032,#10065,#10098,#10129,#10146,
    #10163,#10194,#10233,#10258,#10297,#10322,#10355,#10373,#10391,
    #10424,#10448,#10481,#10512,#10529,#10553,#10586,#10617,#10634,
    #10679,#10690,#10701,#10718,#10736,#10761,#10783,#10800,#10818,
    #10843,#10860,#11089,#11118,#11130,#11141,#11153,#11164));
#9959 = ADVANCED_FACE('',(#9960),#9994,.F.);
#9960 = FACE_BOUND('',#9961,.F.);
#9961 = EDGE_LOOP('',(#9962,#9972,#9980,#9988));
#9962 = ORIENTED_EDGE('',*,*,#9963,.F.);
#9963 = EDGE_CURVE('',#9964,#9966,#9968,.T.);
#9964 = VERTEX_POINT('',#9965);
#9965 = CARTESIAN_POINT('',(-85.,4.,-1.5));
#9966 = VERTEX_POINT('',#9967);
#9967 = CARTESIAN_POINT('',(-85.,4.,1.5));
#9968 = LINE('',#9969,#9970);
#9969 = CARTESIAN_POINT('',(-85.,4.,-3.5));
#9970 = VECTOR('',#9971,1.);
#9971 = DIRECTION('',(0.,0.,1.));
#9972 = ORIENTED_EDGE('',*,*,#9973,.T.);
#9973 = EDGE_CURVE('',#9964,#9974,#9976,.T.);
#9974 = VERTEX_POINT('',#9975);
#9975 = CARTESIAN_POINT('',(-85.,22.,-1.5));
#9976 = LINE('',#9977,#9978);
#9977 = CARTESIAN_POINT('',(-85.,2.,-1.5));
#9978 = VECTOR('',#9979,1.);
#9979 = DIRECTION('',(0.,1.,0.));
#9980 = ORIENTED_EDGE('',*,*,#9981,.T.);
#9981 = EDGE_CURVE('',#9974,#9982,#9984,.T.);
#9982 = VERTEX_POINT('',#9983);
#9983 = CARTESIAN_POINT('',(-85.,22.,1.5));
#9984 = LINE('',#9985,#9986);
#9985 = CARTESIAN_POINT('',(-85.,22.,-3.5));
#9986 = VECTOR('',#9987,1.);
#9987 = DIRECTION('',(0.,0.,1.));
#9988 = ORIENTED_EDGE('',*,*,#9989,.F.);
#9989 = EDGE_CURVE('',#9966,#9982,#9990,.T.);
#9990 = LINE('',#9991,#9992);
#9991 = CARTESIAN_POINT('',(-85.,2.,1.5));
#9992 = VECTOR('',#9993,1.);
#9993 = DIRECTION('',(0.,1.,0.));
#9994 = PLANE('',#9995);
#9995 = AXIS2_PLACEMENT_3D('',#9996,#9997,#9998);
#9996 = CARTESIAN_POINT('',(-85.,2.,-3.5));
#9997 = DIRECTION('',(1.,0.,0.));
#9998 = DIRECTION('',(0.,0.,1.));
#9999 = ADVANCED_FACE('',(#10000),#10027,.T.);
#10000 = FACE_BOUND('',#10001,.T.);
#10001 = EDGE_LOOP('',(#10002,#10003,#10012,#10020));
#10002 = ORIENTED_EDGE('',*,*,#9963,.F.);
#10003 = ORIENTED_EDGE('',*,*,#10004,.T.);
#10004 = EDGE_CURVE('',#9964,#10005,#10007,.T.);
#10005 = VERTEX_POINT('',#10006);
#10006 = CARTESIAN_POINT('',(-83.,2.,-1.5));
#10007 = CIRCLE('',#10008,2.);
#10008 = AXIS2_PLACEMENT_3D('',#10009,#10010,#10011);
#10009 = CARTESIAN_POINT('',(-83.,4.,-1.5));
#10010 = DIRECTION('',(0.,0.,1.));
#10011 = DIRECTION('',(-1.,0.,0.));
#10012 = ORIENTED_EDGE('',*,*,#10013,.T.);
#10013 = EDGE_CURVE('',#10005,#10014,#10016,.T.);
#10014 = VERTEX_POINT('',#10015);
#10015 = CARTESIAN_POINT('',(-83.,2.,1.5));
#10016 = LINE('',#10017,#10018);
#10017 = CARTESIAN_POINT('',(-83.,2.,-3.5));
#10018 = VECTOR('',#10019,1.);
#10019 = DIRECTION('',(0.,0.,1.));
#10020 = ORIENTED_EDGE('',*,*,#10021,.F.);
#10021 = EDGE_CURVE('',#9966,#10014,#10022,.T.);
#10022 = CIRCLE('',#10023,2.);
#10023 = AXIS2_PLACEMENT_3D('',#10024,#10025,#10026);
#10024 = CARTESIAN_POINT('',(-83.,4.,1.5));
#10025 = DIRECTION('',(0.,0.,1.));
#10026 = DIRECTION('',(-1.,0.,0.));
#10027 = CYLINDRICAL_SURFACE('',#10028,2.);
#10028 = AXIS2_PLACEMENT_3D('',#10029,#10030,#10031);
#10029 = CARTESIAN_POINT('',(-83.,4.,-3.5));
#10030 = DIRECTION('',(0.,0.,1.));
#10031 = DIRECTION('',(-1.,0.,0.));
#10032 = ADVANCED_FACE('',(#10033),#10060,.T.);
#10033 = FACE_BOUND('',#10034,.F.);
#10034 = EDGE_LOOP('',(#10035,#10044,#10052,#10059));
#10035 = ORIENTED_EDGE('',*,*,#10036,.F.);
#10036 = EDGE_CURVE('',#10037,#9964,#10039,.T.);
#10037 = VERTEX_POINT('',#10038);
#10038 = CARTESIAN_POINT('',(-83.,4.,-3.5));
#10039 = CIRCLE('',#10040,2.);
#10040 = AXIS2_PLACEMENT_3D('',#10041,#10042,#10043);
#10041 = CARTESIAN_POINT('',(-83.,4.,-1.5));
#10042 = DIRECTION('',(0.,1.,-0.));
#10043 = DIRECTION('',(-1.,0.,0.));
#10044 = ORIENTED_EDGE('',*,*,#10045,.T.);
#10045 = EDGE_CURVE('',#10037,#10046,#10048,.T.);
#10046 = VERTEX_POINT('',#10047);
#10047 = CARTESIAN_POINT('',(-83.,22.,-3.5));
#10048 = LINE('',#10049,#10050);
#10049 = CARTESIAN_POINT('',(-83.,2.,-3.5));
#10050 = VECTOR('',#10051,1.);
#10051 = DIRECTION('',(0.,1.,0.));
#10052 = ORIENTED_EDGE('',*,*,#10053,.T.);
#10053 = EDGE_CURVE('',#10046,#9974,#10054,.T.);
#10054 = CIRCLE('',#10055,2.);
#10055 = AXIS2_PLACEMENT_3D('',#10056,#10057,#10058);
#10056 = CARTESIAN_POINT('',(-83.,22.,-1.5));
#10057 = DIRECTION('',(0.,1.,-0.));
#10058 = DIRECTION('',(-1.,0.,0.));
#10059 = ORIENTED_EDGE('',*,*,#9973,.F.);
#10060 = CYLINDRICAL_SURFACE('',#10061,2.);
#10061 = AXIS2_PLACEMENT_3D('',#10062,#10063,#10064);
#10062 = CARTESIAN_POINT('',(-83.,2.,-1.5));
#10063 = DIRECTION('',(0.,1.,0.));
#10064 = DIRECTION('',(-1.,0.,0.));
#10065 = ADVANCED_FACE('',(#10066),#10093,.T.);
#10066 = FACE_BOUND('',#10067,.T.);
#10067 = EDGE_LOOP('',(#10068,#10077,#10085,#10092));
#10068 = ORIENTED_EDGE('',*,*,#10069,.F.);
#10069 = EDGE_CURVE('',#10070,#9966,#10072,.T.);
#10070 = VERTEX_POINT('',#10071);
#10071 = CARTESIAN_POINT('',(-83.,4.,3.5));
#10072 = CIRCLE('',#10073,2.);
#10073 = AXIS2_PLACEMENT_3D('',#10074,#10075,#10076);
#10074 = CARTESIAN_POINT('',(-83.,4.,1.5));
#10075 = DIRECTION('',(0.,-1.,0.));
#10076 = DIRECTION('',(-1.,0.,0.));
#10077 = ORIENTED_EDGE('',*,*,#10078,.T.);
#10078 = EDGE_CURVE('',#10070,#10079,#10081,.T.);
#10079 = VERTEX_POINT('',#10080);
#10080 = CARTESIAN_POINT('',(-83.,22.,3.5));
#10081 = LINE('',#10082,#10083);
#10082 = CARTESIAN_POINT('',(-83.,2.,3.5));
#10083 = VECTOR('',#10084,1.);
#10084 = DIRECTION('',(0.,1.,0.));
#10085 = ORIENTED_EDGE('',*,*,#10086,.F.);
#10086 = EDGE_CURVE('',#9982,#10079,#10087,.T.);
#10087 = CIRCLE('',#10088,2.);
#10088 = AXIS2_PLACEMENT_3D('',#10089,#10090,#10091);
#10089 = CARTESIAN_POINT('',(-83.,22.,1.5));
#10090 = DIRECTION('',(0.,1.,-0.));
#10091 = DIRECTION('',(-1.,0.,2.22044604925E-16));
#10092 = ORIENTED_EDGE('',*,*,#9989,.F.);
#10093 = CYLINDRICAL_SURFACE('',#10094,2.);
#10094 = AXIS2_PLACEMENT_3D('',#10095,#10096,#10097);
#10095 = CARTESIAN_POINT('',(-83.,2.,1.5));
#10096 = DIRECTION('',(0.,1.,0.));
#10097 = DIRECTION('',(-1.,0.,0.));
#10098 = ADVANCED_FACE('',(#10099),#10124,.F.);
#10099 = FACE_BOUND('',#10100,.F.);
#10100 = EDGE_LOOP('',(#10101,#10102,#10110,#10118));
#10101 = ORIENTED_EDGE('',*,*,#9981,.F.);
#10102 = ORIENTED_EDGE('',*,*,#10103,.T.);
#10103 = EDGE_CURVE('',#9974,#10104,#10106,.T.);
#10104 = VERTEX_POINT('',#10105);
#10105 = CARTESIAN_POINT('',(-85.,110.,-1.5));
#10106 = LINE('',#10107,#10108);
#10107 = CARTESIAN_POINT('',(-85.,20.,-1.5));
#10108 = VECTOR('',#10109,1.);
#10109 = DIRECTION('',(0.,1.,0.));
#10110 = ORIENTED_EDGE('',*,*,#10111,.T.);
#10111 = EDGE_CURVE('',#10104,#10112,#10114,.T.);
#10112 = VERTEX_POINT('',#10113);
#10113 = CARTESIAN_POINT('',(-85.,110.,1.5));
#10114 = LINE('',#10115,#10116);
#10115 = CARTESIAN_POINT('',(-85.,110.,-3.5));
#10116 = VECTOR('',#10117,1.);
#10117 = DIRECTION('',(0.,0.,1.));
#10118 = ORIENTED_EDGE('',*,*,#10119,.F.);
#10119 = EDGE_CURVE('',#9982,#10112,#10120,.T.);
#10120 = LINE('',#10121,#10122);
#10121 = CARTESIAN_POINT('',(-85.,20.,1.5));
#10122 = VECTOR('',#10123,1.);
#10123 = DIRECTION('',(0.,1.,0.));
#10124 = PLANE('',#10125);
#10125 = AXIS2_PLACEMENT_3D('',#10126,#10127,#10128);
#10126 = CARTESIAN_POINT('',(-85.,20.,-3.5));
#10127 = DIRECTION('',(1.,0.,0.));
#10128 = DIRECTION('',(0.,0.,1.));
#10129 = ADVANCED_FACE('',(#10130),#10141,.T.);
#10130 = FACE_BOUND('',#10131,.T.);
#10131 = EDGE_LOOP('',(#10132,#10133,#10140));
#10132 = ORIENTED_EDGE('',*,*,#10036,.F.);
#10133 = ORIENTED_EDGE('',*,*,#10134,.T.);
#10134 = EDGE_CURVE('',#10037,#10005,#10135,.T.);
#10135 = CIRCLE('',#10136,2.);
#10136 = AXIS2_PLACEMENT_3D('',#10137,#10138,#10139);
#10137 = CARTESIAN_POINT('',(-83.,4.,-1.5));
#10138 = DIRECTION('',(-1.,6.123233995737E-17,0.));
#10139 = DIRECTION('',(-6.123233995737E-17,-1.,0.));
#10140 = ORIENTED_EDGE('',*,*,#10004,.F.);
#10141 = SPHERICAL_SURFACE('',#10142,2.);
#10142 = AXIS2_PLACEMENT_3D('',#10143,#10144,#10145);
#10143 = CARTESIAN_POINT('',(-83.,4.,-1.5));
#10144 = DIRECTION('',(0.,0.,1.));
#10145 = DIRECTION('',(-1.,0.,0.));
#10146 = ADVANCED_FACE('',(#10147),#10158,.T.);
#10147 = FACE_BOUND('',#10148,.F.);
#10148 = EDGE_LOOP('',(#10149,#10150,#10157));
#10149 = ORIENTED_EDGE('',*,*,#10069,.F.);
#10150 = ORIENTED_EDGE('',*,*,#10151,.T.);
#10151 = EDGE_CURVE('',#10070,#10014,#10152,.T.);
#10152 = CIRCLE('',#10153,2.);
#10153 = AXIS2_PLACEMENT_3D('',#10154,#10155,#10156);
#10154 = CARTESIAN_POINT('',(-83.,4.,1.5));
#10155 = DIRECTION('',(1.,-6.123233995737E-17,0.));
#10156 = DIRECTION('',(-6.123233995737E-17,-1.,0.));
#10157 = ORIENTED_EDGE('',*,*,#10021,.F.);
#10158 = SPHERICAL_SURFACE('',#10159,2.);
#10159 = AXIS2_PLACEMENT_3D('',#10160,#10161,#10162);
#10160 = CARTESIAN_POINT('',(-83.,4.,1.5));
#10161 = DIRECTION('',(-0.,-0.,-1.));
#10162 = DIRECTION('',(-1.,0.,0.));
#10163 = ADVANCED_FACE('',(#10164),#10189,.F.);
#10164 = FACE_BOUND('',#10165,.F.);
#10165 = EDGE_LOOP('',(#10166,#10167,#10175,#10183));
#10166 = ORIENTED_EDGE('',*,*,#10013,.T.);
#10167 = ORIENTED_EDGE('',*,*,#10168,.T.);
#10168 = EDGE_CURVE('',#10014,#10169,#10171,.T.);
#10169 = VERTEX_POINT('',#10170);
#10170 = CARTESIAN_POINT('',(-72.,2.,1.5));
#10171 = LINE('',#10172,#10173);
#10172 = CARTESIAN_POINT('',(-85.,2.,1.5));
#10173 = VECTOR('',#10174,1.);
#10174 = DIRECTION('',(1.,0.,0.));
#10175 = ORIENTED_EDGE('',*,*,#10176,.F.);
#10176 = EDGE_CURVE('',#10177,#10169,#10179,.T.);
#10177 = VERTEX_POINT('',#10178);
#10178 = CARTESIAN_POINT('',(-72.,2.,-1.5));
#10179 = LINE('',#10180,#10181);
#10180 = CARTESIAN_POINT('',(-72.,2.,-3.5));
#10181 = VECTOR('',#10182,1.);
#10182 = DIRECTION('',(0.,0.,1.));
#10183 = ORIENTED_EDGE('',*,*,#10184,.F.);
#10184 = EDGE_CURVE('',#10005,#10177,#10185,.T.);
#10185 = LINE('',#10186,#10187);
#10186 = CARTESIAN_POINT('',(-85.,2.,-1.5));
#10187 = VECTOR('',#10188,1.);
#10188 = DIRECTION('',(1.,0.,0.));
#10189 = PLANE('',#10190);
#10190 = AXIS2_PLACEMENT_3D('',#10191,#10192,#10193);
#10191 = CARTESIAN_POINT('',(-85.,2.,-3.5));
#10192 = DIRECTION('',(0.,1.,0.));
#10193 = DIRECTION('',(0.,0.,1.));
#10194 = ADVANCED_FACE('',(#10195),#10228,.F.);
#10195 = FACE_BOUND('',#10196,.F.);
#10196 = EDGE_LOOP('',(#10197,#10198,#10206,#10214,#10222));
#10197 = ORIENTED_EDGE('',*,*,#10045,.F.);
#10198 = ORIENTED_EDGE('',*,*,#10199,.T.);
#10199 = EDGE_CURVE('',#10037,#10200,#10202,.T.);
#10200 = VERTEX_POINT('',#10201);
#10201 = CARTESIAN_POINT('',(-72.,4.,-3.5));
#10202 = LINE('',#10203,#10204);
#10203 = CARTESIAN_POINT('',(-85.,4.,-3.5));
#10204 = VECTOR('',#10205,1.);
#10205 = DIRECTION('',(1.,0.,0.));
#10206 = ORIENTED_EDGE('',*,*,#10207,.T.);
#10207 = EDGE_CURVE('',#10200,#10208,#10210,.T.);
#10208 = VERTEX_POINT('',#10209);
#10209 = CARTESIAN_POINT('',(-72.,22.,-3.5));
#10210 = LINE('',#10211,#10212);
#10211 = CARTESIAN_POINT('',(-72.,2.,-3.5));
#10212 = VECTOR('',#10213,1.);
#10213 = DIRECTION('',(0.,1.,0.));
#10214 = ORIENTED_EDGE('',*,*,#10215,.F.);
#10215 = EDGE_CURVE('',#10216,#10208,#10218,.T.);
#10216 = VERTEX_POINT('',#10217);
#10217 = CARTESIAN_POINT('',(-80.6,22.,-3.5));
#10218 = LINE('',#10219,#10220);
#10219 = CARTESIAN_POINT('',(-85.,22.,-3.5));
#10220 = VECTOR('',#10221,1.);
#10221 = DIRECTION('',(1.,0.,0.));
#10222 = ORIENTED_EDGE('',*,*,#10223,.F.);
#10223 = EDGE_CURVE('',#10046,#10216,#10224,.T.);
#10224 = LINE('',#10225,#10226);
#10225 = CARTESIAN_POINT('',(-85.,22.,-3.5));
#10226 = VECTOR('',#10227,1.);
#10227 = DIRECTION('',(1.,0.,0.));
#10228 = PLANE('',#10229);
#10229 = AXIS2_PLACEMENT_3D('',#10230,#10231,#10232);
#10230 = CARTESIAN_POINT('',(-85.,2.,-3.5));
#10231 = DIRECTION('',(0.,0.,1.));
#10232 = DIRECTION('',(1.,0.,0.));
#10233 = ADVANCED_FACE('',(#10234),#10253,.T.);
#10234 = FACE_BOUND('',#10235,.F.);
#10235 = EDGE_LOOP('',(#10236,#10237,#10245,#10252));
#10236 = ORIENTED_EDGE('',*,*,#10053,.F.);
#10237 = ORIENTED_EDGE('',*,*,#10238,.T.);
#10238 = EDGE_CURVE('',#10046,#10239,#10241,.T.);
#10239 = VERTEX_POINT('',#10240);
#10240 = CARTESIAN_POINT('',(-83.,110.,-3.5));
#10241 = LINE('',#10242,#10243);
#10242 = CARTESIAN_POINT('',(-83.,20.,-3.5));
#10243 = VECTOR('',#10244,1.);
#10244 = DIRECTION('',(0.,1.,0.));
#10245 = ORIENTED_EDGE('',*,*,#10246,.T.);
#10246 = EDGE_CURVE('',#10239,#10104,#10247,.T.);
#10247 = CIRCLE('',#10248,2.);
#10248 = AXIS2_PLACEMENT_3D('',#10249,#10250,#10251);
#10249 = CARTESIAN_POINT('',(-83.,110.,-1.5));
#10250 = DIRECTION('',(0.,1.,-0.));
#10251 = DIRECTION('',(-1.,0.,0.));
#10252 = ORIENTED_EDGE('',*,*,#10103,.F.);
#10253 = CYLINDRICAL_SURFACE('',#10254,2.);
#10254 = AXIS2_PLACEMENT_3D('',#10255,#10256,#10257);
#10255 = CARTESIAN_POINT('',(-83.,20.,-1.5));
#10256 = DIRECTION('',(0.,1.,0.));
#10257 = DIRECTION('',(-1.,0.,0.));
#10258 = ADVANCED_FACE('',(#10259),#10292,.T.);
#10259 = FACE_BOUND('',#10260,.T.);
#10260 = EDGE_LOOP('',(#10261,#10262,#10270,#10278,#10286));
#10261 = ORIENTED_EDGE('',*,*,#10078,.F.);
#10262 = ORIENTED_EDGE('',*,*,#10263,.T.);
#10263 = EDGE_CURVE('',#10070,#10264,#10266,.T.);
#10264 = VERTEX_POINT('',#10265);
#10265 = CARTESIAN_POINT('',(-72.,4.,3.5));
#10266 = LINE('',#10267,#10268);
#10267 = CARTESIAN_POINT('',(-85.,4.,3.5));
#10268 = VECTOR('',#10269,1.);
#10269 = DIRECTION('',(1.,0.,0.));
#10270 = ORIENTED_EDGE('',*,*,#10271,.T.);
#10271 = EDGE_CURVE('',#10264,#10272,#10274,.T.);
#10272 = VERTEX_POINT('',#10273);
#10273 = CARTESIAN_POINT('',(-72.,22.,3.5));
#10274 = LINE('',#10275,#10276);
#10275 = CARTESIAN_POINT('',(-72.,2.,3.5));
#10276 = VECTOR('',#10277,1.);
#10277 = DIRECTION('',(0.,1.,0.));
#10278 = ORIENTED_EDGE('',*,*,#10279,.F.);
#10279 = EDGE_CURVE('',#10280,#10272,#10282,.T.);
#10280 = VERTEX_POINT('',#10281);
#10281 = CARTESIAN_POINT('',(-80.6,22.,3.5));
#10282 = LINE('',#10283,#10284);
#10283 = CARTESIAN_POINT('',(-85.,22.,3.5));
#10284 = VECTOR('',#10285,1.);
#10285 = DIRECTION('',(1.,0.,0.));
#10286 = ORIENTED_EDGE('',*,*,#10287,.F.);
#10287 = EDGE_CURVE('',#10079,#10280,#10288,.T.);
#10288 = LINE('',#10289,#10290);
#10289 = CARTESIAN_POINT('',(-85.,22.,3.5));
#10290 = VECTOR('',#10291,1.);
#10291 = DIRECTION('',(1.,0.,0.));
#10292 = PLANE('',#10293);
#10293 = AXIS2_PLACEMENT_3D('',#10294,#10295,#10296);
#10294 = CARTESIAN_POINT('',(-85.,2.,3.5));
#10295 = DIRECTION('',(0.,0.,1.));
#10296 = DIRECTION('',(1.,0.,0.));
#10297 = ADVANCED_FACE('',(#10298),#10317,.T.);
#10298 = FACE_BOUND('',#10299,.T.);
#10299 = EDGE_LOOP('',(#10300,#10301,#10309,#10316));
#10300 = ORIENTED_EDGE('',*,*,#10086,.T.);
#10301 = ORIENTED_EDGE('',*,*,#10302,.T.);
#10302 = EDGE_CURVE('',#10079,#10303,#10305,.T.);
#10303 = VERTEX_POINT('',#10304);
#10304 = CARTESIAN_POINT('',(-83.,110.,3.5));
#10305 = LINE('',#10306,#10307);
#10306 = CARTESIAN_POINT('',(-83.,20.,3.5));
#10307 = VECTOR('',#10308,1.);
#10308 = DIRECTION('',(0.,1.,0.));
#10309 = ORIENTED_EDGE('',*,*,#10310,.F.);
#10310 = EDGE_CURVE('',#10112,#10303,#10311,.T.);
#10311 = CIRCLE('',#10312,2.);
#10312 = AXIS2_PLACEMENT_3D('',#10313,#10314,#10315);
#10313 = CARTESIAN_POINT('',(-83.,110.,1.5));
#10314 = DIRECTION('',(0.,1.,-0.));
#10315 = DIRECTION('',(-1.,0.,2.22044604925E-16));
#10316 = ORIENTED_EDGE('',*,*,#10119,.F.);
#10317 = CYLINDRICAL_SURFACE('',#10318,2.);
#10318 = AXIS2_PLACEMENT_3D('',#10319,#10320,#10321);
#10319 = CARTESIAN_POINT('',(-83.,20.,1.5));
#10320 = DIRECTION('',(0.,1.,0.));
#10321 = DIRECTION('',(-1.,0.,0.));
#10322 = ADVANCED_FACE('',(#10323),#10350,.T.);
#10323 = FACE_BOUND('',#10324,.F.);
#10324 = EDGE_LOOP('',(#10325,#10326,#10335,#10343));
#10325 = ORIENTED_EDGE('',*,*,#10111,.F.);
#10326 = ORIENTED_EDGE('',*,*,#10327,.T.);
#10327 = EDGE_CURVE('',#10104,#10328,#10330,.T.);
#10328 = VERTEX_POINT('',#10329);
#10329 = CARTESIAN_POINT('',(-83.,112.,-1.5));
#10330 = CIRCLE('',#10331,2.);
#10331 = AXIS2_PLACEMENT_3D('',#10332,#10333,#10334);
#10332 = CARTESIAN_POINT('',(-83.,110.,-1.5));
#10333 = DIRECTION('',(0.,0.,-1.));
#10334 = DIRECTION('',(-1.,0.,0.));
#10335 = ORIENTED_EDGE('',*,*,#10336,.T.);
#10336 = EDGE_CURVE('',#10328,#10337,#10339,.T.);
#10337 = VERTEX_POINT('',#10338);
#10338 = CARTESIAN_POINT('',(-83.,112.,1.5));
#10339 = LINE('',#10340,#10341);
#10340 = CARTESIAN_POINT('',(-83.,112.,-3.5));
#10341 = VECTOR('',#10342,1.);
#10342 = DIRECTION('',(0.,0.,1.));
#10343 = ORIENTED_EDGE('',*,*,#10344,.T.);
#10344 = EDGE_CURVE('',#10337,#10112,#10345,.T.);
#10345 = CIRCLE('',#10346,2.);
#10346 = AXIS2_PLACEMENT_3D('',#10347,#10348,#10349);
#10347 = CARTESIAN_POINT('',(-83.,110.,1.5));
#10348 = DIRECTION('',(2.22044604925E-16,0.,1.));
#10349 = DIRECTION('',(-1.,0.,2.22044604925E-16));
#10350 = CYLINDRICAL_SURFACE('',#10351,2.);
#10351 = AXIS2_PLACEMENT_3D('',#10352,#10353,#10354);
#10352 = CARTESIAN_POINT('',(-83.,110.,-3.5));
#10353 = DIRECTION('',(0.,0.,1.));
#10354 = DIRECTION('',(-1.,0.,0.));
#10355 = ADVANCED_FACE('',(#10356),#10368,.T.);
#10356 = FACE_BOUND('',#10357,.T.);
#10357 = EDGE_LOOP('',(#10358,#10359,#10360,#10367));
#10358 = ORIENTED_EDGE('',*,*,#10134,.F.);
#10359 = ORIENTED_EDGE('',*,*,#10199,.T.);
#10360 = ORIENTED_EDGE('',*,*,#10361,.T.);
#10361 = EDGE_CURVE('',#10200,#10177,#10362,.T.);
#10362 = CIRCLE('',#10363,2.);
#10363 = AXIS2_PLACEMENT_3D('',#10364,#10365,#10366);
#10364 = CARTESIAN_POINT('',(-72.,4.,-1.5));
#10365 = DIRECTION('',(-1.,-6.123233995737E-17,0.));
#10366 = DIRECTION('',(6.123233995737E-17,-1.,0.));
#10367 = ORIENTED_EDGE('',*,*,#10184,.F.);
#10368 = CYLINDRICAL_SURFACE('',#10369,2.);
#10369 = AXIS2_PLACEMENT_3D('',#10370,#10371,#10372);
#10370 = CARTESIAN_POINT('',(-85.,4.,-1.5));
#10371 = DIRECTION('',(1.,0.,0.));
#10372 = DIRECTION('',(0.,-1.,0.));
#10373 = ADVANCED_FACE('',(#10374),#10386,.T.);
#10374 = FACE_BOUND('',#10375,.F.);
#10375 = EDGE_LOOP('',(#10376,#10377,#10378,#10385));
#10376 = ORIENTED_EDGE('',*,*,#10151,.F.);
#10377 = ORIENTED_EDGE('',*,*,#10263,.T.);
#10378 = ORIENTED_EDGE('',*,*,#10379,.T.);
#10379 = EDGE_CURVE('',#10264,#10169,#10380,.T.);
#10380 = CIRCLE('',#10381,2.);
#10381 = AXIS2_PLACEMENT_3D('',#10382,#10383,#10384);
#10382 = CARTESIAN_POINT('',(-72.,4.,1.5));
#10383 = DIRECTION('',(1.,6.123233995737E-17,0.));
#10384 = DIRECTION('',(6.123233995737E-17,-1.,0.));
#10385 = ORIENTED_EDGE('',*,*,#10168,.F.);
#10386 = CYLINDRICAL_SURFACE('',#10387,2.);
#10387 = AXIS2_PLACEMENT_3D('',#10388,#10389,#10390);
#10388 = CARTESIAN_POINT('',(-85.,4.,1.5));
#10389 = DIRECTION('',(1.,0.,0.));
#10390 = DIRECTION('',(0.,-1.,0.));
#10391 = ADVANCED_FACE('',(#10392),#10419,.T.);
#10392 = FACE_BOUND('',#10393,.F.);
#10393 = EDGE_LOOP('',(#10394,#10404,#10411,#10412));
#10394 = ORIENTED_EDGE('',*,*,#10395,.F.);
#10395 = EDGE_CURVE('',#10396,#10398,#10400,.T.);
#10396 = VERTEX_POINT('',#10397);
#10397 = CARTESIAN_POINT('',(-70.,4.,-1.5));
#10398 = VERTEX_POINT('',#10399);
#10399 = CARTESIAN_POINT('',(-70.,4.,1.5));
#10400 = LINE('',#10401,#10402);
#10401 = CARTESIAN_POINT('',(-70.,4.,-3.5));
#10402 = VECTOR('',#10403,1.);
#10403 = DIRECTION('',(0.,0.,1.));
#10404 = ORIENTED_EDGE('',*,*,#10405,.T.);
#10405 = EDGE_CURVE('',#10396,#10177,#10406,.T.);
#10406 = CIRCLE('',#10407,2.);
#10407 = AXIS2_PLACEMENT_3D('',#10408,#10409,#10410);
#10408 = CARTESIAN_POINT('',(-72.,4.,-1.5));
#10409 = DIRECTION('',(0.,0.,-1.));
#10410 = DIRECTION('',(1.,0.,0.));
#10411 = ORIENTED_EDGE('',*,*,#10176,.T.);
#10412 = ORIENTED_EDGE('',*,*,#10413,.F.);
#10413 = EDGE_CURVE('',#10398,#10169,#10414,.T.);
#10414 = CIRCLE('',#10415,2.);
#10415 = AXIS2_PLACEMENT_3D('',#10416,#10417,#10418);
#10416 = CARTESIAN_POINT('',(-72.,4.,1.5));
#10417 = DIRECTION('',(0.,0.,-1.));
#10418 = DIRECTION('',(1.,0.,0.));
#10419 = CYLINDRICAL_SURFACE('',#10420,2.);
#10420 = AXIS2_PLACEMENT_3D('',#10421,#10422,#10423);
#10421 = CARTESIAN_POINT('',(-72.,4.,-3.5));
#10422 = DIRECTION('',(0.,0.,1.));
#10423 = DIRECTION('',(1.,0.,0.));
#10424 = ADVANCED_FACE('',(#10425),#10443,.F.);
#10425 = FACE_BOUND('',#10426,.F.);
#10426 = EDGE_LOOP('',(#10427,#10428,#10429,#10437));
#10427 = ORIENTED_EDGE('',*,*,#10238,.F.);
#10428 = ORIENTED_EDGE('',*,*,#10223,.T.);
#10429 = ORIENTED_EDGE('',*,*,#10430,.T.);
#10430 = EDGE_CURVE('',#10216,#10431,#10433,.T.);
#10431 = VERTEX_POINT('',#10432);
#10432 = CARTESIAN_POINT('',(-80.6,110.,-3.5));
#10433 = LINE('',#10434,#10435);
#10434 = CARTESIAN_POINT('',(-80.6,20.,-3.5));
#10435 = VECTOR('',#10436,1.);
#10436 = DIRECTION('',(0.,1.,0.));
#10437 = ORIENTED_EDGE('',*,*,#10438,.F.);
#10438 = EDGE_CURVE('',#10239,#10431,#10439,.T.);
#10439 = LINE('',#10440,#10441);
#10440 = CARTESIAN_POINT('',(-85.,110.,-3.5));
#10441 = VECTOR('',#10442,1.);
#10442 = DIRECTION('',(1.,0.,0.));
#10443 = PLANE('',#10444);
#10444 = AXIS2_PLACEMENT_3D('',#10445,#10446,#10447);
#10445 = CARTESIAN_POINT('',(-85.,20.,-3.5));
#10446 = DIRECTION('',(0.,0.,1.));
#10447 = DIRECTION('',(1.,0.,0.));
#10448 = ADVANCED_FACE('',(#10449),#10476,.T.);
#10449 = FACE_BOUND('',#10450,.F.);
#10450 = EDGE_LOOP('',(#10451,#10460,#10461,#10470));
#10451 = ORIENTED_EDGE('',*,*,#10452,.F.);
#10452 = EDGE_CURVE('',#10216,#10453,#10455,.T.);
#10453 = VERTEX_POINT('',#10454);
#10454 = CARTESIAN_POINT('',(-78.6,24.,-1.5));
#10455 = ELLIPSE('',#10456,2.828427124746,2.);
#10456 = AXIS2_PLACEMENT_3D('',#10457,#10458,#10459);
#10457 = CARTESIAN_POINT('',(-80.6,22.,-1.5));
#10458 = DIRECTION('',(0.707106781187,-0.707106781187,0.));
#10459 = DIRECTION('',(0.707106781187,0.707106781187,0.));
#10460 = ORIENTED_EDGE('',*,*,#10215,.T.);
#10461 = ORIENTED_EDGE('',*,*,#10462,.T.);
#10462 = EDGE_CURVE('',#10208,#10463,#10465,.T.);
#10463 = VERTEX_POINT('',#10464);
#10464 = CARTESIAN_POINT('',(-72.,24.,-1.5));
#10465 = CIRCLE('',#10466,2.);
#10466 = AXIS2_PLACEMENT_3D('',#10467,#10468,#10469);
#10467 = CARTESIAN_POINT('',(-72.,22.,-1.5));
#10468 = DIRECTION('',(1.,-6.123233995737E-17,0.));
#10469 = DIRECTION('',(6.123233995737E-17,1.,0.));
#10470 = ORIENTED_EDGE('',*,*,#10471,.F.);
#10471 = EDGE_CURVE('',#10453,#10463,#10472,.T.);
#10472 = LINE('',#10473,#10474);
#10473 = CARTESIAN_POINT('',(-85.,24.,-1.5));
#10474 = VECTOR('',#10475,1.);
#10475 = DIRECTION('',(1.,0.,0.));
#10476 = CYLINDRICAL_SURFACE('',#10477,2.);
#10477 = AXIS2_PLACEMENT_3D('',#10478,#10479,#10480);
#10478 = CARTESIAN_POINT('',(-85.,22.,-1.5));
#10479 = DIRECTION('',(1.,0.,0.));
#10480 = DIRECTION('',(0.,1.,0.));
#10481 = ADVANCED_FACE('',(#10482),#10507,.T.);
#10482 = FACE_BOUND('',#10483,.T.);
#10483 = EDGE_LOOP('',(#10484,#10491,#10492,#10501));
#10484 = ORIENTED_EDGE('',*,*,#10485,.F.);
#10485 = EDGE_CURVE('',#10200,#10396,#10486,.T.);
#10486 = CIRCLE('',#10487,2.);
#10487 = AXIS2_PLACEMENT_3D('',#10488,#10489,#10490);
#10488 = CARTESIAN_POINT('',(-72.,4.,-1.5));
#10489 = DIRECTION('',(0.,-1.,0.));
#10490 = DIRECTION('',(1.,0.,0.));
#10491 = ORIENTED_EDGE('',*,*,#10207,.T.);
#10492 = ORIENTED_EDGE('',*,*,#10493,.T.);
#10493 = EDGE_CURVE('',#10208,#10494,#10496,.T.);
#10494 = VERTEX_POINT('',#10495);
#10495 = CARTESIAN_POINT('',(-70.,22.,-1.5));
#10496 = CIRCLE('',#10497,2.);
#10497 = AXIS2_PLACEMENT_3D('',#10498,#10499,#10500);
#10498 = CARTESIAN_POINT('',(-72.,22.,-1.5));
#10499 = DIRECTION('',(0.,-1.,0.));
#10500 = DIRECTION('',(1.,0.,0.));
#10501 = ORIENTED_EDGE('',*,*,#10502,.F.);
#10502 = EDGE_CURVE('',#10396,#10494,#10503,.T.);
#10503 = LINE('',#10504,#10505);
#10504 = CARTESIAN_POINT('',(-70.,2.,-1.5));
#10505 = VECTOR('',#10506,1.);
#10506 = DIRECTION('',(0.,1.,0.));
#10507 = CYLINDRICAL_SURFACE('',#10508,2.);
#10508 = AXIS2_PLACEMENT_3D('',#10509,#10510,#10511);
#10509 = CARTESIAN_POINT('',(-72.,2.,-1.5));
#10510 = DIRECTION('',(0.,1.,0.));
#10511 = DIRECTION('',(1.,0.,0.));
#10512 = ADVANCED_FACE('',(#10513),#10524,.T.);
#10513 = FACE_BOUND('',#10514,.F.);
#10514 = EDGE_LOOP('',(#10515,#10516,#10523));
#10515 = ORIENTED_EDGE('',*,*,#10246,.F.);
#10516 = ORIENTED_EDGE('',*,*,#10517,.T.);
#10517 = EDGE_CURVE('',#10239,#10328,#10518,.T.);
#10518 = CIRCLE('',#10519,2.);
#10519 = AXIS2_PLACEMENT_3D('',#10520,#10521,#10522);
#10520 = CARTESIAN_POINT('',(-83.,110.,-1.5));
#10521 = DIRECTION('',(1.,6.123233995737E-17,-0.));
#10522 = DIRECTION('',(-6.123233995737E-17,1.,0.));
#10523 = ORIENTED_EDGE('',*,*,#10327,.F.);
#10524 = SPHERICAL_SURFACE('',#10525,2.);
#10525 = AXIS2_PLACEMENT_3D('',#10526,#10527,#10528);
#10526 = CARTESIAN_POINT('',(-83.,110.,-1.5));
#10527 = DIRECTION('',(0.,0.,1.));
#10528 = DIRECTION('',(-1.,0.,0.));
#10529 = ADVANCED_FACE('',(#10530),#10548,.T.);
#10530 = FACE_BOUND('',#10531,.T.);
#10531 = EDGE_LOOP('',(#10532,#10533,#10534,#10542));
#10532 = ORIENTED_EDGE('',*,*,#10302,.F.);
#10533 = ORIENTED_EDGE('',*,*,#10287,.T.);
#10534 = ORIENTED_EDGE('',*,*,#10535,.T.);
#10535 = EDGE_CURVE('',#10280,#10536,#10538,.T.);
#10536 = VERTEX_POINT('',#10537);
#10537 = CARTESIAN_POINT('',(-80.6,110.,3.5));
#10538 = LINE('',#10539,#10540);
#10539 = CARTESIAN_POINT('',(-80.6,20.,3.5));
#10540 = VECTOR('',#10541,1.);
#10541 = DIRECTION('',(0.,1.,0.));
#10542 = ORIENTED_EDGE('',*,*,#10543,.F.);
#10543 = EDGE_CURVE('',#10303,#10536,#10544,.T.);
#10544 = LINE('',#10545,#10546);
#10545 = CARTESIAN_POINT('',(-85.,110.,3.5));
#10546 = VECTOR('',#10547,1.);
#10547 = DIRECTION('',(1.,0.,0.));
#10548 = PLANE('',#10549);
#10549 = AXIS2_PLACEMENT_3D('',#10550,#10551,#10552);
#10550 = CARTESIAN_POINT('',(-85.,20.,3.5));
#10551 = DIRECTION('',(0.,0.,1.));
#10552 = DIRECTION('',(1.,0.,0.));
#10553 = ADVANCED_FACE('',(#10554),#10581,.T.);
#10554 = FACE_BOUND('',#10555,.T.);
#10555 = EDGE_LOOP('',(#10556,#10566,#10573,#10574));
#10556 = ORIENTED_EDGE('',*,*,#10557,.F.);
#10557 = EDGE_CURVE('',#10558,#10560,#10562,.T.);
#10558 = VERTEX_POINT('',#10559);
#10559 = CARTESIAN_POINT('',(-78.6,24.,1.5));
#10560 = VERTEX_POINT('',#10561);
#10561 = CARTESIAN_POINT('',(-72.,24.,1.5));
#10562 = LINE('',#10563,#10564);
#10563 = CARTESIAN_POINT('',(-85.,24.,1.5));
#10564 = VECTOR('',#10565,1.);
#10565 = DIRECTION('',(1.,0.,0.));
#10566 = ORIENTED_EDGE('',*,*,#10567,.T.);
#10567 = EDGE_CURVE('',#10558,#10280,#10568,.T.);
#10568 = ELLIPSE('',#10569,2.828427124746,2.);
#10569 = AXIS2_PLACEMENT_3D('',#10570,#10571,#10572);
#10570 = CARTESIAN_POINT('',(-80.6,22.,1.5));
#10571 = DIRECTION('',(0.707106781187,-0.707106781187,0.));
#10572 = DIRECTION('',(0.707106781187,0.707106781187,0.));
#10573 = ORIENTED_EDGE('',*,*,#10279,.T.);
#10574 = ORIENTED_EDGE('',*,*,#10575,.F.);
#10575 = EDGE_CURVE('',#10560,#10272,#10576,.T.);
#10576 = CIRCLE('',#10577,2.);
#10577 = AXIS2_PLACEMENT_3D('',#10578,#10579,#10580);
#10578 = CARTESIAN_POINT('',(-72.,22.,1.5));
#10579 = DIRECTION('',(1.,0.,-6.123233995737E-17));
#10580 = DIRECTION('',(6.123233995737E-17,0.,1.));
#10581 = CYLINDRICAL_SURFACE('',#10582,2.);
#10582 = AXIS2_PLACEMENT_3D('',#10583,#10584,#10585);
#10583 = CARTESIAN_POINT('',(-85.,22.,1.5));
#10584 = DIRECTION('',(1.,0.,0.));
#10585 = DIRECTION('',(0.,1.,0.));
#10586 = ADVANCED_FACE('',(#10587),#10612,.T.);
#10587 = FACE_BOUND('',#10588,.F.);
#10588 = EDGE_LOOP('',(#10589,#10596,#10597,#10606));
#10589 = ORIENTED_EDGE('',*,*,#10590,.F.);
#10590 = EDGE_CURVE('',#10264,#10398,#10591,.T.);
#10591 = CIRCLE('',#10592,2.);
#10592 = AXIS2_PLACEMENT_3D('',#10593,#10594,#10595);
#10593 = CARTESIAN_POINT('',(-72.,4.,1.5));
#10594 = DIRECTION('',(-0.,1.,0.));
#10595 = DIRECTION('',(1.,0.,0.));
#10596 = ORIENTED_EDGE('',*,*,#10271,.T.);
#10597 = ORIENTED_EDGE('',*,*,#10598,.F.);
#10598 = EDGE_CURVE('',#10599,#10272,#10601,.T.);
#10599 = VERTEX_POINT('',#10600);
#10600 = CARTESIAN_POINT('',(-70.,22.,1.5));
#10601 = CIRCLE('',#10602,2.);
#10602 = AXIS2_PLACEMENT_3D('',#10603,#10604,#10605);
#10603 = CARTESIAN_POINT('',(-72.,22.,1.5));
#10604 = DIRECTION('',(0.,-1.,0.));
#10605 = DIRECTION('',(1.,0.,2.22044604925E-16));
#10606 = ORIENTED_EDGE('',*,*,#10607,.F.);
#10607 = EDGE_CURVE('',#10398,#10599,#10608,.T.);
#10608 = LINE('',#10609,#10610);
#10609 = CARTESIAN_POINT('',(-70.,2.,1.5));
#10610 = VECTOR('',#10611,1.);
#10611 = DIRECTION('',(0.,1.,0.));
#10612 = CYLINDRICAL_SURFACE('',#10613,2.);
#10613 = AXIS2_PLACEMENT_3D('',#10614,#10615,#10616);
#10614 = CARTESIAN_POINT('',(-72.,2.,1.5));
#10615 = DIRECTION('',(0.,1.,0.));
#10616 = DIRECTION('',(1.,0.,0.));
#10617 = ADVANCED_FACE('',(#10618),#10629,.T.);
#10618 = FACE_BOUND('',#10619,.F.);
#10619 = EDGE_LOOP('',(#10620,#10621,#10628));
#10620 = ORIENTED_EDGE('',*,*,#10344,.F.);
#10621 = ORIENTED_EDGE('',*,*,#10622,.T.);
#10622 = EDGE_CURVE('',#10337,#10303,#10623,.T.);
#10623 = CIRCLE('',#10624,2.);
#10624 = AXIS2_PLACEMENT_3D('',#10625,#10626,#10627);
#10625 = CARTESIAN_POINT('',(-83.,110.,1.5));
#10626 = DIRECTION('',(1.,0.,6.123233995737E-17));
#10627 = DIRECTION('',(-6.123233995737E-17,0.,1.));
#10628 = ORIENTED_EDGE('',*,*,#10310,.F.);
#10629 = SPHERICAL_SURFACE('',#10630,2.);
#10630 = AXIS2_PLACEMENT_3D('',#10631,#10632,#10633);
#10631 = CARTESIAN_POINT('',(-83.,110.,1.5));
#10632 = DIRECTION('',(0.,-1.,0.));
#10633 = DIRECTION('',(-1.,0.,2.22044604925E-16));
#10634 = ADVANCED_FACE('',(#10635,#10649),#10674,.F.);
#10635 = FACE_BOUND('',#10636,.F.);
#10636 = EDGE_LOOP('',(#10637));
#10637 = ORIENTED_EDGE('',*,*,#10638,.T.);
#10638 = EDGE_CURVE('',#10639,#10639,#10641,.T.);
#10639 = VERTEX_POINT('',#10640);
#10640 = CARTESIAN_POINT('',(-78.6,112.,0.));
#10641 = ( BOUNDED_CURVE() B_SPLINE_CURVE(6,(#10642,#10643,#10644,#10645
    ,#10646,#10647,#10648),.UNSPECIFIED.,.T.,.F.) 
B_SPLINE_CURVE_WITH_KNOTS((1,6,6,1),(-6.28318530718,0.,6.28318530718,
12.566370614359),.UNSPECIFIED.) CURVE() GEOMETRIC_REPRESENTATION_ITEM() 
RATIONAL_B_SPLINE_CURVE((1.669078461068,1.03672962321,1.038346699848,
    0.853534330196,1.038346699848,1.03672962321,1.669078461068)) 
REPRESENTATION_ITEM('') );
#10642 = CARTESIAN_POINT('',(-78.6,112.,0.));
#10643 = CARTESIAN_POINT('',(-78.6,112.,-5.316937841827));
#10644 = CARTESIAN_POINT('',(-85.17455420975,112.,-6.080359626386));
#10645 = CARTESIAN_POINT('',(-90.59717414722,112.,-1.06581410364E-14));
#10646 = CARTESIAN_POINT('',(-85.17455420975,112.,6.080359626386));
#10647 = CARTESIAN_POINT('',(-78.6,112.,5.316937841827));
#10648 = CARTESIAN_POINT('',(-78.6,112.,0.));
#10649 = FACE_BOUND('',#10650,.F.);
#10650 = EDGE_LOOP('',(#10651,#10652,#10660,#10668));
#10651 = ORIENTED_EDGE('',*,*,#10336,.F.);
#10652 = ORIENTED_EDGE('',*,*,#10653,.T.);
#10653 = EDGE_CURVE('',#10328,#10654,#10656,.T.);
#10654 = VERTEX_POINT('',#10655);
#10655 = CARTESIAN_POINT('',(-80.6,112.,-1.5));
#10656 = LINE('',#10657,#10658);
#10657 = CARTESIAN_POINT('',(-85.,112.,-1.5));
#10658 = VECTOR('',#10659,1.);
#10659 = DIRECTION('',(1.,0.,0.));
#10660 = ORIENTED_EDGE('',*,*,#10661,.T.);
#10661 = EDGE_CURVE('',#10654,#10662,#10664,.T.);
#10662 = VERTEX_POINT('',#10663);
#10663 = CARTESIAN_POINT('',(-80.6,112.,1.5));
#10664 = LINE('',#10665,#10666);
#10665 = CARTESIAN_POINT('',(-80.6,112.,-3.5));
#10666 = VECTOR('',#10667,1.);
#10667 = DIRECTION('',(0.,0.,1.));
#10668 = ORIENTED_EDGE('',*,*,#10669,.F.);
#10669 = EDGE_CURVE('',#10337,#10662,#10670,.T.);
#10670 = LINE('',#10671,#10672);
#10671 = CARTESIAN_POINT('',(-85.,112.,1.5));
#10672 = VECTOR('',#10673,1.);
#10673 = DIRECTION('',(1.,0.,0.));
#10674 = PLANE('',#10675);
#10675 = AXIS2_PLACEMENT_3D('',#10676,#10677,#10678);
#10676 = CARTESIAN_POINT('',(-81.79949304564,112.,-7.308970748473E-15));
#10677 = DIRECTION('',(-8.899287193265E-15,1.,-7.684790931059E-15));
#10678 = DIRECTION('',(1.,8.899287193265E-15,0.));
#10679 = ADVANCED_FACE('',(#10680),#10685,.T.);
#10680 = FACE_BOUND('',#10681,.F.);
#10681 = EDGE_LOOP('',(#10682,#10683,#10684));
#10682 = ORIENTED_EDGE('',*,*,#10485,.F.);
#10683 = ORIENTED_EDGE('',*,*,#10361,.T.);
#10684 = ORIENTED_EDGE('',*,*,#10405,.F.);
#10685 = SPHERICAL_SURFACE('',#10686,2.);
#10686 = AXIS2_PLACEMENT_3D('',#10687,#10688,#10689);
#10687 = CARTESIAN_POINT('',(-72.,4.,-1.5));
#10688 = DIRECTION('',(0.,0.,1.));
#10689 = DIRECTION('',(1.,0.,0.));
#10690 = ADVANCED_FACE('',(#10691),#10696,.T.);
#10691 = FACE_BOUND('',#10692,.T.);
#10692 = EDGE_LOOP('',(#10693,#10694,#10695));
#10693 = ORIENTED_EDGE('',*,*,#10590,.F.);
#10694 = ORIENTED_EDGE('',*,*,#10379,.T.);
#10695 = ORIENTED_EDGE('',*,*,#10413,.F.);
#10696 = SPHERICAL_SURFACE('',#10697,2.);
#10697 = AXIS2_PLACEMENT_3D('',#10698,#10699,#10700);
#10698 = CARTESIAN_POINT('',(-72.,4.,1.5));
#10699 = DIRECTION('',(-0.,-0.,-1.));
#10700 = DIRECTION('',(1.,0.,0.));
#10701 = ADVANCED_FACE('',(#10702),#10713,.T.);
#10702 = FACE_BOUND('',#10703,.T.);
#10703 = EDGE_LOOP('',(#10704,#10705,#10706,#10712));
#10704 = ORIENTED_EDGE('',*,*,#10395,.F.);
#10705 = ORIENTED_EDGE('',*,*,#10502,.T.);
#10706 = ORIENTED_EDGE('',*,*,#10707,.T.);
#10707 = EDGE_CURVE('',#10494,#10599,#10708,.T.);
#10708 = LINE('',#10709,#10710);
#10709 = CARTESIAN_POINT('',(-70.,22.,-3.5));
#10710 = VECTOR('',#10711,1.);
#10711 = DIRECTION('',(0.,0.,1.));
#10712 = ORIENTED_EDGE('',*,*,#10607,.F.);
#10713 = PLANE('',#10714);
#10714 = AXIS2_PLACEMENT_3D('',#10715,#10716,#10717);
#10715 = CARTESIAN_POINT('',(-70.,2.,-3.5));
#10716 = DIRECTION('',(1.,0.,0.));
#10717 = DIRECTION('',(0.,0.,1.));
#10718 = ADVANCED_FACE('',(#10719),#10731,.T.);
#10719 = FACE_BOUND('',#10720,.F.);
#10720 = EDGE_LOOP('',(#10721,#10722,#10723,#10730));
#10721 = ORIENTED_EDGE('',*,*,#10517,.F.);
#10722 = ORIENTED_EDGE('',*,*,#10438,.T.);
#10723 = ORIENTED_EDGE('',*,*,#10724,.T.);
#10724 = EDGE_CURVE('',#10431,#10654,#10725,.T.);
#10725 = CIRCLE('',#10726,2.);
#10726 = AXIS2_PLACEMENT_3D('',#10727,#10728,#10729);
#10727 = CARTESIAN_POINT('',(-80.6,110.,-1.5));
#10728 = DIRECTION('',(1.,-6.123233995737E-17,0.));
#10729 = DIRECTION('',(6.123233995737E-17,1.,0.));
#10730 = ORIENTED_EDGE('',*,*,#10653,.F.);
#10731 = CYLINDRICAL_SURFACE('',#10732,2.);
#10732 = AXIS2_PLACEMENT_3D('',#10733,#10734,#10735);
#10733 = CARTESIAN_POINT('',(-85.,110.,-1.5));
#10734 = DIRECTION('',(1.,0.,0.));
#10735 = DIRECTION('',(0.,1.,0.));
#10736 = ADVANCED_FACE('',(#10737),#10756,.T.);
#10737 = FACE_BOUND('',#10738,.T.);
#10738 = EDGE_LOOP('',(#10739,#10740,#10741,#10750));
#10739 = ORIENTED_EDGE('',*,*,#10452,.F.);
#10740 = ORIENTED_EDGE('',*,*,#10430,.T.);
#10741 = ORIENTED_EDGE('',*,*,#10742,.T.);
#10742 = EDGE_CURVE('',#10431,#10743,#10745,.T.);
#10743 = VERTEX_POINT('',#10744);
#10744 = CARTESIAN_POINT('',(-78.6,110.,-1.5));
#10745 = CIRCLE('',#10746,2.);
#10746 = AXIS2_PLACEMENT_3D('',#10747,#10748,#10749);
#10747 = CARTESIAN_POINT('',(-80.6,110.,-1.5));
#10748 = DIRECTION('',(0.,-1.,0.));
#10749 = DIRECTION('',(1.,0.,0.));
#10750 = ORIENTED_EDGE('',*,*,#10751,.F.);
#10751 = EDGE_CURVE('',#10453,#10743,#10752,.T.);
#10752 = LINE('',#10753,#10754);
#10753 = CARTESIAN_POINT('',(-78.6,20.,-1.5));
#10754 = VECTOR('',#10755,1.);
#10755 = DIRECTION('',(0.,1.,0.));
#10756 = CYLINDRICAL_SURFACE('',#10757,2.);
#10757 = AXIS2_PLACEMENT_3D('',#10758,#10759,#10760);
#10758 = CARTESIAN_POINT('',(-80.6,20.,-1.5));
#10759 = DIRECTION('',(0.,1.,0.));
#10760 = DIRECTION('',(1.,0.,0.));
#10761 = ADVANCED_FACE('',(#10762),#10778,.T.);
#10762 = FACE_BOUND('',#10763,.T.);
#10763 = EDGE_LOOP('',(#10764,#10765,#10771,#10772));
#10764 = ORIENTED_EDGE('',*,*,#10471,.F.);
#10765 = ORIENTED_EDGE('',*,*,#10766,.F.);
#10766 = EDGE_CURVE('',#10558,#10453,#10767,.T.);
#10767 = LINE('',#10768,#10769);
#10768 = CARTESIAN_POINT('',(-78.6,24.,-3.5));
#10769 = VECTOR('',#10770,1.);
#10770 = DIRECTION('',(0.,0.,-1.));
#10771 = ORIENTED_EDGE('',*,*,#10557,.T.);
#10772 = ORIENTED_EDGE('',*,*,#10773,.F.);
#10773 = EDGE_CURVE('',#10463,#10560,#10774,.T.);
#10774 = LINE('',#10775,#10776);
#10775 = CARTESIAN_POINT('',(-72.,24.,-3.5));
#10776 = VECTOR('',#10777,1.);
#10777 = DIRECTION('',(0.,0.,1.));
#10778 = PLANE('',#10779);
#10779 = AXIS2_PLACEMENT_3D('',#10780,#10781,#10782);
#10780 = CARTESIAN_POINT('',(-85.,24.,-3.5));
#10781 = DIRECTION('',(0.,1.,0.));
#10782 = DIRECTION('',(0.,0.,1.));
#10783 = ADVANCED_FACE('',(#10784),#10795,.T.);
#10784 = FACE_BOUND('',#10785,.T.);
#10785 = EDGE_LOOP('',(#10786,#10787,#10788));
#10786 = ORIENTED_EDGE('',*,*,#10493,.F.);
#10787 = ORIENTED_EDGE('',*,*,#10462,.T.);
#10788 = ORIENTED_EDGE('',*,*,#10789,.F.);
#10789 = EDGE_CURVE('',#10494,#10463,#10790,.T.);
#10790 = CIRCLE('',#10791,2.);
#10791 = AXIS2_PLACEMENT_3D('',#10792,#10793,#10794);
#10792 = CARTESIAN_POINT('',(-72.,22.,-1.5));
#10793 = DIRECTION('',(0.,0.,1.));
#10794 = DIRECTION('',(1.,0.,0.));
#10795 = SPHERICAL_SURFACE('',#10796,2.);
#10796 = AXIS2_PLACEMENT_3D('',#10797,#10798,#10799);
#10797 = CARTESIAN_POINT('',(-72.,22.,-1.5));
#10798 = DIRECTION('',(0.,0.,1.));
#10799 = DIRECTION('',(1.,0.,0.));
#10800 = ADVANCED_FACE('',(#10801),#10813,.T.);
#10801 = FACE_BOUND('',#10802,.T.);
#10802 = EDGE_LOOP('',(#10803,#10804,#10805,#10812));
#10803 = ORIENTED_EDGE('',*,*,#10622,.T.);
#10804 = ORIENTED_EDGE('',*,*,#10543,.T.);
#10805 = ORIENTED_EDGE('',*,*,#10806,.F.);
#10806 = EDGE_CURVE('',#10662,#10536,#10807,.T.);
#10807 = CIRCLE('',#10808,2.);
#10808 = AXIS2_PLACEMENT_3D('',#10809,#10810,#10811);
#10809 = CARTESIAN_POINT('',(-80.6,110.,1.5));
#10810 = DIRECTION('',(1.,0.,-6.123233995737E-17));
#10811 = DIRECTION('',(6.123233995737E-17,0.,1.));
#10812 = ORIENTED_EDGE('',*,*,#10669,.F.);
#10813 = CYLINDRICAL_SURFACE('',#10814,2.);
#10814 = AXIS2_PLACEMENT_3D('',#10815,#10816,#10817);
#10815 = CARTESIAN_POINT('',(-85.,110.,1.5));
#10816 = DIRECTION('',(1.,0.,0.));
#10817 = DIRECTION('',(0.,1.,0.));
#10818 = ADVANCED_FACE('',(#10819),#10838,.T.);
#10819 = FACE_BOUND('',#10820,.F.);
#10820 = EDGE_LOOP('',(#10821,#10822,#10823,#10832));
#10821 = ORIENTED_EDGE('',*,*,#10567,.T.);
#10822 = ORIENTED_EDGE('',*,*,#10535,.T.);
#10823 = ORIENTED_EDGE('',*,*,#10824,.F.);
#10824 = EDGE_CURVE('',#10825,#10536,#10827,.T.);
#10825 = VERTEX_POINT('',#10826);
#10826 = CARTESIAN_POINT('',(-78.6,110.,1.5));
#10827 = CIRCLE('',#10828,2.);
#10828 = AXIS2_PLACEMENT_3D('',#10829,#10830,#10831);
#10829 = CARTESIAN_POINT('',(-80.6,110.,1.5));
#10830 = DIRECTION('',(0.,-1.,0.));
#10831 = DIRECTION('',(1.,0.,2.22044604925E-16));
#10832 = ORIENTED_EDGE('',*,*,#10833,.F.);
#10833 = EDGE_CURVE('',#10558,#10825,#10834,.T.);
#10834 = LINE('',#10835,#10836);
#10835 = CARTESIAN_POINT('',(-78.6,20.,1.5));
#10836 = VECTOR('',#10837,1.);
#10837 = DIRECTION('',(0.,1.,0.));
#10838 = CYLINDRICAL_SURFACE('',#10839,2.);
#10839 = AXIS2_PLACEMENT_3D('',#10840,#10841,#10842);
#10840 = CARTESIAN_POINT('',(-80.6,20.,1.5));
#10841 = DIRECTION('',(0.,1.,0.));
#10842 = DIRECTION('',(1.,0.,0.));
#10843 = ADVANCED_FACE('',(#10844),#10855,.T.);
#10844 = FACE_BOUND('',#10845,.T.);
#10845 = EDGE_LOOP('',(#10846,#10853,#10854));
#10846 = ORIENTED_EDGE('',*,*,#10847,.F.);
#10847 = EDGE_CURVE('',#10560,#10599,#10848,.T.);
#10848 = CIRCLE('',#10849,2.);
#10849 = AXIS2_PLACEMENT_3D('',#10850,#10851,#10852);
#10850 = CARTESIAN_POINT('',(-72.,22.,1.5));
#10851 = DIRECTION('',(2.22044604925E-16,0.,-1.));
#10852 = DIRECTION('',(1.,0.,2.22044604925E-16));
#10853 = ORIENTED_EDGE('',*,*,#10575,.T.);
#10854 = ORIENTED_EDGE('',*,*,#10598,.F.);
#10855 = SPHERICAL_SURFACE('',#10856,2.);
#10856 = AXIS2_PLACEMENT_3D('',#10857,#10858,#10859);
#10857 = CARTESIAN_POINT('',(-72.,22.,1.5));
#10858 = DIRECTION('',(0.,-1.,0.));
#10859 = DIRECTION('',(1.,0.,2.22044604925E-16));
#10860 = ADVANCED_FACE('',(#10861),#10906,.T.);
#10861 = FACE_BOUND('',#10862,.T.);
#10862 = EDGE_LOOP('',(#10863,#10894,#10904,#10905));
#10863 = ORIENTED_EDGE('',*,*,#10864,.T.);
#10864 = EDGE_CURVE('',#10639,#10865,#10867,.T.);
#10865 = VERTEX_POINT('',#10866);
#10866 = CARTESIAN_POINT('',(-78.6,153.,-27.));
#10867 = ( BOUNDED_CURVE() B_SPLINE_CURVE(7,(#10868,#10869,#10870,#10871
    ,#10872,#10873,#10874,#10875,#10876,#10877,#10878,#10879,#10880,
    #10881,#10882,#10883,#10884,#10885,#10886,#10887,#10888,#10889,
    #10890,#10891,#10892,#10893),.UNSPECIFIED.,.F.,.F.) 
B_SPLINE_CURVE_WITH_KNOTS((8,6,6,6,8),(0.,14.035668847618,
27.964057124802,41.417681171876,54.06679181255),.UNSPECIFIED.) CURVE() 
GEOMETRIC_REPRESENTATION_ITEM() RATIONAL_B_SPLINE_CURVE((1.669078461068,
    1.669078461068,1.669078461068,1.669078461068,1.669078461068,
    1.669078461068,1.669078461068,1.669078461068,1.669078461068,
    1.669078461068,1.669078461068,1.669078461068,1.669078461068,
    1.669078461068,1.669078461068,1.669078461068,1.669078461068,
    1.669078461068,1.669078461068,1.669078461068,1.669078461068,
    1.669078461068,1.669078461068,1.669078461068,1.669078461068,
1.669078461068)) REPRESENTATION_ITEM('') );
#10868 = CARTESIAN_POINT('',(-78.6,112.,0.));
#10869 = CARTESIAN_POINT('',(-78.6,113.97620428345,0.127116243434));
#10870 = CARTESIAN_POINT('',(-78.6,115.97705135603,0.166891504796));
#10871 = CARTESIAN_POINT('',(-78.6,117.99251468756,0.117735696071));
#10872 = CARTESIAN_POINT('',(-78.6,120.01256774789,-2.194127075534E-02)
  );
#10873 = CARTESIAN_POINT('',(-78.6,122.02718400685,-0.253729483699));
#10874 = CARTESIAN_POINT('',(-78.6,124.02633693427,-0.579219030776));
#10875 = CARTESIAN_POINT('',(-78.6,127.95857752175,-1.417564761796));
#10876 = CARTESIAN_POINT('',(-78.6,129.89205335229,-1.928969807331));
#10877 = CARTESIAN_POINT('',(-78.6,131.79520157343,-2.537255156861));
#10878 = CARTESIAN_POINT('',(-78.6,133.66279626695,-3.245460830638));
#10879 = CARTESIAN_POINT('',(-78.6,135.48961151469,-4.056626848917));
#10880 = CARTESIAN_POINT('',(-78.6,137.27042139843,-4.973793231953));
#10881 = CARTESIAN_POINT('',(-78.6,140.67062403791,-6.991227396675));
#10882 = CARTESIAN_POINT('',(-78.6,142.29344981771,-8.084188348437));
#10883 = CARTESIAN_POINT('',(-78.6,143.84874577239,-9.276740100042));
#10884 = CARTESIAN_POINT('',(-78.6,145.31678033495,-10.56673989624));
#10885 = CARTESIAN_POINT('',(-78.6,146.67782193841,-11.9520449818));
#10886 = CARTESIAN_POINT('',(-78.6,147.91213901576,-13.43051260146));
#10887 = CARTESIAN_POINT('',(-78.6,150.02280797376,-16.47563360502));
#10888 = CARTESIAN_POINT('',(-78.6,150.91615199781,-18.03172668306));
#10889 = CARTESIAN_POINT('',(-78.6,151.66743456152,-19.66773397218));
#10890 = CARTESIAN_POINT('',(-78.6,152.26405815423,-21.38311021039));
#10891 = CARTESIAN_POINT('',(-78.6,152.69342526531,-23.17731013574));
#10892 = CARTESIAN_POINT('',(-78.6,152.94293838411,-25.04978848627));
#10893 = CARTESIAN_POINT('',(-78.6,153.,-27.));
#10894 = ORIENTED_EDGE('',*,*,#10895,.F.);
#10895 = EDGE_CURVE('',#10865,#10865,#10896,.T.);
#10896 = ( BOUNDED_CURVE() B_SPLINE_CURVE(6,(#10897,#10898,#10899,#10900
    ,#10901,#10902,#10903),.UNSPECIFIED.,.T.,.F.) 
B_SPLINE_CURVE_WITH_KNOTS((1,6,6,1),(-6.28318530718,0.,6.28318530718,
12.566370614359),.UNSPECIFIED.) CURVE() GEOMETRIC_REPRESENTATION_ITEM() 
RATIONAL_B_SPLINE_CURVE((1.669078461068,1.03672962321,1.038346699848,
    0.853534330196,1.038346699848,1.03672962321,1.669078461068)) 
REPRESENTATION_ITEM('') );
#10897 = CARTESIAN_POINT('',(-78.6,153.,-27.));
#10898 = CARTESIAN_POINT('',(-78.6,147.68631549097,-26.81402970008));
#10899 = CARTESIAN_POINT('',(-85.17455420975,146.92336082964,
    -26.78732753006));
#10900 = CARTESIAN_POINT('',(-90.59717414722,153.,-27.));
#10901 = CARTESIAN_POINT('',(-85.17455420975,159.07663917035,
    -27.21267246993));
#10902 = CARTESIAN_POINT('',(-78.6,158.31368450902,-27.18597029991));
#10903 = CARTESIAN_POINT('',(-78.6,153.,-27.));
#10904 = ORIENTED_EDGE('',*,*,#10864,.F.);
#10905 = ORIENTED_EDGE('',*,*,#10638,.T.);
#10906 = ( BOUNDED_SURFACE() B_SPLINE_SURFACE(6,7,(
    (#10907,#10908,#10909,#10910,#10911,#10912,#10913,#10914,#10915
      ,#10916,#10917,#10918,#10919,#10920,#10921,#10922,#10923,#10924
      ,#10925,#10926,#10927,#10928,#10929,#10930,#10931,#10932)
    ,(#10933,#10934,#10935,#10936,#10937,#10938,#10939,#10940,#10941
      ,#10942,#10943,#10944,#10945,#10946,#10947,#10948,#10949,#10950
      ,#10951,#10952,#10953,#10954,#10955,#10956,#10957,#10958)
    ,(#10959,#10960,#10961,#10962,#10963,#10964,#10965,#10966,#10967
      ,#10968,#10969,#10970,#10971,#10972,#10973,#10974,#10975,#10976
      ,#10977,#10978,#10979,#10980,#10981,#10982,#10983,#10984)
    ,(#10985,#10986,#10987,#10988,#10989,#10990,#10991,#10992,#10993
      ,#10994,#10995,#10996,#10997,#10998,#10999,#11000,#11001,#11002
      ,#11003,#11004,#11005,#11006,#11007,#11008,#11009,#11010)
    ,(#11011,#11012,#11013,#11014,#11015,#11016,#11017,#11018,#11019
      ,#11020,#11021,#11022,#11023,#11024,#11025,#11026,#11027,#11028
      ,#11029,#11030,#11031,#11032,#11033,#11034,#11035,#11036)
    ,(#11037,#11038,#11039,#11040,#11041,#11042,#11043,#11044,#11045
      ,#11046,#11047,#11048,#11049,#11050,#11051,#11052,#11053,#11054
      ,#11055,#11056,#11057,#11058,#11059,#11060,#11061,#11062)
    ,(#11063,#11064,#11065,#11066,#11067,#11068,#11069,#11070,#11071
      ,#11072,#11073,#11074,#11075,#11076,#11077,#11078,#11079,#11080
      ,#11081,#11082,#11083,#11084,#11085,#11086,#11087,#11088
)),.UNSPECIFIED.,.T.,.F.,.F.) B_SPLINE_SURFACE_WITH_KNOTS((1,6,6,1),(8,6
    ,6,6,8),(-6.28318530718,0.,6.28318530718,12.566370614359),(0.,
    14.035668847618,27.964057124802,41.417681171876,54.06679181255),
.UNSPECIFIED.) GEOMETRIC_REPRESENTATION_ITEM() RATIONAL_B_SPLINE_SURFACE
((
    (1.669078461068,1.669078461068,1.669078461068,1.669078461068
      ,1.669078461068,1.669078461068,1.669078461068,1.669078461068
      ,1.669078461068,1.669078461068,1.669078461068,1.669078461068
      ,1.669078461068,1.669078461068,1.669078461068,1.669078461068
      ,1.669078461068,1.669078461068,1.669078461068,1.669078461068
      ,1.669078461068,1.669078461068,1.669078461068,1.669078461068
      ,1.669078461068,1.669078461068)
    ,(1.03672962321,1.03672962321,1.03672962321,1.03672962321
      ,1.03672962321,1.03672962321,1.03672962321,1.03672962321
      ,1.03672962321,1.03672962321,1.03672962321,1.03672962321
      ,1.03672962321,1.03672962321,1.03672962321,1.03672962321
      ,1.03672962321,1.03672962321,1.03672962321,1.03672962321
      ,1.03672962321,1.03672962321,1.03672962321,1.03672962321
      ,1.03672962321,1.03672962321)
    ,(1.038346699848,1.038346699848,1.038346699848,1.038346699847
      ,1.038346699848,1.038346699848,1.038346699848,1.038346699848
      ,1.038346699847,1.038346699848,1.038346699847,1.038346699848
      ,1.038346699848,1.038346699848,1.038346699847,1.038346699848
      ,1.038346699847,1.038346699848,1.038346699848,1.038346699848
      ,1.038346699847,1.038346699848,1.038346699847,1.038346699848
      ,1.038346699847,1.038346699848)
    ,(0.853534330196,0.853534330196,0.853534330196,0.853534330196
      ,0.853534330196,0.853534330196,0.853534330196,0.853534330196
      ,0.853534330196,0.853534330196,0.853534330196,0.853534330196
      ,0.853534330196,0.853534330196,0.853534330196,0.853534330196
      ,0.853534330196,0.853534330196,0.853534330196,0.853534330196
      ,0.853534330196,0.853534330196,0.853534330196,0.853534330196
      ,0.853534330196,0.853534330196)
    ,(1.038346699848,1.038346699848,1.038346699848,1.038346699848
      ,1.038346699848,1.038346699848,1.038346699848,1.038346699848
      ,1.038346699847,1.038346699848,1.038346699847,1.038346699848
      ,1.038346699848,1.038346699848,1.038346699847,1.038346699848
      ,1.038346699847,1.038346699848,1.038346699848,1.038346699848
      ,1.038346699847,1.038346699848,1.038346699847,1.038346699848
      ,1.038346699847,1.038346699848)
    ,(1.03672962321,1.03672962321,1.03672962321,1.03672962321
      ,1.03672962321,1.03672962321,1.03672962321,1.03672962321
      ,1.03672962321,1.03672962321,1.03672962321,1.03672962321
      ,1.03672962321,1.03672962321,1.03672962321,1.03672962321
      ,1.03672962321,1.03672962321,1.03672962321,1.03672962321
      ,1.03672962321,1.03672962321,1.03672962321,1.03672962321
      ,1.03672962321,1.03672962321)
    ,(1.669078461068,1.669078461068,1.669078461068,1.669078461068
      ,1.669078461068,1.669078461068,1.669078461068,1.669078461068
      ,1.669078461068,1.669078461068,1.669078461068,1.669078461068
      ,1.669078461068,1.669078461068,1.669078461068,1.669078461068
      ,1.669078461068,1.669078461068,1.669078461068,1.669078461068
      ,1.669078461068,1.669078461068,1.669078461068,1.669078461068
,1.669078461068,1.669078461068))) REPRESENTATION_ITEM('') SURFACE() );
#10907 = CARTESIAN_POINT('',(-78.6,112.,0.));
#10908 = CARTESIAN_POINT('',(-78.6,113.97620428345,0.127116243434));
#10909 = CARTESIAN_POINT('',(-78.6,115.97705135603,0.166891504796));
#10910 = CARTESIAN_POINT('',(-78.6,117.99251468756,0.117735696071));
#10911 = CARTESIAN_POINT('',(-78.6,120.01256774789,-2.194127075534E-02)
  );
#10912 = CARTESIAN_POINT('',(-78.6,122.02718400685,-0.253729483699));
#10913 = CARTESIAN_POINT('',(-78.6,124.02633693427,-0.579219030776));
#10914 = CARTESIAN_POINT('',(-78.6,127.95857752175,-1.417564761796));
#10915 = CARTESIAN_POINT('',(-78.6,129.89205335229,-1.928969807331));
#10916 = CARTESIAN_POINT('',(-78.6,131.79520157343,-2.537255156861));
#10917 = CARTESIAN_POINT('',(-78.6,133.66279626695,-3.245460830638));
#10918 = CARTESIAN_POINT('',(-78.6,135.48961151469,-4.056626848917));
#10919 = CARTESIAN_POINT('',(-78.6,137.27042139843,-4.973793231953));
#10920 = CARTESIAN_POINT('',(-78.6,140.67062403791,-6.991227396675));
#10921 = CARTESIAN_POINT('',(-78.6,142.29344981771,-8.084188348437));
#10922 = CARTESIAN_POINT('',(-78.6,143.84874577239,-9.276740100042));
#10923 = CARTESIAN_POINT('',(-78.6,145.31678033495,-10.56673989624));
#10924 = CARTESIAN_POINT('',(-78.6,146.67782193841,-11.9520449818));
#10925 = CARTESIAN_POINT('',(-78.6,147.91213901576,-13.43051260146));
#10926 = CARTESIAN_POINT('',(-78.6,150.02280797376,-16.47563360502));
#10927 = CARTESIAN_POINT('',(-78.6,150.91615199781,-18.03172668306));
#10928 = CARTESIAN_POINT('',(-78.6,151.66743456152,-19.66773397218));
#10929 = CARTESIAN_POINT('',(-78.6,152.26405815423,-21.38311021039));
#10930 = CARTESIAN_POINT('',(-78.6,152.69342526531,-23.17731013574));
#10931 = CARTESIAN_POINT('',(-78.6,152.94293838411,-25.04978848627));
#10932 = CARTESIAN_POINT('',(-78.6,153.,-27.));
#10933 = CARTESIAN_POINT('',(-78.6,112.,-5.316937841827));
#10934 = CARTESIAN_POINT('',(-78.6,113.77197454996,-5.189821598394));
#10935 = CARTESIAN_POINT('',(-78.6,115.57069901175,-5.140894186647));
#10936 = CARTESIAN_POINT('',(-78.6,117.38444018228,-5.172070682783));
#10937 = CARTESIAN_POINT('',(-78.6,119.20156415613,-5.284748200169));
#10938 = CARTESIAN_POINT('',(-78.6,121.01060594444,-5.479815079239));
#10939 = CARTESIAN_POINT('',(-78.6,122.80033909384,-5.757660077383));
#10940 = CARTESIAN_POINT('',(-78.6,126.30590286454,-6.475947421704));
#10941 = CARTESIAN_POINT('',(-78.6,128.02128094558,-6.91487387756));
#10942 = CARTESIAN_POINT('',(-78.6,129.70141818643,-7.436622843905));
#10943 = CARTESIAN_POINT('',(-78.6,131.34236673664,-8.04279040204));
#10944 = CARTESIAN_POINT('',(-78.6,132.94075391187,-8.735205805297));
#10945 = CARTESIAN_POINT('',(-78.6,134.49374384854,-9.516230487243));
#10946 = CARTESIAN_POINT('',(-78.6,137.45294620752,-11.23213241124));
#10947 = CARTESIAN_POINT('',(-78.6,138.85676304205,-12.15703289859));
#10948 = CARTESIAN_POINT('',(-78.6,140.1890986735,-13.15705919178));
#10949 = CARTESIAN_POINT('',(-78.6,141.42973786665,-14.22474985736));
#10950 = CARTESIAN_POINT('',(-78.6,142.56094693254,-15.35058475585));
#10951 = CARTESIAN_POINT('',(-78.6,143.56883432604,-16.52477443446));
#10952 = CARTESIAN_POINT('',(-78.6,145.26824031179,-18.88669962661));
#10953 = CARTESIAN_POINT('',(-78.6,145.97771403118,-20.07381309046));
#10954 = CARTESIAN_POINT('',(-78.6,146.56940743781,-21.3031824563));
#10955 = CARTESIAN_POINT('',(-78.6,147.04145686264,-22.5781250385));
#10956 = CARTESIAN_POINT('',(-78.6,147.39294741231,-23.91079092871));
#10957 = CARTESIAN_POINT('',(-78.6,147.61335130959,-25.31819835332));
#10958 = CARTESIAN_POINT('',(-78.6,147.68631549097,-26.81402970008));
#10959 = CARTESIAN_POINT('',(-85.17455420975,112.,-6.080359626386));
#10960 = CARTESIAN_POINT('',(-85.17455420975,113.74265063604,
    -5.953243382952));
#10961 = CARTESIAN_POINT('',(-85.17455420975,115.51235373087,
    -5.903001878172));
#10962 = CARTESIAN_POINT('',(-85.17455420975,117.29713103221,
    -5.931596851012));
#10963 = CARTESIAN_POINT('',(-85.17455420975,119.08511784291,
    -6.040397706965));
#10964 = CARTESIAN_POINT('',(-85.17455420975,120.86464263593,
    -6.230192027455));
#10965 = CARTESIAN_POINT('',(-85.17455420975,122.62430666934,
    -6.50119607924));
#10966 = CARTESIAN_POINT('',(-85.17455420975,126.06860691081,
    -7.202245082517));
#10967 = CARTESIAN_POINT('',(-85.17455420975,127.75266986685,
    -7.630764846416));
#10968 = CARTESIAN_POINT('',(-85.17455420975,129.40078652638,
    -8.140088660907));
#10969 = CARTESIAN_POINT('',(-85.17455420975,131.00919254772,
    -8.731605282234));
#10970 = CARTESIAN_POINT('',(-85.17455420975,132.57478133938,
    -9.406970118203));
#10971 = CARTESIAN_POINT('',(-85.17455420975,134.09506020895,
    -10.16844716888));
#10972 = CARTESIAN_POINT('',(-85.17455420975,136.99094243307,
    -11.84105419492));
#10973 = CARTESIAN_POINT('',(-85.17455420975,138.3633133104,
    -12.74182405982));
#10974 = CARTESIAN_POINT('',(-85.17455420975,139.66363563402,
    -13.7142069738));
#10975 = CARTESIAN_POINT('',(-85.17455420975,140.87162472218,
    -14.74997783171));
#10976 = CARTESIAN_POINT('',(-85.17455420975,141.96983374723,
    -15.8385572273));
#10977 = CARTESIAN_POINT('',(-85.17455420975,142.94520969176,
    -16.9690577721));
#10978 = CARTESIAN_POINT('',(-85.17455420975,144.58556531402,
    -19.23288767313));
#10979 = CARTESIAN_POINT('',(-85.17455420975,145.26863838697,
    -20.36702194408));
#10980 = CARTESIAN_POINT('',(-85.17455420975,145.8374175067,
    -21.53800502475));
#10981 = CARTESIAN_POINT('',(-85.17455420975,146.29158020117,
    -22.74970882973));
#10982 = CARTESIAN_POINT('',(-85.17455420975,146.63188900201,
    -24.0161062874));
#10983 = CARTESIAN_POINT('',(-85.17455420975,146.8481133105,
    -25.35673744213));
#10984 = CARTESIAN_POINT('',(-85.17455420975,146.92336082964,
    -26.78732753006));
#10985 = CARTESIAN_POINT('',(-90.59717414722,112.,-1.06581410364E-14));
#10986 = CARTESIAN_POINT('',(-90.59717414722,113.97620428345,
    0.127116243434));
#10987 = CARTESIAN_POINT('',(-90.59717414722,115.97705135603,
    0.166891504796));
#10988 = CARTESIAN_POINT('',(-90.59717414722,117.99251468756,
    0.117735696071));
#10989 = CARTESIAN_POINT('',(-90.59717414722,120.01256774789,
    -2.194127075536E-02));
#10990 = CARTESIAN_POINT('',(-90.59717414722,122.02718400685,
    -0.253729483699));
#10991 = CARTESIAN_POINT('',(-90.59717414722,124.02633693427,
    -0.579219030776));
#10992 = CARTESIAN_POINT('',(-90.59717414722,127.95857752175,
    -1.417564761796));
#10993 = CARTESIAN_POINT('',(-90.59717414722,129.89205335229,
    -1.928969807331));
#10994 = CARTESIAN_POINT('',(-90.59717414722,131.79520157343,
    -2.537255156861));
#10995 = CARTESIAN_POINT('',(-90.59717414722,133.66279626695,
    -3.245460830638));
#10996 = CARTESIAN_POINT('',(-90.59717414722,135.48961151469,
    -4.056626848917));
#10997 = CARTESIAN_POINT('',(-90.59717414722,137.27042139843,
    -4.973793231953));
#10998 = CARTESIAN_POINT('',(-90.59717414722,140.67062403791,
    -6.991227396675));
#10999 = CARTESIAN_POINT('',(-90.59717414722,142.29344981771,
    -8.084188348437));
#11000 = CARTESIAN_POINT('',(-90.59717414722,143.84874577239,
    -9.276740100042));
#11001 = CARTESIAN_POINT('',(-90.59717414722,145.31678033495,
    -10.56673989624));
#11002 = CARTESIAN_POINT('',(-90.59717414722,146.67782193841,
    -11.9520449818));
#11003 = CARTESIAN_POINT('',(-90.59717414722,147.91213901576,
    -13.43051260146));
#11004 = CARTESIAN_POINT('',(-90.59717414722,150.02280797376,
    -16.47563360502));
#11005 = CARTESIAN_POINT('',(-90.59717414722,150.91615199781,
    -18.03172668306));
#11006 = CARTESIAN_POINT('',(-90.59717414722,151.66743456151,
    -19.66773397218));
#11007 = CARTESIAN_POINT('',(-90.59717414722,152.26405815423,
    -21.38311021039));
#11008 = CARTESIAN_POINT('',(-90.59717414722,152.69342526531,
    -23.17731013574));
#11009 = CARTESIAN_POINT('',(-90.59717414722,152.94293838411,
    -25.04978848627));
#11010 = CARTESIAN_POINT('',(-90.59717414722,153.,-27.));
#11011 = CARTESIAN_POINT('',(-85.17455420975,112.,6.080359626386));
#11012 = CARTESIAN_POINT('',(-85.17455420975,114.20975793086,
    6.20747586982));
#11013 = CARTESIAN_POINT('',(-85.17455420975,116.44174898118,
    6.236784887764));
#11014 = CARTESIAN_POINT('',(-85.17455420975,118.68789834291,
    6.167068243154));
#11015 = CARTESIAN_POINT('',(-85.17455420975,120.94001765286,
    5.996515165454));
#11016 = CARTESIAN_POINT('',(-85.17455420975,123.18972537776,
    5.722733060056));
#11017 = CARTESIAN_POINT('',(-85.17455420975,125.4283671992,
    5.342758017688));
#11018 = CARTESIAN_POINT('',(-85.17455420975,129.8485481327,
    4.367115558925));
#11019 = CARTESIAN_POINT('',(-85.17455420975,132.03143683774,
    3.772825231753));
#11020 = CARTESIAN_POINT('',(-85.17455420975,134.18961662047,
    3.065578347186));
#11021 = CARTESIAN_POINT('',(-85.17455420975,136.31639998619,
    2.240683620959));
#11022 = CARTESIAN_POINT('',(-85.17455420975,138.40444169,1.293716420369
    ));
#11023 = CARTESIAN_POINT('',(-85.17455420975,140.44578258792,
    0.220860704976));
#11024 = CARTESIAN_POINT('',(-85.17455420975,144.35030564275,
    -2.14140059842));
#11025 = CARTESIAN_POINT('',(-85.17455420975,146.22358632501,
    -3.426552637051));
#11026 = CARTESIAN_POINT('',(-85.17455420975,148.03385591076,
    -4.839273226281));
#11027 = CARTESIAN_POINT('',(-85.17455420975,149.76193594772,
    -6.383501960771));
#11028 = CARTESIAN_POINT('',(-85.17455420975,151.38581012959,
    -8.065532736303));
#11029 = CARTESIAN_POINT('',(-85.17455420975,152.87906833975,
    -9.891967430829));
#11030 = CARTESIAN_POINT('',(-85.17455420975,155.46005063349,
    -13.7183795369));
#11031 = CARTESIAN_POINT('',(-85.17455420975,156.56366560866,
    -15.69643142205));
#11032 = CARTESIAN_POINT('',(-85.17455420975,157.49745161633,
    -17.79746291961));
#11033 = CARTESIAN_POINT('',(-85.17455420975,158.23653610728,
    -20.01651159106));
#11034 = CARTESIAN_POINT('',(-85.17455420975,158.7549615286,
    -22.33851398409));
#11035 = CARTESIAN_POINT('',(-85.17455420975,159.03776345772,
    -24.7428395304));
#11036 = CARTESIAN_POINT('',(-85.17455420975,159.07663917035,
    -27.21267246993));
#11037 = CARTESIAN_POINT('',(-78.6,112.,5.316937841827));
#11038 = CARTESIAN_POINT('',(-78.6,114.18043401694,5.444054085261));
#11039 = CARTESIAN_POINT('',(-78.6,116.3834037003,5.474677196239));
#11040 = CARTESIAN_POINT('',(-78.6,118.60058919284,5.407542074926));
#11041 = CARTESIAN_POINT('',(-78.6,120.82357133964,5.240865658659));
#11042 = CARTESIAN_POINT('',(-78.6,123.04376206925,4.972356111841));
#11043 = CARTESIAN_POINT('',(-78.6,125.2523347747,4.599222015832));
#11044 = CARTESIAN_POINT('',(-78.6,129.61125217897,3.640817898112));
#11045 = CARTESIAN_POINT('',(-78.6,131.76282575901,3.056934262898));
#11046 = CARTESIAN_POINT('',(-78.6,133.88898496042,2.362112530184));
#11047 = CARTESIAN_POINT('',(-78.6,135.98322579727,1.551868740765));
#11048 = CARTESIAN_POINT('',(-78.6,138.03846911751,0.621952107463));
#11049 = CARTESIAN_POINT('',(-78.6,140.04709894832,-0.431355976663));
#11050 = CARTESIAN_POINT('',(-78.6,143.8883018683,-2.750322382101));
#11051 = CARTESIAN_POINT('',(-78.6,145.73013659336,-4.011343798281));
#11052 = CARTESIAN_POINT('',(-78.6,147.50839287128,-5.396421008295));
#11053 = CARTESIAN_POINT('',(-78.6,149.20382280326,-6.908729935129));
#11054 = CARTESIAN_POINT('',(-78.6,150.79469694428,-8.553505207749));
#11055 = CARTESIAN_POINT('',(-78.6,152.25544370547,-10.33625076847));
#11056 = CARTESIAN_POINT('',(-78.6,154.77737563572,-14.06456758342));
#11057 = CARTESIAN_POINT('',(-78.6,155.85458996445,-15.98964027567));
#11058 = CARTESIAN_POINT('',(-78.6,156.76546168522,-18.03228548806));
#11059 = CARTESIAN_POINT('',(-78.6,157.48665944581,-20.18809538229));
#11060 = CARTESIAN_POINT('',(-78.6,157.99390311831,-22.44382934277));
#11061 = CARTESIAN_POINT('',(-78.6,158.27252545863,-24.78137861921));
#11062 = CARTESIAN_POINT('',(-78.6,158.31368450902,-27.18597029991));
#11063 = CARTESIAN_POINT('',(-78.6,112.,0.));
#11064 = CARTESIAN_POINT('',(-78.6,113.97620428345,0.127116243434));
#11065 = CARTESIAN_POINT('',(-78.6,115.97705135603,0.166891504796));
#11066 = CARTESIAN_POINT('',(-78.6,117.99251468756,0.117735696071));
#11067 = CARTESIAN_POINT('',(-78.6,120.01256774789,-2.194127075534E-02)
  );
#11068 = CARTESIAN_POINT('',(-78.6,122.02718400685,-0.253729483699));
#11069 = CARTESIAN_POINT('',(-78.6,124.02633693427,-0.579219030776));
#11070 = CARTESIAN_POINT('',(-78.6,127.95857752175,-1.417564761796));
#11071 = CARTESIAN_POINT('',(-78.6,129.89205335229,-1.928969807331));
#11072 = CARTESIAN_POINT('',(-78.6,131.79520157343,-2.537255156861));
#11073 = CARTESIAN_POINT('',(-78.6,133.66279626695,-3.245460830638));
#11074 = CARTESIAN_POINT('',(-78.6,135.48961151469,-4.056626848917));
#11075 = CARTESIAN_POINT('',(-78.6,137.27042139843,-4.973793231953));
#11076 = CARTESIAN_POINT('',(-78.6,140.67062403791,-6.991227396675));
#11077 = CARTESIAN_POINT('',(-78.6,142.29344981771,-8.084188348437));
#11078 = CARTESIAN_POINT('',(-78.6,143.84874577239,-9.276740100042));
#11079 = CARTESIAN_POINT('',(-78.6,145.31678033495,-10.56673989624));
#11080 = CARTESIAN_POINT('',(-78.6,146.67782193841,-11.9520449818));
#11081 = CARTESIAN_POINT('',(-78.6,147.91213901576,-13.43051260146));
#11082 = CARTESIAN_POINT('',(-78.6,150.02280797376,-16.47563360502));
#11083 = CARTESIAN_POINT('',(-78.6,150.91615199781,-18.03172668306));
#11084 = CARTESIAN_POINT('',(-78.6,151.66743456152,-19.66773397218));
#11085 = CARTESIAN_POINT('',(-78.6,152.26405815423,-21.38311021039));
#11086 = CARTESIAN_POINT('',(-78.6,152.69342526531,-23.17731013574));
#11087 = CARTESIAN_POINT('',(-78.6,152.94293838411,-25.04978848627));
#11088 = CARTESIAN_POINT('',(-78.6,153.,-27.));
#11089 = ADVANCED_FACE('',(#11090),#11113,.T.);
#11090 = FACE_BOUND('',#11091,.T.);
#11091 = EDGE_LOOP('',(#11092,#11098,#11105,#11106));
#11092 = ORIENTED_EDGE('',*,*,#11093,.F.);
#11093 = EDGE_CURVE('',#10743,#10825,#11094,.T.);
#11094 = LINE('',#11095,#11096);
#11095 = CARTESIAN_POINT('',(-78.6,110.,-3.5));
#11096 = VECTOR('',#11097,1.);
#11097 = DIRECTION('',(0.,0.,1.));
#11098 = ORIENTED_EDGE('',*,*,#11099,.T.);
#11099 = EDGE_CURVE('',#10743,#10654,#11100,.T.);
#11100 = CIRCLE('',#11101,2.);
#11101 = AXIS2_PLACEMENT_3D('',#11102,#11103,#11104);
#11102 = CARTESIAN_POINT('',(-80.6,110.,-1.5));
#11103 = DIRECTION('',(0.,0.,1.));
#11104 = DIRECTION('',(1.,0.,0.));
#11105 = ORIENTED_EDGE('',*,*,#10661,.T.);
#11106 = ORIENTED_EDGE('',*,*,#11107,.T.);
#11107 = EDGE_CURVE('',#10662,#10825,#11108,.T.);
#11108 = CIRCLE('',#11109,2.);
#11109 = AXIS2_PLACEMENT_3D('',#11110,#11111,#11112);
#11110 = CARTESIAN_POINT('',(-80.6,110.,1.5));
#11111 = DIRECTION('',(2.22044604925E-16,0.,-1.));
#11112 = DIRECTION('',(1.,0.,2.22044604925E-16));
#11113 = CYLINDRICAL_SURFACE('',#11114,2.);
#11114 = AXIS2_PLACEMENT_3D('',#11115,#11116,#11117);
#11115 = CARTESIAN_POINT('',(-80.6,110.,-3.5));
#11116 = DIRECTION('',(0.,0.,1.));
#11117 = DIRECTION('',(1.,0.,0.));
#11118 = ADVANCED_FACE('',(#11119),#11125,.T.);
#11119 = FACE_BOUND('',#11120,.T.);
#11120 = EDGE_LOOP('',(#11121,#11122,#11123,#11124));
#11121 = ORIENTED_EDGE('',*,*,#10707,.F.);
#11122 = ORIENTED_EDGE('',*,*,#10789,.T.);
#11123 = ORIENTED_EDGE('',*,*,#10773,.T.);
#11124 = ORIENTED_EDGE('',*,*,#10847,.T.);
#11125 = CYLINDRICAL_SURFACE('',#11126,2.);
#11126 = AXIS2_PLACEMENT_3D('',#11127,#11128,#11129);
#11127 = CARTESIAN_POINT('',(-72.,22.,-3.5));
#11128 = DIRECTION('',(0.,0.,1.));
#11129 = DIRECTION('',(1.,0.,0.));
#11130 = ADVANCED_FACE('',(#11131),#11136,.T.);
#11131 = FACE_BOUND('',#11132,.T.);
#11132 = EDGE_LOOP('',(#11133,#11134,#11135));
#11133 = ORIENTED_EDGE('',*,*,#10742,.F.);
#11134 = ORIENTED_EDGE('',*,*,#10724,.T.);
#11135 = ORIENTED_EDGE('',*,*,#11099,.F.);
#11136 = SPHERICAL_SURFACE('',#11137,2.);
#11137 = AXIS2_PLACEMENT_3D('',#11138,#11139,#11140);
#11138 = CARTESIAN_POINT('',(-80.6,110.,-1.5));
#11139 = DIRECTION('',(0.,0.,1.));
#11140 = DIRECTION('',(1.,0.,0.));
#11141 = ADVANCED_FACE('',(#11142),#11148,.T.);
#11142 = FACE_BOUND('',#11143,.T.);
#11143 = EDGE_LOOP('',(#11144,#11145,#11146,#11147));
#11144 = ORIENTED_EDGE('',*,*,#10766,.T.);
#11145 = ORIENTED_EDGE('',*,*,#10751,.T.);
#11146 = ORIENTED_EDGE('',*,*,#11093,.T.);
#11147 = ORIENTED_EDGE('',*,*,#10833,.F.);
#11148 = PLANE('',#11149);
#11149 = AXIS2_PLACEMENT_3D('',#11150,#11151,#11152);
#11150 = CARTESIAN_POINT('',(-78.6,20.,-3.5));
#11151 = DIRECTION('',(1.,0.,0.));
#11152 = DIRECTION('',(0.,0.,1.));
#11153 = ADVANCED_FACE('',(#11154),#11159,.T.);
#11154 = FACE_BOUND('',#11155,.T.);
#11155 = EDGE_LOOP('',(#11156,#11157,#11158));
#11156 = ORIENTED_EDGE('',*,*,#11107,.F.);
#11157 = ORIENTED_EDGE('',*,*,#10806,.T.);
#11158 = ORIENTED_EDGE('',*,*,#10824,.F.);
#11159 = SPHERICAL_SURFACE('',#11160,2.);
#11160 = AXIS2_PLACEMENT_3D('',#11161,#11162,#11163);
#11161 = CARTESIAN_POINT('',(-80.6,110.,1.5));
#11162 = DIRECTION('',(0.,-1.,0.));
#11163 = DIRECTION('',(1.,0.,2.22044604925E-16));
#11164 = ADVANCED_FACE('',(#11165),#11168,.T.);
#11165 = FACE_BOUND('',#11166,.T.);
#11166 = EDGE_LOOP('',(#11167));
#11167 = ORIENTED_EDGE('',*,*,#10895,.T.);
#11168 = PLANE('',#11169);
#11169 = AXIS2_PLACEMENT_3D('',#11170,#11171,#11172);
#11170 = CARTESIAN_POINT('',(-81.79949304564,153.,-27.));
#11171 = DIRECTION('',(-5.076462865315E-15,-3.497695580642E-02,
    -0.999388119082));
#11172 = DIRECTION('',(-2.465190328816E-32,-0.999388119082,
    3.497695580642E-02));
#11173 = MANIFOLD_SOLID_BREP('',#11174);
#11174 = CLOSED_SHELL('',(#11175,#11215,#11248,#11281,#11314,#11347,
    #11364,#11381,#11412,#11451,#11468,#11507,#11524,#11555,#11573,
    #11591,#11624,#11642,#11681,#11735,#11753,#11792,#11846,#11877,
    #11888,#11899,#11916,#11934,#11951,#11984,#12017,#12035,#12053,
    #12070,#12103,#12136,#12154,#12183,#12200,#12211,#12242,#12259,
    #12276,#12287,#12304,#12533,#12545));
#11175 = ADVANCED_FACE('',(#11176),#11210,.F.);
#11176 = FACE_BOUND('',#11177,.F.);
#11177 = EDGE_LOOP('',(#11178,#11188,#11196,#11204));
#11178 = ORIENTED_EDGE('',*,*,#11179,.F.);
#11179 = EDGE_CURVE('',#11180,#11182,#11184,.T.);
#11180 = VERTEX_POINT('',#11181);
#11181 = CARTESIAN_POINT('',(70.,4.,-1.5));
#11182 = VERTEX_POINT('',#11183);
#11183 = CARTESIAN_POINT('',(70.,4.,1.5));
#11184 = LINE('',#11185,#11186);
#11185 = CARTESIAN_POINT('',(70.,4.,-3.5));
#11186 = VECTOR('',#11187,1.);
#11187 = DIRECTION('',(0.,0.,1.));
#11188 = ORIENTED_EDGE('',*,*,#11189,.T.);
#11189 = EDGE_CURVE('',#11180,#11190,#11192,.T.);
#11190 = VERTEX_POINT('',#11191);
#11191 = CARTESIAN_POINT('',(70.,22.,-1.5));
#11192 = LINE('',#11193,#11194);
#11193 = CARTESIAN_POINT('',(70.,2.,-1.5));
#11194 = VECTOR('',#11195,1.);
#11195 = DIRECTION('',(0.,1.,0.));
#11196 = ORIENTED_EDGE('',*,*,#11197,.T.);
#11197 = EDGE_CURVE('',#11190,#11198,#11200,.T.);
#11198 = VERTEX_POINT('',#11199);
#11199 = CARTESIAN_POINT('',(70.,22.,1.5));
#11200 = LINE('',#11201,#11202);
#11201 = CARTESIAN_POINT('',(70.,22.,-3.5));
#11202 = VECTOR('',#11203,1.);
#11203 = DIRECTION('',(0.,0.,1.));
#11204 = ORIENTED_EDGE('',*,*,#11205,.F.);
#11205 = EDGE_CURVE('',#11182,#11198,#11206,.T.);
#11206 = LINE('',#11207,#11208);
#11207 = CARTESIAN_POINT('',(70.,2.,1.5));
#11208 = VECTOR('',#11209,1.);
#11209 = DIRECTION('',(0.,1.,0.));
#11210 = PLANE('',#11211);
#11211 = AXIS2_PLACEMENT_3D('',#11212,#11213,#11214);
#11212 = CARTESIAN_POINT('',(70.,2.,-3.5));
#11213 = DIRECTION('',(1.,0.,0.));
#11214 = DIRECTION('',(0.,0.,1.));
#11215 = ADVANCED_FACE('',(#11216),#11243,.T.);
#11216 = FACE_BOUND('',#11217,.T.);
#11217 = EDGE_LOOP('',(#11218,#11219,#11228,#11236));
#11218 = ORIENTED_EDGE('',*,*,#11179,.F.);
#11219 = ORIENTED_EDGE('',*,*,#11220,.T.);
#11220 = EDGE_CURVE('',#11180,#11221,#11223,.T.);
#11221 = VERTEX_POINT('',#11222);
#11222 = CARTESIAN_POINT('',(72.,2.,-1.5));
#11223 = CIRCLE('',#11224,2.);
#11224 = AXIS2_PLACEMENT_3D('',#11225,#11226,#11227);
#11225 = CARTESIAN_POINT('',(72.,4.,-1.5));
#11226 = DIRECTION('',(0.,0.,1.));
#11227 = DIRECTION('',(-1.,0.,0.));
#11228 = ORIENTED_EDGE('',*,*,#11229,.T.);
#11229 = EDGE_CURVE('',#11221,#11230,#11232,.T.);
#11230 = VERTEX_POINT('',#11231);
#11231 = CARTESIAN_POINT('',(72.,2.,1.5));
#11232 = LINE('',#11233,#11234);
#11233 = CARTESIAN_POINT('',(72.,2.,-3.5));
#11234 = VECTOR('',#11235,1.);
#11235 = DIRECTION('',(0.,0.,1.));
#11236 = ORIENTED_EDGE('',*,*,#11237,.F.);
#11237 = EDGE_CURVE('',#11182,#11230,#11238,.T.);
#11238 = CIRCLE('',#11239,2.);
#11239 = AXIS2_PLACEMENT_3D('',#11240,#11241,#11242);
#11240 = CARTESIAN_POINT('',(72.,4.,1.5));
#11241 = DIRECTION('',(0.,0.,1.));
#11242 = DIRECTION('',(-1.,0.,0.));
#11243 = CYLINDRICAL_SURFACE('',#11244,2.);
#11244 = AXIS2_PLACEMENT_3D('',#11245,#11246,#11247);
#11245 = CARTESIAN_POINT('',(72.,4.,-3.5));
#11246 = DIRECTION('',(0.,0.,1.));
#11247 = DIRECTION('',(-1.,0.,0.));
#11248 = ADVANCED_FACE('',(#11249),#11276,.T.);
#11249 = FACE_BOUND('',#11250,.F.);
#11250 = EDGE_LOOP('',(#11251,#11260,#11268,#11275));
#11251 = ORIENTED_EDGE('',*,*,#11252,.F.);
#11252 = EDGE_CURVE('',#11253,#11180,#11255,.T.);
#11253 = VERTEX_POINT('',#11254);
#11254 = CARTESIAN_POINT('',(72.,4.,-3.5));
#11255 = CIRCLE('',#11256,2.);
#11256 = AXIS2_PLACEMENT_3D('',#11257,#11258,#11259);
#11257 = CARTESIAN_POINT('',(72.,4.,-1.5));
#11258 = DIRECTION('',(0.,1.,-0.));
#11259 = DIRECTION('',(-1.,0.,0.));
#11260 = ORIENTED_EDGE('',*,*,#11261,.T.);
#11261 = EDGE_CURVE('',#11253,#11262,#11264,.T.);
#11262 = VERTEX_POINT('',#11263);
#11263 = CARTESIAN_POINT('',(72.,22.,-3.5));
#11264 = LINE('',#11265,#11266);
#11265 = CARTESIAN_POINT('',(72.,2.,-3.5));
#11266 = VECTOR('',#11267,1.);
#11267 = DIRECTION('',(0.,1.,0.));
#11268 = ORIENTED_EDGE('',*,*,#11269,.T.);
#11269 = EDGE_CURVE('',#11262,#11190,#11270,.T.);
#11270 = CIRCLE('',#11271,2.);
#11271 = AXIS2_PLACEMENT_3D('',#11272,#11273,#11274);
#11272 = CARTESIAN_POINT('',(72.,22.,-1.5));
#11273 = DIRECTION('',(0.,1.,-0.));
#11274 = DIRECTION('',(-1.,0.,0.));
#11275 = ORIENTED_EDGE('',*,*,#11189,.F.);
#11276 = CYLINDRICAL_SURFACE('',#11277,2.);
#11277 = AXIS2_PLACEMENT_3D('',#11278,#11279,#11280);
#11278 = CARTESIAN_POINT('',(72.,2.,-1.5));
#11279 = DIRECTION('',(0.,1.,0.));
#11280 = DIRECTION('',(-1.,0.,0.));
#11281 = ADVANCED_FACE('',(#11282),#11309,.T.);
#11282 = FACE_BOUND('',#11283,.T.);
#11283 = EDGE_LOOP('',(#11284,#11293,#11301,#11308));
#11284 = ORIENTED_EDGE('',*,*,#11285,.F.);
#11285 = EDGE_CURVE('',#11286,#11182,#11288,.T.);
#11286 = VERTEX_POINT('',#11287);
#11287 = CARTESIAN_POINT('',(72.,4.,3.5));
#11288 = CIRCLE('',#11289,2.);
#11289 = AXIS2_PLACEMENT_3D('',#11290,#11291,#11292);
#11290 = CARTESIAN_POINT('',(72.,4.,1.5));
#11291 = DIRECTION('',(0.,-1.,0.));
#11292 = DIRECTION('',(-1.,0.,0.));
#11293 = ORIENTED_EDGE('',*,*,#11294,.T.);
#11294 = EDGE_CURVE('',#11286,#11295,#11297,.T.);
#11295 = VERTEX_POINT('',#11296);
#11296 = CARTESIAN_POINT('',(72.,22.,3.5));
#11297 = LINE('',#11298,#11299);
#11298 = CARTESIAN_POINT('',(72.,2.,3.5));
#11299 = VECTOR('',#11300,1.);
#11300 = DIRECTION('',(0.,1.,0.));
#11301 = ORIENTED_EDGE('',*,*,#11302,.F.);
#11302 = EDGE_CURVE('',#11198,#11295,#11303,.T.);
#11303 = CIRCLE('',#11304,2.);
#11304 = AXIS2_PLACEMENT_3D('',#11305,#11306,#11307);
#11305 = CARTESIAN_POINT('',(72.,22.,1.5));
#11306 = DIRECTION('',(0.,1.,-0.));
#11307 = DIRECTION('',(-1.,0.,2.22044604925E-16));
#11308 = ORIENTED_EDGE('',*,*,#11205,.F.);
#11309 = CYLINDRICAL_SURFACE('',#11310,2.);
#11310 = AXIS2_PLACEMENT_3D('',#11311,#11312,#11313);
#11311 = CARTESIAN_POINT('',(72.,2.,1.5));
#11312 = DIRECTION('',(0.,1.,0.));
#11313 = DIRECTION('',(-1.,0.,0.));
#11314 = ADVANCED_FACE('',(#11315),#11342,.T.);
#11315 = FACE_BOUND('',#11316,.F.);
#11316 = EDGE_LOOP('',(#11317,#11318,#11327,#11335));
#11317 = ORIENTED_EDGE('',*,*,#11197,.F.);
#11318 = ORIENTED_EDGE('',*,*,#11319,.T.);
#11319 = EDGE_CURVE('',#11190,#11320,#11322,.T.);
#11320 = VERTEX_POINT('',#11321);
#11321 = CARTESIAN_POINT('',(72.,24.,-1.5));
#11322 = CIRCLE('',#11323,2.);
#11323 = AXIS2_PLACEMENT_3D('',#11324,#11325,#11326);
#11324 = CARTESIAN_POINT('',(72.,22.,-1.5));
#11325 = DIRECTION('',(0.,0.,-1.));
#11326 = DIRECTION('',(-1.,0.,0.));
#11327 = ORIENTED_EDGE('',*,*,#11328,.T.);
#11328 = EDGE_CURVE('',#11320,#11329,#11331,.T.);
#11329 = VERTEX_POINT('',#11330);
#11330 = CARTESIAN_POINT('',(72.,24.,1.5));
#11331 = LINE('',#11332,#11333);
#11332 = CARTESIAN_POINT('',(72.,24.,-3.5));
#11333 = VECTOR('',#11334,1.);
#11334 = DIRECTION('',(0.,0.,1.));
#11335 = ORIENTED_EDGE('',*,*,#11336,.T.);
#11336 = EDGE_CURVE('',#11329,#11198,#11337,.T.);
#11337 = CIRCLE('',#11338,2.);
#11338 = AXIS2_PLACEMENT_3D('',#11339,#11340,#11341);
#11339 = CARTESIAN_POINT('',(72.,22.,1.5));
#11340 = DIRECTION('',(2.22044604925E-16,0.,1.));
#11341 = DIRECTION('',(-1.,0.,2.22044604925E-16));
#11342 = CYLINDRICAL_SURFACE('',#11343,2.);
#11343 = AXIS2_PLACEMENT_3D('',#11344,#11345,#11346);
#11344 = CARTESIAN_POINT('',(72.,22.,-3.5));
#11345 = DIRECTION('',(0.,0.,1.));
#11346 = DIRECTION('',(-1.,0.,0.));
#11347 = ADVANCED_FACE('',(#11348),#11359,.T.);
#11348 = FACE_BOUND('',#11349,.T.);
#11349 = EDGE_LOOP('',(#11350,#11351,#11358));
#11350 = ORIENTED_EDGE('',*,*,#11252,.F.);
#11351 = ORIENTED_EDGE('',*,*,#11352,.T.);
#11352 = EDGE_CURVE('',#11253,#11221,#11353,.T.);
#11353 = CIRCLE('',#11354,2.);
#11354 = AXIS2_PLACEMENT_3D('',#11355,#11356,#11357);
#11355 = CARTESIAN_POINT('',(72.,4.,-1.5));
#11356 = DIRECTION('',(-1.,6.123233995737E-17,0.));
#11357 = DIRECTION('',(-6.123233995737E-17,-1.,0.));
#11358 = ORIENTED_EDGE('',*,*,#11220,.F.);
#11359 = SPHERICAL_SURFACE('',#11360,2.);
#11360 = AXIS2_PLACEMENT_3D('',#11361,#11362,#11363);
#11361 = CARTESIAN_POINT('',(72.,4.,-1.5));
#11362 = DIRECTION('',(0.,0.,1.));
#11363 = DIRECTION('',(-1.,0.,0.));
#11364 = ADVANCED_FACE('',(#11365),#11376,.T.);
#11365 = FACE_BOUND('',#11366,.F.);
#11366 = EDGE_LOOP('',(#11367,#11368,#11375));
#11367 = ORIENTED_EDGE('',*,*,#11285,.F.);
#11368 = ORIENTED_EDGE('',*,*,#11369,.T.);
#11369 = EDGE_CURVE('',#11286,#11230,#11370,.T.);
#11370 = CIRCLE('',#11371,2.);
#11371 = AXIS2_PLACEMENT_3D('',#11372,#11373,#11374);
#11372 = CARTESIAN_POINT('',(72.,4.,1.5));
#11373 = DIRECTION('',(1.,-6.123233995737E-17,0.));
#11374 = DIRECTION('',(-6.123233995737E-17,-1.,0.));
#11375 = ORIENTED_EDGE('',*,*,#11237,.F.);
#11376 = SPHERICAL_SURFACE('',#11377,2.);
#11377 = AXIS2_PLACEMENT_3D('',#11378,#11379,#11380);
#11378 = CARTESIAN_POINT('',(72.,4.,1.5));
#11379 = DIRECTION('',(-0.,-0.,-1.));
#11380 = DIRECTION('',(-1.,0.,0.));
#11381 = ADVANCED_FACE('',(#11382),#11407,.F.);
#11382 = FACE_BOUND('',#11383,.F.);
#11383 = EDGE_LOOP('',(#11384,#11385,#11393,#11401));
#11384 = ORIENTED_EDGE('',*,*,#11229,.T.);
#11385 = ORIENTED_EDGE('',*,*,#11386,.T.);
#11386 = EDGE_CURVE('',#11230,#11387,#11389,.T.);
#11387 = VERTEX_POINT('',#11388);
#11388 = CARTESIAN_POINT('',(83.,2.,1.5));
#11389 = LINE('',#11390,#11391);
#11390 = CARTESIAN_POINT('',(70.,2.,1.5));
#11391 = VECTOR('',#11392,1.);
#11392 = DIRECTION('',(1.,0.,0.));
#11393 = ORIENTED_EDGE('',*,*,#11394,.F.);
#11394 = EDGE_CURVE('',#11395,#11387,#11397,.T.);
#11395 = VERTEX_POINT('',#11396);
#11396 = CARTESIAN_POINT('',(83.,2.,-1.5));
#11397 = LINE('',#11398,#11399);
#11398 = CARTESIAN_POINT('',(83.,2.,-3.5));
#11399 = VECTOR('',#11400,1.);
#11400 = DIRECTION('',(0.,0.,1.));
#11401 = ORIENTED_EDGE('',*,*,#11402,.F.);
#11402 = EDGE_CURVE('',#11221,#11395,#11403,.T.);
#11403 = LINE('',#11404,#11405);
#11404 = CARTESIAN_POINT('',(70.,2.,-1.5));
#11405 = VECTOR('',#11406,1.);
#11406 = DIRECTION('',(1.,0.,0.));
#11407 = PLANE('',#11408);
#11408 = AXIS2_PLACEMENT_3D('',#11409,#11410,#11411);
#11409 = CARTESIAN_POINT('',(70.,2.,-3.5));
#11410 = DIRECTION('',(0.,1.,0.));
#11411 = DIRECTION('',(0.,0.,1.));
#11412 = ADVANCED_FACE('',(#11413),#11446,.F.);
#11413 = FACE_BOUND('',#11414,.F.);
#11414 = EDGE_LOOP('',(#11415,#11416,#11424,#11432,#11440));
#11415 = ORIENTED_EDGE('',*,*,#11261,.F.);
#11416 = ORIENTED_EDGE('',*,*,#11417,.T.);
#11417 = EDGE_CURVE('',#11253,#11418,#11420,.T.);
#11418 = VERTEX_POINT('',#11419);
#11419 = CARTESIAN_POINT('',(83.,4.,-3.5));
#11420 = LINE('',#11421,#11422);
#11421 = CARTESIAN_POINT('',(70.,4.,-3.5));
#11422 = VECTOR('',#11423,1.);
#11423 = DIRECTION('',(1.,0.,0.));
#11424 = ORIENTED_EDGE('',*,*,#11425,.T.);
#11425 = EDGE_CURVE('',#11418,#11426,#11428,.T.);
#11426 = VERTEX_POINT('',#11427);
#11427 = CARTESIAN_POINT('',(83.,22.,-3.5));
#11428 = LINE('',#11429,#11430);
#11429 = CARTESIAN_POINT('',(83.,2.,-3.5));
#11430 = VECTOR('',#11431,1.);
#11431 = DIRECTION('',(0.,1.,0.));
#11432 = ORIENTED_EDGE('',*,*,#11433,.F.);
#11433 = EDGE_CURVE('',#11434,#11426,#11436,.T.);
#11434 = VERTEX_POINT('',#11435);
#11435 = CARTESIAN_POINT('',(82.,22.,-3.5));
#11436 = LINE('',#11437,#11438);
#11437 = CARTESIAN_POINT('',(70.,22.,-3.5));
#11438 = VECTOR('',#11439,1.);
#11439 = DIRECTION('',(1.,0.,0.));
#11440 = ORIENTED_EDGE('',*,*,#11441,.F.);
#11441 = EDGE_CURVE('',#11262,#11434,#11442,.T.);
#11442 = LINE('',#11443,#11444);
#11443 = CARTESIAN_POINT('',(70.,22.,-3.5));
#11444 = VECTOR('',#11445,1.);
#11445 = DIRECTION('',(1.,0.,0.));
#11446 = PLANE('',#11447);
#11447 = AXIS2_PLACEMENT_3D('',#11448,#11449,#11450);
#11448 = CARTESIAN_POINT('',(70.,2.,-3.5));
#11449 = DIRECTION('',(0.,0.,1.));
#11450 = DIRECTION('',(1.,0.,0.));
#11451 = ADVANCED_FACE('',(#11452),#11463,.T.);
#11452 = FACE_BOUND('',#11453,.F.);
#11453 = EDGE_LOOP('',(#11454,#11455,#11462));
#11454 = ORIENTED_EDGE('',*,*,#11269,.F.);
#11455 = ORIENTED_EDGE('',*,*,#11456,.T.);
#11456 = EDGE_CURVE('',#11262,#11320,#11457,.T.);
#11457 = CIRCLE('',#11458,2.);
#11458 = AXIS2_PLACEMENT_3D('',#11459,#11460,#11461);
#11459 = CARTESIAN_POINT('',(72.,22.,-1.5));
#11460 = DIRECTION('',(1.,6.123233995737E-17,-0.));
#11461 = DIRECTION('',(-6.123233995737E-17,1.,0.));
#11462 = ORIENTED_EDGE('',*,*,#11319,.F.);
#11463 = SPHERICAL_SURFACE('',#11464,2.);
#11464 = AXIS2_PLACEMENT_3D('',#11465,#11466,#11467);
#11465 = CARTESIAN_POINT('',(72.,22.,-1.5));
#11466 = DIRECTION('',(0.,0.,1.));
#11467 = DIRECTION('',(-1.,0.,0.));
#11468 = ADVANCED_FACE('',(#11469),#11502,.T.);
#11469 = FACE_BOUND('',#11470,.T.);
#11470 = EDGE_LOOP('',(#11471,#11472,#11480,#11488,#11496));
#11471 = ORIENTED_EDGE('',*,*,#11294,.F.);
#11472 = ORIENTED_EDGE('',*,*,#11473,.T.);
#11473 = EDGE_CURVE('',#11286,#11474,#11476,.T.);
#11474 = VERTEX_POINT('',#11475);
#11475 = CARTESIAN_POINT('',(83.,4.,3.5));
#11476 = LINE('',#11477,#11478);
#11477 = CARTESIAN_POINT('',(70.,4.,3.5));
#11478 = VECTOR('',#11479,1.);
#11479 = DIRECTION('',(1.,0.,0.));
#11480 = ORIENTED_EDGE('',*,*,#11481,.T.);
#11481 = EDGE_CURVE('',#11474,#11482,#11484,.T.);
#11482 = VERTEX_POINT('',#11483);
#11483 = CARTESIAN_POINT('',(83.,22.,3.5));
#11484 = LINE('',#11485,#11486);
#11485 = CARTESIAN_POINT('',(83.,2.,3.5));
#11486 = VECTOR('',#11487,1.);
#11487 = DIRECTION('',(0.,1.,0.));
#11488 = ORIENTED_EDGE('',*,*,#11489,.F.);
#11489 = EDGE_CURVE('',#11490,#11482,#11492,.T.);
#11490 = VERTEX_POINT('',#11491);
#11491 = CARTESIAN_POINT('',(82.,22.,3.5));
#11492 = LINE('',#11493,#11494);
#11493 = CARTESIAN_POINT('',(70.,22.,3.5));
#11494 = VECTOR('',#11495,1.);
#11495 = DIRECTION('',(1.,0.,0.));
#11496 = ORIENTED_EDGE('',*,*,#11497,.F.);
#11497 = EDGE_CURVE('',#11295,#11490,#11498,.T.);
#11498 = LINE('',#11499,#11500);
#11499 = CARTESIAN_POINT('',(70.,22.,3.5));
#11500 = VECTOR('',#11501,1.);
#11501 = DIRECTION('',(1.,0.,0.));
#11502 = PLANE('',#11503);
#11503 = AXIS2_PLACEMENT_3D('',#11504,#11505,#11506);
#11504 = CARTESIAN_POINT('',(70.,2.,3.5));
#11505 = DIRECTION('',(0.,0.,1.));
#11506 = DIRECTION('',(1.,0.,0.));
#11507 = ADVANCED_FACE('',(#11508),#11519,.T.);
#11508 = FACE_BOUND('',#11509,.F.);
#11509 = EDGE_LOOP('',(#11510,#11511,#11518));
#11510 = ORIENTED_EDGE('',*,*,#11336,.F.);
#11511 = ORIENTED_EDGE('',*,*,#11512,.T.);
#11512 = EDGE_CURVE('',#11329,#11295,#11513,.T.);
#11513 = CIRCLE('',#11514,2.);
#11514 = AXIS2_PLACEMENT_3D('',#11515,#11516,#11517);
#11515 = CARTESIAN_POINT('',(72.,22.,1.5));
#11516 = DIRECTION('',(1.,0.,6.123233995737E-17));
#11517 = DIRECTION('',(-6.123233995737E-17,0.,1.));
#11518 = ORIENTED_EDGE('',*,*,#11302,.F.);
#11519 = SPHERICAL_SURFACE('',#11520,2.);
#11520 = AXIS2_PLACEMENT_3D('',#11521,#11522,#11523);
#11521 = CARTESIAN_POINT('',(72.,22.,1.5));
#11522 = DIRECTION('',(0.,-1.,0.));
#11523 = DIRECTION('',(-1.,0.,2.22044604925E-16));
#11524 = ADVANCED_FACE('',(#11525),#11550,.T.);
#11525 = FACE_BOUND('',#11526,.T.);
#11526 = EDGE_LOOP('',(#11527,#11535,#11536,#11544));
#11527 = ORIENTED_EDGE('',*,*,#11528,.F.);
#11528 = EDGE_CURVE('',#11320,#11529,#11531,.T.);
#11529 = VERTEX_POINT('',#11530);
#11530 = CARTESIAN_POINT('',(80.,24.,-1.5));
#11531 = LINE('',#11532,#11533);
#11532 = CARTESIAN_POINT('',(70.,24.,-1.5));
#11533 = VECTOR('',#11534,1.);
#11534 = DIRECTION('',(1.,0.,0.));
#11535 = ORIENTED_EDGE('',*,*,#11328,.T.);
#11536 = ORIENTED_EDGE('',*,*,#11537,.T.);
#11537 = EDGE_CURVE('',#11329,#11538,#11540,.T.);
#11538 = VERTEX_POINT('',#11539);
#11539 = CARTESIAN_POINT('',(80.,24.,1.5));
#11540 = LINE('',#11541,#11542);
#11541 = CARTESIAN_POINT('',(70.,24.,1.5));
#11542 = VECTOR('',#11543,1.);
#11543 = DIRECTION('',(1.,0.,0.));
#11544 = ORIENTED_EDGE('',*,*,#11545,.T.);
#11545 = EDGE_CURVE('',#11538,#11529,#11546,.T.);
#11546 = LINE('',#11547,#11548);
#11547 = CARTESIAN_POINT('',(80.,24.,-3.5));
#11548 = VECTOR('',#11549,1.);
#11549 = DIRECTION('',(0.,0.,-1.));
#11550 = PLANE('',#11551);
#11551 = AXIS2_PLACEMENT_3D('',#11552,#11553,#11554);
#11552 = CARTESIAN_POINT('',(70.,24.,-3.5));
#11553 = DIRECTION('',(0.,1.,0.));
#11554 = DIRECTION('',(0.,0.,1.));
#11555 = ADVANCED_FACE('',(#11556),#11568,.T.);
#11556 = FACE_BOUND('',#11557,.T.);
#11557 = EDGE_LOOP('',(#11558,#11559,#11560,#11567));
#11558 = ORIENTED_EDGE('',*,*,#11352,.F.);
#11559 = ORIENTED_EDGE('',*,*,#11417,.T.);
#11560 = ORIENTED_EDGE('',*,*,#11561,.T.);
#11561 = EDGE_CURVE('',#11418,#11395,#11562,.T.);
#11562 = CIRCLE('',#11563,2.);
#11563 = AXIS2_PLACEMENT_3D('',#11564,#11565,#11566);
#11564 = CARTESIAN_POINT('',(83.,4.,-1.5));
#11565 = DIRECTION('',(-1.,-6.123233995737E-17,0.));
#11566 = DIRECTION('',(6.123233995737E-17,-1.,0.));
#11567 = ORIENTED_EDGE('',*,*,#11402,.F.);
#11568 = CYLINDRICAL_SURFACE('',#11569,2.);
#11569 = AXIS2_PLACEMENT_3D('',#11570,#11571,#11572);
#11570 = CARTESIAN_POINT('',(70.,4.,-1.5));
#11571 = DIRECTION('',(1.,0.,0.));
#11572 = DIRECTION('',(0.,-1.,0.));
#11573 = ADVANCED_FACE('',(#11574),#11586,.T.);
#11574 = FACE_BOUND('',#11575,.F.);
#11575 = EDGE_LOOP('',(#11576,#11577,#11578,#11585));
#11576 = ORIENTED_EDGE('',*,*,#11369,.F.);
#11577 = ORIENTED_EDGE('',*,*,#11473,.T.);
#11578 = ORIENTED_EDGE('',*,*,#11579,.T.);
#11579 = EDGE_CURVE('',#11474,#11387,#11580,.T.);
#11580 = CIRCLE('',#11581,2.);
#11581 = AXIS2_PLACEMENT_3D('',#11582,#11583,#11584);
#11582 = CARTESIAN_POINT('',(83.,4.,1.5));
#11583 = DIRECTION('',(1.,6.123233995737E-17,0.));
#11584 = DIRECTION('',(6.123233995737E-17,-1.,0.));
#11585 = ORIENTED_EDGE('',*,*,#11386,.F.);
#11586 = CYLINDRICAL_SURFACE('',#11587,2.);
#11587 = AXIS2_PLACEMENT_3D('',#11588,#11589,#11590);
#11588 = CARTESIAN_POINT('',(70.,4.,1.5));
#11589 = DIRECTION('',(1.,0.,0.));
#11590 = DIRECTION('',(0.,-1.,0.));
#11591 = ADVANCED_FACE('',(#11592),#11619,.T.);
#11592 = FACE_BOUND('',#11593,.F.);
#11593 = EDGE_LOOP('',(#11594,#11604,#11611,#11612));
#11594 = ORIENTED_EDGE('',*,*,#11595,.F.);
#11595 = EDGE_CURVE('',#11596,#11598,#11600,.T.);
#11596 = VERTEX_POINT('',#11597);
#11597 = CARTESIAN_POINT('',(85.,4.,-1.5));
#11598 = VERTEX_POINT('',#11599);
#11599 = CARTESIAN_POINT('',(85.,4.,1.5));
#11600 = LINE('',#11601,#11602);
#11601 = CARTESIAN_POINT('',(85.,4.,-3.5));
#11602 = VECTOR('',#11603,1.);
#11603 = DIRECTION('',(0.,0.,1.));
#11604 = ORIENTED_EDGE('',*,*,#11605,.T.);
#11605 = EDGE_CURVE('',#11596,#11395,#11606,.T.);
#11606 = CIRCLE('',#11607,2.);
#11607 = AXIS2_PLACEMENT_3D('',#11608,#11609,#11610);
#11608 = CARTESIAN_POINT('',(83.,4.,-1.5));
#11609 = DIRECTION('',(0.,0.,-1.));
#11610 = DIRECTION('',(1.,0.,0.));
#11611 = ORIENTED_EDGE('',*,*,#11394,.T.);
#11612 = ORIENTED_EDGE('',*,*,#11613,.F.);
#11613 = EDGE_CURVE('',#11598,#11387,#11614,.T.);
#11614 = CIRCLE('',#11615,2.);
#11615 = AXIS2_PLACEMENT_3D('',#11616,#11617,#11618);
#11616 = CARTESIAN_POINT('',(83.,4.,1.5));
#11617 = DIRECTION('',(0.,0.,-1.));
#11618 = DIRECTION('',(1.,0.,0.));
#11619 = CYLINDRICAL_SURFACE('',#11620,2.);
#11620 = AXIS2_PLACEMENT_3D('',#11621,#11622,#11623);
#11621 = CARTESIAN_POINT('',(83.,4.,-3.5));
#11622 = DIRECTION('',(0.,0.,1.));
#11623 = DIRECTION('',(1.,0.,0.));
#11624 = ADVANCED_FACE('',(#11625),#11637,.T.);
#11625 = FACE_BOUND('',#11626,.F.);
#11626 = EDGE_LOOP('',(#11627,#11628,#11629,#11636));
#11627 = ORIENTED_EDGE('',*,*,#11456,.F.);
#11628 = ORIENTED_EDGE('',*,*,#11441,.T.);
#11629 = ORIENTED_EDGE('',*,*,#11630,.T.);
#11630 = EDGE_CURVE('',#11434,#11529,#11631,.T.);
#11631 = ELLIPSE('',#11632,2.828427124746,2.);
#11632 = AXIS2_PLACEMENT_3D('',#11633,#11634,#11635);
#11633 = CARTESIAN_POINT('',(82.,22.,-1.5));
#11634 = DIRECTION('',(0.707106781187,0.707106781187,0.));
#11635 = DIRECTION('',(0.707106781187,-0.707106781187,0.));
#11636 = ORIENTED_EDGE('',*,*,#11528,.F.);
#11637 = CYLINDRICAL_SURFACE('',#11638,2.);
#11638 = AXIS2_PLACEMENT_3D('',#11639,#11640,#11641);
#11639 = CARTESIAN_POINT('',(70.,22.,-1.5));
#11640 = DIRECTION('',(1.,0.,0.));
#11641 = DIRECTION('',(0.,1.,0.));
#11642 = ADVANCED_FACE('',(#11643),#11676,.F.);
#11643 = FACE_BOUND('',#11644,.F.);
#11644 = EDGE_LOOP('',(#11645,#11653,#11654,#11662,#11670));
#11645 = ORIENTED_EDGE('',*,*,#11646,.F.);
#11646 = EDGE_CURVE('',#11434,#11647,#11649,.T.);
#11647 = VERTEX_POINT('',#11648);
#11648 = CARTESIAN_POINT('',(82.,110.,-3.5));
#11649 = LINE('',#11650,#11651);
#11650 = CARTESIAN_POINT('',(82.,20.,-3.5));
#11651 = VECTOR('',#11652,1.);
#11652 = DIRECTION('',(0.,1.,0.));
#11653 = ORIENTED_EDGE('',*,*,#11433,.T.);
#11654 = ORIENTED_EDGE('',*,*,#11655,.T.);
#11655 = EDGE_CURVE('',#11426,#11656,#11658,.T.);
#11656 = VERTEX_POINT('',#11657);
#11657 = CARTESIAN_POINT('',(84.4,22.,-3.5));
#11658 = LINE('',#11659,#11660);
#11659 = CARTESIAN_POINT('',(80.,22.,-3.5));
#11660 = VECTOR('',#11661,1.);
#11661 = DIRECTION('',(1.,0.,0.));
#11662 = ORIENTED_EDGE('',*,*,#11663,.T.);
#11663 = EDGE_CURVE('',#11656,#11664,#11666,.T.);
#11664 = VERTEX_POINT('',#11665);
#11665 = CARTESIAN_POINT('',(84.4,110.,-3.5));
#11666 = LINE('',#11667,#11668);
#11667 = CARTESIAN_POINT('',(84.4,20.,-3.5));
#11668 = VECTOR('',#11669,1.);
#11669 = DIRECTION('',(0.,1.,0.));
#11670 = ORIENTED_EDGE('',*,*,#11671,.F.);
#11671 = EDGE_CURVE('',#11647,#11664,#11672,.T.);
#11672 = LINE('',#11673,#11674);
#11673 = CARTESIAN_POINT('',(80.,110.,-3.5));
#11674 = VECTOR('',#11675,1.);
#11675 = DIRECTION('',(1.,0.,0.));
#11676 = PLANE('',#11677);
#11677 = AXIS2_PLACEMENT_3D('',#11678,#11679,#11680);
#11678 = CARTESIAN_POINT('',(80.,20.,-3.5));
#11679 = DIRECTION('',(0.,0.,1.));
#11680 = DIRECTION('',(1.,0.,0.));
#11681 = ADVANCED_FACE('',(#11682),#11730,.T.);
#11682 = FACE_BOUND('',#11683,.T.);
#11683 = EDGE_LOOP('',(#11684,#11691,#11692,#11701,#11724));
#11684 = ORIENTED_EDGE('',*,*,#11685,.F.);
#11685 = EDGE_CURVE('',#11418,#11596,#11686,.T.);
#11686 = CIRCLE('',#11687,2.);
#11687 = AXIS2_PLACEMENT_3D('',#11688,#11689,#11690);
#11688 = CARTESIAN_POINT('',(83.,4.,-1.5));
#11689 = DIRECTION('',(0.,-1.,0.));
#11690 = DIRECTION('',(1.,0.,0.));
#11691 = ORIENTED_EDGE('',*,*,#11425,.T.);
#11692 = ORIENTED_EDGE('',*,*,#11693,.F.);
#11693 = EDGE_CURVE('',#11694,#11426,#11696,.T.);
#11694 = VERTEX_POINT('',#11695);
#11695 = CARTESIAN_POINT('',(84.4,20.6,-2.928285685709));
#11696 = ELLIPSE('',#11697,2.828427124746,2.);
#11697 = AXIS2_PLACEMENT_3D('',#11698,#11699,#11700);
#11698 = CARTESIAN_POINT('',(83.,22.,-1.5));
#11699 = DIRECTION('',(0.707106781187,0.707106781187,-0.));
#11700 = DIRECTION('',(-0.707106781187,0.707106781187,0.));
#11701 = ORIENTED_EDGE('',*,*,#11702,.F.);
#11702 = EDGE_CURVE('',#11703,#11694,#11705,.T.);
#11703 = VERTEX_POINT('',#11704);
#11704 = CARTESIAN_POINT('',(85.,20.092121597166,-1.5));
#11705 = B_SPLINE_CURVE_WITH_KNOTS('',5,(#11706,#11707,#11708,#11709,
    #11710,#11711,#11712,#11713,#11714,#11715,#11716,#11717,#11718,
    #11719,#11720,#11721,#11722,#11723),.UNSPECIFIED.,.F.,.F.,(6,4,4,4,6
    ),(0.,0.273897934905,0.560364981389,0.76881691451,1.),
  .UNSPECIFIED.);
#11706 = CARTESIAN_POINT('',(85.,20.092121597166,-1.5));
#11707 = CARTESIAN_POINT('',(85.,20.092121597166,-1.596087632703));
#11708 = CARTESIAN_POINT('',(84.994229333041,20.096356284013,
    -1.692183020457));
#11709 = CARTESIAN_POINT('',(84.982687092597,20.104825193484,
    -1.787427005079));
#11710 = CARTESIAN_POINT('',(84.96561425391,20.117449444518,
    -1.881019169073));
#11711 = CARTESIAN_POINT('',(84.920257945896,20.151480346872,
    -2.067672461557));
#11712 = CARTESIAN_POINT('',(84.89149284984,20.173265656057,
    -2.160524685004));
#11713 = CARTESIAN_POINT('',(84.857642404402,20.199273482708,
    -2.250011463339));
#11714 = CARTESIAN_POINT('',(84.819398751452,20.229278415565,
    -2.335541409173));
#11715 = CARTESIAN_POINT('',(84.747075359331,20.287570790471,
    -2.475778844103));
#11716 = CARTESIAN_POINT('',(84.714696837969,20.314101543029,
    -2.532539404314));
#11717 = CARTESIAN_POINT('',(84.680697848438,20.342512054901,
    -2.586844041522));
#11718 = CARTESIAN_POINT('',(84.645394530977,20.372695844725,
    -2.638600504876));
#11719 = CARTESIAN_POINT('',(84.568854243607,20.439859222886,
    -2.742292021176));
#11720 = CARTESIAN_POINT('',(84.527390254346,20.4772207533,-2.7936308348
    ));
#11721 = CARTESIAN_POINT('',(84.485141832841,20.516474090998,
    -2.841724279059));
#11722 = CARTESIAN_POINT('',(84.442542216388,20.557457783612,
    -2.886585972872));
#11723 = CARTESIAN_POINT('',(84.4,20.6,-2.928285685709));
#11724 = ORIENTED_EDGE('',*,*,#11725,.F.);
#11725 = EDGE_CURVE('',#11596,#11703,#11726,.T.);
#11726 = LINE('',#11727,#11728);
#11727 = CARTESIAN_POINT('',(85.,2.,-1.5));
#11728 = VECTOR('',#11729,1.);
#11729 = DIRECTION('',(0.,1.,0.));
#11730 = CYLINDRICAL_SURFACE('',#11731,2.);
#11731 = AXIS2_PLACEMENT_3D('',#11732,#11733,#11734);
#11732 = CARTESIAN_POINT('',(83.,2.,-1.5));
#11733 = DIRECTION('',(0.,1.,0.));
#11734 = DIRECTION('',(1.,0.,0.));
#11735 = ADVANCED_FACE('',(#11736),#11748,.T.);
#11736 = FACE_BOUND('',#11737,.T.);
#11737 = EDGE_LOOP('',(#11738,#11739,#11740,#11741));
#11738 = ORIENTED_EDGE('',*,*,#11537,.F.);
#11739 = ORIENTED_EDGE('',*,*,#11512,.T.);
#11740 = ORIENTED_EDGE('',*,*,#11497,.T.);
#11741 = ORIENTED_EDGE('',*,*,#11742,.F.);
#11742 = EDGE_CURVE('',#11538,#11490,#11743,.T.);
#11743 = ELLIPSE('',#11744,2.828427124746,2.);
#11744 = AXIS2_PLACEMENT_3D('',#11745,#11746,#11747);
#11745 = CARTESIAN_POINT('',(82.,22.,1.5));
#11746 = DIRECTION('',(0.707106781187,0.707106781187,0.));
#11747 = DIRECTION('',(0.707106781187,-0.707106781187,0.));
#11748 = CYLINDRICAL_SURFACE('',#11749,2.);
#11749 = AXIS2_PLACEMENT_3D('',#11750,#11751,#11752);
#11750 = CARTESIAN_POINT('',(70.,22.,1.5));
#11751 = DIRECTION('',(1.,0.,0.));
#11752 = DIRECTION('',(0.,1.,0.));
#11753 = ADVANCED_FACE('',(#11754),#11787,.T.);
#11754 = FACE_BOUND('',#11755,.T.);
#11755 = EDGE_LOOP('',(#11756,#11764,#11765,#11773,#11781));
#11756 = ORIENTED_EDGE('',*,*,#11757,.F.);
#11757 = EDGE_CURVE('',#11490,#11758,#11760,.T.);
#11758 = VERTEX_POINT('',#11759);
#11759 = CARTESIAN_POINT('',(82.,110.,3.5));
#11760 = LINE('',#11761,#11762);
#11761 = CARTESIAN_POINT('',(82.,20.,3.5));
#11762 = VECTOR('',#11763,1.);
#11763 = DIRECTION('',(0.,1.,0.));
#11764 = ORIENTED_EDGE('',*,*,#11489,.T.);
#11765 = ORIENTED_EDGE('',*,*,#11766,.T.);
#11766 = EDGE_CURVE('',#11482,#11767,#11769,.T.);
#11767 = VERTEX_POINT('',#11768);
#11768 = CARTESIAN_POINT('',(84.4,22.,3.5));
#11769 = LINE('',#11770,#11771);
#11770 = CARTESIAN_POINT('',(80.,22.,3.5));
#11771 = VECTOR('',#11772,1.);
#11772 = DIRECTION('',(1.,0.,0.));
#11773 = ORIENTED_EDGE('',*,*,#11774,.T.);
#11774 = EDGE_CURVE('',#11767,#11775,#11777,.T.);
#11775 = VERTEX_POINT('',#11776);
#11776 = CARTESIAN_POINT('',(84.4,110.,3.5));
#11777 = LINE('',#11778,#11779);
#11778 = CARTESIAN_POINT('',(84.4,20.,3.5));
#11779 = VECTOR('',#11780,1.);
#11780 = DIRECTION('',(0.,1.,0.));
#11781 = ORIENTED_EDGE('',*,*,#11782,.F.);
#11782 = EDGE_CURVE('',#11758,#11775,#11783,.T.);
#11783 = LINE('',#11784,#11785);
#11784 = CARTESIAN_POINT('',(80.,110.,3.5));
#11785 = VECTOR('',#11786,1.);
#11786 = DIRECTION('',(1.,0.,0.));
#11787 = PLANE('',#11788);
#11788 = AXIS2_PLACEMENT_3D('',#11789,#11790,#11791);
#11789 = CARTESIAN_POINT('',(80.,20.,3.5));
#11790 = DIRECTION('',(0.,0.,1.));
#11791 = DIRECTION('',(1.,0.,0.));
#11792 = ADVANCED_FACE('',(#11793),#11841,.T.);
#11793 = FACE_BOUND('',#11794,.F.);
#11794 = EDGE_LOOP('',(#11795,#11802,#11803,#11812,#11835));
#11795 = ORIENTED_EDGE('',*,*,#11796,.F.);
#11796 = EDGE_CURVE('',#11474,#11598,#11797,.T.);
#11797 = CIRCLE('',#11798,2.);
#11798 = AXIS2_PLACEMENT_3D('',#11799,#11800,#11801);
#11799 = CARTESIAN_POINT('',(83.,4.,1.5));
#11800 = DIRECTION('',(-0.,1.,0.));
#11801 = DIRECTION('',(1.,0.,0.));
#11802 = ORIENTED_EDGE('',*,*,#11481,.T.);
#11803 = ORIENTED_EDGE('',*,*,#11804,.T.);
#11804 = EDGE_CURVE('',#11482,#11805,#11807,.T.);
#11805 = VERTEX_POINT('',#11806);
#11806 = CARTESIAN_POINT('',(84.4,20.6,2.928285685709));
#11807 = ELLIPSE('',#11808,2.828427124746,2.);
#11808 = AXIS2_PLACEMENT_3D('',#11809,#11810,#11811);
#11809 = CARTESIAN_POINT('',(83.,22.,1.5));
#11810 = DIRECTION('',(0.707106781187,0.707106781187,-0.));
#11811 = DIRECTION('',(-0.707106781187,0.707106781187,0.));
#11812 = ORIENTED_EDGE('',*,*,#11813,.F.);
#11813 = EDGE_CURVE('',#11814,#11805,#11816,.T.);
#11814 = VERTEX_POINT('',#11815);
#11815 = CARTESIAN_POINT('',(85.,20.092121597166,1.5));
#11816 = B_SPLINE_CURVE_WITH_KNOTS('',5,(#11817,#11818,#11819,#11820,
    #11821,#11822,#11823,#11824,#11825,#11826,#11827,#11828,#11829,
    #11830,#11831,#11832,#11833,#11834),.UNSPECIFIED.,.F.,.F.,(6,4,4,4,6
    ),(0.,0.273897934905,0.560364981389,0.76881691451,1.),
  .UNSPECIFIED.);
#11817 = CARTESIAN_POINT('',(85.,20.092121597166,1.5));
#11818 = CARTESIAN_POINT('',(85.,20.092121597166,1.596087632703));
#11819 = CARTESIAN_POINT('',(84.994229333041,20.096356284013,
    1.692183020457));
#11820 = CARTESIAN_POINT('',(84.982687092597,20.104825193484,
    1.787427005079));
#11821 = CARTESIAN_POINT('',(84.96561425391,20.117449444518,
    1.881019169073));
#11822 = CARTESIAN_POINT('',(84.920257945896,20.151480346872,
    2.067672461557));
#11823 = CARTESIAN_POINT('',(84.89149284984,20.173265656057,
    2.160524685004));
#11824 = CARTESIAN_POINT('',(84.857642404402,20.199273482708,
    2.250011463339));
#11825 = CARTESIAN_POINT('',(84.819398751452,20.229278415565,
    2.335541409173));
#11826 = CARTESIAN_POINT('',(84.747075359331,20.287570790471,
    2.475778844103));
#11827 = CARTESIAN_POINT('',(84.714696837969,20.314101543029,
    2.532539404314));
#11828 = CARTESIAN_POINT('',(84.680697848438,20.342512054901,
    2.586844041522));
#11829 = CARTESIAN_POINT('',(84.645394530977,20.372695844725,
    2.638600504876));
#11830 = CARTESIAN_POINT('',(84.568854243607,20.439859222886,
    2.742292021176));
#11831 = CARTESIAN_POINT('',(84.527390254346,20.4772207533,2.7936308348)
  );
#11832 = CARTESIAN_POINT('',(84.485141832841,20.516474090998,
    2.841724279059));
#11833 = CARTESIAN_POINT('',(84.442542216388,20.557457783612,
    2.886585972872));
#11834 = CARTESIAN_POINT('',(84.4,20.6,2.928285685709));
#11835 = ORIENTED_EDGE('',*,*,#11836,.F.);
#11836 = EDGE_CURVE('',#11598,#11814,#11837,.T.);
#11837 = LINE('',#11838,#11839);
#11838 = CARTESIAN_POINT('',(85.,2.,1.5));
#11839 = VECTOR('',#11840,1.);
#11840 = DIRECTION('',(0.,1.,0.));
#11841 = CYLINDRICAL_SURFACE('',#11842,2.);
#11842 = AXIS2_PLACEMENT_3D('',#11843,#11844,#11845);
#11843 = CARTESIAN_POINT('',(83.,2.,1.5));
#11844 = DIRECTION('',(0.,1.,0.));
#11845 = DIRECTION('',(1.,0.,0.));
#11846 = ADVANCED_FACE('',(#11847),#11872,.F.);
#11847 = FACE_BOUND('',#11848,.F.);
#11848 = EDGE_LOOP('',(#11849,#11850,#11858,#11866));
#11849 = ORIENTED_EDGE('',*,*,#11545,.T.);
#11850 = ORIENTED_EDGE('',*,*,#11851,.T.);
#11851 = EDGE_CURVE('',#11529,#11852,#11854,.T.);
#11852 = VERTEX_POINT('',#11853);
#11853 = CARTESIAN_POINT('',(80.,110.,-1.5));
#11854 = LINE('',#11855,#11856);
#11855 = CARTESIAN_POINT('',(80.,20.,-1.5));
#11856 = VECTOR('',#11857,1.);
#11857 = DIRECTION('',(0.,1.,0.));
#11858 = ORIENTED_EDGE('',*,*,#11859,.T.);
#11859 = EDGE_CURVE('',#11852,#11860,#11862,.T.);
#11860 = VERTEX_POINT('',#11861);
#11861 = CARTESIAN_POINT('',(80.,110.,1.5));
#11862 = LINE('',#11863,#11864);
#11863 = CARTESIAN_POINT('',(80.,110.,-3.5));
#11864 = VECTOR('',#11865,1.);
#11865 = DIRECTION('',(0.,0.,1.));
#11866 = ORIENTED_EDGE('',*,*,#11867,.F.);
#11867 = EDGE_CURVE('',#11538,#11860,#11868,.T.);
#11868 = LINE('',#11869,#11870);
#11869 = CARTESIAN_POINT('',(80.,20.,1.5));
#11870 = VECTOR('',#11871,1.);
#11871 = DIRECTION('',(0.,1.,0.));
#11872 = PLANE('',#11873);
#11873 = AXIS2_PLACEMENT_3D('',#11874,#11875,#11876);
#11874 = CARTESIAN_POINT('',(80.,20.,-3.5));
#11875 = DIRECTION('',(1.,0.,0.));
#11876 = DIRECTION('',(0.,0.,1.));
#11877 = ADVANCED_FACE('',(#11878),#11883,.T.);
#11878 = FACE_BOUND('',#11879,.F.);
#11879 = EDGE_LOOP('',(#11880,#11881,#11882));
#11880 = ORIENTED_EDGE('',*,*,#11685,.F.);
#11881 = ORIENTED_EDGE('',*,*,#11561,.T.);
#11882 = ORIENTED_EDGE('',*,*,#11605,.F.);
#11883 = SPHERICAL_SURFACE('',#11884,2.);
#11884 = AXIS2_PLACEMENT_3D('',#11885,#11886,#11887);
#11885 = CARTESIAN_POINT('',(83.,4.,-1.5));
#11886 = DIRECTION('',(0.,0.,1.));
#11887 = DIRECTION('',(1.,0.,0.));
#11888 = ADVANCED_FACE('',(#11889),#11894,.T.);
#11889 = FACE_BOUND('',#11890,.T.);
#11890 = EDGE_LOOP('',(#11891,#11892,#11893));
#11891 = ORIENTED_EDGE('',*,*,#11796,.F.);
#11892 = ORIENTED_EDGE('',*,*,#11579,.T.);
#11893 = ORIENTED_EDGE('',*,*,#11613,.F.);
#11894 = SPHERICAL_SURFACE('',#11895,2.);
#11895 = AXIS2_PLACEMENT_3D('',#11896,#11897,#11898);
#11896 = CARTESIAN_POINT('',(83.,4.,1.5));
#11897 = DIRECTION('',(-0.,-0.,-1.));
#11898 = DIRECTION('',(1.,0.,0.));
#11899 = ADVANCED_FACE('',(#11900),#11911,.T.);
#11900 = FACE_BOUND('',#11901,.T.);
#11901 = EDGE_LOOP('',(#11902,#11903,#11904,#11910));
#11902 = ORIENTED_EDGE('',*,*,#11595,.F.);
#11903 = ORIENTED_EDGE('',*,*,#11725,.T.);
#11904 = ORIENTED_EDGE('',*,*,#11905,.T.);
#11905 = EDGE_CURVE('',#11703,#11814,#11906,.T.);
#11906 = LINE('',#11907,#11908);
#11907 = CARTESIAN_POINT('',(85.,20.092121597166,-3.5));
#11908 = VECTOR('',#11909,1.);
#11909 = DIRECTION('',(0.,0.,1.));
#11910 = ORIENTED_EDGE('',*,*,#11836,.F.);
#11911 = PLANE('',#11912);
#11912 = AXIS2_PLACEMENT_3D('',#11913,#11914,#11915);
#11913 = CARTESIAN_POINT('',(85.,2.,-3.5));
#11914 = DIRECTION('',(1.,0.,0.));
#11915 = DIRECTION('',(0.,0.,1.));
#11916 = ADVANCED_FACE('',(#11917),#11929,.T.);
#11917 = FACE_BOUND('',#11918,.F.);
#11918 = EDGE_LOOP('',(#11919,#11920,#11921,#11928));
#11919 = ORIENTED_EDGE('',*,*,#11630,.F.);
#11920 = ORIENTED_EDGE('',*,*,#11646,.T.);
#11921 = ORIENTED_EDGE('',*,*,#11922,.T.);
#11922 = EDGE_CURVE('',#11647,#11852,#11923,.T.);
#11923 = CIRCLE('',#11924,2.);
#11924 = AXIS2_PLACEMENT_3D('',#11925,#11926,#11927);
#11925 = CARTESIAN_POINT('',(82.,110.,-1.5));
#11926 = DIRECTION('',(0.,1.,-0.));
#11927 = DIRECTION('',(-1.,0.,0.));
#11928 = ORIENTED_EDGE('',*,*,#11851,.F.);
#11929 = CYLINDRICAL_SURFACE('',#11930,2.);
#11930 = AXIS2_PLACEMENT_3D('',#11931,#11932,#11933);
#11931 = CARTESIAN_POINT('',(82.,20.,-1.5));
#11932 = DIRECTION('',(0.,1.,0.));
#11933 = DIRECTION('',(-1.,0.,0.));
#11934 = ADVANCED_FACE('',(#11935),#11946,.T.);
#11935 = FACE_BOUND('',#11936,.T.);
#11936 = EDGE_LOOP('',(#11937,#11938,#11939));
#11937 = ORIENTED_EDGE('',*,*,#11693,.T.);
#11938 = ORIENTED_EDGE('',*,*,#11655,.T.);
#11939 = ORIENTED_EDGE('',*,*,#11940,.T.);
#11940 = EDGE_CURVE('',#11656,#11694,#11941,.T.);
#11941 = CIRCLE('',#11942,2.);
#11942 = AXIS2_PLACEMENT_3D('',#11943,#11944,#11945);
#11943 = CARTESIAN_POINT('',(84.4,22.,-1.5));
#11944 = DIRECTION('',(-1.,-6.123233995737E-17,0.));
#11945 = DIRECTION('',(6.123233995737E-17,-1.,0.));
#11946 = CYLINDRICAL_SURFACE('',#11947,2.);
#11947 = AXIS2_PLACEMENT_3D('',#11948,#11949,#11950);
#11948 = CARTESIAN_POINT('',(80.,22.,-1.5));
#11949 = DIRECTION('',(1.,0.,0.));
#11950 = DIRECTION('',(0.,-1.,0.));
#11951 = ADVANCED_FACE('',(#11952),#11979,.T.);
#11952 = FACE_BOUND('',#11953,.F.);
#11953 = EDGE_LOOP('',(#11954,#11963,#11964,#11973));
#11954 = ORIENTED_EDGE('',*,*,#11955,.F.);
#11955 = EDGE_CURVE('',#11647,#11956,#11958,.T.);
#11956 = VERTEX_POINT('',#11957);
#11957 = CARTESIAN_POINT('',(82.,112.,-1.5));
#11958 = CIRCLE('',#11959,2.);
#11959 = AXIS2_PLACEMENT_3D('',#11960,#11961,#11962);
#11960 = CARTESIAN_POINT('',(82.,110.,-1.5));
#11961 = DIRECTION('',(1.,6.123233995737E-17,-0.));
#11962 = DIRECTION('',(-6.123233995737E-17,1.,0.));
#11963 = ORIENTED_EDGE('',*,*,#11671,.T.);
#11964 = ORIENTED_EDGE('',*,*,#11965,.T.);
#11965 = EDGE_CURVE('',#11664,#11966,#11968,.T.);
#11966 = VERTEX_POINT('',#11967);
#11967 = CARTESIAN_POINT('',(84.4,112.,-1.5));
#11968 = CIRCLE('',#11969,2.);
#11969 = AXIS2_PLACEMENT_3D('',#11970,#11971,#11972);
#11970 = CARTESIAN_POINT('',(84.4,110.,-1.5));
#11971 = DIRECTION('',(1.,-6.123233995737E-17,0.));
#11972 = DIRECTION('',(6.123233995737E-17,1.,0.));
#11973 = ORIENTED_EDGE('',*,*,#11974,.F.);
#11974 = EDGE_CURVE('',#11956,#11966,#11975,.T.);
#11975 = LINE('',#11976,#11977);
#11976 = CARTESIAN_POINT('',(80.,112.,-1.5));
#11977 = VECTOR('',#11978,1.);
#11978 = DIRECTION('',(1.,0.,0.));
#11979 = CYLINDRICAL_SURFACE('',#11980,2.);
#11980 = AXIS2_PLACEMENT_3D('',#11981,#11982,#11983);
#11981 = CARTESIAN_POINT('',(80.,110.,-1.5));
#11982 = DIRECTION('',(1.,0.,0.));
#11983 = DIRECTION('',(0.,1.,0.));
#11984 = ADVANCED_FACE('',(#11985),#12012,.T.);
#11985 = FACE_BOUND('',#11986,.T.);
#11986 = EDGE_LOOP('',(#11987,#11996,#11997,#12006));
#11987 = ORIENTED_EDGE('',*,*,#11988,.F.);
#11988 = EDGE_CURVE('',#11656,#11989,#11991,.T.);
#11989 = VERTEX_POINT('',#11990);
#11990 = CARTESIAN_POINT('',(86.4,22.,-1.5));
#11991 = CIRCLE('',#11992,2.);
#11992 = AXIS2_PLACEMENT_3D('',#11993,#11994,#11995);
#11993 = CARTESIAN_POINT('',(84.4,22.,-1.5));
#11994 = DIRECTION('',(0.,-1.,0.));
#11995 = DIRECTION('',(1.,0.,0.));
#11996 = ORIENTED_EDGE('',*,*,#11663,.T.);
#11997 = ORIENTED_EDGE('',*,*,#11998,.T.);
#11998 = EDGE_CURVE('',#11664,#11999,#12001,.T.);
#11999 = VERTEX_POINT('',#12000);
#12000 = CARTESIAN_POINT('',(86.4,110.,-1.5));
#12001 = CIRCLE('',#12002,2.);
#12002 = AXIS2_PLACEMENT_3D('',#12003,#12004,#12005);
#12003 = CARTESIAN_POINT('',(84.4,110.,-1.5));
#12004 = DIRECTION('',(0.,-1.,0.));
#12005 = DIRECTION('',(1.,0.,0.));
#12006 = ORIENTED_EDGE('',*,*,#12007,.F.);
#12007 = EDGE_CURVE('',#11989,#11999,#12008,.T.);
#12008 = LINE('',#12009,#12010);
#12009 = CARTESIAN_POINT('',(86.4,20.,-1.5));
#12010 = VECTOR('',#12011,1.);
#12011 = DIRECTION('',(0.,1.,0.));
#12012 = CYLINDRICAL_SURFACE('',#12013,2.);
#12013 = AXIS2_PLACEMENT_3D('',#12014,#12015,#12016);
#12014 = CARTESIAN_POINT('',(84.4,20.,-1.5));
#12015 = DIRECTION('',(0.,1.,0.));
#12016 = DIRECTION('',(1.,0.,0.));
#12017 = ADVANCED_FACE('',(#12018),#12030,.T.);
#12018 = FACE_BOUND('',#12019,.F.);
#12019 = EDGE_LOOP('',(#12020,#12021,#12022,#12023));
#12020 = ORIENTED_EDGE('',*,*,#11988,.F.);
#12021 = ORIENTED_EDGE('',*,*,#11940,.T.);
#12022 = ORIENTED_EDGE('',*,*,#11702,.F.);
#12023 = ORIENTED_EDGE('',*,*,#12024,.F.);
#12024 = EDGE_CURVE('',#11989,#11703,#12025,.T.);
#12025 = CIRCLE('',#12026,2.);
#12026 = AXIS2_PLACEMENT_3D('',#12027,#12028,#12029);
#12027 = CARTESIAN_POINT('',(84.4,22.,-1.5));
#12028 = DIRECTION('',(0.,0.,-1.));
#12029 = DIRECTION('',(1.,0.,0.));
#12030 = SPHERICAL_SURFACE('',#12031,2.);
#12031 = AXIS2_PLACEMENT_3D('',#12032,#12033,#12034);
#12032 = CARTESIAN_POINT('',(84.4,22.,-1.5));
#12033 = DIRECTION('',(0.,0.,1.));
#12034 = DIRECTION('',(1.,0.,0.));
#12035 = ADVANCED_FACE('',(#12036),#12048,.T.);
#12036 = FACE_BOUND('',#12037,.T.);
#12037 = EDGE_LOOP('',(#12038,#12039,#12040,#12047));
#12038 = ORIENTED_EDGE('',*,*,#11742,.T.);
#12039 = ORIENTED_EDGE('',*,*,#11757,.T.);
#12040 = ORIENTED_EDGE('',*,*,#12041,.F.);
#12041 = EDGE_CURVE('',#11860,#11758,#12042,.T.);
#12042 = CIRCLE('',#12043,2.);
#12043 = AXIS2_PLACEMENT_3D('',#12044,#12045,#12046);
#12044 = CARTESIAN_POINT('',(82.,110.,1.5));
#12045 = DIRECTION('',(0.,1.,-0.));
#12046 = DIRECTION('',(-1.,0.,2.22044604925E-16));
#12047 = ORIENTED_EDGE('',*,*,#11867,.F.);
#12048 = CYLINDRICAL_SURFACE('',#12049,2.);
#12049 = AXIS2_PLACEMENT_3D('',#12050,#12051,#12052);
#12050 = CARTESIAN_POINT('',(82.,20.,1.5));
#12051 = DIRECTION('',(0.,1.,0.));
#12052 = DIRECTION('',(-1.,0.,0.));
#12053 = ADVANCED_FACE('',(#12054),#12065,.T.);
#12054 = FACE_BOUND('',#12055,.F.);
#12055 = EDGE_LOOP('',(#12056,#12057,#12058));
#12056 = ORIENTED_EDGE('',*,*,#11804,.F.);
#12057 = ORIENTED_EDGE('',*,*,#11766,.T.);
#12058 = ORIENTED_EDGE('',*,*,#12059,.T.);
#12059 = EDGE_CURVE('',#11767,#11805,#12060,.T.);
#12060 = CIRCLE('',#12061,2.);
#12061 = AXIS2_PLACEMENT_3D('',#12062,#12063,#12064);
#12062 = CARTESIAN_POINT('',(84.4,22.,1.5));
#12063 = DIRECTION('',(1.,6.123233995737E-17,0.));
#12064 = DIRECTION('',(6.123233995737E-17,-1.,0.));
#12065 = CYLINDRICAL_SURFACE('',#12066,2.);
#12066 = AXIS2_PLACEMENT_3D('',#12067,#12068,#12069);
#12067 = CARTESIAN_POINT('',(80.,22.,1.5));
#12068 = DIRECTION('',(1.,0.,0.));
#12069 = DIRECTION('',(0.,-1.,0.));
#12070 = ADVANCED_FACE('',(#12071),#12098,.T.);
#12071 = FACE_BOUND('',#12072,.T.);
#12072 = EDGE_LOOP('',(#12073,#12082,#12083,#12092));
#12073 = ORIENTED_EDGE('',*,*,#12074,.T.);
#12074 = EDGE_CURVE('',#12075,#11758,#12077,.T.);
#12075 = VERTEX_POINT('',#12076);
#12076 = CARTESIAN_POINT('',(82.,112.,1.5));
#12077 = CIRCLE('',#12078,2.);
#12078 = AXIS2_PLACEMENT_3D('',#12079,#12080,#12081);
#12079 = CARTESIAN_POINT('',(82.,110.,1.5));
#12080 = DIRECTION('',(1.,0.,6.123233995737E-17));
#12081 = DIRECTION('',(-6.123233995737E-17,0.,1.));
#12082 = ORIENTED_EDGE('',*,*,#11782,.T.);
#12083 = ORIENTED_EDGE('',*,*,#12084,.F.);
#12084 = EDGE_CURVE('',#12085,#11775,#12087,.T.);
#12085 = VERTEX_POINT('',#12086);
#12086 = CARTESIAN_POINT('',(84.4,112.,1.5));
#12087 = CIRCLE('',#12088,2.);
#12088 = AXIS2_PLACEMENT_3D('',#12089,#12090,#12091);
#12089 = CARTESIAN_POINT('',(84.4,110.,1.5));
#12090 = DIRECTION('',(1.,0.,-6.123233995737E-17));
#12091 = DIRECTION('',(6.123233995737E-17,0.,1.));
#12092 = ORIENTED_EDGE('',*,*,#12093,.F.);
#12093 = EDGE_CURVE('',#12075,#12085,#12094,.T.);
#12094 = LINE('',#12095,#12096);
#12095 = CARTESIAN_POINT('',(80.,112.,1.5));
#12096 = VECTOR('',#12097,1.);
#12097 = DIRECTION('',(1.,0.,0.));
#12098 = CYLINDRICAL_SURFACE('',#12099,2.);
#12099 = AXIS2_PLACEMENT_3D('',#12100,#12101,#12102);
#12100 = CARTESIAN_POINT('',(80.,110.,1.5));
#12101 = DIRECTION('',(1.,0.,0.));
#12102 = DIRECTION('',(0.,1.,0.));
#12103 = ADVANCED_FACE('',(#12104),#12131,.T.);
#12104 = FACE_BOUND('',#12105,.F.);
#12105 = EDGE_LOOP('',(#12106,#12115,#12116,#12125));
#12106 = ORIENTED_EDGE('',*,*,#12107,.F.);
#12107 = EDGE_CURVE('',#11767,#12108,#12110,.T.);
#12108 = VERTEX_POINT('',#12109);
#12109 = CARTESIAN_POINT('',(86.4,22.,1.5));
#12110 = CIRCLE('',#12111,2.);
#12111 = AXIS2_PLACEMENT_3D('',#12112,#12113,#12114);
#12112 = CARTESIAN_POINT('',(84.4,22.,1.5));
#12113 = DIRECTION('',(-0.,1.,0.));
#12114 = DIRECTION('',(1.,0.,0.));
#12115 = ORIENTED_EDGE('',*,*,#11774,.T.);
#12116 = ORIENTED_EDGE('',*,*,#12117,.F.);
#12117 = EDGE_CURVE('',#12118,#11775,#12120,.T.);
#12118 = VERTEX_POINT('',#12119);
#12119 = CARTESIAN_POINT('',(86.4,110.,1.5));
#12120 = CIRCLE('',#12121,2.);
#12121 = AXIS2_PLACEMENT_3D('',#12122,#12123,#12124);
#12122 = CARTESIAN_POINT('',(84.4,110.,1.5));
#12123 = DIRECTION('',(0.,-1.,0.));
#12124 = DIRECTION('',(1.,0.,2.22044604925E-16));
#12125 = ORIENTED_EDGE('',*,*,#12126,.F.);
#12126 = EDGE_CURVE('',#12108,#12118,#12127,.T.);
#12127 = LINE('',#12128,#12129);
#12128 = CARTESIAN_POINT('',(86.4,20.,1.5));
#12129 = VECTOR('',#12130,1.);
#12130 = DIRECTION('',(0.,1.,0.));
#12131 = CYLINDRICAL_SURFACE('',#12132,2.);
#12132 = AXIS2_PLACEMENT_3D('',#12133,#12134,#12135);
#12133 = CARTESIAN_POINT('',(84.4,20.,1.5));
#12134 = DIRECTION('',(0.,1.,0.));
#12135 = DIRECTION('',(1.,0.,0.));
#12136 = ADVANCED_FACE('',(#12137),#12149,.T.);
#12137 = FACE_BOUND('',#12138,.T.);
#12138 = EDGE_LOOP('',(#12139,#12140,#12141,#12142));
#12139 = ORIENTED_EDGE('',*,*,#12107,.F.);
#12140 = ORIENTED_EDGE('',*,*,#12059,.T.);
#12141 = ORIENTED_EDGE('',*,*,#11813,.F.);
#12142 = ORIENTED_EDGE('',*,*,#12143,.F.);
#12143 = EDGE_CURVE('',#12108,#11814,#12144,.T.);
#12144 = CIRCLE('',#12145,2.);
#12145 = AXIS2_PLACEMENT_3D('',#12146,#12147,#12148);
#12146 = CARTESIAN_POINT('',(84.4,22.,1.5));
#12147 = DIRECTION('',(0.,0.,-1.));
#12148 = DIRECTION('',(1.,0.,0.));
#12149 = SPHERICAL_SURFACE('',#12150,2.);
#12150 = AXIS2_PLACEMENT_3D('',#12151,#12152,#12153);
#12151 = CARTESIAN_POINT('',(84.4,22.,1.5));
#12152 = DIRECTION('',(-0.,-0.,-1.));
#12153 = DIRECTION('',(1.,0.,0.));
#12154 = ADVANCED_FACE('',(#12155),#12178,.T.);
#12155 = FACE_BOUND('',#12156,.F.);
#12156 = EDGE_LOOP('',(#12157,#12158,#12165,#12171));
#12157 = ORIENTED_EDGE('',*,*,#11859,.F.);
#12158 = ORIENTED_EDGE('',*,*,#12159,.T.);
#12159 = EDGE_CURVE('',#11852,#11956,#12160,.T.);
#12160 = CIRCLE('',#12161,2.);
#12161 = AXIS2_PLACEMENT_3D('',#12162,#12163,#12164);
#12162 = CARTESIAN_POINT('',(82.,110.,-1.5));
#12163 = DIRECTION('',(0.,0.,-1.));
#12164 = DIRECTION('',(-1.,0.,0.));
#12165 = ORIENTED_EDGE('',*,*,#12166,.T.);
#12166 = EDGE_CURVE('',#11956,#12075,#12167,.T.);
#12167 = LINE('',#12168,#12169);
#12168 = CARTESIAN_POINT('',(82.,112.,-3.5));
#12169 = VECTOR('',#12170,1.);
#12170 = DIRECTION('',(0.,0.,1.));
#12171 = ORIENTED_EDGE('',*,*,#12172,.T.);
#12172 = EDGE_CURVE('',#12075,#11860,#12173,.T.);
#12173 = CIRCLE('',#12174,2.);
#12174 = AXIS2_PLACEMENT_3D('',#12175,#12176,#12177);
#12175 = CARTESIAN_POINT('',(82.,110.,1.5));
#12176 = DIRECTION('',(2.22044604925E-16,0.,1.));
#12177 = DIRECTION('',(-1.,0.,2.22044604925E-16));
#12178 = CYLINDRICAL_SURFACE('',#12179,2.);
#12179 = AXIS2_PLACEMENT_3D('',#12180,#12181,#12182);
#12180 = CARTESIAN_POINT('',(82.,110.,-3.5));
#12181 = DIRECTION('',(0.,0.,1.));
#12182 = DIRECTION('',(-1.,0.,0.));
#12183 = ADVANCED_FACE('',(#12184),#12195,.T.);
#12184 = FACE_BOUND('',#12185,.F.);
#12185 = EDGE_LOOP('',(#12186,#12192,#12193,#12194));
#12186 = ORIENTED_EDGE('',*,*,#12187,.F.);
#12187 = EDGE_CURVE('',#11989,#12108,#12188,.T.);
#12188 = LINE('',#12189,#12190);
#12189 = CARTESIAN_POINT('',(86.4,22.,-3.5));
#12190 = VECTOR('',#12191,1.);
#12191 = DIRECTION('',(0.,0.,1.));
#12192 = ORIENTED_EDGE('',*,*,#12024,.T.);
#12193 = ORIENTED_EDGE('',*,*,#11905,.T.);
#12194 = ORIENTED_EDGE('',*,*,#12143,.F.);
#12195 = CYLINDRICAL_SURFACE('',#12196,2.);
#12196 = AXIS2_PLACEMENT_3D('',#12197,#12198,#12199);
#12197 = CARTESIAN_POINT('',(84.4,22.,-3.5));
#12198 = DIRECTION('',(0.,0.,1.));
#12199 = DIRECTION('',(1.,0.,0.));
#12200 = ADVANCED_FACE('',(#12201),#12206,.T.);
#12201 = FACE_BOUND('',#12202,.F.);
#12202 = EDGE_LOOP('',(#12203,#12204,#12205));
#12203 = ORIENTED_EDGE('',*,*,#11922,.F.);
#12204 = ORIENTED_EDGE('',*,*,#11955,.T.);
#12205 = ORIENTED_EDGE('',*,*,#12159,.F.);
#12206 = SPHERICAL_SURFACE('',#12207,2.);
#12207 = AXIS2_PLACEMENT_3D('',#12208,#12209,#12210);
#12208 = CARTESIAN_POINT('',(82.,110.,-1.5));
#12209 = DIRECTION('',(0.,0.,1.));
#12210 = DIRECTION('',(-1.,0.,0.));
#12211 = ADVANCED_FACE('',(#12212,#12226),#12237,.F.);
#12212 = FACE_BOUND('',#12213,.F.);
#12213 = EDGE_LOOP('',(#12214));
#12214 = ORIENTED_EDGE('',*,*,#12215,.T.);
#12215 = EDGE_CURVE('',#12216,#12216,#12218,.T.);
#12216 = VERTEX_POINT('',#12217);
#12217 = CARTESIAN_POINT('',(86.4,112.,0.));
#12218 = ( BOUNDED_CURVE() B_SPLINE_CURVE(6,(#12219,#12220,#12221,#12222
    ,#12223,#12224,#12225),.UNSPECIFIED.,.T.,.F.) 
B_SPLINE_CURVE_WITH_KNOTS((1,6,6,1),(-6.28318530718,0.,6.28318530718,
12.566370614359),.UNSPECIFIED.) CURVE() GEOMETRIC_REPRESENTATION_ITEM() 
RATIONAL_B_SPLINE_CURVE((1.669078461068,1.03672962321,1.038346699848,
    0.853534330196,1.038346699848,1.03672962321,1.669078461068)) 
REPRESENTATION_ITEM('') );
#12219 = CARTESIAN_POINT('',(86.4,112.,0.));
#12220 = CARTESIAN_POINT('',(86.4,112.,-5.316937841827));
#12221 = CARTESIAN_POINT('',(79.825445790246,112.,-6.080359626386));
#12222 = CARTESIAN_POINT('',(74.402825852773,112.,-8.881784197001E-15));
#12223 = CARTESIAN_POINT('',(79.825445790246,112.,6.080359626386));
#12224 = CARTESIAN_POINT('',(86.4,112.,5.316937841827));
#12225 = CARTESIAN_POINT('',(86.4,112.,0.));
#12226 = FACE_BOUND('',#12227,.F.);
#12227 = EDGE_LOOP('',(#12228,#12229,#12230,#12236));
#12228 = ORIENTED_EDGE('',*,*,#12166,.F.);
#12229 = ORIENTED_EDGE('',*,*,#11974,.T.);
#12230 = ORIENTED_EDGE('',*,*,#12231,.T.);
#12231 = EDGE_CURVE('',#11966,#12085,#12232,.T.);
#12232 = LINE('',#12233,#12234);
#12233 = CARTESIAN_POINT('',(84.4,112.,-3.5));
#12234 = VECTOR('',#12235,1.);
#12235 = DIRECTION('',(0.,0.,1.));
#12236 = ORIENTED_EDGE('',*,*,#12093,.F.);
#12237 = PLANE('',#12238);
#12238 = AXIS2_PLACEMENT_3D('',#12239,#12240,#12241);
#12239 = CARTESIAN_POINT('',(83.200506954352,112.,-8.234156919165E-15));
#12240 = DIRECTION('',(-8.899287193265E-15,1.,-7.684790931059E-15));
#12241 = DIRECTION('',(1.,8.899287193265E-15,0.));
#12242 = ADVANCED_FACE('',(#12243),#12254,.T.);
#12243 = FACE_BOUND('',#12244,.T.);
#12244 = EDGE_LOOP('',(#12245,#12246,#12247));
#12245 = ORIENTED_EDGE('',*,*,#11998,.F.);
#12246 = ORIENTED_EDGE('',*,*,#11965,.T.);
#12247 = ORIENTED_EDGE('',*,*,#12248,.F.);
#12248 = EDGE_CURVE('',#11999,#11966,#12249,.T.);
#12249 = CIRCLE('',#12250,2.);
#12250 = AXIS2_PLACEMENT_3D('',#12251,#12252,#12253);
#12251 = CARTESIAN_POINT('',(84.4,110.,-1.5));
#12252 = DIRECTION('',(0.,0.,1.));
#12253 = DIRECTION('',(1.,0.,0.));
#12254 = SPHERICAL_SURFACE('',#12255,2.);
#12255 = AXIS2_PLACEMENT_3D('',#12256,#12257,#12258);
#12256 = CARTESIAN_POINT('',(84.4,110.,-1.5));
#12257 = DIRECTION('',(0.,0.,1.));
#12258 = DIRECTION('',(1.,0.,0.));
#12259 = ADVANCED_FACE('',(#12260),#12271,.T.);
#12260 = FACE_BOUND('',#12261,.T.);
#12261 = EDGE_LOOP('',(#12262,#12263,#12264,#12270));
#12262 = ORIENTED_EDGE('',*,*,#12187,.F.);
#12263 = ORIENTED_EDGE('',*,*,#12007,.T.);
#12264 = ORIENTED_EDGE('',*,*,#12265,.T.);
#12265 = EDGE_CURVE('',#11999,#12118,#12266,.T.);
#12266 = LINE('',#12267,#12268);
#12267 = CARTESIAN_POINT('',(86.4,110.,-3.5));
#12268 = VECTOR('',#12269,1.);
#12269 = DIRECTION('',(0.,0.,1.));
#12270 = ORIENTED_EDGE('',*,*,#12126,.F.);
#12271 = PLANE('',#12272);
#12272 = AXIS2_PLACEMENT_3D('',#12273,#12274,#12275);
#12273 = CARTESIAN_POINT('',(86.4,20.,-3.5));
#12274 = DIRECTION('',(1.,0.,0.));
#12275 = DIRECTION('',(0.,0.,1.));
#12276 = ADVANCED_FACE('',(#12277),#12282,.T.);
#12277 = FACE_BOUND('',#12278,.F.);
#12278 = EDGE_LOOP('',(#12279,#12280,#12281));
#12279 = ORIENTED_EDGE('',*,*,#12172,.F.);
#12280 = ORIENTED_EDGE('',*,*,#12074,.T.);
#12281 = ORIENTED_EDGE('',*,*,#12041,.F.);
#12282 = SPHERICAL_SURFACE('',#12283,2.);
#12283 = AXIS2_PLACEMENT_3D('',#12284,#12285,#12286);
#12284 = CARTESIAN_POINT('',(82.,110.,1.5));
#12285 = DIRECTION('',(0.,-1.,0.));
#12286 = DIRECTION('',(-1.,0.,2.22044604925E-16));
#12287 = ADVANCED_FACE('',(#12288),#12299,.T.);
#12288 = FACE_BOUND('',#12289,.T.);
#12289 = EDGE_LOOP('',(#12290,#12297,#12298));
#12290 = ORIENTED_EDGE('',*,*,#12291,.F.);
#12291 = EDGE_CURVE('',#12085,#12118,#12292,.T.);
#12292 = CIRCLE('',#12293,2.);
#12293 = AXIS2_PLACEMENT_3D('',#12294,#12295,#12296);
#12294 = CARTESIAN_POINT('',(84.4,110.,1.5));
#12295 = DIRECTION('',(2.22044604925E-16,0.,-1.));
#12296 = DIRECTION('',(1.,0.,2.22044604925E-16));
#12297 = ORIENTED_EDGE('',*,*,#12084,.T.);
#12298 = ORIENTED_EDGE('',*,*,#12117,.F.);
#12299 = SPHERICAL_SURFACE('',#12300,2.);
#12300 = AXIS2_PLACEMENT_3D('',#12301,#12302,#12303);
#12301 = CARTESIAN_POINT('',(84.4,110.,1.5));
#12302 = DIRECTION('',(0.,-1.,0.));
#12303 = DIRECTION('',(1.,0.,2.22044604925E-16));
#12304 = ADVANCED_FACE('',(#12305),#12350,.T.);
#12305 = FACE_BOUND('',#12306,.T.);
#12306 = EDGE_LOOP('',(#12307,#12338,#12348,#12349));
#12307 = ORIENTED_EDGE('',*,*,#12308,.T.);
#12308 = EDGE_CURVE('',#12216,#12309,#12311,.T.);
#12309 = VERTEX_POINT('',#12310);
#12310 = CARTESIAN_POINT('',(86.4,153.,-27.));
#12311 = ( BOUNDED_CURVE() B_SPLINE_CURVE(7,(#12312,#12313,#12314,#12315
    ,#12316,#12317,#12318,#12319,#12320,#12321,#12322,#12323,#12324,
    #12325,#12326,#12327,#12328,#12329,#12330,#12331,#12332,#12333,
    #12334,#12335,#12336,#12337),.UNSPECIFIED.,.F.,.F.) 
B_SPLINE_CURVE_WITH_KNOTS((8,6,6,6,8),(0.,14.035668847618,
27.964057124802,41.417681171876,54.06679181255),.UNSPECIFIED.) CURVE() 
GEOMETRIC_REPRESENTATION_ITEM() RATIONAL_B_SPLINE_CURVE((1.669078461068,
    1.669078461068,1.669078461068,1.669078461068,1.669078461068,
    1.669078461068,1.669078461068,1.669078461068,1.669078461068,
    1.669078461068,1.669078461068,1.669078461068,1.669078461068,
    1.669078461068,1.669078461068,1.669078461068,1.669078461068,
    1.669078461068,1.669078461068,1.669078461068,1.669078461068,
    1.669078461068,1.669078461068,1.669078461068,1.669078461068,
1.669078461068)) REPRESENTATION_ITEM('') );
#12312 = CARTESIAN_POINT('',(86.4,112.,0.));
#12313 = CARTESIAN_POINT('',(86.4,113.97620428345,0.127116243434));
#12314 = CARTESIAN_POINT('',(86.4,115.97705135603,0.166891504796));
#12315 = CARTESIAN_POINT('',(86.4,117.99251468756,0.117735696071));
#12316 = CARTESIAN_POINT('',(86.4,120.01256774789,-2.194127075544E-02));
#12317 = CARTESIAN_POINT('',(86.4,122.02718400685,-0.2537294837));
#12318 = CARTESIAN_POINT('',(86.4,124.02633693427,-0.579219030776));
#12319 = CARTESIAN_POINT('',(86.4,127.95857752175,-1.417564761796));
#12320 = CARTESIAN_POINT('',(86.4,129.89205335229,-1.928969807331));
#12321 = CARTESIAN_POINT('',(86.4,131.79520157343,-2.537255156861));
#12322 = CARTESIAN_POINT('',(86.4,133.66279626695,-3.245460830638));
#12323 = CARTESIAN_POINT('',(86.4,135.48961151469,-4.056626848917));
#12324 = CARTESIAN_POINT('',(86.4,137.27042139843,-4.973793231953));
#12325 = CARTESIAN_POINT('',(86.4,140.67062403791,-6.991227396675));
#12326 = CARTESIAN_POINT('',(86.4,142.29344981771,-8.084188348437));
#12327 = CARTESIAN_POINT('',(86.4,143.84874577239,-9.276740100042));
#12328 = CARTESIAN_POINT('',(86.4,145.31678033495,-10.56673989624));
#12329 = CARTESIAN_POINT('',(86.4,146.67782193841,-11.9520449818));
#12330 = CARTESIAN_POINT('',(86.4,147.91213901575,-13.43051260146));
#12331 = CARTESIAN_POINT('',(86.4,150.02280797376,-16.47563360502));
#12332 = CARTESIAN_POINT('',(86.4,150.91615199781,-18.03172668306));
#12333 = CARTESIAN_POINT('',(86.4,151.66743456151,-19.66773397218));
#12334 = CARTESIAN_POINT('',(86.4,152.26405815423,-21.38311021039));
#12335 = CARTESIAN_POINT('',(86.4,152.69342526531,-23.17731013574));
#12336 = CARTESIAN_POINT('',(86.4,152.94293838411,-25.04978848627));
#12337 = CARTESIAN_POINT('',(86.4,153.,-27.));
#12338 = ORIENTED_EDGE('',*,*,#12339,.F.);
#12339 = EDGE_CURVE('',#12309,#12309,#12340,.T.);
#12340 = ( BOUNDED_CURVE() B_SPLINE_CURVE(6,(#12341,#12342,#12343,#12344
    ,#12345,#12346,#12347),.UNSPECIFIED.,.T.,.F.) 
B_SPLINE_CURVE_WITH_KNOTS((1,6,6,1),(-6.28318530718,0.,6.28318530718,
12.566370614359),.UNSPECIFIED.) CURVE() GEOMETRIC_REPRESENTATION_ITEM() 
RATIONAL_B_SPLINE_CURVE((1.669078461068,1.03672962321,1.038346699848,
    0.853534330196,1.038346699848,1.03672962321,1.669078461068)) 
REPRESENTATION_ITEM('') );
#12341 = CARTESIAN_POINT('',(86.4,153.,-27.));
#12342 = CARTESIAN_POINT('',(86.4,147.68631549097,-26.81402970008));
#12343 = CARTESIAN_POINT('',(79.825445790246,146.92336082964,
    -26.78732753006));
#12344 = CARTESIAN_POINT('',(74.402825852773,153.,-27.));
#12345 = CARTESIAN_POINT('',(79.825445790246,159.07663917035,
    -27.21267246993));
#12346 = CARTESIAN_POINT('',(86.4,158.31368450902,-27.18597029991));
#12347 = CARTESIAN_POINT('',(86.4,153.,-27.));
#12348 = ORIENTED_EDGE('',*,*,#12308,.F.);
#12349 = ORIENTED_EDGE('',*,*,#12215,.T.);
#12350 = ( BOUNDED_SURFACE() B_SPLINE_SURFACE(6,7,(
    (#12351,#12352,#12353,#12354,#12355,#12356,#12357,#12358,#12359
      ,#12360,#12361,#12362,#12363,#12364,#12365,#12366,#12367,#12368
      ,#12369,#12370,#12371,#12372,#12373,#12374,#12375,#12376)
    ,(#12377,#12378,#12379,#12380,#12381,#12382,#12383,#12384,#12385
      ,#12386,#12387,#12388,#12389,#12390,#12391,#12392,#12393,#12394
      ,#12395,#12396,#12397,#12398,#12399,#12400,#12401,#12402)
    ,(#12403,#12404,#12405,#12406,#12407,#12408,#12409,#12410,#12411
      ,#12412,#12413,#12414,#12415,#12416,#12417,#12418,#12419,#12420
      ,#12421,#12422,#12423,#12424,#12425,#12426,#12427,#12428)
    ,(#12429,#12430,#12431,#12432,#12433,#12434,#12435,#12436,#12437
      ,#12438,#12439,#12440,#12441,#12442,#12443,#12444,#12445,#12446
      ,#12447,#12448,#12449,#12450,#12451,#12452,#12453,#12454)
    ,(#12455,#12456,#12457,#12458,#12459,#12460,#12461,#12462,#12463
      ,#12464,#12465,#12466,#12467,#12468,#12469,#12470,#12471,#12472
      ,#12473,#12474,#12475,#12476,#12477,#12478,#12479,#12480)
    ,(#12481,#12482,#12483,#12484,#12485,#12486,#12487,#12488,#12489
      ,#12490,#12491,#12492,#12493,#12494,#12495,#12496,#12497,#12498
      ,#12499,#12500,#12501,#12502,#12503,#12504,#12505,#12506)
    ,(#12507,#12508,#12509,#12510,#12511,#12512,#12513,#12514,#12515
      ,#12516,#12517,#12518,#12519,#12520,#12521,#12522,#12523,#12524
      ,#12525,#12526,#12527,#12528,#12529,#12530,#12531,#12532
)),.UNSPECIFIED.,.T.,.F.,.F.) B_SPLINE_SURFACE_WITH_KNOTS((1,6,6,1),(8,6
    ,6,6,8),(-6.28318530718,0.,6.28318530718,12.566370614359),(0.,
    14.035668847618,27.964057124802,41.417681171876,54.06679181255),
.UNSPECIFIED.) GEOMETRIC_REPRESENTATION_ITEM() RATIONAL_B_SPLINE_SURFACE
((
    (1.669078461068,1.669078461068,1.669078461068,1.669078461068
      ,1.669078461068,1.669078461068,1.669078461068,1.669078461068
      ,1.669078461068,1.669078461068,1.669078461068,1.669078461068
      ,1.669078461068,1.669078461068,1.669078461068,1.669078461068
      ,1.669078461068,1.669078461068,1.669078461068,1.669078461068
      ,1.669078461068,1.669078461068,1.669078461068,1.669078461068
      ,1.669078461068,1.669078461068)
    ,(1.03672962321,1.03672962321,1.03672962321,1.03672962321
      ,1.03672962321,1.03672962321,1.03672962321,1.03672962321
      ,1.03672962321,1.03672962321,1.03672962321,1.03672962321
      ,1.03672962321,1.03672962321,1.03672962321,1.03672962321
      ,1.03672962321,1.03672962321,1.03672962321,1.03672962321
      ,1.03672962321,1.03672962321,1.03672962321,1.03672962321
      ,1.03672962321,1.03672962321)
    ,(1.038346699848,1.038346699848,1.038346699848,1.038346699847
      ,1.038346699848,1.038346699848,1.038346699848,1.038346699848
      ,1.038346699847,1.038346699848,1.038346699847,1.038346699848
      ,1.038346699848,1.038346699848,1.038346699847,1.038346699848
      ,1.038346699847,1.038346699848,1.038346699848,1.038346699848
      ,1.038346699847,1.038346699848,1.038346699847,1.038346699848
      ,1.038346699847,1.038346699848)
    ,(0.853534330196,0.853534330196,0.853534330196,0.853534330196
      ,0.853534330196,0.853534330196,0.853534330196,0.853534330196
      ,0.853534330196,0.853534330196,0.853534330196,0.853534330196
      ,0.853534330196,0.853534330196,0.853534330196,0.853534330196
      ,0.853534330196,0.853534330196,0.853534330196,0.853534330196
      ,0.853534330196,0.853534330196,0.853534330196,0.853534330196
      ,0.853534330196,0.853534330196)
    ,(1.038346699848,1.038346699848,1.038346699848,1.038346699848
      ,1.038346699848,1.038346699848,1.038346699848,1.038346699848
      ,1.038346699847,1.038346699848,1.038346699847,1.038346699848
      ,1.038346699848,1.038346699848,1.038346699847,1.038346699848
      ,1.038346699847,1.038346699848,1.038346699848,1.038346699848
      ,1.038346699847,1.038346699848,1.038346699847,1.038346699848
      ,1.038346699847,1.038346699848)
    ,(1.03672962321,1.03672962321,1.03672962321,1.03672962321
      ,1.03672962321,1.03672962321,1.03672962321,1.03672962321
      ,1.03672962321,1.03672962321,1.03672962321,1.03672962321
      ,1.03672962321,1.03672962321,1.03672962321,1.03672962321
      ,1.03672962321,1.03672962321,1.03672962321,1.03672962321
      ,1.03672962321,1.03672962321,1.03672962321,1.03672962321
      ,1.03672962321,1.03672962321)
    ,(1.669078461068,1.669078461068,1.669078461068,1.669078461068
      ,1.669078461068,1.669078461068,1.669078461068,1.669078461068
      ,1.669078461068,1.669078461068,1.669078461068,1.669078461068
      ,1.669078461068,1.669078461068,1.669078461068,1.669078461068
      ,1.669078461068,1.669078461068,1.669078461068,1.669078461068
      ,1.669078461068,1.669078461068,1.669078461068,1.669078461068
,1.669078461068,1.669078461068))) REPRESENTATION_ITEM('') SURFACE() );
#12351 = CARTESIAN_POINT('',(86.4,112.,0.));
#12352 = CARTESIAN_POINT('',(86.4,113.97620428345,0.127116243434));
#12353 = CARTESIAN_POINT('',(86.4,115.97705135603,0.166891504796));
#12354 = CARTESIAN_POINT('',(86.4,117.99251468756,0.117735696071));
#12355 = CARTESIAN_POINT('',(86.4,120.01256774789,-2.194127075544E-02));
#12356 = CARTESIAN_POINT('',(86.4,122.02718400685,-0.2537294837));
#12357 = CARTESIAN_POINT('',(86.4,124.02633693427,-0.579219030776));
#12358 = CARTESIAN_POINT('',(86.4,127.95857752175,-1.417564761796));
#12359 = CARTESIAN_POINT('',(86.4,129.89205335229,-1.928969807331));
#12360 = CARTESIAN_POINT('',(86.4,131.79520157343,-2.537255156861));
#12361 = CARTESIAN_POINT('',(86.4,133.66279626695,-3.245460830638));
#12362 = CARTESIAN_POINT('',(86.4,135.48961151469,-4.056626848917));
#12363 = CARTESIAN_POINT('',(86.4,137.27042139843,-4.973793231953));
#12364 = CARTESIAN_POINT('',(86.4,140.67062403791,-6.991227396675));
#12365 = CARTESIAN_POINT('',(86.4,142.29344981771,-8.084188348437));
#12366 = CARTESIAN_POINT('',(86.4,143.84874577239,-9.276740100042));
#12367 = CARTESIAN_POINT('',(86.4,145.31678033495,-10.56673989624));
#12368 = CARTESIAN_POINT('',(86.4,146.67782193841,-11.9520449818));
#12369 = CARTESIAN_POINT('',(86.4,147.91213901575,-13.43051260146));
#12370 = CARTESIAN_POINT('',(86.4,150.02280797376,-16.47563360502));
#12371 = CARTESIAN_POINT('',(86.4,150.91615199781,-18.03172668306));
#12372 = CARTESIAN_POINT('',(86.4,151.66743456151,-19.66773397218));
#12373 = CARTESIAN_POINT('',(86.4,152.26405815423,-21.38311021039));
#12374 = CARTESIAN_POINT('',(86.4,152.69342526531,-23.17731013574));
#12375 = CARTESIAN_POINT('',(86.4,152.94293838411,-25.04978848627));
#12376 = CARTESIAN_POINT('',(86.4,153.,-27.));
#12377 = CARTESIAN_POINT('',(86.4,112.,-5.316937841827));
#12378 = CARTESIAN_POINT('',(86.4,113.77197454996,-5.189821598394));
#12379 = CARTESIAN_POINT('',(86.4,115.57069901175,-5.140894186647));
#12380 = CARTESIAN_POINT('',(86.4,117.38444018228,-5.172070682783));
#12381 = CARTESIAN_POINT('',(86.4,119.20156415613,-5.28474820017));
#12382 = CARTESIAN_POINT('',(86.4,121.01060594444,-5.479815079239));
#12383 = CARTESIAN_POINT('',(86.4,122.80033909384,-5.757660077384));
#12384 = CARTESIAN_POINT('',(86.4,126.30590286454,-6.475947421704));
#12385 = CARTESIAN_POINT('',(86.4,128.02128094558,-6.914873877561));
#12386 = CARTESIAN_POINT('',(86.4,129.70141818643,-7.436622843905));
#12387 = CARTESIAN_POINT('',(86.4,131.34236673664,-8.04279040204));
#12388 = CARTESIAN_POINT('',(86.4,132.94075391187,-8.735205805297));
#12389 = CARTESIAN_POINT('',(86.4,134.49374384854,-9.516230487243));
#12390 = CARTESIAN_POINT('',(86.4,137.45294620752,-11.23213241124));
#12391 = CARTESIAN_POINT('',(86.4,138.85676304205,-12.15703289859));
#12392 = CARTESIAN_POINT('',(86.4,140.1890986735,-13.15705919178));
#12393 = CARTESIAN_POINT('',(86.4,141.42973786665,-14.22474985736));
#12394 = CARTESIAN_POINT('',(86.4,142.56094693254,-15.35058475585));
#12395 = CARTESIAN_POINT('',(86.4,143.56883432604,-16.52477443446));
#12396 = CARTESIAN_POINT('',(86.4,145.26824031179,-18.88669962661));
#12397 = CARTESIAN_POINT('',(86.4,145.97771403118,-20.07381309046));
#12398 = CARTESIAN_POINT('',(86.4,146.56940743781,-21.3031824563));
#12399 = CARTESIAN_POINT('',(86.4,147.04145686264,-22.5781250385));
#12400 = CARTESIAN_POINT('',(86.4,147.39294741231,-23.91079092871));
#12401 = CARTESIAN_POINT('',(86.4,147.61335130959,-25.31819835332));
#12402 = CARTESIAN_POINT('',(86.4,147.68631549097,-26.81402970008));
#12403 = CARTESIAN_POINT('',(79.825445790246,112.,-6.080359626386));
#12404 = CARTESIAN_POINT('',(79.825445790246,113.74265063604,
    -5.953243382952));
#12405 = CARTESIAN_POINT('',(79.825445790246,115.51235373087,
    -5.903001878172));
#12406 = CARTESIAN_POINT('',(79.825445790246,117.29713103221,
    -5.931596851012));
#12407 = CARTESIAN_POINT('',(79.825445790246,119.08511784291,
    -6.040397706965));
#12408 = CARTESIAN_POINT('',(79.825445790246,120.86464263593,
    -6.230192027455));
#12409 = CARTESIAN_POINT('',(79.825445790246,122.62430666934,
    -6.50119607924));
#12410 = CARTESIAN_POINT('',(79.825445790246,126.06860691081,
    -7.202245082517));
#12411 = CARTESIAN_POINT('',(79.825445790246,127.75266986685,
    -7.630764846416));
#12412 = CARTESIAN_POINT('',(79.825445790246,129.40078652638,
    -8.140088660907));
#12413 = CARTESIAN_POINT('',(79.825445790246,131.00919254772,
    -8.731605282234));
#12414 = CARTESIAN_POINT('',(79.825445790246,132.57478133938,
    -9.406970118203));
#12415 = CARTESIAN_POINT('',(79.825445790246,134.09506020895,
    -10.16844716888));
#12416 = CARTESIAN_POINT('',(79.825445790246,136.99094243307,
    -11.84105419492));
#12417 = CARTESIAN_POINT('',(79.825445790246,138.3633133104,
    -12.74182405982));
#12418 = CARTESIAN_POINT('',(79.825445790246,139.66363563402,
    -13.7142069738));
#12419 = CARTESIAN_POINT('',(79.825445790246,140.87162472218,
    -14.74997783171));
#12420 = CARTESIAN_POINT('',(79.825445790246,141.96983374723,
    -15.8385572273));
#12421 = CARTESIAN_POINT('',(79.825445790246,142.94520969176,
    -16.9690577721));
#12422 = CARTESIAN_POINT('',(79.825445790246,144.58556531402,
    -19.23288767313));
#12423 = CARTESIAN_POINT('',(79.825445790246,145.26863838697,
    -20.36702194408));
#12424 = CARTESIAN_POINT('',(79.825445790246,145.8374175067,
    -21.53800502475));
#12425 = CARTESIAN_POINT('',(79.825445790246,146.29158020117,
    -22.74970882973));
#12426 = CARTESIAN_POINT('',(79.825445790246,146.63188900201,
    -24.0161062874));
#12427 = CARTESIAN_POINT('',(79.825445790246,146.8481133105,
    -25.35673744213));
#12428 = CARTESIAN_POINT('',(79.825445790246,146.92336082964,
    -26.78732753006));
#12429 = CARTESIAN_POINT('',(74.402825852773,112.,-8.881784197001E-15));
#12430 = CARTESIAN_POINT('',(74.402825852773,113.97620428345,
    0.127116243434));
#12431 = CARTESIAN_POINT('',(74.402825852773,115.97705135603,
    0.166891504796));
#12432 = CARTESIAN_POINT('',(74.402825852773,117.99251468756,
    0.117735696071));
#12433 = CARTESIAN_POINT('',(74.402825852773,120.01256774789,
    -2.194127075508E-02));
#12434 = CARTESIAN_POINT('',(74.402825852773,122.02718400685,
    -0.253729483699));
#12435 = CARTESIAN_POINT('',(74.402825852773,124.02633693427,
    -0.579219030775));
#12436 = CARTESIAN_POINT('',(74.402825852773,127.95857752175,
    -1.417564761796));
#12437 = CARTESIAN_POINT('',(74.402825852773,129.89205335229,
    -1.928969807331));
#12438 = CARTESIAN_POINT('',(74.402825852773,131.79520157343,
    -2.53725515686));
#12439 = CARTESIAN_POINT('',(74.402825852773,133.66279626695,
    -3.245460830637));
#12440 = CARTESIAN_POINT('',(74.402825852773,135.48961151469,
    -4.056626848917));
#12441 = CARTESIAN_POINT('',(74.402825852773,137.27042139843,
    -4.973793231953));
#12442 = CARTESIAN_POINT('',(74.402825852773,140.67062403791,
    -6.991227396674));
#12443 = CARTESIAN_POINT('',(74.402825852773,142.29344981771,
    -8.084188348437));
#12444 = CARTESIAN_POINT('',(74.402825852773,143.84874577239,
    -9.276740100042));
#12445 = CARTESIAN_POINT('',(74.402825852773,145.31678033495,
    -10.56673989624));
#12446 = CARTESIAN_POINT('',(74.402825852773,146.67782193841,
    -11.9520449818));
#12447 = CARTESIAN_POINT('',(74.402825852773,147.91213901576,
    -13.43051260146));
#12448 = CARTESIAN_POINT('',(74.402825852773,150.02280797376,
    -16.47563360501));
#12449 = CARTESIAN_POINT('',(74.402825852773,150.91615199781,
    -18.03172668306));
#12450 = CARTESIAN_POINT('',(74.402825852773,151.66743456152,
    -19.66773397218));
#12451 = CARTESIAN_POINT('',(74.402825852773,152.26405815423,
    -21.38311021039));
#12452 = CARTESIAN_POINT('',(74.402825852773,152.69342526531,
    -23.17731013574));
#12453 = CARTESIAN_POINT('',(74.402825852773,152.94293838411,
    -25.04978848627));
#12454 = CARTESIAN_POINT('',(74.402825852773,153.,-27.));
#12455 = CARTESIAN_POINT('',(79.825445790246,112.,6.080359626386));
#12456 = CARTESIAN_POINT('',(79.825445790246,114.20975793086,
    6.20747586982));
#12457 = CARTESIAN_POINT('',(79.825445790246,116.44174898118,
    6.236784887764));
#12458 = CARTESIAN_POINT('',(79.825445790246,118.68789834291,
    6.167068243155));
#12459 = CARTESIAN_POINT('',(79.825445790246,120.94001765286,
    5.996515165454));
#12460 = CARTESIAN_POINT('',(79.825445790246,123.18972537776,
    5.722733060056));
#12461 = CARTESIAN_POINT('',(79.825445790246,125.4283671992,
    5.342758017689));
#12462 = CARTESIAN_POINT('',(79.825445790246,129.8485481327,
    4.367115558925));
#12463 = CARTESIAN_POINT('',(79.825445790246,132.03143683774,
    3.772825231754));
#12464 = CARTESIAN_POINT('',(79.825445790246,134.18961662047,
    3.065578347186));
#12465 = CARTESIAN_POINT('',(79.825445790246,136.31639998619,
    2.240683620959));
#12466 = CARTESIAN_POINT('',(79.825445790246,138.40444169,1.293716420369
    ));
#12467 = CARTESIAN_POINT('',(79.825445790246,140.44578258792,
    0.220860704976));
#12468 = CARTESIAN_POINT('',(79.825445790246,144.35030564275,
    -2.14140059842));
#12469 = CARTESIAN_POINT('',(79.825445790246,146.22358632501,
    -3.426552637051));
#12470 = CARTESIAN_POINT('',(79.825445790246,148.03385591076,
    -4.839273226281));
#12471 = CARTESIAN_POINT('',(79.825445790246,149.76193594772,
    -6.383501960771));
#12472 = CARTESIAN_POINT('',(79.825445790246,151.38581012959,
    -8.065532736303));
#12473 = CARTESIAN_POINT('',(79.825445790246,152.87906833975,
    -9.891967430829));
#12474 = CARTESIAN_POINT('',(79.825445790246,155.46005063349,
    -13.7183795369));
#12475 = CARTESIAN_POINT('',(79.825445790246,156.56366560866,
    -15.69643142205));
#12476 = CARTESIAN_POINT('',(79.825445790246,157.49745161633,
    -17.79746291961));
#12477 = CARTESIAN_POINT('',(79.825445790246,158.23653610728,
    -20.01651159106));
#12478 = CARTESIAN_POINT('',(79.825445790246,158.75496152861,
    -22.33851398409));
#12479 = CARTESIAN_POINT('',(79.825445790246,159.03776345772,
    -24.7428395304));
#12480 = CARTESIAN_POINT('',(79.825445790246,159.07663917035,
    -27.21267246993));
#12481 = CARTESIAN_POINT('',(86.4,112.,5.316937841827));
#12482 = CARTESIAN_POINT('',(86.4,114.18043401694,5.444054085261));
#12483 = CARTESIAN_POINT('',(86.4,116.3834037003,5.474677196239));
#12484 = CARTESIAN_POINT('',(86.4,118.60058919284,5.407542074925));
#12485 = CARTESIAN_POINT('',(86.4,120.82357133964,5.240865658659));
#12486 = CARTESIAN_POINT('',(86.4,123.04376206925,4.97235611184));
#12487 = CARTESIAN_POINT('',(86.4,125.2523347747,4.599222015832));
#12488 = CARTESIAN_POINT('',(86.4,129.61125217897,3.640817898112));
#12489 = CARTESIAN_POINT('',(86.4,131.76282575901,3.056934262898));
#12490 = CARTESIAN_POINT('',(86.4,133.88898496042,2.362112530183));
#12491 = CARTESIAN_POINT('',(86.4,135.98322579727,1.551868740765));
#12492 = CARTESIAN_POINT('',(86.4,138.03846911751,0.621952107463));
#12493 = CARTESIAN_POINT('',(86.4,140.04709894832,-0.431355976663));
#12494 = CARTESIAN_POINT('',(86.4,143.8883018683,-2.750322382101));
#12495 = CARTESIAN_POINT('',(86.4,145.73013659336,-4.011343798281));
#12496 = CARTESIAN_POINT('',(86.4,147.50839287128,-5.396421008295));
#12497 = CARTESIAN_POINT('',(86.4,149.20382280326,-6.908729935129));
#12498 = CARTESIAN_POINT('',(86.4,150.79469694428,-8.553505207749));
#12499 = CARTESIAN_POINT('',(86.4,152.25544370547,-10.33625076847));
#12500 = CARTESIAN_POINT('',(86.4,154.77737563572,-14.06456758342));
#12501 = CARTESIAN_POINT('',(86.4,155.85458996445,-15.98964027567));
#12502 = CARTESIAN_POINT('',(86.4,156.76546168522,-18.03228548806));
#12503 = CARTESIAN_POINT('',(86.4,157.48665944582,-20.18809538229));
#12504 = CARTESIAN_POINT('',(86.4,157.99390311831,-22.44382934277));
#12505 = CARTESIAN_POINT('',(86.4,158.27252545863,-24.78137861921));
#12506 = CARTESIAN_POINT('',(86.4,158.31368450902,-27.18597029991));
#12507 = CARTESIAN_POINT('',(86.4,112.,0.));
#12508 = CARTESIAN_POINT('',(86.4,113.97620428345,0.127116243434));
#12509 = CARTESIAN_POINT('',(86.4,115.97705135603,0.166891504796));
#12510 = CARTESIAN_POINT('',(86.4,117.99251468756,0.117735696071));
#12511 = CARTESIAN_POINT('',(86.4,120.01256774789,-2.194127075544E-02));
#12512 = CARTESIAN_POINT('',(86.4,122.02718400685,-0.2537294837));
#12513 = CARTESIAN_POINT('',(86.4,124.02633693427,-0.579219030776));
#12514 = CARTESIAN_POINT('',(86.4,127.95857752175,-1.417564761796));
#12515 = CARTESIAN_POINT('',(86.4,129.89205335229,-1.928969807331));
#12516 = CARTESIAN_POINT('',(86.4,131.79520157343,-2.537255156861));
#12517 = CARTESIAN_POINT('',(86.4,133.66279626695,-3.245460830638));
#12518 = CARTESIAN_POINT('',(86.4,135.48961151469,-4.056626848917));
#12519 = CARTESIAN_POINT('',(86.4,137.27042139843,-4.973793231953));
#12520 = CARTESIAN_POINT('',(86.4,140.67062403791,-6.991227396675));
#12521 = CARTESIAN_POINT('',(86.4,142.29344981771,-8.084188348437));
#12522 = CARTESIAN_POINT('',(86.4,143.84874577239,-9.276740100042));
#12523 = CARTESIAN_POINT('',(86.4,145.31678033495,-10.56673989624));
#12524 = CARTESIAN_POINT('',(86.4,146.67782193841,-11.9520449818));
#12525 = CARTESIAN_POINT('',(86.4,147.91213901575,-13.43051260146));
#12526 = CARTESIAN_POINT('',(86.4,150.02280797376,-16.47563360502));
#12527 = CARTESIAN_POINT('',(86.4,150.91615199781,-18.03172668306));
#12528 = CARTESIAN_POINT('',(86.4,151.66743456151,-19.66773397218));
#12529 = CARTESIAN_POINT('',(86.4,152.26405815423,-21.38311021039));
#12530 = CARTESIAN_POINT('',(86.4,152.69342526531,-23.17731013574));
#12531 = CARTESIAN_POINT('',(86.4,152.94293838411,-25.04978848627));
#12532 = CARTESIAN_POINT('',(86.4,153.,-27.));
#12533 = ADVANCED_FACE('',(#12534),#12540,.T.);
#12534 = FACE_BOUND('',#12535,.T.);
#12535 = EDGE_LOOP('',(#12536,#12537,#12538,#12539));
#12536 = ORIENTED_EDGE('',*,*,#12265,.F.);
#12537 = ORIENTED_EDGE('',*,*,#12248,.T.);
#12538 = ORIENTED_EDGE('',*,*,#12231,.T.);
#12539 = ORIENTED_EDGE('',*,*,#12291,.T.);
#12540 = CYLINDRICAL_SURFACE('',#12541,2.);
#12541 = AXIS2_PLACEMENT_3D('',#12542,#12543,#12544);
#12542 = CARTESIAN_POINT('',(84.4,110.,-3.5));
#12543 = DIRECTION('',(0.,0.,1.));
#12544 = DIRECTION('',(1.,0.,0.));
#12545 = ADVANCED_FACE('',(#12546),#12549,.T.);
#12546 = FACE_BOUND('',#12547,.T.);
#12547 = EDGE_LOOP('',(#12548));
#12548 = ORIENTED_EDGE('',*,*,#12339,.T.);
#12549 = PLANE('',#12550);
#12550 = AXIS2_PLACEMENT_3D('',#12551,#12552,#12553);
#12551 = CARTESIAN_POINT('',(83.200506954352,153.,-27.));
#12552 = DIRECTION('',(-1.019529497957E-15,-3.497695580642E-02,
    -0.999388119082));
#12553 = DIRECTION('',(0.,-0.999388119082,3.497695580642E-02));
#12554 = ( GEOMETRIC_REPRESENTATION_CONTEXT(3) 
GLOBAL_UNCERTAINTY_ASSIGNED_CONTEXT((#12558)) 
GLOBAL_UNIT_ASSIGNED_CONTEXT((#12555,#12556,#12557)) 
REPRESENTATION_CONTEXT('Context #1',
  '3D Context with UNIT and UNCERTAINTY') );
#12555 = ( LENGTH_UNIT() NAMED_UNIT(*) SI_UNIT(.MILLI.,.METRE.) );
#12556 = ( NAMED_UNIT(*) PLANE_ANGLE_UNIT() SI_UNIT($,.RADIAN.) );
#12557 = ( NAMED_UNIT(*) SI_UNIT($,.STERADIAN.) SOLID_ANGLE_UNIT() );
#12558 = UNCERTAINTY_MEASURE_WITH_UNIT(LENGTH_MEASURE(2.E-07),#12555,
  'distance_accuracy_value','confusion accuracy');
#12559 = PRODUCT_RELATED_PRODUCT_CATEGORY('part',$,(#7));
ENDSEC;
END-ISO-10303-21;
