ISO-10303-21;
HEADER;
FILE_DESCRIPTION(('FreeCAD Model'),'2;1');
FILE_NAME('Open CASCADE Shape Model','2026-08-12T16:40:16',('FreeCAD'),(
    'FreeCAD'),'Open CASCADE STEP processor 7.8','FreeCAD','Unknown');
FILE_SCHEMA(('AUTOMOTIVE_DESIGN { 1 0 10303 214 1 1 1 1 }'));
ENDSEC;
DATA;
#1 = APPLICATION_PROTOCOL_DEFINITION('international standard',
  'automotive_design',2000,#2);
#2 = APPLICATION_CONTEXT(
  'core data for automotive mechanical design processes');
#3 = SHAPE_DEFINITION_REPRESENTATION(#4,#10);
#4 = PRODUCT_DEFINITION_SHAPE('','',#5);
#5 = PRODUCT_DEFINITION('design','',#6,#9);
#6 = PRODUCT_DEFINITION_FORMATION('','',#7);
#7 = PRODUCT('Open CASCADE STEP translator 7.8 1',
  'Open CASCADE STEP translator 7.8 1','',(#8));
#8 = PRODUCT_CONTEXT('',#2,'mechanical');
#9 = PRODUCT_DEFINITION_CONTEXT('part definition',#2,'design');
#10 = SHAPE_REPRESENTATION('',(#11,#15,#1073,#2333,#4059,#4419,#4779,
    #5110,#5260,#5552,#5702,#5994,#6144,#6294,#6586,#6736,#7145,#7295,
    #7445,#7595),#7745);
#11 = AXIS2_PLACEMENT_3D('',#12,#13,#14);
#12 = CARTESIAN_POINT('',(0.,0.,0.));
#13 = DIRECTION('',(0.,0.,1.));
#14 = DIRECTION('',(1.,0.,-0.));
#15 = MANIFOLD_SOLID_BREP('',#16);
#16 = CLOSED_SHELL('',(#17,#913,#965,#1010));
#17 = ADVANCED_FACE('',(#18,#650),#877,.T.);
#18 = FACE_BOUND('',#19,.T.);
#19 = EDGE_LOOP('',(#20,#358,#412,#422,#447,#457,#458,#649));
#20 = ORIENTED_EDGE('',*,*,#21,.T.);
#21 = EDGE_CURVE('',#22,#24,#26,.T.);
#22 = VERTEX_POINT('',#23);
#23 = CARTESIAN_POINT('',(23.7962461647,96.,-83.17286666034));
#24 = VERTEX_POINT('',#25);
#25 = CARTESIAN_POINT('',(63.811238548926,55.,-23.66184911536));
#26 = B_SPLINE_CURVE_WITH_KNOTS('',8,(#27,#28,#29,#30,#31,#32,#33,#34,
    #35,#36,#37,#38,#39,#40,#41,#42,#43,#44,#45,#46,#47,#48,#49,#50,#51,
    #52,#53,#54,#55,#56,#57,#58,#59,#60,#61,#62,#63,#64,#65,#66,#67,#68,
    #69,#70,#71,#72,#73,#74,#75,#76,#77,#78,#79,#80,#81,#82,#83,#84,#85,
    #86,#87,#88,#89,#90,#91,#92,#93,#94,#95,#96,#97,#98,#99,#100,#101,
    #102,#103,#104,#105,#106,#107,#108,#109,#110,#111,#112,#113,#114,
    #115,#116,#117,#118,#119,#120,#121,#122,#123,#124,#125,#126,#127,
    #128,#129,#130,#131,#132,#133,#134,#135,#136,#137,#138,#139,#140,
    #141,#142,#143,#144,#145,#146,#147,#148,#149,#150,#151,#152,#153,
    #154,#155,#156,#157,#158,#159,#160,#161,#162,#163,#164,#165,#166,
    #167,#168,#169,#170,#171,#172,#173,#174,#175,#176,#177,#178,#179,
    #180,#181,#182,#183,#184,#185,#186,#187,#188,#189,#190,#191,#192,
    #193,#194,#195,#196,#197,#198,#199,#200,#201,#202,#203,#204,#205,
    #206,#207,#208,#209,#210,#211,#212,#213,#214,#215,#216,#217,#218,
    #219,#220,#221,#222,#223,#224,#225,#226,#227,#228,#229,#230,#231,
    #232,#233,#234,#235,#236,#237,#238,#239,#240,#241,#242,#243,#244,
    #245,#246,#247,#248,#249,#250,#251,#252,#253,#254,#255,#256,#257,
    #258,#259,#260,#261,#262,#263,#264,#265,#266,#267,#268,#269,#270,
    #271,#272,#273,#274,#275,#276,#277,#278,#279,#280,#281,#282,#283,
    #284,#285,#286,#287,#288,#289,#290,#291,#292,#293,#294,#295,#296,
    #297,#298,#299,#300,#301,#302,#303,#304,#305,#306,#307,#308,#309,
    #310,#311,#312,#313,#314,#315,#316,#317,#318,#319,#320,#321,#322,
    #323,#324,#325,#326,#327,#328,#329,#330,#331,#332,#333,#334,#335,
    #336,#337,#338,#339,#340,#341,#342,#343,#344,#345,#346,#347,#348,
    #349,#350,#351,#352,#353,#354,#355,#356,#357),.UNSPECIFIED.,.F.,.F.,
  (9,7,7,7,7,7,7,7,7,7,7,7,7,7,7,7,7,7,7,7,7,7,7,7,7,7,7,7,7,7,7,7,7,7,7
    ,7,7,7,7,7,7,7,7,7,7,7,7,9),(0.,3.364728905243E-02,
    4.898641277171E-02,5.594116224265E-02,6.018472046227E-02,
    6.300813911E-02,6.566365213366E-02,6.623549617989E-02,
    6.648041103812E-02,6.688326710448E-02,6.797804448011E-02,
    6.806571818899E-02,6.816801625935E-02,7.165121023479E-02,
    7.382698084136E-02,7.604962174114E-02,7.8458434173E-02,
    8.116115515212E-02,8.496226115183E-02,9.999954455412E-02,
    0.128712911493,0.15923252419,0.16271622303,0.188629705277,
    0.24625019943,0.309640949857,0.321955993115,0.324835400521,
    0.334298877819,0.369546230584,0.399990542742,0.416895018459,
    0.451851444549,0.497741695568,0.521265734885,0.560338228624,
    0.569516396206,0.573233317699,0.576165537499,0.599349516602,
    0.6516942897,0.704416826807,0.75753798383,0.805497639398,
    0.891387346449,0.916430907465,0.965451512406,1.),.UNSPECIFIED.);
#27 = CARTESIAN_POINT('',(23.796246164701,96.,-83.17286666034));
#28 = CARTESIAN_POINT('',(22.345643426825,96.212193656258,
    -83.77696357263));
#29 = CARTESIAN_POINT('',(20.876219290657,96.407902665257,
    -84.34166168436));
#30 = CARTESIAN_POINT('',(19.389255727698,96.587325861067,
    -84.86571675202));
#31 = CARTESIAN_POINT('',(17.886113485839,96.750646279362,
    -85.34796291613));
#32 = CARTESIAN_POINT('',(16.368233680409,96.898028462933,
    -85.78732405872));
#33 = CARTESIAN_POINT('',(14.837145773464,97.02961621817,-86.18282660463
    ));
#34 = CARTESIAN_POINT('',(13.294467106499,97.145531310049,
    -86.53361421437));
#35 = CARTESIAN_POINT('',(11.034154176241,97.291618772746,
    -86.97816983327));
#36 = CARTESIAN_POINT('',(10.324345660573,97.334126033197,
    -87.10792825767));
#37 = CARTESIAN_POINT('',(9.612646701009,97.373407056896,-87.22817714719
    ));
#38 = CARTESIAN_POINT('',(8.89921957499,97.409470674571,-87.33885473698)
  );
#39 = CARTESIAN_POINT('',(8.184241177096,97.442324055849,-87.43990310864
    ));
#40 = CARTESIAN_POINT('',(7.467912171383,97.47197316257,-87.53126981806)
  );
#41 = CARTESIAN_POINT('',(6.750451138828,97.498423120276,-87.61290929977
    ));
#42 = CARTESIAN_POINT('',(5.706453093577,97.532222990268,-87.71737344715
    ));
#43 = CARTESIAN_POINT('',(5.380629069534,97.542109354627,-87.74795121987
    ));
#44 = CARTESIAN_POINT('',(5.054664653662,97.551339503602,-87.77651832965
    ));
#45 = CARTESIAN_POINT('',(4.728588269743,97.559913816285,-87.80307153961
    ));
#46 = CARTESIAN_POINT('',(4.402461456774,97.567831956471,-87.82760580461
    ));
#47 = CARTESIAN_POINT('',(4.076380845546,97.575093286131,-87.85011554884
    ));
#48 = CARTESIAN_POINT('',(3.750487471023,97.581697334113,-87.8705961268)
  );
#49 = CARTESIAN_POINT('',(3.226388135304,97.591273141323,-87.90030315094
    ));
#50 = CARTESIAN_POINT('',(3.02800699826,97.594655893439,-87.91080012703)
  );
#51 = CARTESIAN_POINT('',(2.829843491911,97.597794069218,-87.92054038834
    ));
#52 = CARTESIAN_POINT('',(2.631971813802,97.600687542078,-87.92952297664
    ));
#53 = CARTESIAN_POINT('',(2.434547501385,97.603335410169,-87.93774458176
    ));
#54 = CARTESIAN_POINT('',(2.237820325641,97.605736769782,-87.94520194238
    ));
#55 = CARTESIAN_POINT('',(2.04214506059,97.607891601953,-87.95189460471)
  );
#56 = CARTESIAN_POINT('',(1.71878623827,97.611072825011,-87.96177621317)
  );
#57 = CARTESIAN_POINT('',(1.590293387516,97.612235216769,-87.96538719634
    ));
#58 = CARTESIAN_POINT('',(1.462661284096,97.61328942192,-87.96866235731)
  );
#59 = CARTESIAN_POINT('',(1.336113526176,97.614235851464,-87.97160288643
    ));
#60 = CARTESIAN_POINT('',(1.210925714954,97.615075587234,-87.97421207083
    ));
#61 = CARTESIAN_POINT('',(1.08740305055,97.615810791824,-87.97649656875)
  );
#62 = CARTESIAN_POINT('',(0.96584275474,97.616444874093,-87.97846692397)
  );
#63 = CARTESIAN_POINT('',(0.734218180368,97.61748797658,-87.98170837041)
  );
#64 = CARTESIAN_POINT('',(0.623839139424,97.617908408325,-87.98301491632
    ));
#65 = CARTESIAN_POINT('',(0.515574546683,97.618247161497,-87.98406766663
    ));
#66 = CARTESIAN_POINT('',(0.409485939603,97.618509297226,-87.98488232811
    ));
#67 = CARTESIAN_POINT('',(0.305434350594,97.618700349411,-87.98547608471
    ));
#68 = CARTESIAN_POINT('',(0.203116014341,97.618825179735,-87.98586403769
    ));
#69 = CARTESIAN_POINT('',(0.102125511741,97.618887189651,-87.98605675496
    ));
#70 = CARTESIAN_POINT('',(-1.955348771956E-02,97.61888848895,
    -87.98606079295));
#71 = CARTESIAN_POINT('',(-4.107340904653E-02,97.618885892881,
    -87.98605272477));
#72 = CARTESIAN_POINT('',(-6.255805348733E-02,97.618880489021,
    -87.98603593041));
#73 = CARTESIAN_POINT('',(-8.401211379315E-02,97.618872292267,
    -87.98601045619));
#74 = CARTESIAN_POINT('',(-0.1054402998,97.618861314039,-87.9859763376)
  );
#75 = CARTESIAN_POINT('',(-0.126847338426,97.618847562281,
    -87.98593359935));
#76 = CARTESIAN_POINT('',(-0.148237973678,97.618831041459,
    -87.98588225536));
#77 = CARTESIAN_POINT('',(-0.178773367003,97.618803491329,
    -87.98579663422));
#78 = CARTESIAN_POINT('',(-0.187927622668,97.61879472235,-87.98576938174
    ));
#79 = CARTESIAN_POINT('',(-0.197080103272,97.618785445707,
    -87.98574055153));
#80 = CARTESIAN_POINT('',(-0.206231176219,97.618775661368,
    -87.98571014352));
#81 = CARTESIAN_POINT('',(-0.215381206683,97.618765369193,
    -87.98567815726));
#82 = CARTESIAN_POINT('',(-0.224530557604,97.618754568928,
    -87.98564459197));
#83 = CARTESIAN_POINT('',(-0.233679589694,97.618743260208,
    -87.98560944652));
#84 = CARTESIAN_POINT('',(-0.257877805764,97.618712003907,
    -87.98551230768));
#85 = CARTESIAN_POINT('',(-0.272927050283,97.618691188324,
    -87.98544761674));
#86 = CARTESIAN_POINT('',(-0.287977995003,97.618668993651,
    -87.98537863995));
#87 = CARTESIAN_POINT('',(-0.303032210518,97.618645416994,
    -87.98530536832));
#88 = CARTESIAN_POINT('',(-0.318091237996,97.61862045472,-87.9852277906)
  );
#89 = CARTESIAN_POINT('',(-0.333156589183,97.618594102461,
    -87.98514589321));
#90 = CARTESIAN_POINT('',(-0.348229746399,97.618566355113,
    -87.98505966034));
#91 = CARTESIAN_POINT('',(-0.404299227951,97.618457992183,-87.984722892)
  );
#92 = CARTESIAN_POINT('',(-0.445354242034,97.618368440592,-87.9844445865
    ));
#93 = CARTESIAN_POINT('',(-0.48650681994,97.618268423833,-87.98413375938
    ));
#94 = CARTESIAN_POINT('',(-0.527783960517,97.618157787812,
    -87.98378993246));
#95 = CARTESIAN_POINT('',(-0.56921004631,97.618036352562,-87.98341254729
    ));
#96 = CARTESIAN_POINT('',(-0.610806843563,97.617903912249,
    -87.98300096514));
#97 = CARTESIAN_POINT('',(-0.65259350222,97.617760235167,-87.98255446708
    ));
#98 = CARTESIAN_POINT('',(-0.697949510903,97.617592643064,
    -87.98203365517));
#99 = CARTESIAN_POINT('',(-0.701578129981,97.617579157515,-87.9819917473
    ));
#100 = CARTESIAN_POINT('',(-0.705307085307,97.617565218956,
    -87.98194843169));
#101 = CARTESIAN_POINT('',(-0.709022340973,97.617551250329,
    -87.98190502267));
#102 = CARTESIAN_POINT('',(-0.712661153012,97.617537485658,
    -87.98186224751));
#103 = CARTESIAN_POINT('',(-0.716212069407,97.617523970049,
    -87.98182024637));
#104 = CARTESIAN_POINT('',(-0.719714930081,97.617510559686,
    -87.98177857234));
#105 = CARTESIAN_POINT('',(-0.727398280487,97.617480981169,
    -87.98168665425));
#106 = CARTESIAN_POINT('',(-0.730873778745,97.61746753936,
    -87.98164488256));
#107 = CARTESIAN_POINT('',(-0.734188651564,97.617454639705,
    -87.98160479571));
#108 = CARTESIAN_POINT('',(-0.737654022596,97.617441068449,
    -87.98156262183));
#109 = CARTESIAN_POINT('',(-0.741390849256,97.617426354786,
    -87.98151689787));
#110 = CARTESIAN_POINT('',(-0.745329922725,97.617410770859,
    -87.98146846953));
#111 = CARTESIAN_POINT('',(-0.749211867946,97.61739533176,-87.9814204913
    ));
#112 = CARTESIAN_POINT('',(-0.867513488203,97.616921662877,
    -87.97994852913));
#113 = CARTESIAN_POINT('',(-0.987438912268,97.616361176376,
    -87.97820681766));
#114 = CARTESIAN_POINT('',(-1.111706979879,97.61569077242,
    -87.97612360505));
#115 = CARTESIAN_POINT('',(-1.239526455487,97.614903077058,
    -87.97367602416));
#116 = CARTESIAN_POINT('',(-1.370070855749,97.613994272364,
    -87.97085227669));
#117 = CARTESIAN_POINT('',(-1.502619589252,97.612963369667,
    -87.96764937255));
#118 = CARTESIAN_POINT('',(-1.636660116601,97.611810475203,
    -87.9640677377));
#119 = CARTESIAN_POINT('',(-1.856329516274,97.609738495804,
    -87.9576314246));
#120 = CARTESIAN_POINT('',(-1.941237409119,97.608894158663,
    -87.95500873862));
#121 = CARTESIAN_POINT('',(-2.026513638589,97.608002060871,
    -87.95223784673));
#122 = CARTESIAN_POINT('',(-2.11209005738,97.607062248953,
    -87.94931892272));
#123 = CARTESIAN_POINT('',(-2.19791071732,97.606074827887,
    -87.94625232408));
#124 = CARTESIAN_POINT('',(-2.283931612569,97.60503991155,
    -87.94303843814));
#125 = CARTESIAN_POINT('',(-2.370120422815,97.603957573173,
    -87.93967752812));
#126 = CARTESIAN_POINT('',(-2.544651930452,97.60167368097,-87.9325860627
    ));
#127 = CARTESIAN_POINT('',(-2.632994764563,97.600470142635,
    -87.92884935676));
#128 = CARTESIAN_POINT('',(-2.721458435573,97.599217229027,
    -87.9249596516));
#129 = CARTESIAN_POINT('',(-2.810020901617,97.597915007453,
    -87.92091719896));
#130 = CARTESIAN_POINT('',(-2.898664143006,97.596563550585,
    -87.91672226953));
#131 = CARTESIAN_POINT('',(-2.987373903041,97.595162922765,
    -87.91237511046));
#132 = CARTESIAN_POINT('',(-3.076139428828,97.593713166299,
    -87.90787590277));
#133 = CARTESIAN_POINT('',(-3.261206162957,97.590589861367,
    -87.89818394625));
#134 = CARTESIAN_POINT('',(-3.357513728909,97.588907774566,
    -87.89296478148));
#135 = CARTESIAN_POINT('',(-3.453865146436,97.587168063118,
    -87.88756740178));
#136 = CARTESIAN_POINT('',(-3.550251335787,97.585370766772,
    -87.88199199989));
#137 = CARTESIAN_POINT('',(-3.646664783794,97.583515924052,
    -87.87623876796));
#138 = CARTESIAN_POINT('',(-3.743099426695,97.581603567033,
    -87.87030788126));
#139 = CARTESIAN_POINT('',(-3.839550532969,97.579633716125,
    -87.86419948207));
#140 = CARTESIAN_POINT('',(-4.04424859264,97.57533166997,-87.8508608882)
  );
#141 = CARTESIAN_POINT('',(-4.152498078576,97.572984607121,
    -87.84358481129));
#142 = CARTESIAN_POINT('',(-4.260757643101,97.570565203889,
    -87.83608560328));
#143 = CARTESIAN_POINT('',(-4.369022655801,97.568073478355,
    -87.82836344128));
#144 = CARTESIAN_POINT('',(-4.477289200753,97.565509446592,
    -87.8204185012));
#145 = CARTESIAN_POINT('',(-4.585554020567,97.562873120149,
    -87.81225094992));
#146 = CARTESIAN_POINT('',(-4.69381446043,97.560164503544,
    -87.80386093754));
#147 = CARTESIAN_POINT('',(-4.954316738437,97.553472518382,
    -87.78313618648));
#148 = CARTESIAN_POINT('',(-5.10655154131,97.549418465834,
    -87.77058406766));
#149 = CARTESIAN_POINT('',(-5.258766747152,97.545221429779,
    -87.75759261229));
#150 = CARTESIAN_POINT('',(-5.410957094833,97.54088140528,
    -87.74416221714));
#151 = CARTESIAN_POINT('',(-5.563118064747,97.536398383373,
    -87.73029328601));
#152 = CARTESIAN_POINT('',(-5.715245807844,97.531772347646,
    -87.71598621908));
#153 = CARTESIAN_POINT('',(-5.867337074667,97.527003270824,
    -87.70124140232));
#154 = CARTESIAN_POINT('',(-6.620911455277,97.50265846931,
    -87.62599796195));
#155 = CARTESIAN_POINT('',(-7.221800537411,97.480987205058,
    -87.55909351523));
#156 = CARTESIAN_POINT('',(-7.821902377496,97.457074594627,
    -87.48536774151));
#157 = CARTESIAN_POINT('',(-8.421090214878,97.430917705427,
    -87.40484662709));
#158 = CARTESIAN_POINT('',(-9.019247535444,97.402513171428,
    -87.31755947822));
#159 = CARTESIAN_POINT('',(-9.616269296723,97.371857019185,
    -87.22353829337));
#160 = CARTESIAN_POINT('',(-10.21205838864,97.338944485975,
    -87.12281710255));
#161 = CARTESIAN_POINT('',(-11.94164893608,97.236604618001,
    -86.81038056496));
#162 = CARTESIAN_POINT('',(-13.07192797367,97.161193000035,
    -86.58103465939));
#163 = CARTESIAN_POINT('',(-14.19668756164,97.077499098925,
    -86.32765253034));
#164 = CARTESIAN_POINT('',(-15.31528247835,96.985480999721,
    -86.05053235773));
#165 = CARTESIAN_POINT('',(-16.42709151059,96.885090612428,
    -85.75000815045));
#166 = CARTESIAN_POINT('',(-17.53151748713,96.776273866992,
    -85.42644678454));
#167 = CARTESIAN_POINT('',(-18.62798547712,96.658971112192,
    -85.08024535953));
#168 = CARTESIAN_POINT('',(-20.87233859331,96.399347267073,
    -84.32023662464));
#169 = CARTESIAN_POINT('',(-22.01912384456,96.255916018379,
    -83.90354490387));
#170 = CARTESIAN_POINT('',(-23.15563417459,96.102746109403,
    -83.46226355435));
#171 = CARTESIAN_POINT('',(-24.28124105556,95.939752342012,
    -82.99693530423));
#172 = CARTESIAN_POINT('',(-25.3953495766,95.766842450624,-82.5081312731
    ));
#173 = CARTESIAN_POINT('',(-26.49739674387,95.583917475261,
    -81.99644694303));
#174 = CARTESIAN_POINT('',(-27.58684998745,95.390872184831,
    -81.46249853484));
#175 = CARTESIAN_POINT('',(-28.78606784549,95.164392288299,
    -80.8435025681));
#176 = CARTESIAN_POINT('',(-28.90886625071,95.141035494502,
    -80.77974824382));
#177 = CARTESIAN_POINT('',(-29.03160044789,95.117524478101,
    -80.71565657379));
#178 = CARTESIAN_POINT('',(-29.15426898424,95.093858696597,
    -80.65122773838));
#179 = CARTESIAN_POINT('',(-29.27687082459,95.070037524516,
    -80.58646170797));
#180 = CARTESIAN_POINT('',(-29.39940503953,95.046060312068,
    -80.52135840352));
#181 = CARTESIAN_POINT('',(-29.52187032664,95.02192647529,-80.4559179433
    ));
#182 = CARTESIAN_POINT('',(-30.55470359677,94.816945963337,
    -79.90085325739));
#183 = CARTESIAN_POINT('',(-31.45534275427,94.628731450048,
    -79.39609577369));
#184 = CARTESIAN_POINT('',(-32.34588092224,94.432919919683,
    -78.87626762876));
#185 = CARTESIAN_POINT('',(-33.22603176982,94.229436250222,-78.341776342
    ));
#186 = CARTESIAN_POINT('',(-34.09552411519,94.018202148678,
    -77.7930358147));
#187 = CARTESIAN_POINT('',(-34.95410111809,93.799136202814,
    -77.23046500458));
#188 = CARTESIAN_POINT('',(-35.8015194722,93.572153932861,
    -76.65448660026));
#189 = CARTESIAN_POINT('',(-38.49651963866,92.814659416474,
    -74.75592877395));
#190 = CARTESIAN_POINT('',(-40.29912653736,92.252592114534,
    -73.38217975246));
#191 = CARTESIAN_POINT('',(-42.04290606651,91.649990240108,
    -71.94891424023));
#192 = CARTESIAN_POINT('',(-43.72562525382,91.005811077919,
    -70.46086321985));
#193 = CARTESIAN_POINT('',(-45.34525538935,90.318959420137,
    -68.92281809515));
#194 = CARTESIAN_POINT('',(-46.89994193456,89.588288409619,
    -67.33959764857));
#195 = CARTESIAN_POINT('',(-48.38797033308,88.812586700984,
    -65.71601690811));
#196 = CARTESIAN_POINT('',(-51.3696630286,87.086196675364,
    -62.23154666767));
#197 = CARTESIAN_POINT('',(-52.84878801428,86.125866964472,
    -60.36338522633));
#198 = CARTESIAN_POINT('',(-54.24306977551,85.107803865322,
    -58.45866089203));
#199 = CARTESIAN_POINT('',(-55.55033293956,84.030243214286,
    -56.52390191263));
#200 = CARTESIAN_POINT('',(-56.76831004356,82.891449343968,
    -54.56589246232));
#201 = CARTESIAN_POINT('',(-57.89465609035,81.689729584423,
    -52.59167554584));
#202 = CARTESIAN_POINT('',(-58.92692728217,80.423429547274,
    -50.60854383669));
#203 = CARTESIAN_POINT('',(-60.04428406515,78.832037852046,
    -48.23848089166));
#204 = CARTESIAN_POINT('',(-60.22239247292,78.570671625098,
    -47.85289725132));
#205 = CARTESIAN_POINT('',(-60.39682941642,78.306799777317,
    -47.46732449227));
#206 = CARTESIAN_POINT('',(-60.56757484546,78.040411989416,
    -47.08182033244));
#207 = CARTESIAN_POINT('',(-60.73460839868,77.771498357358,
    -46.69644324359));
#208 = CARTESIAN_POINT('',(-60.89790940354,77.500049392358,
    -46.31125245127));
#209 = CARTESIAN_POINT('',(-61.05745687634,77.226056020884,
    -45.92630793491));
#210 = CARTESIAN_POINT('',(-61.24965106966,76.884849655513,
    -45.45173748331));
#211 = CARTESIAN_POINT('',(-61.28586625316,76.820050160859,
    -45.36182132764));
#212 = CARTESIAN_POINT('',(-61.32187480283,76.75511098675,-45.2719227316
    ));
#213 = CARTESIAN_POINT('',(-61.35767644438,76.690032027443,
    -45.1820424776));
#214 = CARTESIAN_POINT('',(-61.39327090167,76.624813180554,
    -45.09218135288));
#215 = CARTESIAN_POINT('',(-61.42865789929,76.559454342226,
    -45.00234014298));
#216 = CARTESIAN_POINT('',(-61.46383716508,76.493955402292,
    -44.91251962505));
#217 = CARTESIAN_POINT('',(-61.61374520262,76.212586175922,
    -44.5275864329));
#218 = CARTESIAN_POINT('',(-61.72643515424,75.995341611882,
    -44.23268423815));
#219 = CARTESIAN_POINT('',(-61.8368684463,75.776578916481,
    -43.93804199587));
#220 = CARTESIAN_POINT('',(-61.94503513066,75.556294692038,
    -43.6436880369));
#221 = CARTESIAN_POINT('',(-62.05092515235,75.334485774021,
    -43.34965100403));
#222 = CARTESIAN_POINT('',(-62.15452834953,75.111149231049,
    -43.05595985204));
#223 = CARTESIAN_POINT('',(-62.25583445353,74.886282364893,
    -42.76264384764));
#224 = CARTESIAN_POINT('',(-62.72356011131,73.81664209444,
    -41.37876496061));
#225 = CARTESIAN_POINT('',(-63.06027308989,72.952147713343,
    -40.29342396574));
#226 = CARTESIAN_POINT('',(-63.36444328163,72.066260933307,
    -39.2152205237));
#227 = CARTESIAN_POINT('',(-63.63551411307,71.158906975709,
    -38.14574588257));
#228 = CARTESIAN_POINT('',(-63.8729102014,70.230083442657,
    -37.08666642437));
#229 = CARTESIAN_POINT('',(-64.07604632207,69.279871237567,
    -36.03971636117));
#230 = CARTESIAN_POINT('',(-64.24433632305,68.308447880832,
    -35.00668830263));
#231 = CARTESIAN_POINT('',(-64.49196248171,66.458982099365,
    -33.11077465342));
#232 = CARTESIAN_POINT('',(-64.58029421591,65.586261293874,
    -32.24389461898));
#233 = CARTESIAN_POINT('',(-64.64182441733,64.698135661367,
    -31.38997422888));
#234 = CARTESIAN_POINT('',(-64.67618572381,63.794873234607,
    -30.55024077779));
#235 = CARTESIAN_POINT('',(-64.6830228692,62.876822859318,
    -29.72594799926));
#236 = CARTESIAN_POINT('',(-64.66200110804,61.944423685504,
    -28.91836581164));
#237 = CARTESIAN_POINT('',(-64.61281637785,60.998216512657,
    -28.1287680285));
#238 = CARTESIAN_POINT('',(-64.49211403122,59.506164069187,
    -26.93067431943));
#239 = CARTESIAN_POINT('',(-64.44025716187,58.96941512628,
    -26.50886416514));
#240 = CARTESIAN_POINT('',(-64.379591923,58.428722658779,-26.0932039921)
  );
#241 = CARTESIAN_POINT('',(-64.31007755921,57.884208917623,
    -25.68390837101));
#242 = CARTESIAN_POINT('',(-64.23167788312,57.336006475288,
    -25.28118913289));
#243 = CARTESIAN_POINT('',(-64.1443619309,56.784258795039,
    -24.88525448032));
#244 = CARTESIAN_POINT('',(-64.04810461785,56.229120800178,
    -24.49630809861));
#245 = CARTESIAN_POINT('',(-63.72531079478,54.516135221575,
    -23.32511474292));
#246 = CARTESIAN_POINT('',(-63.46940980171,53.347668851439,
    -22.56637165551));
#247 = CARTESIAN_POINT('',(-63.17502651185,52.166901820384,
    -21.84012287765));
#248 = CARTESIAN_POINT('',(-62.84212303657,50.975516175567,
    -21.14800443152));
#249 = CARTESIAN_POINT('',(-62.47078603188,49.775345968237,
    -20.49146138021));
#250 = CARTESIAN_POINT('',(-62.06124179879,48.568387359516,
    -19.87172137392));
#251 = CARTESIAN_POINT('',(-61.61388195382,47.356807387529,
    -19.28976485042));
#252 = CARTESIAN_POINT('',(-60.49314790402,44.54942014362,-18.0328288781
    ));
#253 = CARTESIAN_POINT('',(-59.79269117582,42.95157853492,
    -17.38551608685));
#254 = CARTESIAN_POINT('',(-59.02929669898,41.354915440683,
    -16.80607494876));
#255 = CARTESIAN_POINT('',(-58.20468961331,39.764757087872,
    -16.29504759213));
#256 = CARTESIAN_POINT('',(-57.32087521527,38.186270814387,
    -15.85191113106));
#257 = CARTESIAN_POINT('',(-56.38009554453,36.624451739882,
    -15.47519002195));
#258 = CARTESIAN_POINT('',(-55.38482032594,35.084092352534,
    -15.16256648677));
#259 = CARTESIAN_POINT('',(-53.80103945909,32.793452496017,
    -14.78202661264));
#260 = CARTESIAN_POINT('',(-53.25065987553,32.023942206168,
    -14.66909599579));
#261 = CARTESIAN_POINT('',(-52.68697020765,31.261780258046,
    -14.57178413953));
#262 = CARTESIAN_POINT('',(-52.11030551666,30.507506503292,
    -14.48962917037));
#263 = CARTESIAN_POINT('',(-51.52099727983,29.76162534829,
    -14.42212715786));
#264 = CARTESIAN_POINT('',(-50.91937143649,29.024606573095,
    -14.36873891823));
#265 = CARTESIAN_POINT('',(-50.30574643424,28.296886150363,
    -14.32889681802));
#266 = CARTESIAN_POINT('',(-48.64180771199,26.386265881025,
    -14.25735616138));
#267 = CARTESIAN_POINT('',(-47.57095305199,25.220451325509,
    -14.24844625468));
#268 = CARTESIAN_POINT('',(-46.46925228883,24.0832287464,-14.27257555812
    ));
#269 = CARTESIAN_POINT('',(-45.33802838262,22.976177161413,
    -14.32687538059));
#270 = CARTESIAN_POINT('',(-44.17853251003,21.900663099842,
    -14.40838338265));
#271 = CARTESIAN_POINT('',(-42.99193163958,20.857856801531,
    -14.51410168308));
#272 = CARTESIAN_POINT('',(-41.77929343219,19.84875077228,-14.6410443289
    ));
#273 = CARTESIAN_POINT('',(-40.25082563966,18.64525321942,
    -14.82038874072));
#274 = CARTESIAN_POINT('',(-39.95870034165,18.418232815546,
    -14.85551223083));
#275 = CARTESIAN_POINT('',(-39.66520552499,18.193130733953,
    -14.89160639135));
#276 = CARTESIAN_POINT('',(-39.3703539789,17.969957891912,
    -14.92863317326));
#277 = CARTESIAN_POINT('',(-39.07415832947,17.748724874086,
    -14.96655468608));
#278 = CARTESIAN_POINT('',(-38.77663103964,17.529441932524,
    -15.00533319785));
#279 = CARTESIAN_POINT('',(-38.47778440919,17.312118986665,
    -15.04493113518));
#280 = CARTESIAN_POINT('',(-38.05607592977,17.009553198915,
    -15.10166413853));
#281 = CARTESIAN_POINT('',(-37.94009131178,16.926812990963,
    -15.11736646397));
#282 = CARTESIAN_POINT('',(-37.82546971739,16.845450558147,
    -15.13296712043));
#283 = CARTESIAN_POINT('',(-37.70957696877,16.763589262361,
    -15.14882103844));
#284 = CARTESIAN_POINT('',(-37.59137261481,16.68053225376,
    -15.16507582993));
#285 = CARTESIAN_POINT('',(-37.4714308323,16.596724455783,
    -15.18165860006));
#286 = CARTESIAN_POINT('',(-37.351961327,16.513714550193,-15.19826275899
    ));
#287 = CARTESIAN_POINT('',(-37.14600514549,16.371323752829,
    -15.22701398263));
#288 = CARTESIAN_POINT('',(-37.05506566236,16.308708693955,
    -15.23975531011));
#289 = CARTESIAN_POINT('',(-36.96401209543,16.246272022375,
    -15.25255782798));
#290 = CARTESIAN_POINT('',(-36.87284475242,16.184013972166,
    -15.26542055015));
#291 = CARTESIAN_POINT('',(-36.78156393873,16.121934774587,
    -15.27834249259));
#292 = CARTESIAN_POINT('',(-36.69016995748,16.060034658076,
    -15.29132267329));
#293 = CARTESIAN_POINT('',(-36.59866310949,15.998313848252,
    -15.30436011229));
#294 = CARTESIAN_POINT('',(-35.78264279675,15.450188401709,
    -15.42098103246));
#295 = CARTESIAN_POINT('',(-35.05120803958,14.974829672006,
    -15.52802613415));
#296 = CARTESIAN_POINT('',(-34.3128924676,14.510810146022,
    -15.63810495662));
#297 = CARTESIAN_POINT('',(-33.56784889997,14.058238093768,
    -15.75074031734));
#298 = CARTESIAN_POINT('',(-32.81622993223,13.617216536356,
    -15.86546303401));
#299 = CARTESIAN_POINT('',(-32.05818793937,13.187843494304,
    -15.98181292714));
#300 = CARTESIAN_POINT('',(-31.29387507885,12.770212235839,
    -16.09933982271));
#301 = CARTESIAN_POINT('',(-28.78396284817,11.448195071931,
    -16.48462266712));
#302 = CARTESIAN_POINT('',(-27.01331826936,10.59230107063,
    -16.75539721534));
#303 = CARTESIAN_POINT('',(-25.21320813133,9.797723658652,
    -17.02488221502));
#304 = CARTESIAN_POINT('',(-23.38547575464,9.065431244726,
    -17.28829036858));
#305 = CARTESIAN_POINT('',(-21.53212413808,8.396347923465,
    -17.54114885659));
#306 = CARTESIAN_POINT('',(-19.65533017236,7.791338027143,
    -17.77935976824));
#307 = CARTESIAN_POINT('',(-17.75745813572,7.251193814722,
    -17.99926517103));
#308 = CARTESIAN_POINT('',(-13.91085655682,6.298633874321,-18.397600633)
  );
#309 = CARTESIAN_POINT('',(-11.96180994888,5.887154804289,
    -18.57572436053));
#310 = CARTESIAN_POINT('',(-9.996704425431,5.54295899207,-18.72885286795
    ));
#311 = CARTESIAN_POINT('',(-8.018457421802,5.266677938192,
    -18.85428755568));
#312 = CARTESIAN_POINT('',(-6.030134499934,5.058813217128,-18.9499354125
    ));
#313 = CARTESIAN_POINT('',(-4.034953024332,4.919727856142,
    -19.01436407281));
#314 = CARTESIAN_POINT('',(-2.036287045117,4.849620615517,
    -19.04684287743));
#315 = CARTESIAN_POINT('',(1.976051210968,4.8473369186,-19.04790086526)
  );
#316 = CARTESIAN_POINT('',(3.989943041537,4.916207209987,-19.01599512971
    ));
#317 = CARTESIAN_POINT('',(6.000382685415,5.055109149064,-18.95163642752
    ));
#318 = CARTESIAN_POINT('',(8.003917723613,5.263843922674,-18.8555597875)
  );
#319 = CARTESIAN_POINT('',(9.997256461719,5.542043376405,-18.72922392644
    ));
#320 = CARTESIAN_POINT('',(11.977262916086,5.889196681287,
    -18.57476890655));
#321 = CARTESIAN_POINT('',(13.940953060832,6.304659090561,
    -18.39495909479));
#322 = CARTESIAN_POINT('',(17.641091023122,7.223697541097,
    -18.01087622839));
#323 = CARTESIAN_POINT('',(19.381132615727,7.714803641512,
    -17.81067262546));
#324 = CARTESIAN_POINT('',(21.103637708606,8.260414178427,
    -17.59492838815));
#325 = CARTESIAN_POINT('',(22.806772346339,8.859924023154,-17.3664299113
    ));
#326 = CARTESIAN_POINT('',(24.488839246546,9.512677521804,
    -17.12827712416));
#327 = CARTESIAN_POINT('',(26.148268783961,10.217977623071,
    -16.88384112814));
#328 = CARTESIAN_POINT('',(27.783609734953,10.975096439643,
    -16.63672456004));
#329 = CARTESIAN_POINT('',(32.276666066979,13.230655259953,
    -15.95016992453));
#330 = CARTESIAN_POINT('',(35.076615318157,14.8410044512,-15.51344709267
    ));
#331 = CARTESIAN_POINT('',(37.787790423742,16.610714299966,
    -15.10206259837));
#332 = CARTESIAN_POINT('',(40.402761091713,18.535297756463,
    -14.7398623672));
#333 = CARTESIAN_POINT('',(42.912907953343,20.608452872392,-14.45263842)
  );
#334 = CARTESIAN_POINT('',(45.308730357445,22.8215102486,-14.2671138648)
  );
#335 = CARTESIAN_POINT('',(47.579931051739,25.163125283944,
    -14.20946434312));
#336 = CARTESIAN_POINT('',(50.338070252972,28.33516227753,
    -14.33096253908));
#337 = CARTESIAN_POINT('',(50.949101235867,29.060876702567,
    -14.3712861367));
#338 = CARTESIAN_POINT('',(51.548197802765,29.795807150323,
    -14.42508717249));
#339 = CARTESIAN_POINT('',(52.135044631365,30.539520747553,
    -14.49292649058));
#340 = CARTESIAN_POINT('',(52.709319091872,31.291551288928,
    -14.57533668408));
#341 = CARTESIAN_POINT('',(53.270693168717,32.051398440199,
    -14.67281540339));
#342 = CARTESIAN_POINT('',(53.818835382291,32.818526941352,
    -14.78581866443));
#343 = CARTESIAN_POINT('',(55.399801444748,35.107088564711,
    -15.16713433527));
#344 = CARTESIAN_POINT('',(56.394379791327,36.647755599609,
    -15.48059545791));
#345 = CARTESIAN_POINT('',(57.334424287499,38.209816023997,
    -15.85818046043));
#346 = CARTESIAN_POINT('',(58.217467493092,39.78847159014,
    -16.30219656641));
#347 = CARTESIAN_POINT('',(59.041271840198,41.378724427392,
    -16.81410775064));
#348 = CARTESIAN_POINT('',(59.803837961705,42.975407603108,
    -17.39442537202));
#349 = CARTESIAN_POINT('',(60.503447498853,44.573198510109,
    -18.04259697615));
#350 = CARTESIAN_POINT('',(61.586479005339,47.289614925672,
    -19.26031117074));
#351 = CARTESIAN_POINT('',(62.002343393125,48.410622214464,
    -19.79665393104));
#352 = CARTESIAN_POINT('',(62.38587105713,49.527791407145,
    -20.36536730931));
#353 = CARTESIAN_POINT('',(62.736743729917,50.639402768761,
    -20.96569148821));
#354 = CARTESIAN_POINT('',(63.054763888095,51.743857881045,
    -21.59668250102));
#355 = CARTESIAN_POINT('',(63.339837929797,52.839674188577,
    -22.25723167744));
#356 = CARTESIAN_POINT('',(63.591966012177,53.925478579387,
    -22.94608310633));
#357 = CARTESIAN_POINT('',(63.811238548926,55.,-23.66184911536));
#358 = ORIENTED_EDGE('',*,*,#359,.T.);
#359 = EDGE_CURVE('',#24,#22,#360,.T.);
#360 = B_SPLINE_CURVE_WITH_KNOTS('',8,(#361,#362,#363,#364,#365,#366,
    #367,#368,#369,#370,#371,#372,#373,#374,#375,#376,#377,#378,#379,
    #380,#381,#382,#383,#384,#385,#386,#387,#388,#389,#390,#391,#392,
    #393,#394,#395,#396,#397,#398,#399,#400,#401,#402,#403,#404,#405,
    #406,#407,#408,#409,#410,#411),.UNSPECIFIED.,.F.,.F.,(9,7,7,7,7,7,7,
    9),(0.,0.205936658443,0.324886090762,0.345993344316,0.40944949901,
    0.625110623454,0.867842316436,1.),.UNSPECIFIED.);
#361 = CARTESIAN_POINT('',(63.811238548926,55.,-23.66184911536));
#362 = CARTESIAN_POINT('',(64.197905089977,56.894817306712,
    -24.92403498915));
#363 = CARTESIAN_POINT('',(64.482461473011,58.754836185656,
    -26.27010568851));
#364 = CARTESIAN_POINT('',(64.665355533634,60.573092319875,
    -27.6925103804));
#365 = CARTESIAN_POINT('',(64.74805554071,62.344440356321,-29.1829803314
    ));
#366 = CARTESIAN_POINT('',(64.732575581435,64.065166855485,
    -30.73300979003));
#367 = CARTESIAN_POINT('',(64.621239528846,65.732719548646,
    -32.33418365934));
#368 = CARTESIAN_POINT('',(64.416539860351,67.345512175272,
    -33.97840788968));
#369 = CARTESIAN_POINT('',(63.950212933293,69.802236248526,
    -36.62829110182));
#370 = CARTESIAN_POINT('',(63.749154671051,70.683177725272,
    -37.6103161485));
#371 = CARTESIAN_POINT('',(63.518247605855,71.545448814301,
    -38.60272101809));
#372 = CARTESIAN_POINT('',(63.257966471941,72.38897999492,
    -39.60409426784));
#373 = CARTESIAN_POINT('',(62.968780571836,73.213764611557,
    -40.61307034732));
#374 = CARTESIAN_POINT('',(62.651148407158,74.019851470483,
    -41.62833429028));
#375 = CARTESIAN_POINT('',(62.305512309422,74.807337436522,
    -42.64862640656));
#376 = CARTESIAN_POINT('',(61.866066323734,75.712821023188,
    -43.85447436539));
#377 = CARTESIAN_POINT('',(61.798971142175,75.848700466618,
    -44.0363220269));
#378 = CARTESIAN_POINT('',(61.731009936689,75.983999027253,
    -44.21828310001));
#379 = CARTESIAN_POINT('',(61.662184992704,76.118717606462,
    -44.4003510476));
#380 = CARTESIAN_POINT('',(61.592498802212,76.252856730845,
    -44.58251881666));
#381 = CARTESIAN_POINT('',(61.521953510926,76.386417562336,
    -44.7647802311));
#382 = CARTESIAN_POINT('',(61.450551622477,76.519400608501,
    -44.94712821604));
#383 = CARTESIAN_POINT('',(61.161066291993,77.049869314888,
    -45.6780031457));
#384 = CARTESIAN_POINT('',(60.93611496492,77.442718805748,
    -46.22717512394));
#385 = CARTESIAN_POINT('',(60.703503779911,77.830379900026,
    -46.77689459764));
#386 = CARTESIAN_POINT('',(60.463293918698,78.21287868474,-47.3269867462
    ));
#387 = CARTESIAN_POINT('',(60.215545279845,78.590242911376,
    -47.87727983176));
#388 = CARTESIAN_POINT('',(59.96031647875,78.962501995883,
    -48.42760519917));
#389 = CARTESIAN_POINT('',(59.697664847648,79.329687018681,-48.977797276
    ));
#390 = CARTESIAN_POINT('',(58.509965718911,80.922606492349,
    -51.39656288586));
#391 = CARTESIAN_POINT('',(57.507258105726,82.095066960555,
    -53.26188751324));
#392 = CARTESIAN_POINT('',(56.421653795214,83.210609923536,
    -55.11745984228));
#393 = CARTESIAN_POINT('',(55.255169052331,84.270636922561,
    -56.95724470043));
#394 = CARTESIAN_POINT('',(54.009746824624,85.27657186535,
    -58.77539416692));
#395 = CARTESIAN_POINT('',(52.687272778196,86.229865711381,
    -60.56625421564));
#396 = CARTESIAN_POINT('',(51.289566752866,87.131987223096,
    -62.32436318879));
#397 = CARTESIAN_POINT('',(48.162459780275,88.943810124616,
    -65.98043145808));
#398 = CARTESIAN_POINT('',(46.41365697111,89.840129520112,
    -67.86799947158));
#399 = CARTESIAN_POINT('',(44.574470699871,90.675448279475,
    -69.6995942607));
#400 = CARTESIAN_POINT('',(42.647630023042,91.451673105406,
    -71.46757747149));
#401 = CARTESIAN_POINT('',(40.636147943126,92.170588407149,
    -73.16429106257));
#402 = CARTESIAN_POINT('',(38.54339834776,92.833884137583,
    -74.78213139827));
#403 = CARTESIAN_POINT('',(36.373185507555,93.443150153553,
    -76.31363064964));
#404 = CARTESIAN_POINT('',(32.908376012398,94.302930972197,
    -78.53443262361));
#405 = CARTESIAN_POINT('',(31.665286511537,94.590431530178,
    -79.28955920151));
#406 = CARTESIAN_POINT('',(30.401255795918,94.862569168947,
    -80.01574443142));
#407 = CARTESIAN_POINT('',(29.117057790297,95.119562093696,
    -80.71182479523));
#408 = CARTESIAN_POINT('',(27.813525910512,95.361616012577,
    -81.37666131379));
#409 = CARTESIAN_POINT('',(26.491557304165,95.588923582901,
    -82.00914780868));
#410 = CARTESIAN_POINT('',(25.152117599817,95.801663610176,
    -82.60822017429));
#411 = CARTESIAN_POINT('',(23.7962461647,96.,-83.17286666034));
#412 = ORIENTED_EDGE('',*,*,#413,.T.);
#413 = EDGE_CURVE('',#22,#414,#416,.T.);
#414 = VERTEX_POINT('',#415);
#415 = CARTESIAN_POINT('',(73.227905089738,96.,-17.69133721839));
#416 = ( BOUNDED_CURVE() B_SPLINE_CURVE(2,(#417,#418,#419,#420,#421),
.UNSPECIFIED.,.F.,.F.) B_SPLINE_CURVE_WITH_KNOTS((3,2,3),(4.712388980385
,6.28318530718,7.853981633974),.PIECEWISE_BEZIER_KNOTS.) CURVE() 
GEOMETRIC_REPRESENTATION_ITEM() RATIONAL_B_SPLINE_CURVE((1.,
0.707106781187,1.,0.707106781187,1.)) REPRESENTATION_ITEM('') );
#417 = CARTESIAN_POINT('',(-1.396097351028E-14,96.,-88.));
#418 = CARTESIAN_POINT('',(76.,96.,-88.));
#419 = CARTESIAN_POINT('',(76.,96.,8.));
#420 = CARTESIAN_POINT('',(76.,96.,104.));
#421 = CARTESIAN_POINT('',(2.32682891838E-14,96.,104.));
#422 = ORIENTED_EDGE('',*,*,#423,.T.);
#423 = EDGE_CURVE('',#414,#424,#426,.T.);
#424 = VERTEX_POINT('',#425);
#425 = CARTESIAN_POINT('',(75.555786037623,96.,-2.364300681749));
#426 = B_SPLINE_CURVE_WITH_KNOTS('',7,(#427,#428,#429,#430,#431,#432,
    #433,#434,#435,#436,#437,#438,#439,#440,#441,#442,#443,#444,#445,
    #446),.UNSPECIFIED.,.F.,.F.,(8,6,6,8),(0.,0.325466785379,
    0.652052097693,1.),.UNSPECIFIED.);
#427 = CARTESIAN_POINT('',(73.227905089737,96.,-17.69133721839));
#428 = CARTESIAN_POINT('',(73.376163543786,95.754277910294,
    -17.01708146161));
#429 = CARTESIAN_POINT('',(73.521721835059,95.542242487226,
    -16.33006850974));
#430 = CARTESIAN_POINT('',(73.663992501449,95.361443879133,
    -15.63304926244));
#431 = CARTESIAN_POINT('',(73.802507831315,95.210011245403,
    -14.92828242222));
#432 = CARTESIAN_POINT('',(73.936914357807,95.086343661189,
    -14.21760742689));
#433 = CARTESIAN_POINT('',(74.066957568364,94.98911758812,
    -13.50244055991));
#434 = CARTESIAN_POINT('',(74.318399679425,94.845212919211,
    -12.06263466495));
#435 = CARTESIAN_POINT('',(74.439734749316,94.798727802498,
    -11.33815818525));
#436 = CARTESIAN_POINT('',(74.556276665174,94.776769220017,
    -10.61145735096));
#437 = CARTESIAN_POINT('',(74.66785823255,94.778571856722,
    -9.883567514923));
#438 = CARTESIAN_POINT('',(74.774339201609,94.803591957941,
    -9.155446347845));
#439 = CARTESIAN_POINT('',(74.875603935217,94.851494083945,
    -8.427974095251));
#440 = CARTESIAN_POINT('',(75.073780608341,94.997534315733,
    -6.928441144156));
#441 = CARTESIAN_POINT('',(75.169955235849,95.098740502067,
    -6.156722149457));
#442 = CARTESIAN_POINT('',(75.259968324697,95.225707953917,
    -5.387728295298));
#443 = CARTESIAN_POINT('',(75.343691995621,95.378647761997,
    -4.622582230529));
#444 = CARTESIAN_POINT('',(75.420994455154,95.558036502688,
    -3.862587445809));
#445 = CARTESIAN_POINT('',(75.491741614676,95.7646944505,-3.109245615323
    ));
#446 = CARTESIAN_POINT('',(75.555786037624,96.,-2.364300681748));
#447 = ORIENTED_EDGE('',*,*,#448,.T.);
#448 = EDGE_CURVE('',#424,#449,#451,.T.);
#449 = VERTEX_POINT('',#450);
#450 = CARTESIAN_POINT('',(4.65365783676E-15,96.,104.));
#451 = ( BOUNDED_CURVE() B_SPLINE_CURVE(2,(#452,#453,#454,#455,#456),
.UNSPECIFIED.,.F.,.F.) B_SPLINE_CURVE_WITH_KNOTS((3,2,3),(4.712388980385
,6.28318530718,7.853981633974),.PIECEWISE_BEZIER_KNOTS.) CURVE() 
GEOMETRIC_REPRESENTATION_ITEM() RATIONAL_B_SPLINE_CURVE((1.,
0.707106781187,1.,0.707106781187,1.)) REPRESENTATION_ITEM('') );
#452 = CARTESIAN_POINT('',(-1.396097351028E-14,96.,-88.));
#453 = CARTESIAN_POINT('',(76.,96.,-88.));
#454 = CARTESIAN_POINT('',(76.,96.,8.));
#455 = CARTESIAN_POINT('',(76.,96.,104.));
#456 = CARTESIAN_POINT('',(2.32682891838E-14,96.,104.));
#457 = ORIENTED_EDGE('',*,*,#448,.F.);
#458 = ORIENTED_EDGE('',*,*,#459,.T.);
#459 = EDGE_CURVE('',#424,#414,#460,.T.);
#460 = B_SPLINE_CURVE_WITH_KNOTS('',7,(#461,#462,#463,#464,#465,#466,
    #467,#468,#469,#470,#471,#472,#473,#474,#475,#476,#477,#478,#479,
    #480,#481,#482,#483,#484,#485,#486,#487,#488,#489,#490,#491,#492,
    #493,#494,#495,#496,#497,#498,#499,#500,#501,#502,#503,#504,#505,
    #506,#507,#508,#509,#510,#511,#512,#513,#514,#515,#516,#517,#518,
    #519,#520,#521,#522,#523,#524,#525,#526,#527,#528,#529,#530,#531,
    #532,#533,#534,#535,#536,#537,#538,#539,#540,#541,#542,#543,#544,
    #545,#546,#547,#548,#549,#550,#551,#552,#553,#554,#555,#556,#557,
    #558,#559,#560,#561,#562,#563,#564,#565,#566,#567,#568,#569,#570,
    #571,#572,#573,#574,#575,#576,#577,#578,#579,#580,#581,#582,#583,
    #584,#585,#586,#587,#588,#589,#590,#591,#592,#593,#594,#595,#596,
    #597,#598,#599,#600,#601,#602,#603,#604,#605,#606,#607,#608,#609,
    #610,#611,#612,#613,#614,#615,#616,#617,#618,#619,#620,#621,#622,
    #623,#624,#625,#626,#627,#628,#629,#630,#631,#632,#633,#634,#635,
    #636,#637,#638,#639,#640,#641,#642,#643,#644,#645,#646,#647,#648),
  .UNSPECIFIED.,.F.,.F.,(8,6,6,6,6,6,6,6,6,6,6,6,6,6,6,6,6,6,6,6,6,6,6,6
    ,6,6,6,6,6,6,6,8),(0.,7.146740142269E-02,0.137056198598,
    0.163771518762,0.177805304672,0.20557175349,0.224960935737,
    0.233690987494,0.247883411774,0.275624194492,0.316786781405,
    0.355349841239,0.389526647531,0.498758170418,0.608834086625,
    0.648148559602,0.658900185534,0.667084284536,0.694642746883,
    0.746122345805,0.781749636401,0.79891986085,0.80968663858,
    0.832735557203,0.863490365106,0.878439838226,0.90699257362,
    0.956776308363,0.978691841774,0.989141187622,0.994168825044,1.),
  .UNSPECIFIED.);
#461 = CARTESIAN_POINT('',(75.555786037624,96.,-2.364300681748));
#462 = CARTESIAN_POINT('',(75.609193189525,96.196223661622,
    -1.743084923682));
#463 = CARTESIAN_POINT('',(75.6579218328,96.412306198896,-1.127910130113
    ));
#464 = CARTESIAN_POINT('',(75.701900029245,96.649063363067,
    -0.519681036792));
#465 = CARTESIAN_POINT('',(75.74101641671,96.907496639062,
    8.024739592972E-02));
#466 = CARTESIAN_POINT('',(75.775133892866,97.188833153562,
    0.670049410425));
#467 = CARTESIAN_POINT('',(75.804103284026,97.49454054991,1.24741982983)
  );
#468 = CARTESIAN_POINT('',(75.849425694436,98.131570244809,
    2.325147090758));
#469 = CARTESIAN_POINT('',(75.866597777392,98.458397049748,
    2.827391447645));
#470 = CARTESIAN_POINT('',(75.87914215258,98.809003380992,3.314327928983
    ));
#471 = CARTESIAN_POINT('',(75.886858531471,99.185157666778,
    3.782666886484));
#472 = CARTESIAN_POINT('',(75.889512272686,99.588528994106,
    4.227673749914));
#473 = CARTESIAN_POINT('',(75.886884428932,100.02055041716,
    4.643268041379));
#474 = CARTESIAN_POINT('',(75.875399435522,100.67091647344,
    5.176009543809));
#475 = CARTESIAN_POINT('',(75.87115891513,100.86405893724,5.323981115146
    ));
#476 = CARTESIAN_POINT('',(75.865987258309,101.06215214433,5.46519235574
    ));
#477 = CARTESIAN_POINT('',(75.859871189347,101.26518387848,
    5.599023641726));
#478 = CARTESIAN_POINT('',(75.85280057645,101.47307468402,5.724801113475
    ));
#479 = CARTESIAN_POINT('',(75.844770160947,101.68566463898,
    5.841820147182));
#480 = CARTESIAN_POINT('',(75.831059355409,102.01671065225,
    6.005865213357));
#481 = CARTESIAN_POINT('',(75.826073005014,102.13194618813,
    6.059747761166));
#482 = CARTESIAN_POINT('',(75.820822528065,102.24836783754,
    6.110913087153));
#483 = CARTESIAN_POINT('',(75.815308760007,102.36592891107,
    6.159257630158));
#484 = CARTESIAN_POINT('',(75.809533169697,102.48457424751,
    6.204679551007));
#485 = CARTESIAN_POINT('',(75.803497950122,102.60423953289,
    6.247080632919));
#486 = CARTESIAN_POINT('',(75.784757426935,102.96348484295,
    6.364100278121));
#487 = CARTESIAN_POINT('',(75.771302025203,103.20586320872,
    6.429657992748));
#488 = CARTESIAN_POINT('',(75.756865631813,103.45135368818,
    6.482296490188));
#489 = CARTESIAN_POINT('',(75.741484243383,103.69924730857,
    6.521404921713));
#490 = CARTESIAN_POINT('',(75.725203047987,103.94875434722,
    6.546535359319));
#491 = CARTESIAN_POINT('',(75.708077988581,104.19899348346,
    6.557446863796));
#492 = CARTESIAN_POINT('',(75.677681873502,104.6235340796,6.55187282817)
  );
#493 = CARTESIAN_POINT('',(75.664804536503,104.79800036493,
    6.542659346537));
#494 = CARTESIAN_POINT('',(75.651570927937,104.97205003599,
    6.526528829866));
#495 = CARTESIAN_POINT('',(75.63800404189,105.14537914193,6.503544403097
    ));
#496 = CARTESIAN_POINT('',(75.624126918832,105.31770101035,
    6.473822152779));
#497 = CARTESIAN_POINT('',(75.609962669729,105.48874474833,
    6.437525551495));
#498 = CARTESIAN_POINT('',(75.589038166352,105.73457581979,
    6.375649574966));
#499 = CARTESIAN_POINT('',(75.582488185735,105.81058848101,
    6.355147534462));
#500 = CARTESIAN_POINT('',(75.575886586527,105.88626945619,
    6.333372417607));
#501 = CARTESIAN_POINT('',(75.569235332374,105.96159778065,
    6.310344030116));
#502 = CARTESIAN_POINT('',(75.562536322355,106.03655379589,
    6.286083326576));
#503 = CARTESIAN_POINT('',(75.555791390982,106.11111914966,
    6.260612410452));
#504 = CARTESIAN_POINT('',(75.537965313049,106.30583468132,
    6.190616823983));
#505 = CARTESIAN_POINT('',(75.526811580796,106.42531546758,6.14414148799
    ));
#506 = CARTESIAN_POINT('',(75.515548723373,106.54364556701,
    6.094627504098));
#507 = CARTESIAN_POINT('',(75.504183723588,106.66076189219,
    6.042179010327));
#508 = CARTESIAN_POINT('',(75.492722943057,106.7766110846,5.986903303624
    ));
#509 = CARTESIAN_POINT('',(75.481172130151,106.89114874316,
    5.928908838783));
#510 = CARTESIAN_POINT('',(75.446793041885,107.22558197267,
    5.749842661649));
#511 = CARTESIAN_POINT('',(75.423726150003,107.44166844017,
    5.621408723236));
#512 = CARTESIAN_POINT('',(75.400372209244,107.65234737577,
    5.483801831022));
#513 = CARTESIAN_POINT('',(75.376760203252,107.85747166644,
    5.337806480946));
#514 = CARTESIAN_POINT('',(75.352911876608,108.05698182424,
    5.184166054837));
#515 = CARTESIAN_POINT('',(75.328841969095,108.25089004482,
    5.023557629261));
#516 = CARTESIAN_POINT('',(75.268525807562,108.71877973191,
    4.608781185308));
#517 = CARTESIAN_POINT('',(75.23203060867,108.98605047249,4.347000428791
    ));
#518 = CARTESIAN_POINT('',(75.195091338001,109.24136752365,
    4.073110005386));
#519 = CARTESIAN_POINT('',(75.157717899595,109.48508315629,
    3.788746211534));
#520 = CARTESIAN_POINT('',(75.11991224541,109.71760599527,3.495289972716
    ));
#521 = CARTESIAN_POINT('',(75.081666280576,109.93938970599,
    3.193856886204));
#522 = CARTESIAN_POINT('',(75.006692401056,110.34908213705,
    2.596197140803));
#523 = CARTESIAN_POINT('',(74.970028681143,110.53820585467,
    2.300904531935));
#524 = CARTESIAN_POINT('',(74.932952368941,110.71865801557,
    2.000136273117));
#525 = CARTESIAN_POINT('',(74.895452393441,110.8907724177,1.694523399086
    ));
#526 = CARTESIAN_POINT('',(74.857518576158,111.05485300266,1.38460227703
    ));
#527 = CARTESIAN_POINT('',(74.819140078053,111.21118181582,
    1.070819520621));
#528 = CARTESIAN_POINT('',(74.745884942516,111.49194182345,
    0.472342623569));
#529 = CARTESIAN_POINT('',(74.711108380406,111.61797090701,
    0.188414420907));
#530 = CARTESIAN_POINT('',(74.675966384187,111.73829463956,
    -9.798671375432E-02));
#531 = CARTESIAN_POINT('',(74.640452827331,111.8530732761,
    -0.386628035946));
#532 = CARTESIAN_POINT('',(74.604562714796,111.96245003274,
    -0.677303702893));
#533 = CARTESIAN_POINT('',(74.568291665082,112.0665542153,
    -0.969833429512));
#534 = CARTESIAN_POINT('',(74.414479342482,112.48175544303,
    -2.204434225518));
#535 = CARTESIAN_POINT('',(74.293441988101,112.74521389913,
    -3.161720461299));
#536 = CARTESIAN_POINT('',(74.16831904337,112.95999145612,
    -4.131391007416));
#537 = CARTESIAN_POINT('',(74.03912333312,113.1282033275,-5.109787131131
    ));
#538 = CARTESIAN_POINT('',(73.905979623659,113.25128463389,
    -6.093847627787));
#539 = CARTESIAN_POINT('',(73.769095724921,113.32991390451,
    -7.081117639549));
#540 = CARTESIAN_POINT('',(73.487265554641,113.39830476711,
    -9.066005576704));
#541 = CARTESIAN_POINT('',(73.342349576335,113.38735300542,
    -10.06305064127));
#542 = CARTESIAN_POINT('',(73.194255006854,113.33108146206,
    -11.05887980824));
#543 = CARTESIAN_POINT('',(73.04346293435,113.22860041568,
    -12.05104187628));
#544 = CARTESIAN_POINT('',(72.890666234567,113.07839235361,
    -13.03664831716));
#545 = CARTESIAN_POINT('',(72.736786160942,112.87837209994,
    -14.01238084815));
#546 = CARTESIAN_POINT('',(72.52813929336,112.53481615532,
    -15.31801639409));
#547 = CARTESIAN_POINT('',(72.473255453447,112.43763856724,
    -15.65982563207));
#548 = CARTESIAN_POINT('',(72.418455518189,112.33355185287,
    -15.99965244862));
#549 = CARTESIAN_POINT('',(72.363806444956,112.22240053288,
    -16.33727718408));
#550 = CARTESIAN_POINT('',(72.309383877469,112.10401544234,
    -16.67245270739));
#551 = CARTESIAN_POINT('',(72.255272866306,111.97821163354,
    -17.00490381913));
#552 = CARTESIAN_POINT('',(72.186881677008,111.80829742081,
    -17.42441639906));
#553 = CARTESIAN_POINT('',(72.172225241684,111.77123865478,
    -17.51427932072));
#554 = CARTESIAN_POINT('',(72.157601252769,111.73360588399,
    -17.60390906225));
#555 = CARTESIAN_POINT('',(72.143011750903,111.69539493159,
    -17.6932990315));
#556 = CARTESIAN_POINT('',(72.128458848034,111.65660154049,
    -17.78244240149));
#557 = CARTESIAN_POINT('',(72.113944727415,111.61722137339,
    -17.87133211048));
#558 = CARTESIAN_POINT('',(72.088454784547,111.54682395583,
    -18.02742474845));
#559 = CARTESIAN_POINT('',(72.077461722833,111.51605540188,
    -18.09473731328));
#560 = CARTESIAN_POINT('',(72.066493319392,111.4849420246,
    -18.16189615993));
#561 = CARTESIAN_POINT('',(72.055550764757,111.45348230987,
    -18.22889694557));
#562 = CARTESIAN_POINT('',(72.044634958538,111.42167384146,
    -18.29573718298));
#563 = CARTESIAN_POINT('',(72.033747076013,111.38951486238,
    -18.36241277322));
#564 = CARTESIAN_POINT('',(71.986322779204,111.24752618079,
    -18.65287267066));
#565 = CARTESIAN_POINT('',(71.950086589478,111.1340511137,
    -18.87491777578));
#566 = CARTESIAN_POINT('',(71.914221161178,111.01649876359,
    -19.09492117419));
#567 = CARTESIAN_POINT('',(71.878772571452,110.89478787045,
    -19.31273230815));
#568 = CARTESIAN_POINT('',(71.843791424472,110.76883515131,
    -19.52818458664));
#569 = CARTESIAN_POINT('',(71.809332851441,110.63855530023,
    -19.74109538532));
#570 = CARTESIAN_POINT('',(71.712175122269,110.25224994965,
    -20.34386774405));
#571 = CARTESIAN_POINT('',(71.65093829071,109.98528216107,
    -20.72683093183));
#572 = CARTESIAN_POINT('',(71.592119256003,109.70233189268,
    -21.09896518284));
#573 = CARTESIAN_POINT('',(71.536181924827,109.40282640493,
    -21.45868856405));
#574 = CARTESIAN_POINT('',(71.483678881147,109.08628812305,
    -21.80406217608));
#575 = CARTESIAN_POINT('',(71.435248136865,108.75236143808,
    -22.13281145481));
#576 = CARTESIAN_POINT('',(71.361407204744,108.15753699068,
    -22.65654442781));
#577 = CARTESIAN_POINT('',(71.333506972792,107.90586694459,
    -22.86150045643));
#578 = CARTESIAN_POINT('',(71.308147108122,107.64576501522,
    -23.05632900676));
#579 = CARTESIAN_POINT('',(71.285592305261,107.37728909101,
    -23.24002585819));
#580 = CARTESIAN_POINT('',(71.266125977006,107.10062301886,
    -23.41148297137));
#581 = CARTESIAN_POINT('',(71.250037725717,106.8161053771,
    -23.56952985785));
#582 = CARTESIAN_POINT('',(71.231613279413,106.38361974564,
    -23.78212810803));
#583 = CARTESIAN_POINT('',(71.226470688395,106.24127453427,
    -23.8478772614));
#584 = CARTESIAN_POINT('',(71.222208351561,106.09729490656,
    -23.91010405236));
#585 = CARTESIAN_POINT('',(71.218856637521,105.95175487008,
    -23.96867536221));
#586 = CARTESIAN_POINT('',(71.216444507835,105.80474083514,
    -24.0234600764));
#587 = CARTESIAN_POINT('',(71.214998785332,105.65635261808,
    -24.07433156828));
#588 = CARTESIAN_POINT('',(71.21425789854,105.41286589713,
    -24.15054079428));
#589 = CARTESIAN_POINT('',(71.21436172376,105.31853170044,
    -24.17832597248));
#590 = CARTESIAN_POINT('',(71.214860893428,105.22372992045,
    -24.20449590797));
#591 = CARTESIAN_POINT('',(71.215760831407,105.12849056321,
    -24.22902243566));
#592 = CARTESIAN_POINT('',(71.217066390087,105.03284557502,
    -24.25187903494));
#593 = CARTESIAN_POINT('',(71.21878185038,104.93682884236,
    -24.27304082963));
#594 = CARTESIAN_POINT('',(71.225468667116,104.63420984316,
    -24.3341089253));
#595 = CARTESIAN_POINT('',(71.23192191665,104.42639342221,
    -24.36786268951));
#596 = CARTESIAN_POINT('',(71.240305966217,104.21739385392,
    -24.39351789291));
#597 = CARTESIAN_POINT('',(71.250641521452,104.00759694245,
    -24.41089685159));
#598 = CARTESIAN_POINT('',(71.262932743924,103.79740778077,
    -24.41987938588));
#599 = CARTESIAN_POINT('',(71.27716529733,103.58725116013,
    -24.42041002087));
#600 = CARTESIAN_POINT('',(71.314839219838,103.09779125945,
    -24.4019576717));
#601 = CARTESIAN_POINT('',(71.339773437709,102.81879574874,
    -24.37638944052));
#602 = CARTESIAN_POINT('',(71.368024275942,102.54167730291,
    -24.33583085927));
#603 = CARTESIAN_POINT('',(71.399454743056,102.26741292278,
    -24.28054903514));
#604 = CARTESIAN_POINT('',(71.433884921603,101.99687524099,
    -24.2109973535));
#605 = CARTESIAN_POINT('',(71.471101285004,101.73084022855,
    -24.12777937966));
#606 = CARTESIAN_POINT('',(71.53019214239,101.34319758049,
    -23.98488888573));
#607 = CARTESIAN_POINT('',(71.550123286678,101.21761962613,
    -23.93509117219));
#608 = CARTESIAN_POINT('',(71.570631016123,101.09333091778,
    -23.88231502317));
#609 = CARTESIAN_POINT('',(71.591688273383,100.97039515146,
    -23.8266459763));
#610 = CARTESIAN_POINT('',(71.613267704778,100.84886769773,
    -23.76817276348));
#611 = CARTESIAN_POINT('',(71.635341967484,100.72879623955,
    -23.70698600581));
#612 = CARTESIAN_POINT('',(71.700938190325,100.38374937908,
    -23.52130497484));
#613 = CARTESIAN_POINT('',(71.745698685583,100.16273937937,
    -23.38986731172));
#614 = CARTESIAN_POINT('',(71.791977664693,99.947466244528,
    -23.24949906044));
#615 = CARTESIAN_POINT('',(71.839593202725,99.738111047322,
    -23.10083685772));
#616 = CARTESIAN_POINT('',(71.888373249849,99.534775141242,
    -22.94450001319));
#617 = CARTESIAN_POINT('',(71.938159573569,99.337494201959,
    -22.78107168686));
#618 = CARTESIAN_POINT('',(72.077127015732,98.812807913954,
    -22.31468786568));
#619 = CARTESIAN_POINT('',(72.168051786245,98.497808130475,
    -21.99842183755));
#620 = CARTESIAN_POINT('',(72.260859152498,98.201046580199,
    -21.66502546513));
#621 = CARTESIAN_POINT('',(72.354924037766,97.922097784669,
    -21.31693863654));
#622 = CARTESIAN_POINT('',(72.449726715854,97.660371976228,
    -20.95625449697));
#623 = CARTESIAN_POINT('',(72.544856378373,97.415169949114,
    -20.58467630047));
#624 = CARTESIAN_POINT('',(72.681904728617,97.084738510768,
    -20.03566351352));
#625 = CARTESIAN_POINT('',(72.72379622812,96.986804376424,
    -19.86600335422));
#626 = CARTESIAN_POINT('',(72.765661187075,96.891876099422,
    -19.69461255553));
#627 = CARTESIAN_POINT('',(72.807473825814,96.799895241895,
    -19.5216013922));
#628 = CARTESIAN_POINT('',(72.849210598436,96.710804336215,
    -19.34707164214));
#629 = CARTESIAN_POINT('',(72.89085019281,96.624546884995,-19.1711165864
    ));
#630 = CARTESIAN_POINT('',(72.952171888683,96.501264248025,
    -18.90928631935));
#631 = CARTESIAN_POINT('',(72.971943763712,96.462092747362,
    -18.82444705952));
#632 = CARTESIAN_POINT('',(72.991687054575,96.423546893972,
    -18.73931253321));
#633 = CARTESIAN_POINT('',(73.011399745556,96.385620811359,
    -18.65389170965));
#634 = CARTESIAN_POINT('',(73.031079906312,96.348308711654,
    -18.56819322379));
#635 = CARTESIAN_POINT('',(73.050725691871,96.311604895613,
    -18.48222537628));
#636 = CARTESIAN_POINT('',(73.079770385051,96.258133922974,
    -18.35450746425));
#637 = CARTESIAN_POINT('',(73.090264007504,96.238939172783,
    -18.3082672361));
#638 = CARTESIAN_POINT('',(73.100783136055,96.219873073545,
    -18.26177570737));
#639 = CARTESIAN_POINT('',(73.110822670795,96.201832176643,
    -18.2172796306));
#640 = CARTESIAN_POINT('',(73.120400222238,96.184737574275,
    -18.17473787338));
#641 = CARTESIAN_POINT('',(73.13005084772,96.167616460371,
    -18.13178703919));
#642 = CARTESIAN_POINT('',(73.153314158587,96.126725065642,
    -18.02794277577));
#643 = CARTESIAN_POINT('',(73.165789879164,96.105008217527,
    -17.9720793019));
#644 = CARTESIAN_POINT('',(73.178248562658,96.083531655292,
    -17.91611844255));
#645 = CARTESIAN_POINT('',(73.19068983508,96.062293908541,
    -17.86006191638));
#646 = CARTESIAN_POINT('',(73.203113268993,96.041293633819,
    -17.8039116892));
#647 = CARTESIAN_POINT('',(73.215518437665,96.020529520909,
    -17.74766972994));
#648 = CARTESIAN_POINT('',(73.227905089738,96.,-17.69133721839));
#649 = ORIENTED_EDGE('',*,*,#413,.F.);
#650 = FACE_BOUND('',#651,.T.);
#651 = EDGE_LOOP('',(#652,#739));
#652 = ORIENTED_EDGE('',*,*,#653,.T.);
#653 = EDGE_CURVE('',#654,#656,#658,.T.);
#654 = VERTEX_POINT('',#655);
#655 = CARTESIAN_POINT('',(-71.2178634652,105.,-24.25819193806));
#656 = VERTEX_POINT('',#657);
#657 = CARTESIAN_POINT('',(-75.64907257107,105.,6.517298431364));
#658 = B_SPLINE_CURVE_WITH_KNOTS('',7,(#659,#660,#661,#662,#663,#664,
    #665,#666,#667,#668,#669,#670,#671,#672,#673,#674,#675,#676,#677,
    #678,#679,#680,#681,#682,#683,#684,#685,#686,#687,#688,#689,#690,
    #691,#692,#693,#694,#695,#696,#697,#698,#699,#700,#701,#702,#703,
    #704,#705,#706,#707,#708,#709,#710,#711,#712,#713,#714,#715,#716,
    #717,#718,#719,#720,#721,#722,#723,#724,#725,#726,#727,#728,#729,
    #730,#731,#732,#733,#734,#735,#736,#737,#738),.UNSPECIFIED.,.F.,.F.,
  (8,6,6,6,6,6,6,6,6,6,6,6,6,8),(0.,0.130234192588,0.228900353962,
    0.273315670511,0.282870003355,0.310356616668,0.371368517099,
    0.542178990631,0.716671236749,0.771577739405,0.832922506054,
    0.8980349294,0.941534884403,1.),.UNSPECIFIED.);
#659 = CARTESIAN_POINT('',(-71.2178634652,105.,-24.25819193806));
#660 = CARTESIAN_POINT('',(-71.20817157453,105.60167026493,
    -24.12091493731));
#661 = CARTESIAN_POINT('',(-71.21459105191,106.1886776786,
    -23.91700301159));
#662 = CARTESIAN_POINT('',(-71.23609360367,106.75229002594,
    -23.65258992305));
#663 = CARTESIAN_POINT('',(-71.27062190715,107.28782457533,
    -23.33659453174));
#664 = CARTESIAN_POINT('',(-71.31607844906,107.79294260076,
    -22.97743392382));
#665 = CARTESIAN_POINT('',(-71.37055417907,108.2672730223,
    -22.58242902246));
#666 = CARTESIAN_POINT('',(-71.47957622939,109.04847862722,
    -21.83412027642));
#667 = CARTESIAN_POINT('',(-71.53087581456,109.36787382914,
    -21.49411368028));
#668 = CARTESIAN_POINT('',(-71.58581875257,109.67027031458,
    -21.13901423234));
#669 = CARTESIAN_POINT('',(-71.64382240454,109.9560890901,
    -20.77087257888));
#670 = CARTESIAN_POINT('',(-71.70438438206,110.22583368871,
    -20.39143289212));
#671 = CARTESIAN_POINT('',(-71.76708285291,110.48007352726,
    -20.00212084675));
#672 = CARTESIAN_POINT('',(-71.86060985858,110.82714728463,
    -19.42480741334));
#673 = CARTESIAN_POINT('',(-71.8900042398,110.93185787718,
    -19.24382943787));
#674 = CARTESIAN_POINT('',(-71.91972794719,111.0335908727,
    -19.06119027919));
#675 = CARTESIAN_POINT('',(-71.94975067404,111.13239546286,
    -18.8769898512));
#676 = CARTESIAN_POINT('',(-71.98004421921,111.22831968732,
    -18.69132068811));
#677 = CARTESIAN_POINT('',(-72.01058248716,111.32141043368,
    -18.50426794446));
#678 = CARTESIAN_POINT('',(-72.04795813415,111.4311388543,
    -18.27539094088));
#679 = CARTESIAN_POINT('',(-72.05561772344,111.45346758872,
    -18.22848855107));
#680 = CARTESIAN_POINT('',(-72.06329423607,111.47559408393,
    -18.18148420277));
#681 = CARTESIAN_POINT('',(-72.0704805838,111.49609430425,
    -18.13748206478));
#682 = CARTESIAN_POINT('',(-72.07719644145,111.51511374759,
    -18.09636069945));
#683 = CARTESIAN_POINT('',(-72.0839960784,111.53425545801,
    -18.05472526467));
#684 = CARTESIAN_POINT('',(-72.114933926,111.62037048927,-17.86527951636
    ));
#685 = CARTESIAN_POINT('',(-72.13799737556,111.68277774289,
    -17.72403366242));
#686 = CARTESIAN_POINT('',(-72.16115743429,111.7437075528,
    -17.58215163302));
#687 = CARTESIAN_POINT('',(-72.18440543708,111.80317716229,
    -17.43966146781));
#688 = CARTESIAN_POINT('',(-72.20773315817,111.86120330408,
    -17.29658976711));
#689 = CARTESIAN_POINT('',(-72.23113281124,111.91780220035,
    -17.15296169185));
#690 = CARTESIAN_POINT('',(-72.30668050125,112.09548864796,
    -16.68880809136));
#691 = CARTESIAN_POINT('',(-72.35908147749,112.21103196761,
    -16.36619467937));
#692 = CARTESIAN_POINT('',(-72.41172016847,112.31979310924,
    -16.04121599896));
#693 = CARTESIAN_POINT('',(-72.46452493128,112.42193064062,
    -15.7141044821));
#694 = CARTESIAN_POINT('',(-72.51743173263,112.51758974652,
    -15.38507016381));
#695 = CARTESIAN_POINT('',(-72.57038359171,112.60690386548,
    -15.05430112461));
#696 = CARTESIAN_POINT('',(-72.77156023388,112.92262380936,
    -13.79154418148));
#697 = CARTESIAN_POINT('',(-72.91970483811,113.10641852469,
    -12.84910368296));
#698 = CARTESIAN_POINT('',(-73.0667128766,113.24420627671,
    -11.89796061616));
#699 = CARTESIAN_POINT('',(-73.211785148,113.33780042887,-10.94102436548
    ));
#700 = CARTESIAN_POINT('',(-73.35431603702,113.38851014254,
    -9.980849249742));
#701 = CARTESIAN_POINT('',(-73.49387947942,113.39710132201,
    -9.019629893486));
#702 = CARTESIAN_POINT('',(-73.76950234309,113.32940063447,
    -7.078041924346));
#703 = CARTESIAN_POINT('',(-73.90534496949,113.2512952574,
    -6.098244608847));
#704 = CARTESIAN_POINT('',(-74.03750288521,113.12940257337,
    -5.121619551142));
#705 = CARTESIAN_POINT('',(-74.16577316471,112.96306186379,
    -4.150566218792));
#706 = CARTESIAN_POINT('',(-74.29003389471,112.75087889955,
    -3.18806669091));
#707 = CARTESIAN_POINT('',(-74.41027208569,112.49079269302,
    -2.237678590966));
#708 = CARTESIAN_POINT('',(-74.56331470175,112.08065546164,
    -1.009932963046));
#709 = CARTESIAN_POINT('',(-74.5995614543,111.97736546074,-0.71774746433
    ));
#710 = CARTESIAN_POINT('',(-74.63542846374,111.86883488448,
    -0.427390517348));
#711 = CARTESIAN_POINT('',(-74.6709200434,111.75493610588,
    -0.139039444566));
#712 = CARTESIAN_POINT('',(-74.70604112599,111.63552769366,
    0.147103443327));
#713 = CARTESIAN_POINT('',(-74.74079777133,111.5104513298,0.430809529077
    ));
#714 = CARTESIAN_POINT('',(-74.81363126729,111.23325400456,
    1.025786685932));
#715 = CARTESIAN_POINT('',(-74.85161731685,111.07969073371,
    1.336371174699));
#716 = CARTESIAN_POINT('',(-74.88916828653,110.91858209446,
    1.643230724196));
#717 = CARTESIAN_POINT('',(-74.92629462261,110.74965751048,
    1.945940494335));
#718 = CARTESIAN_POINT('',(-74.96300620128,110.57262519762,
    2.243991472166));
#719 = CARTESIAN_POINT('',(-74.99931377611,110.38716471215,
    2.536785826467));
#720 = CARTESIAN_POINT('',(-75.07335292323,109.98674379175,
    3.128095899738));
#721 = CARTESIAN_POINT('',(-75.11102740952,109.77071309607,
    3.425795182466));
#722 = CARTESIAN_POINT('',(-75.14827469149,109.54437294726,
    3.715950092026));
#723 = CARTESIAN_POINT('',(-75.18510366718,109.30729557295,
    3.997527392425));
#724 = CARTESIAN_POINT('',(-75.22151322698,109.05909095905,
    4.269248549814));
#725 = CARTESIAN_POINT('',(-75.257494155,108.79941791562,4.529597652136)
  );
#726 = CARTESIAN_POINT('',(-75.31677223229,108.34666460956,
    4.941998673599));
#727 = CARTESIAN_POINT('',(-75.34031092882,108.16012148267,
    5.101282349595));
#728 = CARTESIAN_POINT('',(-75.36364150258,107.96829125564,5.25416194186
    ));
#729 = CARTESIAN_POINT('',(-75.38675129934,107.77115401268,
    5.400027488455));
#730 = CARTESIAN_POINT('',(-75.40962056986,107.56876032072,
    5.538202150234));
#731 = CARTESIAN_POINT('',(-75.4322224118,107.36124712125,5.667966880674
    ));
#732 = CARTESIAN_POINT('',(-75.4844948961,106.86339121048,5.950699581775
    ));
#733 = CARTESIAN_POINT('',(-75.51393254402,106.56901576471,
    6.096349538129));
#734 = CARTESIAN_POINT('',(-75.5427382813,106.26642960859,6.223662317986
    ));
#735 = CARTESIAN_POINT('',(-75.57079648402,105.95665191594,
    6.330798721962));
#736 = CARTESIAN_POINT('',(-75.59797445754,105.64106531631,
    6.416130063477));
#737 = CARTESIAN_POINT('',(-75.62412094075,105.32143581589,
    6.478453106203));
#738 = CARTESIAN_POINT('',(-75.64907257107,105.,6.517298431364));
#739 = ORIENTED_EDGE('',*,*,#740,.T.);
#740 = EDGE_CURVE('',#656,#654,#741,.T.);
#741 = B_SPLINE_CURVE_WITH_KNOTS('',8,(#742,#743,#744,#745,#746,#747,
    #748,#749,#750,#751,#752,#753,#754,#755,#756,#757,#758,#759,#760,
    #761,#762,#763,#764,#765,#766,#767,#768,#769,#770,#771,#772,#773,
    #774,#775,#776,#777,#778,#779,#780,#781,#782,#783,#784,#785,#786,
    #787,#788,#789,#790,#791,#792,#793,#794,#795,#796,#797,#798,#799,
    #800,#801,#802,#803,#804,#805,#806,#807,#808,#809,#810,#811,#812,
    #813,#814,#815,#816,#817,#818,#819,#820,#821,#822,#823,#824,#825,
    #826,#827,#828,#829,#830,#831,#832,#833,#834,#835,#836,#837,#838,
    #839,#840,#841,#842,#843,#844,#845,#846,#847,#848,#849,#850,#851,
    #852,#853,#854,#855,#856,#857,#858,#859,#860,#861,#862,#863,#864,
    #865,#866,#867,#868,#869,#870,#871,#872,#873,#874,#875,#876),
  .UNSPECIFIED.,.F.,.F.,(9,7,7,7,7,7,7,7,7,7,7,7,7,7,7,7,7,7,7,9),(0.,
    1.9910074188E-02,8.18959098665E-02,0.123721234489,0.186063171161,
    0.24382880045,0.295343954698,0.457420256592,0.622366617448,
    0.680523816927,0.697400862336,0.70990066472,0.728947948429,
    0.749687168509,0.827647426885,0.881640435708,0.90830072621,
    0.924781939587,0.960051529757,1.),.UNSPECIFIED.);
#742 = CARTESIAN_POINT('',(-75.64907257107,105.,6.517298431364));
#743 = CARTESIAN_POINT('',(-75.65691041897,104.89903005985,
    6.529500597146));
#744 = CARTESIAN_POINT('',(-75.66464272784,104.79775727465,
    6.539448929933));
#745 = CARTESIAN_POINT('',(-75.67226523408,104.69623310276,
    6.547121325315));
#746 = CARTESIAN_POINT('',(-75.67977369629,104.59451011565,6.55250040885
    ));
#747 = CARTESIAN_POINT('',(-75.68716389696,104.49264209555,
    6.555573776464));
#748 = CARTESIAN_POINT('',(-75.69443164423,104.39068413316,6.55633423485
    ));
#749 = CARTESIAN_POINT('',(-75.70157277368,104.28869272534,6.55478004187
    ));
#750 = CARTESIAN_POINT('',(-75.73040849079,103.86927348463,
    6.538882658293));
#751 = CARTESIAN_POINT('',(-75.75098093675,103.55184916421,
    6.504445499965));
#752 = CARTESIAN_POINT('',(-75.77015300057,103.23649540589,
    6.447684209999));
#753 = CARTESIAN_POINT('',(-75.78782028112,102.924912106,6.369313944538)
  );
#754 = CARTESIAN_POINT('',(-75.80390705148,102.61851913637,6.27048510212
    ));
#755 = CARTESIAN_POINT('',(-75.81836249274,102.31847954921,
    6.152637476423));
#756 = CARTESIAN_POINT('',(-75.83116051121,102.02570910411,
    6.017383691066));
#757 = CARTESIAN_POINT('',(-75.84980987167,101.54871961015,
    5.764518961326));
#758 = CARTESIAN_POINT('',(-75.85656935101,101.36009907704,
    5.655442420584));
#759 = CARTESIAN_POINT('',(-75.86257404099,101.17520318553,5.53964820636
    ));
#760 = CARTESIAN_POINT('',(-75.86782738526,100.99414228398,5.41761205994
    ));
#761 = CARTESIAN_POINT('',(-75.87233586011,100.81697836785,
    5.289791253731));
#762 = CARTESIAN_POINT('',(-75.87610810192,100.64373192514,
    5.156613099163));
#763 = CARTESIAN_POINT('',(-75.87915404592,100.4743873516,5.018466014114
    ));
#764 = CARTESIAN_POINT('',(-75.88495696502,100.06222848621,
    4.662885650405));
#765 = CARTESIAN_POINT('',(-75.88683875479,99.824186148326,
    4.439856423423));
#766 = CARTESIAN_POINT('',(-75.88716453953,99.59459826019,4.207743035506
    ));
#767 = CARTESIAN_POINT('',(-75.88597058093,99.373261267399,
    3.967562743785));
#768 = CARTESIAN_POINT('',(-75.88329299401,99.159943571896,
    3.720209337789));
#769 = CARTESIAN_POINT('',(-75.87916643275,98.95438938053,3.466449981321
    ));
#770 = CARTESIAN_POINT('',(-75.8736227758,98.756322553629,3.206922054319
    ));
#771 = CARTESIAN_POINT('',(-75.86026566567,98.388589922275,
    2.696775194412));
#772 = CARTESIAN_POINT('',(-75.85264964242,98.217936224672,
    2.446942705835));
#773 = CARTESIAN_POINT('',(-75.8438643978,98.053272492335,2.19305862544)
  );
#774 = CARTESIAN_POINT('',(-75.83393117231,97.894399467411,
    1.935502642509));
#775 = CARTESIAN_POINT('',(-75.822869666,97.741132656384,1.674609857934)
  );
#776 = CARTESIAN_POINT('',(-75.81069791315,97.59329948384,1.41067260297)
  );
#777 = CARTESIAN_POINT('',(-75.79743215678,97.450736446238,
    1.143942257991));
#778 = CARTESIAN_POINT('',(-75.7702934934,97.190708977929,0.63446033159)
  );
#779 = CARTESIAN_POINT('',(-75.7566421018,97.072203626037,0.392247336053
    ));
#780 = CARTESIAN_POINT('',(-75.74214293614,96.957662408549,0.14814775878
    ));
#781 = CARTESIAN_POINT('',(-75.72680577546,96.846987245779,
    -9.769639053309E-02));
#782 = CARTESIAN_POINT('',(-75.71063977004,96.740088632495,
    -0.345156246475));
#783 = CARTESIAN_POINT('',(-75.69365342128,96.636884490617,
    -0.59411556776));
#784 = CARTESIAN_POINT('',(-75.6758545616,96.537299021906,
    -0.844470217072));
#785 = CARTESIAN_POINT('',(-75.59871791191,96.139110219789,
    -1.887889095022));
#786 = CARTESIAN_POINT('',(-75.53223437698,95.872186195797,
    -2.692264340232));
#787 = CARTESIAN_POINT('',(-75.45800681582,95.63814723772,
    -3.506675069886));
#788 = CARTESIAN_POINT('',(-75.37620908257,95.435559248344,
    -4.328964996881));
#789 = CARTESIAN_POINT('',(-75.28700882713,95.263467644474,
    -5.157295733921));
#790 = CARTESIAN_POINT('',(-75.19056832857,95.121264010869,
    -5.990113161338));
#791 = CARTESIAN_POINT('',(-75.0870315333,95.008697981186,-6.8261476266)
  );
#792 = CARTESIAN_POINT('',(-74.86403070364,94.841604512729,
    -8.517519083528));
#793 = CARTESIAN_POINT('',(-74.74437067675,94.788180982256,
    -9.372529129739));
#794 = CARTESIAN_POINT('',(-74.61766400223,94.765698038233,
    -10.22835345983));
#795 = CARTESIAN_POINT('',(-74.48407695724,94.774679900246,
    -11.08371182916));
#796 = CARTESIAN_POINT('',(-74.34382207598,94.81601795025,
    -11.93713406099));
#797 = CARTESIAN_POINT('',(-74.19716877979,94.890935945348,
    -12.78696174004));
#798 = CARTESIAN_POINT('',(-74.04444657048,95.001058700529,
    -13.63134444395));
#799 = CARTESIAN_POINT('',(-73.83018466877,95.200687938288,
    -14.76329532243));
#800 = CARTESIAN_POINT('',(-73.77363084832,95.257378686181,
    -15.05740284705));
#801 = CARTESIAN_POINT('',(-73.71639466812,95.318818265598,
    -15.35044724113));
#802 = CARTESIAN_POINT('',(-73.6584978162,95.385109827992,
    -15.64231577956));
#803 = CARTESIAN_POINT('',(-73.59996475742,95.456364227536,
    -15.93288385025));
#804 = CARTESIAN_POINT('',(-73.54082286654,95.532700802607,
    -16.22201478788));
#805 = CARTESIAN_POINT('',(-73.48110256139,95.614248157251,
    -16.50955970774));
#806 = CARTESIAN_POINT('',(-73.40334867598,95.726362144406,
    -16.87829495318));
#807 = CARTESIAN_POINT('',(-73.38581408785,95.752029787635,
    -16.96108516119));
#808 = CARTESIAN_POINT('',(-73.36823451128,95.77815123512,
    -17.04372392886));
#809 = CARTESIAN_POINT('',(-73.35061081835,95.804729913955,
    -17.12620709037));
#810 = CARTESIAN_POINT('',(-73.33294391344,95.831769315564,
    -17.20853034876));
#811 = CARTESIAN_POINT('',(-73.31523473327,95.859272995695,
    -17.29068927592));
#812 = CARTESIAN_POINT('',(-73.29748424685,95.887244574428,
    -17.37267931257));
#813 = CARTESIAN_POINT('',(-73.26651689718,95.936753858987,
    -17.51509224712));
#814 = CARTESIAN_POINT('',(-73.25331823181,95.958078666822,
    -17.57559350076));
#815 = CARTESIAN_POINT('',(-73.24009786664,95.979663657028,
    -17.63599762222));
#816 = CARTESIAN_POINT('',(-73.22685622053,96.001510346091,
    -17.69630265773));
#817 = CARTESIAN_POINT('',(-73.213593724,96.023620269632,-17.75650660675
    ));
#818 = CARTESIAN_POINT('',(-73.20031081923,96.045994982407,
    -17.81660742195));
#819 = CARTESIAN_POINT('',(-73.18700796007,96.0686360583,-17.8766030092)
  );
#820 = CARTESIAN_POINT('',(-73.15338492767,96.126454029561,
    -18.02774930103));
#821 = CARTESIAN_POINT('',(-73.13303908606,96.161984994598,
    -18.11875763857));
#822 = CARTESIAN_POINT('',(-73.11264927167,96.198144427693,
    -18.20951074263));
#823 = CARTESIAN_POINT('',(-73.09221780276,96.234937048266,
    -18.29999804638));
#824 = CARTESIAN_POINT('',(-73.07174587337,96.272369721927,
    -18.39021408298));
#825 = CARTESIAN_POINT('',(-73.05123580284,96.310447617467,
    -18.48014836031));
#826 = CARTESIAN_POINT('',(-73.03068929008,96.349177196536,
    -18.5697932266));
#827 = CARTESIAN_POINT('',(-72.98769946196,96.431450378993,
    -18.75642157095));
#828 = CARTESIAN_POINT('',(-72.96524977271,96.475116025738,
    -18.85334962538));
#829 = CARTESIAN_POINT('',(-72.94276199416,96.51956931092,
    -18.94991165021));
#830 = CARTESIAN_POINT('',(-72.92023886915,96.564818275855,
    -19.04609542489));
#831 = CARTESIAN_POINT('',(-72.89768327747,96.610871072195,
    -19.14188819864));
#832 = CARTESIAN_POINT('',(-72.87509823585,96.657735961929,
    -19.23727669047));
#833 = CARTESIAN_POINT('',(-72.85248689795,96.705421317381,
    -19.33224708915));
#834 = CARTESIAN_POINT('',(-72.74476839245,96.936304444546,
    -19.78216024883));
#835 = CARTESIAN_POINT('',(-72.65937227257,97.130359021207,
    -20.13137005348));
#836 = CARTESIAN_POINT('',(-72.57382190415,97.336581169228,
    -20.47372905645));
#837 = CARTESIAN_POINT('',(-72.48832141855,97.555449995481,
    -20.80835913399));
#838 = CARTESIAN_POINT('',(-72.40312328643,97.787426441074,
    -21.13420035631));
#839 = CARTESIAN_POINT('',(-72.31852933402,98.032941251377,
    -21.45001926253));
#840 = CARTESIAN_POINT('',(-72.23489085856,98.29238637069,
    -21.75441450334));
#841 = CARTESIAN_POINT('',(-72.09562102393,98.755682687511,
    -22.24763866909));
#842 = CARTESIAN_POINT('',(-72.03929510685,98.95206837009,
    -22.44318874825));
#843 = CARTESIAN_POINT('',(-71.98376521715,99.155369827512,
    -22.63194409276));
#844 = CARTESIAN_POINT('',(-71.92918675494,99.365645671338,
    -22.81330981526));
#845 = CARTESIAN_POINT('',(-71.87573412627,99.582902061398,
    -22.98663157739));
#846 = CARTESIAN_POINT('',(-71.82359846333,99.807081842725,
    -23.15120833503));
#847 = CARTESIAN_POINT('',(-71.77298433327,100.03805086449,
    -23.30630838884));
#848 = CARTESIAN_POINT('',(-71.69997034962,100.39286767106,
    -23.52272677401));
#849 = CARTESIAN_POINT('',(-71.6762587425,100.5117516947,-23.5917719151)
  );
#850 = CARTESIAN_POINT('',(-71.65299661472,100.63220433391,
    -23.65823403362));
#851 = CARTESIAN_POINT('',(-71.63021058016,100.75419033217,
    -23.72202220676));
#852 = CARTESIAN_POINT('',(-71.60792764036,100.87766786378,
    -23.78304569715));
#853 = CARTESIAN_POINT('',(-71.58617495878,101.00258800316,
    -23.84121493146));
#854 = CARTESIAN_POINT('',(-71.56497963507,101.12889419424,
    -23.89644247882));
#855 = CARTESIAN_POINT('',(-71.53162681224,101.33542022429,
    -23.98091463139));
#856 = CARTESIAN_POINT('',(-71.51910831665,101.41482384408,
    -24.01202906561));
#857 = CARTESIAN_POINT('',(-71.50681937111,101.49471737729,
    -24.04196722771));
#858 = CARTESIAN_POINT('',(-71.49476622657,101.57508454493,
    -24.07070976737));
#859 = CARTESIAN_POINT('',(-71.48295500639,101.65590799085,
    -24.09823808829));
#860 = CARTESIAN_POINT('',(-71.47139170634,101.73716928177,
    -24.12453434822));
#861 = CARTESIAN_POINT('',(-71.46008219459,101.81884890725,
    -24.14958145891));
#862 = CARTESIAN_POINT('',(-71.42538534892,102.07657076899,
    -24.22425565894));
#863 = CARTESIAN_POINT('',(-71.40292578611,102.25404456876,
    -24.26935568678));
#864 = CARTESIAN_POINT('',(-71.38171060738,102.43313619403,
    -24.30850220984));
#865 = CARTESIAN_POINT('',(-71.36179126289,102.61362169083,
    -24.34155893502));
#866 = CARTESIAN_POINT('',(-71.34321288743,102.79526418004,
    -24.36841683523));
#867 = CARTESIAN_POINT('',(-71.32601361897,102.97781340121,
    -24.38899674866));
#868 = CARTESIAN_POINT('',(-71.3102239172,103.16100525637,
    -24.40325197805));
#869 = CARTESIAN_POINT('',(-71.27960307414,103.55246807567,
    -24.42014055249));
#870 = CARTESIAN_POINT('',(-71.26517496087,103.7608683529,
    -24.42098211694));
#871 = CARTESIAN_POINT('',(-71.252614583,103.96935293737,-24.41367691));
#872 = CARTESIAN_POINT('',(-71.24193776131,104.1775312075,
    -24.39826631743));
#873 = CARTESIAN_POINT('',(-71.23314459151,104.38503079965,
    -24.37484628523));
#874 = CARTESIAN_POINT('',(-71.22622093901,104.59149723949,
    -24.34356182074));
#875 = CARTESIAN_POINT('',(-71.2211399338,104.79659357343,
    -24.30460149384));
#876 = CARTESIAN_POINT('',(-71.2178634652,105.,-24.25819193806));
#877 = ( BOUNDED_SURFACE() B_SPLINE_SURFACE(2,2,(
    (#878,#879,#880,#881,#882)
    ,(#883,#884,#885,#886,#887)
    ,(#888,#889,#890,#891,#892)
    ,(#893,#894,#895,#896,#897)
    ,(#898,#899,#900,#901,#902)
    ,(#903,#904,#905,#906,#907)
    ,(#908,#909,#910,#911,#912
)),.UNSPECIFIED.,.T.,.F.,.F.) B_SPLINE_SURFACE_WITH_KNOTS((1,2,2,2,2,1),
  (3,2,3),(-2.094395102393,0.,2.094395102393,4.188790204786,
    6.28318530718,8.377580409573),(-1.570796326795,0.,1.570796326795),
.UNSPECIFIED.) GEOMETRIC_REPRESENTATION_ITEM() RATIONAL_B_SPLINE_SURFACE
((
    (1.,0.707106781187,1.,0.707106781187,1.)
    ,(0.5,0.353553390593,0.5,0.353553390593,0.5)
    ,(1.,0.707106781187,1.,0.707106781187,1.)
    ,(0.5,0.353553390593,0.5,0.353553390593,0.5)
    ,(1.,0.707106781187,1.,0.707106781187,1.)
    ,(0.5,0.353553390593,0.5,0.353553390593,0.5)
,(1.,0.707106781187,1.,0.707106781187,1.
))) REPRESENTATION_ITEM('') SURFACE() );
#878 = CARTESIAN_POINT('',(4.65365783676E-15,96.,-88.));
#879 = CARTESIAN_POINT('',(76.,96.,-88.));
#880 = CARTESIAN_POINT('',(76.,96.,8.));
#881 = CARTESIAN_POINT('',(76.,96.,104.));
#882 = CARTESIAN_POINT('',(4.65365783676E-15,96.,104.));
#883 = CARTESIAN_POINT('',(4.65365783676E-15,96.,-88.));
#884 = CARTESIAN_POINT('',(76.,260.54482671904,-88.));
#885 = CARTESIAN_POINT('',(76.,260.54482671904,8.));
#886 = CARTESIAN_POINT('',(76.,260.54482671904,104.));
#887 = CARTESIAN_POINT('',(4.65365783676E-15,96.,104.));
#888 = CARTESIAN_POINT('',(-2.32682891838E-15,96.,-88.));
#889 = CARTESIAN_POINT('',(-38.,178.27241335952,-88.));
#890 = CARTESIAN_POINT('',(-38.,178.27241335952,8.));
#891 = CARTESIAN_POINT('',(-38.,178.27241335952,104.));
#892 = CARTESIAN_POINT('',(-2.32682891838E-15,96.,104.));
#893 = CARTESIAN_POINT('',(-9.30731567352E-15,96.,-88.));
#894 = CARTESIAN_POINT('',(-152.,96.,-88.));
#895 = CARTESIAN_POINT('',(-152.,96.,8.));
#896 = CARTESIAN_POINT('',(-152.,96.,104.));
#897 = CARTESIAN_POINT('',(-9.30731567352E-15,96.,104.));
#898 = CARTESIAN_POINT('',(-2.32682891838E-15,96.,-88.));
#899 = CARTESIAN_POINT('',(-38.,13.727586640478,-88.));
#900 = CARTESIAN_POINT('',(-38.,13.727586640478,8.));
#901 = CARTESIAN_POINT('',(-38.,13.727586640478,104.));
#902 = CARTESIAN_POINT('',(-2.32682891838E-15,96.,104.));
#903 = CARTESIAN_POINT('',(4.65365783676E-15,96.,-88.));
#904 = CARTESIAN_POINT('',(76.,-68.54482671904,-88.));
#905 = CARTESIAN_POINT('',(76.,-68.54482671904,8.));
#906 = CARTESIAN_POINT('',(76.,-68.54482671904,104.));
#907 = CARTESIAN_POINT('',(4.65365783676E-15,96.,104.));
#908 = CARTESIAN_POINT('',(4.65365783676E-15,96.,-88.));
#909 = CARTESIAN_POINT('',(76.,96.,-88.));
#910 = CARTESIAN_POINT('',(76.,96.,8.));
#911 = CARTESIAN_POINT('',(76.,96.,104.));
#912 = CARTESIAN_POINT('',(4.65365783676E-15,96.,104.));
#913 = ADVANCED_FACE('',(#914),#929,.T.);
#914 = FACE_BOUND('',#915,.T.);
#915 = EDGE_LOOP('',(#916,#917,#927,#928));
#916 = ORIENTED_EDGE('',*,*,#359,.F.);
#917 = ORIENTED_EDGE('',*,*,#918,.F.);
#918 = EDGE_CURVE('',#919,#24,#921,.T.);
#919 = VERTEX_POINT('',#920);
#920 = CARTESIAN_POINT('',(4.102566777144E-15,55.,-115.));
#921 = ( BOUNDED_CURVE() B_SPLINE_CURVE(2,(#922,#923,#924,#925,#926),
.UNSPECIFIED.,.F.,.F.) B_SPLINE_CURVE_WITH_KNOTS((3,2,3),(4.712388980385
,6.28318530718,7.853981633974),.PIECEWISE_BEZIER_KNOTS.) CURVE() 
GEOMETRIC_REPRESENTATION_ITEM() RATIONAL_B_SPLINE_CURVE((1.,
0.707106781187,1.,0.707106781187,1.)) REPRESENTATION_ITEM('') );
#922 = CARTESIAN_POINT('',(-1.230770033143E-14,55.,-115.));
#923 = CARTESIAN_POINT('',(67.,55.,-115.));
#924 = CARTESIAN_POINT('',(67.,55.,-45.));
#925 = CARTESIAN_POINT('',(67.,55.,25.));
#926 = CARTESIAN_POINT('',(2.051283388572E-14,55.,25.));
#927 = ORIENTED_EDGE('',*,*,#918,.T.);
#928 = ORIENTED_EDGE('',*,*,#21,.F.);
#929 = ( BOUNDED_SURFACE() B_SPLINE_SURFACE(2,2,(
    (#930,#931,#932,#933,#934)
    ,(#935,#936,#937,#938,#939)
    ,(#940,#941,#942,#943,#944)
    ,(#945,#946,#947,#948,#949)
    ,(#950,#951,#952,#953,#954)
    ,(#955,#956,#957,#958,#959)
    ,(#960,#961,#962,#963,#964
)),.UNSPECIFIED.,.T.,.F.,.F.) B_SPLINE_SURFACE_WITH_KNOTS((1,2,2,2,2,1),
  (3,2,3),(-2.094395102393,0.,2.094395102393,4.188790204786,
    6.28318530718,8.377580409573),(-1.570796326795,0.,1.570796326795),
.UNSPECIFIED.) GEOMETRIC_REPRESENTATION_ITEM() RATIONAL_B_SPLINE_SURFACE
((
    (1.,0.707106781187,1.,0.707106781187,1.)
    ,(0.5,0.353553390593,0.5,0.353553390593,0.5)
    ,(1.,0.707106781187,1.,0.707106781187,1.)
    ,(0.5,0.353553390593,0.5,0.353553390593,0.5)
    ,(1.,0.707106781187,1.,0.707106781187,1.)
    ,(0.5,0.353553390593,0.5,0.353553390593,0.5)
,(1.,0.707106781187,1.,0.707106781187,1.
))) REPRESENTATION_ITEM('') SURFACE() );
#930 = CARTESIAN_POINT('',(4.102566777144E-15,55.,-115.));
#931 = CARTESIAN_POINT('',(67.,55.,-115.));
#932 = CARTESIAN_POINT('',(67.,55.,-45.));
#933 = CARTESIAN_POINT('',(67.,55.,25.));
#934 = CARTESIAN_POINT('',(4.102566777144E-15,55.,25.));
#935 = CARTESIAN_POINT('',(4.102566777144E-15,55.,-115.));
#936 = CARTESIAN_POINT('',(67.,148.53074360871,-115.));
#937 = CARTESIAN_POINT('',(67.,148.53074360871,-45.));
#938 = CARTESIAN_POINT('',(67.,148.53074360871,25.));
#939 = CARTESIAN_POINT('',(4.102566777144E-15,55.,25.));
#940 = CARTESIAN_POINT('',(-2.051283388572E-15,55.,-115.));
#941 = CARTESIAN_POINT('',(-33.5,101.76537180436,-115.));
#942 = CARTESIAN_POINT('',(-33.5,101.76537180436,-45.));
#943 = CARTESIAN_POINT('',(-33.5,101.76537180436,25.));
#944 = CARTESIAN_POINT('',(-2.051283388572E-15,55.,25.));
#945 = CARTESIAN_POINT('',(-8.205133554287E-15,55.,-115.));
#946 = CARTESIAN_POINT('',(-134.,55.,-115.));
#947 = CARTESIAN_POINT('',(-134.,55.,-45.));
#948 = CARTESIAN_POINT('',(-134.,55.,25.));
#949 = CARTESIAN_POINT('',(-8.205133554287E-15,55.,25.));
#950 = CARTESIAN_POINT('',(-2.051283388572E-15,55.,-115.));
#951 = CARTESIAN_POINT('',(-33.5,8.23462819564,-115.));
#952 = CARTESIAN_POINT('',(-33.5,8.23462819564,-45.));
#953 = CARTESIAN_POINT('',(-33.5,8.23462819564,25.));
#954 = CARTESIAN_POINT('',(-2.051283388572E-15,55.,25.));
#955 = CARTESIAN_POINT('',(4.102566777144E-15,55.,-115.));
#956 = CARTESIAN_POINT('',(67.,-38.53074360871,-115.));
#957 = CARTESIAN_POINT('',(67.,-38.53074360871,-45.));
#958 = CARTESIAN_POINT('',(67.,-38.53074360871,25.));
#959 = CARTESIAN_POINT('',(4.102566777144E-15,55.,25.));
#960 = CARTESIAN_POINT('',(4.102566777144E-15,55.,-115.));
#961 = CARTESIAN_POINT('',(67.,55.,-115.));
#962 = CARTESIAN_POINT('',(67.,55.,-45.));
#963 = CARTESIAN_POINT('',(67.,55.,25.));
#964 = CARTESIAN_POINT('',(4.102566777144E-15,55.,25.));
#965 = ADVANCED_FACE('',(#966,#970),#974,.T.);
#966 = FACE_BOUND('',#967,.T.);
#967 = VERTEX_LOOP('',#968);
#968 = VERTEX_POINT('',#969);
#969 = CARTESIAN_POINT('',(79.,105.,9.));
#970 = FACE_BOUND('',#971,.T.);
#971 = EDGE_LOOP('',(#972,#973));
#972 = ORIENTED_EDGE('',*,*,#459,.F.);
#973 = ORIENTED_EDGE('',*,*,#423,.F.);
#974 = ( BOUNDED_SURFACE() B_SPLINE_SURFACE(2,2,(
    (#975,#976,#977,#978,#979)
    ,(#980,#981,#982,#983,#984)
    ,(#985,#986,#987,#988,#989)
    ,(#990,#991,#992,#993,#994)
    ,(#995,#996,#997,#998,#999)
    ,(#1000,#1001,#1002,#1003,#1004)
    ,(#1005,#1006,#1007,#1008,#1009
)),.UNSPECIFIED.,.T.,.F.,.F.) B_SPLINE_SURFACE_WITH_KNOTS((1,2,2,2,2,1),
  (3,2,3),(-2.094395102393,0.,2.094395102393,4.188790204786,
    6.28318530718,8.377580409573),(-1.570796326795,0.,1.570796326795),
.UNSPECIFIED.) GEOMETRIC_REPRESENTATION_ITEM() RATIONAL_B_SPLINE_SURFACE
((
    (1.,0.707106781187,1.,0.707106781187,1.)
    ,(0.5,0.353553390593,0.5,0.353553390593,0.5)
    ,(1.,0.707106781187,1.,0.707106781187,1.)
    ,(0.5,0.353553390593,0.5,0.353553390593,0.5)
    ,(1.,0.707106781187,1.,0.707106781187,1.)
    ,(0.5,0.353553390593,0.5,0.353553390593,0.5)
,(1.,0.707106781187,1.,0.707106781187,1.
))) REPRESENTATION_ITEM('') SURFACE() );
#975 = CARTESIAN_POINT('',(79.,105.,-45.));
#976 = CARTESIAN_POINT('',(87.,105.,-45.));
#977 = CARTESIAN_POINT('',(87.,105.,-18.));
#978 = CARTESIAN_POINT('',(87.,105.,9.));
#979 = CARTESIAN_POINT('',(79.,105.,9.));
#980 = CARTESIAN_POINT('',(79.,105.,-45.));
#981 = CARTESIAN_POINT('',(87.,127.51666049839,-45.));
#982 = CARTESIAN_POINT('',(87.,127.51666049839,-18.));
#983 = CARTESIAN_POINT('',(87.,127.51666049839,9.));
#984 = CARTESIAN_POINT('',(79.,105.,9.));
#985 = CARTESIAN_POINT('',(79.,105.,-45.));
#986 = CARTESIAN_POINT('',(75.,116.25833024919,-45.));
#987 = CARTESIAN_POINT('',(75.,116.25833024919,-18.));
#988 = CARTESIAN_POINT('',(75.,116.25833024919,9.));
#989 = CARTESIAN_POINT('',(79.,105.,9.));
#990 = CARTESIAN_POINT('',(79.,105.,-45.));
#991 = CARTESIAN_POINT('',(63.,105.,-45.));
#992 = CARTESIAN_POINT('',(63.,105.,-18.));
#993 = CARTESIAN_POINT('',(63.,105.,9.));
#994 = CARTESIAN_POINT('',(79.,105.,9.));
#995 = CARTESIAN_POINT('',(79.,105.,-45.));
#996 = CARTESIAN_POINT('',(75.,93.741669750802,-45.));
#997 = CARTESIAN_POINT('',(75.,93.741669750802,-18.));
#998 = CARTESIAN_POINT('',(75.,93.741669750802,9.));
#999 = CARTESIAN_POINT('',(79.,105.,9.));
#1000 = CARTESIAN_POINT('',(79.,105.,-45.));
#1001 = CARTESIAN_POINT('',(87.,82.483339501605,-45.));
#1002 = CARTESIAN_POINT('',(87.,82.483339501605,-18.));
#1003 = CARTESIAN_POINT('',(87.,82.483339501605,9.));
#1004 = CARTESIAN_POINT('',(79.,105.,9.));
#1005 = CARTESIAN_POINT('',(79.,105.,-45.));
#1006 = CARTESIAN_POINT('',(87.,105.,-45.));
#1007 = CARTESIAN_POINT('',(87.,105.,-18.));
#1008 = CARTESIAN_POINT('',(87.,105.,9.));
#1009 = CARTESIAN_POINT('',(79.,105.,9.));
#1010 = ADVANCED_FACE('',(#1011),#1037,.T.);
#1011 = FACE_BOUND('',#1012,.T.);
#1012 = EDGE_LOOP('',(#1013,#1023,#1024,#1025,#1035,#1036));
#1013 = ORIENTED_EDGE('',*,*,#1014,.T.);
#1014 = EDGE_CURVE('',#656,#1015,#1017,.T.);
#1015 = VERTEX_POINT('',#1016);
#1016 = CARTESIAN_POINT('',(-79.,105.,9.));
#1017 = ( BOUNDED_CURVE() B_SPLINE_CURVE(2,(#1018,#1019,#1020,#1021,
#1022),.UNSPECIFIED.,.F.,.F.) B_SPLINE_CURVE_WITH_KNOTS((3,2,3),(
    4.712388980385,6.28318530718,7.853981633974),
.PIECEWISE_BEZIER_KNOTS.) CURVE() GEOMETRIC_REPRESENTATION_ITEM() 
RATIONAL_B_SPLINE_CURVE((1.,0.707106781187,1.,0.707106781187,1.)) 
REPRESENTATION_ITEM('') );
#1018 = CARTESIAN_POINT('',(-79.,105.,-45.));
#1019 = CARTESIAN_POINT('',(-71.,105.,-45.));
#1020 = CARTESIAN_POINT('',(-71.,105.,-18.));
#1021 = CARTESIAN_POINT('',(-71.,105.,9.));
#1022 = CARTESIAN_POINT('',(-79.,105.,9.));
#1023 = ORIENTED_EDGE('',*,*,#1014,.F.);
#1024 = ORIENTED_EDGE('',*,*,#653,.F.);
#1025 = ORIENTED_EDGE('',*,*,#1026,.F.);
#1026 = EDGE_CURVE('',#1027,#654,#1029,.T.);
#1027 = VERTEX_POINT('',#1028);
#1028 = CARTESIAN_POINT('',(-79.,105.,-45.));
#1029 = ( BOUNDED_CURVE() B_SPLINE_CURVE(2,(#1030,#1031,#1032,#1033,
#1034),.UNSPECIFIED.,.F.,.F.) B_SPLINE_CURVE_WITH_KNOTS((3,2,3),(
    4.712388980385,6.28318530718,7.853981633974),
.PIECEWISE_BEZIER_KNOTS.) CURVE() GEOMETRIC_REPRESENTATION_ITEM() 
RATIONAL_B_SPLINE_CURVE((1.,0.707106781187,1.,0.707106781187,1.)) 
REPRESENTATION_ITEM('') );
#1030 = CARTESIAN_POINT('',(-79.,105.,-45.));
#1031 = CARTESIAN_POINT('',(-71.,105.,-45.));
#1032 = CARTESIAN_POINT('',(-71.,105.,-18.));
#1033 = CARTESIAN_POINT('',(-71.,105.,9.));
#1034 = CARTESIAN_POINT('',(-79.,105.,9.));
#1035 = ORIENTED_EDGE('',*,*,#1026,.T.);
#1036 = ORIENTED_EDGE('',*,*,#740,.F.);
#1037 = ( BOUNDED_SURFACE() B_SPLINE_SURFACE(2,2,(
    (#1038,#1039,#1040,#1041,#1042)
    ,(#1043,#1044,#1045,#1046,#1047)
    ,(#1048,#1049,#1050,#1051,#1052)
    ,(#1053,#1054,#1055,#1056,#1057)
    ,(#1058,#1059,#1060,#1061,#1062)
    ,(#1063,#1064,#1065,#1066,#1067)
    ,(#1068,#1069,#1070,#1071,#1072
)),.UNSPECIFIED.,.T.,.F.,.F.) B_SPLINE_SURFACE_WITH_KNOTS((1,2,2,2,2,1),
  (3,2,3),(-2.094395102393,0.,2.094395102393,4.188790204786,
    6.28318530718,8.377580409573),(-1.570796326795,0.,1.570796326795),
.UNSPECIFIED.) GEOMETRIC_REPRESENTATION_ITEM() RATIONAL_B_SPLINE_SURFACE
((
    (1.,0.707106781187,1.,0.707106781187,1.)
    ,(0.5,0.353553390593,0.5,0.353553390593,0.5)
    ,(1.,0.707106781187,1.,0.707106781187,1.)
    ,(0.5,0.353553390593,0.5,0.353553390593,0.5)
    ,(1.,0.707106781187,1.,0.707106781187,1.)
    ,(0.5,0.353553390593,0.5,0.353553390593,0.5)
,(1.,0.707106781187,1.,0.707106781187,1.
))) REPRESENTATION_ITEM('') SURFACE() );
#1038 = CARTESIAN_POINT('',(-79.,105.,-45.));
#1039 = CARTESIAN_POINT('',(-71.,105.,-45.));
#1040 = CARTESIAN_POINT('',(-71.,105.,-18.));
#1041 = CARTESIAN_POINT('',(-71.,105.,9.));
#1042 = CARTESIAN_POINT('',(-79.,105.,9.));
#1043 = CARTESIAN_POINT('',(-79.,105.,-45.));
#1044 = CARTESIAN_POINT('',(-71.,127.51666049839,-45.));
#1045 = CARTESIAN_POINT('',(-71.,127.51666049839,-18.));
#1046 = CARTESIAN_POINT('',(-71.,127.51666049839,9.));
#1047 = CARTESIAN_POINT('',(-79.,105.,9.));
#1048 = CARTESIAN_POINT('',(-79.,105.,-45.));
#1049 = CARTESIAN_POINT('',(-83.,116.25833024919,-45.));
#1050 = CARTESIAN_POINT('',(-83.,116.25833024919,-18.));
#1051 = CARTESIAN_POINT('',(-83.,116.25833024919,9.));
#1052 = CARTESIAN_POINT('',(-79.,105.,9.));
#1053 = CARTESIAN_POINT('',(-79.,105.,-45.));
#1054 = CARTESIAN_POINT('',(-95.,105.,-45.));
#1055 = CARTESIAN_POINT('',(-95.,105.,-18.));
#1056 = CARTESIAN_POINT('',(-95.,105.,9.));
#1057 = CARTESIAN_POINT('',(-79.,105.,9.));
#1058 = CARTESIAN_POINT('',(-79.,105.,-45.));
#1059 = CARTESIAN_POINT('',(-83.,93.741669750802,-45.));
#1060 = CARTESIAN_POINT('',(-83.,93.741669750802,-18.));
#1061 = CARTESIAN_POINT('',(-83.,93.741669750802,9.));
#1062 = CARTESIAN_POINT('',(-79.,105.,9.));
#1063 = CARTESIAN_POINT('',(-79.,105.,-45.));
#1064 = CARTESIAN_POINT('',(-71.,82.483339501605,-45.));
#1065 = CARTESIAN_POINT('',(-71.,82.483339501605,-18.));
#1066 = CARTESIAN_POINT('',(-71.,82.483339501605,9.));
#1067 = CARTESIAN_POINT('',(-79.,105.,9.));
#1068 = CARTESIAN_POINT('',(-79.,105.,-45.));
#1069 = CARTESIAN_POINT('',(-71.,105.,-45.));
#1070 = CARTESIAN_POINT('',(-71.,105.,-18.));
#1071 = CARTESIAN_POINT('',(-71.,105.,9.));
#1072 = CARTESIAN_POINT('',(-79.,105.,9.));
#1073 = MANIFOLD_SOLID_BREP('',#1074);
#1074 = CLOSED_SHELL('',(#1075,#2177,#2229,#2282));
#1075 = ADVANCED_FACE('',(#1076,#1803),#2141,.T.);
#1076 = FACE_BOUND('',#1077,.T.);
#1077 = EDGE_LOOP('',(#1078,#1423,#1482,#1492,#1583,#1593,#1594,#1643,
    #1802));
#1078 = ORIENTED_EDGE('',*,*,#1079,.T.);
#1079 = EDGE_CURVE('',#1080,#1082,#1084,.T.);
#1080 = VERTEX_POINT('',#1081);
#1081 = CARTESIAN_POINT('',(36.423996191358,96.,-81.03381118158));
#1082 = VERTEX_POINT('',#1083);
#1083 = CARTESIAN_POINT('',(68.123450198325,55.,-24.14983532401));
#1084 = B_SPLINE_CURVE_WITH_KNOTS('',8,(#1085,#1086,#1087,#1088,#1089,
    #1090,#1091,#1092,#1093,#1094,#1095,#1096,#1097,#1098,#1099,#1100,
    #1101,#1102,#1103,#1104,#1105,#1106,#1107,#1108,#1109,#1110,#1111,
    #1112,#1113,#1114,#1115,#1116,#1117,#1118,#1119,#1120,#1121,#1122,
    #1123,#1124,#1125,#1126,#1127,#1128,#1129,#1130,#1131,#1132,#1133,
    #1134,#1135,#1136,#1137,#1138,#1139,#1140,#1141,#1142,#1143,#1144,
    #1145,#1146,#1147,#1148,#1149,#1150,#1151,#1152,#1153,#1154,#1155,
    #1156,#1157,#1158,#1159,#1160,#1161,#1162,#1163,#1164,#1165,#1166,
    #1167,#1168,#1169,#1170,#1171,#1172,#1173,#1174,#1175,#1176,#1177,
    #1178,#1179,#1180,#1181,#1182,#1183,#1184,#1185,#1186,#1187,#1188,
    #1189,#1190,#1191,#1192,#1193,#1194,#1195,#1196,#1197,#1198,#1199,
    #1200,#1201,#1202,#1203,#1204,#1205,#1206,#1207,#1208,#1209,#1210,
    #1211,#1212,#1213,#1214,#1215,#1216,#1217,#1218,#1219,#1220,#1221,
    #1222,#1223,#1224,#1225,#1226,#1227,#1228,#1229,#1230,#1231,#1232,
    #1233,#1234,#1235,#1236,#1237,#1238,#1239,#1240,#1241,#1242,#1243,
    #1244,#1245,#1246,#1247,#1248,#1249,#1250,#1251,#1252,#1253,#1254,
    #1255,#1256,#1257,#1258,#1259,#1260,#1261,#1262,#1263,#1264,#1265,
    #1266,#1267,#1268,#1269,#1270,#1271,#1272,#1273,#1274,#1275,#1276,
    #1277,#1278,#1279,#1280,#1281,#1282,#1283,#1284,#1285,#1286,#1287,
    #1288,#1289,#1290,#1291,#1292,#1293,#1294,#1295,#1296,#1297,#1298,
    #1299,#1300,#1301,#1302,#1303,#1304,#1305,#1306,#1307,#1308,#1309,
    #1310,#1311,#1312,#1313,#1314,#1315,#1316,#1317,#1318,#1319,#1320,
    #1321,#1322,#1323,#1324,#1325,#1326,#1327,#1328,#1329,#1330,#1331,
    #1332,#1333,#1334,#1335,#1336,#1337,#1338,#1339,#1340,#1341,#1342,
    #1343,#1344,#1345,#1346,#1347,#1348,#1349,#1350,#1351,#1352,#1353,
    #1354,#1355,#1356,#1357,#1358,#1359,#1360,#1361,#1362,#1363,#1364,
    #1365,#1366,#1367,#1368,#1369,#1370,#1371,#1372,#1373,#1374,#1375,
    #1376,#1377,#1378,#1379,#1380,#1381,#1382,#1383,#1384,#1385,#1386,
    #1387,#1388,#1389,#1390,#1391,#1392,#1393,#1394,#1395,#1396,#1397,
    #1398,#1399,#1400,#1401,#1402,#1403,#1404,#1405,#1406,#1407,#1408,
    #1409,#1410,#1411,#1412,#1413,#1414,#1415,#1416,#1417,#1418,#1419,
    #1420,#1421,#1422),.UNSPECIFIED.,.F.,.F.,(9,7,7,7,7,7,7,7,7,7,7,7,7,
    7,7,7,7,7,7,7,7,7,7,7,7,7,7,7,7,7,7,7,7,7,7,7,7,7,7,7,7,7,7,7,7,7,7,
    7,9),(0.,3.812662319919E-02,6.551317342012E-02,8.575701309423E-02,
    0.106223090571,0.115123222365,0.122885100997,0.129360343687,
    0.130416101204,0.134577831079,0.139604143702,0.143750561421,
    0.1480345652,0.153199726257,0.16383291244,0.192226238378,
    0.221043396227,0.230200808707,0.233755293588,0.25916406174,
    0.331095660958,0.403204392865,0.417248928564,0.424225107858,
    0.42729397914,0.430239161771,0.46041666576,0.486475668799,
    0.501142405201,0.530655723835,0.570231698645,0.590495640077,
    0.611526767065,0.625124981408,0.633695157716,0.636868974544,
    0.639745173275,0.650004521575,0.655254568818,0.657710750469,
    0.66050655277,0.701585210731,0.746845528005,0.792037947017,
    0.833409025902,0.906004422812,0.927653330725,0.96947144105,1.),
  .UNSPECIFIED.);
#1085 = CARTESIAN_POINT('',(36.423996191358,96.,-81.03381118158));
#1086 = CARTESIAN_POINT('',(35.232710343798,96.295112973671,
    -81.79530894739));
#1087 = CARTESIAN_POINT('',(34.022156625634,96.576245501688,
    -82.53207559047));
#1088 = CARTESIAN_POINT('',(32.792928744812,96.843598316803,
    -83.24315544908));
#1089 = CARTESIAN_POINT('',(31.545661034597,97.097363014591,
    -83.92760696036));
#1090 = CARTESIAN_POINT('',(30.281030951038,97.337721761992,
    -84.58450746082));
#1091 = CARTESIAN_POINT('',(28.999761883563,97.564846833486,
    -85.21295857108));
#1092 = CARTESIAN_POINT('',(27.702626278716,97.778899974906,
    -85.81209216483));
#1093 = CARTESIAN_POINT('',(25.447905421725,98.124505477126,
    -86.78978161144));
#1094 = CARTESIAN_POINT('',(24.497599594067,98.262312547438,
    -87.18293120641));
#1095 = CARTESIAN_POINT('',(23.539837490905,98.393508498666,
    -87.56021745731));
#1096 = CARTESIAN_POINT('',(22.574937504771,98.518146289268,
    -87.9213426463));
#1097 = CARTESIAN_POINT('',(21.603230898755,98.636275929493,
    -88.26602069944));
#1098 = CARTESIAN_POINT('',(20.625062315369,98.747944305705,
    -88.59397841516));
#1099 = CARTESIAN_POINT('',(19.640790419407,98.853195042851,
    -88.90495680893));
#1100 = CARTESIAN_POINT('',(17.918990166516,99.025154517615,
    -89.41585363647));
#1101 = CARTESIAN_POINT('',(17.18406099783,99.094756019013,
    -89.62358421329));
#1102 = CARTESIAN_POINT('',(16.446150984303,99.160889273649,
    -89.82180633532));
#1103 = CARTESIAN_POINT('',(15.705414524932,99.223569614079,
    -90.01042662714));
#1104 = CARTESIAN_POINT('',(14.962010673715,99.282811321764,
    -90.18935663036));
#1105 = CARTESIAN_POINT('',(14.216103471213,99.338627624291,
    -90.35851315924));
#1106 = CARTESIAN_POINT('',(13.467862536074,99.391030709048,
    -90.51781868893));
#1107 = CARTESIAN_POINT('',(11.958827387779,99.489570735382,
    -90.81822480395));
#1108 = CARTESIAN_POINT('',(11.19801622759,99.535630558273,
    -90.95910019736));
#1109 = CARTESIAN_POINT('',(10.435180594514,99.578225406034,
    -91.08976210032));
#1110 = CARTESIAN_POINT('',(9.670500275754,99.617365926408,
    -91.21014358658));
#1111 = CARTESIAN_POINT('',(8.904190656662,99.653060302816,
    -91.32018004053));
#1112 = CARTESIAN_POINT('',(8.136504696157,99.685315098662,
    -91.41981200487));
#1113 = CARTESIAN_POINT('',(7.367744067738,99.714136292531,
    -91.50898869222));
#1114 = CARTESIAN_POINT('',(6.263679447329,99.750574346897,
    -91.62189114806));
#1115 = CARTESIAN_POINT('',(5.928956209729,99.760969080328,
    -91.65412264439));
#1116 = CARTESIAN_POINT('',(5.594149140971,99.770716026187,
    -91.68436582534));
#1117 = CARTESIAN_POINT('',(5.25930267682,99.779815555192,
    -91.71261740756));
#1118 = CARTESIAN_POINT('',(4.924481603767,99.788267762432,
    -91.73887363716));
#1119 = CARTESIAN_POINT('',(4.589772673051,99.796072767811,
    -91.76313122337));
#1120 = CARTESIAN_POINT('',(4.255285685831,99.803231060198,
    -91.78538841426));
#1121 = CARTESIAN_POINT('',(3.629755084075,99.815423780225,
    -91.8233132299));
#1122 = CARTESIAN_POINT('',(3.338637344141,99.82061250406,
    -91.83945879621));
#1123 = CARTESIAN_POINT('',(3.047897434277,99.825310881727,
    -91.85408357708));
#1124 = CARTESIAN_POINT('',(2.757666669007,99.829519619626,
    -91.86718809375));
#1125 = CARTESIAN_POINT('',(2.468113781866,99.833240143949,
    -91.8787753419));
#1126 = CARTESIAN_POINT('',(2.179433723706,99.836475194945,
    -91.88885264618));
#1127 = CARTESIAN_POINT('',(1.891822550236,99.839229177073,
    -91.89743275254));
#1128 = CARTESIAN_POINT('',(1.366526277157,99.843409550155,
    -91.9104583686));
#1129 = CARTESIAN_POINT('',(1.12843837681,99.844980596225,
    -91.91535429877));
#1130 = CARTESIAN_POINT('',(0.891283569965,99.846224524478,
    -91.91923124054));
#1131 = CARTESIAN_POINT('',(0.65509865819,99.847146098045,-91.9221037176
    ));
#1132 = CARTESIAN_POINT('',(0.419822052185,99.847750476506,
    -91.92398759675));
#1133 = CARTESIAN_POINT('',(0.185293793421,99.848042153841,
    -91.92489677092));
#1134 = CARTESIAN_POINT('',(-4.871808233947E-02,99.848024079804,
    -91.92484041416));
#1135 = CARTESIAN_POINT('',(-0.320576136483,99.847643631525,
    -91.92365457106));
#1136 = CARTESIAN_POINT('',(-0.358680534121,99.847582083778,
    -91.92346272961));
#1137 = CARTESIAN_POINT('',(-0.396779148106,99.847512324967,
    -91.92324529543));
#1138 = CARTESIAN_POINT('',(-0.434873090456,99.847434357208,
    -91.9230022755));
#1139 = CARTESIAN_POINT('',(-0.47296346967,99.847348181252,
    -91.92273367258));
#1140 = CARTESIAN_POINT('',(-0.511051390736,99.847253796489,
    -91.92243948528));
#1141 = CARTESIAN_POINT('',(-0.549137955122,99.847151200946,
    -91.922119708));
#1142 = CARTESIAN_POINT('',(-0.737358087557,99.846603586908,
    -91.92041287745));
#1143 = CARTESIAN_POINT('',(-0.887486721264,99.846039146351,
    -91.91865363869));
#1144 = CARTESIAN_POINT('',(-1.037678421072,99.845346871859,
    -91.91649603672));
#1145 = CARTESIAN_POINT('',(-1.187995236167,99.844526238803,
    -91.91393849041));
#1146 = CARTESIAN_POINT('',(-1.338489439699,99.843576473986,
    -91.91097866017));
#1147 = CARTESIAN_POINT('',(-1.489201575873,99.842496638209,
    -91.9076137059));
#1148 = CARTESIAN_POINT('',(-1.6401601202,99.841285713105,
    -91.90384055834));
#1149 = CARTESIAN_POINT('',(-1.974021283042,99.838320662978,
    -91.89460256262));
#1150 = CARTESIAN_POINT('',(-2.157883768893,99.836498504597,
    -91.88892591038));
#1151 = CARTESIAN_POINT('',(-2.342763744303,99.834473490633,
    -91.88261797514));
#1152 = CARTESIAN_POINT('',(-2.528472073008,99.832243901954,
    -91.87567366752));
#1153 = CARTESIAN_POINT('',(-2.714844965012,99.829808780777,
    -91.86809031259));
#1154 = CARTESIAN_POINT('',(-2.901749104305,99.827167652483,
    -91.85986678213));
#1155 = CARTESIAN_POINT('',(-3.089083887891,99.824320215223,
    -91.85100252735));
#1156 = CARTESIAN_POINT('',(-3.431619872398,99.818746444815,
    -91.83365460134));
#1157 = CARTESIAN_POINT('',(-3.586696804327,99.816086314321,
    -91.82537639663));
#1158 = CARTESIAN_POINT('',(-3.741968439811,99.813285452318,
    -91.81666166284));
#1159 = CARTESIAN_POINT('',(-3.897397699212,99.810343805855,
    -91.80751049667));
#1160 = CARTESIAN_POINT('',(-4.05295338822,99.807261382215,
    -91.79792320105));
#1161 = CARTESIAN_POINT('',(-4.208610030692,99.804038208585,
    -91.78790015951));
#1162 = CARTESIAN_POINT('',(-4.364347701492,99.80067429172,
    -91.77744171058));
#1163 = CARTESIAN_POINT('',(-4.681125896804,99.793548570706,
    -91.7552928614));
#1164 = CARTESIAN_POINT('',(-4.842168113138,99.789777330596,
    -91.74357329338));
#1165 = CARTESIAN_POINT('',(-5.003260897585,99.785855844843,
    -91.73138965007));
#1166 = CARTESIAN_POINT('',(-5.164389060501,99.78178412381,
    -91.71874235522));
#1167 = CARTESIAN_POINT('',(-5.325539702728,99.77756218674,
    -91.7056318811));
#1168 = CARTESIAN_POINT('',(-5.486702084958,99.773190047846,
    -91.69205870515));
#1169 = CARTESIAN_POINT('',(-5.647867497102,99.76866770239,
    -91.67802326678));
#1170 = CARTESIAN_POINT('',(-6.003339362104,99.758361439794,
    -91.64604668976));
#1171 = CARTESIAN_POINT('',(-6.197642596451,99.752509404178,
    -91.62789613177));
#1172 = CARTESIAN_POINT('',(-6.391926227454,99.74643896899,
    -91.60907496756));
#1173 = CARTESIAN_POINT('',(-6.586179243188,99.740150104627,
    -91.58958398105));
#1174 = CARTESIAN_POINT('',(-6.780392112864,99.733642779163,
    -91.5694239924));
#1175 = CARTESIAN_POINT('',(-6.97455667666,99.72691694869,
    -91.54859582797));
#1176 = CARTESIAN_POINT('',(-7.168666035545,99.71997254766,
    -91.52710029013));
#1177 = CARTESIAN_POINT('',(-7.762189462925,99.698063329691,
    -91.45931430401));
#1178 = CARTESIAN_POINT('',(-8.161401299212,99.682390653133,
    -91.41086589771));
#1179 = CARTESIAN_POINT('',(-8.560300157695,99.665790647265,
    -91.35959956859));
#1180 = CARTESIAN_POINT('',(-8.958842697828,99.648262500527,
    -91.30552272096));
#1181 = CARTESIAN_POINT('',(-9.356990773403,99.629805328133,
    -91.24864329353));
#1182 = CARTESIAN_POINT('',(-9.754710556131,99.61041811237,
    -91.18896956534));
#1183 = CARTESIAN_POINT('',(-10.15197204017,99.59009964715,
    -91.12650997697));
#1184 = CARTESIAN_POINT('',(-11.60824466982,99.512102454434,
    -90.88707346898));
#1185 = CARTESIAN_POINT('',(-12.66425607665,99.448707602624,
    -90.69307496066));
#1186 = CARTESIAN_POINT('',(-13.71625720335,99.378638347257,
    -90.47944401754));
#1187 = CARTESIAN_POINT('',(-14.76376070756,99.301865414808,
    -90.2463730857));
#1188 = CARTESIAN_POINT('',(-15.80630129009,99.218355426619,
    -89.99407763853));
#1189 = CARTESIAN_POINT('',(-16.84343594278,99.128070772087,
    -89.72279397183));
#1190 = CARTESIAN_POINT('',(-17.87474030098,99.030969548741,
    -89.43277705136));
#1191 = CARTESIAN_POINT('',(-19.94017795416,98.821489713395,
    -88.81121540114));
#1192 = CARTESIAN_POINT('',(-20.97411972724,98.708905085877,
    -88.47911658065));
#1193 = CARTESIAN_POINT('',(-22.00120237377,98.589204227129,
    -88.12828855485));
#1194 = CARTESIAN_POINT('',(-23.02101236635,98.462335547116,
    -87.75903668947));
#1195 = CARTESIAN_POINT('',(-24.03315314029,98.328243468561,
    -87.37168341551));
#1196 = CARTESIAN_POINT('',(-25.03724433416,98.186868611444,
    -86.96656651692));
#1197 = CARTESIAN_POINT('',(-26.03292117189,98.038148024214,
    -86.5440375711));
#1198 = CARTESIAN_POINT('',(-27.3334515824,97.832400218647,-85.964773342
    ));
#1199 = CARTESIAN_POINT('',(-27.64618426278,97.782036486188,
    -85.82336454473));
#1200 = CARTESIAN_POINT('',(-27.95802084921,97.730922130195,
    -85.68024582135));
#1201 = CARTESIAN_POINT('',(-28.26895032507,97.679054981263,
    -85.53542895173));
#1202 = CARTESIAN_POINT('',(-28.57896183575,97.626432834703,
    -85.38892582456));
#1203 = CARTESIAN_POINT('',(-28.88804468869,97.573053450548,
    -85.24074843736));
#1204 = CARTESIAN_POINT('',(-29.19618835333,97.51891455355,
    -85.09090889646));
#1205 = CARTESIAN_POINT('',(-29.6226210354,97.442703907597,
    -84.88061819188));
#1206 = CARTESIAN_POINT('',(-29.74171659554,97.421279193894,
    -84.82156835472));
#1207 = CARTESIAN_POINT('',(-29.86066842572,97.399739577295,
    -84.76227067481));
#1208 = CARTESIAN_POINT('',(-29.9794759492,97.378084917222,
    -84.70272585503));
#1209 = CARTESIAN_POINT('',(-30.09813865771,97.35631506025,
    -84.64293456739));
#1210 = CARTESIAN_POINT('',(-30.21665604072,97.334429853067,
    -84.58289748857));
#1211 = CARTESIAN_POINT('',(-30.33502751482,97.312429155435,
    -84.52261533546));
#1212 = CARTESIAN_POINT('',(-31.29836707842,97.132217370704,
    -84.02942364137));
#1213 = CARTESIAN_POINT('',(-32.1359926552,96.968213902846,
    -83.58427386936));
#1214 = CARTESIAN_POINT('',(-32.96591357483,96.798251637134,
    -83.12690418249));
#1215 = CARTESIAN_POINT('',(-33.78792374995,96.622277761161,
    -82.65758442596));
#1216 = CARTESIAN_POINT('',(-34.60182612224,96.440237517232,
    -82.17658899999));
#1217 = CARTESIAN_POINT('',(-35.40743227026,96.252074257055,
    -81.68419616748));
#1218 = CARTESIAN_POINT('',(-36.20456201731,96.057729496415,
    -81.18068736156));
#1219 = CARTESIAN_POINT('',(-39.22521358561,95.28928759674,
    -79.21026023373));
#1220 = CARTESIAN_POINT('',(-41.38799024586,94.671427211285,
    -77.66741228689));
#1221 = CARTESIAN_POINT('',(-43.47757640624,94.002176621938,
    -76.0441905571));
#1222 = CARTESIAN_POINT('',(-45.49057015152,93.280038807527,
    -74.34717670865));
#1223 = CARTESIAN_POINT('',(-47.42391783394,92.503435177627,
    -72.58307949437));
#1224 = CARTESIAN_POINT('',(-49.27486202963,91.670711626326,
    -70.75867297422));
#1225 = CARTESIAN_POINT('',(-51.04088388236,90.780120379403,
    -68.88073962389));
#1226 = CARTESIAN_POINT('',(-54.40252962863,88.877094633068,
    -65.02655729209));
#1227 = CARTESIAN_POINT('',(-55.99751936533,87.86447860041,
    -63.05030986522));
#1228 = CARTESIAN_POINT('',(-57.50235374158,86.790016324077,
    -61.0340019624));
#1229 = CARTESIAN_POINT('',(-58.9146459324,85.651793692692,
    -58.98462129725));
#1230 = CARTESIAN_POINT('',(-60.23192889786,84.44793310924,
    -56.90943164076));
#1231 = CARTESIAN_POINT('',(-61.45167042113,83.176611378906,
    -54.81597437816));
#1232 = CARTESIAN_POINT('',(-62.5712518778,81.83605807187,
    -52.71205736912));
#1233 = CARTESIAN_POINT('',(-63.78592419425,80.149613448707,
    -50.19548435639));
#1234 = CARTESIAN_POINT('',(-63.9800300426,79.872004791307,
    -49.78515293649));
#1235 = CARTESIAN_POINT('',(-64.17020714908,79.591696872601,
    -49.3747982161));
#1236 = CARTESIAN_POINT('',(-64.35643407837,79.308678633799,
    -48.96448235249));
#1237 = CARTESIAN_POINT('',(-64.53868909228,79.02293947357,
    -48.55426829576));
#1238 = CARTESIAN_POINT('',(-64.71695014973,78.734469248044,
    -48.14421978882));
#1239 = CARTESIAN_POINT('',(-64.89119490682,78.443258270806,
    -47.73440136743));
#1240 = CARTESIAN_POINT('',(-65.14594507812,78.003281501975,
    -47.121460745));
#1241 = CARTESIAN_POINT('',(-65.22949291244,77.856587212466,
    -46.91811603065));
#1242 = CARTESIAN_POINT('',(-65.31204144319,77.709213323586,
    -46.71485223067));
#1243 = CARTESIAN_POINT('',(-65.3935878754,77.56115875258,
    -46.51167741262));
#1244 = CARTESIAN_POINT('',(-65.47412939557,77.412422454733,
    -46.30859969816));
#1245 = CARTESIAN_POINT('',(-65.55366317172,77.263003423365,
    -46.10562726299));
#1246 = CARTESIAN_POINT('',(-65.63218635339,77.112900689835,
    -45.90276833686));
#1247 = CARTESIAN_POINT('',(-65.74379290703,76.895780627169,
    -45.61084577972));
#1248 = CARTESIAN_POINT('',(-65.78141713529,76.822075963214,
    -45.51194807314));
#1249 = CARTESIAN_POINT('',(-65.81940646483,76.746937891157,
    -45.41140808462));
#1250 = CARTESIAN_POINT('',(-65.8559777314,76.673902807388,
    -45.31395469385));
#1251 = CARTESIAN_POINT('',(-65.89065741121,76.604059305193,
    -45.22098595792));
#1252 = CARTESIAN_POINT('',(-65.92421213413,76.536002534744,
    -45.13057940988));
#1253 = CARTESIAN_POINT('',(-65.95857919688,76.465788563089,
    -45.03750235723));
#1254 = CARTESIAN_POINT('',(-66.0334738427,76.31116822363,
    -44.83314517581));
#1255 = CARTESIAN_POINT('',(-66.07289449415,76.22910321724,
    -44.72493844577));
#1256 = CARTESIAN_POINT('',(-66.11265870038,76.145437928245,
    -44.61495382695));
#1257 = CARTESIAN_POINT('',(-66.15140382278,76.06303467707,
    -44.50695671125));
#1258 = CARTESIAN_POINT('',(-66.18874469757,75.982833351918,
    -44.40213524217));
#1259 = CARTESIAN_POINT('',(-66.22521341901,75.903810869392,
    -44.29910951107));
#1260 = CARTESIAN_POINT('',(-66.26219912257,75.82294063512,
    -44.19394075345));
#1261 = CARTESIAN_POINT('',(-66.70854930577,74.835631523643,
    -42.91410000033));
#1262 = CARTESIAN_POINT('',(-67.0807542387,73.913076341441,
    -41.75383178108));
#1263 = CARTESIAN_POINT('',(-67.41793842826,72.967338500208,
    -40.60097378386));
#1264 = CARTESIAN_POINT('',(-67.71950983614,71.998339041982,
    -39.45724834333));
#1265 = CARTESIAN_POINT('',(-67.98485810658,71.006077238512,
    -38.32445669253));
#1266 = CARTESIAN_POINT('',(-68.21336408317,69.990642376327,
    -37.20447115224));
#1267 = CARTESIAN_POINT('',(-68.40440926045,68.952228096781,
    -36.09922504958));
#1268 = CARTESIAN_POINT('',(-68.68948356037,66.974882135288,
    -34.07073302727));
#1269 = CARTESIAN_POINT('',(-68.79319365286,66.041723000204,
    -33.14324284505));
#1270 = CARTESIAN_POINT('',(-68.86812333549,65.091883176377,
    -32.22951382833));
#1271 = CARTESIAN_POINT('',(-68.91388711135,64.125652082947,
    -31.33086555126));
#1272 = CARTESIAN_POINT('',(-68.93011305506,63.143405394207,
    -30.44864447732));
#1273 = CARTESIAN_POINT('',(-68.91645157727,62.145615127251,
    -29.58421314901));
#1274 = CARTESIAN_POINT('',(-68.87258599741,61.132861690696,
    -28.73893724301));
#1275 = CARTESIAN_POINT('',(-68.75640371106,59.527815789003,
    -27.4499686611));
#1276 = CARTESIAN_POINT('',(-68.70490851311,58.945265159707,
    -26.99226269282));
#1277 = CARTESIAN_POINT('',(-68.64371104174,58.358321562574,
    -26.54129407521));
#1278 = CARTESIAN_POINT('',(-68.57276740227,57.767121475774,
    -26.09730209736));
#1279 = CARTESIAN_POINT('',(-68.49203881756,57.171812943888,
    -25.66052285209));
#1280 = CARTESIAN_POINT('',(-68.40149235108,56.572556222124,
    -25.23118823972));
#1281 = CARTESIAN_POINT('',(-68.30110162989,55.96952442054,
    -24.80952497179));
#1282 = CARTESIAN_POINT('',(-67.96898748088,54.142225152708,
    -23.56313702087));
#1283 = CARTESIAN_POINT('',(-67.70717859873,52.906957697263,
    -22.76243654342));
#1284 = CARTESIAN_POINT('',(-67.40527098964,51.658685766106,
    -21.99549813123));
#1285 = CARTESIAN_POINT('',(-67.06323481832,50.399135230545,
    -21.26399782721));
#1286 = CARTESIAN_POINT('',(-66.68116433935,49.130185119305,
    -20.56941928958));
#1287 = CARTESIAN_POINT('',(-66.25929222958,47.853877710613,
    -19.91302800416));
#1288 = CARTESIAN_POINT('',(-65.79801425939,46.572427446076,
    -19.29584214758));
#1289 = CARTESIAN_POINT('',(-64.62732747402,43.566178357804,
    -17.94454540147));
#1290 = CARTESIAN_POINT('',(-63.88677712018,41.838768344643,
    -17.24212955423));
#1291 = CARTESIAN_POINT('',(-63.0777356277,40.11198245427,
    -16.61328769291));
#1292 = CARTESIAN_POINT('',(-62.20205551997,38.391637005236,
    -16.05867058677));
#1293 = CARTESIAN_POINT('',(-61.26189287496,36.683385444799,
    -15.57776732716));
#1294 = CARTESIAN_POINT('',(-60.25966002375,34.992703938102,
    -15.16902532575));
#1295 = CARTESIAN_POINT('',(-59.19801753011,33.324857908995,
    -14.82996762552));
#1296 = CARTESIAN_POINT('',(-57.50740253272,30.845122098599,
    -14.41769842921));
#1297 = CARTESIAN_POINT('',(-56.92004914482,30.012626396602,
    -14.29548633492));
#1298 = CARTESIAN_POINT('',(-56.31820732953,29.187994637648,
    -14.1902279342));
#1299 = CARTESIAN_POINT('',(-55.70223747481,28.371819932673,
    -14.10142623496));
#1300 = CARTESIAN_POINT('',(-55.07249623094,27.564657134516,
    -14.02853792468));
#1301 = CARTESIAN_POINT('',(-54.42933442717,26.767023680026,
    -13.97098073481));
#1302 = CARTESIAN_POINT('',(-53.77309498847,25.979400432183,
    -13.92814080519));
#1303 = CARTESIAN_POINT('',(-52.40979921518,24.39564132037,
    -13.86953027334));
#1304 = CARTESIAN_POINT('',(-51.70176018782,23.600312648503,
    -13.85484599259));
#1305 = CARTESIAN_POINT('',(-50.98036238083,22.816739953578,
    -13.85461244196));
#1306 = CARTESIAN_POINT('',(-50.24596348866,22.045376420654,
    -13.86808737531));
#1307 = CARTESIAN_POINT('',(-49.4989085841,21.286636774529,
    -13.89450751259));
#1308 = CARTESIAN_POINT('',(-48.73952841285,20.54089908139,
    -13.9330949877));
#1309 = CARTESIAN_POINT('',(-47.9681376882,19.808506550467,
    -13.98306379645));
#1310 = CARTESIAN_POINT('',(-46.67869720861,18.625051372396,
    -14.08278439221));
#1311 = CARTESIAN_POINT('',(-46.1674654533,18.166043472308,
    -14.12637109726));
#1312 = CARTESIAN_POINT('',(-45.6514188343,17.712829870331,
    -14.17417315394));
#1313 = CARTESIAN_POINT('',(-45.1306361655,17.265490113103,
    -14.22597682272));
#1314 = CARTESIAN_POINT('',(-44.60519425625,16.824099235974,
    -14.28156828505));
#1315 = CARTESIAN_POINT('',(-44.0751678075,16.388727939997,
    -14.34073409833));
#1316 = CARTESIAN_POINT('',(-43.54062930798,15.959442768913,
    -14.40326165072));
#1317 = CARTESIAN_POINT('',(-42.66196044508,15.269627569788,
    -14.5103326573));
#1318 = CARTESIAN_POINT('',(-42.32050782871,15.005391343362,
    -14.5529770784));
#1319 = CARTESIAN_POINT('',(-41.97730875352,14.743613312724,
    -14.59681988244));
#1320 = CARTESIAN_POINT('',(-41.63238067085,14.484308701994,
    -14.64180831415));
#1321 = CARTESIAN_POINT('',(-41.285740811,14.227492253562,
    -14.68788985994));
#1322 = CARTESIAN_POINT('',(-40.93740618325,13.973178228082,
    -14.73501224784));
#1323 = CARTESIAN_POINT('',(-40.58739357584,13.721380404478,
    -14.7831234476));
#1324 = CARTESIAN_POINT('',(-40.10548308936,13.379799992825,
    -14.85033604239));
#1325 = CARTESIAN_POINT('',(-39.98076263306,13.291905195829,
    -14.86782706545));
#1326 = CARTESIAN_POINT('',(-39.85739062234,13.205398360908,
    -14.88521043637));
#1327 = CARTESIAN_POINT('',(-39.73275720698,13.118442625368,
    -14.90285026408));
#1328 = CARTESIAN_POINT('',(-39.60583125714,13.030356061072,
    -14.92089683154));
#1329 = CARTESIAN_POINT('',(-39.47718136916,12.941574143652,
    -14.93927435741));
#1330 = CARTESIAN_POINT('',(-39.3489968714,12.853612221716,
    -14.95766875769));
#1331 = CARTESIAN_POINT('',(-39.11283811763,12.692375518992,
    -14.99168868802));
#1332 = CARTESIAN_POINT('',(-39.00040552391,12.615977742473,
    -15.00794429538));
#1333 = CARTESIAN_POINT('',(-38.88781151815,12.539835024631,
    -15.02428062786));
#1334 = CARTESIAN_POINT('',(-38.77505658084,12.463947738701,
    -15.04069608547));
#1335 = CARTESIAN_POINT('',(-38.66214120375,12.388316263019,
    -15.0571890699));
#1336 = CARTESIAN_POINT('',(-38.54906588989,12.31294098103,
    -15.07375798442));
#1337 = CARTESIAN_POINT('',(-38.43583115358,12.237822281284,
    -15.09040123398));
#1338 = CARTESIAN_POINT('',(-37.91796450441,11.895930150076,
    -15.16674283486));
#1339 = CARTESIAN_POINT('',(-37.51146971986,11.632169306283,
    -15.22729403664));
#1340 = CARTESIAN_POINT('',(-37.10297610127,11.371695233858,
    -15.2886985589));
#1341 = CARTESIAN_POINT('',(-36.69250653032,11.114524705174,
    -15.35088477538));
#1342 = CARTESIAN_POINT('',(-36.28008383579,10.860674057173,
    -15.41378170515));
#1343 = CARTESIAN_POINT('',(-35.86573079363,10.610159191366,
    -15.47731901262));
#1344 = CARTESIAN_POINT('',(-35.44947012691,10.362995573833,
    -15.54142700752));
#1345 = CARTESIAN_POINT('',(-34.81734558594,9.994439091499,
    -15.63909954134));
#1346 = CARTESIAN_POINT('',(-34.60287307742,9.870561497615,-15.672293818
    ));
#1347 = CARTESIAN_POINT('',(-34.3879100269,9.747567476014,
    -15.70561023013));
#1348 = CARTESIAN_POINT('',(-34.17245948896,9.625459027786,-15.739039584
    ));
#1349 = CARTESIAN_POINT('',(-33.95652452613,9.504238132669,
    -15.77257273693));
#1350 = CARTESIAN_POINT('',(-33.74010820885,9.38390674905,
    -15.80620059726));
#1351 = CARTESIAN_POINT('',(-33.52321361549,9.264466813964,
    -15.83991412436));
#1352 = CARTESIAN_POINT('',(-33.20414957184,9.090459425371,
    -15.88951273526));
#1353 = CARTESIAN_POINT('',(-33.10235127121,9.035194124599,
    -15.90533793022));
#1354 = CARTESIAN_POINT('',(-33.00044928364,8.980124556515,
    -15.92117898748));
#1355 = CARTESIAN_POINT('',(-32.89844394334,8.92525092567,
    -15.93703498665));
#1356 = CARTESIAN_POINT('',(-32.79633556561,8.870573425427,
    -15.95290501297));
#1357 = CARTESIAN_POINT('',(-32.69412444677,8.816092237959,
    -15.96878815734));
#1358 = CARTESIAN_POINT('',(-32.59181086423,8.761807534255,
    -15.98468351629));
#1359 = CARTESIAN_POINT('',(-32.37281807347,8.646152560866,
    -16.01869631236));
#1360 = CARTESIAN_POINT('',(-32.25610865752,8.584840437612,
    -16.03681709391));
#1361 = CARTESIAN_POINT('',(-32.1392673005,8.523783389081,-16.0549511984
    ));
#1362 = CARTESIAN_POINT('',(-32.02229447514,8.462981698358,
    -16.07309729218));
#1363 = CARTESIAN_POINT('',(-31.90519065489,8.402435646887,
    -16.09125404625));
#1364 = CARTESIAN_POINT('',(-31.78795631395,8.34214551447,
    -16.10942013623));
#1365 = CARTESIAN_POINT('',(-31.67059192728,8.282111579267,
    -16.12759424238));
#1366 = CARTESIAN_POINT('',(-29.82676198051,7.344025340309,
    -16.41290527876));
#1367 = CARTESIAN_POINT('',(-28.07248782278,6.52110184488,
    -16.68147669192));
#1368 = CARTESIAN_POINT('',(-26.29173448884,5.754411931706,
    -16.9473269543));
#1369 = CARTESIAN_POINT('',(-24.48608292705,5.044781319502,
    -17.20650024369));
#1370 = CARTESIAN_POINT('',(-22.65724689082,4.392999815099,
    -17.45528918385));
#1371 = CARTESIAN_POINT('',(-20.80708350765,3.799809637136,
    -17.69027995388));
#1372 = CARTESIAN_POINT('',(-18.93760356917,3.265895393864,
    -17.9084005736));
#1373 = CARTESIAN_POINT('',(-14.97230818654,2.269602569569,
    -18.32575805345));
#1374 = CARTESIAN_POINT('',(-12.87275573474,1.820020212827,
    -18.52081907845));
#1375 = CARTESIAN_POINT('',(-10.75539086863,1.444005161465,
    -18.68855282084));
#1376 = CARTESIAN_POINT('',(-8.623446259907,1.142275537122,
    -18.82595032198));
#1377 = CARTESIAN_POINT('',(-6.480323393177,0.915401501431,
    -18.93067615578));
#1378 = CARTESIAN_POINT('',(-4.329596826599,0.763795694982,
    -19.00113215353));
#1379 = CARTESIAN_POINT('',(-2.175019890042,0.687683680259,
    -19.03650498149));
#1380 = CARTESIAN_POINT('',(2.13072414547,0.686425804363,-19.0370895889)
  );
#1381 = CARTESIAN_POINT('',(4.282135702014,0.76105354918,-19.00240656474
    ));
#1382 = CARTESIAN_POINT('',(6.429782522463,0.910952871592,
    -18.93273534154));
#1383 = CARTESIAN_POINT('',(8.569927560556,1.135903852285,
    -18.82887402716));
#1384 = CARTESIAN_POINT('',(10.699010071951,1.435500464928,
    -18.69240132517));
#1385 = CARTESIAN_POINT('',(12.813640056208,1.809179747209,
    -18.52562974656));
#1386 = CARTESIAN_POINT('',(14.910594118847,2.256231082026,
    -18.33154270236));
#1387 = CARTESIAN_POINT('',(18.887472344948,3.251408095053,
    -17.91430709519));
#1388 = CARTESIAN_POINT('',(20.770814029866,3.78780657735,
    -17.69499786552));
#1389 = CARTESIAN_POINT('',(22.634612413423,4.384352152026,
    -17.4585154057));
#1390 = CARTESIAN_POINT('',(24.476810885412,5.040347934585,
    -17.20799304137));
#1391 = CARTESIAN_POINT('',(26.295511236363,5.755037808271,
    -16.94691647552));
#1392 = CARTESIAN_POINT('',(28.08896298905,6.527616914787,
    -16.67907378641));
#1393 = CARTESIAN_POINT('',(29.855552445399,7.357243867162,
    -16.40850875438));
#1394 = CARTESIAN_POINT('',(34.643945174441,9.797420450453,
    -15.6673982989));
#1395 = CARTESIAN_POINT('',(37.605137140593,11.523934524327,
    -15.20030083476));
#1396 = CARTESIAN_POINT('',(40.47147890745,13.418614078288,
    -14.76086921372));
#1397 = CARTESIAN_POINT('',(43.235212702496,15.47653552565,
    -14.37416073817));
#1398 = CARTESIAN_POINT('',(45.887392707373,17.690866790023,
    -14.06716621626));
#1399 = CARTESIAN_POINT('',(48.418192842885,20.052311581849,
    -13.86774635642));
#1400 = CARTESIAN_POINT('',(50.816982691909,22.548807241566,
    -13.80311344018));
#1401 = CARTESIAN_POINT('',(53.744882652463,25.945595707824,
    -13.92633196482));
#1402 = CARTESIAN_POINT('',(54.404599753413,26.736437183043,
    -13.96882136626));
#1403 = CARTESIAN_POINT('',(55.051127495468,27.537391799288,
    -14.02614303515));
#1404 = CARTESIAN_POINT('',(55.684118667889,28.34797287693,
    -14.09891982452));
#1405 = CARTESIAN_POINT('',(56.303217984601,29.167656529645,
    -14.18774253293));
#1406 = CARTESIAN_POINT('',(56.908064212191,29.995880802642,
    -14.29316237885));
#1407 = CARTESIAN_POINT('',(57.498292297904,30.832044810897,
    -14.41568347498));
#1408 = CARTESIAN_POINT('',(59.184703790576,33.30478330014,
    -14.82632513999));
#1409 = CARTESIAN_POINT('',(60.240130497336,34.961541878163,
    -15.16242077037));
#1410 = CARTESIAN_POINT('',(61.236935791193,36.640881304903,
    -15.56726656472));
#1411 = CARTESIAN_POINT('',(62.172510677788,38.33764186602,
    -16.04329859172));
#1412 = CARTESIAN_POINT('',(63.044487154286,40.046457067609,
    -16.59205329126));
#1413 = CARTESIAN_POINT('',(63.850746067988,41.761785950529,
    -17.21405349133));
#1414 = CARTESIAN_POINT('',(64.589462674412,43.477927090802,
    -17.90869176819));
#1415 = CARTESIAN_POINT('',(65.748112418972,46.438162683211,
    -19.23289164957));
#1416 = CARTESIAN_POINT('',(66.20034999012,47.68482759256,
    -19.82948798539));
#1417 = CARTESIAN_POINT('',(66.615352352747,48.926807438817,
    -20.4632356994));
#1418 = CARTESIAN_POINT('',(66.992744942451,50.162057831384,
    -21.13321867942));
#1419 = CARTESIAN_POINT('',(67.332299047972,51.388685360035,
    -21.83829663668));
#1420 = CARTESIAN_POINT('',(67.63391074649,52.604940280759,
    -22.57712984975));
#1421 = CARTESIAN_POINT('',(67.897588612226,53.809208091816,
    -23.34820117512));
#1422 = CARTESIAN_POINT('',(68.123450198325,55.,-24.14983532401));
#1423 = ORIENTED_EDGE('',*,*,#1424,.T.);
#1424 = EDGE_CURVE('',#1082,#1080,#1425,.T.);
#1425 = B_SPLINE_CURVE_WITH_KNOTS('',7,(#1426,#1427,#1428,#1429,#1430,
    #1431,#1432,#1433,#1434,#1435,#1436,#1437,#1438,#1439,#1440,#1441,
    #1442,#1443,#1444,#1445,#1446,#1447,#1448,#1449,#1450,#1451,#1452,
    #1453,#1454,#1455,#1456,#1457,#1458,#1459,#1460,#1461,#1462,#1463,
    #1464,#1465,#1466,#1467,#1468,#1469,#1470,#1471,#1472,#1473,#1474,
    #1475,#1476,#1477,#1478,#1479,#1480,#1481),.UNSPECIFIED.,.F.,.F.,(8,
    6,6,6,6,6,6,6,6,8),(0.,0.241322663987,0.312826489445,0.346716816602,
    0.363573350755,0.371653710582,0.381033927433,0.478846400526,
    0.727982861202,1.),.UNSPECIFIED.);
#1426 = CARTESIAN_POINT('',(68.123450198325,55.,-24.14983532401));
#1427 = CARTESIAN_POINT('',(68.556656095686,57.283956346127,
    -25.68738130663));
#1428 = CARTESIAN_POINT('',(68.847918406238,59.517695341618,
    -27.33996633385));
#1429 = CARTESIAN_POINT('',(68.998057836594,61.69001994395,
    -29.0950505541));
#1430 = CARTESIAN_POINT('',(69.009870456627,63.79336378626,
    -30.93871164952));
#1431 = CARTESIAN_POINT('',(68.886922581334,65.82277114427,
    -32.85688391635));
#1432 = CARTESIAN_POINT('',(68.633247132311,67.775337804379,
    -34.83601174735));
#1433 = CARTESIAN_POINT('',(68.140140241759,70.205182008146,
    -37.46430033968));
#1434 = CARTESIAN_POINT('',(68.016303528102,70.753723606125,
    -38.06930921382));
#1435 = CARTESIAN_POINT('',(67.88144533764,71.295375925048,
    -38.67824381768));
#1436 = CARTESIAN_POINT('',(67.73566998128,71.83011681638,
    -39.29078406081));
#1437 = CARTESIAN_POINT('',(67.579081326237,72.357934150314,
    -39.90661656141));
#1438 = CARTESIAN_POINT('',(67.411782165407,72.878824954008,
    -40.52543524947));
#1439 = CARTESIAN_POINT('',(67.149551108772,73.636398273511,
    -41.4415145423));
#1440 = CARTESIAN_POINT('',(67.062845318737,73.878447108059,
    -41.73669086934));
#1441 = CARTESIAN_POINT('',(66.973767011074,74.11894160247,
    -42.03243913654));
#1442 = CARTESIAN_POINT('',(66.882326898249,74.357882656764,
    -42.32872787807));
#1443 = CARTESIAN_POINT('',(66.788535610765,74.595271521984,
    -42.62552597665));
#1444 = CARTESIAN_POINT('',(66.692403697158,74.831109800195,
    -42.92280266352));
#1445 = CARTESIAN_POINT('',(66.544968101682,75.181931612161,
    -43.36861130264));
#1446 = CARTESIAN_POINT('',(66.495134415068,75.298755139368,
    -43.5176635933));
#1447 = CARTESIAN_POINT('',(66.445237364484,75.413942588196,
    -43.66524200845));
#1448 = CARTESIAN_POINT('',(66.395555600902,75.526969448879,
    -43.81063059275));
#1449 = CARTESIAN_POINT('',(66.345781771783,75.638672829481,
    -43.95485504231));
#1450 = CARTESIAN_POINT('',(66.294954666911,75.751210145571,
    -44.10069792953));
#1451 = CARTESIAN_POINT('',(66.215715156471,75.924010790146,
    -44.32558441541));
#1452 = CARTESIAN_POINT('',(66.189902015178,75.979912075671,
    -44.39847711249));
#1453 = CARTESIAN_POINT('',(66.16395208838,76.035721704452,
    -44.4713915902));
#1454 = CARTESIAN_POINT('',(66.137865524136,76.091439714617,
    -44.54432741974));
#1455 = CARTESIAN_POINT('',(66.111642470538,76.147066144448,
    -44.61728417239));
#1456 = CARTESIAN_POINT('',(66.085283075706,76.202601032383,
    -44.69026141956));
#1457 = CARTESIAN_POINT('',(66.028029654526,76.322406769899,
    -44.84799884852));
#1458 = CARTESIAN_POINT('',(65.997088288584,76.386645806841,
    -44.93276599865));
#1459 = CARTESIAN_POINT('',(65.965963616343,76.450761599468,
    -45.01755952765));
#1460 = CARTESIAN_POINT('',(65.934655864836,76.514754218247,
    -45.1023787784));
#1461 = CARTESIAN_POINT('',(65.903165261753,76.578623732481,
    -45.18722309222));
#1462 = CARTESIAN_POINT('',(65.871492035441,76.642370210312,
    -45.27209180883));
#1463 = CARTESIAN_POINT('',(65.507461028463,77.369429633104,
    -46.242202729));
#1464 = CARTESIAN_POINT('',(65.155454112663,78.019493180967,
    -47.13000068975));
#1465 = CARTESIAN_POINT('',(64.783872657613,78.656265997686,
    -48.01963491911));
#1466 = CARTESIAN_POINT('',(64.392967334565,79.279844818471,
    -48.91038243568));
#1467 = CARTESIAN_POINT('',(63.98298143527,79.89033993775,
    -49.80154111577));
#1468 = CARTESIAN_POINT('',(63.55414981134,80.487873668569,
    -50.6924303031));
#1469 = CARTESIAN_POINT('',(61.967000433487,82.561871029363,
    -53.84919601696));
#1470 = CARTESIAN_POINT('',(60.706593812056,83.967815794173,
    -56.10979477917));
#1471 = CARTESIAN_POINT('',(59.329108102818,85.292791622893,
    -58.35355271619));
#1472 = CARTESIAN_POINT('',(57.837964981103,86.539209283558,
    -60.57020181316));
#1473 = CARTESIAN_POINT('',(56.236487017013,87.709556465358,
    -62.7498855636));
#1474 = CARTESIAN_POINT('',(54.527907530483,88.806385609025,
    -64.88316917688));
#1475 = CARTESIAN_POINT('',(50.736182844746,90.952319138345,
    -69.22969100145));
#1476 = CARTESIAN_POINT('',(48.633311875456,91.987641356933,
    -71.43197739891));
#1477 = CARTESIAN_POINT('',(46.410775839487,92.941530250827,
    -73.55605994508));
#1478 = CARTESIAN_POINT('',(44.073070259428,93.816975944727,
    -75.59000815798));
#1479 = CARTESIAN_POINT('',(41.625307587472,94.616811237183,
    -77.52195876685));
#1480 = CARTESIAN_POINT('',(39.073351516444,95.343684679329,
    -79.34028130665));
#1481 = CARTESIAN_POINT('',(36.423996191358,96.,-81.03381118158));
#1482 = ORIENTED_EDGE('',*,*,#1483,.T.);
#1483 = EDGE_CURVE('',#1080,#1484,#1486,.T.);
#1484 = VERTEX_POINT('',#1485);
#1485 = CARTESIAN_POINT('',(71.704660602916,96.,-36.34315138462));
#1486 = ( BOUNDED_CURVE() B_SPLINE_CURVE(2,(#1487,#1488,#1489,#1490,
#1491),.UNSPECIFIED.,.F.,.F.) B_SPLINE_CURVE_WITH_KNOTS((3,2,3),(
    4.712388980385,6.28318530718,7.853981633974),
.PIECEWISE_BEZIER_KNOTS.) CURVE() GEOMETRIC_REPRESENTATION_ITEM() 
RATIONAL_B_SPLINE_CURVE((1.,0.707106781187,1.,0.707106781187,1.)) 
REPRESENTATION_ITEM('') );
#1487 = CARTESIAN_POINT('',(-1.469576158977E-14,96.,-92.));
#1488 = CARTESIAN_POINT('',(80.,96.,-92.));
#1489 = CARTESIAN_POINT('',(80.,96.,8.));
#1490 = CARTESIAN_POINT('',(80.,96.,108.));
#1491 = CARTESIAN_POINT('',(2.449293598295E-14,96.,108.));
#1492 = ORIENTED_EDGE('',*,*,#1493,.T.);
#1493 = EDGE_CURVE('',#1484,#1494,#1496,.T.);
#1494 = VERTEX_POINT('',#1495);
#1495 = CARTESIAN_POINT('',(79.999881443877,96.,8.172159835));
#1496 = B_SPLINE_CURVE_WITH_KNOTS('',8,(#1497,#1498,#1499,#1500,#1501,
    #1502,#1503,#1504,#1505,#1506,#1507,#1508,#1509,#1510,#1511,#1512,
    #1513,#1514,#1515,#1516,#1517,#1518,#1519,#1520,#1521,#1522,#1523,
    #1524,#1525,#1526,#1527,#1528,#1529,#1530,#1531,#1532,#1533,#1534,
    #1535,#1536,#1537,#1538,#1539,#1540,#1541,#1542,#1543,#1544,#1545,
    #1546,#1547,#1548,#1549,#1550,#1551,#1552,#1553,#1554,#1555,#1556,
    #1557,#1558,#1559,#1560,#1561,#1562,#1563,#1564,#1565,#1566,#1567,
    #1568,#1569,#1570,#1571,#1572,#1573,#1574,#1575,#1576,#1577,#1578,
    #1579,#1580,#1581,#1582),.UNSPECIFIED.,.F.,.F.,(9,7,7,7,7,7,7,7,7,7,
    7,7,9),(0.,0.131119900232,0.157538835348,0.239513784539,
    0.327646120551,0.388935146023,0.411494091437,0.430707059448,
    0.58074373811,0.83237523636,0.909213598541,0.954412151433,1.),
  .UNSPECIFIED.);
#1497 = CARTESIAN_POINT('',(71.704660602916,96.,-36.34315138462));
#1498 = CARTESIAN_POINT('',(71.902691132098,95.371165002217,
    -35.84280245524));
#1499 = CARTESIAN_POINT('',(72.1086570574,94.775606079086,
    -35.30397362495));
#1500 = CARTESIAN_POINT('',(72.320757568632,94.213689454428,
    -34.73118313426));
#1501 = CARTESIAN_POINT('',(72.537349842278,93.68524574897,
    -34.12864689174));
#1502 = CARTESIAN_POINT('',(72.75698612747,93.189695861551,
    -33.50018201276));
#1503 = CARTESIAN_POINT('',(72.978436813036,92.72616138109,
    -32.84912031972));
#1504 = CARTESIAN_POINT('',(73.200699475612,92.293559529352,
    -32.17823180367));
#1505 = CARTESIAN_POINT('',(73.467783321214,91.809508295901,
    -31.35091946283));
#1506 = CARTESIAN_POINT('',(73.512571059408,91.729546026462,
    -31.21147215886));
#1507 = CARTESIAN_POINT('',(73.557354334917,91.650779722614,
    -31.07132236833));
#1508 = CARTESIAN_POINT('',(73.602114556596,91.573220714375,
    -30.93052639567));
#1509 = CARTESIAN_POINT('',(73.646866053051,91.496823944153,
    -30.7890369838));
#1510 = CARTESIAN_POINT('',(73.691581675673,91.42161675927,
    -30.64693739131));
#1511 = CARTESIAN_POINT('',(73.73626902589,91.347566273741,
    -30.50420195889));
#1512 = CARTESIAN_POINT('',(73.919450875046,91.048498673594,
    -29.91611346899));
#1513 = CARTESIAN_POINT('',(74.057609501299,90.833455647104,
    -29.46554874422));
#1514 = CARTESIAN_POINT('',(74.195219894814,90.629272041178,
    -29.00966144655));
#1515 = CARTESIAN_POINT('',(74.332126145402,90.435681515635,
    -28.54890247522));
#1516 = CARTESIAN_POINT('',(74.468187931202,90.252424739987,
    -28.08368447334));
#1517 = CARTESIAN_POINT('',(74.603279935832,90.079249594387,
    -27.61438165035));
#1518 = CARTESIAN_POINT('',(74.737291265557,89.91591137058,
    -27.14132960458));
#1519 = CARTESIAN_POINT('',(75.01293598373,89.596887019044,
    -26.15252892334));
#1520 = CARTESIAN_POINT('',(75.154381250355,89.442702388006,
    -25.63625840524));
#1521 = CARTESIAN_POINT('',(75.294338993661,89.299326188816,
    -25.1163860542));
#1522 = CARTESIAN_POINT('',(75.432699463974,89.166482702199,
    -24.5932560541));
#1523 = CARTESIAN_POINT('',(75.569364270582,89.043912549138,
    -24.06718440809));
#1524 = CARTESIAN_POINT('',(75.704245817706,88.931371859491,
    -23.53845903681));
#1525 = CARTESIAN_POINT('',(75.837266740478,88.82863144061,
    -23.00733987662));
#1526 = CARTESIAN_POINT('',(76.059523835922,88.670693857049,
    -22.10320453608));
#1527 = CARTESIAN_POINT('',(76.149754751049,88.610547762642,
    -21.73130841872));
#1528 = CARTESIAN_POINT('',(76.239028946713,88.554965999888,
    -21.35845063073));
#1529 = CARTESIAN_POINT('',(76.327324756768,88.503880433847,
    -20.98470747044));
#1530 = CARTESIAN_POINT('',(76.414621988511,88.457226457483,
    -20.61015152954));
#1531 = CARTESIAN_POINT('',(76.50090192268,88.414942991662,
    -20.23485169303));
#1532 = CARTESIAN_POINT('',(76.586147313451,88.37697248515,
    -19.85887313922));
#1533 = CARTESIAN_POINT('',(76.70133245106,88.330852620079,
    -19.34366190597));
#1534 = CARTESIAN_POINT('',(76.731992351406,88.319096153732,
    -19.20580331017));
#1535 = CARTESIAN_POINT('',(76.762509149971,88.307903341124,
    -19.06787924752));
#1536 = CARTESIAN_POINT('',(76.792954758591,88.297248590591,
    -18.92955894557));
#1537 = CARTESIAN_POINT('',(76.823290369652,88.287151620776,
    -18.79100547027));
#1538 = CARTESIAN_POINT('',(76.853370885302,88.277660188128,
    -18.65287803192));
#1539 = CARTESIAN_POINT('',(76.882949346648,88.26883281441,
    -18.51633429115));
#1540 = CARTESIAN_POINT('',(76.936151780726,88.253813429125,
    -18.26950252743));
#1541 = CARTESIAN_POINT('',(76.960524591952,88.247279428768,
    -18.15592797158));
#1542 = CARTESIAN_POINT('',(76.984799093657,88.241118289989,
    -18.04231206827));
#1543 = CARTESIAN_POINT('',(77.008975102075,88.23532868957,
    -17.92865547428));
#1544 = CARTESIAN_POINT('',(77.033052440228,88.229909336702,
    -17.81495882638));
#1545 = CARTESIAN_POINT('',(77.057030725968,88.224859025699,
    -17.70122373423));
#1546 = CARTESIAN_POINT('',(77.0809094605,88.220176608924,
    -17.58745237208));
#1547 = CARTESIAN_POINT('',(77.290381520499,88.18215887465,
    -16.5849136566));
#1548 = CARTESIAN_POINT('',(77.469982150883,88.170820684214,
    -15.6940632832));
#1549 = CARTESIAN_POINT('',(77.643335400199,88.181289629452,
    -14.8017561102));
#1550 = CARTESIAN_POINT('',(77.810303821124,88.213114484421,
    -13.90863282694));
#1551 = CARTESIAN_POINT('',(77.970767737227,88.265937744075,
    -13.01531294459));
#1552 = CARTESIAN_POINT('',(78.124624754602,88.33949205111,
    -12.12239471251));
#1553 = CARTESIAN_POINT('',(78.271788475263,88.433604791988,
    -11.23045525743));
#1554 = CARTESIAN_POINT('',(78.647652463051,88.74042040545,
    -8.846724280546));
#1555 = CARTESIAN_POINT('',(78.863991668301,88.99019530961,
    -7.358325742894));
#1556 = CARTESIAN_POINT('',(79.060976168165,89.297212847476,
    -5.876923710421));
#1557 = CARTESIAN_POINT('',(79.238308252778,89.662020799257,
    -4.405320263006));
#1558 = CARTESIAN_POINT('',(79.395696548981,90.085856317755,
    -2.947015701136));
#1559 = CARTESIAN_POINT('',(79.532889315804,90.570853899694,
    -1.506278182672));
#1560 = CARTESIAN_POINT('',(79.649713159645,91.120118248929,
    -8.817199765087E-02));
#1561 = CARTESIAN_POINT('',(79.775397054202,91.928057786986,
    1.725265319206));
#1562 = CARTESIAN_POINT('',(79.802878115604,92.123524529138,
    2.146719479589));
#1563 = CARTESIAN_POINT('',(79.828433673214,92.325599195512,
    2.565213657795));
#1564 = CARTESIAN_POINT('',(79.852057693473,92.534431916624,
    2.980521446121));
#1565 = CARTESIAN_POINT('',(79.873743928051,92.750184029197,
    3.392388918751));
#1566 = CARTESIAN_POINT('',(79.893486160438,92.973030286147,
    3.800533451138));
#1567 = CARTESIAN_POINT('',(79.911278452543,93.203161066565,
    4.20464253939));
#1568 = CARTESIAN_POINT('',(79.936431108806,93.58056159672,
    4.839505466025));
#1569 = CARTESIAN_POINT('',(79.945070168331,93.722929955166,
    5.073120118153));
#1570 = CARTESIAN_POINT('',(79.953031359329,93.867931327188,
    5.305146022315));
#1571 = CARTESIAN_POINT('',(79.960313518579,94.015608768722,
    5.53550668244));
#1572 = CARTESIAN_POINT('',(79.966915530167,94.166006725487,
    5.764119660108));
#1573 = CARTESIAN_POINT('',(79.972836325489,94.319171032985,
    5.990896574553));
#1574 = CARTESIAN_POINT('',(79.978074883249,94.475148916504,
    6.215743102659));
#1575 = CARTESIAN_POINT('',(79.987224827397,94.794197265469,
    6.663293893533));
#1576 = CARTESIAN_POINT('',(79.99112440425,94.957316442393,
    6.885961284621));
#1577 = CARTESIAN_POINT('',(79.994328036721,95.123396906069,
    7.106458179427));
#1578 = CARTESIAN_POINT('',(79.996834845425,95.292489214019,
    7.324672722325));
#1579 = CARTESIAN_POINT('',(79.998644068437,95.464644242936,
    7.540484277737));
#1580 = CARTESIAN_POINT('',(79.999755119814,95.639913180305,
    7.753763276655));
#1581 = CARTESIAN_POINT('',(80.000167627347,95.818347617496,
    7.96437104287));
#1582 = CARTESIAN_POINT('',(79.999881443877,96.,8.172159835));
#1583 = ORIENTED_EDGE('',*,*,#1584,.T.);
#1584 = EDGE_CURVE('',#1494,#1585,#1587,.T.);
#1585 = VERTEX_POINT('',#1586);
#1586 = CARTESIAN_POINT('',(4.898587196589E-15,96.,108.));
#1587 = ( BOUNDED_CURVE() B_SPLINE_CURVE(2,(#1588,#1589,#1590,#1591,
#1592),.UNSPECIFIED.,.F.,.F.) B_SPLINE_CURVE_WITH_KNOTS((3,2,3),(
    4.712388980385,6.28318530718,7.853981633974),
.PIECEWISE_BEZIER_KNOTS.) CURVE() GEOMETRIC_REPRESENTATION_ITEM() 
RATIONAL_B_SPLINE_CURVE((1.,0.707106781187,1.,0.707106781187,1.)) 
REPRESENTATION_ITEM('') );
#1588 = CARTESIAN_POINT('',(-1.469576158977E-14,96.,-92.));
#1589 = CARTESIAN_POINT('',(80.,96.,-92.));
#1590 = CARTESIAN_POINT('',(80.,96.,8.));
#1591 = CARTESIAN_POINT('',(80.,96.,108.));
#1592 = CARTESIAN_POINT('',(2.449293598295E-14,96.,108.));
#1593 = ORIENTED_EDGE('',*,*,#1584,.F.);
#1594 = ORIENTED_EDGE('',*,*,#1595,.T.);
#1595 = EDGE_CURVE('',#1494,#1596,#1598,.T.);
#1596 = VERTEX_POINT('',#1597);
#1597 = CARTESIAN_POINT('',(79.569657113529,105.,12.965050486267));
#1598 = B_SPLINE_CURVE_WITH_KNOTS('',8,(#1599,#1600,#1601,#1602,#1603,
    #1604,#1605,#1606,#1607,#1608,#1609,#1610,#1611,#1612,#1613,#1614,
    #1615,#1616,#1617,#1618,#1619,#1620,#1621,#1622,#1623,#1624,#1625,
    #1626,#1627,#1628,#1629,#1630,#1631,#1632,#1633,#1634,#1635,#1636,
    #1637,#1638,#1639,#1640,#1641,#1642),.UNSPECIFIED.,.F.,.F.,(9,7,7,7,
    7,7,9),(0.,0.364431236783,0.671242943405,0.780650807486,
    0.888374739491,0.924483952869,1.),.UNSPECIFIED.);
#1599 = CARTESIAN_POINT('',(79.999881443877,96.,8.172159834999));
#1600 = CARTESIAN_POINT('',(79.9993665693,96.326812119418,8.545994163184
    ));
#1601 = CARTESIAN_POINT('',(79.996590240471,96.664000977538,
    8.910659351536));
#1602 = CARTESIAN_POINT('',(79.991552494246,97.011901947181,
    9.265338213133));
#1603 = CARTESIAN_POINT('',(79.984254452526,97.370806419282,
    9.609046319104));
#1604 = CARTESIAN_POINT('',(79.974702042799,97.740951898435,
    9.940642357853));
#1605 = CARTESIAN_POINT('',(79.962908637397,98.12251210013,
    10.25883885183));
#1606 = CARTESIAN_POINT('',(79.948896500757,98.515584209025,
    10.5622154741));
#1607 = CARTESIAN_POINT('',(79.919058649317,99.260788347908,
    11.09087847274));
#1608 = CARTESIAN_POINT('',(79.903872528189,99.609503094124,
    11.320882288958));
#1609 = CARTESIAN_POINT('',(79.887157896275,99.966319405818,
    11.53834608718));
#1610 = CARTESIAN_POINT('',(79.868941404874,100.33112241998,
    11.742259861924));
#1611 = CARTESIAN_POINT('',(79.849259129248,100.70366692571,
    11.931536993947));
#1612 = CARTESIAN_POINT('',(79.828159918446,101.08353677854,
    12.105053792192));
#1613 = CARTESIAN_POINT('',(79.80570504576,101.47013684713,
    12.261697426029));
#1614 = CARTESIAN_POINT('',(79.773516232164,102.00249959452,
    12.449918750406));
#1615 = CARTESIAN_POINT('',(79.764894481412,102.14315666106,
    12.497111440696));
#1616 = CARTESIAN_POINT('',(79.756115451582,102.28450104933,
    12.541978531216));
#1617 = CARTESIAN_POINT('',(79.747183665281,102.42648038407,
    12.584473469243));
#1618 = CARTESIAN_POINT('',(79.738105005613,102.56902161087,
    12.624547487468));
#1619 = CARTESIAN_POINT('',(79.728887050935,102.71202761239,
    12.662152082524));
#1620 = CARTESIAN_POINT('',(79.719539616766,102.85537111991,
    12.697241897542));
#1621 = CARTESIAN_POINT('',(79.700757059233,103.14019183278,
    12.76181336462));
#1622 = CARTESIAN_POINT('',(79.691342260825,103.28140963528,
    12.791315379457));
#1623 = CARTESIAN_POINT('',(79.681826851632,103.42264060532,
    12.818322186254));
#1624 = CARTESIAN_POINT('',(79.67222452919,103.5637026494,
    12.842794867461));
#1625 = CARTESIAN_POINT('',(79.662571140657,103.70409757264,
    12.864659763752));
#1626 = CARTESIAN_POINT('',(79.652926802893,103.84300058753,
    12.883844188742));
#1627 = CARTESIAN_POINT('',(79.643384380555,103.97917741449,
    12.900341416149));
#1628 = CARTESIAN_POINT('',(79.630922057404,104.15552420419,
    12.918905453047));
#1629 = CARTESIAN_POINT('',(79.627818573492,104.199310791,12.92327201994
    ));
#1630 = CARTESIAN_POINT('',(79.624745484153,104.24254364277,
    12.927346721695));
#1631 = CARTESIAN_POINT('',(79.621708190092,104.28515273559,
    12.931133665487));
#1632 = CARTESIAN_POINT('',(79.618712079638,104.32706914819,
    12.93463894428));
#1633 = CARTESIAN_POINT('',(79.61576233565,104.36822761014,
    12.937870554907));
#1634 = CARTESIAN_POINT('',(79.612863742416,104.40856905011,
    12.940838316158));
#1635 = CARTESIAN_POINT('',(79.604074336447,104.53059624637,
    12.949232692737));
#1636 = CARTESIAN_POINT('',(79.598365319922,104.6094238694,
    12.953812415473));
#1637 = CARTESIAN_POINT('',(79.592937774563,104.68398100933,
    12.957389557222));
#1638 = CARTESIAN_POINT('',(79.587801349201,104.75421386772,
    12.960115285134));
#1639 = CARTESIAN_POINT('',(79.58293946771,104.82041921182,
    12.962139647987));
#1640 = CARTESIAN_POINT('',(79.578319127836,104.88309863201,
    12.963582020628));
#1641 = CARTESIAN_POINT('',(79.573902041067,104.94280769599,
    12.964527676214));
#1642 = CARTESIAN_POINT('',(79.569657113529,105.,12.965050486267));
#1643 = ORIENTED_EDGE('',*,*,#1644,.T.);
#1644 = EDGE_CURVE('',#1596,#1484,#1645,.T.);
#1645 = B_SPLINE_CURVE_WITH_KNOTS('',8,(#1646,#1647,#1648,#1649,#1650,
    #1651,#1652,#1653,#1654,#1655,#1656,#1657,#1658,#1659,#1660,#1661,
    #1662,#1663,#1664,#1665,#1666,#1667,#1668,#1669,#1670,#1671,#1672,
    #1673,#1674,#1675,#1676,#1677,#1678,#1679,#1680,#1681,#1682,#1683,
    #1684,#1685,#1686,#1687,#1688,#1689,#1690,#1691,#1692,#1693,#1694,
    #1695,#1696,#1697,#1698,#1699,#1700,#1701,#1702,#1703,#1704,#1705,
    #1706,#1707,#1708,#1709,#1710,#1711,#1712,#1713,#1714,#1715,#1716,
    #1717,#1718,#1719,#1720,#1721,#1722,#1723,#1724,#1725,#1726,#1727,
    #1728,#1729,#1730,#1731,#1732,#1733,#1734,#1735,#1736,#1737,#1738,
    #1739,#1740,#1741,#1742,#1743,#1744,#1745,#1746,#1747,#1748,#1749,
    #1750,#1751,#1752,#1753,#1754,#1755,#1756,#1757,#1758,#1759,#1760,
    #1761,#1762,#1763,#1764,#1765,#1766,#1767,#1768,#1769,#1770,#1771,
    #1772,#1773,#1774,#1775,#1776,#1777,#1778,#1779,#1780,#1781,#1782,
    #1783,#1784,#1785,#1786,#1787,#1788,#1789,#1790,#1791,#1792,#1793,
    #1794,#1795,#1796,#1797,#1798,#1799,#1800,#1801),.UNSPECIFIED.,.F.,
  .F.,(9,7,7,7,7,7,7,7,7,7,7,7,7,7,7,7,7,7,7,7,7,7,9),(0.,
    1.146830856665E-02,2.144607072943E-02,4.554344282951E-02,
    6.84008307793E-02,0.132893544158,0.146333307179,0.190464787716,
    0.242068613359,0.41585153223,0.49043605404,0.508962444076,
    0.522170752701,0.563890216783,0.590550180408,0.603383421405,
    0.617551315821,0.683828604499,0.761413999065,0.817366269097,
    0.862367263086,0.899614154538,1.),.UNSPECIFIED.);
#1646 = CARTESIAN_POINT('',(79.569657113529,105.,12.965050486267));
#1647 = CARTESIAN_POINT('',(79.563770087238,105.07931523696,
    12.965773182085));
#1648 = CARTESIAN_POINT('',(79.557695016474,105.1607806166,
    12.965738808676));
#1649 = CARTESIAN_POINT('',(79.551320666215,105.24585776722,
    12.964885039665));
#1650 = CARTESIAN_POINT('',(79.544545413684,105.33583995692,
    12.963070323954));
#1651 = CARTESIAN_POINT('',(79.53724110823,105.43233534974,
    12.960069542576));
#1652 = CARTESIAN_POINT('',(79.529296340459,105.53665671487,
    12.955514946582));
#1653 = CARTESIAN_POINT('',(79.520689975067,105.64886285989,
    12.948955461128));
#1654 = CARTESIAN_POINT('',(79.503590101536,105.87015124543,
    12.932596283936));
#1655 = CARTESIAN_POINT('',(79.495922158695,105.96875190103,
    12.923992885738));
#1656 = CARTESIAN_POINT('',(79.488521058139,106.06335887047,
    12.914562742547));
#1657 = CARTESIAN_POINT('',(79.481341109281,106.15463656022,
    12.904414500362));
#1658 = CARTESIAN_POINT('',(79.474310482923,106.24355391935,
    12.893563331163));
#1659 = CARTESIAN_POINT('',(79.467336867106,106.3313065569,
    12.881927673178));
#1660 = CARTESIAN_POINT('',(79.46031082573,106.41926811057,
    12.869324100299));
#1661 = CARTESIAN_POINT('',(79.435676686138,106.72597849394,
    12.821857364672));
#1662 = CARTESIAN_POINT('',(79.41783571782,106.94529204358,
    12.782027300088));
#1663 = CARTESIAN_POINT('',(79.3996989501,107.1652931256,12.735943809123
    ));
#1664 = CARTESIAN_POINT('',(79.381347779433,107.38489161594,
    12.68376843381));
#1665 = CARTESIAN_POINT('',(79.362832975955,107.60341836646,
    12.625708084173));
#1666 = CARTESIAN_POINT('',(79.344183626762,107.82048566274,
    12.561966664527));
#1667 = CARTESIAN_POINT('',(79.325406696103,108.03596722428,
    12.492693011983));
#1668 = CARTESIAN_POINT('',(79.288544600855,108.45291680586,
    12.347037434781));
#1669 = CARTESIAN_POINT('',(79.270492075561,108.65432591518,
    12.271277892782));
#1670 = CARTESIAN_POINT('',(79.252340045417,108.85403058737,
    12.190805642923));
#1671 = CARTESIAN_POINT('',(79.234095079806,109.05191388314,
    12.10577006528));
#1672 = CARTESIAN_POINT('',(79.215761999264,109.24788099499,
    12.016324062437));
#1673 = CARTESIAN_POINT('',(79.197344141046,109.44185560099,
    11.92262095574));
#1674 = CARTESIAN_POINT('',(79.178843507284,109.63377766883,
    11.824811840931));
#1675 = CARTESIAN_POINT('',(79.107829192743,110.35919898316,
    11.435901098843));
#1676 = CARTESIAN_POINT('',(79.054761480352,110.87792368355,
    11.117333033824));
#1677 = CARTESIAN_POINT('',(79.00106334503,111.37890496065,
    10.770609408429));
#1678 = CARTESIAN_POINT('',(78.946701670635,111.86177031031,
    10.398902378707));
#1679 = CARTESIAN_POINT('',(78.891624316149,112.32648179851,
    10.005119280982));
#1680 = CARTESIAN_POINT('',(78.835766032999,112.77328011966,
    9.591820730718));
#1681 = CARTESIAN_POINT('',(78.779047238009,113.20262016192,
    9.161150866967));
#1682 = CARTESIAN_POINT('',(78.709346113756,113.70109221388,
    8.621763906834));
#1683 = CARTESIAN_POINT('',(78.697284755734,113.78632003024,
    8.528067878321));
#1684 = CARTESIAN_POINT('',(78.685181553972,113.87081664754,
    8.433711979247));
#1685 = CARTESIAN_POINT('',(78.673035792369,113.95458659958,
    8.338712446462));
#1686 = CARTESIAN_POINT('',(78.660846757775,114.03763449749,
    8.243085005171));
#1687 = CARTESIAN_POINT('',(78.648613739986,114.1199650297,
    8.146844868935));
#1688 = CARTESIAN_POINT('',(78.636336031744,114.20158296199,
    8.050006739666));
#1689 = CARTESIAN_POINT('',(78.583548157423,114.5481737543,
    7.632685181985));
#1690 = CARTESIAN_POINT('',(78.542594992112,114.80621648034,
    7.306499363507));
#1691 = CARTESIAN_POINT('',(78.501127039987,115.05680121101,
    6.97451902021));
#1692 = CARTESIAN_POINT('',(78.459120121665,115.30010208629,
    6.637192505827));
#1693 = CARTESIAN_POINT('',(78.416551766725,115.53628847988,
    6.294925675413));
#1694 = CARTESIAN_POINT('',(78.373400709215,115.76552598842,
    5.948082700933));
#1695 = CARTESIAN_POINT('',(78.329646383175,115.98797742073,
    5.596986886865));
#1696 = CARTESIAN_POINT('',(78.233376363464,116.45617360372,
    4.826736217118));
#1697 = CARTESIAN_POINT('',(78.180634019554,116.69947316156,
    4.406143076808));
#1698 = CARTESIAN_POINT('',(78.127009399277,116.93395608597,
    3.980598574819));
#1699 = CARTESIAN_POINT('',(78.072474659208,117.15985462329,
    3.55051604233));
#1700 = CARTESIAN_POINT('',(78.017005299077,117.37738247026,
    3.116267239534));
#1701 = CARTESIAN_POINT('',(77.960579361215,117.58673760353,
    2.678183963417));
#1702 = CARTESIAN_POINT('',(77.903176629995,117.78810510929,
    2.236559655548));
#1703 = CARTESIAN_POINT('',(77.648111934437,118.63348170402,
    0.293360117057));
#1704 = CARTESIAN_POINT('',(77.44029628556,119.19621000543,
    -1.241062817813));
#1705 = CARTESIAN_POINT('',(77.220458195433,119.67725244655,
    -2.803017760879));
#1706 = CARTESIAN_POINT('',(76.988231312188,120.08062271698,
    -4.3856302229));
#1707 = CARTESIAN_POINT('',(76.743556650457,120.4092020119,
    -5.983116779514));
#1708 = CARTESIAN_POINT('',(76.486616063571,120.66469926729,
    -7.590781663132));
#1709 = CARTESIAN_POINT('',(76.217730827591,120.84799779262,
    -9.204902310243));
#1710 = CARTESIAN_POINT('',(75.816929934663,121.00635289807,
    -11.51716404167));
#1711 = CARTESIAN_POINT('',(75.694468421715,121.04054316507,
    -12.21207182928));
#1712 = CARTESIAN_POINT('',(75.569951282338,121.06135074927,
    -12.90722782107));
#1713 = CARTESIAN_POINT('',(75.443434643438,121.06872532197,
    -13.60233682735));
#1714 = CARTESIAN_POINT('',(75.314985119456,121.06258600154,
    -14.29709788552));
#1715 = CARTESIAN_POINT('',(75.184679906016,121.0428220134,
    -14.99120424135));
#1716 = CARTESIAN_POINT('',(75.052606873577,121.00929335006,
    -15.68434333033));
#1717 = CARTESIAN_POINT('',(74.885643824619,120.95004210418,
    -16.54804938963));
#1718 = CARTESIAN_POINT('',(74.852320088912,120.93739308619,
    -16.71982225052));
#1719 = CARTESIAN_POINT('',(74.818894995695,120.9238817895,
    -16.89151031284));
#1720 = CARTESIAN_POINT('',(74.785370138686,120.90950551608,
    -17.06310847934));
#1721 = CARTESIAN_POINT('',(74.751747163582,120.89426145753,
    -17.23461158428));
#1722 = CARTESIAN_POINT('',(74.718027768058,120.8781466951,
    -17.4060143935));
#1723 = CARTESIAN_POINT('',(74.684213701769,120.86115819969,
    -17.57731160435));
#1724 = CARTESIAN_POINT('',(74.626132964691,120.83055578874,
    -17.87054432579));
#1725 = CARTESIAN_POINT('',(74.60136588562,120.817085356,-17.99529139531
    ));
#1726 = CARTESIAN_POINT('',(74.576305329347,120.80300458621,
    -18.12120338567));
#1727 = CARTESIAN_POINT('',(74.551154613961,120.78841432724,
    -18.24725234028));
#1728 = CARTESIAN_POINT('',(74.526020994282,120.77338026863,
    -18.37290605777));
#1729 = CARTESIAN_POINT('',(74.500913095389,120.75791597278,
    -18.49812994102));
#1730 = CARTESIAN_POINT('',(74.475738280106,120.74196510514,
    -18.62338921753));
#1731 = CARTESIAN_POINT('',(74.369963118784,120.67301995902,
    -19.1484049368));
#1732 = CARTESIAN_POINT('',(74.289160645801,120.61577943592,
    -19.54643722551));
#1733 = CARTESIAN_POINT('',(74.207920873184,120.55361898833,
    -19.94366297429));
#1734 = CARTESIAN_POINT('',(74.126271337791,120.48648979568,
    -20.34000643353));
#1735 = CARTESIAN_POINT('',(74.044241690932,120.4143397373,
    -20.73538809236));
#1736 = CARTESIAN_POINT('',(73.961863698368,120.33711339242,
    -21.12972467864));
#1737 = CARTESIAN_POINT('',(73.879171240313,120.25475204022,
    -21.52292915894));
#1738 = CARTESIAN_POINT('',(73.743179469707,120.11124125107,
    -22.16539848525));
#1739 = CARTESIAN_POINT('',(73.690045055898,120.05316660186,
    -22.41538644228));
#1740 = CARTESIAN_POINT('',(73.636806511201,119.99295352339,
    -22.66485077488));
#1741 = CARTESIAN_POINT('',(73.583473738674,119.93058528904,
    -22.91376671465));
#1742 = CARTESIAN_POINT('',(73.530057103237,119.86604463434,
    -23.16210855961));
#1743 = CARTESIAN_POINT('',(73.47656743167,119.79931375689,
    -23.40984967413));
#1744 = CARTESIAN_POINT('',(73.423016012615,119.73037431645,
    -23.65696248902));
#1745 = CARTESIAN_POINT('',(73.343612618176,119.62495000666,
    -24.02205442504));
#1746 = CARTESIAN_POINT('',(73.317694846041,119.59003807304,
    -24.14101731483));
#1747 = CARTESIAN_POINT('',(73.291684404226,119.55449141748,
    -24.26020081262));
#1748 = CARTESIAN_POINT('',(73.265602931017,119.51832998342,
    -24.37950650551));
#1749 = CARTESIAN_POINT('',(73.23947069502,119.48157387758,
    -24.49884327009));
#1750 = CARTESIAN_POINT('',(73.213306711269,119.44424337311,
    -24.61812661681));
#1751 = CARTESIAN_POINT('',(73.187128857324,119.40635891279,
    -24.73727803415));
#1752 = CARTESIAN_POINT('',(73.132056942784,119.32552786595,
    -24.98754101122));
#1753 = CARTESIAN_POINT('',(73.103243830636,119.28258248541,
    -25.11824282443));
#1754 = CARTESIAN_POINT('',(73.074338713764,119.23884739476,
    -25.24913610828));
#1755 = CARTESIAN_POINT('',(73.045258653236,119.19417949928,
    -25.38059669886));
#1756 = CARTESIAN_POINT('',(73.016013801798,119.14856680939,
    -25.51257627701));
#1757 = CARTESIAN_POINT('',(72.986707589869,119.1021479858,
    -25.64460818348));
#1758 = CARTESIAN_POINT('',(72.957536712987,119.05523284283,
    -25.77581336106));
#1759 = CARTESIAN_POINT('',(72.794316683877,118.7888725949,
    -26.50880638414));
#1760 = CARTESIAN_POINT('',(72.660041877708,118.55466760541,
    -27.10735141897));
#1761 = CARTESIAN_POINT('',(72.5261915439,118.30535994808,
    -27.70002185613));
#1762 = CARTESIAN_POINT('',(72.393022120753,118.0405886109,
    -28.2862143755));
#1763 = CARTESIAN_POINT('',(72.260822376963,117.75998310993,
    -28.86524505281));
#1764 = CARTESIAN_POINT('',(72.129914898386,117.46316480373,
    -29.43635023428));
#1765 = CARTESIAN_POINT('',(72.000657834684,117.1497449126,
    -29.99868589792));
#1766 = CARTESIAN_POINT('',(71.724531491987,116.43251697855,
    -31.19825543781));
#1767 = CARTESIAN_POINT('',(71.578446970086,116.02248047263,
    -31.83178122799));
#1768 = CARTESIAN_POINT('',(71.435809423289,115.58853168512,
    -32.45049899084));
#1769 = CARTESIAN_POINT('',(71.297346360714,115.13004944227,
    -33.05266999216));
#1770 = CARTESIAN_POINT('',(71.163895563325,114.64650455287,
    -33.63624800051));
#1771 = CARTESIAN_POINT('',(71.03640150634,114.13748940422,
    -34.19890180954));
#1772 = CARTESIAN_POINT('',(70.915909358198,113.6027420378,
    -34.73803292686));
#1773 = CARTESIAN_POINT('',(70.722531094569,112.63789299074,
    -35.62057230745));
#1774 = CARTESIAN_POINT('',(70.645751308634,112.22025035507,
    -35.976581301));
#1775 = CARTESIAN_POINT('',(70.573646199602,111.78922811564,
    -36.31773197517));
#1776 = CARTESIAN_POINT('',(70.506679803459,111.34492912792,
    -36.64282209034));
#1777 = CARTESIAN_POINT('',(70.445344092554,110.88758344689,
    -36.95055155271));
#1778 = CARTESIAN_POINT('',(70.390148064311,110.41756842723,
    -37.23954936722));
#1779 = CARTESIAN_POINT('',(70.341603016918,109.93543326183,
    -37.508406593));
#1780 = CARTESIAN_POINT('',(70.266907828096,109.0450141551,
    -37.95461946261));
#1781 = CARTESIAN_POINT('',(70.238233955155,108.640745363,
    -38.13958540486));
#1782 = CARTESIAN_POINT('',(70.214442012691,108.22953727214,
    -38.30986799615));
#1783 = CARTESIAN_POINT('',(70.195782174331,107.81189018638,
    -38.46473156858));
#1784 = CARTESIAN_POINT('',(70.18248848732,107.3883943264,
    -38.60346470221));
#1785 = CARTESIAN_POINT('',(70.17477023703,106.95973696123,
    -38.72540032948));
#1786 = CARTESIAN_POINT('',(70.17280135649,106.52671136826,
    -38.82994116034));
#1787 = CARTESIAN_POINT('',(70.179941231411,105.72895425142,
    -38.98830941616));
#1788 = CARTESIAN_POINT('',(70.187200003491,105.36528220404,
    -39.0477767361));
#1789 = CARTESIAN_POINT('',(70.19855638851,104.99973477066,
    -39.09470753069));
#1790 = CARTESIAN_POINT('',(70.214060214825,104.6328533093,
    -39.12887130276));
#1791 = CARTESIAN_POINT('',(70.23373696005,104.26519748097,
    -39.15009694257));
#1792 = CARTESIAN_POINT('',(70.257585763308,103.89734548542,
    -39.15827775534));
#1793 = CARTESIAN_POINT('',(70.285577437486,103.52989429709,
    -39.15337648876));
#1794 = CARTESIAN_POINT('',(70.404099341941,102.17586532256,
    -39.08706349233));
#1795 = CARTESIAN_POINT('',(70.520356514674,101.19393928152,
    -38.94386201136));
#1796 = CARTESIAN_POINT('',(70.665235378909,100.23205406405,
    -38.70612306459));
#1797 = CARTESIAN_POINT('',(70.835963219174,99.30068819755,
    -38.37918746868));
#1798 = CARTESIAN_POINT('',(71.02902855511,98.407501085925,
    -37.97058605824));
#1799 = CARTESIAN_POINT('',(71.240620601719,97.557760626952,
    -37.48905863396));
#1800 = CARTESIAN_POINT('',(71.466983296816,96.754730633364,
    -36.94367287073));
#1801 = CARTESIAN_POINT('',(71.704660602916,96.,-36.34315138462));
#1802 = ORIENTED_EDGE('',*,*,#1483,.F.);
#1803 = FACE_BOUND('',#1804,.T.);
#1804 = EDGE_LOOP('',(#1805));
#1805 = ORIENTED_EDGE('',*,*,#1806,.T.);
#1806 = EDGE_CURVE('',#1807,#1807,#1809,.T.);
#1807 = VERTEX_POINT('',#1808);
#1808 = CARTESIAN_POINT('',(-70.20238347465,105.,-39.08258689019));
#1809 = B_SPLINE_CURVE_WITH_KNOTS('',8,(#1810,#1811,#1812,#1813,#1814,
    #1815,#1816,#1817,#1818,#1819,#1820,#1821,#1822,#1823,#1824,#1825,
    #1826,#1827,#1828,#1829,#1830,#1831,#1832,#1833,#1834,#1835,#1836,
    #1837,#1838,#1839,#1840,#1841,#1842,#1843,#1844,#1845,#1846,#1847,
    #1848,#1849,#1850,#1851,#1852,#1853,#1854,#1855,#1856,#1857,#1858,
    #1859,#1860,#1861,#1862,#1863,#1864,#1865,#1866,#1867,#1868,#1869,
    #1870,#1871,#1872,#1873,#1874,#1875,#1876,#1877,#1878,#1879,#1880,
    #1881,#1882,#1883,#1884,#1885,#1886,#1887,#1888,#1889,#1890,#1891,
    #1892,#1893,#1894,#1895,#1896,#1897,#1898,#1899,#1900,#1901,#1902,
    #1903,#1904,#1905,#1906,#1907,#1908,#1909,#1910,#1911,#1912,#1913,
    #1914,#1915,#1916,#1917,#1918,#1919,#1920,#1921,#1922,#1923,#1924,
    #1925,#1926,#1927,#1928,#1929,#1930,#1931,#1932,#1933,#1934,#1935,
    #1936,#1937,#1938,#1939,#1940,#1941,#1942,#1943,#1944,#1945,#1946,
    #1947,#1948,#1949,#1950,#1951,#1952,#1953,#1954,#1955,#1956,#1957,
    #1958,#1959,#1960,#1961,#1962,#1963,#1964,#1965,#1966,#1967,#1968,
    #1969,#1970,#1971,#1972,#1973,#1974,#1975,#1976,#1977,#1978,#1979,
    #1980,#1981,#1982,#1983,#1984,#1985,#1986,#1987,#1988,#1989,#1990,
    #1991,#1992,#1993,#1994,#1995,#1996,#1997,#1998,#1999,#2000,#2001,
    #2002,#2003,#2004,#2005,#2006,#2007,#2008,#2009,#2010,#2011,#2012,
    #2013,#2014,#2015,#2016,#2017,#2018,#2019,#2020,#2021,#2022,#2023,
    #2024,#2025,#2026,#2027,#2028,#2029,#2030,#2031,#2032,#2033,#2034,
    #2035,#2036,#2037,#2038,#2039,#2040,#2041,#2042,#2043,#2044,#2045,
    #2046,#2047,#2048,#2049,#2050,#2051,#2052,#2053,#2054,#2055,#2056,
    #2057,#2058,#2059,#2060,#2061,#2062,#2063,#2064,#2065,#2066,#2067,
    #2068,#2069,#2070,#2071,#2072,#2073,#2074,#2075,#2076,#2077,#2078,
    #2079,#2080,#2081,#2082,#2083,#2084,#2085,#2086,#2087,#2088,#2089,
    #2090,#2091,#2092,#2093,#2094,#2095,#2096,#2097,#2098,#2099,#2100,
    #2101,#2102,#2103,#2104,#2105,#2106,#2107,#2108,#2109,#2110,#2111,
    #2112,#2113,#2114,#2115,#2116,#2117,#2118,#2119,#2120,#2121,#2122,
    #2123,#2124,#2125,#2126,#2127,#2128,#2129,#2130,#2131,#2132,#2133,
    #2134,#2135,#2136,#2137,#2138,#2139,#2140),.UNSPECIFIED.,.T.,.F.,(9,
    7,7,7,7,7,7,7,7,7,7,7,7,7,7,7,7,7,7,7,7,7,7,7,7,7,7,7,7,7,7,7,7,7,7,
    7,7,7,7,7,7,7,7,7,7,7,7,9),(0.,3.696136512317E-02,6.779569591747E-02
    ,0.112086747239,0.149719913881,0.180112957035,0.200342704815,
    0.207680395817,0.214135368491,0.260688532495,0.347173010202,
    0.374073221358,0.404411808785,0.413150194466,0.437711598682,
    0.457120432054,0.47318471196,0.479110720402,0.479661041677,
    0.481242879197,0.487812482393,0.489387804549,0.491763185733,
    0.493587978062,0.497367720369,0.505230967905,0.505917459636,
    0.510701803234,0.520687481966,0.531139250429,0.565573846301,
    0.57291894844,0.596425329303,0.623899652756,0.715600319722,
    0.755485040953,0.765199094521,0.768875619801,0.772136964489,
    0.783530811721,0.795455754648,0.82562400044,0.863113110937,
    0.907522653552,0.939204740524,0.955047439219,0.98659155795,1.),
  .UNSPECIFIED.);
#1810 = CARTESIAN_POINT('',(-70.20238347465,105.,-39.08258689019));
#1811 = CARTESIAN_POINT('',(-70.17822766468,105.63346482321,
    -39.0153165958));
#1812 = CARTESIAN_POINT('',(-70.16645630172,106.26374133974,
    -38.90974507864));
#1813 = CARTESIAN_POINT('',(-70.16696181087,106.88765600275,
    -38.76673820685));
#1814 = CARTESIAN_POINT('',(-70.17936577258,107.5025418606,
    -38.58777469396));
#1815 = CARTESIAN_POINT('',(-70.20310771786,108.10616945322,
    -38.3747081877));
#1816 = CARTESIAN_POINT('',(-70.2375077769,108.69670307543,
    -38.12961934755));
#1817 = CARTESIAN_POINT('',(-70.28181347043,109.27266966804,
    -37.85471443362));
#1818 = CARTESIAN_POINT('',(-70.37981177789,110.300312386,
    -37.29988242967));
#1819 = CARTESIAN_POINT('',(-70.43073514381,110.75680924265,
    -37.02831790529));
#1820 = CARTESIAN_POINT('',(-70.48756498454,111.20182895336,
    -36.73878350952));
#1821 = CARTESIAN_POINT('',(-70.54984716695,111.63494445011,
    -36.43251813264));
#1822 = CARTESIAN_POINT('',(-70.61713340499,112.05586800634,
    -36.11072017115));
#1823 = CARTESIAN_POINT('',(-70.68899236148,112.46443172967,
    -35.77452257736));
#1824 = CARTESIAN_POINT('',(-70.76501791788,112.86057135232,
    -35.42497218941));
#1825 = CARTESIAN_POINT('',(-70.95948494401,113.79552787883,
    -34.5430882924));
#1826 = CARTESIAN_POINT('',(-71.08193360071,114.32104664851,
    -33.99766967609));
#1827 = CARTESIAN_POINT('',(-71.21107412011,114.82101855203,
    -33.42952162307));
#1828 = CARTESIAN_POINT('',(-71.34589248149,115.29574116814,
    -32.84115750991));
#1829 = CARTESIAN_POINT('',(-71.4854740422,115.74564447143,
    -32.23482943671));
#1830 = CARTESIAN_POINT('',(-71.62900838139,116.17126887881,
    -31.61251279036));
#1831 = CARTESIAN_POINT('',(-71.77579205103,116.57323760206,
    -30.97588589421));
#1832 = CARTESIAN_POINT('',(-72.05220283972,117.27423943091,
    -29.77436942961));
#1833 = CARTESIAN_POINT('',(-72.18107337035,117.57961558372,
    -29.21316339576));
#1834 = CARTESIAN_POINT('',(-72.31146418447,117.86874705937,
    -28.64356767734));
#1835 = CARTESIAN_POINT('',(-72.44303426506,118.14201318127,
    -28.06638551118));
#1836 = CARTESIAN_POINT('',(-72.57547629143,118.39978233412,
    -27.48234436046));
#1837 = CARTESIAN_POINT('',(-72.70851495759,118.64241392064,
    -26.89209655256));
#1838 = CARTESIAN_POINT('',(-72.8419055371,118.87025724217,
    -26.29621853032));
#1839 = CARTESIAN_POINT('',(-73.08327099594,119.25598389534,
    -25.20982522684));
#1840 = CARTESIAN_POINT('',(-73.19119476468,119.41888807497,
    -24.7211108004));
#1841 = CARTESIAN_POINT('',(-73.29908873157,119.57253408989,
    -24.22933660504));
#1842 = CARTESIAN_POINT('',(-73.40684661027,119.71708661228,
    -23.73475660739));
#1843 = CARTESIAN_POINT('',(-73.51437071428,119.85270117639,
    -23.23760762712));
#1844 = CARTESIAN_POINT('',(-73.62157157406,119.97952461623,
    -22.73810939099));
#1845 = CARTESIAN_POINT('',(-73.72836755425,120.0976955033,-22.236464587
    ));
#1846 = CARTESIAN_POINT('',(-73.90544951511,120.28032744718,
    -21.397656685));
#1847 = CARTESIAN_POINT('',(-73.97600187451,120.34953446538,
    -21.06158762611));
#1848 = CARTESIAN_POINT('',(-74.04631954662,120.41500380611,
    -20.72470747514));
#1849 = CARTESIAN_POINT('',(-74.11638165598,120.47677186794,
    -20.38706996157));
#1850 = CARTESIAN_POINT('',(-74.18616845401,120.53487328081,
    -20.04872681102));
#1851 = CARTESIAN_POINT('',(-74.25566131901,120.58934090605,
    -19.70972774523));
#1852 = CARTESIAN_POINT('',(-74.32484275618,120.64020583637,
    -19.37012048204));
#1853 = CARTESIAN_POINT('',(-74.4186708373,120.70465089649,
    -18.90656508959));
#1854 = CARTESIAN_POINT('',(-74.44360213561,120.72133426945,
    -18.78310548515));
#1855 = CARTESIAN_POINT('',(-74.4684895048,120.73754891435,
    -18.65957412267));
#1856 = CARTESIAN_POINT('',(-74.49333217342,120.75329620029,
    -18.53597317756));
#1857 = CARTESIAN_POINT('',(-74.51812938632,120.76857746586,
    -18.41230480011));
#1858 = CARTESIAN_POINT('',(-74.54288040462,120.78339401916,
    -18.28857111549));
#1859 = CARTESIAN_POINT('',(-74.56758450573,120.79774713777,
    -18.16477422372));
#1860 = CARTESIAN_POINT('',(-74.61393130646,120.82385793192,
    -17.9319581964));
#1861 = CARTESIAN_POINT('',(-74.63558478892,120.83572012911,
    -17.82295281428));
#1862 = CARTESIAN_POINT('',(-74.65720115434,120.84722562007,
    -17.71390043444));
#1863 = CARTESIAN_POINT('',(-74.67877963013,120.85837506143,
    -17.60480396404));
#1864 = CARTESIAN_POINT('',(-74.70032007813,120.86916944394,
    -17.49566315533));
#1865 = CARTESIAN_POINT('',(-74.72182178475,120.87960941084,
    -17.38648068424));
#1866 = CARTESIAN_POINT('',(-74.74328445421,120.88969581761,
    -17.27725715957));
#1867 = CARTESIAN_POINT('',(-74.9192109193,120.96962771105,
    -16.37999164973));
#1868 = CARTESIAN_POINT('',(-75.0716559481,121.02147299018,
    -15.58995002706));
#1869 = CARTESIAN_POINT('',(-75.22188299059,121.05525055725,
    -14.79835500645));
#1870 = CARTESIAN_POINT('',(-75.36975161842,121.07119216482,
    -14.00568013826));
#1871 = CARTESIAN_POINT('',(-75.51514008891,121.06948060235,
    -13.21238688388));
#1872 = CARTESIAN_POINT('',(-75.65794496884,121.05025057034,
    -12.41892462234));
#1873 = CARTESIAN_POINT('',(-75.79808095402,121.01358580778,
    -11.62573065805));
#1874 = CARTESIAN_POINT('',(-76.19073659398,120.85905741883,
    -9.360956809592));
#1875 = CARTESIAN_POINT('',(-76.43645882887,120.6985559023,
    -7.891600153837));
#1876 = CARTESIAN_POINT('',(-76.67231823235,120.47821789589,
    -6.427365590496));
#1877 = CARTESIAN_POINT('',(-76.89805221686,120.19748860651,
    -4.971081742506));
#1878 = CARTESIAN_POINT('',(-77.11350592627,119.85521272749,
    -3.526175795642));
#1879 = CARTESIAN_POINT('',(-77.31868639167,119.44947309369,
    -2.096724686142));
#1880 = CARTESIAN_POINT('',(-77.51380554311,118.97752031251,
    -0.687480634978));
#1881 = CARTESIAN_POINT('',(-77.75710607246,118.26580845563,
    1.12611122617));
#1882 = CARTESIAN_POINT('',(-77.81389728804,118.0901206588,1.55381270971
    ));
#1883 = CARTESIAN_POINT('',(-77.86977061046,117.90746639473,
    1.978753609035));
#1884 = CARTESIAN_POINT('',(-77.924740266,117.71770639845,2.40071768131)
  );
#1885 = CARTESIAN_POINT('',(-77.97882195137,117.52069064309,
    2.819463767867));
#1886 = CARTESIAN_POINT('',(-78.03203336553,117.31625635514,
    3.234724783238));
#1887 = CARTESIAN_POINT('',(-78.08439474152,117.10422602981,
    3.646206704195));
#1888 = CARTESIAN_POINT('',(-78.1940511564,116.63648737091,
    4.513039650195));
#1889 = CARTESIAN_POINT('',(-78.25111787918,116.37867442008,
    4.967247499063));
#1890 = CARTESIAN_POINT('',(-78.30716531803,116.11068003877,
    5.415766535001));
#1891 = CARTESIAN_POINT('',(-78.3622292992,115.83220561523,
    5.858067029147));
#1892 = CARTESIAN_POINT('',(-78.41634748163,115.54294158818,
    6.293534530296));
#1893 = CARTESIAN_POINT('',(-78.46956095559,115.24256519995,
    6.721468079816));
#1894 = CARTESIAN_POINT('',(-78.52191566225,114.93073489556,
    7.141076205363));
#1895 = CARTESIAN_POINT('',(-78.58831093263,114.51385983635,7.6696761025
    ));
#1896 = CARTESIAN_POINT('',(-78.60309107258,114.4196588855,
    7.787115292517));
#1897 = CARTESIAN_POINT('',(-78.61780521921,114.32447024598,
    7.903766420931));
#1898 = CARTESIAN_POINT('',(-78.63245453206,114.22828579867,
    8.019606607326));
#1899 = CARTESIAN_POINT('',(-78.64704018934,114.13109744027,
    8.134612098745));
#1900 = CARTESIAN_POINT('',(-78.66156337928,114.03289716415,
    8.248758178383));
#1901 = CARTESIAN_POINT('',(-78.67602529202,113.9336771345,8.36201908058
    ));
#1902 = CARTESIAN_POINT('',(-78.73090713401,113.55165872336,
    8.790153210314));
#1903 = CARTESIAN_POINT('',(-78.77091032639,113.26178581847,
    9.098716809535));
#1904 = CARTESIAN_POINT('',(-78.81046664645,112.96361934267,
    9.399490436145));
#1905 = CARTESIAN_POINT('',(-78.84960316177,112.65699575138,
    9.691815681404));
#1906 = CARTESIAN_POINT('',(-78.88834509738,112.34178398366,
    9.97494908958));
#1907 = CARTESIAN_POINT('',(-78.92671617472,112.01789130554,
    10.248068216285));
#1908 = CARTESIAN_POINT('',(-78.96473827575,111.68527044305,
    10.510278919989));
#1909 = CARTESIAN_POINT('',(-79.03221540436,111.07419349827,
    10.958450691098));
#1910 = CARTESIAN_POINT('',(-79.06179194071,110.79903460777,
    11.148852107538));
#1911 = CARTESIAN_POINT('',(-79.09116931389,110.518457772,
    11.331356964121));
#1912 = CARTESIAN_POINT('',(-79.12035318606,110.23251292024,
    11.505453469756));
#1913 = CARTESIAN_POINT('',(-79.14934542761,109.94130076464,
    11.670598483093));
#1914 = CARTESIAN_POINT('',(-79.17814371894,109.64497887109,
    11.826228089399));
#1915 = CARTESIAN_POINT('',(-79.20674060835,109.34377211333,
    11.971771135038));
#1916 = CARTESIAN_POINT('',(-79.25861212672,108.78490630673,
    12.218318089636));
#1917 = CARTESIAN_POINT('',(-79.28193227168,108.52892931041,
    12.322568785965));
#1918 = CARTESIAN_POINT('',(-79.30509799397,108.2699956427,
    12.419236665909));
#1919 = CARTESIAN_POINT('',(-79.32810407926,108.0082479586,
    12.508030436098));
#1920 = CARTESIAN_POINT('',(-79.35092704517,107.74402925718,
    12.588590557337));
#1921 = CARTESIAN_POINT('',(-79.37351756194,107.4780129526,
    12.660548273109));
#1922 = CARTESIAN_POINT('',(-79.39580562799,107.21114758442,
    12.723571913762));
#1923 = CARTESIAN_POINT('',(-79.42571845237,106.84720096695,
    12.797354198252));
#1924 = CARTESIAN_POINT('',(-79.43370705436,106.74941770145,
    12.815963553704));
#1925 = CARTESIAN_POINT('',(-79.44162039866,106.6519775439,
    12.833305114163));
#1926 = CARTESIAN_POINT('',(-79.44944410432,106.55507071715,
    12.849360115589));
#1927 = CARTESIAN_POINT('',(-79.45715264456,106.45903034334,
    12.864097389615));
#1928 = CARTESIAN_POINT('',(-79.46470916423,106.36434305228,
    12.877489804483));
#1929 = CARTESIAN_POINT('',(-79.47206712581,106.27163464601,
    12.889530355893));
#1930 = CARTESIAN_POINT('',(-79.47983635133,106.1732355039,
    12.901238263249));
#1931 = CARTESIAN_POINT('',(-79.48049395183,106.16490267958,
    12.902221033926));
#1932 = CARTESIAN_POINT('',(-79.48115172377,106.15656356091,
    12.903195910476));
#1933 = CARTESIAN_POINT('',(-79.48180592527,106.1482655695,
    12.904157308224));
#1934 = CARTESIAN_POINT('',(-79.48246033231,106.13996091173,
    12.905110972109));
#1935 = CARTESIAN_POINT('',(-79.48311202178,106.13168664049,
    12.906052553595));
#1936 = CARTESIAN_POINT('',(-79.48376261837,106.12342220985,
    12.906984558105));
#1937 = CARTESIAN_POINT('',(-79.48627646667,106.09147354343,
    12.910554747622));
#1938 = CARTESIAN_POINT('',(-79.48812813818,106.06790714205,
    12.913118304115));
#1939 = CARTESIAN_POINT('',(-79.48996607266,106.0444826874,
    12.915597518282));
#1940 = CARTESIAN_POINT('',(-79.49178990119,106.02120563963,
    12.917993297412));
#1941 = CARTESIAN_POINT('',(-79.49359928345,105.99808111996,
    12.920306646852));
#1942 = CARTESIAN_POINT('',(-79.49539390771,105.97511391075,
    12.922538670009));
#1943 = CARTESIAN_POINT('',(-79.4971734908,105.95230845546,
    12.924690568352));
#1944 = CARTESIAN_POINT('',(-79.50626512079,105.83564328832,
    12.935373366127));
#1945 = CARTESIAN_POINT('',(-79.51333400764,105.74440953127,
    12.942629685957));
#1946 = CARTESIAN_POINT('',(-79.52011790394,105.65636565883,
    12.948610981044));
#1947 = CARTESIAN_POINT('',(-79.5266144037,105.57160990997,
    12.953446113488));
#1948 = CARTESIAN_POINT('',(-79.53284547205,105.4899185371,
    12.957276071864));
#1949 = CARTESIAN_POINT('',(-79.53885133839,105.41081404658,
    12.960225417093));
#1950 = CARTESIAN_POINT('',(-79.54468321251,105.33365492437,
    12.962385272299));
#1951 = CARTESIAN_POINT('',(-79.5517708204,105.23945944952,
    12.964151134449));
#1952 = CARTESIAN_POINT('',(-79.55313508315,105.22130818887,
    12.964450380071));
#1953 = CARTESIAN_POINT('',(-79.55449361116,105.20321342675,
    12.964708075641));
#1954 = CARTESIAN_POINT('',(-79.55584724105,105.18516424015,
    12.964924821609));
#1955 = CARTESIAN_POINT('',(-79.55719681881,105.16714951114,
    12.965101079399));
#1956 = CARTESIAN_POINT('',(-79.55854319982,105.14915792691,
    12.965237171408));
#1957 = CARTESIAN_POINT('',(-79.55988724883,105.13117797973,
    12.965333281008));
#1958 = CARTESIAN_POINT('',(-79.56325429279,105.08608644312,
    12.965474142005));
#1959 = CARTESIAN_POINT('',(-79.56527534839,105.05897587976,
    12.965468031988));
#1960 = CARTESIAN_POINT('',(-79.56729605947,105.0318253914,
    12.965371237667));
#1961 = CARTESIAN_POINT('',(-79.56931939054,105.00459490799,
    12.965183136144));
#1962 = CARTESIAN_POINT('',(-79.57134821798,104.97724517488,
    12.964902366454));
#1963 = CARTESIAN_POINT('',(-79.57338533006,104.94973775281,
    12.964526829565));
#1964 = CARTESIAN_POINT('',(-79.57543342691,104.92203501791,
    12.964053688377));
#1965 = CARTESIAN_POINT('',(-79.57907893456,104.87264031717,
    12.963038160598));
#1966 = CARTESIAN_POINT('',(-79.58067071102,104.85104433911,
    12.962537296252));
#1967 = CARTESIAN_POINT('',(-79.58227161824,104.82929574122,
    12.961975129992));
#1968 = CARTESIAN_POINT('',(-79.58388273234,104.80737917601,
    12.961349822967));
#1969 = CARTESIAN_POINT('',(-79.58550503719,104.78528043488,
    12.960659342158));
#1970 = CARTESIAN_POINT('',(-79.58713942446,104.76298644802,
    12.959901460383));
#1971 = CARTESIAN_POINT('',(-79.58878669362,104.74048528452,
    12.959073756294));
#1972 = CARTESIAN_POINT('',(-79.5938877341,104.67070739074,
    12.956309152126));
#1973 = CARTESIAN_POINT('',(-79.5973865401,104.62270911813,
    12.954133841831));
#1974 = CARTESIAN_POINT('',(-79.6009494805,104.57368617858,
    12.95162520024));
#1975 = CARTESIAN_POINT('',(-79.60458025,104.52357647972,12.948758235131
    ));
#1976 = CARTESIAN_POINT('',(-79.60828025454,104.47234798149,
    12.945506812371));
#1977 = CARTESIAN_POINT('',(-79.61204834765,104.42000306887,
    12.941845398102));
#1978 = CARTESIAN_POINT('',(-79.61588077626,104.36658030859,
    12.93775117604));
#1979 = CARTESIAN_POINT('',(-79.62786512376,104.19892609164,
    12.923752037422));
#1980 = CARTESIAN_POINT('',(-79.63621653424,104.08126901136,
    12.912340956082));
#1981 = CARTESIAN_POINT('',(-79.64476962995,103.95984644559,
    12.898810425775));
#1982 = CARTESIAN_POINT('',(-79.65345484585,103.83553018,12.883052792893
    ));
#1983 = CARTESIAN_POINT('',(-79.66220669645,103.7091713709,
    12.865034967791));
#1984 = CARTESIAN_POINT('',(-79.67097353277,103.58145791905,
    12.844773273989));
#1985 = CARTESIAN_POINT('',(-79.67972043805,103.45285651302,
    12.82229357609));
#1986 = CARTESIAN_POINT('',(-79.68918641118,103.31235707458,
    12.795451183493));
#1987 = CARTESIAN_POINT('',(-79.68994616696,103.30107100589,
    12.79327906195));
#1988 = CARTESIAN_POINT('',(-79.69070567059,103.28977931209,
    12.791089908938));
#1989 = CARTESIAN_POINT('',(-79.69146494859,103.27848156779,
    12.788883608893));
#1990 = CARTESIAN_POINT('',(-79.69222400224,103.26717772352,
    12.786660120513));
#1991 = CARTESIAN_POINT('',(-79.69298280757,103.25586810575,
    12.78441947676));
#1992 = CARTESIAN_POINT('',(-79.69374131538,103.24455341687,
    12.782161784861));
#1993 = CARTESIAN_POINT('',(-79.6997831033,103.15435182352,
    12.764035256384));
#1994 = CARTESIAN_POINT('',(-79.70505088168,103.07524245327,
    12.747357882961));
#1995 = CARTESIAN_POINT('',(-79.71029606304,102.99599739751,
    12.729864215017));
#1996 = CARTESIAN_POINT('',(-79.71551317532,102.91669115646,
    12.711564751731));
#1997 = CARTESIAN_POINT('',(-79.72069786646,102.83738329712,
    12.692470535526));
#1998 = CARTESIAN_POINT('',(-79.72584677321,102.75811979287,
    12.67259230511));
#1999 = CARTESIAN_POINT('',(-79.73095738998,102.67893436299,
    12.651939648515));
#2000 = CARTESIAN_POINT('',(-79.7466109704,102.43478789026,
    12.585814327601));
#2001 = CARTESIAN_POINT('',(-79.75701794046,102.27018910205,
    12.537774619646));
#2002 = CARTESIAN_POINT('',(-79.76723306884,102.10625631233,
    12.486471845391));
#2003 = CARTESIAN_POINT('',(-79.77724456825,101.94313946271,
    12.431984131109));
#2004 = CARTESIAN_POINT('',(-79.78704326808,101.78095252786,
    12.374392579335));
#2005 = CARTESIAN_POINT('',(-79.79662199154,101.61978062044,
    12.313777678693));
#2006 = CARTESIAN_POINT('',(-79.80597525508,101.459682753,
    12.250216174902));
#2007 = CARTESIAN_POINT('',(-79.82464831788,101.13428792699,
    12.114239013397));
#2008 = CARTESIAN_POINT('',(-79.83394520595,100.969114034,
    12.041555649115));
#2009 = CARTESIAN_POINT('',(-79.84298382881,100.80523291227,
    11.965816698055));
#2010 = CARTESIAN_POINT('',(-79.85175919059,100.64269346219,
    11.88711202784));
#2011 = CARTESIAN_POINT('',(-79.86026689821,100.48153603953,
    11.805531626681));
#2012 = CARTESIAN_POINT('',(-79.86850308357,100.321793509,
    11.721164643526));
#2013 = CARTESIAN_POINT('',(-79.87646434526,100.16349196966,
    11.634098541928));
#2014 = CARTESIAN_POINT('',(-79.9094614688,99.48992040237,
    11.248956354122));
#2015 = CARTESIAN_POINT('',(-79.9317517304,98.989188953358,
    10.925201941813));
#2016 = CARTESIAN_POINT('',(-79.95092209701,98.505003239156,
    10.576141199232));
#2017 = CARTESIAN_POINT('',(-79.96690457902,98.037530273174,
    10.204613275991));
#2018 = CARTESIAN_POINT('',(-79.97965654019,97.586678720876,
    9.813198016661));
#2019 = CARTESIAN_POINT('',(-79.98915808167,97.152141536023,
    9.404156334314));
#2020 = CARTESIAN_POINT('',(-79.99540308583,96.733443874087,
    8.97938011248));
#2021 = CARTESIAN_POINT('',(-79.99902431963,96.243911728074,
    8.446705148066));
#2022 = CARTESIAN_POINT('',(-79.99951257238,96.158546466548,
    8.352414215609));
#2023 = CARTESIAN_POINT('',(-79.99985242618,96.073873615223,
    8.257495445308));
#2024 = CARTESIAN_POINT('',(-80.00004387493,95.989888334135,
    8.16196423152));
#2025 = CARTESIAN_POINT('',(-80.00008692468,95.90658573177,
    8.065835475558));
#2026 = CARTESIAN_POINT('',(-79.99998159362,95.823960865077,
    7.969123585687));
#2027 = CARTESIAN_POINT('',(-79.99972791211,95.742008739455,
    7.871842477131));
#2028 = CARTESIAN_POINT('',(-79.99803942276,95.400591477544,
    7.460900051848));
#2029 = CARTESIAN_POINT('',(-79.99523405978,95.147302620938,
    7.142109456491));
#2030 = CARTESIAN_POINT('',(-79.99091104845,94.900685475672,
    6.818065052976));
#2031 = CARTESIAN_POINT('',(-79.98507263034,94.66057449568,
    6.489160433969));
#2032 = CARTESIAN_POINT('',(-79.97772178693,94.426809774954,
    6.155752340485));
#2033 = CARTESIAN_POINT('',(-79.96886195262,94.199235970396,
    5.818161484547));
#2034 = CARTESIAN_POINT('',(-79.95849672779,93.977701224671,
    5.476673371851));
#2035 = CARTESIAN_POINT('',(-79.93275920874,93.510009684741,
    4.728145111336));
#2036 = CARTESIAN_POINT('',(-79.91683762203,93.266019131954,
    4.319786563123));
#2037 = CARTESIAN_POINT('',(-79.89887039943,93.029848998179,
    3.906867280719));
#2038 = CARTESIAN_POINT('',(-79.87886379059,92.801283828904,
    3.489753174282));
#2039 = CARTESIAN_POINT('',(-79.85682442006,92.580125544608,
    3.068773719964));
#2040 = CARTESIAN_POINT('',(-79.83275898019,92.366190837767,
    2.644223416669));
#2041 = CARTESIAN_POINT('',(-79.80667392404,92.159308569851,
    2.216363242821));
#2042 = CARTESIAN_POINT('',(-79.6847902174,91.291809302172,
    0.347075606167));
#2043 = CARTESIAN_POINT('',(-79.56863199885,90.701500303777,
    -1.12466910906));
#2044 = CARTESIAN_POINT('',(-79.43029567991,90.181769687739,
    -2.622297708586));
#2045 = CARTESIAN_POINT('',(-79.26996760433,89.728937478904,
    -4.139833280073));
#2046 = CARTESIAN_POINT('',(-79.0879345581,89.340440445949,
    -5.672283309446));
#2047 = CARTESIAN_POINT('',(-78.88452827147,89.014798325345,
    -7.215620386422));
#2048 = CARTESIAN_POINT('',(-78.6600837392,88.751323821849,
    -8.76668300998));
#2049 = CARTESIAN_POINT('',(-78.30816931798,88.46297951866,
    -11.00024126339));
#2050 = CARTESIAN_POINT('',(-78.19758715806,88.387425693749,
    -11.67815469308));
#2051 = CARTESIAN_POINT('',(-78.08312389802,88.323748709036,
    -12.35671820366));
#2052 = CARTESIAN_POINT('',(-77.96481675956,88.272012277493,
    -13.03567608598));
#2053 = CARTESIAN_POINT('',(-77.84270773754,88.232312429136,
    -13.71476852813));
#2054 = CARTESIAN_POINT('',(-77.71684375693,88.204777083722,
    -14.39373158757));
#2055 = CARTESIAN_POINT('',(-77.58727682976,88.189565623444,
    -15.0722971631));
#2056 = CARTESIAN_POINT('',(-77.42161984208,88.186211604362,
    -15.91529669403));
#2057 = CARTESIAN_POINT('',(-77.388959292,88.186297108076,
    -16.08036029229));
#2058 = CARTESIAN_POINT('',(-77.35608341383,88.18712774076,
    -16.24537969816));
#2059 = CARTESIAN_POINT('',(-77.32299308702,88.188706380787,
    -16.410350793));
#2060 = CARTESIAN_POINT('',(-77.28968921847,88.191036020919,
    -16.57526940306));
#2061 = CARTESIAN_POINT('',(-77.25617274259,88.194119768302,
    -16.74013129954));
#2062 = CARTESIAN_POINT('',(-77.22244462122,88.19796084447,
    -16.90493219853));
#2063 = CARTESIAN_POINT('',(-77.17566085267,88.204304278825,
    -17.13201602889));
#2064 = CARTESIAN_POINT('',(-77.16334121791,88.206079386722,
    -17.19165881896));
#2065 = CARTESIAN_POINT('',(-77.15122087471,88.207917090832,
    -17.25020135071));
#2066 = CARTESIAN_POINT('',(-77.13907250042,88.209847658526,
    -17.30874811379));
#2067 = CARTESIAN_POINT('',(-77.12676933091,88.211895169976,
    -17.36790446679));
#2068 = CARTESIAN_POINT('',(-77.11428697696,88.214070245384,
    -17.42777823593));
#2069 = CARTESIAN_POINT('',(-77.10170524068,88.216362772211,
    -17.48798131376));
#2070 = CARTESIAN_POINT('',(-77.07812568031,88.220838663448,
    -17.60054508437));
#2071 = CARTESIAN_POINT('',(-77.06673722395,88.223075700716,
    -17.65480057215));
#2072 = CARTESIAN_POINT('',(-77.05521880869,88.225419719408,
    -17.70955580534));
#2073 = CARTESIAN_POINT('',(-77.04368939994,88.227848298134,
    -17.76424285371));
#2074 = CARTESIAN_POINT('',(-77.03221166404,88.230346310743,
    -17.8185675137));
#2075 = CARTESIAN_POINT('',(-77.02079094958,88.232909618161,
    -17.87250904935));
#2076 = CARTESIAN_POINT('',(-77.00937426871,88.235548760212,
    -17.92631993338));
#2077 = CARTESIAN_POINT('',(-76.95758552445,88.247878721256,
    -18.16989868567));
#2078 = CARTESIAN_POINT('',(-76.9170476761,88.258493979021,
    -18.35916166415));
#2079 = CARTESIAN_POINT('',(-76.87623734521,88.270144181908,
    -18.54830781849));
#2080 = CARTESIAN_POINT('',(-76.83515637098,88.282835259339,
    -18.73732952034));
#2081 = CARTESIAN_POINT('',(-76.79380644814,88.296573399008,
    -18.92621997221));
#2082 = CARTESIAN_POINT('',(-76.75218954046,88.311364950768,
    -19.11497126956));
#2083 = CARTESIAN_POINT('',(-76.71030753503,88.327216512221,
    -19.30357603073));
#2084 = CARTESIAN_POINT('',(-76.62405290292,88.361841853793,
    -19.68926083827));
#2085 = CARTESIAN_POINT('',(-76.57965518736,88.380717407977,
    -19.88632613481));
#2086 = CARTESIAN_POINT('',(-76.53497161489,88.400769333437,
    -20.08321332938));
#2087 = CARTESIAN_POINT('',(-76.49000458368,88.422005682872,
    -20.27991325101));
#2088 = CARTESIAN_POINT('',(-76.44475659154,88.444434771294,
    -20.47641648203));
#2089 = CARTESIAN_POINT('',(-76.39923023595,88.468065176033,
    -20.67271335805));
#2090 = CARTESIAN_POINT('',(-76.35342821402,88.492905736734,
    -20.86879396801));
#2091 = CARTESIAN_POINT('',(-76.19079103092,88.584892891238,
    -21.5601286912));
#2092 = CARTESIAN_POINT('',(-76.07248322132,88.658622988397,
    -22.05415653813));
#2093 = CARTESIAN_POINT('',(-75.95247424856,88.740304168447,
    -22.54657143821));
#2094 = CARTESIAN_POINT('',(-75.83081399291,88.830094920315,
    -23.0371974101));
#2095 = CARTESIAN_POINT('',(-75.70755815724,88.928164472329,
    -23.52584270049));
#2096 = CARTESIAN_POINT('',(-75.58276856409,89.034693364306,
    -24.01229973695));
#2097 = CARTESIAN_POINT('',(-75.45651345278,89.149874019644,
    -24.49634508063));
#2098 = CARTESIAN_POINT('',(-75.17024658875,89.428048535835,
    -25.57595260457));
#2099 = CARTESIAN_POINT('',(-75.00948452589,89.595856513758,
    -26.17004743856));
#2100 = CARTESIAN_POINT('',(-74.84672147597,89.777731162061,
    -26.75958083577));
#2101 = CARTESIAN_POINT('',(-74.6821223426,89.974093272079,
    -27.34403492147));
#2102 = CARTESIAN_POINT('',(-74.51587889053,90.18538509317,
    -27.92281867016));
#2103 = CARTESIAN_POINT('',(-74.34821136257,90.412069809554,
    -28.49526847353));
#2104 = CARTESIAN_POINT('',(-74.17936986774,90.654633916401,
    -29.06064759741));
#2105 = CARTESIAN_POINT('',(-73.80856852383,91.22035442137,
    -30.27855453971));
#2106 = CARTESIAN_POINT('',(-73.6062843215,91.550068114442,
    -30.92778619891));
#2107 = CARTESIAN_POINT('',(-73.40322802502,91.903610899586,
    -31.56457330614));
#2108 = CARTESIAN_POINT('',(-73.19995639864,92.2818531258,
    -32.18732459547));
#2109 = CARTESIAN_POINT('',(-72.99714334125,92.685625117388,
    -32.79414619025));
#2110 = CARTESIAN_POINT('',(-72.79558221299,93.115688058108,
    -33.38286054742));
#2111 = CARTESIAN_POINT('',(-72.59618502675,93.572708807998,
    -33.95102189035));
#2112 = CARTESIAN_POINT('',(-72.26000337008,94.402905803987,
    -34.88466809442));
#2113 = CARTESIAN_POINT('',(-72.12167306952,94.762521740652,
    -35.26151418457));
#2114 = CARTESIAN_POINT('',(-71.9853668132,95.136262601661,
    -35.62547090388));
#2115 = CARTESIAN_POINT('',(-71.85151253198,95.524219315644,
    -35.97542569296));
#2116 = CARTESIAN_POINT('',(-71.72058338613,95.926380974632,
    -36.31016674738));
#2117 = CARTESIAN_POINT('',(-71.59309160687,96.342613312464,
    -36.62840584912));
#2118 = CARTESIAN_POINT('',(-71.46957967076,96.772632287989,
    -36.92880621189));
#2119 = CARTESIAN_POINT('',(-71.29111714476,97.437666142381,
    -37.35063464572));
#2120 = CARTESIAN_POINT('',(-71.23276184204,97.662687444298,
    -37.48645313747));
#2121 = CARTESIAN_POINT('',(-71.17561367046,97.89097538607,
    -37.61730046647));
#2122 = CARTESIAN_POINT('',(-71.1197446373,98.122456857852,
    -37.74300532527));
#2123 = CARTESIAN_POINT('',(-71.06522738689,98.357045915405,
    -37.86339714824));
#2124 = CARTESIAN_POINT('',(-71.01213460204,98.594642762769,
    -37.97830781142));
#2125 = CARTESIAN_POINT('',(-70.96053840544,98.835132734949,
    -38.08757333251));
#2126 = CARTESIAN_POINT('',(-70.81089860262,99.562721163425,
    -38.39703737015));
#2127 = CARTESIAN_POINT('',(-70.71748294422,100.05809967816,
    -38.58007213579));
#2128 = CARTESIAN_POINT('',(-70.63084897664,100.56338867481,
    -38.73883055591));
#2129 = CARTESIAN_POINT('',(-70.55153122998,101.07730500239,
    -38.87218066326));
#2130 = CARTESIAN_POINT('',(-70.4800001619,101.59840904677,
    -38.97918719463));
#2131 = CARTESIAN_POINT('',(-70.41664663195,102.12509549406,
    -39.05914706685));
#2132 = CARTESIAN_POINT('',(-70.36176326174,102.65558031931,
    -39.11164096907));
#2133 = CARTESIAN_POINT('',(-70.29586713886,103.41415002918,
    -39.14721109928));
#2134 = CARTESIAN_POINT('',(-70.27777153314,103.64076610236,
    -39.15284675855));
#2135 = CARTESIAN_POINT('',(-70.26124842983,103.86759062434,
    -39.15350261611));
#2136 = CARTESIAN_POINT('',(-70.24630644074,104.09448365479,
    -39.14918312701));
#2137 = CARTESIAN_POINT('',(-70.23295022372,104.32130690896,
    -39.13990263446));
#2138 = CARTESIAN_POINT('',(-70.22118048271,104.54792375768,
    -39.12568536981));
#2139 = CARTESIAN_POINT('',(-70.21099396768,104.77419922737,
    -39.10656545252));
#2140 = CARTESIAN_POINT('',(-70.20238347465,105.,-39.08258689019));
#2141 = ( BOUNDED_SURFACE() B_SPLINE_SURFACE(2,2,(
    (#2142,#2143,#2144,#2145,#2146)
    ,(#2147,#2148,#2149,#2150,#2151)
    ,(#2152,#2153,#2154,#2155,#2156)
    ,(#2157,#2158,#2159,#2160,#2161)
    ,(#2162,#2163,#2164,#2165,#2166)
    ,(#2167,#2168,#2169,#2170,#2171)
    ,(#2172,#2173,#2174,#2175,#2176
)),.UNSPECIFIED.,.T.,.F.,.F.) B_SPLINE_SURFACE_WITH_KNOTS((1,2,2,2,2,1),
  (3,2,3),(-2.094395102393,0.,2.094395102393,4.188790204786,
    6.28318530718,8.377580409573),(-1.570796326795,0.,1.570796326795),
.UNSPECIFIED.) GEOMETRIC_REPRESENTATION_ITEM() RATIONAL_B_SPLINE_SURFACE
((
    (1.,0.707106781187,1.,0.707106781187,1.)
    ,(0.5,0.353553390593,0.5,0.353553390593,0.5)
    ,(1.,0.707106781187,1.,0.707106781187,1.)
    ,(0.5,0.353553390593,0.5,0.353553390593,0.5)
    ,(1.,0.707106781187,1.,0.707106781187,1.)
    ,(0.5,0.353553390593,0.5,0.353553390593,0.5)
,(1.,0.707106781187,1.,0.707106781187,1.
))) REPRESENTATION_ITEM('') SURFACE() );
#2142 = CARTESIAN_POINT('',(4.898587196589E-15,96.,-92.));
#2143 = CARTESIAN_POINT('',(80.,96.,-92.));
#2144 = CARTESIAN_POINT('',(80.,96.,8.));
#2145 = CARTESIAN_POINT('',(80.,96.,108.));
#2146 = CARTESIAN_POINT('',(4.898587196589E-15,96.,108.));
#2147 = CARTESIAN_POINT('',(4.898587196589E-15,96.,-92.));
#2148 = CARTESIAN_POINT('',(80.,267.47302994931,-92.));
#2149 = CARTESIAN_POINT('',(80.,267.47302994931,8.));
#2150 = CARTESIAN_POINT('',(80.,267.47302994931,108.));
#2151 = CARTESIAN_POINT('',(4.898587196589E-15,96.,108.));
#2152 = CARTESIAN_POINT('',(-2.449293598295E-15,96.,-92.));
#2153 = CARTESIAN_POINT('',(-40.,181.73651497465,-92.));
#2154 = CARTESIAN_POINT('',(-40.,181.73651497465,8.));
#2155 = CARTESIAN_POINT('',(-40.,181.73651497465,108.));
#2156 = CARTESIAN_POINT('',(-2.449293598295E-15,96.,108.));
#2157 = CARTESIAN_POINT('',(-9.797174393179E-15,96.,-92.));
#2158 = CARTESIAN_POINT('',(-160.,96.,-92.));
#2159 = CARTESIAN_POINT('',(-160.,96.,8.));
#2160 = CARTESIAN_POINT('',(-160.,96.,108.));
#2161 = CARTESIAN_POINT('',(-9.797174393179E-15,96.,108.));
#2162 = CARTESIAN_POINT('',(-2.449293598295E-15,96.,-92.));
#2163 = CARTESIAN_POINT('',(-40.,10.263485025341,-92.));
#2164 = CARTESIAN_POINT('',(-40.,10.263485025341,8.));
#2165 = CARTESIAN_POINT('',(-40.,10.263485025341,108.));
#2166 = CARTESIAN_POINT('',(-2.449293598295E-15,96.,108.));
#2167 = CARTESIAN_POINT('',(4.898587196589E-15,96.,-92.));
#2168 = CARTESIAN_POINT('',(80.,-75.47302994931,-92.));
#2169 = CARTESIAN_POINT('',(80.,-75.47302994931,8.));
#2170 = CARTESIAN_POINT('',(80.,-75.47302994931,108.));
#2171 = CARTESIAN_POINT('',(4.898587196589E-15,96.,108.));
#2172 = CARTESIAN_POINT('',(4.898587196589E-15,96.,-92.));
#2173 = CARTESIAN_POINT('',(80.,96.,-92.));
#2174 = CARTESIAN_POINT('',(80.,96.,8.));
#2175 = CARTESIAN_POINT('',(80.,96.,108.));
#2176 = CARTESIAN_POINT('',(4.898587196589E-15,96.,108.));
#2177 = ADVANCED_FACE('',(#2178),#2193,.T.);
#2178 = FACE_BOUND('',#2179,.T.);
#2179 = EDGE_LOOP('',(#2180,#2181,#2191,#2192));
#2180 = ORIENTED_EDGE('',*,*,#1424,.F.);
#2181 = ORIENTED_EDGE('',*,*,#2182,.F.);
#2182 = EDGE_CURVE('',#2183,#1082,#2185,.T.);
#2183 = VERTEX_POINT('',#2184);
#2184 = CARTESIAN_POINT('',(4.347496136973E-15,55.,-119.));
#2185 = ( BOUNDED_CURVE() B_SPLINE_CURVE(2,(#2186,#2187,#2188,#2189,
#2190),.UNSPECIFIED.,.F.,.F.) B_SPLINE_CURVE_WITH_KNOTS((3,2,3),(
    4.712388980385,6.28318530718,7.853981633974),
.PIECEWISE_BEZIER_KNOTS.) CURVE() GEOMETRIC_REPRESENTATION_ITEM() 
RATIONAL_B_SPLINE_CURVE((1.,0.707106781187,1.,0.707106781187,1.)) 
REPRESENTATION_ITEM('') );
#2186 = CARTESIAN_POINT('',(-1.304248841092E-14,55.,-119.));
#2187 = CARTESIAN_POINT('',(71.,55.,-119.));
#2188 = CARTESIAN_POINT('',(71.,55.,-45.));
#2189 = CARTESIAN_POINT('',(71.,55.,29.));
#2190 = CARTESIAN_POINT('',(2.173748068487E-14,55.,29.));
#2191 = ORIENTED_EDGE('',*,*,#2182,.T.);
#2192 = ORIENTED_EDGE('',*,*,#1079,.F.);
#2193 = ( BOUNDED_SURFACE() B_SPLINE_SURFACE(2,2,(
    (#2194,#2195,#2196,#2197,#2198)
    ,(#2199,#2200,#2201,#2202,#2203)
    ,(#2204,#2205,#2206,#2207,#2208)
    ,(#2209,#2210,#2211,#2212,#2213)
    ,(#2214,#2215,#2216,#2217,#2218)
    ,(#2219,#2220,#2221,#2222,#2223)
    ,(#2224,#2225,#2226,#2227,#2228
)),.UNSPECIFIED.,.T.,.F.,.F.) B_SPLINE_SURFACE_WITH_KNOTS((1,2,2,2,2,1),
  (3,2,3),(-2.094395102393,0.,2.094395102393,4.188790204786,
    6.28318530718,8.377580409573),(-1.570796326795,0.,1.570796326795),
.UNSPECIFIED.) GEOMETRIC_REPRESENTATION_ITEM() RATIONAL_B_SPLINE_SURFACE
((
    (1.,0.707106781187,1.,0.707106781187,1.)
    ,(0.5,0.353553390593,0.5,0.353553390593,0.5)
    ,(1.,0.707106781187,1.,0.707106781187,1.)
    ,(0.5,0.353553390593,0.5,0.353553390593,0.5)
    ,(1.,0.707106781187,1.,0.707106781187,1.)
    ,(0.5,0.353553390593,0.5,0.353553390593,0.5)
,(1.,0.707106781187,1.,0.707106781187,1.
))) REPRESENTATION_ITEM('') SURFACE() );
#2194 = CARTESIAN_POINT('',(4.347496136973E-15,55.,-119.));
#2195 = CARTESIAN_POINT('',(71.,55.,-119.));
#2196 = CARTESIAN_POINT('',(71.,55.,-45.));
#2197 = CARTESIAN_POINT('',(71.,55.,29.));
#2198 = CARTESIAN_POINT('',(4.347496136973E-15,55.,29.));
#2199 = CARTESIAN_POINT('',(4.347496136973E-15,55.,-119.));
#2200 = CARTESIAN_POINT('',(71.,155.45894683899,-119.));
#2201 = CARTESIAN_POINT('',(71.,155.45894683899,-45.));
#2202 = CARTESIAN_POINT('',(71.,155.45894683899,29.));
#2203 = CARTESIAN_POINT('',(4.347496136973E-15,55.,29.));
#2204 = CARTESIAN_POINT('',(-2.173748068487E-15,55.,-119.));
#2205 = CARTESIAN_POINT('',(-35.5,105.22947341949,-119.));
#2206 = CARTESIAN_POINT('',(-35.5,105.22947341949,-45.));
#2207 = CARTESIAN_POINT('',(-35.5,105.22947341949,29.));
#2208 = CARTESIAN_POINT('',(-2.173748068487E-15,55.,29.));
#2209 = CARTESIAN_POINT('',(-8.694992273946E-15,55.,-119.));
#2210 = CARTESIAN_POINT('',(-142.,55.,-119.));
#2211 = CARTESIAN_POINT('',(-142.,55.,-45.));
#2212 = CARTESIAN_POINT('',(-142.,55.,29.));
#2213 = CARTESIAN_POINT('',(-8.694992273946E-15,55.,29.));
#2214 = CARTESIAN_POINT('',(-2.173748068487E-15,55.,-119.));
#2215 = CARTESIAN_POINT('',(-35.5,4.770526580503,-119.));
#2216 = CARTESIAN_POINT('',(-35.5,4.770526580503,-45.));
#2217 = CARTESIAN_POINT('',(-35.5,4.770526580503,29.));
#2218 = CARTESIAN_POINT('',(-2.173748068487E-15,55.,29.));
#2219 = CARTESIAN_POINT('',(4.347496136973E-15,55.,-119.));
#2220 = CARTESIAN_POINT('',(71.,-45.45894683899,-119.));
#2221 = CARTESIAN_POINT('',(71.,-45.45894683899,-45.));
#2222 = CARTESIAN_POINT('',(71.,-45.45894683899,29.));
#2223 = CARTESIAN_POINT('',(4.347496136973E-15,55.,29.));
#2224 = CARTESIAN_POINT('',(4.347496136973E-15,55.,-119.));
#2225 = CARTESIAN_POINT('',(71.,55.,-119.));
#2226 = CARTESIAN_POINT('',(71.,55.,-45.));
#2227 = CARTESIAN_POINT('',(71.,55.,29.));
#2228 = CARTESIAN_POINT('',(4.347496136973E-15,55.,29.));
#2229 = ADVANCED_FACE('',(#2230),#2246,.T.);
#2230 = FACE_BOUND('',#2231,.T.);
#2231 = EDGE_LOOP('',(#2232,#2233,#2243,#2244,#2245));
#2232 = ORIENTED_EDGE('',*,*,#1644,.F.);
#2233 = ORIENTED_EDGE('',*,*,#2234,.F.);
#2234 = EDGE_CURVE('',#2235,#1596,#2237,.T.);
#2235 = VERTEX_POINT('',#2236);
#2236 = CARTESIAN_POINT('',(79.,105.,-49.));
#2237 = ( BOUNDED_CURVE() B_SPLINE_CURVE(2,(#2238,#2239,#2240,#2241,
#2242),.UNSPECIFIED.,.F.,.F.) B_SPLINE_CURVE_WITH_KNOTS((3,2,3),(
    4.712388980385,6.28318530718,7.853981633974),
.PIECEWISE_BEZIER_KNOTS.) CURVE() GEOMETRIC_REPRESENTATION_ITEM() 
RATIONAL_B_SPLINE_CURVE((1.,0.707106781187,1.,0.707106781187,1.)) 
REPRESENTATION_ITEM('') );
#2238 = CARTESIAN_POINT('',(79.,105.,-49.));
#2239 = CARTESIAN_POINT('',(91.,105.,-49.));
#2240 = CARTESIAN_POINT('',(91.,105.,-18.));
#2241 = CARTESIAN_POINT('',(91.,105.,13.));
#2242 = CARTESIAN_POINT('',(79.,105.,13.));
#2243 = ORIENTED_EDGE('',*,*,#2234,.T.);
#2244 = ORIENTED_EDGE('',*,*,#1595,.F.);
#2245 = ORIENTED_EDGE('',*,*,#1493,.F.);
#2246 = ( BOUNDED_SURFACE() B_SPLINE_SURFACE(2,2,(
    (#2247,#2248,#2249,#2250,#2251)
    ,(#2252,#2253,#2254,#2255,#2256)
    ,(#2257,#2258,#2259,#2260,#2261)
    ,(#2262,#2263,#2264,#2265,#2266)
    ,(#2267,#2268,#2269,#2270,#2271)
    ,(#2272,#2273,#2274,#2275,#2276)
    ,(#2277,#2278,#2279,#2280,#2281
)),.UNSPECIFIED.,.T.,.F.,.F.) B_SPLINE_SURFACE_WITH_KNOTS((1,2,2,2,2,1),
  (3,2,3),(-2.094395102393,0.,2.094395102393,4.188790204786,
    6.28318530718,8.377580409573),(-1.570796326795,0.,1.570796326795),
.UNSPECIFIED.) GEOMETRIC_REPRESENTATION_ITEM() RATIONAL_B_SPLINE_SURFACE
((
    (1.,0.707106781187,1.,0.707106781187,1.)
    ,(0.5,0.353553390593,0.5,0.353553390593,0.5)
    ,(1.,0.707106781187,1.,0.707106781187,1.)
    ,(0.5,0.353553390593,0.5,0.353553390593,0.5)
    ,(1.,0.707106781187,1.,0.707106781187,1.)
    ,(0.5,0.353553390593,0.5,0.353553390593,0.5)
,(1.,0.707106781187,1.,0.707106781187,1.
))) REPRESENTATION_ITEM('') SURFACE() );
#2247 = CARTESIAN_POINT('',(79.,105.,-49.));
#2248 = CARTESIAN_POINT('',(91.,105.,-49.));
#2249 = CARTESIAN_POINT('',(91.,105.,-18.));
#2250 = CARTESIAN_POINT('',(91.,105.,13.));
#2251 = CARTESIAN_POINT('',(79.,105.,13.));
#2252 = CARTESIAN_POINT('',(79.,105.,-49.));
#2253 = CARTESIAN_POINT('',(91.,134.44486372867,-49.));
#2254 = CARTESIAN_POINT('',(91.,134.44486372867,-18.));
#2255 = CARTESIAN_POINT('',(91.,134.44486372867,13.));
#2256 = CARTESIAN_POINT('',(79.,105.,13.));
#2257 = CARTESIAN_POINT('',(79.,105.,-49.));
#2258 = CARTESIAN_POINT('',(73.,119.72243186433,-49.));
#2259 = CARTESIAN_POINT('',(73.,119.72243186433,-18.));
#2260 = CARTESIAN_POINT('',(73.,119.72243186433,13.));
#2261 = CARTESIAN_POINT('',(79.,105.,13.));
#2262 = CARTESIAN_POINT('',(79.,105.,-49.));
#2263 = CARTESIAN_POINT('',(55.,105.,-49.));
#2264 = CARTESIAN_POINT('',(55.,105.,-18.));
#2265 = CARTESIAN_POINT('',(55.,105.,13.));
#2266 = CARTESIAN_POINT('',(79.,105.,13.));
#2267 = CARTESIAN_POINT('',(79.,105.,-49.));
#2268 = CARTESIAN_POINT('',(73.,90.277568135665,-49.));
#2269 = CARTESIAN_POINT('',(73.,90.277568135665,-18.));
#2270 = CARTESIAN_POINT('',(73.,90.277568135665,13.));
#2271 = CARTESIAN_POINT('',(79.,105.,13.));
#2272 = CARTESIAN_POINT('',(79.,105.,-49.));
#2273 = CARTESIAN_POINT('',(91.,75.555136271329,-49.));
#2274 = CARTESIAN_POINT('',(91.,75.555136271329,-18.));
#2275 = CARTESIAN_POINT('',(91.,75.555136271329,13.));
#2276 = CARTESIAN_POINT('',(79.,105.,13.));
#2277 = CARTESIAN_POINT('',(79.,105.,-49.));
#2278 = CARTESIAN_POINT('',(91.,105.,-49.));
#2279 = CARTESIAN_POINT('',(91.,105.,-18.));
#2280 = CARTESIAN_POINT('',(91.,105.,13.));
#2281 = CARTESIAN_POINT('',(79.,105.,13.));
#2282 = ADVANCED_FACE('',(#2283),#2297,.T.);
#2283 = FACE_BOUND('',#2284,.T.);
#2284 = EDGE_LOOP('',(#2285,#2286,#2296));
#2285 = ORIENTED_EDGE('',*,*,#1806,.F.);
#2286 = ORIENTED_EDGE('',*,*,#2287,.F.);
#2287 = EDGE_CURVE('',#2288,#1807,#2290,.T.);
#2288 = VERTEX_POINT('',#2289);
#2289 = CARTESIAN_POINT('',(-79.,105.,-49.));
#2290 = ( BOUNDED_CURVE() B_SPLINE_CURVE(2,(#2291,#2292,#2293,#2294,
#2295),.UNSPECIFIED.,.F.,.F.) B_SPLINE_CURVE_WITH_KNOTS((3,2,3),(
    4.712388980385,6.28318530718,7.853981633974),
.PIECEWISE_BEZIER_KNOTS.) CURVE() GEOMETRIC_REPRESENTATION_ITEM() 
RATIONAL_B_SPLINE_CURVE((1.,0.707106781187,1.,0.707106781187,1.)) 
REPRESENTATION_ITEM('') );
#2291 = CARTESIAN_POINT('',(-79.,105.,-49.));
#2292 = CARTESIAN_POINT('',(-67.,105.,-49.));
#2293 = CARTESIAN_POINT('',(-67.,105.,-18.));
#2294 = CARTESIAN_POINT('',(-67.,105.,13.));
#2295 = CARTESIAN_POINT('',(-79.,105.,13.));
#2296 = ORIENTED_EDGE('',*,*,#2287,.T.);
#2297 = ( BOUNDED_SURFACE() B_SPLINE_SURFACE(2,2,(
    (#2298,#2299,#2300,#2301,#2302)
    ,(#2303,#2304,#2305,#2306,#2307)
    ,(#2308,#2309,#2310,#2311,#2312)
    ,(#2313,#2314,#2315,#2316,#2317)
    ,(#2318,#2319,#2320,#2321,#2322)
    ,(#2323,#2324,#2325,#2326,#2327)
    ,(#2328,#2329,#2330,#2331,#2332
)),.UNSPECIFIED.,.T.,.F.,.F.) B_SPLINE_SURFACE_WITH_KNOTS((1,2,2,2,2,1),
  (3,2,3),(-2.094395102393,0.,2.094395102393,4.188790204786,
    6.28318530718,8.377580409573),(-1.570796326795,0.,1.570796326795),
.UNSPECIFIED.) GEOMETRIC_REPRESENTATION_ITEM() RATIONAL_B_SPLINE_SURFACE
((
    (1.,0.707106781187,1.,0.707106781187,1.)
    ,(0.5,0.353553390593,0.5,0.353553390593,0.5)
    ,(1.,0.707106781187,1.,0.707106781187,1.)
    ,(0.5,0.353553390593,0.5,0.353553390593,0.5)
    ,(1.,0.707106781187,1.,0.707106781187,1.)
    ,(0.5,0.353553390593,0.5,0.353553390593,0.5)
,(1.,0.707106781187,1.,0.707106781187,1.
))) REPRESENTATION_ITEM('') SURFACE() );
#2298 = CARTESIAN_POINT('',(-79.,105.,-49.));
#2299 = CARTESIAN_POINT('',(-67.,105.,-49.));
#2300 = CARTESIAN_POINT('',(-67.,105.,-18.));
#2301 = CARTESIAN_POINT('',(-67.,105.,13.));
#2302 = CARTESIAN_POINT('',(-79.,105.,13.));
#2303 = CARTESIAN_POINT('',(-79.,105.,-49.));
#2304 = CARTESIAN_POINT('',(-67.,134.44486372867,-49.));
#2305 = CARTESIAN_POINT('',(-67.,134.44486372867,-18.));
#2306 = CARTESIAN_POINT('',(-67.,134.44486372867,13.));
#2307 = CARTESIAN_POINT('',(-79.,105.,13.));
#2308 = CARTESIAN_POINT('',(-79.,105.,-49.));
#2309 = CARTESIAN_POINT('',(-85.,119.72243186433,-49.));
#2310 = CARTESIAN_POINT('',(-85.,119.72243186433,-18.));
#2311 = CARTESIAN_POINT('',(-85.,119.72243186433,13.));
#2312 = CARTESIAN_POINT('',(-79.,105.,13.));
#2313 = CARTESIAN_POINT('',(-79.,105.,-49.));
#2314 = CARTESIAN_POINT('',(-103.,105.,-49.));
#2315 = CARTESIAN_POINT('',(-103.,105.,-18.));
#2316 = CARTESIAN_POINT('',(-103.,105.,13.));
#2317 = CARTESIAN_POINT('',(-79.,105.,13.));
#2318 = CARTESIAN_POINT('',(-79.,105.,-49.));
#2319 = CARTESIAN_POINT('',(-85.,90.277568135665,-49.));
#2320 = CARTESIAN_POINT('',(-85.,90.277568135665,-18.));
#2321 = CARTESIAN_POINT('',(-85.,90.277568135665,13.));
#2322 = CARTESIAN_POINT('',(-79.,105.,13.));
#2323 = CARTESIAN_POINT('',(-79.,105.,-49.));
#2324 = CARTESIAN_POINT('',(-67.,75.555136271329,-49.));
#2325 = CARTESIAN_POINT('',(-67.,75.555136271329,-18.));
#2326 = CARTESIAN_POINT('',(-67.,75.555136271329,13.));
#2327 = CARTESIAN_POINT('',(-79.,105.,13.));
#2328 = CARTESIAN_POINT('',(-79.,105.,-49.));
#2329 = CARTESIAN_POINT('',(-67.,105.,-49.));
#2330 = CARTESIAN_POINT('',(-67.,105.,-18.));
#2331 = CARTESIAN_POINT('',(-67.,105.,13.));
#2332 = CARTESIAN_POINT('',(-79.,105.,13.));
#2333 = MANIFOLD_SOLID_BREP('',#2334);
#2334 = CLOSED_SHELL('',(#2335,#2375,#2438,#2469,#2532,#2549,#2566,#2597
    ,#2619,#2636,#2653,#2684,#2715,#2739,#2756,#2787,#2811,#2842,#2866,
    #2920,#2937,#2968,#2992,#3009,#3033,#3087,#3111,#3142,#3173,#3195,
    #3217,#3234,#3246,#3263,#3280,#3292,#3309,#3321,#3352,#3408,#3464,
    #3481,#3503,#3566,#3590,#3646,#3663,#3685,#3707,#3724,#3736,#3758,
    #3775,#3797,#3809,#3826,#3843,#3874,#3898,#3929,#3953,#3977,#4001,
    #4018,#4035,#4047));
#2335 = ADVANCED_FACE('',(#2336),#2370,.F.);
#2336 = FACE_BOUND('',#2337,.F.);
#2337 = EDGE_LOOP('',(#2338,#2348,#2356,#2364));
#2338 = ORIENTED_EDGE('',*,*,#2339,.F.);
#2339 = EDGE_CURVE('',#2340,#2342,#2344,.T.);
#2340 = VERTEX_POINT('',#2341);
#2341 = CARTESIAN_POINT('',(-64.,0.,-22.));
#2342 = VERTEX_POINT('',#2343);
#2343 = CARTESIAN_POINT('',(-64.,0.,-4.));
#2344 = LINE('',#2345,#2346);
#2345 = CARTESIAN_POINT('',(-64.,0.,-22.));
#2346 = VECTOR('',#2347,1.);
#2347 = DIRECTION('',(0.,0.,1.));
#2348 = ORIENTED_EDGE('',*,*,#2349,.T.);
#2349 = EDGE_CURVE('',#2340,#2350,#2352,.T.);
#2350 = VERTEX_POINT('',#2351);
#2351 = CARTESIAN_POINT('',(-64.,4.,-22.));
#2352 = LINE('',#2353,#2354);
#2353 = CARTESIAN_POINT('',(-64.,0.,-22.));
#2354 = VECTOR('',#2355,1.);
#2355 = DIRECTION('',(0.,1.,0.));
#2356 = ORIENTED_EDGE('',*,*,#2357,.T.);
#2357 = EDGE_CURVE('',#2350,#2358,#2360,.T.);
#2358 = VERTEX_POINT('',#2359);
#2359 = CARTESIAN_POINT('',(-64.,4.,-4.));
#2360 = LINE('',#2361,#2362);
#2361 = CARTESIAN_POINT('',(-64.,4.,-22.));
#2362 = VECTOR('',#2363,1.);
#2363 = DIRECTION('',(0.,0.,1.));
#2364 = ORIENTED_EDGE('',*,*,#2365,.T.);
#2365 = EDGE_CURVE('',#2358,#2342,#2366,.T.);
#2366 = LINE('',#2367,#2368);
#2367 = CARTESIAN_POINT('',(-64.,0.,-4.));
#2368 = VECTOR('',#2369,1.);
#2369 = DIRECTION('',(0.,-1.,0.));
#2370 = PLANE('',#2371);
#2371 = AXIS2_PLACEMENT_3D('',#2372,#2373,#2374);
#2372 = CARTESIAN_POINT('',(-64.,0.,-22.));
#2373 = DIRECTION('',(1.,0.,0.));
#2374 = DIRECTION('',(0.,0.,1.));
#2375 = ADVANCED_FACE('',(#2376),#2433,.F.);
#2376 = FACE_BOUND('',#2377,.F.);
#2377 = EDGE_LOOP('',(#2378,#2388,#2394,#2395,#2403,#2411,#2419,#2427));
#2378 = ORIENTED_EDGE('',*,*,#2379,.F.);
#2379 = EDGE_CURVE('',#2380,#2382,#2384,.T.);
#2380 = VERTEX_POINT('',#2381);
#2381 = CARTESIAN_POINT('',(-6.,0.,-22.));
#2382 = VERTEX_POINT('',#2383);
#2383 = CARTESIAN_POINT('',(-6.,0.,5.));
#2384 = LINE('',#2385,#2386);
#2385 = CARTESIAN_POINT('',(-6.,0.,-22.));
#2386 = VECTOR('',#2387,1.);
#2387 = DIRECTION('',(0.,0.,1.));
#2388 = ORIENTED_EDGE('',*,*,#2389,.F.);
#2389 = EDGE_CURVE('',#2340,#2380,#2390,.T.);
#2390 = LINE('',#2391,#2392);
#2391 = CARTESIAN_POINT('',(-64.,0.,-22.));
#2392 = VECTOR('',#2393,1.);
#2393 = DIRECTION('',(1.,0.,0.));
#2394 = ORIENTED_EDGE('',*,*,#2339,.T.);
#2395 = ORIENTED_EDGE('',*,*,#2396,.T.);
#2396 = EDGE_CURVE('',#2342,#2397,#2399,.T.);
#2397 = VERTEX_POINT('',#2398);
#2398 = CARTESIAN_POINT('',(-61.,0.,-4.));
#2399 = LINE('',#2400,#2401);
#2400 = CARTESIAN_POINT('',(-76.,0.,-4.));
#2401 = VECTOR('',#2402,1.);
#2402 = DIRECTION('',(1.,0.,0.));
#2403 = ORIENTED_EDGE('',*,*,#2404,.T.);
#2404 = EDGE_CURVE('',#2397,#2405,#2407,.T.);
#2405 = VERTEX_POINT('',#2406);
#2406 = CARTESIAN_POINT('',(-61.,0.,-19.));
#2407 = LINE('',#2408,#2409);
#2408 = CARTESIAN_POINT('',(-61.,0.,-20.5));
#2409 = VECTOR('',#2410,1.);
#2410 = DIRECTION('',(0.,0.,-1.));
#2411 = ORIENTED_EDGE('',*,*,#2412,.T.);
#2412 = EDGE_CURVE('',#2405,#2413,#2415,.T.);
#2413 = VERTEX_POINT('',#2414);
#2414 = CARTESIAN_POINT('',(-9.,0.,-19.));
#2415 = LINE('',#2416,#2417);
#2416 = CARTESIAN_POINT('',(-62.5,0.,-19.));
#2417 = VECTOR('',#2418,1.);
#2418 = DIRECTION('',(1.,0.,0.));
#2419 = ORIENTED_EDGE('',*,*,#2420,.F.);
#2420 = EDGE_CURVE('',#2421,#2413,#2423,.T.);
#2421 = VERTEX_POINT('',#2422);
#2422 = CARTESIAN_POINT('',(-9.,0.,5.));
#2423 = LINE('',#2424,#2425);
#2424 = CARTESIAN_POINT('',(-9.,0.,-20.5));
#2425 = VECTOR('',#2426,1.);
#2426 = DIRECTION('',(0.,0.,-1.));
#2427 = ORIENTED_EDGE('',*,*,#2428,.T.);
#2428 = EDGE_CURVE('',#2421,#2382,#2429,.T.);
#2429 = LINE('',#2430,#2431);
#2430 = CARTESIAN_POINT('',(-9.,0.,5.));
#2431 = VECTOR('',#2432,1.);
#2432 = DIRECTION('',(1.,0.,0.));
#2433 = PLANE('',#2434);
#2434 = AXIS2_PLACEMENT_3D('',#2435,#2436,#2437);
#2435 = CARTESIAN_POINT('',(-64.,0.,-22.));
#2436 = DIRECTION('',(0.,1.,0.));
#2437 = DIRECTION('',(0.,0.,1.));
#2438 = ADVANCED_FACE('',(#2439),#2464,.F.);
#2439 = FACE_BOUND('',#2440,.F.);
#2440 = EDGE_LOOP('',(#2441,#2449,#2457,#2463));
#2441 = ORIENTED_EDGE('',*,*,#2442,.F.);
#2442 = EDGE_CURVE('',#2443,#2358,#2445,.T.);
#2443 = VERTEX_POINT('',#2444);
#2444 = CARTESIAN_POINT('',(-76.,4.,-4.));
#2445 = LINE('',#2446,#2447);
#2446 = CARTESIAN_POINT('',(-76.,4.,-4.));
#2447 = VECTOR('',#2448,1.);
#2448 = DIRECTION('',(1.,0.,0.));
#2449 = ORIENTED_EDGE('',*,*,#2450,.F.);
#2450 = EDGE_CURVE('',#2451,#2443,#2453,.T.);
#2451 = VERTEX_POINT('',#2452);
#2452 = CARTESIAN_POINT('',(-76.,0.,-4.));
#2453 = LINE('',#2454,#2455);
#2454 = CARTESIAN_POINT('',(-76.,0.,-4.));
#2455 = VECTOR('',#2456,1.);
#2456 = DIRECTION('',(0.,1.,0.));
#2457 = ORIENTED_EDGE('',*,*,#2458,.T.);
#2458 = EDGE_CURVE('',#2451,#2342,#2459,.T.);
#2459 = LINE('',#2460,#2461);
#2460 = CARTESIAN_POINT('',(-76.,0.,-4.));
#2461 = VECTOR('',#2462,1.);
#2462 = DIRECTION('',(1.,0.,0.));
#2463 = ORIENTED_EDGE('',*,*,#2365,.F.);
#2464 = PLANE('',#2465);
#2465 = AXIS2_PLACEMENT_3D('',#2466,#2467,#2468);
#2466 = CARTESIAN_POINT('',(-76.,0.,-4.));
#2467 = DIRECTION('',(0.,0.,1.));
#2468 = DIRECTION('',(1.,0.,0.));
#2469 = ADVANCED_FACE('',(#2470),#2527,.T.);
#2470 = FACE_BOUND('',#2471,.T.);
#2471 = EDGE_LOOP('',(#2472,#2482,#2488,#2489,#2497,#2505,#2513,#2521));
#2472 = ORIENTED_EDGE('',*,*,#2473,.F.);
#2473 = EDGE_CURVE('',#2474,#2476,#2478,.T.);
#2474 = VERTEX_POINT('',#2475);
#2475 = CARTESIAN_POINT('',(-6.,4.,-22.));
#2476 = VERTEX_POINT('',#2477);
#2477 = CARTESIAN_POINT('',(-6.,4.,5.));
#2478 = LINE('',#2479,#2480);
#2479 = CARTESIAN_POINT('',(-6.,4.,-22.));
#2480 = VECTOR('',#2481,1.);
#2481 = DIRECTION('',(0.,0.,1.));
#2482 = ORIENTED_EDGE('',*,*,#2483,.F.);
#2483 = EDGE_CURVE('',#2350,#2474,#2484,.T.);
#2484 = LINE('',#2485,#2486);
#2485 = CARTESIAN_POINT('',(-64.,4.,-22.));
#2486 = VECTOR('',#2487,1.);
#2487 = DIRECTION('',(1.,0.,0.));
#2488 = ORIENTED_EDGE('',*,*,#2357,.T.);
#2489 = ORIENTED_EDGE('',*,*,#2490,.T.);
#2490 = EDGE_CURVE('',#2358,#2491,#2493,.T.);
#2491 = VERTEX_POINT('',#2492);
#2492 = CARTESIAN_POINT('',(-61.,4.,-4.));
#2493 = LINE('',#2494,#2495);
#2494 = CARTESIAN_POINT('',(-76.,4.,-4.));
#2495 = VECTOR('',#2496,1.);
#2496 = DIRECTION('',(1.,0.,0.));
#2497 = ORIENTED_EDGE('',*,*,#2498,.T.);
#2498 = EDGE_CURVE('',#2491,#2499,#2501,.T.);
#2499 = VERTEX_POINT('',#2500);
#2500 = CARTESIAN_POINT('',(-61.,4.,-19.));
#2501 = LINE('',#2502,#2503);
#2502 = CARTESIAN_POINT('',(-61.,4.,-20.5));
#2503 = VECTOR('',#2504,1.);
#2504 = DIRECTION('',(0.,0.,-1.));
#2505 = ORIENTED_EDGE('',*,*,#2506,.T.);
#2506 = EDGE_CURVE('',#2499,#2507,#2509,.T.);
#2507 = VERTEX_POINT('',#2508);
#2508 = CARTESIAN_POINT('',(-9.,4.,-19.));
#2509 = LINE('',#2510,#2511);
#2510 = CARTESIAN_POINT('',(-62.5,4.,-19.));
#2511 = VECTOR('',#2512,1.);
#2512 = DIRECTION('',(1.,0.,0.));
#2513 = ORIENTED_EDGE('',*,*,#2514,.F.);
#2514 = EDGE_CURVE('',#2515,#2507,#2517,.T.);
#2515 = VERTEX_POINT('',#2516);
#2516 = CARTESIAN_POINT('',(-9.,4.,5.));
#2517 = LINE('',#2518,#2519);
#2518 = CARTESIAN_POINT('',(-9.,4.,-20.5));
#2519 = VECTOR('',#2520,1.);
#2520 = DIRECTION('',(0.,0.,-1.));
#2521 = ORIENTED_EDGE('',*,*,#2522,.T.);
#2522 = EDGE_CURVE('',#2515,#2476,#2523,.T.);
#2523 = LINE('',#2524,#2525);
#2524 = CARTESIAN_POINT('',(-9.,4.,5.));
#2525 = VECTOR('',#2526,1.);
#2526 = DIRECTION('',(1.,0.,0.));
#2527 = PLANE('',#2528);
#2528 = AXIS2_PLACEMENT_3D('',#2529,#2530,#2531);
#2529 = CARTESIAN_POINT('',(-64.,4.,-22.));
#2530 = DIRECTION('',(0.,1.,0.));
#2531 = DIRECTION('',(0.,0.,1.));
#2532 = ADVANCED_FACE('',(#2533),#2544,.F.);
#2533 = FACE_BOUND('',#2534,.F.);
#2534 = EDGE_LOOP('',(#2535,#2536,#2537,#2543));
#2535 = ORIENTED_EDGE('',*,*,#2349,.F.);
#2536 = ORIENTED_EDGE('',*,*,#2389,.T.);
#2537 = ORIENTED_EDGE('',*,*,#2538,.T.);
#2538 = EDGE_CURVE('',#2380,#2474,#2539,.T.);
#2539 = LINE('',#2540,#2541);
#2540 = CARTESIAN_POINT('',(-6.,0.,-22.));
#2541 = VECTOR('',#2542,1.);
#2542 = DIRECTION('',(0.,1.,0.));
#2543 = ORIENTED_EDGE('',*,*,#2483,.F.);
#2544 = PLANE('',#2545);
#2545 = AXIS2_PLACEMENT_3D('',#2546,#2547,#2548);
#2546 = CARTESIAN_POINT('',(-64.,0.,-22.));
#2547 = DIRECTION('',(0.,0.,1.));
#2548 = DIRECTION('',(1.,0.,0.));
#2549 = ADVANCED_FACE('',(#2550),#2561,.T.);
#2550 = FACE_BOUND('',#2551,.T.);
#2551 = EDGE_LOOP('',(#2552,#2553,#2554,#2555));
#2552 = ORIENTED_EDGE('',*,*,#2379,.F.);
#2553 = ORIENTED_EDGE('',*,*,#2538,.T.);
#2554 = ORIENTED_EDGE('',*,*,#2473,.T.);
#2555 = ORIENTED_EDGE('',*,*,#2556,.T.);
#2556 = EDGE_CURVE('',#2476,#2382,#2557,.T.);
#2557 = LINE('',#2558,#2559);
#2558 = CARTESIAN_POINT('',(-6.,0.,5.));
#2559 = VECTOR('',#2560,1.);
#2560 = DIRECTION('',(0.,-1.,0.));
#2561 = PLANE('',#2562);
#2562 = AXIS2_PLACEMENT_3D('',#2563,#2564,#2565);
#2563 = CARTESIAN_POINT('',(-6.,0.,-22.));
#2564 = DIRECTION('',(1.,0.,0.));
#2565 = DIRECTION('',(0.,0.,1.));
#2566 = ADVANCED_FACE('',(#2567),#2592,.F.);
#2567 = FACE_BOUND('',#2568,.F.);
#2568 = EDGE_LOOP('',(#2569,#2577,#2578,#2586));
#2569 = ORIENTED_EDGE('',*,*,#2570,.F.);
#2570 = EDGE_CURVE('',#2382,#2571,#2573,.T.);
#2571 = VERTEX_POINT('',#2572);
#2572 = CARTESIAN_POINT('',(-6.,0.,11.));
#2573 = LINE('',#2574,#2575);
#2574 = CARTESIAN_POINT('',(-6.,0.,-22.));
#2575 = VECTOR('',#2576,1.);
#2576 = DIRECTION('',(0.,0.,1.));
#2577 = ORIENTED_EDGE('',*,*,#2428,.F.);
#2578 = ORIENTED_EDGE('',*,*,#2579,.F.);
#2579 = EDGE_CURVE('',#2580,#2421,#2582,.T.);
#2580 = VERTEX_POINT('',#2581);
#2581 = CARTESIAN_POINT('',(-9.,0.,11.));
#2582 = LINE('',#2583,#2584);
#2583 = CARTESIAN_POINT('',(-9.,0.,-20.5));
#2584 = VECTOR('',#2585,1.);
#2585 = DIRECTION('',(0.,0.,-1.));
#2586 = ORIENTED_EDGE('',*,*,#2587,.T.);
#2587 = EDGE_CURVE('',#2580,#2571,#2588,.T.);
#2588 = LINE('',#2589,#2590);
#2589 = CARTESIAN_POINT('',(-9.,0.,11.));
#2590 = VECTOR('',#2591,1.);
#2591 = DIRECTION('',(1.,0.,0.));
#2592 = PLANE('',#2593);
#2593 = AXIS2_PLACEMENT_3D('',#2594,#2595,#2596);
#2594 = CARTESIAN_POINT('',(-64.,0.,-22.));
#2595 = DIRECTION('',(0.,1.,0.));
#2596 = DIRECTION('',(0.,0.,1.));
#2597 = ADVANCED_FACE('',(#2598),#2614,.F.);
#2598 = FACE_BOUND('',#2599,.F.);
#2599 = EDGE_LOOP('',(#2600,#2606,#2607,#2613));
#2600 = ORIENTED_EDGE('',*,*,#2601,.F.);
#2601 = EDGE_CURVE('',#2421,#2515,#2602,.T.);
#2602 = LINE('',#2603,#2604);
#2603 = CARTESIAN_POINT('',(-9.,0.,5.));
#2604 = VECTOR('',#2605,1.);
#2605 = DIRECTION('',(0.,1.,0.));
#2606 = ORIENTED_EDGE('',*,*,#2420,.T.);
#2607 = ORIENTED_EDGE('',*,*,#2608,.T.);
#2608 = EDGE_CURVE('',#2413,#2507,#2609,.T.);
#2609 = LINE('',#2610,#2611);
#2610 = CARTESIAN_POINT('',(-9.,-1.,-19.));
#2611 = VECTOR('',#2612,1.);
#2612 = DIRECTION('',(0.,1.,0.));
#2613 = ORIENTED_EDGE('',*,*,#2514,.F.);
#2614 = PLANE('',#2615);
#2615 = AXIS2_PLACEMENT_3D('',#2616,#2617,#2618);
#2616 = CARTESIAN_POINT('',(-9.,-1.,-19.));
#2617 = DIRECTION('',(1.,0.,0.));
#2618 = DIRECTION('',(0.,0.,1.));
#2619 = ADVANCED_FACE('',(#2620),#2631,.T.);
#2620 = FACE_BOUND('',#2621,.T.);
#2621 = EDGE_LOOP('',(#2622,#2628,#2629,#2630));
#2622 = ORIENTED_EDGE('',*,*,#2623,.F.);
#2623 = EDGE_CURVE('',#2405,#2499,#2624,.T.);
#2624 = LINE('',#2625,#2626);
#2625 = CARTESIAN_POINT('',(-61.,-1.,-19.));
#2626 = VECTOR('',#2627,1.);
#2627 = DIRECTION('',(0.,1.,0.));
#2628 = ORIENTED_EDGE('',*,*,#2412,.T.);
#2629 = ORIENTED_EDGE('',*,*,#2608,.T.);
#2630 = ORIENTED_EDGE('',*,*,#2506,.F.);
#2631 = PLANE('',#2632);
#2632 = AXIS2_PLACEMENT_3D('',#2633,#2634,#2635);
#2633 = CARTESIAN_POINT('',(-61.,-1.,-19.));
#2634 = DIRECTION('',(0.,0.,1.));
#2635 = DIRECTION('',(1.,0.,0.));
#2636 = ADVANCED_FACE('',(#2637),#2648,.T.);
#2637 = FACE_BOUND('',#2638,.T.);
#2638 = EDGE_LOOP('',(#2639,#2645,#2646,#2647));
#2639 = ORIENTED_EDGE('',*,*,#2640,.T.);
#2640 = EDGE_CURVE('',#2491,#2397,#2641,.T.);
#2641 = LINE('',#2642,#2643);
#2642 = CARTESIAN_POINT('',(-61.,-0.5,-4.));
#2643 = VECTOR('',#2644,1.);
#2644 = DIRECTION('',(0.,-1.,0.));
#2645 = ORIENTED_EDGE('',*,*,#2404,.T.);
#2646 = ORIENTED_EDGE('',*,*,#2623,.T.);
#2647 = ORIENTED_EDGE('',*,*,#2498,.F.);
#2648 = PLANE('',#2649);
#2649 = AXIS2_PLACEMENT_3D('',#2650,#2651,#2652);
#2650 = CARTESIAN_POINT('',(-61.,-1.,-19.));
#2651 = DIRECTION('',(1.,0.,0.));
#2652 = DIRECTION('',(0.,0.,1.));
#2653 = ADVANCED_FACE('',(#2654),#2679,.F.);
#2654 = FACE_BOUND('',#2655,.F.);
#2655 = EDGE_LOOP('',(#2656,#2657,#2665,#2673));
#2656 = ORIENTED_EDGE('',*,*,#2396,.F.);
#2657 = ORIENTED_EDGE('',*,*,#2658,.T.);
#2658 = EDGE_CURVE('',#2342,#2659,#2661,.T.);
#2659 = VERTEX_POINT('',#2660);
#2660 = CARTESIAN_POINT('',(-64.,0.,4.));
#2661 = LINE('',#2662,#2663);
#2662 = CARTESIAN_POINT('',(-64.,0.,-22.));
#2663 = VECTOR('',#2664,1.);
#2664 = DIRECTION('',(0.,0.,1.));
#2665 = ORIENTED_EDGE('',*,*,#2666,.T.);
#2666 = EDGE_CURVE('',#2659,#2667,#2669,.T.);
#2667 = VERTEX_POINT('',#2668);
#2668 = CARTESIAN_POINT('',(-61.,0.,4.));
#2669 = LINE('',#2670,#2671);
#2670 = CARTESIAN_POINT('',(-76.,0.,4.));
#2671 = VECTOR('',#2672,1.);
#2672 = DIRECTION('',(1.,0.,0.));
#2673 = ORIENTED_EDGE('',*,*,#2674,.T.);
#2674 = EDGE_CURVE('',#2667,#2397,#2675,.T.);
#2675 = LINE('',#2676,#2677);
#2676 = CARTESIAN_POINT('',(-61.,0.,-20.5));
#2677 = VECTOR('',#2678,1.);
#2678 = DIRECTION('',(0.,0.,-1.));
#2679 = PLANE('',#2680);
#2680 = AXIS2_PLACEMENT_3D('',#2681,#2682,#2683);
#2681 = CARTESIAN_POINT('',(-64.,0.,-22.));
#2682 = DIRECTION('',(0.,1.,0.));
#2683 = DIRECTION('',(0.,0.,1.));
#2684 = ADVANCED_FACE('',(#2685),#2710,.T.);
#2685 = FACE_BOUND('',#2686,.T.);
#2686 = EDGE_LOOP('',(#2687,#2688,#2696,#2704));
#2687 = ORIENTED_EDGE('',*,*,#2442,.F.);
#2688 = ORIENTED_EDGE('',*,*,#2689,.T.);
#2689 = EDGE_CURVE('',#2443,#2690,#2692,.T.);
#2690 = VERTEX_POINT('',#2691);
#2691 = CARTESIAN_POINT('',(-76.,4.,4.));
#2692 = LINE('',#2693,#2694);
#2693 = CARTESIAN_POINT('',(-76.,4.,-4.));
#2694 = VECTOR('',#2695,1.);
#2695 = DIRECTION('',(0.,0.,1.));
#2696 = ORIENTED_EDGE('',*,*,#2697,.T.);
#2697 = EDGE_CURVE('',#2690,#2698,#2700,.T.);
#2698 = VERTEX_POINT('',#2699);
#2699 = CARTESIAN_POINT('',(-64.,4.,4.));
#2700 = LINE('',#2701,#2702);
#2701 = CARTESIAN_POINT('',(-76.,4.,4.));
#2702 = VECTOR('',#2703,1.);
#2703 = DIRECTION('',(1.,0.,0.));
#2704 = ORIENTED_EDGE('',*,*,#2705,.F.);
#2705 = EDGE_CURVE('',#2358,#2698,#2706,.T.);
#2706 = LINE('',#2707,#2708);
#2707 = CARTESIAN_POINT('',(-64.,4.,-22.));
#2708 = VECTOR('',#2709,1.);
#2709 = DIRECTION('',(0.,0.,1.));
#2710 = PLANE('',#2711);
#2711 = AXIS2_PLACEMENT_3D('',#2712,#2713,#2714);
#2712 = CARTESIAN_POINT('',(-76.,4.,-4.));
#2713 = DIRECTION('',(0.,1.,0.));
#2714 = DIRECTION('',(0.,0.,1.));
#2715 = ADVANCED_FACE('',(#2716),#2734,.F.);
#2716 = FACE_BOUND('',#2717,.F.);
#2717 = EDGE_LOOP('',(#2718,#2719,#2727,#2733));
#2718 = ORIENTED_EDGE('',*,*,#2458,.F.);
#2719 = ORIENTED_EDGE('',*,*,#2720,.T.);
#2720 = EDGE_CURVE('',#2451,#2721,#2723,.T.);
#2721 = VERTEX_POINT('',#2722);
#2722 = CARTESIAN_POINT('',(-76.,0.,4.));
#2723 = LINE('',#2724,#2725);
#2724 = CARTESIAN_POINT('',(-76.,0.,-4.));
#2725 = VECTOR('',#2726,1.);
#2726 = DIRECTION('',(0.,0.,1.));
#2727 = ORIENTED_EDGE('',*,*,#2728,.T.);
#2728 = EDGE_CURVE('',#2721,#2659,#2729,.T.);
#2729 = LINE('',#2730,#2731);
#2730 = CARTESIAN_POINT('',(-76.,0.,4.));
#2731 = VECTOR('',#2732,1.);
#2732 = DIRECTION('',(1.,0.,0.));
#2733 = ORIENTED_EDGE('',*,*,#2658,.F.);
#2734 = PLANE('',#2735);
#2735 = AXIS2_PLACEMENT_3D('',#2736,#2737,#2738);
#2736 = CARTESIAN_POINT('',(-76.,0.,-4.));
#2737 = DIRECTION('',(0.,1.,0.));
#2738 = DIRECTION('',(0.,0.,1.));
#2739 = ADVANCED_FACE('',(#2740),#2751,.F.);
#2740 = FACE_BOUND('',#2741,.F.);
#2741 = EDGE_LOOP('',(#2742,#2743,#2744,#2745));
#2742 = ORIENTED_EDGE('',*,*,#2720,.F.);
#2743 = ORIENTED_EDGE('',*,*,#2450,.T.);
#2744 = ORIENTED_EDGE('',*,*,#2689,.T.);
#2745 = ORIENTED_EDGE('',*,*,#2746,.F.);
#2746 = EDGE_CURVE('',#2721,#2690,#2747,.T.);
#2747 = LINE('',#2748,#2749);
#2748 = CARTESIAN_POINT('',(-76.,0.,4.));
#2749 = VECTOR('',#2750,1.);
#2750 = DIRECTION('',(0.,1.,0.));
#2751 = PLANE('',#2752);
#2752 = AXIS2_PLACEMENT_3D('',#2753,#2754,#2755);
#2753 = CARTESIAN_POINT('',(-76.,0.,-4.));
#2754 = DIRECTION('',(1.,0.,0.));
#2755 = DIRECTION('',(0.,0.,1.));
#2756 = ADVANCED_FACE('',(#2757),#2782,.T.);
#2757 = FACE_BOUND('',#2758,.T.);
#2758 = EDGE_LOOP('',(#2759,#2767,#2768,#2776));
#2759 = ORIENTED_EDGE('',*,*,#2760,.F.);
#2760 = EDGE_CURVE('',#2476,#2761,#2763,.T.);
#2761 = VERTEX_POINT('',#2762);
#2762 = CARTESIAN_POINT('',(-6.,4.,11.));
#2763 = LINE('',#2764,#2765);
#2764 = CARTESIAN_POINT('',(-6.,4.,-22.));
#2765 = VECTOR('',#2766,1.);
#2766 = DIRECTION('',(0.,0.,1.));
#2767 = ORIENTED_EDGE('',*,*,#2522,.F.);
#2768 = ORIENTED_EDGE('',*,*,#2769,.F.);
#2769 = EDGE_CURVE('',#2770,#2515,#2772,.T.);
#2770 = VERTEX_POINT('',#2771);
#2771 = CARTESIAN_POINT('',(-9.,4.,11.));
#2772 = LINE('',#2773,#2774);
#2773 = CARTESIAN_POINT('',(-9.,4.,-20.5));
#2774 = VECTOR('',#2775,1.);
#2775 = DIRECTION('',(0.,0.,-1.));
#2776 = ORIENTED_EDGE('',*,*,#2777,.T.);
#2777 = EDGE_CURVE('',#2770,#2761,#2778,.T.);
#2778 = LINE('',#2779,#2780);
#2779 = CARTESIAN_POINT('',(-9.,4.,11.));
#2780 = VECTOR('',#2781,1.);
#2781 = DIRECTION('',(1.,0.,0.));
#2782 = PLANE('',#2783);
#2783 = AXIS2_PLACEMENT_3D('',#2784,#2785,#2786);
#2784 = CARTESIAN_POINT('',(-64.,4.,-22.));
#2785 = DIRECTION('',(0.,1.,0.));
#2786 = DIRECTION('',(0.,0.,1.));
#2787 = ADVANCED_FACE('',(#2788),#2806,.T.);
#2788 = FACE_BOUND('',#2789,.T.);
#2789 = EDGE_LOOP('',(#2790,#2791,#2792,#2800));
#2790 = ORIENTED_EDGE('',*,*,#2490,.F.);
#2791 = ORIENTED_EDGE('',*,*,#2705,.T.);
#2792 = ORIENTED_EDGE('',*,*,#2793,.T.);
#2793 = EDGE_CURVE('',#2698,#2794,#2796,.T.);
#2794 = VERTEX_POINT('',#2795);
#2795 = CARTESIAN_POINT('',(-61.,4.,4.));
#2796 = LINE('',#2797,#2798);
#2797 = CARTESIAN_POINT('',(-76.,4.,4.));
#2798 = VECTOR('',#2799,1.);
#2799 = DIRECTION('',(1.,0.,0.));
#2800 = ORIENTED_EDGE('',*,*,#2801,.T.);
#2801 = EDGE_CURVE('',#2794,#2491,#2802,.T.);
#2802 = LINE('',#2803,#2804);
#2803 = CARTESIAN_POINT('',(-61.,4.,-20.5));
#2804 = VECTOR('',#2805,1.);
#2805 = DIRECTION('',(0.,0.,-1.));
#2806 = PLANE('',#2807);
#2807 = AXIS2_PLACEMENT_3D('',#2808,#2809,#2810);
#2808 = CARTESIAN_POINT('',(-64.,4.,-22.));
#2809 = DIRECTION('',(0.,1.,0.));
#2810 = DIRECTION('',(0.,0.,1.));
#2811 = ADVANCED_FACE('',(#2812),#2837,.F.);
#2812 = FACE_BOUND('',#2813,.F.);
#2813 = EDGE_LOOP('',(#2814,#2815,#2823,#2831));
#2814 = ORIENTED_EDGE('',*,*,#2556,.T.);
#2815 = ORIENTED_EDGE('',*,*,#2816,.T.);
#2816 = EDGE_CURVE('',#2382,#2817,#2819,.T.);
#2817 = VERTEX_POINT('',#2818);
#2818 = CARTESIAN_POINT('',(6.,0.,5.));
#2819 = LINE('',#2820,#2821);
#2820 = CARTESIAN_POINT('',(-9.,0.,5.));
#2821 = VECTOR('',#2822,1.);
#2822 = DIRECTION('',(1.,0.,0.));
#2823 = ORIENTED_EDGE('',*,*,#2824,.F.);
#2824 = EDGE_CURVE('',#2825,#2817,#2827,.T.);
#2825 = VERTEX_POINT('',#2826);
#2826 = CARTESIAN_POINT('',(6.,4.,5.));
#2827 = LINE('',#2828,#2829);
#2828 = CARTESIAN_POINT('',(6.,0.,5.));
#2829 = VECTOR('',#2830,1.);
#2830 = DIRECTION('',(0.,-1.,0.));
#2831 = ORIENTED_EDGE('',*,*,#2832,.F.);
#2832 = EDGE_CURVE('',#2476,#2825,#2833,.T.);
#2833 = LINE('',#2834,#2835);
#2834 = CARTESIAN_POINT('',(-9.,4.,5.));
#2835 = VECTOR('',#2836,1.);
#2836 = DIRECTION('',(1.,0.,0.));
#2837 = PLANE('',#2838);
#2838 = AXIS2_PLACEMENT_3D('',#2839,#2840,#2841);
#2839 = CARTESIAN_POINT('',(-9.,0.,5.));
#2840 = DIRECTION('',(0.,0.,1.));
#2841 = DIRECTION('',(1.,0.,0.));
#2842 = ADVANCED_FACE('',(#2843),#2861,.F.);
#2843 = FACE_BOUND('',#2844,.F.);
#2844 = EDGE_LOOP('',(#2845,#2846,#2847,#2855));
#2845 = ORIENTED_EDGE('',*,*,#2816,.F.);
#2846 = ORIENTED_EDGE('',*,*,#2570,.T.);
#2847 = ORIENTED_EDGE('',*,*,#2848,.T.);
#2848 = EDGE_CURVE('',#2571,#2849,#2851,.T.);
#2849 = VERTEX_POINT('',#2850);
#2850 = CARTESIAN_POINT('',(6.,0.,11.));
#2851 = LINE('',#2852,#2853);
#2852 = CARTESIAN_POINT('',(-9.,0.,11.));
#2853 = VECTOR('',#2854,1.);
#2854 = DIRECTION('',(1.,0.,0.));
#2855 = ORIENTED_EDGE('',*,*,#2856,.F.);
#2856 = EDGE_CURVE('',#2817,#2849,#2857,.T.);
#2857 = LINE('',#2858,#2859);
#2858 = CARTESIAN_POINT('',(6.,0.,-22.));
#2859 = VECTOR('',#2860,1.);
#2860 = DIRECTION('',(0.,0.,1.));
#2861 = PLANE('',#2862);
#2862 = AXIS2_PLACEMENT_3D('',#2863,#2864,#2865);
#2863 = CARTESIAN_POINT('',(-9.,0.,5.));
#2864 = DIRECTION('',(0.,1.,0.));
#2865 = DIRECTION('',(0.,0.,1.));
#2866 = ADVANCED_FACE('',(#2867),#2915,.F.);
#2867 = FACE_BOUND('',#2868,.F.);
#2868 = EDGE_LOOP('',(#2869,#2870,#2878,#2886,#2892,#2893,#2901,#2909));
#2869 = ORIENTED_EDGE('',*,*,#2666,.F.);
#2870 = ORIENTED_EDGE('',*,*,#2871,.T.);
#2871 = EDGE_CURVE('',#2659,#2872,#2874,.T.);
#2872 = VERTEX_POINT('',#2873);
#2873 = CARTESIAN_POINT('',(-64.,0.,22.));
#2874 = LINE('',#2875,#2876);
#2875 = CARTESIAN_POINT('',(-64.,0.,-22.));
#2876 = VECTOR('',#2877,1.);
#2877 = DIRECTION('',(0.,0.,1.));
#2878 = ORIENTED_EDGE('',*,*,#2879,.T.);
#2879 = EDGE_CURVE('',#2872,#2880,#2882,.T.);
#2880 = VERTEX_POINT('',#2881);
#2881 = CARTESIAN_POINT('',(-6.,0.,22.));
#2882 = LINE('',#2883,#2884);
#2883 = CARTESIAN_POINT('',(-64.,0.,22.));
#2884 = VECTOR('',#2885,1.);
#2885 = DIRECTION('',(1.,0.,0.));
#2886 = ORIENTED_EDGE('',*,*,#2887,.F.);
#2887 = EDGE_CURVE('',#2571,#2880,#2888,.T.);
#2888 = LINE('',#2889,#2890);
#2889 = CARTESIAN_POINT('',(-6.,0.,-22.));
#2890 = VECTOR('',#2891,1.);
#2891 = DIRECTION('',(0.,0.,1.));
#2892 = ORIENTED_EDGE('',*,*,#2587,.F.);
#2893 = ORIENTED_EDGE('',*,*,#2894,.F.);
#2894 = EDGE_CURVE('',#2895,#2580,#2897,.T.);
#2895 = VERTEX_POINT('',#2896);
#2896 = CARTESIAN_POINT('',(-9.,0.,19.));
#2897 = LINE('',#2898,#2899);
#2898 = CARTESIAN_POINT('',(-9.,0.,-20.5));
#2899 = VECTOR('',#2900,1.);
#2900 = DIRECTION('',(0.,0.,-1.));
#2901 = ORIENTED_EDGE('',*,*,#2902,.F.);
#2902 = EDGE_CURVE('',#2903,#2895,#2905,.T.);
#2903 = VERTEX_POINT('',#2904);
#2904 = CARTESIAN_POINT('',(-61.,0.,19.));
#2905 = LINE('',#2906,#2907);
#2906 = CARTESIAN_POINT('',(-62.5,0.,19.));
#2907 = VECTOR('',#2908,1.);
#2908 = DIRECTION('',(1.,0.,0.));
#2909 = ORIENTED_EDGE('',*,*,#2910,.T.);
#2910 = EDGE_CURVE('',#2903,#2667,#2911,.T.);
#2911 = LINE('',#2912,#2913);
#2912 = CARTESIAN_POINT('',(-61.,0.,-20.5));
#2913 = VECTOR('',#2914,1.);
#2914 = DIRECTION('',(0.,0.,-1.));
#2915 = PLANE('',#2916);
#2916 = AXIS2_PLACEMENT_3D('',#2917,#2918,#2919);
#2917 = CARTESIAN_POINT('',(-64.,0.,-22.));
#2918 = DIRECTION('',(0.,1.,0.));
#2919 = DIRECTION('',(0.,0.,1.));
#2920 = ADVANCED_FACE('',(#2921),#2932,.F.);
#2921 = FACE_BOUND('',#2922,.F.);
#2922 = EDGE_LOOP('',(#2923,#2929,#2930,#2931));
#2923 = ORIENTED_EDGE('',*,*,#2924,.F.);
#2924 = EDGE_CURVE('',#2580,#2770,#2925,.T.);
#2925 = LINE('',#2926,#2927);
#2926 = CARTESIAN_POINT('',(-9.,0.,11.));
#2927 = VECTOR('',#2928,1.);
#2928 = DIRECTION('',(0.,1.,0.));
#2929 = ORIENTED_EDGE('',*,*,#2579,.T.);
#2930 = ORIENTED_EDGE('',*,*,#2601,.T.);
#2931 = ORIENTED_EDGE('',*,*,#2769,.F.);
#2932 = PLANE('',#2933);
#2933 = AXIS2_PLACEMENT_3D('',#2934,#2935,#2936);
#2934 = CARTESIAN_POINT('',(-9.,-1.,-19.));
#2935 = DIRECTION('',(1.,0.,0.));
#2936 = DIRECTION('',(0.,0.,1.));
#2937 = ADVANCED_FACE('',(#2938),#2963,.F.);
#2938 = FACE_BOUND('',#2939,.F.);
#2939 = EDGE_LOOP('',(#2940,#2948,#2949,#2957));
#2940 = ORIENTED_EDGE('',*,*,#2941,.F.);
#2941 = EDGE_CURVE('',#2491,#2942,#2944,.T.);
#2942 = VERTEX_POINT('',#2943);
#2943 = CARTESIAN_POINT('',(-58.,4.,-4.));
#2944 = LINE('',#2945,#2946);
#2945 = CARTESIAN_POINT('',(-76.,4.,-4.));
#2946 = VECTOR('',#2947,1.);
#2947 = DIRECTION('',(1.,0.,0.));
#2948 = ORIENTED_EDGE('',*,*,#2640,.T.);
#2949 = ORIENTED_EDGE('',*,*,#2950,.T.);
#2950 = EDGE_CURVE('',#2397,#2951,#2953,.T.);
#2951 = VERTEX_POINT('',#2952);
#2952 = CARTESIAN_POINT('',(-58.,0.,-4.));
#2953 = LINE('',#2954,#2955);
#2954 = CARTESIAN_POINT('',(-76.,0.,-4.));
#2955 = VECTOR('',#2956,1.);
#2956 = DIRECTION('',(1.,0.,0.));
#2957 = ORIENTED_EDGE('',*,*,#2958,.T.);
#2958 = EDGE_CURVE('',#2951,#2942,#2959,.T.);
#2959 = LINE('',#2960,#2961);
#2960 = CARTESIAN_POINT('',(-58.,0.,-4.));
#2961 = VECTOR('',#2962,1.);
#2962 = DIRECTION('',(0.,1.,0.));
#2963 = PLANE('',#2964);
#2964 = AXIS2_PLACEMENT_3D('',#2965,#2966,#2967);
#2965 = CARTESIAN_POINT('',(-76.,0.,-4.));
#2966 = DIRECTION('',(0.,0.,1.));
#2967 = DIRECTION('',(1.,0.,0.));
#2968 = ADVANCED_FACE('',(#2969),#2987,.F.);
#2969 = FACE_BOUND('',#2970,.F.);
#2970 = EDGE_LOOP('',(#2971,#2972,#2973,#2981));
#2971 = ORIENTED_EDGE('',*,*,#2950,.F.);
#2972 = ORIENTED_EDGE('',*,*,#2674,.F.);
#2973 = ORIENTED_EDGE('',*,*,#2974,.T.);
#2974 = EDGE_CURVE('',#2667,#2975,#2977,.T.);
#2975 = VERTEX_POINT('',#2976);
#2976 = CARTESIAN_POINT('',(-58.,0.,4.));
#2977 = LINE('',#2978,#2979);
#2978 = CARTESIAN_POINT('',(-76.,0.,4.));
#2979 = VECTOR('',#2980,1.);
#2980 = DIRECTION('',(1.,0.,0.));
#2981 = ORIENTED_EDGE('',*,*,#2982,.F.);
#2982 = EDGE_CURVE('',#2951,#2975,#2983,.T.);
#2983 = LINE('',#2984,#2985);
#2984 = CARTESIAN_POINT('',(-58.,0.,-4.));
#2985 = VECTOR('',#2986,1.);
#2986 = DIRECTION('',(0.,0.,1.));
#2987 = PLANE('',#2988);
#2988 = AXIS2_PLACEMENT_3D('',#2989,#2990,#2991);
#2989 = CARTESIAN_POINT('',(-76.,0.,-4.));
#2990 = DIRECTION('',(0.,1.,0.));
#2991 = DIRECTION('',(0.,0.,1.));
#2992 = ADVANCED_FACE('',(#2993),#3004,.T.);
#2993 = FACE_BOUND('',#2994,.T.);
#2994 = EDGE_LOOP('',(#2995,#2996,#2997,#2998));
#2995 = ORIENTED_EDGE('',*,*,#2697,.F.);
#2996 = ORIENTED_EDGE('',*,*,#2746,.F.);
#2997 = ORIENTED_EDGE('',*,*,#2728,.T.);
#2998 = ORIENTED_EDGE('',*,*,#2999,.F.);
#2999 = EDGE_CURVE('',#2698,#2659,#3000,.T.);
#3000 = LINE('',#3001,#3002);
#3001 = CARTESIAN_POINT('',(-64.,0.,4.));
#3002 = VECTOR('',#3003,1.);
#3003 = DIRECTION('',(0.,-1.,0.));
#3004 = PLANE('',#3005);
#3005 = AXIS2_PLACEMENT_3D('',#3006,#3007,#3008);
#3006 = CARTESIAN_POINT('',(-76.,0.,4.));
#3007 = DIRECTION('',(0.,0.,1.));
#3008 = DIRECTION('',(1.,0.,0.));
#3009 = ADVANCED_FACE('',(#3010),#3028,.T.);
#3010 = FACE_BOUND('',#3011,.T.);
#3011 = EDGE_LOOP('',(#3012,#3013,#3014,#3022));
#3012 = ORIENTED_EDGE('',*,*,#2832,.F.);
#3013 = ORIENTED_EDGE('',*,*,#2760,.T.);
#3014 = ORIENTED_EDGE('',*,*,#3015,.T.);
#3015 = EDGE_CURVE('',#2761,#3016,#3018,.T.);
#3016 = VERTEX_POINT('',#3017);
#3017 = CARTESIAN_POINT('',(6.,4.,11.));
#3018 = LINE('',#3019,#3020);
#3019 = CARTESIAN_POINT('',(-9.,4.,11.));
#3020 = VECTOR('',#3021,1.);
#3021 = DIRECTION('',(1.,0.,0.));
#3022 = ORIENTED_EDGE('',*,*,#3023,.F.);
#3023 = EDGE_CURVE('',#2825,#3016,#3024,.T.);
#3024 = LINE('',#3025,#3026);
#3025 = CARTESIAN_POINT('',(6.,4.,-22.));
#3026 = VECTOR('',#3027,1.);
#3027 = DIRECTION('',(0.,0.,1.));
#3028 = PLANE('',#3029);
#3029 = AXIS2_PLACEMENT_3D('',#3030,#3031,#3032);
#3030 = CARTESIAN_POINT('',(-9.,4.,5.));
#3031 = DIRECTION('',(0.,1.,0.));
#3032 = DIRECTION('',(0.,0.,1.));
#3033 = ADVANCED_FACE('',(#3034),#3082,.T.);
#3034 = FACE_BOUND('',#3035,.T.);
#3035 = EDGE_LOOP('',(#3036,#3037,#3045,#3053,#3059,#3060,#3068,#3076));
#3036 = ORIENTED_EDGE('',*,*,#2793,.F.);
#3037 = ORIENTED_EDGE('',*,*,#3038,.T.);
#3038 = EDGE_CURVE('',#2698,#3039,#3041,.T.);
#3039 = VERTEX_POINT('',#3040);
#3040 = CARTESIAN_POINT('',(-64.,4.,22.));
#3041 = LINE('',#3042,#3043);
#3042 = CARTESIAN_POINT('',(-64.,4.,-22.));
#3043 = VECTOR('',#3044,1.);
#3044 = DIRECTION('',(0.,0.,1.));
#3045 = ORIENTED_EDGE('',*,*,#3046,.T.);
#3046 = EDGE_CURVE('',#3039,#3047,#3049,.T.);
#3047 = VERTEX_POINT('',#3048);
#3048 = CARTESIAN_POINT('',(-6.,4.,22.));
#3049 = LINE('',#3050,#3051);
#3050 = CARTESIAN_POINT('',(-64.,4.,22.));
#3051 = VECTOR('',#3052,1.);
#3052 = DIRECTION('',(1.,0.,0.));
#3053 = ORIENTED_EDGE('',*,*,#3054,.F.);
#3054 = EDGE_CURVE('',#2761,#3047,#3055,.T.);
#3055 = LINE('',#3056,#3057);
#3056 = CARTESIAN_POINT('',(-6.,4.,-22.));
#3057 = VECTOR('',#3058,1.);
#3058 = DIRECTION('',(0.,0.,1.));
#3059 = ORIENTED_EDGE('',*,*,#2777,.F.);
#3060 = ORIENTED_EDGE('',*,*,#3061,.F.);
#3061 = EDGE_CURVE('',#3062,#2770,#3064,.T.);
#3062 = VERTEX_POINT('',#3063);
#3063 = CARTESIAN_POINT('',(-9.,4.,19.));
#3064 = LINE('',#3065,#3066);
#3065 = CARTESIAN_POINT('',(-9.,4.,-20.5));
#3066 = VECTOR('',#3067,1.);
#3067 = DIRECTION('',(0.,0.,-1.));
#3068 = ORIENTED_EDGE('',*,*,#3069,.F.);
#3069 = EDGE_CURVE('',#3070,#3062,#3072,.T.);
#3070 = VERTEX_POINT('',#3071);
#3071 = CARTESIAN_POINT('',(-61.,4.,19.));
#3072 = LINE('',#3073,#3074);
#3073 = CARTESIAN_POINT('',(-62.5,4.,19.));
#3074 = VECTOR('',#3075,1.);
#3075 = DIRECTION('',(1.,0.,0.));
#3076 = ORIENTED_EDGE('',*,*,#3077,.T.);
#3077 = EDGE_CURVE('',#3070,#2794,#3078,.T.);
#3078 = LINE('',#3079,#3080);
#3079 = CARTESIAN_POINT('',(-61.,4.,-20.5));
#3080 = VECTOR('',#3081,1.);
#3081 = DIRECTION('',(0.,0.,-1.));
#3082 = PLANE('',#3083);
#3083 = AXIS2_PLACEMENT_3D('',#3084,#3085,#3086);
#3084 = CARTESIAN_POINT('',(-64.,4.,-22.));
#3085 = DIRECTION('',(0.,1.,0.));
#3086 = DIRECTION('',(0.,0.,1.));
#3087 = ADVANCED_FACE('',(#3088),#3106,.T.);
#3088 = FACE_BOUND('',#3089,.T.);
#3089 = EDGE_LOOP('',(#3090,#3091,#3092,#3100));
#3090 = ORIENTED_EDGE('',*,*,#2941,.F.);
#3091 = ORIENTED_EDGE('',*,*,#2801,.F.);
#3092 = ORIENTED_EDGE('',*,*,#3093,.T.);
#3093 = EDGE_CURVE('',#2794,#3094,#3096,.T.);
#3094 = VERTEX_POINT('',#3095);
#3095 = CARTESIAN_POINT('',(-58.,4.,4.));
#3096 = LINE('',#3097,#3098);
#3097 = CARTESIAN_POINT('',(-76.,4.,4.));
#3098 = VECTOR('',#3099,1.);
#3099 = DIRECTION('',(1.,0.,0.));
#3100 = ORIENTED_EDGE('',*,*,#3101,.F.);
#3101 = EDGE_CURVE('',#2942,#3094,#3102,.T.);
#3102 = LINE('',#3103,#3104);
#3103 = CARTESIAN_POINT('',(-58.,4.,-4.));
#3104 = VECTOR('',#3105,1.);
#3105 = DIRECTION('',(0.,0.,1.));
#3106 = PLANE('',#3107);
#3107 = AXIS2_PLACEMENT_3D('',#3108,#3109,#3110);
#3108 = CARTESIAN_POINT('',(-76.,4.,-4.));
#3109 = DIRECTION('',(0.,1.,0.));
#3110 = DIRECTION('',(0.,0.,1.));
#3111 = ADVANCED_FACE('',(#3112),#3137,.F.);
#3112 = FACE_BOUND('',#3113,.F.);
#3113 = EDGE_LOOP('',(#3114,#3122,#3130,#3136));
#3114 = ORIENTED_EDGE('',*,*,#3115,.F.);
#3115 = EDGE_CURVE('',#3116,#2817,#3118,.T.);
#3116 = VERTEX_POINT('',#3117);
#3117 = CARTESIAN_POINT('',(6.,0.,-22.));
#3118 = LINE('',#3119,#3120);
#3119 = CARTESIAN_POINT('',(6.,0.,-22.));
#3120 = VECTOR('',#3121,1.);
#3121 = DIRECTION('',(0.,0.,1.));
#3122 = ORIENTED_EDGE('',*,*,#3123,.T.);
#3123 = EDGE_CURVE('',#3116,#3124,#3126,.T.);
#3124 = VERTEX_POINT('',#3125);
#3125 = CARTESIAN_POINT('',(6.,4.,-22.));
#3126 = LINE('',#3127,#3128);
#3127 = CARTESIAN_POINT('',(6.,0.,-22.));
#3128 = VECTOR('',#3129,1.);
#3129 = DIRECTION('',(0.,1.,0.));
#3130 = ORIENTED_EDGE('',*,*,#3131,.T.);
#3131 = EDGE_CURVE('',#3124,#2825,#3132,.T.);
#3132 = LINE('',#3133,#3134);
#3133 = CARTESIAN_POINT('',(6.,4.,-22.));
#3134 = VECTOR('',#3135,1.);
#3135 = DIRECTION('',(0.,0.,1.));
#3136 = ORIENTED_EDGE('',*,*,#2824,.T.);
#3137 = PLANE('',#3138);
#3138 = AXIS2_PLACEMENT_3D('',#3139,#3140,#3141);
#3139 = CARTESIAN_POINT('',(6.,0.,-22.));
#3140 = DIRECTION('',(1.,0.,0.));
#3141 = DIRECTION('',(0.,0.,1.));
#3142 = ADVANCED_FACE('',(#3143),#3168,.F.);
#3143 = FACE_BOUND('',#3144,.F.);
#3144 = EDGE_LOOP('',(#3145,#3153,#3154,#3162));
#3145 = ORIENTED_EDGE('',*,*,#3146,.F.);
#3146 = EDGE_CURVE('',#2817,#3147,#3149,.T.);
#3147 = VERTEX_POINT('',#3148);
#3148 = CARTESIAN_POINT('',(9.,0.,5.));
#3149 = LINE('',#3150,#3151);
#3150 = CARTESIAN_POINT('',(-9.,0.,5.));
#3151 = VECTOR('',#3152,1.);
#3152 = DIRECTION('',(1.,0.,0.));
#3153 = ORIENTED_EDGE('',*,*,#2856,.T.);
#3154 = ORIENTED_EDGE('',*,*,#3155,.T.);
#3155 = EDGE_CURVE('',#2849,#3156,#3158,.T.);
#3156 = VERTEX_POINT('',#3157);
#3157 = CARTESIAN_POINT('',(9.,0.,11.));
#3158 = LINE('',#3159,#3160);
#3159 = CARTESIAN_POINT('',(-9.,0.,11.));
#3160 = VECTOR('',#3161,1.);
#3161 = DIRECTION('',(1.,0.,0.));
#3162 = ORIENTED_EDGE('',*,*,#3163,.T.);
#3163 = EDGE_CURVE('',#3156,#3147,#3164,.T.);
#3164 = LINE('',#3165,#3166);
#3165 = CARTESIAN_POINT('',(9.,0.,-20.5));
#3166 = VECTOR('',#3167,1.);
#3167 = DIRECTION('',(0.,0.,-1.));
#3168 = PLANE('',#3169);
#3169 = AXIS2_PLACEMENT_3D('',#3170,#3171,#3172);
#3170 = CARTESIAN_POINT('',(6.,0.,-22.));
#3171 = DIRECTION('',(0.,1.,0.));
#3172 = DIRECTION('',(0.,0.,1.));
#3173 = ADVANCED_FACE('',(#3174),#3190,.T.);
#3174 = FACE_BOUND('',#3175,.T.);
#3175 = EDGE_LOOP('',(#3176,#3182,#3183,#3189));
#3176 = ORIENTED_EDGE('',*,*,#3177,.T.);
#3177 = EDGE_CURVE('',#2761,#2571,#3178,.T.);
#3178 = LINE('',#3179,#3180);
#3179 = CARTESIAN_POINT('',(-6.,0.,11.));
#3180 = VECTOR('',#3181,1.);
#3181 = DIRECTION('',(0.,-1.,0.));
#3182 = ORIENTED_EDGE('',*,*,#2848,.T.);
#3183 = ORIENTED_EDGE('',*,*,#3184,.F.);
#3184 = EDGE_CURVE('',#3016,#2849,#3185,.T.);
#3185 = LINE('',#3186,#3187);
#3186 = CARTESIAN_POINT('',(6.,0.,11.));
#3187 = VECTOR('',#3188,1.);
#3188 = DIRECTION('',(0.,-1.,0.));
#3189 = ORIENTED_EDGE('',*,*,#3015,.F.);
#3190 = PLANE('',#3191);
#3191 = AXIS2_PLACEMENT_3D('',#3192,#3193,#3194);
#3192 = CARTESIAN_POINT('',(-9.,0.,11.));
#3193 = DIRECTION('',(0.,0.,1.));
#3194 = DIRECTION('',(1.,0.,0.));
#3195 = ADVANCED_FACE('',(#3196),#3212,.T.);
#3196 = FACE_BOUND('',#3197,.T.);
#3197 = EDGE_LOOP('',(#3198,#3204,#3205,#3211));
#3198 = ORIENTED_EDGE('',*,*,#3199,.F.);
#3199 = EDGE_CURVE('',#2903,#3070,#3200,.T.);
#3200 = LINE('',#3201,#3202);
#3201 = CARTESIAN_POINT('',(-61.,-1.,19.));
#3202 = VECTOR('',#3203,1.);
#3203 = DIRECTION('',(0.,1.,0.));
#3204 = ORIENTED_EDGE('',*,*,#2910,.T.);
#3205 = ORIENTED_EDGE('',*,*,#3206,.F.);
#3206 = EDGE_CURVE('',#2794,#2667,#3207,.T.);
#3207 = LINE('',#3208,#3209);
#3208 = CARTESIAN_POINT('',(-61.,-0.5,4.));
#3209 = VECTOR('',#3210,1.);
#3210 = DIRECTION('',(0.,-1.,0.));
#3211 = ORIENTED_EDGE('',*,*,#3077,.F.);
#3212 = PLANE('',#3213);
#3213 = AXIS2_PLACEMENT_3D('',#3214,#3215,#3216);
#3214 = CARTESIAN_POINT('',(-61.,-1.,-19.));
#3215 = DIRECTION('',(1.,0.,0.));
#3216 = DIRECTION('',(0.,0.,1.));
#3217 = ADVANCED_FACE('',(#3218),#3229,.F.);
#3218 = FACE_BOUND('',#3219,.F.);
#3219 = EDGE_LOOP('',(#3220,#3221,#3222,#3228));
#3220 = ORIENTED_EDGE('',*,*,#3199,.F.);
#3221 = ORIENTED_EDGE('',*,*,#2902,.T.);
#3222 = ORIENTED_EDGE('',*,*,#3223,.T.);
#3223 = EDGE_CURVE('',#2895,#3062,#3224,.T.);
#3224 = LINE('',#3225,#3226);
#3225 = CARTESIAN_POINT('',(-9.,-1.,19.));
#3226 = VECTOR('',#3227,1.);
#3227 = DIRECTION('',(0.,1.,0.));
#3228 = ORIENTED_EDGE('',*,*,#3069,.F.);
#3229 = PLANE('',#3230);
#3230 = AXIS2_PLACEMENT_3D('',#3231,#3232,#3233);
#3231 = CARTESIAN_POINT('',(-61.,-1.,19.));
#3232 = DIRECTION('',(0.,0.,1.));
#3233 = DIRECTION('',(1.,0.,0.));
#3234 = ADVANCED_FACE('',(#3235),#3241,.F.);
#3235 = FACE_BOUND('',#3236,.F.);
#3236 = EDGE_LOOP('',(#3237,#3238,#3239,#3240));
#3237 = ORIENTED_EDGE('',*,*,#3223,.F.);
#3238 = ORIENTED_EDGE('',*,*,#2894,.T.);
#3239 = ORIENTED_EDGE('',*,*,#2924,.T.);
#3240 = ORIENTED_EDGE('',*,*,#3061,.F.);
#3241 = PLANE('',#3242);
#3242 = AXIS2_PLACEMENT_3D('',#3243,#3244,#3245);
#3243 = CARTESIAN_POINT('',(-9.,-1.,-19.));
#3244 = DIRECTION('',(1.,0.,0.));
#3245 = DIRECTION('',(0.,0.,1.));
#3246 = ADVANCED_FACE('',(#3247),#3258,.T.);
#3247 = FACE_BOUND('',#3248,.T.);
#3248 = EDGE_LOOP('',(#3249,#3250,#3251,#3252));
#3249 = ORIENTED_EDGE('',*,*,#2887,.F.);
#3250 = ORIENTED_EDGE('',*,*,#3177,.F.);
#3251 = ORIENTED_EDGE('',*,*,#3054,.T.);
#3252 = ORIENTED_EDGE('',*,*,#3253,.F.);
#3253 = EDGE_CURVE('',#2880,#3047,#3254,.T.);
#3254 = LINE('',#3255,#3256);
#3255 = CARTESIAN_POINT('',(-6.,0.,22.));
#3256 = VECTOR('',#3257,1.);
#3257 = DIRECTION('',(0.,1.,0.));
#3258 = PLANE('',#3259);
#3259 = AXIS2_PLACEMENT_3D('',#3260,#3261,#3262);
#3260 = CARTESIAN_POINT('',(-6.,0.,-22.));
#3261 = DIRECTION('',(1.,0.,0.));
#3262 = DIRECTION('',(0.,0.,1.));
#3263 = ADVANCED_FACE('',(#3264),#3275,.T.);
#3264 = FACE_BOUND('',#3265,.T.);
#3265 = EDGE_LOOP('',(#3266,#3272,#3273,#3274));
#3266 = ORIENTED_EDGE('',*,*,#3267,.F.);
#3267 = EDGE_CURVE('',#2872,#3039,#3268,.T.);
#3268 = LINE('',#3269,#3270);
#3269 = CARTESIAN_POINT('',(-64.,0.,22.));
#3270 = VECTOR('',#3271,1.);
#3271 = DIRECTION('',(0.,1.,0.));
#3272 = ORIENTED_EDGE('',*,*,#2879,.T.);
#3273 = ORIENTED_EDGE('',*,*,#3253,.T.);
#3274 = ORIENTED_EDGE('',*,*,#3046,.F.);
#3275 = PLANE('',#3276);
#3276 = AXIS2_PLACEMENT_3D('',#3277,#3278,#3279);
#3277 = CARTESIAN_POINT('',(-64.,0.,22.));
#3278 = DIRECTION('',(0.,0.,1.));
#3279 = DIRECTION('',(1.,0.,0.));
#3280 = ADVANCED_FACE('',(#3281),#3287,.F.);
#3281 = FACE_BOUND('',#3282,.F.);
#3282 = EDGE_LOOP('',(#3283,#3284,#3285,#3286));
#3283 = ORIENTED_EDGE('',*,*,#2871,.F.);
#3284 = ORIENTED_EDGE('',*,*,#2999,.F.);
#3285 = ORIENTED_EDGE('',*,*,#3038,.T.);
#3286 = ORIENTED_EDGE('',*,*,#3267,.F.);
#3287 = PLANE('',#3288);
#3288 = AXIS2_PLACEMENT_3D('',#3289,#3290,#3291);
#3289 = CARTESIAN_POINT('',(-64.,0.,-22.));
#3290 = DIRECTION('',(1.,0.,0.));
#3291 = DIRECTION('',(0.,0.,1.));
#3292 = ADVANCED_FACE('',(#3293),#3304,.T.);
#3293 = FACE_BOUND('',#3294,.T.);
#3294 = EDGE_LOOP('',(#3295,#3296,#3297,#3298));
#3295 = ORIENTED_EDGE('',*,*,#2982,.F.);
#3296 = ORIENTED_EDGE('',*,*,#2958,.T.);
#3297 = ORIENTED_EDGE('',*,*,#3101,.T.);
#3298 = ORIENTED_EDGE('',*,*,#3299,.F.);
#3299 = EDGE_CURVE('',#2975,#3094,#3300,.T.);
#3300 = LINE('',#3301,#3302);
#3301 = CARTESIAN_POINT('',(-58.,0.,4.));
#3302 = VECTOR('',#3303,1.);
#3303 = DIRECTION('',(0.,1.,0.));
#3304 = PLANE('',#3305);
#3305 = AXIS2_PLACEMENT_3D('',#3306,#3307,#3308);
#3306 = CARTESIAN_POINT('',(-58.,0.,-4.));
#3307 = DIRECTION('',(1.,0.,0.));
#3308 = DIRECTION('',(0.,0.,1.));
#3309 = ADVANCED_FACE('',(#3310),#3316,.T.);
#3310 = FACE_BOUND('',#3311,.T.);
#3311 = EDGE_LOOP('',(#3312,#3313,#3314,#3315));
#3312 = ORIENTED_EDGE('',*,*,#3093,.F.);
#3313 = ORIENTED_EDGE('',*,*,#3206,.T.);
#3314 = ORIENTED_EDGE('',*,*,#2974,.T.);
#3315 = ORIENTED_EDGE('',*,*,#3299,.T.);
#3316 = PLANE('',#3317);
#3317 = AXIS2_PLACEMENT_3D('',#3318,#3319,#3320);
#3318 = CARTESIAN_POINT('',(-76.,0.,4.));
#3319 = DIRECTION('',(0.,0.,1.));
#3320 = DIRECTION('',(1.,0.,0.));
#3321 = ADVANCED_FACE('',(#3322),#3347,.T.);
#3322 = FACE_BOUND('',#3323,.T.);
#3323 = EDGE_LOOP('',(#3324,#3332,#3333,#3341));
#3324 = ORIENTED_EDGE('',*,*,#3325,.F.);
#3325 = EDGE_CURVE('',#2825,#3326,#3328,.T.);
#3326 = VERTEX_POINT('',#3327);
#3327 = CARTESIAN_POINT('',(9.,4.,5.));
#3328 = LINE('',#3329,#3330);
#3329 = CARTESIAN_POINT('',(-9.,4.,5.));
#3330 = VECTOR('',#3331,1.);
#3331 = DIRECTION('',(1.,0.,0.));
#3332 = ORIENTED_EDGE('',*,*,#3023,.T.);
#3333 = ORIENTED_EDGE('',*,*,#3334,.T.);
#3334 = EDGE_CURVE('',#3016,#3335,#3337,.T.);
#3335 = VERTEX_POINT('',#3336);
#3336 = CARTESIAN_POINT('',(9.,4.,11.));
#3337 = LINE('',#3338,#3339);
#3338 = CARTESIAN_POINT('',(-9.,4.,11.));
#3339 = VECTOR('',#3340,1.);
#3340 = DIRECTION('',(1.,0.,0.));
#3341 = ORIENTED_EDGE('',*,*,#3342,.T.);
#3342 = EDGE_CURVE('',#3335,#3326,#3343,.T.);
#3343 = LINE('',#3344,#3345);
#3344 = CARTESIAN_POINT('',(9.,4.,-20.5));
#3345 = VECTOR('',#3346,1.);
#3346 = DIRECTION('',(0.,0.,-1.));
#3347 = PLANE('',#3348);
#3348 = AXIS2_PLACEMENT_3D('',#3349,#3350,#3351);
#3349 = CARTESIAN_POINT('',(6.,4.,-22.));
#3350 = DIRECTION('',(0.,1.,0.));
#3351 = DIRECTION('',(0.,0.,1.));
#3352 = ADVANCED_FACE('',(#3353),#3403,.F.);
#3353 = FACE_BOUND('',#3354,.F.);
#3354 = EDGE_LOOP('',(#3355,#3365,#3371,#3372,#3373,#3381,#3389,#3397));
#3355 = ORIENTED_EDGE('',*,*,#3356,.F.);
#3356 = EDGE_CURVE('',#3357,#3359,#3361,.T.);
#3357 = VERTEX_POINT('',#3358);
#3358 = CARTESIAN_POINT('',(64.,0.,-22.));
#3359 = VERTEX_POINT('',#3360);
#3360 = CARTESIAN_POINT('',(64.,0.,-4.));
#3361 = LINE('',#3362,#3363);
#3362 = CARTESIAN_POINT('',(64.,0.,-22.));
#3363 = VECTOR('',#3364,1.);
#3364 = DIRECTION('',(0.,0.,1.));
#3365 = ORIENTED_EDGE('',*,*,#3366,.F.);
#3366 = EDGE_CURVE('',#3116,#3357,#3367,.T.);
#3367 = LINE('',#3368,#3369);
#3368 = CARTESIAN_POINT('',(6.,0.,-22.));
#3369 = VECTOR('',#3370,1.);
#3370 = DIRECTION('',(1.,0.,0.));
#3371 = ORIENTED_EDGE('',*,*,#3115,.T.);
#3372 = ORIENTED_EDGE('',*,*,#3146,.T.);
#3373 = ORIENTED_EDGE('',*,*,#3374,.T.);
#3374 = EDGE_CURVE('',#3147,#3375,#3377,.T.);
#3375 = VERTEX_POINT('',#3376);
#3376 = CARTESIAN_POINT('',(9.,0.,-19.));
#3377 = LINE('',#3378,#3379);
#3378 = CARTESIAN_POINT('',(9.,0.,-20.5));
#3379 = VECTOR('',#3380,1.);
#3380 = DIRECTION('',(0.,0.,-1.));
#3381 = ORIENTED_EDGE('',*,*,#3382,.T.);
#3382 = EDGE_CURVE('',#3375,#3383,#3385,.T.);
#3383 = VERTEX_POINT('',#3384);
#3384 = CARTESIAN_POINT('',(61.,0.,-19.));
#3385 = LINE('',#3386,#3387);
#3386 = CARTESIAN_POINT('',(7.5,0.,-19.));
#3387 = VECTOR('',#3388,1.);
#3388 = DIRECTION('',(1.,0.,0.));
#3389 = ORIENTED_EDGE('',*,*,#3390,.F.);
#3390 = EDGE_CURVE('',#3391,#3383,#3393,.T.);
#3391 = VERTEX_POINT('',#3392);
#3392 = CARTESIAN_POINT('',(61.,0.,-4.));
#3393 = LINE('',#3394,#3395);
#3394 = CARTESIAN_POINT('',(61.,0.,-20.5));
#3395 = VECTOR('',#3396,1.);
#3396 = DIRECTION('',(0.,0.,-1.));
#3397 = ORIENTED_EDGE('',*,*,#3398,.T.);
#3398 = EDGE_CURVE('',#3391,#3359,#3399,.T.);
#3399 = LINE('',#3400,#3401);
#3400 = CARTESIAN_POINT('',(58.,0.,-4.));
#3401 = VECTOR('',#3402,1.);
#3402 = DIRECTION('',(1.,0.,0.));
#3403 = PLANE('',#3404);
#3404 = AXIS2_PLACEMENT_3D('',#3405,#3406,#3407);
#3405 = CARTESIAN_POINT('',(6.,0.,-22.));
#3406 = DIRECTION('',(0.,1.,0.));
#3407 = DIRECTION('',(0.,0.,1.));
#3408 = ADVANCED_FACE('',(#3409),#3459,.T.);
#3409 = FACE_BOUND('',#3410,.T.);
#3410 = EDGE_LOOP('',(#3411,#3421,#3427,#3428,#3429,#3437,#3445,#3453));
#3411 = ORIENTED_EDGE('',*,*,#3412,.F.);
#3412 = EDGE_CURVE('',#3413,#3415,#3417,.T.);
#3413 = VERTEX_POINT('',#3414);
#3414 = CARTESIAN_POINT('',(64.,4.,-22.));
#3415 = VERTEX_POINT('',#3416);
#3416 = CARTESIAN_POINT('',(64.,4.,-4.));
#3417 = LINE('',#3418,#3419);
#3418 = CARTESIAN_POINT('',(64.,4.,-22.));
#3419 = VECTOR('',#3420,1.);
#3420 = DIRECTION('',(0.,0.,1.));
#3421 = ORIENTED_EDGE('',*,*,#3422,.F.);
#3422 = EDGE_CURVE('',#3124,#3413,#3423,.T.);
#3423 = LINE('',#3424,#3425);
#3424 = CARTESIAN_POINT('',(6.,4.,-22.));
#3425 = VECTOR('',#3426,1.);
#3426 = DIRECTION('',(1.,0.,0.));
#3427 = ORIENTED_EDGE('',*,*,#3131,.T.);
#3428 = ORIENTED_EDGE('',*,*,#3325,.T.);
#3429 = ORIENTED_EDGE('',*,*,#3430,.T.);
#3430 = EDGE_CURVE('',#3326,#3431,#3433,.T.);
#3431 = VERTEX_POINT('',#3432);
#3432 = CARTESIAN_POINT('',(9.,4.,-19.));
#3433 = LINE('',#3434,#3435);
#3434 = CARTESIAN_POINT('',(9.,4.,-20.5));
#3435 = VECTOR('',#3436,1.);
#3436 = DIRECTION('',(0.,0.,-1.));
#3437 = ORIENTED_EDGE('',*,*,#3438,.T.);
#3438 = EDGE_CURVE('',#3431,#3439,#3441,.T.);
#3439 = VERTEX_POINT('',#3440);
#3440 = CARTESIAN_POINT('',(61.,4.,-19.));
#3441 = LINE('',#3442,#3443);
#3442 = CARTESIAN_POINT('',(7.5,4.,-19.));
#3443 = VECTOR('',#3444,1.);
#3444 = DIRECTION('',(1.,0.,0.));
#3445 = ORIENTED_EDGE('',*,*,#3446,.F.);
#3446 = EDGE_CURVE('',#3447,#3439,#3449,.T.);
#3447 = VERTEX_POINT('',#3448);
#3448 = CARTESIAN_POINT('',(61.,4.,-4.));
#3449 = LINE('',#3450,#3451);
#3450 = CARTESIAN_POINT('',(61.,4.,-20.5));
#3451 = VECTOR('',#3452,1.);
#3452 = DIRECTION('',(0.,0.,-1.));
#3453 = ORIENTED_EDGE('',*,*,#3454,.T.);
#3454 = EDGE_CURVE('',#3447,#3415,#3455,.T.);
#3455 = LINE('',#3456,#3457);
#3456 = CARTESIAN_POINT('',(58.,4.,-4.));
#3457 = VECTOR('',#3458,1.);
#3458 = DIRECTION('',(1.,0.,0.));
#3459 = PLANE('',#3460);
#3460 = AXIS2_PLACEMENT_3D('',#3461,#3462,#3463);
#3461 = CARTESIAN_POINT('',(6.,4.,-22.));
#3462 = DIRECTION('',(0.,1.,0.));
#3463 = DIRECTION('',(0.,0.,1.));
#3464 = ADVANCED_FACE('',(#3465),#3476,.F.);
#3465 = FACE_BOUND('',#3466,.F.);
#3466 = EDGE_LOOP('',(#3467,#3468,#3469,#3475));
#3467 = ORIENTED_EDGE('',*,*,#3123,.F.);
#3468 = ORIENTED_EDGE('',*,*,#3366,.T.);
#3469 = ORIENTED_EDGE('',*,*,#3470,.T.);
#3470 = EDGE_CURVE('',#3357,#3413,#3471,.T.);
#3471 = LINE('',#3472,#3473);
#3472 = CARTESIAN_POINT('',(64.,0.,-22.));
#3473 = VECTOR('',#3474,1.);
#3474 = DIRECTION('',(0.,1.,0.));
#3475 = ORIENTED_EDGE('',*,*,#3422,.F.);
#3476 = PLANE('',#3477);
#3477 = AXIS2_PLACEMENT_3D('',#3478,#3479,#3480);
#3478 = CARTESIAN_POINT('',(6.,0.,-22.));
#3479 = DIRECTION('',(0.,0.,1.));
#3480 = DIRECTION('',(1.,0.,0.));
#3481 = ADVANCED_FACE('',(#3482),#3498,.T.);
#3482 = FACE_BOUND('',#3483,.T.);
#3483 = EDGE_LOOP('',(#3484,#3490,#3491,#3497));
#3484 = ORIENTED_EDGE('',*,*,#3485,.F.);
#3485 = EDGE_CURVE('',#3156,#3335,#3486,.T.);
#3486 = LINE('',#3487,#3488);
#3487 = CARTESIAN_POINT('',(9.,0.,11.));
#3488 = VECTOR('',#3489,1.);
#3489 = DIRECTION('',(0.,1.,0.));
#3490 = ORIENTED_EDGE('',*,*,#3163,.T.);
#3491 = ORIENTED_EDGE('',*,*,#3492,.T.);
#3492 = EDGE_CURVE('',#3147,#3326,#3493,.T.);
#3493 = LINE('',#3494,#3495);
#3494 = CARTESIAN_POINT('',(9.,0.,5.));
#3495 = VECTOR('',#3496,1.);
#3496 = DIRECTION('',(0.,1.,0.));
#3497 = ORIENTED_EDGE('',*,*,#3342,.F.);
#3498 = PLANE('',#3499);
#3499 = AXIS2_PLACEMENT_3D('',#3500,#3501,#3502);
#3500 = CARTESIAN_POINT('',(9.,-1.,-19.));
#3501 = DIRECTION('',(1.,0.,0.));
#3502 = DIRECTION('',(0.,0.,1.));
#3503 = ADVANCED_FACE('',(#3504),#3561,.F.);
#3504 = FACE_BOUND('',#3505,.F.);
#3505 = EDGE_LOOP('',(#3506,#3516,#3524,#3532,#3540,#3546,#3547,#3555));
#3506 = ORIENTED_EDGE('',*,*,#3507,.F.);
#3507 = EDGE_CURVE('',#3508,#3510,#3512,.T.);
#3508 = VERTEX_POINT('',#3509);
#3509 = CARTESIAN_POINT('',(64.,0.,4.));
#3510 = VERTEX_POINT('',#3511);
#3511 = CARTESIAN_POINT('',(64.,0.,22.));
#3512 = LINE('',#3513,#3514);
#3513 = CARTESIAN_POINT('',(64.,0.,-22.));
#3514 = VECTOR('',#3515,1.);
#3515 = DIRECTION('',(0.,0.,1.));
#3516 = ORIENTED_EDGE('',*,*,#3517,.F.);
#3517 = EDGE_CURVE('',#3518,#3508,#3520,.T.);
#3518 = VERTEX_POINT('',#3519);
#3519 = CARTESIAN_POINT('',(61.,0.,4.));
#3520 = LINE('',#3521,#3522);
#3521 = CARTESIAN_POINT('',(58.,0.,4.));
#3522 = VECTOR('',#3523,1.);
#3523 = DIRECTION('',(1.,0.,0.));
#3524 = ORIENTED_EDGE('',*,*,#3525,.F.);
#3525 = EDGE_CURVE('',#3526,#3518,#3528,.T.);
#3526 = VERTEX_POINT('',#3527);
#3527 = CARTESIAN_POINT('',(61.,0.,19.));
#3528 = LINE('',#3529,#3530);
#3529 = CARTESIAN_POINT('',(61.,0.,-20.5));
#3530 = VECTOR('',#3531,1.);
#3531 = DIRECTION('',(0.,0.,-1.));
#3532 = ORIENTED_EDGE('',*,*,#3533,.F.);
#3533 = EDGE_CURVE('',#3534,#3526,#3536,.T.);
#3534 = VERTEX_POINT('',#3535);
#3535 = CARTESIAN_POINT('',(9.,0.,19.));
#3536 = LINE('',#3537,#3538);
#3537 = CARTESIAN_POINT('',(7.5,0.,19.));
#3538 = VECTOR('',#3539,1.);
#3539 = DIRECTION('',(1.,0.,0.));
#3540 = ORIENTED_EDGE('',*,*,#3541,.T.);
#3541 = EDGE_CURVE('',#3534,#3156,#3542,.T.);
#3542 = LINE('',#3543,#3544);
#3543 = CARTESIAN_POINT('',(9.,0.,-20.5));
#3544 = VECTOR('',#3545,1.);
#3545 = DIRECTION('',(0.,0.,-1.));
#3546 = ORIENTED_EDGE('',*,*,#3155,.F.);
#3547 = ORIENTED_EDGE('',*,*,#3548,.T.);
#3548 = EDGE_CURVE('',#2849,#3549,#3551,.T.);
#3549 = VERTEX_POINT('',#3550);
#3550 = CARTESIAN_POINT('',(6.,0.,22.));
#3551 = LINE('',#3552,#3553);
#3552 = CARTESIAN_POINT('',(6.,0.,-22.));
#3553 = VECTOR('',#3554,1.);
#3554 = DIRECTION('',(0.,0.,1.));
#3555 = ORIENTED_EDGE('',*,*,#3556,.T.);
#3556 = EDGE_CURVE('',#3549,#3510,#3557,.T.);
#3557 = LINE('',#3558,#3559);
#3558 = CARTESIAN_POINT('',(6.,0.,22.));
#3559 = VECTOR('',#3560,1.);
#3560 = DIRECTION('',(1.,0.,0.));
#3561 = PLANE('',#3562);
#3562 = AXIS2_PLACEMENT_3D('',#3563,#3564,#3565);
#3563 = CARTESIAN_POINT('',(6.,0.,-22.));
#3564 = DIRECTION('',(0.,1.,0.));
#3565 = DIRECTION('',(0.,0.,1.));
#3566 = ADVANCED_FACE('',(#3567),#3585,.F.);
#3567 = FACE_BOUND('',#3568,.F.);
#3568 = EDGE_LOOP('',(#3569,#3570,#3571,#3579));
#3569 = ORIENTED_EDGE('',*,*,#3548,.F.);
#3570 = ORIENTED_EDGE('',*,*,#3184,.F.);
#3571 = ORIENTED_EDGE('',*,*,#3572,.T.);
#3572 = EDGE_CURVE('',#3016,#3573,#3575,.T.);
#3573 = VERTEX_POINT('',#3574);
#3574 = CARTESIAN_POINT('',(6.,4.,22.));
#3575 = LINE('',#3576,#3577);
#3576 = CARTESIAN_POINT('',(6.,4.,-22.));
#3577 = VECTOR('',#3578,1.);
#3578 = DIRECTION('',(0.,0.,1.));
#3579 = ORIENTED_EDGE('',*,*,#3580,.F.);
#3580 = EDGE_CURVE('',#3549,#3573,#3581,.T.);
#3581 = LINE('',#3582,#3583);
#3582 = CARTESIAN_POINT('',(6.,0.,22.));
#3583 = VECTOR('',#3584,1.);
#3584 = DIRECTION('',(0.,1.,0.));
#3585 = PLANE('',#3586);
#3586 = AXIS2_PLACEMENT_3D('',#3587,#3588,#3589);
#3587 = CARTESIAN_POINT('',(6.,0.,-22.));
#3588 = DIRECTION('',(1.,0.,0.));
#3589 = DIRECTION('',(0.,0.,1.));
#3590 = ADVANCED_FACE('',(#3591),#3641,.T.);
#3591 = FACE_BOUND('',#3592,.T.);
#3592 = EDGE_LOOP('',(#3593,#3603,#3611,#3619,#3627,#3633,#3634,#3635));
#3593 = ORIENTED_EDGE('',*,*,#3594,.F.);
#3594 = EDGE_CURVE('',#3595,#3597,#3599,.T.);
#3595 = VERTEX_POINT('',#3596);
#3596 = CARTESIAN_POINT('',(64.,4.,4.));
#3597 = VERTEX_POINT('',#3598);
#3598 = CARTESIAN_POINT('',(64.,4.,22.));
#3599 = LINE('',#3600,#3601);
#3600 = CARTESIAN_POINT('',(64.,4.,-22.));
#3601 = VECTOR('',#3602,1.);
#3602 = DIRECTION('',(0.,0.,1.));
#3603 = ORIENTED_EDGE('',*,*,#3604,.F.);
#3604 = EDGE_CURVE('',#3605,#3595,#3607,.T.);
#3605 = VERTEX_POINT('',#3606);
#3606 = CARTESIAN_POINT('',(61.,4.,4.));
#3607 = LINE('',#3608,#3609);
#3608 = CARTESIAN_POINT('',(58.,4.,4.));
#3609 = VECTOR('',#3610,1.);
#3610 = DIRECTION('',(1.,0.,0.));
#3611 = ORIENTED_EDGE('',*,*,#3612,.F.);
#3612 = EDGE_CURVE('',#3613,#3605,#3615,.T.);
#3613 = VERTEX_POINT('',#3614);
#3614 = CARTESIAN_POINT('',(61.,4.,19.));
#3615 = LINE('',#3616,#3617);
#3616 = CARTESIAN_POINT('',(61.,4.,-20.5));
#3617 = VECTOR('',#3618,1.);
#3618 = DIRECTION('',(0.,0.,-1.));
#3619 = ORIENTED_EDGE('',*,*,#3620,.F.);
#3620 = EDGE_CURVE('',#3621,#3613,#3623,.T.);
#3621 = VERTEX_POINT('',#3622);
#3622 = CARTESIAN_POINT('',(9.,4.,19.));
#3623 = LINE('',#3624,#3625);
#3624 = CARTESIAN_POINT('',(7.5,4.,19.));
#3625 = VECTOR('',#3626,1.);
#3626 = DIRECTION('',(1.,0.,0.));
#3627 = ORIENTED_EDGE('',*,*,#3628,.T.);
#3628 = EDGE_CURVE('',#3621,#3335,#3629,.T.);
#3629 = LINE('',#3630,#3631);
#3630 = CARTESIAN_POINT('',(9.,4.,-20.5));
#3631 = VECTOR('',#3632,1.);
#3632 = DIRECTION('',(0.,0.,-1.));
#3633 = ORIENTED_EDGE('',*,*,#3334,.F.);
#3634 = ORIENTED_EDGE('',*,*,#3572,.T.);
#3635 = ORIENTED_EDGE('',*,*,#3636,.T.);
#3636 = EDGE_CURVE('',#3573,#3597,#3637,.T.);
#3637 = LINE('',#3638,#3639);
#3638 = CARTESIAN_POINT('',(6.,4.,22.));
#3639 = VECTOR('',#3640,1.);
#3640 = DIRECTION('',(1.,0.,0.));
#3641 = PLANE('',#3642);
#3642 = AXIS2_PLACEMENT_3D('',#3643,#3644,#3645);
#3643 = CARTESIAN_POINT('',(6.,4.,-22.));
#3644 = DIRECTION('',(0.,1.,0.));
#3645 = DIRECTION('',(0.,0.,1.));
#3646 = ADVANCED_FACE('',(#3647),#3658,.T.);
#3647 = FACE_BOUND('',#3648,.T.);
#3648 = EDGE_LOOP('',(#3649,#3650,#3651,#3652));
#3649 = ORIENTED_EDGE('',*,*,#3356,.F.);
#3650 = ORIENTED_EDGE('',*,*,#3470,.T.);
#3651 = ORIENTED_EDGE('',*,*,#3412,.T.);
#3652 = ORIENTED_EDGE('',*,*,#3653,.T.);
#3653 = EDGE_CURVE('',#3415,#3359,#3654,.T.);
#3654 = LINE('',#3655,#3656);
#3655 = CARTESIAN_POINT('',(64.,0.,-4.));
#3656 = VECTOR('',#3657,1.);
#3657 = DIRECTION('',(0.,-1.,0.));
#3658 = PLANE('',#3659);
#3659 = AXIS2_PLACEMENT_3D('',#3660,#3661,#3662);
#3660 = CARTESIAN_POINT('',(64.,0.,-22.));
#3661 = DIRECTION('',(1.,0.,0.));
#3662 = DIRECTION('',(0.,0.,1.));
#3663 = ADVANCED_FACE('',(#3664),#3680,.F.);
#3664 = FACE_BOUND('',#3665,.F.);
#3665 = EDGE_LOOP('',(#3666,#3672,#3673,#3679));
#3666 = ORIENTED_EDGE('',*,*,#3667,.F.);
#3667 = EDGE_CURVE('',#3359,#3508,#3668,.T.);
#3668 = LINE('',#3669,#3670);
#3669 = CARTESIAN_POINT('',(64.,0.,-22.));
#3670 = VECTOR('',#3671,1.);
#3671 = DIRECTION('',(0.,0.,1.));
#3672 = ORIENTED_EDGE('',*,*,#3398,.F.);
#3673 = ORIENTED_EDGE('',*,*,#3674,.F.);
#3674 = EDGE_CURVE('',#3518,#3391,#3675,.T.);
#3675 = LINE('',#3676,#3677);
#3676 = CARTESIAN_POINT('',(61.,0.,-20.5));
#3677 = VECTOR('',#3678,1.);
#3678 = DIRECTION('',(0.,0.,-1.));
#3679 = ORIENTED_EDGE('',*,*,#3517,.T.);
#3680 = PLANE('',#3681);
#3681 = AXIS2_PLACEMENT_3D('',#3682,#3683,#3684);
#3682 = CARTESIAN_POINT('',(6.,0.,-22.));
#3683 = DIRECTION('',(0.,1.,0.));
#3684 = DIRECTION('',(0.,0.,1.));
#3685 = ADVANCED_FACE('',(#3686),#3702,.F.);
#3686 = FACE_BOUND('',#3687,.F.);
#3687 = EDGE_LOOP('',(#3688,#3694,#3695,#3701));
#3688 = ORIENTED_EDGE('',*,*,#3689,.T.);
#3689 = EDGE_CURVE('',#3447,#3391,#3690,.T.);
#3690 = LINE('',#3691,#3692);
#3691 = CARTESIAN_POINT('',(61.,-0.5,-4.));
#3692 = VECTOR('',#3693,1.);
#3693 = DIRECTION('',(0.,-1.,0.));
#3694 = ORIENTED_EDGE('',*,*,#3390,.T.);
#3695 = ORIENTED_EDGE('',*,*,#3696,.T.);
#3696 = EDGE_CURVE('',#3383,#3439,#3697,.T.);
#3697 = LINE('',#3698,#3699);
#3698 = CARTESIAN_POINT('',(61.,-1.,-19.));
#3699 = VECTOR('',#3700,1.);
#3700 = DIRECTION('',(0.,1.,0.));
#3701 = ORIENTED_EDGE('',*,*,#3446,.F.);
#3702 = PLANE('',#3703);
#3703 = AXIS2_PLACEMENT_3D('',#3704,#3705,#3706);
#3704 = CARTESIAN_POINT('',(61.,-1.,-19.));
#3705 = DIRECTION('',(1.,0.,0.));
#3706 = DIRECTION('',(0.,0.,1.));
#3707 = ADVANCED_FACE('',(#3708),#3719,.T.);
#3708 = FACE_BOUND('',#3709,.T.);
#3709 = EDGE_LOOP('',(#3710,#3716,#3717,#3718));
#3710 = ORIENTED_EDGE('',*,*,#3711,.F.);
#3711 = EDGE_CURVE('',#3375,#3431,#3712,.T.);
#3712 = LINE('',#3713,#3714);
#3713 = CARTESIAN_POINT('',(9.,-1.,-19.));
#3714 = VECTOR('',#3715,1.);
#3715 = DIRECTION('',(0.,1.,0.));
#3716 = ORIENTED_EDGE('',*,*,#3382,.T.);
#3717 = ORIENTED_EDGE('',*,*,#3696,.T.);
#3718 = ORIENTED_EDGE('',*,*,#3438,.F.);
#3719 = PLANE('',#3720);
#3720 = AXIS2_PLACEMENT_3D('',#3721,#3722,#3723);
#3721 = CARTESIAN_POINT('',(9.,-1.,-19.));
#3722 = DIRECTION('',(0.,0.,1.));
#3723 = DIRECTION('',(1.,0.,0.));
#3724 = ADVANCED_FACE('',(#3725),#3731,.T.);
#3725 = FACE_BOUND('',#3726,.T.);
#3726 = EDGE_LOOP('',(#3727,#3728,#3729,#3730));
#3727 = ORIENTED_EDGE('',*,*,#3492,.F.);
#3728 = ORIENTED_EDGE('',*,*,#3374,.T.);
#3729 = ORIENTED_EDGE('',*,*,#3711,.T.);
#3730 = ORIENTED_EDGE('',*,*,#3430,.F.);
#3731 = PLANE('',#3732);
#3732 = AXIS2_PLACEMENT_3D('',#3733,#3734,#3735);
#3733 = CARTESIAN_POINT('',(9.,-1.,-19.));
#3734 = DIRECTION('',(1.,0.,0.));
#3735 = DIRECTION('',(0.,0.,1.));
#3736 = ADVANCED_FACE('',(#3737),#3753,.T.);
#3737 = FACE_BOUND('',#3738,.T.);
#3738 = EDGE_LOOP('',(#3739,#3745,#3746,#3752));
#3739 = ORIENTED_EDGE('',*,*,#3740,.F.);
#3740 = EDGE_CURVE('',#3415,#3595,#3741,.T.);
#3741 = LINE('',#3742,#3743);
#3742 = CARTESIAN_POINT('',(64.,4.,-22.));
#3743 = VECTOR('',#3744,1.);
#3744 = DIRECTION('',(0.,0.,1.));
#3745 = ORIENTED_EDGE('',*,*,#3454,.F.);
#3746 = ORIENTED_EDGE('',*,*,#3747,.F.);
#3747 = EDGE_CURVE('',#3605,#3447,#3748,.T.);
#3748 = LINE('',#3749,#3750);
#3749 = CARTESIAN_POINT('',(61.,4.,-20.5));
#3750 = VECTOR('',#3751,1.);
#3751 = DIRECTION('',(0.,0.,-1.));
#3752 = ORIENTED_EDGE('',*,*,#3604,.T.);
#3753 = PLANE('',#3754);
#3754 = AXIS2_PLACEMENT_3D('',#3755,#3756,#3757);
#3755 = CARTESIAN_POINT('',(6.,4.,-22.));
#3756 = DIRECTION('',(0.,1.,0.));
#3757 = DIRECTION('',(0.,0.,1.));
#3758 = ADVANCED_FACE('',(#3759),#3770,.T.);
#3759 = FACE_BOUND('',#3760,.T.);
#3760 = EDGE_LOOP('',(#3761,#3767,#3768,#3769));
#3761 = ORIENTED_EDGE('',*,*,#3762,.F.);
#3762 = EDGE_CURVE('',#3534,#3621,#3763,.T.);
#3763 = LINE('',#3764,#3765);
#3764 = CARTESIAN_POINT('',(9.,-1.,19.));
#3765 = VECTOR('',#3766,1.);
#3766 = DIRECTION('',(0.,1.,0.));
#3767 = ORIENTED_EDGE('',*,*,#3541,.T.);
#3768 = ORIENTED_EDGE('',*,*,#3485,.T.);
#3769 = ORIENTED_EDGE('',*,*,#3628,.F.);
#3770 = PLANE('',#3771);
#3771 = AXIS2_PLACEMENT_3D('',#3772,#3773,#3774);
#3772 = CARTESIAN_POINT('',(9.,-1.,-19.));
#3773 = DIRECTION('',(1.,0.,0.));
#3774 = DIRECTION('',(0.,0.,1.));
#3775 = ADVANCED_FACE('',(#3776),#3792,.T.);
#3776 = FACE_BOUND('',#3777,.T.);
#3777 = EDGE_LOOP('',(#3778,#3779,#3785,#3786));
#3778 = ORIENTED_EDGE('',*,*,#3507,.F.);
#3779 = ORIENTED_EDGE('',*,*,#3780,.F.);
#3780 = EDGE_CURVE('',#3595,#3508,#3781,.T.);
#3781 = LINE('',#3782,#3783);
#3782 = CARTESIAN_POINT('',(64.,0.,4.));
#3783 = VECTOR('',#3784,1.);
#3784 = DIRECTION('',(0.,-1.,0.));
#3785 = ORIENTED_EDGE('',*,*,#3594,.T.);
#3786 = ORIENTED_EDGE('',*,*,#3787,.F.);
#3787 = EDGE_CURVE('',#3510,#3597,#3788,.T.);
#3788 = LINE('',#3789,#3790);
#3789 = CARTESIAN_POINT('',(64.,0.,22.));
#3790 = VECTOR('',#3791,1.);
#3791 = DIRECTION('',(0.,1.,0.));
#3792 = PLANE('',#3793);
#3793 = AXIS2_PLACEMENT_3D('',#3794,#3795,#3796);
#3794 = CARTESIAN_POINT('',(64.,0.,-22.));
#3795 = DIRECTION('',(1.,0.,0.));
#3796 = DIRECTION('',(0.,0.,1.));
#3797 = ADVANCED_FACE('',(#3798),#3804,.T.);
#3798 = FACE_BOUND('',#3799,.T.);
#3799 = EDGE_LOOP('',(#3800,#3801,#3802,#3803));
#3800 = ORIENTED_EDGE('',*,*,#3580,.F.);
#3801 = ORIENTED_EDGE('',*,*,#3556,.T.);
#3802 = ORIENTED_EDGE('',*,*,#3787,.T.);
#3803 = ORIENTED_EDGE('',*,*,#3636,.F.);
#3804 = PLANE('',#3805);
#3805 = AXIS2_PLACEMENT_3D('',#3806,#3807,#3808);
#3806 = CARTESIAN_POINT('',(6.,0.,22.));
#3807 = DIRECTION('',(0.,0.,1.));
#3808 = DIRECTION('',(1.,0.,0.));
#3809 = ADVANCED_FACE('',(#3810),#3821,.F.);
#3810 = FACE_BOUND('',#3811,.F.);
#3811 = EDGE_LOOP('',(#3812,#3813,#3814,#3820));
#3812 = ORIENTED_EDGE('',*,*,#3762,.F.);
#3813 = ORIENTED_EDGE('',*,*,#3533,.T.);
#3814 = ORIENTED_EDGE('',*,*,#3815,.T.);
#3815 = EDGE_CURVE('',#3526,#3613,#3816,.T.);
#3816 = LINE('',#3817,#3818);
#3817 = CARTESIAN_POINT('',(61.,-1.,19.));
#3818 = VECTOR('',#3819,1.);
#3819 = DIRECTION('',(0.,1.,0.));
#3820 = ORIENTED_EDGE('',*,*,#3620,.F.);
#3821 = PLANE('',#3822);
#3822 = AXIS2_PLACEMENT_3D('',#3823,#3824,#3825);
#3823 = CARTESIAN_POINT('',(9.,-1.,19.));
#3824 = DIRECTION('',(0.,0.,1.));
#3825 = DIRECTION('',(1.,0.,0.));
#3826 = ADVANCED_FACE('',(#3827),#3838,.F.);
#3827 = FACE_BOUND('',#3828,.F.);
#3828 = EDGE_LOOP('',(#3829,#3830,#3831,#3837));
#3829 = ORIENTED_EDGE('',*,*,#3815,.F.);
#3830 = ORIENTED_EDGE('',*,*,#3525,.T.);
#3831 = ORIENTED_EDGE('',*,*,#3832,.F.);
#3832 = EDGE_CURVE('',#3605,#3518,#3833,.T.);
#3833 = LINE('',#3834,#3835);
#3834 = CARTESIAN_POINT('',(61.,-0.5,4.));
#3835 = VECTOR('',#3836,1.);
#3836 = DIRECTION('',(0.,-1.,0.));
#3837 = ORIENTED_EDGE('',*,*,#3612,.F.);
#3838 = PLANE('',#3839);
#3839 = AXIS2_PLACEMENT_3D('',#3840,#3841,#3842);
#3840 = CARTESIAN_POINT('',(61.,-1.,-19.));
#3841 = DIRECTION('',(1.,0.,0.));
#3842 = DIRECTION('',(0.,0.,1.));
#3843 = ADVANCED_FACE('',(#3844),#3869,.F.);
#3844 = FACE_BOUND('',#3845,.F.);
#3845 = EDGE_LOOP('',(#3846,#3854,#3855,#3863));
#3846 = ORIENTED_EDGE('',*,*,#3847,.F.);
#3847 = EDGE_CURVE('',#3415,#3848,#3850,.T.);
#3848 = VERTEX_POINT('',#3849);
#3849 = CARTESIAN_POINT('',(76.,4.,-4.));
#3850 = LINE('',#3851,#3852);
#3851 = CARTESIAN_POINT('',(58.,4.,-4.));
#3852 = VECTOR('',#3853,1.);
#3853 = DIRECTION('',(1.,0.,0.));
#3854 = ORIENTED_EDGE('',*,*,#3653,.T.);
#3855 = ORIENTED_EDGE('',*,*,#3856,.T.);
#3856 = EDGE_CURVE('',#3359,#3857,#3859,.T.);
#3857 = VERTEX_POINT('',#3858);
#3858 = CARTESIAN_POINT('',(76.,0.,-4.));
#3859 = LINE('',#3860,#3861);
#3860 = CARTESIAN_POINT('',(58.,0.,-4.));
#3861 = VECTOR('',#3862,1.);
#3862 = DIRECTION('',(1.,0.,0.));
#3863 = ORIENTED_EDGE('',*,*,#3864,.T.);
#3864 = EDGE_CURVE('',#3857,#3848,#3865,.T.);
#3865 = LINE('',#3866,#3867);
#3866 = CARTESIAN_POINT('',(76.,0.,-4.));
#3867 = VECTOR('',#3868,1.);
#3868 = DIRECTION('',(0.,1.,0.));
#3869 = PLANE('',#3870);
#3870 = AXIS2_PLACEMENT_3D('',#3871,#3872,#3873);
#3871 = CARTESIAN_POINT('',(58.,0.,-4.));
#3872 = DIRECTION('',(0.,0.,1.));
#3873 = DIRECTION('',(1.,0.,0.));
#3874 = ADVANCED_FACE('',(#3875),#3893,.F.);
#3875 = FACE_BOUND('',#3876,.F.);
#3876 = EDGE_LOOP('',(#3877,#3878,#3879,#3887));
#3877 = ORIENTED_EDGE('',*,*,#3856,.F.);
#3878 = ORIENTED_EDGE('',*,*,#3667,.T.);
#3879 = ORIENTED_EDGE('',*,*,#3880,.T.);
#3880 = EDGE_CURVE('',#3508,#3881,#3883,.T.);
#3881 = VERTEX_POINT('',#3882);
#3882 = CARTESIAN_POINT('',(76.,0.,4.));
#3883 = LINE('',#3884,#3885);
#3884 = CARTESIAN_POINT('',(58.,0.,4.));
#3885 = VECTOR('',#3886,1.);
#3886 = DIRECTION('',(1.,0.,0.));
#3887 = ORIENTED_EDGE('',*,*,#3888,.F.);
#3888 = EDGE_CURVE('',#3857,#3881,#3889,.T.);
#3889 = LINE('',#3890,#3891);
#3890 = CARTESIAN_POINT('',(76.,0.,-4.));
#3891 = VECTOR('',#3892,1.);
#3892 = DIRECTION('',(0.,0.,1.));
#3893 = PLANE('',#3894);
#3894 = AXIS2_PLACEMENT_3D('',#3895,#3896,#3897);
#3895 = CARTESIAN_POINT('',(58.,0.,-4.));
#3896 = DIRECTION('',(0.,1.,0.));
#3897 = DIRECTION('',(0.,0.,1.));
#3898 = ADVANCED_FACE('',(#3899),#3924,.F.);
#3899 = FACE_BOUND('',#3900,.F.);
#3900 = EDGE_LOOP('',(#3901,#3909,#3917,#3923));
#3901 = ORIENTED_EDGE('',*,*,#3902,.F.);
#3902 = EDGE_CURVE('',#3903,#3391,#3905,.T.);
#3903 = VERTEX_POINT('',#3904);
#3904 = CARTESIAN_POINT('',(58.,0.,-4.));
#3905 = LINE('',#3906,#3907);
#3906 = CARTESIAN_POINT('',(58.,0.,-4.));
#3907 = VECTOR('',#3908,1.);
#3908 = DIRECTION('',(1.,0.,0.));
#3909 = ORIENTED_EDGE('',*,*,#3910,.T.);
#3910 = EDGE_CURVE('',#3903,#3911,#3913,.T.);
#3911 = VERTEX_POINT('',#3912);
#3912 = CARTESIAN_POINT('',(58.,0.,4.));
#3913 = LINE('',#3914,#3915);
#3914 = CARTESIAN_POINT('',(58.,0.,-4.));
#3915 = VECTOR('',#3916,1.);
#3916 = DIRECTION('',(0.,0.,1.));
#3917 = ORIENTED_EDGE('',*,*,#3918,.T.);
#3918 = EDGE_CURVE('',#3911,#3518,#3919,.T.);
#3919 = LINE('',#3920,#3921);
#3920 = CARTESIAN_POINT('',(58.,0.,4.));
#3921 = VECTOR('',#3922,1.);
#3922 = DIRECTION('',(1.,0.,0.));
#3923 = ORIENTED_EDGE('',*,*,#3674,.T.);
#3924 = PLANE('',#3925);
#3925 = AXIS2_PLACEMENT_3D('',#3926,#3927,#3928);
#3926 = CARTESIAN_POINT('',(58.,0.,-4.));
#3927 = DIRECTION('',(0.,1.,0.));
#3928 = DIRECTION('',(0.,0.,1.));
#3929 = ADVANCED_FACE('',(#3930),#3948,.F.);
#3930 = FACE_BOUND('',#3931,.F.);
#3931 = EDGE_LOOP('',(#3932,#3940,#3946,#3947));
#3932 = ORIENTED_EDGE('',*,*,#3933,.F.);
#3933 = EDGE_CURVE('',#3934,#3447,#3936,.T.);
#3934 = VERTEX_POINT('',#3935);
#3935 = CARTESIAN_POINT('',(58.,4.,-4.));
#3936 = LINE('',#3937,#3938);
#3937 = CARTESIAN_POINT('',(58.,4.,-4.));
#3938 = VECTOR('',#3939,1.);
#3939 = DIRECTION('',(1.,0.,0.));
#3940 = ORIENTED_EDGE('',*,*,#3941,.F.);
#3941 = EDGE_CURVE('',#3903,#3934,#3942,.T.);
#3942 = LINE('',#3943,#3944);
#3943 = CARTESIAN_POINT('',(58.,0.,-4.));
#3944 = VECTOR('',#3945,1.);
#3945 = DIRECTION('',(0.,1.,0.));
#3946 = ORIENTED_EDGE('',*,*,#3902,.T.);
#3947 = ORIENTED_EDGE('',*,*,#3689,.F.);
#3948 = PLANE('',#3949);
#3949 = AXIS2_PLACEMENT_3D('',#3950,#3951,#3952);
#3950 = CARTESIAN_POINT('',(58.,0.,-4.));
#3951 = DIRECTION('',(0.,0.,1.));
#3952 = DIRECTION('',(1.,0.,0.));
#3953 = ADVANCED_FACE('',(#3954),#3972,.T.);
#3954 = FACE_BOUND('',#3955,.T.);
#3955 = EDGE_LOOP('',(#3956,#3957,#3958,#3966));
#3956 = ORIENTED_EDGE('',*,*,#3847,.F.);
#3957 = ORIENTED_EDGE('',*,*,#3740,.T.);
#3958 = ORIENTED_EDGE('',*,*,#3959,.T.);
#3959 = EDGE_CURVE('',#3595,#3960,#3962,.T.);
#3960 = VERTEX_POINT('',#3961);
#3961 = CARTESIAN_POINT('',(76.,4.,4.));
#3962 = LINE('',#3963,#3964);
#3963 = CARTESIAN_POINT('',(58.,4.,4.));
#3964 = VECTOR('',#3965,1.);
#3965 = DIRECTION('',(1.,0.,0.));
#3966 = ORIENTED_EDGE('',*,*,#3967,.F.);
#3967 = EDGE_CURVE('',#3848,#3960,#3968,.T.);
#3968 = LINE('',#3969,#3970);
#3969 = CARTESIAN_POINT('',(76.,4.,-4.));
#3970 = VECTOR('',#3971,1.);
#3971 = DIRECTION('',(0.,0.,1.));
#3972 = PLANE('',#3973);
#3973 = AXIS2_PLACEMENT_3D('',#3974,#3975,#3976);
#3974 = CARTESIAN_POINT('',(58.,4.,-4.));
#3975 = DIRECTION('',(0.,1.,0.));
#3976 = DIRECTION('',(0.,0.,1.));
#3977 = ADVANCED_FACE('',(#3978),#3996,.T.);
#3978 = FACE_BOUND('',#3979,.T.);
#3979 = EDGE_LOOP('',(#3980,#3981,#3989,#3995));
#3980 = ORIENTED_EDGE('',*,*,#3933,.F.);
#3981 = ORIENTED_EDGE('',*,*,#3982,.T.);
#3982 = EDGE_CURVE('',#3934,#3983,#3985,.T.);
#3983 = VERTEX_POINT('',#3984);
#3984 = CARTESIAN_POINT('',(58.,4.,4.));
#3985 = LINE('',#3986,#3987);
#3986 = CARTESIAN_POINT('',(58.,4.,-4.));
#3987 = VECTOR('',#3988,1.);
#3988 = DIRECTION('',(0.,0.,1.));
#3989 = ORIENTED_EDGE('',*,*,#3990,.T.);
#3990 = EDGE_CURVE('',#3983,#3605,#3991,.T.);
#3991 = LINE('',#3992,#3993);
#3992 = CARTESIAN_POINT('',(58.,4.,4.));
#3993 = VECTOR('',#3994,1.);
#3994 = DIRECTION('',(1.,0.,0.));
#3995 = ORIENTED_EDGE('',*,*,#3747,.T.);
#3996 = PLANE('',#3997);
#3997 = AXIS2_PLACEMENT_3D('',#3998,#3999,#4000);
#3998 = CARTESIAN_POINT('',(58.,4.,-4.));
#3999 = DIRECTION('',(0.,1.,0.));
#4000 = DIRECTION('',(0.,0.,1.));
#4001 = ADVANCED_FACE('',(#4002),#4013,.T.);
#4002 = FACE_BOUND('',#4003,.T.);
#4003 = EDGE_LOOP('',(#4004,#4005,#4006,#4007));
#4004 = ORIENTED_EDGE('',*,*,#3959,.F.);
#4005 = ORIENTED_EDGE('',*,*,#3780,.T.);
#4006 = ORIENTED_EDGE('',*,*,#3880,.T.);
#4007 = ORIENTED_EDGE('',*,*,#4008,.T.);
#4008 = EDGE_CURVE('',#3881,#3960,#4009,.T.);
#4009 = LINE('',#4010,#4011);
#4010 = CARTESIAN_POINT('',(76.,0.,4.));
#4011 = VECTOR('',#4012,1.);
#4012 = DIRECTION('',(0.,1.,0.));
#4013 = PLANE('',#4014);
#4014 = AXIS2_PLACEMENT_3D('',#4015,#4016,#4017);
#4015 = CARTESIAN_POINT('',(58.,0.,4.));
#4016 = DIRECTION('',(0.,0.,1.));
#4017 = DIRECTION('',(1.,0.,0.));
#4018 = ADVANCED_FACE('',(#4019),#4030,.T.);
#4019 = FACE_BOUND('',#4020,.T.);
#4020 = EDGE_LOOP('',(#4021,#4022,#4028,#4029));
#4021 = ORIENTED_EDGE('',*,*,#3990,.F.);
#4022 = ORIENTED_EDGE('',*,*,#4023,.F.);
#4023 = EDGE_CURVE('',#3911,#3983,#4024,.T.);
#4024 = LINE('',#4025,#4026);
#4025 = CARTESIAN_POINT('',(58.,0.,4.));
#4026 = VECTOR('',#4027,1.);
#4027 = DIRECTION('',(0.,1.,0.));
#4028 = ORIENTED_EDGE('',*,*,#3918,.T.);
#4029 = ORIENTED_EDGE('',*,*,#3832,.F.);
#4030 = PLANE('',#4031);
#4031 = AXIS2_PLACEMENT_3D('',#4032,#4033,#4034);
#4032 = CARTESIAN_POINT('',(58.,0.,4.));
#4033 = DIRECTION('',(0.,0.,1.));
#4034 = DIRECTION('',(1.,0.,0.));
#4035 = ADVANCED_FACE('',(#4036),#4042,.T.);
#4036 = FACE_BOUND('',#4037,.T.);
#4037 = EDGE_LOOP('',(#4038,#4039,#4040,#4041));
#4038 = ORIENTED_EDGE('',*,*,#3888,.F.);
#4039 = ORIENTED_EDGE('',*,*,#3864,.T.);
#4040 = ORIENTED_EDGE('',*,*,#3967,.T.);
#4041 = ORIENTED_EDGE('',*,*,#4008,.F.);
#4042 = PLANE('',#4043);
#4043 = AXIS2_PLACEMENT_3D('',#4044,#4045,#4046);
#4044 = CARTESIAN_POINT('',(76.,0.,-4.));
#4045 = DIRECTION('',(1.,0.,0.));
#4046 = DIRECTION('',(0.,0.,1.));
#4047 = ADVANCED_FACE('',(#4048),#4054,.F.);
#4048 = FACE_BOUND('',#4049,.F.);
#4049 = EDGE_LOOP('',(#4050,#4051,#4052,#4053));
#4050 = ORIENTED_EDGE('',*,*,#3910,.F.);
#4051 = ORIENTED_EDGE('',*,*,#3941,.T.);
#4052 = ORIENTED_EDGE('',*,*,#3982,.T.);
#4053 = ORIENTED_EDGE('',*,*,#4023,.F.);
#4054 = PLANE('',#4055);
#4055 = AXIS2_PLACEMENT_3D('',#4056,#4057,#4058);
#4056 = CARTESIAN_POINT('',(58.,0.,-4.));
#4057 = DIRECTION('',(1.,0.,0.));
#4058 = DIRECTION('',(0.,0.,1.));
#4059 = MANIFOLD_SOLID_BREP('',#4060);
#4060 = CLOSED_SHELL('',(#4061,#4101,#4148,#4179,#4226,#4243,#4260,#4282
    ,#4294,#4325,#4342,#4366,#4390,#4407));
#4061 = ADVANCED_FACE('',(#4062),#4096,.F.);
#4062 = FACE_BOUND('',#4063,.F.);
#4063 = EDGE_LOOP('',(#4064,#4074,#4082,#4090));
#4064 = ORIENTED_EDGE('',*,*,#4065,.F.);
#4065 = EDGE_CURVE('',#4066,#4068,#4070,.T.);
#4066 = VERTEX_POINT('',#4067);
#4067 = CARTESIAN_POINT('',(-85.,2.,4.));
#4068 = VERTEX_POINT('',#4069);
#4069 = CARTESIAN_POINT('',(-85.,22.,4.));
#4070 = LINE('',#4071,#4072);
#4071 = CARTESIAN_POINT('',(-85.,2.,4.));
#4072 = VECTOR('',#4073,1.);
#4073 = DIRECTION('',(0.,1.,0.));
#4074 = ORIENTED_EDGE('',*,*,#4075,.F.);
#4075 = EDGE_CURVE('',#4076,#4066,#4078,.T.);
#4076 = VERTEX_POINT('',#4077);
#4077 = CARTESIAN_POINT('',(-85.,2.,-4.));
#4078 = LINE('',#4079,#4080);
#4079 = CARTESIAN_POINT('',(-85.,2.,-4.));
#4080 = VECTOR('',#4081,1.);
#4081 = DIRECTION('',(0.,0.,1.));
#4082 = ORIENTED_EDGE('',*,*,#4083,.T.);
#4083 = EDGE_CURVE('',#4076,#4084,#4086,.T.);
#4084 = VERTEX_POINT('',#4085);
#4085 = CARTESIAN_POINT('',(-85.,22.,-4.));
#4086 = LINE('',#4087,#4088);
#4087 = CARTESIAN_POINT('',(-85.,2.,-4.));
#4088 = VECTOR('',#4089,1.);
#4089 = DIRECTION('',(0.,1.,0.));
#4090 = ORIENTED_EDGE('',*,*,#4091,.T.);
#4091 = EDGE_CURVE('',#4084,#4068,#4092,.T.);
#4092 = LINE('',#4093,#4094);
#4093 = CARTESIAN_POINT('',(-85.,22.,-4.));
#4094 = VECTOR('',#4095,1.);
#4095 = DIRECTION('',(0.,0.,1.));
#4096 = PLANE('',#4097);
#4097 = AXIS2_PLACEMENT_3D('',#4098,#4099,#4100);
#4098 = CARTESIAN_POINT('',(-85.,2.,-4.));
#4099 = DIRECTION('',(1.,0.,0.));
#4100 = DIRECTION('',(0.,0.,1.));
#4101 = ADVANCED_FACE('',(#4102),#4143,.T.);
#4102 = FACE_BOUND('',#4103,.T.);
#4103 = EDGE_LOOP('',(#4104,#4105,#4113,#4121,#4129,#4137));
#4104 = ORIENTED_EDGE('',*,*,#4065,.F.);
#4105 = ORIENTED_EDGE('',*,*,#4106,.T.);
#4106 = EDGE_CURVE('',#4066,#4107,#4109,.T.);
#4107 = VERTEX_POINT('',#4108);
#4108 = CARTESIAN_POINT('',(-71.,2.,4.));
#4109 = LINE('',#4110,#4111);
#4110 = CARTESIAN_POINT('',(-85.,2.,4.));
#4111 = VECTOR('',#4112,1.);
#4112 = DIRECTION('',(1.,0.,0.));
#4113 = ORIENTED_EDGE('',*,*,#4114,.T.);
#4114 = EDGE_CURVE('',#4107,#4115,#4117,.T.);
#4115 = VERTEX_POINT('',#4116);
#4116 = CARTESIAN_POINT('',(-71.,24.,4.));
#4117 = LINE('',#4118,#4119);
#4118 = CARTESIAN_POINT('',(-71.,2.,4.));
#4119 = VECTOR('',#4120,1.);
#4120 = DIRECTION('',(0.,1.,0.));
#4121 = ORIENTED_EDGE('',*,*,#4122,.F.);
#4122 = EDGE_CURVE('',#4123,#4115,#4125,.T.);
#4123 = VERTEX_POINT('',#4124);
#4124 = CARTESIAN_POINT('',(-80.,24.,4.));
#4125 = LINE('',#4126,#4127);
#4126 = CARTESIAN_POINT('',(-85.,24.,4.));
#4127 = VECTOR('',#4128,1.);
#4128 = DIRECTION('',(1.,0.,0.));
#4129 = ORIENTED_EDGE('',*,*,#4130,.F.);
#4130 = EDGE_CURVE('',#4131,#4123,#4133,.T.);
#4131 = VERTEX_POINT('',#4132);
#4132 = CARTESIAN_POINT('',(-80.,22.,4.));
#4133 = LINE('',#4134,#4135);
#4134 = CARTESIAN_POINT('',(-80.,22.,4.));
#4135 = VECTOR('',#4136,1.);
#4136 = DIRECTION('',(0.,1.,0.));
#4137 = ORIENTED_EDGE('',*,*,#4138,.F.);
#4138 = EDGE_CURVE('',#4068,#4131,#4139,.T.);
#4139 = LINE('',#4140,#4141);
#4140 = CARTESIAN_POINT('',(-85.,22.,4.));
#4141 = VECTOR('',#4142,1.);
#4142 = DIRECTION('',(1.,0.,0.));
#4143 = PLANE('',#4144);
#4144 = AXIS2_PLACEMENT_3D('',#4145,#4146,#4147);
#4145 = CARTESIAN_POINT('',(-85.,2.,4.));
#4146 = DIRECTION('',(0.,0.,1.));
#4147 = DIRECTION('',(1.,0.,0.));
#4148 = ADVANCED_FACE('',(#4149),#4174,.F.);
#4149 = FACE_BOUND('',#4150,.F.);
#4150 = EDGE_LOOP('',(#4151,#4159,#4160,#4168));
#4151 = ORIENTED_EDGE('',*,*,#4152,.F.);
#4152 = EDGE_CURVE('',#4068,#4153,#4155,.T.);
#4153 = VERTEX_POINT('',#4154);
#4154 = CARTESIAN_POINT('',(-85.,24.,4.));
#4155 = LINE('',#4156,#4157);
#4156 = CARTESIAN_POINT('',(-85.,2.,4.));
#4157 = VECTOR('',#4158,1.);
#4158 = DIRECTION('',(0.,1.,0.));
#4159 = ORIENTED_EDGE('',*,*,#4091,.F.);
#4160 = ORIENTED_EDGE('',*,*,#4161,.T.);
#4161 = EDGE_CURVE('',#4084,#4162,#4164,.T.);
#4162 = VERTEX_POINT('',#4163);
#4163 = CARTESIAN_POINT('',(-85.,24.,-4.));
#4164 = LINE('',#4165,#4166);
#4165 = CARTESIAN_POINT('',(-85.,2.,-4.));
#4166 = VECTOR('',#4167,1.);
#4167 = DIRECTION('',(0.,1.,0.));
#4168 = ORIENTED_EDGE('',*,*,#4169,.T.);
#4169 = EDGE_CURVE('',#4162,#4153,#4170,.T.);
#4170 = LINE('',#4171,#4172);
#4171 = CARTESIAN_POINT('',(-85.,24.,-4.));
#4172 = VECTOR('',#4173,1.);
#4173 = DIRECTION('',(0.,0.,1.));
#4174 = PLANE('',#4175);
#4175 = AXIS2_PLACEMENT_3D('',#4176,#4177,#4178);
#4176 = CARTESIAN_POINT('',(-85.,2.,-4.));
#4177 = DIRECTION('',(1.,0.,0.));
#4178 = DIRECTION('',(0.,0.,1.));
#4179 = ADVANCED_FACE('',(#4180),#4221,.F.);
#4180 = FACE_BOUND('',#4181,.F.);
#4181 = EDGE_LOOP('',(#4182,#4183,#4191,#4199,#4207,#4215));
#4182 = ORIENTED_EDGE('',*,*,#4083,.F.);
#4183 = ORIENTED_EDGE('',*,*,#4184,.T.);
#4184 = EDGE_CURVE('',#4076,#4185,#4187,.T.);
#4185 = VERTEX_POINT('',#4186);
#4186 = CARTESIAN_POINT('',(-71.,2.,-4.));
#4187 = LINE('',#4188,#4189);
#4188 = CARTESIAN_POINT('',(-85.,2.,-4.));
#4189 = VECTOR('',#4190,1.);
#4190 = DIRECTION('',(1.,0.,0.));
#4191 = ORIENTED_EDGE('',*,*,#4192,.T.);
#4192 = EDGE_CURVE('',#4185,#4193,#4195,.T.);
#4193 = VERTEX_POINT('',#4194);
#4194 = CARTESIAN_POINT('',(-71.,24.,-4.));
#4195 = LINE('',#4196,#4197);
#4196 = CARTESIAN_POINT('',(-71.,2.,-4.));
#4197 = VECTOR('',#4198,1.);
#4198 = DIRECTION('',(0.,1.,0.));
#4199 = ORIENTED_EDGE('',*,*,#4200,.F.);
#4200 = EDGE_CURVE('',#4201,#4193,#4203,.T.);
#4201 = VERTEX_POINT('',#4202);
#4202 = CARTESIAN_POINT('',(-80.,24.,-4.));
#4203 = LINE('',#4204,#4205);
#4204 = CARTESIAN_POINT('',(-85.,24.,-4.));
#4205 = VECTOR('',#4206,1.);
#4206 = DIRECTION('',(1.,0.,0.));
#4207 = ORIENTED_EDGE('',*,*,#4208,.F.);
#4208 = EDGE_CURVE('',#4209,#4201,#4211,.T.);
#4209 = VERTEX_POINT('',#4210);
#4210 = CARTESIAN_POINT('',(-80.,22.,-4.));
#4211 = LINE('',#4212,#4213);
#4212 = CARTESIAN_POINT('',(-80.,22.,-4.));
#4213 = VECTOR('',#4214,1.);
#4214 = DIRECTION('',(0.,1.,0.));
#4215 = ORIENTED_EDGE('',*,*,#4216,.F.);
#4216 = EDGE_CURVE('',#4084,#4209,#4217,.T.);
#4217 = LINE('',#4218,#4219);
#4218 = CARTESIAN_POINT('',(-85.,22.,-4.));
#4219 = VECTOR('',#4220,1.);
#4220 = DIRECTION('',(1.,0.,0.));
#4221 = PLANE('',#4222);
#4222 = AXIS2_PLACEMENT_3D('',#4223,#4224,#4225);
#4223 = CARTESIAN_POINT('',(-85.,2.,-4.));
#4224 = DIRECTION('',(0.,0.,1.));
#4225 = DIRECTION('',(1.,0.,0.));
#4226 = ADVANCED_FACE('',(#4227),#4238,.F.);
#4227 = FACE_BOUND('',#4228,.F.);
#4228 = EDGE_LOOP('',(#4229,#4230,#4231,#4232));
#4229 = ORIENTED_EDGE('',*,*,#4184,.F.);
#4230 = ORIENTED_EDGE('',*,*,#4075,.T.);
#4231 = ORIENTED_EDGE('',*,*,#4106,.T.);
#4232 = ORIENTED_EDGE('',*,*,#4233,.F.);
#4233 = EDGE_CURVE('',#4185,#4107,#4234,.T.);
#4234 = LINE('',#4235,#4236);
#4235 = CARTESIAN_POINT('',(-71.,2.,-4.));
#4236 = VECTOR('',#4237,1.);
#4237 = DIRECTION('',(0.,0.,1.));
#4238 = PLANE('',#4239);
#4239 = AXIS2_PLACEMENT_3D('',#4240,#4241,#4242);
#4240 = CARTESIAN_POINT('',(-85.,2.,-4.));
#4241 = DIRECTION('',(0.,1.,0.));
#4242 = DIRECTION('',(0.,0.,1.));
#4243 = ADVANCED_FACE('',(#4244),#4255,.T.);
#4244 = FACE_BOUND('',#4245,.T.);
#4245 = EDGE_LOOP('',(#4246,#4247,#4248,#4249));
#4246 = ORIENTED_EDGE('',*,*,#4152,.F.);
#4247 = ORIENTED_EDGE('',*,*,#4138,.T.);
#4248 = ORIENTED_EDGE('',*,*,#4130,.T.);
#4249 = ORIENTED_EDGE('',*,*,#4250,.F.);
#4250 = EDGE_CURVE('',#4153,#4123,#4251,.T.);
#4251 = LINE('',#4252,#4253);
#4252 = CARTESIAN_POINT('',(-85.,24.,4.));
#4253 = VECTOR('',#4254,1.);
#4254 = DIRECTION('',(1.,0.,0.));
#4255 = PLANE('',#4256);
#4256 = AXIS2_PLACEMENT_3D('',#4257,#4258,#4259);
#4257 = CARTESIAN_POINT('',(-85.,2.,4.));
#4258 = DIRECTION('',(0.,0.,1.));
#4259 = DIRECTION('',(1.,0.,0.));
#4260 = ADVANCED_FACE('',(#4261),#4277,.T.);
#4261 = FACE_BOUND('',#4262,.T.);
#4262 = EDGE_LOOP('',(#4263,#4264,#4270,#4271));
#4263 = ORIENTED_EDGE('',*,*,#4200,.F.);
#4264 = ORIENTED_EDGE('',*,*,#4265,.F.);
#4265 = EDGE_CURVE('',#4123,#4201,#4266,.T.);
#4266 = LINE('',#4267,#4268);
#4267 = CARTESIAN_POINT('',(-80.,24.,-4.));
#4268 = VECTOR('',#4269,1.);
#4269 = DIRECTION('',(0.,0.,-1.));
#4270 = ORIENTED_EDGE('',*,*,#4122,.T.);
#4271 = ORIENTED_EDGE('',*,*,#4272,.F.);
#4272 = EDGE_CURVE('',#4193,#4115,#4273,.T.);
#4273 = LINE('',#4274,#4275);
#4274 = CARTESIAN_POINT('',(-71.,24.,-4.));
#4275 = VECTOR('',#4276,1.);
#4276 = DIRECTION('',(0.,0.,1.));
#4277 = PLANE('',#4278);
#4278 = AXIS2_PLACEMENT_3D('',#4279,#4280,#4281);
#4279 = CARTESIAN_POINT('',(-85.,24.,-4.));
#4280 = DIRECTION('',(0.,1.,0.));
#4281 = DIRECTION('',(0.,0.,1.));
#4282 = ADVANCED_FACE('',(#4283),#4289,.T.);
#4283 = FACE_BOUND('',#4284,.T.);
#4284 = EDGE_LOOP('',(#4285,#4286,#4287,#4288));
#4285 = ORIENTED_EDGE('',*,*,#4233,.F.);
#4286 = ORIENTED_EDGE('',*,*,#4192,.T.);
#4287 = ORIENTED_EDGE('',*,*,#4272,.T.);
#4288 = ORIENTED_EDGE('',*,*,#4114,.F.);
#4289 = PLANE('',#4290);
#4290 = AXIS2_PLACEMENT_3D('',#4291,#4292,#4293);
#4291 = CARTESIAN_POINT('',(-71.,2.,-4.));
#4292 = DIRECTION('',(1.,0.,0.));
#4293 = DIRECTION('',(0.,0.,1.));
#4294 = ADVANCED_FACE('',(#4295),#4320,.F.);
#4295 = FACE_BOUND('',#4296,.F.);
#4296 = EDGE_LOOP('',(#4297,#4298,#4306,#4314));
#4297 = ORIENTED_EDGE('',*,*,#4169,.F.);
#4298 = ORIENTED_EDGE('',*,*,#4299,.T.);
#4299 = EDGE_CURVE('',#4162,#4300,#4302,.T.);
#4300 = VERTEX_POINT('',#4301);
#4301 = CARTESIAN_POINT('',(-85.,147.,-4.));
#4302 = LINE('',#4303,#4304);
#4303 = CARTESIAN_POINT('',(-85.,22.,-4.));
#4304 = VECTOR('',#4305,1.);
#4305 = DIRECTION('',(0.,1.,0.));
#4306 = ORIENTED_EDGE('',*,*,#4307,.T.);
#4307 = EDGE_CURVE('',#4300,#4308,#4310,.T.);
#4308 = VERTEX_POINT('',#4309);
#4309 = CARTESIAN_POINT('',(-85.,147.,4.));
#4310 = LINE('',#4311,#4312);
#4311 = CARTESIAN_POINT('',(-85.,147.,-4.));
#4312 = VECTOR('',#4313,1.);
#4313 = DIRECTION('',(0.,0.,1.));
#4314 = ORIENTED_EDGE('',*,*,#4315,.F.);
#4315 = EDGE_CURVE('',#4153,#4308,#4316,.T.);
#4316 = LINE('',#4317,#4318);
#4317 = CARTESIAN_POINT('',(-85.,22.,4.));
#4318 = VECTOR('',#4319,1.);
#4319 = DIRECTION('',(0.,1.,0.));
#4320 = PLANE('',#4321);
#4321 = AXIS2_PLACEMENT_3D('',#4322,#4323,#4324);
#4322 = CARTESIAN_POINT('',(-85.,22.,-4.));
#4323 = DIRECTION('',(1.,0.,0.));
#4324 = DIRECTION('',(0.,0.,1.));
#4325 = ADVANCED_FACE('',(#4326),#4337,.F.);
#4326 = FACE_BOUND('',#4327,.F.);
#4327 = EDGE_LOOP('',(#4328,#4329,#4330,#4331));
#4328 = ORIENTED_EDGE('',*,*,#4161,.F.);
#4329 = ORIENTED_EDGE('',*,*,#4216,.T.);
#4330 = ORIENTED_EDGE('',*,*,#4208,.T.);
#4331 = ORIENTED_EDGE('',*,*,#4332,.F.);
#4332 = EDGE_CURVE('',#4162,#4201,#4333,.T.);
#4333 = LINE('',#4334,#4335);
#4334 = CARTESIAN_POINT('',(-85.,24.,-4.));
#4335 = VECTOR('',#4336,1.);
#4336 = DIRECTION('',(1.,0.,0.));
#4337 = PLANE('',#4338);
#4338 = AXIS2_PLACEMENT_3D('',#4339,#4340,#4341);
#4339 = CARTESIAN_POINT('',(-85.,2.,-4.));
#4340 = DIRECTION('',(0.,0.,1.));
#4341 = DIRECTION('',(1.,0.,0.));
#4342 = ADVANCED_FACE('',(#4343),#4361,.T.);
#4343 = FACE_BOUND('',#4344,.T.);
#4344 = EDGE_LOOP('',(#4345,#4346,#4347,#4355));
#4345 = ORIENTED_EDGE('',*,*,#4315,.F.);
#4346 = ORIENTED_EDGE('',*,*,#4250,.T.);
#4347 = ORIENTED_EDGE('',*,*,#4348,.T.);
#4348 = EDGE_CURVE('',#4123,#4349,#4351,.T.);
#4349 = VERTEX_POINT('',#4350);
#4350 = CARTESIAN_POINT('',(-80.,147.,4.));
#4351 = LINE('',#4352,#4353);
#4352 = CARTESIAN_POINT('',(-80.,22.,4.));
#4353 = VECTOR('',#4354,1.);
#4354 = DIRECTION('',(0.,1.,0.));
#4355 = ORIENTED_EDGE('',*,*,#4356,.F.);
#4356 = EDGE_CURVE('',#4308,#4349,#4357,.T.);
#4357 = LINE('',#4358,#4359);
#4358 = CARTESIAN_POINT('',(-85.,147.,4.));
#4359 = VECTOR('',#4360,1.);
#4360 = DIRECTION('',(1.,0.,0.));
#4361 = PLANE('',#4362);
#4362 = AXIS2_PLACEMENT_3D('',#4363,#4364,#4365);
#4363 = CARTESIAN_POINT('',(-85.,22.,4.));
#4364 = DIRECTION('',(0.,0.,1.));
#4365 = DIRECTION('',(1.,0.,0.));
#4366 = ADVANCED_FACE('',(#4367),#4385,.T.);
#4367 = FACE_BOUND('',#4368,.T.);
#4368 = EDGE_LOOP('',(#4369,#4370,#4378,#4384));
#4369 = ORIENTED_EDGE('',*,*,#4265,.T.);
#4370 = ORIENTED_EDGE('',*,*,#4371,.T.);
#4371 = EDGE_CURVE('',#4201,#4372,#4374,.T.);
#4372 = VERTEX_POINT('',#4373);
#4373 = CARTESIAN_POINT('',(-80.,147.,-4.));
#4374 = LINE('',#4375,#4376);
#4375 = CARTESIAN_POINT('',(-80.,22.,-4.));
#4376 = VECTOR('',#4377,1.);
#4377 = DIRECTION('',(0.,1.,0.));
#4378 = ORIENTED_EDGE('',*,*,#4379,.T.);
#4379 = EDGE_CURVE('',#4372,#4349,#4380,.T.);
#4380 = LINE('',#4381,#4382);
#4381 = CARTESIAN_POINT('',(-80.,147.,-4.));
#4382 = VECTOR('',#4383,1.);
#4383 = DIRECTION('',(0.,0.,1.));
#4384 = ORIENTED_EDGE('',*,*,#4348,.F.);
#4385 = PLANE('',#4386);
#4386 = AXIS2_PLACEMENT_3D('',#4387,#4388,#4389);
#4387 = CARTESIAN_POINT('',(-80.,22.,-4.));
#4388 = DIRECTION('',(1.,0.,0.));
#4389 = DIRECTION('',(0.,0.,1.));
#4390 = ADVANCED_FACE('',(#4391),#4402,.T.);
#4391 = FACE_BOUND('',#4392,.T.);
#4392 = EDGE_LOOP('',(#4393,#4399,#4400,#4401));
#4393 = ORIENTED_EDGE('',*,*,#4394,.F.);
#4394 = EDGE_CURVE('',#4300,#4372,#4395,.T.);
#4395 = LINE('',#4396,#4397);
#4396 = CARTESIAN_POINT('',(-85.,147.,-4.));
#4397 = VECTOR('',#4398,1.);
#4398 = DIRECTION('',(1.,0.,0.));
#4399 = ORIENTED_EDGE('',*,*,#4307,.T.);
#4400 = ORIENTED_EDGE('',*,*,#4356,.T.);
#4401 = ORIENTED_EDGE('',*,*,#4379,.F.);
#4402 = PLANE('',#4403);
#4403 = AXIS2_PLACEMENT_3D('',#4404,#4405,#4406);
#4404 = CARTESIAN_POINT('',(-85.,147.,-4.));
#4405 = DIRECTION('',(0.,1.,0.));
#4406 = DIRECTION('',(0.,0.,1.));
#4407 = ADVANCED_FACE('',(#4408),#4414,.F.);
#4408 = FACE_BOUND('',#4409,.F.);
#4409 = EDGE_LOOP('',(#4410,#4411,#4412,#4413));
#4410 = ORIENTED_EDGE('',*,*,#4299,.F.);
#4411 = ORIENTED_EDGE('',*,*,#4332,.T.);
#4412 = ORIENTED_EDGE('',*,*,#4371,.T.);
#4413 = ORIENTED_EDGE('',*,*,#4394,.F.);
#4414 = PLANE('',#4415);
#4415 = AXIS2_PLACEMENT_3D('',#4416,#4417,#4418);
#4416 = CARTESIAN_POINT('',(-85.,22.,-4.));
#4417 = DIRECTION('',(0.,0.,1.));
#4418 = DIRECTION('',(1.,0.,0.));
#4419 = MANIFOLD_SOLID_BREP('',#4420);
#4420 = CLOSED_SHELL('',(#4421,#4461,#4492,#4532,#4556,#4589,#4606,#4630
    ,#4661,#4685,#4702,#4726,#4750,#4767));
#4421 = ADVANCED_FACE('',(#4422),#4456,.F.);
#4422 = FACE_BOUND('',#4423,.F.);
#4423 = EDGE_LOOP('',(#4424,#4434,#4442,#4450));
#4424 = ORIENTED_EDGE('',*,*,#4425,.F.);
#4425 = EDGE_CURVE('',#4426,#4428,#4430,.T.);
#4426 = VERTEX_POINT('',#4427);
#4427 = CARTESIAN_POINT('',(71.,2.,-4.));
#4428 = VERTEX_POINT('',#4429);
#4429 = CARTESIAN_POINT('',(71.,2.,4.));
#4430 = LINE('',#4431,#4432);
#4431 = CARTESIAN_POINT('',(71.,2.,-4.));
#4432 = VECTOR('',#4433,1.);
#4433 = DIRECTION('',(0.,0.,1.));
#4434 = ORIENTED_EDGE('',*,*,#4435,.T.);
#4435 = EDGE_CURVE('',#4426,#4436,#4438,.T.);
#4436 = VERTEX_POINT('',#4437);
#4437 = CARTESIAN_POINT('',(71.,24.,-4.));
#4438 = LINE('',#4439,#4440);
#4439 = CARTESIAN_POINT('',(71.,2.,-4.));
#4440 = VECTOR('',#4441,1.);
#4441 = DIRECTION('',(0.,1.,0.));
#4442 = ORIENTED_EDGE('',*,*,#4443,.T.);
#4443 = EDGE_CURVE('',#4436,#4444,#4446,.T.);
#4444 = VERTEX_POINT('',#4445);
#4445 = CARTESIAN_POINT('',(71.,24.,4.));
#4446 = LINE('',#4447,#4448);
#4447 = CARTESIAN_POINT('',(71.,24.,-4.));
#4448 = VECTOR('',#4449,1.);
#4449 = DIRECTION('',(0.,0.,1.));
#4450 = ORIENTED_EDGE('',*,*,#4451,.F.);
#4451 = EDGE_CURVE('',#4428,#4444,#4452,.T.);
#4452 = LINE('',#4453,#4454);
#4453 = CARTESIAN_POINT('',(71.,2.,4.));
#4454 = VECTOR('',#4455,1.);
#4455 = DIRECTION('',(0.,1.,0.));
#4456 = PLANE('',#4457);
#4457 = AXIS2_PLACEMENT_3D('',#4458,#4459,#4460);
#4458 = CARTESIAN_POINT('',(71.,2.,-4.));
#4459 = DIRECTION('',(1.,0.,0.));
#4460 = DIRECTION('',(0.,0.,1.));
#4461 = ADVANCED_FACE('',(#4462),#4487,.F.);
#4462 = FACE_BOUND('',#4463,.F.);
#4463 = EDGE_LOOP('',(#4464,#4472,#4473,#4481));
#4464 = ORIENTED_EDGE('',*,*,#4465,.F.);
#4465 = EDGE_CURVE('',#4426,#4466,#4468,.T.);
#4466 = VERTEX_POINT('',#4467);
#4467 = CARTESIAN_POINT('',(85.,2.,-4.));
#4468 = LINE('',#4469,#4470);
#4469 = CARTESIAN_POINT('',(71.,2.,-4.));
#4470 = VECTOR('',#4471,1.);
#4471 = DIRECTION('',(1.,0.,0.));
#4472 = ORIENTED_EDGE('',*,*,#4425,.T.);
#4473 = ORIENTED_EDGE('',*,*,#4474,.T.);
#4474 = EDGE_CURVE('',#4428,#4475,#4477,.T.);
#4475 = VERTEX_POINT('',#4476);
#4476 = CARTESIAN_POINT('',(85.,2.,4.));
#4477 = LINE('',#4478,#4479);
#4478 = CARTESIAN_POINT('',(71.,2.,4.));
#4479 = VECTOR('',#4480,1.);
#4480 = DIRECTION('',(1.,0.,0.));
#4481 = ORIENTED_EDGE('',*,*,#4482,.F.);
#4482 = EDGE_CURVE('',#4466,#4475,#4483,.T.);
#4483 = LINE('',#4484,#4485);
#4484 = CARTESIAN_POINT('',(85.,2.,-4.));
#4485 = VECTOR('',#4486,1.);
#4486 = DIRECTION('',(0.,0.,1.));
#4487 = PLANE('',#4488);
#4488 = AXIS2_PLACEMENT_3D('',#4489,#4490,#4491);
#4489 = CARTESIAN_POINT('',(71.,2.,-4.));
#4490 = DIRECTION('',(0.,1.,0.));
#4491 = DIRECTION('',(0.,0.,1.));
#4492 = ADVANCED_FACE('',(#4493),#4527,.T.);
#4493 = FACE_BOUND('',#4494,.T.);
#4494 = EDGE_LOOP('',(#4495,#4503,#4504,#4505,#4513,#4521));
#4495 = ORIENTED_EDGE('',*,*,#4496,.F.);
#4496 = EDGE_CURVE('',#4444,#4497,#4499,.T.);
#4497 = VERTEX_POINT('',#4498);
#4498 = CARTESIAN_POINT('',(80.,24.,4.));
#4499 = LINE('',#4500,#4501);
#4500 = CARTESIAN_POINT('',(71.,24.,4.));
#4501 = VECTOR('',#4502,1.);
#4502 = DIRECTION('',(1.,0.,0.));
#4503 = ORIENTED_EDGE('',*,*,#4451,.F.);
#4504 = ORIENTED_EDGE('',*,*,#4474,.T.);
#4505 = ORIENTED_EDGE('',*,*,#4506,.T.);
#4506 = EDGE_CURVE('',#4475,#4507,#4509,.T.);
#4507 = VERTEX_POINT('',#4508);
#4508 = CARTESIAN_POINT('',(85.,22.,4.));
#4509 = LINE('',#4510,#4511);
#4510 = CARTESIAN_POINT('',(85.,2.,4.));
#4511 = VECTOR('',#4512,1.);
#4512 = DIRECTION('',(0.,1.,0.));
#4513 = ORIENTED_EDGE('',*,*,#4514,.F.);
#4514 = EDGE_CURVE('',#4515,#4507,#4517,.T.);
#4515 = VERTEX_POINT('',#4516);
#4516 = CARTESIAN_POINT('',(80.,22.,4.));
#4517 = LINE('',#4518,#4519);
#4518 = CARTESIAN_POINT('',(80.,22.,4.));
#4519 = VECTOR('',#4520,1.);
#4520 = DIRECTION('',(1.,0.,0.));
#4521 = ORIENTED_EDGE('',*,*,#4522,.T.);
#4522 = EDGE_CURVE('',#4515,#4497,#4523,.T.);
#4523 = LINE('',#4524,#4525);
#4524 = CARTESIAN_POINT('',(80.,22.,4.));
#4525 = VECTOR('',#4526,1.);
#4526 = DIRECTION('',(0.,1.,0.));
#4527 = PLANE('',#4528);
#4528 = AXIS2_PLACEMENT_3D('',#4529,#4530,#4531);
#4529 = CARTESIAN_POINT('',(71.,2.,4.));
#4530 = DIRECTION('',(0.,0.,1.));
#4531 = DIRECTION('',(1.,0.,0.));
#4532 = ADVANCED_FACE('',(#4533),#4551,.T.);
#4533 = FACE_BOUND('',#4534,.T.);
#4534 = EDGE_LOOP('',(#4535,#4543,#4544,#4545));
#4535 = ORIENTED_EDGE('',*,*,#4536,.F.);
#4536 = EDGE_CURVE('',#4436,#4537,#4539,.T.);
#4537 = VERTEX_POINT('',#4538);
#4538 = CARTESIAN_POINT('',(80.,24.,-4.));
#4539 = LINE('',#4540,#4541);
#4540 = CARTESIAN_POINT('',(71.,24.,-4.));
#4541 = VECTOR('',#4542,1.);
#4542 = DIRECTION('',(1.,0.,0.));
#4543 = ORIENTED_EDGE('',*,*,#4443,.T.);
#4544 = ORIENTED_EDGE('',*,*,#4496,.T.);
#4545 = ORIENTED_EDGE('',*,*,#4546,.T.);
#4546 = EDGE_CURVE('',#4497,#4537,#4547,.T.);
#4547 = LINE('',#4548,#4549);
#4548 = CARTESIAN_POINT('',(80.,24.,-4.));
#4549 = VECTOR('',#4550,1.);
#4550 = DIRECTION('',(0.,0.,-1.));
#4551 = PLANE('',#4552);
#4552 = AXIS2_PLACEMENT_3D('',#4553,#4554,#4555);
#4553 = CARTESIAN_POINT('',(71.,24.,-4.));
#4554 = DIRECTION('',(0.,1.,0.));
#4555 = DIRECTION('',(0.,0.,1.));
#4556 = ADVANCED_FACE('',(#4557),#4584,.F.);
#4557 = FACE_BOUND('',#4558,.F.);
#4558 = EDGE_LOOP('',(#4559,#4560,#4561,#4562,#4570,#4578));
#4559 = ORIENTED_EDGE('',*,*,#4536,.F.);
#4560 = ORIENTED_EDGE('',*,*,#4435,.F.);
#4561 = ORIENTED_EDGE('',*,*,#4465,.T.);
#4562 = ORIENTED_EDGE('',*,*,#4563,.T.);
#4563 = EDGE_CURVE('',#4466,#4564,#4566,.T.);
#4564 = VERTEX_POINT('',#4565);
#4565 = CARTESIAN_POINT('',(85.,22.,-4.));
#4566 = LINE('',#4567,#4568);
#4567 = CARTESIAN_POINT('',(85.,2.,-4.));
#4568 = VECTOR('',#4569,1.);
#4569 = DIRECTION('',(0.,1.,0.));
#4570 = ORIENTED_EDGE('',*,*,#4571,.F.);
#4571 = EDGE_CURVE('',#4572,#4564,#4574,.T.);
#4572 = VERTEX_POINT('',#4573);
#4573 = CARTESIAN_POINT('',(80.,22.,-4.));
#4574 = LINE('',#4575,#4576);
#4575 = CARTESIAN_POINT('',(80.,22.,-4.));
#4576 = VECTOR('',#4577,1.);
#4577 = DIRECTION('',(1.,0.,0.));
#4578 = ORIENTED_EDGE('',*,*,#4579,.T.);
#4579 = EDGE_CURVE('',#4572,#4537,#4580,.T.);
#4580 = LINE('',#4581,#4582);
#4581 = CARTESIAN_POINT('',(80.,22.,-4.));
#4582 = VECTOR('',#4583,1.);
#4583 = DIRECTION('',(0.,1.,0.));
#4584 = PLANE('',#4585);
#4585 = AXIS2_PLACEMENT_3D('',#4586,#4587,#4588);
#4586 = CARTESIAN_POINT('',(71.,2.,-4.));
#4587 = DIRECTION('',(0.,0.,1.));
#4588 = DIRECTION('',(1.,0.,0.));
#4589 = ADVANCED_FACE('',(#4590),#4601,.T.);
#4590 = FACE_BOUND('',#4591,.T.);
#4591 = EDGE_LOOP('',(#4592,#4593,#4594,#4595));
#4592 = ORIENTED_EDGE('',*,*,#4506,.F.);
#4593 = ORIENTED_EDGE('',*,*,#4482,.F.);
#4594 = ORIENTED_EDGE('',*,*,#4563,.T.);
#4595 = ORIENTED_EDGE('',*,*,#4596,.T.);
#4596 = EDGE_CURVE('',#4564,#4507,#4597,.T.);
#4597 = LINE('',#4598,#4599);
#4598 = CARTESIAN_POINT('',(85.,22.,-4.));
#4599 = VECTOR('',#4600,1.);
#4600 = DIRECTION('',(0.,0.,1.));
#4601 = PLANE('',#4602);
#4602 = AXIS2_PLACEMENT_3D('',#4603,#4604,#4605);
#4603 = CARTESIAN_POINT('',(85.,2.,-4.));
#4604 = DIRECTION('',(1.,0.,0.));
#4605 = DIRECTION('',(0.,0.,1.));
#4606 = ADVANCED_FACE('',(#4607),#4625,.T.);
#4607 = FACE_BOUND('',#4608,.T.);
#4608 = EDGE_LOOP('',(#4609,#4617,#4618,#4619));
#4609 = ORIENTED_EDGE('',*,*,#4610,.F.);
#4610 = EDGE_CURVE('',#4497,#4611,#4613,.T.);
#4611 = VERTEX_POINT('',#4612);
#4612 = CARTESIAN_POINT('',(85.,24.,4.));
#4613 = LINE('',#4614,#4615);
#4614 = CARTESIAN_POINT('',(71.,24.,4.));
#4615 = VECTOR('',#4616,1.);
#4616 = DIRECTION('',(1.,0.,0.));
#4617 = ORIENTED_EDGE('',*,*,#4522,.F.);
#4618 = ORIENTED_EDGE('',*,*,#4514,.T.);
#4619 = ORIENTED_EDGE('',*,*,#4620,.T.);
#4620 = EDGE_CURVE('',#4507,#4611,#4621,.T.);
#4621 = LINE('',#4622,#4623);
#4622 = CARTESIAN_POINT('',(85.,2.,4.));
#4623 = VECTOR('',#4624,1.);
#4624 = DIRECTION('',(0.,1.,0.));
#4625 = PLANE('',#4626);
#4626 = AXIS2_PLACEMENT_3D('',#4627,#4628,#4629);
#4627 = CARTESIAN_POINT('',(71.,2.,4.));
#4628 = DIRECTION('',(0.,0.,1.));
#4629 = DIRECTION('',(1.,0.,0.));
#4630 = ADVANCED_FACE('',(#4631),#4656,.F.);
#4631 = FACE_BOUND('',#4632,.F.);
#4632 = EDGE_LOOP('',(#4633,#4634,#4642,#4650));
#4633 = ORIENTED_EDGE('',*,*,#4546,.T.);
#4634 = ORIENTED_EDGE('',*,*,#4635,.T.);
#4635 = EDGE_CURVE('',#4537,#4636,#4638,.T.);
#4636 = VERTEX_POINT('',#4637);
#4637 = CARTESIAN_POINT('',(80.,147.,-4.));
#4638 = LINE('',#4639,#4640);
#4639 = CARTESIAN_POINT('',(80.,22.,-4.));
#4640 = VECTOR('',#4641,1.);
#4641 = DIRECTION('',(0.,1.,0.));
#4642 = ORIENTED_EDGE('',*,*,#4643,.T.);
#4643 = EDGE_CURVE('',#4636,#4644,#4646,.T.);
#4644 = VERTEX_POINT('',#4645);
#4645 = CARTESIAN_POINT('',(80.,147.,4.));
#4646 = LINE('',#4647,#4648);
#4647 = CARTESIAN_POINT('',(80.,147.,-4.));
#4648 = VECTOR('',#4649,1.);
#4649 = DIRECTION('',(0.,0.,1.));
#4650 = ORIENTED_EDGE('',*,*,#4651,.F.);
#4651 = EDGE_CURVE('',#4497,#4644,#4652,.T.);
#4652 = LINE('',#4653,#4654);
#4653 = CARTESIAN_POINT('',(80.,22.,4.));
#4654 = VECTOR('',#4655,1.);
#4655 = DIRECTION('',(0.,1.,0.));
#4656 = PLANE('',#4657);
#4657 = AXIS2_PLACEMENT_3D('',#4658,#4659,#4660);
#4658 = CARTESIAN_POINT('',(80.,22.,-4.));
#4659 = DIRECTION('',(1.,0.,0.));
#4660 = DIRECTION('',(0.,0.,1.));
#4661 = ADVANCED_FACE('',(#4662),#4680,.F.);
#4662 = FACE_BOUND('',#4663,.F.);
#4663 = EDGE_LOOP('',(#4664,#4672,#4673,#4674));
#4664 = ORIENTED_EDGE('',*,*,#4665,.F.);
#4665 = EDGE_CURVE('',#4537,#4666,#4668,.T.);
#4666 = VERTEX_POINT('',#4667);
#4667 = CARTESIAN_POINT('',(85.,24.,-4.));
#4668 = LINE('',#4669,#4670);
#4669 = CARTESIAN_POINT('',(71.,24.,-4.));
#4670 = VECTOR('',#4671,1.);
#4671 = DIRECTION('',(1.,0.,0.));
#4672 = ORIENTED_EDGE('',*,*,#4579,.F.);
#4673 = ORIENTED_EDGE('',*,*,#4571,.T.);
#4674 = ORIENTED_EDGE('',*,*,#4675,.T.);
#4675 = EDGE_CURVE('',#4564,#4666,#4676,.T.);
#4676 = LINE('',#4677,#4678);
#4677 = CARTESIAN_POINT('',(85.,2.,-4.));
#4678 = VECTOR('',#4679,1.);
#4679 = DIRECTION('',(0.,1.,0.));
#4680 = PLANE('',#4681);
#4681 = AXIS2_PLACEMENT_3D('',#4682,#4683,#4684);
#4682 = CARTESIAN_POINT('',(71.,2.,-4.));
#4683 = DIRECTION('',(0.,0.,1.));
#4684 = DIRECTION('',(1.,0.,0.));
#4685 = ADVANCED_FACE('',(#4686),#4697,.T.);
#4686 = FACE_BOUND('',#4687,.T.);
#4687 = EDGE_LOOP('',(#4688,#4689,#4690,#4691));
#4688 = ORIENTED_EDGE('',*,*,#4620,.F.);
#4689 = ORIENTED_EDGE('',*,*,#4596,.F.);
#4690 = ORIENTED_EDGE('',*,*,#4675,.T.);
#4691 = ORIENTED_EDGE('',*,*,#4692,.T.);
#4692 = EDGE_CURVE('',#4666,#4611,#4693,.T.);
#4693 = LINE('',#4694,#4695);
#4694 = CARTESIAN_POINT('',(85.,24.,-4.));
#4695 = VECTOR('',#4696,1.);
#4696 = DIRECTION('',(0.,0.,1.));
#4697 = PLANE('',#4698);
#4698 = AXIS2_PLACEMENT_3D('',#4699,#4700,#4701);
#4699 = CARTESIAN_POINT('',(85.,2.,-4.));
#4700 = DIRECTION('',(1.,0.,0.));
#4701 = DIRECTION('',(0.,0.,1.));
#4702 = ADVANCED_FACE('',(#4703),#4721,.T.);
#4703 = FACE_BOUND('',#4704,.T.);
#4704 = EDGE_LOOP('',(#4705,#4706,#4707,#4715));
#4705 = ORIENTED_EDGE('',*,*,#4651,.F.);
#4706 = ORIENTED_EDGE('',*,*,#4610,.T.);
#4707 = ORIENTED_EDGE('',*,*,#4708,.T.);
#4708 = EDGE_CURVE('',#4611,#4709,#4711,.T.);
#4709 = VERTEX_POINT('',#4710);
#4710 = CARTESIAN_POINT('',(85.,147.,4.));
#4711 = LINE('',#4712,#4713);
#4712 = CARTESIAN_POINT('',(85.,22.,4.));
#4713 = VECTOR('',#4714,1.);
#4714 = DIRECTION('',(0.,1.,0.));
#4715 = ORIENTED_EDGE('',*,*,#4716,.F.);
#4716 = EDGE_CURVE('',#4644,#4709,#4717,.T.);
#4717 = LINE('',#4718,#4719);
#4718 = CARTESIAN_POINT('',(80.,147.,4.));
#4719 = VECTOR('',#4720,1.);
#4720 = DIRECTION('',(1.,0.,0.));
#4721 = PLANE('',#4722);
#4722 = AXIS2_PLACEMENT_3D('',#4723,#4724,#4725);
#4723 = CARTESIAN_POINT('',(80.,22.,4.));
#4724 = DIRECTION('',(0.,0.,1.));
#4725 = DIRECTION('',(1.,0.,0.));
#4726 = ADVANCED_FACE('',(#4727),#4745,.T.);
#4727 = FACE_BOUND('',#4728,.T.);
#4728 = EDGE_LOOP('',(#4729,#4737,#4738,#4739));
#4729 = ORIENTED_EDGE('',*,*,#4730,.F.);
#4730 = EDGE_CURVE('',#4636,#4731,#4733,.T.);
#4731 = VERTEX_POINT('',#4732);
#4732 = CARTESIAN_POINT('',(85.,147.,-4.));
#4733 = LINE('',#4734,#4735);
#4734 = CARTESIAN_POINT('',(80.,147.,-4.));
#4735 = VECTOR('',#4736,1.);
#4736 = DIRECTION('',(1.,0.,0.));
#4737 = ORIENTED_EDGE('',*,*,#4643,.T.);
#4738 = ORIENTED_EDGE('',*,*,#4716,.T.);
#4739 = ORIENTED_EDGE('',*,*,#4740,.F.);
#4740 = EDGE_CURVE('',#4731,#4709,#4741,.T.);
#4741 = LINE('',#4742,#4743);
#4742 = CARTESIAN_POINT('',(85.,147.,-4.));
#4743 = VECTOR('',#4744,1.);
#4744 = DIRECTION('',(0.,0.,1.));
#4745 = PLANE('',#4746);
#4746 = AXIS2_PLACEMENT_3D('',#4747,#4748,#4749);
#4747 = CARTESIAN_POINT('',(80.,147.,-4.));
#4748 = DIRECTION('',(0.,1.,0.));
#4749 = DIRECTION('',(0.,0.,1.));
#4750 = ADVANCED_FACE('',(#4751),#4762,.F.);
#4751 = FACE_BOUND('',#4752,.F.);
#4752 = EDGE_LOOP('',(#4753,#4754,#4755,#4761));
#4753 = ORIENTED_EDGE('',*,*,#4635,.F.);
#4754 = ORIENTED_EDGE('',*,*,#4665,.T.);
#4755 = ORIENTED_EDGE('',*,*,#4756,.T.);
#4756 = EDGE_CURVE('',#4666,#4731,#4757,.T.);
#4757 = LINE('',#4758,#4759);
#4758 = CARTESIAN_POINT('',(85.,22.,-4.));
#4759 = VECTOR('',#4760,1.);
#4760 = DIRECTION('',(0.,1.,0.));
#4761 = ORIENTED_EDGE('',*,*,#4730,.F.);
#4762 = PLANE('',#4763);
#4763 = AXIS2_PLACEMENT_3D('',#4764,#4765,#4766);
#4764 = CARTESIAN_POINT('',(80.,22.,-4.));
#4765 = DIRECTION('',(0.,0.,1.));
#4766 = DIRECTION('',(1.,0.,0.));
#4767 = ADVANCED_FACE('',(#4768),#4774,.T.);
#4768 = FACE_BOUND('',#4769,.T.);
#4769 = EDGE_LOOP('',(#4770,#4771,#4772,#4773));
#4770 = ORIENTED_EDGE('',*,*,#4692,.F.);
#4771 = ORIENTED_EDGE('',*,*,#4756,.T.);
#4772 = ORIENTED_EDGE('',*,*,#4740,.T.);
#4773 = ORIENTED_EDGE('',*,*,#4708,.F.);
#4774 = PLANE('',#4775);
#4775 = AXIS2_PLACEMENT_3D('',#4776,#4777,#4778);
#4776 = CARTESIAN_POINT('',(85.,22.,-4.));
#4777 = DIRECTION('',(1.,0.,0.));
#4778 = DIRECTION('',(0.,0.,1.));
#4779 = MANIFOLD_SOLID_BREP('',#4780);
#4780 = CLOSED_SHELL('',(#4781,#4821,#4863,#4887,#4945,#4962,#4974,#4999
    ,#5030,#5054,#5078,#5095));
#4781 = ADVANCED_FACE('',(#4782),#4816,.F.);
#4782 = FACE_BOUND('',#4783,.F.);
#4783 = EDGE_LOOP('',(#4784,#4794,#4802,#4810));
#4784 = ORIENTED_EDGE('',*,*,#4785,.F.);
#4785 = EDGE_CURVE('',#4786,#4788,#4790,.T.);
#4786 = VERTEX_POINT('',#4787);
#4787 = CARTESIAN_POINT('',(58.,1.,3.));
#4788 = VERTEX_POINT('',#4789);
#4789 = CARTESIAN_POINT('',(58.,1.,27.));
#4790 = LINE('',#4791,#4792);
#4791 = CARTESIAN_POINT('',(58.,1.,3.));
#4792 = VECTOR('',#4793,1.);
#4793 = DIRECTION('',(0.,0.,1.));
#4794 = ORIENTED_EDGE('',*,*,#4795,.T.);
#4795 = EDGE_CURVE('',#4786,#4796,#4798,.T.);
#4796 = VERTEX_POINT('',#4797);
#4797 = CARTESIAN_POINT('',(58.,18.,3.));
#4798 = LINE('',#4799,#4800);
#4799 = CARTESIAN_POINT('',(58.,1.,3.));
#4800 = VECTOR('',#4801,1.);
#4801 = DIRECTION('',(0.,1.,0.));
#4802 = ORIENTED_EDGE('',*,*,#4803,.T.);
#4803 = EDGE_CURVE('',#4796,#4804,#4806,.T.);
#4804 = VERTEX_POINT('',#4805);
#4805 = CARTESIAN_POINT('',(58.,18.,27.));
#4806 = LINE('',#4807,#4808);
#4807 = CARTESIAN_POINT('',(58.,18.,3.));
#4808 = VECTOR('',#4809,1.);
#4809 = DIRECTION('',(0.,0.,1.));
#4810 = ORIENTED_EDGE('',*,*,#4811,.F.);
#4811 = EDGE_CURVE('',#4788,#4804,#4812,.T.);
#4812 = LINE('',#4813,#4814);
#4813 = CARTESIAN_POINT('',(58.,1.,27.));
#4814 = VECTOR('',#4815,1.);
#4815 = DIRECTION('',(0.,1.,0.));
#4816 = PLANE('',#4817);
#4817 = AXIS2_PLACEMENT_3D('',#4818,#4819,#4820);
#4818 = CARTESIAN_POINT('',(58.,1.,3.));
#4819 = DIRECTION('',(1.,0.,0.));
#4820 = DIRECTION('',(0.,0.,1.));
#4821 = ADVANCED_FACE('',(#4822,#4847),#4858,.F.);
#4822 = FACE_BOUND('',#4823,.F.);
#4823 = EDGE_LOOP('',(#4824,#4832,#4833,#4841));
#4824 = ORIENTED_EDGE('',*,*,#4825,.F.);
#4825 = EDGE_CURVE('',#4786,#4826,#4828,.T.);
#4826 = VERTEX_POINT('',#4827);
#4827 = CARTESIAN_POINT('',(82.,1.,3.));
#4828 = LINE('',#4829,#4830);
#4829 = CARTESIAN_POINT('',(58.,1.,3.));
#4830 = VECTOR('',#4831,1.);
#4831 = DIRECTION('',(1.,0.,0.));
#4832 = ORIENTED_EDGE('',*,*,#4785,.T.);
#4833 = ORIENTED_EDGE('',*,*,#4834,.T.);
#4834 = EDGE_CURVE('',#4788,#4835,#4837,.T.);
#4835 = VERTEX_POINT('',#4836);
#4836 = CARTESIAN_POINT('',(82.,1.,27.));
#4837 = LINE('',#4838,#4839);
#4838 = CARTESIAN_POINT('',(58.,1.,27.));
#4839 = VECTOR('',#4840,1.);
#4840 = DIRECTION('',(1.,0.,0.));
#4841 = ORIENTED_EDGE('',*,*,#4842,.F.);
#4842 = EDGE_CURVE('',#4826,#4835,#4843,.T.);
#4843 = LINE('',#4844,#4845);
#4844 = CARTESIAN_POINT('',(82.,1.,3.));
#4845 = VECTOR('',#4846,1.);
#4846 = DIRECTION('',(0.,0.,1.));
#4847 = FACE_BOUND('',#4848,.F.);
#4848 = EDGE_LOOP('',(#4849));
#4849 = ORIENTED_EDGE('',*,*,#4850,.F.);
#4850 = EDGE_CURVE('',#4851,#4851,#4853,.T.);
#4851 = VERTEX_POINT('',#4852);
#4852 = CARTESIAN_POINT('',(70.,1.,20.5));
#4853 = CIRCLE('',#4854,5.5);
#4854 = AXIS2_PLACEMENT_3D('',#4855,#4856,#4857);
#4855 = CARTESIAN_POINT('',(70.,1.,15.));
#4856 = DIRECTION('',(0.,1.,0.));
#4857 = DIRECTION('',(0.,0.,1.));
#4858 = PLANE('',#4859);
#4859 = AXIS2_PLACEMENT_3D('',#4860,#4861,#4862);
#4860 = CARTESIAN_POINT('',(58.,1.,3.));
#4861 = DIRECTION('',(0.,1.,0.));
#4862 = DIRECTION('',(0.,0.,1.));
#4863 = ADVANCED_FACE('',(#4864),#4882,.T.);
#4864 = FACE_BOUND('',#4865,.T.);
#4865 = EDGE_LOOP('',(#4866,#4867,#4868,#4876));
#4866 = ORIENTED_EDGE('',*,*,#4811,.F.);
#4867 = ORIENTED_EDGE('',*,*,#4834,.T.);
#4868 = ORIENTED_EDGE('',*,*,#4869,.T.);
#4869 = EDGE_CURVE('',#4835,#4870,#4872,.T.);
#4870 = VERTEX_POINT('',#4871);
#4871 = CARTESIAN_POINT('',(82.,18.,27.));
#4872 = LINE('',#4873,#4874);
#4873 = CARTESIAN_POINT('',(82.,1.,27.));
#4874 = VECTOR('',#4875,1.);
#4875 = DIRECTION('',(0.,1.,0.));
#4876 = ORIENTED_EDGE('',*,*,#4877,.F.);
#4877 = EDGE_CURVE('',#4804,#4870,#4878,.T.);
#4878 = LINE('',#4879,#4880);
#4879 = CARTESIAN_POINT('',(58.,18.,27.));
#4880 = VECTOR('',#4881,1.);
#4881 = DIRECTION('',(1.,0.,0.));
#4882 = PLANE('',#4883);
#4883 = AXIS2_PLACEMENT_3D('',#4884,#4885,#4886);
#4884 = CARTESIAN_POINT('',(58.,1.,27.));
#4885 = DIRECTION('',(0.,0.,1.));
#4886 = DIRECTION('',(1.,0.,0.));
#4887 = ADVANCED_FACE('',(#4888,#4906),#4940,.T.);
#4888 = FACE_BOUND('',#4889,.T.);
#4889 = EDGE_LOOP('',(#4890,#4898,#4899,#4900));
#4890 = ORIENTED_EDGE('',*,*,#4891,.F.);
#4891 = EDGE_CURVE('',#4796,#4892,#4894,.T.);
#4892 = VERTEX_POINT('',#4893);
#4893 = CARTESIAN_POINT('',(82.,18.,3.));
#4894 = LINE('',#4895,#4896);
#4895 = CARTESIAN_POINT('',(58.,18.,3.));
#4896 = VECTOR('',#4897,1.);
#4897 = DIRECTION('',(1.,0.,0.));
#4898 = ORIENTED_EDGE('',*,*,#4803,.T.);
#4899 = ORIENTED_EDGE('',*,*,#4877,.T.);
#4900 = ORIENTED_EDGE('',*,*,#4901,.F.);
#4901 = EDGE_CURVE('',#4892,#4870,#4902,.T.);
#4902 = LINE('',#4903,#4904);
#4903 = CARTESIAN_POINT('',(82.,18.,3.));
#4904 = VECTOR('',#4905,1.);
#4905 = DIRECTION('',(0.,0.,1.));
#4906 = FACE_BOUND('',#4907,.T.);
#4907 = EDGE_LOOP('',(#4908,#4918,#4926,#4934));
#4908 = ORIENTED_EDGE('',*,*,#4909,.F.);
#4909 = EDGE_CURVE('',#4910,#4912,#4914,.T.);
#4910 = VERTEX_POINT('',#4911);
#4911 = CARTESIAN_POINT('',(60.,18.,25.));
#4912 = VERTEX_POINT('',#4913);
#4913 = CARTESIAN_POINT('',(80.,18.,25.));
#4914 = LINE('',#4915,#4916);
#4915 = CARTESIAN_POINT('',(59.,18.,25.));
#4916 = VECTOR('',#4917,1.);
#4917 = DIRECTION('',(1.,0.,0.));
#4918 = ORIENTED_EDGE('',*,*,#4919,.T.);
#4919 = EDGE_CURVE('',#4910,#4920,#4922,.T.);
#4920 = VERTEX_POINT('',#4921);
#4921 = CARTESIAN_POINT('',(60.,18.,5.));
#4922 = LINE('',#4923,#4924);
#4923 = CARTESIAN_POINT('',(60.,18.,4.));
#4924 = VECTOR('',#4925,1.);
#4925 = DIRECTION('',(0.,0.,-1.));
#4926 = ORIENTED_EDGE('',*,*,#4927,.T.);
#4927 = EDGE_CURVE('',#4920,#4928,#4930,.T.);
#4928 = VERTEX_POINT('',#4929);
#4929 = CARTESIAN_POINT('',(80.,18.,5.));
#4930 = LINE('',#4931,#4932);
#4931 = CARTESIAN_POINT('',(59.,18.,5.));
#4932 = VECTOR('',#4933,1.);
#4933 = DIRECTION('',(1.,0.,0.));
#4934 = ORIENTED_EDGE('',*,*,#4935,.F.);
#4935 = EDGE_CURVE('',#4912,#4928,#4936,.T.);
#4936 = LINE('',#4937,#4938);
#4937 = CARTESIAN_POINT('',(80.,18.,4.));
#4938 = VECTOR('',#4939,1.);
#4939 = DIRECTION('',(0.,0.,-1.));
#4940 = PLANE('',#4941);
#4941 = AXIS2_PLACEMENT_3D('',#4942,#4943,#4944);
#4942 = CARTESIAN_POINT('',(58.,18.,3.));
#4943 = DIRECTION('',(0.,1.,0.));
#4944 = DIRECTION('',(0.,0.,1.));
#4945 = ADVANCED_FACE('',(#4946),#4957,.F.);
#4946 = FACE_BOUND('',#4947,.F.);
#4947 = EDGE_LOOP('',(#4948,#4949,#4950,#4956));
#4948 = ORIENTED_EDGE('',*,*,#4795,.F.);
#4949 = ORIENTED_EDGE('',*,*,#4825,.T.);
#4950 = ORIENTED_EDGE('',*,*,#4951,.T.);
#4951 = EDGE_CURVE('',#4826,#4892,#4952,.T.);
#4952 = LINE('',#4953,#4954);
#4953 = CARTESIAN_POINT('',(82.,1.,3.));
#4954 = VECTOR('',#4955,1.);
#4955 = DIRECTION('',(0.,1.,0.));
#4956 = ORIENTED_EDGE('',*,*,#4891,.F.);
#4957 = PLANE('',#4958);
#4958 = AXIS2_PLACEMENT_3D('',#4959,#4960,#4961);
#4959 = CARTESIAN_POINT('',(58.,1.,3.));
#4960 = DIRECTION('',(0.,0.,1.));
#4961 = DIRECTION('',(1.,0.,0.));
#4962 = ADVANCED_FACE('',(#4963),#4969,.T.);
#4963 = FACE_BOUND('',#4964,.T.);
#4964 = EDGE_LOOP('',(#4965,#4966,#4967,#4968));
#4965 = ORIENTED_EDGE('',*,*,#4842,.F.);
#4966 = ORIENTED_EDGE('',*,*,#4951,.T.);
#4967 = ORIENTED_EDGE('',*,*,#4901,.T.);
#4968 = ORIENTED_EDGE('',*,*,#4869,.F.);
#4969 = PLANE('',#4970);
#4970 = AXIS2_PLACEMENT_3D('',#4971,#4972,#4973);
#4971 = CARTESIAN_POINT('',(82.,1.,3.));
#4972 = DIRECTION('',(1.,0.,0.));
#4973 = DIRECTION('',(0.,0.,1.));
#4974 = ADVANCED_FACE('',(#4975),#4994,.F.);
#4975 = FACE_BOUND('',#4976,.F.);
#4976 = EDGE_LOOP('',(#4977,#4986,#4992,#4993));
#4977 = ORIENTED_EDGE('',*,*,#4978,.F.);
#4978 = EDGE_CURVE('',#4979,#4979,#4981,.T.);
#4979 = VERTEX_POINT('',#4980);
#4980 = CARTESIAN_POINT('',(70.,2.8,20.5));
#4981 = CIRCLE('',#4982,5.5);
#4982 = AXIS2_PLACEMENT_3D('',#4983,#4984,#4985);
#4983 = CARTESIAN_POINT('',(70.,2.8,15.));
#4984 = DIRECTION('',(0.,1.,0.));
#4985 = DIRECTION('',(0.,0.,1.));
#4986 = ORIENTED_EDGE('',*,*,#4987,.F.);
#4987 = EDGE_CURVE('',#4851,#4979,#4988,.T.);
#4988 = LINE('',#4989,#4990);
#4989 = CARTESIAN_POINT('',(70.,0.,20.5));
#4990 = VECTOR('',#4991,1.);
#4991 = DIRECTION('',(0.,1.,0.));
#4992 = ORIENTED_EDGE('',*,*,#4850,.T.);
#4993 = ORIENTED_EDGE('',*,*,#4987,.T.);
#4994 = CYLINDRICAL_SURFACE('',#4995,5.5);
#4995 = AXIS2_PLACEMENT_3D('',#4996,#4997,#4998);
#4996 = CARTESIAN_POINT('',(70.,0.,15.));
#4997 = DIRECTION('',(0.,1.,0.));
#4998 = DIRECTION('',(0.,0.,1.));
#4999 = ADVANCED_FACE('',(#5000),#5025,.F.);
#5000 = FACE_BOUND('',#5001,.F.);
#5001 = EDGE_LOOP('',(#5002,#5010,#5018,#5024));
#5002 = ORIENTED_EDGE('',*,*,#5003,.F.);
#5003 = EDGE_CURVE('',#5004,#4910,#5006,.T.);
#5004 = VERTEX_POINT('',#5005);
#5005 = CARTESIAN_POINT('',(60.,2.8,25.));
#5006 = LINE('',#5007,#5008);
#5007 = CARTESIAN_POINT('',(60.,2.8,25.));
#5008 = VECTOR('',#5009,1.);
#5009 = DIRECTION('',(0.,1.,0.));
#5010 = ORIENTED_EDGE('',*,*,#5011,.T.);
#5011 = EDGE_CURVE('',#5004,#5012,#5014,.T.);
#5012 = VERTEX_POINT('',#5013);
#5013 = CARTESIAN_POINT('',(80.,2.8,25.));
#5014 = LINE('',#5015,#5016);
#5015 = CARTESIAN_POINT('',(60.,2.8,25.));
#5016 = VECTOR('',#5017,1.);
#5017 = DIRECTION('',(1.,0.,0.));
#5018 = ORIENTED_EDGE('',*,*,#5019,.T.);
#5019 = EDGE_CURVE('',#5012,#4912,#5020,.T.);
#5020 = LINE('',#5021,#5022);
#5021 = CARTESIAN_POINT('',(80.,2.8,25.));
#5022 = VECTOR('',#5023,1.);
#5023 = DIRECTION('',(0.,1.,0.));
#5024 = ORIENTED_EDGE('',*,*,#4909,.F.);
#5025 = PLANE('',#5026);
#5026 = AXIS2_PLACEMENT_3D('',#5027,#5028,#5029);
#5027 = CARTESIAN_POINT('',(60.,2.8,25.));
#5028 = DIRECTION('',(0.,0.,1.));
#5029 = DIRECTION('',(1.,0.,0.));
#5030 = ADVANCED_FACE('',(#5031),#5049,.F.);
#5031 = FACE_BOUND('',#5032,.F.);
#5032 = EDGE_LOOP('',(#5033,#5034,#5042,#5048));
#5033 = ORIENTED_EDGE('',*,*,#5019,.F.);
#5034 = ORIENTED_EDGE('',*,*,#5035,.F.);
#5035 = EDGE_CURVE('',#5036,#5012,#5038,.T.);
#5036 = VERTEX_POINT('',#5037);
#5037 = CARTESIAN_POINT('',(80.,2.8,5.));
#5038 = LINE('',#5039,#5040);
#5039 = CARTESIAN_POINT('',(80.,2.8,5.));
#5040 = VECTOR('',#5041,1.);
#5041 = DIRECTION('',(0.,0.,1.));
#5042 = ORIENTED_EDGE('',*,*,#5043,.T.);
#5043 = EDGE_CURVE('',#5036,#4928,#5044,.T.);
#5044 = LINE('',#5045,#5046);
#5045 = CARTESIAN_POINT('',(80.,2.8,5.));
#5046 = VECTOR('',#5047,1.);
#5047 = DIRECTION('',(0.,1.,0.));
#5048 = ORIENTED_EDGE('',*,*,#4935,.F.);
#5049 = PLANE('',#5050);
#5050 = AXIS2_PLACEMENT_3D('',#5051,#5052,#5053);
#5051 = CARTESIAN_POINT('',(80.,2.8,5.));
#5052 = DIRECTION('',(1.,0.,0.));
#5053 = DIRECTION('',(0.,0.,1.));
#5054 = ADVANCED_FACE('',(#5055),#5073,.T.);
#5055 = FACE_BOUND('',#5056,.T.);
#5056 = EDGE_LOOP('',(#5057,#5065,#5071,#5072));
#5057 = ORIENTED_EDGE('',*,*,#5058,.F.);
#5058 = EDGE_CURVE('',#5059,#4920,#5061,.T.);
#5059 = VERTEX_POINT('',#5060);
#5060 = CARTESIAN_POINT('',(60.,2.8,5.));
#5061 = LINE('',#5062,#5063);
#5062 = CARTESIAN_POINT('',(60.,2.8,5.));
#5063 = VECTOR('',#5064,1.);
#5064 = DIRECTION('',(0.,1.,0.));
#5065 = ORIENTED_EDGE('',*,*,#5066,.T.);
#5066 = EDGE_CURVE('',#5059,#5036,#5067,.T.);
#5067 = LINE('',#5068,#5069);
#5068 = CARTESIAN_POINT('',(60.,2.8,5.));
#5069 = VECTOR('',#5070,1.);
#5070 = DIRECTION('',(1.,0.,0.));
#5071 = ORIENTED_EDGE('',*,*,#5043,.T.);
#5072 = ORIENTED_EDGE('',*,*,#4927,.F.);
#5073 = PLANE('',#5074);
#5074 = AXIS2_PLACEMENT_3D('',#5075,#5076,#5077);
#5075 = CARTESIAN_POINT('',(60.,2.8,5.));
#5076 = DIRECTION('',(0.,0.,1.));
#5077 = DIRECTION('',(1.,0.,0.));
#5078 = ADVANCED_FACE('',(#5079),#5090,.T.);
#5079 = FACE_BOUND('',#5080,.T.);
#5080 = EDGE_LOOP('',(#5081,#5082,#5088,#5089));
#5081 = ORIENTED_EDGE('',*,*,#5003,.F.);
#5082 = ORIENTED_EDGE('',*,*,#5083,.F.);
#5083 = EDGE_CURVE('',#5059,#5004,#5084,.T.);
#5084 = LINE('',#5085,#5086);
#5085 = CARTESIAN_POINT('',(60.,2.8,5.));
#5086 = VECTOR('',#5087,1.);
#5087 = DIRECTION('',(0.,0.,1.));
#5088 = ORIENTED_EDGE('',*,*,#5058,.T.);
#5089 = ORIENTED_EDGE('',*,*,#4919,.F.);
#5090 = PLANE('',#5091);
#5091 = AXIS2_PLACEMENT_3D('',#5092,#5093,#5094);
#5092 = CARTESIAN_POINT('',(60.,2.8,5.));
#5093 = DIRECTION('',(1.,0.,0.));
#5094 = DIRECTION('',(0.,0.,1.));
#5095 = ADVANCED_FACE('',(#5096,#5102),#5105,.T.);
#5096 = FACE_BOUND('',#5097,.T.);
#5097 = EDGE_LOOP('',(#5098,#5099,#5100,#5101));
#5098 = ORIENTED_EDGE('',*,*,#5066,.F.);
#5099 = ORIENTED_EDGE('',*,*,#5083,.T.);
#5100 = ORIENTED_EDGE('',*,*,#5011,.T.);
#5101 = ORIENTED_EDGE('',*,*,#5035,.F.);
#5102 = FACE_BOUND('',#5103,.T.);
#5103 = EDGE_LOOP('',(#5104));
#5104 = ORIENTED_EDGE('',*,*,#4978,.F.);
#5105 = PLANE('',#5106);
#5106 = AXIS2_PLACEMENT_3D('',#5107,#5108,#5109);
#5107 = CARTESIAN_POINT('',(60.,2.8,5.));
#5108 = DIRECTION('',(0.,1.,0.));
#5109 = DIRECTION('',(0.,0.,1.));
#5110 = MANIFOLD_SOLID_BREP('',#5111);
#5111 = CLOSED_SHELL('',(#5112,#5152,#5192,#5214,#5236,#5248));
#5112 = ADVANCED_FACE('',(#5113),#5147,.F.);
#5113 = FACE_BOUND('',#5114,.F.);
#5114 = EDGE_LOOP('',(#5115,#5125,#5133,#5141));
#5115 = ORIENTED_EDGE('',*,*,#5116,.F.);
#5116 = EDGE_CURVE('',#5117,#5119,#5121,.T.);
#5117 = VERTEX_POINT('',#5118);
#5118 = CARTESIAN_POINT('',(61.,3.,6.));
#5119 = VERTEX_POINT('',#5120);
#5120 = CARTESIAN_POINT('',(61.,3.,24.));
#5121 = LINE('',#5122,#5123);
#5122 = CARTESIAN_POINT('',(61.,3.,6.));
#5123 = VECTOR('',#5124,1.);
#5124 = DIRECTION('',(0.,0.,1.));
#5125 = ORIENTED_EDGE('',*,*,#5126,.T.);
#5126 = EDGE_CURVE('',#5117,#5127,#5129,.T.);
#5127 = VERTEX_POINT('',#5128);
#5128 = CARTESIAN_POINT('',(61.,15.,6.));
#5129 = LINE('',#5130,#5131);
#5130 = CARTESIAN_POINT('',(61.,3.,6.));
#5131 = VECTOR('',#5132,1.);
#5132 = DIRECTION('',(0.,1.,0.));
#5133 = ORIENTED_EDGE('',*,*,#5134,.T.);
#5134 = EDGE_CURVE('',#5127,#5135,#5137,.T.);
#5135 = VERTEX_POINT('',#5136);
#5136 = CARTESIAN_POINT('',(61.,15.,24.));
#5137 = LINE('',#5138,#5139);
#5138 = CARTESIAN_POINT('',(61.,15.,6.));
#5139 = VECTOR('',#5140,1.);
#5140 = DIRECTION('',(0.,0.,1.));
#5141 = ORIENTED_EDGE('',*,*,#5142,.F.);
#5142 = EDGE_CURVE('',#5119,#5135,#5143,.T.);
#5143 = LINE('',#5144,#5145);
#5144 = CARTESIAN_POINT('',(61.,3.,24.));
#5145 = VECTOR('',#5146,1.);
#5146 = DIRECTION('',(0.,1.,0.));
#5147 = PLANE('',#5148);
#5148 = AXIS2_PLACEMENT_3D('',#5149,#5150,#5151);
#5149 = CARTESIAN_POINT('',(61.,3.,6.));
#5150 = DIRECTION('',(1.,0.,0.));
#5151 = DIRECTION('',(0.,0.,1.));
#5152 = ADVANCED_FACE('',(#5153),#5187,.T.);
#5153 = FACE_BOUND('',#5154,.T.);
#5154 = EDGE_LOOP('',(#5155,#5165,#5173,#5181));
#5155 = ORIENTED_EDGE('',*,*,#5156,.F.);
#5156 = EDGE_CURVE('',#5157,#5159,#5161,.T.);
#5157 = VERTEX_POINT('',#5158);
#5158 = CARTESIAN_POINT('',(79.,3.,6.));
#5159 = VERTEX_POINT('',#5160);
#5160 = CARTESIAN_POINT('',(79.,3.,24.));
#5161 = LINE('',#5162,#5163);
#5162 = CARTESIAN_POINT('',(79.,3.,6.));
#5163 = VECTOR('',#5164,1.);
#5164 = DIRECTION('',(0.,0.,1.));
#5165 = ORIENTED_EDGE('',*,*,#5166,.T.);
#5166 = EDGE_CURVE('',#5157,#5167,#5169,.T.);
#5167 = VERTEX_POINT('',#5168);
#5168 = CARTESIAN_POINT('',(79.,15.,6.));
#5169 = LINE('',#5170,#5171);
#5170 = CARTESIAN_POINT('',(79.,3.,6.));
#5171 = VECTOR('',#5172,1.);
#5172 = DIRECTION('',(0.,1.,0.));
#5173 = ORIENTED_EDGE('',*,*,#5174,.T.);
#5174 = EDGE_CURVE('',#5167,#5175,#5177,.T.);
#5175 = VERTEX_POINT('',#5176);
#5176 = CARTESIAN_POINT('',(79.,15.,24.));
#5177 = LINE('',#5178,#5179);
#5178 = CARTESIAN_POINT('',(79.,15.,6.));
#5179 = VECTOR('',#5180,1.);
#5180 = DIRECTION('',(0.,0.,1.));
#5181 = ORIENTED_EDGE('',*,*,#5182,.F.);
#5182 = EDGE_CURVE('',#5159,#5175,#5183,.T.);
#5183 = LINE('',#5184,#5185);
#5184 = CARTESIAN_POINT('',(79.,3.,24.));
#5185 = VECTOR('',#5186,1.);
#5186 = DIRECTION('',(0.,1.,0.));
#5187 = PLANE('',#5188);
#5188 = AXIS2_PLACEMENT_3D('',#5189,#5190,#5191);
#5189 = CARTESIAN_POINT('',(79.,3.,6.));
#5190 = DIRECTION('',(1.,0.,0.));
#5191 = DIRECTION('',(0.,0.,1.));
#5192 = ADVANCED_FACE('',(#5193),#5209,.F.);
#5193 = FACE_BOUND('',#5194,.F.);
#5194 = EDGE_LOOP('',(#5195,#5201,#5202,#5208));
#5195 = ORIENTED_EDGE('',*,*,#5196,.F.);
#5196 = EDGE_CURVE('',#5117,#5157,#5197,.T.);
#5197 = LINE('',#5198,#5199);
#5198 = CARTESIAN_POINT('',(61.,3.,6.));
#5199 = VECTOR('',#5200,1.);
#5200 = DIRECTION('',(1.,0.,0.));
#5201 = ORIENTED_EDGE('',*,*,#5116,.T.);
#5202 = ORIENTED_EDGE('',*,*,#5203,.T.);
#5203 = EDGE_CURVE('',#5119,#5159,#5204,.T.);
#5204 = LINE('',#5205,#5206);
#5205 = CARTESIAN_POINT('',(61.,3.,24.));
#5206 = VECTOR('',#5207,1.);
#5207 = DIRECTION('',(1.,0.,0.));
#5208 = ORIENTED_EDGE('',*,*,#5156,.F.);
#5209 = PLANE('',#5210);
#5210 = AXIS2_PLACEMENT_3D('',#5211,#5212,#5213);
#5211 = CARTESIAN_POINT('',(61.,3.,6.));
#5212 = DIRECTION('',(0.,1.,0.));
#5213 = DIRECTION('',(0.,0.,1.));
#5214 = ADVANCED_FACE('',(#5215),#5231,.T.);
#5215 = FACE_BOUND('',#5216,.T.);
#5216 = EDGE_LOOP('',(#5217,#5223,#5224,#5230));
#5217 = ORIENTED_EDGE('',*,*,#5218,.F.);
#5218 = EDGE_CURVE('',#5127,#5167,#5219,.T.);
#5219 = LINE('',#5220,#5221);
#5220 = CARTESIAN_POINT('',(61.,15.,6.));
#5221 = VECTOR('',#5222,1.);
#5222 = DIRECTION('',(1.,0.,0.));
#5223 = ORIENTED_EDGE('',*,*,#5134,.T.);
#5224 = ORIENTED_EDGE('',*,*,#5225,.T.);
#5225 = EDGE_CURVE('',#5135,#5175,#5226,.T.);
#5226 = LINE('',#5227,#5228);
#5227 = CARTESIAN_POINT('',(61.,15.,24.));
#5228 = VECTOR('',#5229,1.);
#5229 = DIRECTION('',(1.,0.,0.));
#5230 = ORIENTED_EDGE('',*,*,#5174,.F.);
#5231 = PLANE('',#5232);
#5232 = AXIS2_PLACEMENT_3D('',#5233,#5234,#5235);
#5233 = CARTESIAN_POINT('',(61.,15.,6.));
#5234 = DIRECTION('',(0.,1.,0.));
#5235 = DIRECTION('',(0.,0.,1.));
#5236 = ADVANCED_FACE('',(#5237),#5243,.F.);
#5237 = FACE_BOUND('',#5238,.F.);
#5238 = EDGE_LOOP('',(#5239,#5240,#5241,#5242));
#5239 = ORIENTED_EDGE('',*,*,#5126,.F.);
#5240 = ORIENTED_EDGE('',*,*,#5196,.T.);
#5241 = ORIENTED_EDGE('',*,*,#5166,.T.);
#5242 = ORIENTED_EDGE('',*,*,#5218,.F.);
#5243 = PLANE('',#5244);
#5244 = AXIS2_PLACEMENT_3D('',#5245,#5246,#5247);
#5245 = CARTESIAN_POINT('',(61.,3.,6.));
#5246 = DIRECTION('',(0.,0.,1.));
#5247 = DIRECTION('',(1.,0.,0.));
#5248 = ADVANCED_FACE('',(#5249),#5255,.T.);
#5249 = FACE_BOUND('',#5250,.T.);
#5250 = EDGE_LOOP('',(#5251,#5252,#5253,#5254));
#5251 = ORIENTED_EDGE('',*,*,#5142,.F.);
#5252 = ORIENTED_EDGE('',*,*,#5203,.T.);
#5253 = ORIENTED_EDGE('',*,*,#5182,.T.);
#5254 = ORIENTED_EDGE('',*,*,#5225,.F.);
#5255 = PLANE('',#5256);
#5256 = AXIS2_PLACEMENT_3D('',#5257,#5258,#5259);
#5257 = CARTESIAN_POINT('',(61.,3.,24.));
#5258 = DIRECTION('',(0.,0.,1.));
#5259 = DIRECTION('',(1.,0.,0.));
#5260 = MANIFOLD_SOLID_BREP('',#5261);
#5261 = CLOSED_SHELL('',(#5262,#5302,#5333,#5357,#5415,#5432,#5444,#5475
    ,#5499,#5523,#5540));
#5262 = ADVANCED_FACE('',(#5263),#5297,.F.);
#5263 = FACE_BOUND('',#5264,.F.);
#5264 = EDGE_LOOP('',(#5265,#5275,#5283,#5291));
#5265 = ORIENTED_EDGE('',*,*,#5266,.F.);
#5266 = EDGE_CURVE('',#5267,#5269,#5271,.T.);
#5267 = VERTEX_POINT('',#5268);
#5268 = CARTESIAN_POINT('',(80.,24.,-8.9));
#5269 = VERTEX_POINT('',#5270);
#5270 = CARTESIAN_POINT('',(80.,24.,13.9));
#5271 = LINE('',#5272,#5273);
#5272 = CARTESIAN_POINT('',(80.,24.,-8.9));
#5273 = VECTOR('',#5274,1.);
#5274 = DIRECTION('',(0.,0.,1.));
#5275 = ORIENTED_EDGE('',*,*,#5276,.T.);
#5276 = EDGE_CURVE('',#5267,#5277,#5279,.T.);
#5277 = VERTEX_POINT('',#5278);
#5278 = CARTESIAN_POINT('',(80.,50.,-8.9));
#5279 = LINE('',#5280,#5281);
#5280 = CARTESIAN_POINT('',(80.,24.,-8.9));
#5281 = VECTOR('',#5282,1.);
#5282 = DIRECTION('',(0.,1.,0.));
#5283 = ORIENTED_EDGE('',*,*,#5284,.T.);
#5284 = EDGE_CURVE('',#5277,#5285,#5287,.T.);
#5285 = VERTEX_POINT('',#5286);
#5286 = CARTESIAN_POINT('',(80.,50.,13.9));
#5287 = LINE('',#5288,#5289);
#5288 = CARTESIAN_POINT('',(80.,50.,-8.9));
#5289 = VECTOR('',#5290,1.);
#5290 = DIRECTION('',(0.,0.,1.));
#5291 = ORIENTED_EDGE('',*,*,#5292,.F.);
#5292 = EDGE_CURVE('',#5269,#5285,#5293,.T.);
#5293 = LINE('',#5294,#5295);
#5294 = CARTESIAN_POINT('',(80.,24.,13.9));
#5295 = VECTOR('',#5296,1.);
#5296 = DIRECTION('',(0.,1.,0.));
#5297 = PLANE('',#5298);
#5298 = AXIS2_PLACEMENT_3D('',#5299,#5300,#5301);
#5299 = CARTESIAN_POINT('',(80.,24.,-8.9));
#5300 = DIRECTION('',(1.,0.,0.));
#5301 = DIRECTION('',(0.,0.,1.));
#5302 = ADVANCED_FACE('',(#5303),#5328,.F.);
#5303 = FACE_BOUND('',#5304,.F.);
#5304 = EDGE_LOOP('',(#5305,#5313,#5314,#5322));
#5305 = ORIENTED_EDGE('',*,*,#5306,.F.);
#5306 = EDGE_CURVE('',#5267,#5307,#5309,.T.);
#5307 = VERTEX_POINT('',#5308);
#5308 = CARTESIAN_POINT('',(97.,24.,-8.9));
#5309 = LINE('',#5310,#5311);
#5310 = CARTESIAN_POINT('',(80.,24.,-8.9));
#5311 = VECTOR('',#5312,1.);
#5312 = DIRECTION('',(1.,0.,0.));
#5313 = ORIENTED_EDGE('',*,*,#5266,.T.);
#5314 = ORIENTED_EDGE('',*,*,#5315,.T.);
#5315 = EDGE_CURVE('',#5269,#5316,#5318,.T.);
#5316 = VERTEX_POINT('',#5317);
#5317 = CARTESIAN_POINT('',(97.,24.,13.9));
#5318 = LINE('',#5319,#5320);
#5319 = CARTESIAN_POINT('',(80.,24.,13.9));
#5320 = VECTOR('',#5321,1.);
#5321 = DIRECTION('',(1.,0.,0.));
#5322 = ORIENTED_EDGE('',*,*,#5323,.F.);
#5323 = EDGE_CURVE('',#5307,#5316,#5324,.T.);
#5324 = LINE('',#5325,#5326);
#5325 = CARTESIAN_POINT('',(97.,24.,-8.9));
#5326 = VECTOR('',#5327,1.);
#5327 = DIRECTION('',(0.,0.,1.));
#5328 = PLANE('',#5329);
#5329 = AXIS2_PLACEMENT_3D('',#5330,#5331,#5332);
#5330 = CARTESIAN_POINT('',(80.,24.,-8.9));
#5331 = DIRECTION('',(0.,1.,0.));
#5332 = DIRECTION('',(0.,0.,1.));
#5333 = ADVANCED_FACE('',(#5334),#5352,.T.);
#5334 = FACE_BOUND('',#5335,.T.);
#5335 = EDGE_LOOP('',(#5336,#5337,#5338,#5346));
#5336 = ORIENTED_EDGE('',*,*,#5292,.F.);
#5337 = ORIENTED_EDGE('',*,*,#5315,.T.);
#5338 = ORIENTED_EDGE('',*,*,#5339,.T.);
#5339 = EDGE_CURVE('',#5316,#5340,#5342,.T.);
#5340 = VERTEX_POINT('',#5341);
#5341 = CARTESIAN_POINT('',(97.,50.,13.9));
#5342 = LINE('',#5343,#5344);
#5343 = CARTESIAN_POINT('',(97.,24.,13.9));
#5344 = VECTOR('',#5345,1.);
#5345 = DIRECTION('',(0.,1.,0.));
#5346 = ORIENTED_EDGE('',*,*,#5347,.F.);
#5347 = EDGE_CURVE('',#5285,#5340,#5348,.T.);
#5348 = LINE('',#5349,#5350);
#5349 = CARTESIAN_POINT('',(80.,50.,13.9));
#5350 = VECTOR('',#5351,1.);
#5351 = DIRECTION('',(1.,0.,0.));
#5352 = PLANE('',#5353);
#5353 = AXIS2_PLACEMENT_3D('',#5354,#5355,#5356);
#5354 = CARTESIAN_POINT('',(80.,24.,13.9));
#5355 = DIRECTION('',(0.,0.,1.));
#5356 = DIRECTION('',(1.,0.,0.));
#5357 = ADVANCED_FACE('',(#5358,#5376),#5410,.T.);
#5358 = FACE_BOUND('',#5359,.T.);
#5359 = EDGE_LOOP('',(#5360,#5368,#5369,#5370));
#5360 = ORIENTED_EDGE('',*,*,#5361,.F.);
#5361 = EDGE_CURVE('',#5277,#5362,#5364,.T.);
#5362 = VERTEX_POINT('',#5363);
#5363 = CARTESIAN_POINT('',(97.,50.,-8.9));
#5364 = LINE('',#5365,#5366);
#5365 = CARTESIAN_POINT('',(80.,50.,-8.9));
#5366 = VECTOR('',#5367,1.);
#5367 = DIRECTION('',(1.,0.,0.));
#5368 = ORIENTED_EDGE('',*,*,#5284,.T.);
#5369 = ORIENTED_EDGE('',*,*,#5347,.T.);
#5370 = ORIENTED_EDGE('',*,*,#5371,.F.);
#5371 = EDGE_CURVE('',#5362,#5340,#5372,.T.);
#5372 = LINE('',#5373,#5374);
#5373 = CARTESIAN_POINT('',(97.,50.,-8.9));
#5374 = VECTOR('',#5375,1.);
#5375 = DIRECTION('',(0.,0.,1.));
#5376 = FACE_BOUND('',#5377,.T.);
#5377 = EDGE_LOOP('',(#5378,#5388,#5396,#5404));
#5378 = ORIENTED_EDGE('',*,*,#5379,.F.);
#5379 = EDGE_CURVE('',#5380,#5382,#5384,.T.);
#5380 = VERTEX_POINT('',#5381);
#5381 = CARTESIAN_POINT('',(81.8,50.,-7.1));
#5382 = VERTEX_POINT('',#5383);
#5383 = CARTESIAN_POINT('',(81.8,50.,12.1));
#5384 = LINE('',#5385,#5386);
#5385 = CARTESIAN_POINT('',(81.8,50.,-7.1));
#5386 = VECTOR('',#5387,1.);
#5387 = DIRECTION('',(0.,0.,1.));
#5388 = ORIENTED_EDGE('',*,*,#5389,.T.);
#5389 = EDGE_CURVE('',#5380,#5390,#5392,.T.);
#5390 = VERTEX_POINT('',#5391);
#5391 = CARTESIAN_POINT('',(95.2,50.,-7.1));
#5392 = LINE('',#5393,#5394);
#5393 = CARTESIAN_POINT('',(81.8,50.,-7.1));
#5394 = VECTOR('',#5395,1.);
#5395 = DIRECTION('',(1.,0.,0.));
#5396 = ORIENTED_EDGE('',*,*,#5397,.T.);
#5397 = EDGE_CURVE('',#5390,#5398,#5400,.T.);
#5398 = VERTEX_POINT('',#5399);
#5399 = CARTESIAN_POINT('',(95.2,50.,12.1));
#5400 = LINE('',#5401,#5402);
#5401 = CARTESIAN_POINT('',(95.2,50.,-7.1));
#5402 = VECTOR('',#5403,1.);
#5403 = DIRECTION('',(0.,0.,1.));
#5404 = ORIENTED_EDGE('',*,*,#5405,.F.);
#5405 = EDGE_CURVE('',#5382,#5398,#5406,.T.);
#5406 = LINE('',#5407,#5408);
#5407 = CARTESIAN_POINT('',(81.8,50.,12.1));
#5408 = VECTOR('',#5409,1.);
#5409 = DIRECTION('',(1.,0.,0.));
#5410 = PLANE('',#5411);
#5411 = AXIS2_PLACEMENT_3D('',#5412,#5413,#5414);
#5412 = CARTESIAN_POINT('',(80.,50.,-8.9));
#5413 = DIRECTION('',(0.,1.,0.));
#5414 = DIRECTION('',(0.,0.,1.));
#5415 = ADVANCED_FACE('',(#5416),#5427,.F.);
#5416 = FACE_BOUND('',#5417,.F.);
#5417 = EDGE_LOOP('',(#5418,#5419,#5420,#5426));
#5418 = ORIENTED_EDGE('',*,*,#5276,.F.);
#5419 = ORIENTED_EDGE('',*,*,#5306,.T.);
#5420 = ORIENTED_EDGE('',*,*,#5421,.T.);
#5421 = EDGE_CURVE('',#5307,#5362,#5422,.T.);
#5422 = LINE('',#5423,#5424);
#5423 = CARTESIAN_POINT('',(97.,24.,-8.9));
#5424 = VECTOR('',#5425,1.);
#5425 = DIRECTION('',(0.,1.,0.));
#5426 = ORIENTED_EDGE('',*,*,#5361,.F.);
#5427 = PLANE('',#5428);
#5428 = AXIS2_PLACEMENT_3D('',#5429,#5430,#5431);
#5429 = CARTESIAN_POINT('',(80.,24.,-8.9));
#5430 = DIRECTION('',(0.,0.,1.));
#5431 = DIRECTION('',(1.,0.,0.));
#5432 = ADVANCED_FACE('',(#5433),#5439,.T.);
#5433 = FACE_BOUND('',#5434,.T.);
#5434 = EDGE_LOOP('',(#5435,#5436,#5437,#5438));
#5435 = ORIENTED_EDGE('',*,*,#5323,.F.);
#5436 = ORIENTED_EDGE('',*,*,#5421,.T.);
#5437 = ORIENTED_EDGE('',*,*,#5371,.T.);
#5438 = ORIENTED_EDGE('',*,*,#5339,.F.);
#5439 = PLANE('',#5440);
#5440 = AXIS2_PLACEMENT_3D('',#5441,#5442,#5443);
#5441 = CARTESIAN_POINT('',(97.,24.,-8.9));
#5442 = DIRECTION('',(1.,0.,0.));
#5443 = DIRECTION('',(0.,0.,1.));
#5444 = ADVANCED_FACE('',(#5445),#5470,.T.);
#5445 = FACE_BOUND('',#5446,.T.);
#5446 = EDGE_LOOP('',(#5447,#5457,#5463,#5464));
#5447 = ORIENTED_EDGE('',*,*,#5448,.F.);
#5448 = EDGE_CURVE('',#5449,#5451,#5453,.T.);
#5449 = VERTEX_POINT('',#5450);
#5450 = CARTESIAN_POINT('',(81.8,25.8,-7.1));
#5451 = VERTEX_POINT('',#5452);
#5452 = CARTESIAN_POINT('',(81.8,25.8,12.1));
#5453 = LINE('',#5454,#5455);
#5454 = CARTESIAN_POINT('',(81.8,25.8,-7.1));
#5455 = VECTOR('',#5456,1.);
#5456 = DIRECTION('',(0.,0.,1.));
#5457 = ORIENTED_EDGE('',*,*,#5458,.T.);
#5458 = EDGE_CURVE('',#5449,#5380,#5459,.T.);
#5459 = LINE('',#5460,#5461);
#5460 = CARTESIAN_POINT('',(81.8,25.8,-7.1));
#5461 = VECTOR('',#5462,1.);
#5462 = DIRECTION('',(0.,1.,0.));
#5463 = ORIENTED_EDGE('',*,*,#5379,.T.);
#5464 = ORIENTED_EDGE('',*,*,#5465,.F.);
#5465 = EDGE_CURVE('',#5451,#5382,#5466,.T.);
#5466 = LINE('',#5467,#5468);
#5467 = CARTESIAN_POINT('',(81.8,25.8,12.1));
#5468 = VECTOR('',#5469,1.);
#5469 = DIRECTION('',(0.,1.,0.));
#5470 = PLANE('',#5471);
#5471 = AXIS2_PLACEMENT_3D('',#5472,#5473,#5474);
#5472 = CARTESIAN_POINT('',(81.8,25.8,-7.1));
#5473 = DIRECTION('',(1.,0.,0.));
#5474 = DIRECTION('',(0.,0.,1.));
#5475 = ADVANCED_FACE('',(#5476),#5494,.F.);
#5476 = FACE_BOUND('',#5477,.F.);
#5477 = EDGE_LOOP('',(#5478,#5479,#5487,#5493));
#5478 = ORIENTED_EDGE('',*,*,#5465,.F.);
#5479 = ORIENTED_EDGE('',*,*,#5480,.T.);
#5480 = EDGE_CURVE('',#5451,#5481,#5483,.T.);
#5481 = VERTEX_POINT('',#5482);
#5482 = CARTESIAN_POINT('',(95.2,25.8,12.1));
#5483 = LINE('',#5484,#5485);
#5484 = CARTESIAN_POINT('',(81.8,25.8,12.1));
#5485 = VECTOR('',#5486,1.);
#5486 = DIRECTION('',(1.,0.,0.));
#5487 = ORIENTED_EDGE('',*,*,#5488,.T.);
#5488 = EDGE_CURVE('',#5481,#5398,#5489,.T.);
#5489 = LINE('',#5490,#5491);
#5490 = CARTESIAN_POINT('',(95.2,25.8,12.1));
#5491 = VECTOR('',#5492,1.);
#5492 = DIRECTION('',(0.,1.,0.));
#5493 = ORIENTED_EDGE('',*,*,#5405,.F.);
#5494 = PLANE('',#5495);
#5495 = AXIS2_PLACEMENT_3D('',#5496,#5497,#5498);
#5496 = CARTESIAN_POINT('',(81.8,25.8,12.1));
#5497 = DIRECTION('',(0.,0.,1.));
#5498 = DIRECTION('',(1.,0.,0.));
#5499 = ADVANCED_FACE('',(#5500),#5518,.F.);
#5500 = FACE_BOUND('',#5501,.F.);
#5501 = EDGE_LOOP('',(#5502,#5510,#5516,#5517));
#5502 = ORIENTED_EDGE('',*,*,#5503,.F.);
#5503 = EDGE_CURVE('',#5504,#5481,#5506,.T.);
#5504 = VERTEX_POINT('',#5505);
#5505 = CARTESIAN_POINT('',(95.2,25.8,-7.1));
#5506 = LINE('',#5507,#5508);
#5507 = CARTESIAN_POINT('',(95.2,25.8,-7.1));
#5508 = VECTOR('',#5509,1.);
#5509 = DIRECTION('',(0.,0.,1.));
#5510 = ORIENTED_EDGE('',*,*,#5511,.T.);
#5511 = EDGE_CURVE('',#5504,#5390,#5512,.T.);
#5512 = LINE('',#5513,#5514);
#5513 = CARTESIAN_POINT('',(95.2,25.8,-7.1));
#5514 = VECTOR('',#5515,1.);
#5515 = DIRECTION('',(0.,1.,0.));
#5516 = ORIENTED_EDGE('',*,*,#5397,.T.);
#5517 = ORIENTED_EDGE('',*,*,#5488,.F.);
#5518 = PLANE('',#5519);
#5519 = AXIS2_PLACEMENT_3D('',#5520,#5521,#5522);
#5520 = CARTESIAN_POINT('',(95.2,25.8,-7.1));
#5521 = DIRECTION('',(1.,0.,0.));
#5522 = DIRECTION('',(0.,0.,1.));
#5523 = ADVANCED_FACE('',(#5524),#5535,.T.);
#5524 = FACE_BOUND('',#5525,.T.);
#5525 = EDGE_LOOP('',(#5526,#5527,#5533,#5534));
#5526 = ORIENTED_EDGE('',*,*,#5458,.F.);
#5527 = ORIENTED_EDGE('',*,*,#5528,.T.);
#5528 = EDGE_CURVE('',#5449,#5504,#5529,.T.);
#5529 = LINE('',#5530,#5531);
#5530 = CARTESIAN_POINT('',(81.8,25.8,-7.1));
#5531 = VECTOR('',#5532,1.);
#5532 = DIRECTION('',(1.,0.,0.));
#5533 = ORIENTED_EDGE('',*,*,#5511,.T.);
#5534 = ORIENTED_EDGE('',*,*,#5389,.F.);
#5535 = PLANE('',#5536);
#5536 = AXIS2_PLACEMENT_3D('',#5537,#5538,#5539);
#5537 = CARTESIAN_POINT('',(81.8,25.8,-7.1));
#5538 = DIRECTION('',(0.,0.,1.));
#5539 = DIRECTION('',(1.,0.,0.));
#5540 = ADVANCED_FACE('',(#5541),#5547,.T.);
#5541 = FACE_BOUND('',#5542,.T.);
#5542 = EDGE_LOOP('',(#5543,#5544,#5545,#5546));
#5543 = ORIENTED_EDGE('',*,*,#5528,.F.);
#5544 = ORIENTED_EDGE('',*,*,#5448,.T.);
#5545 = ORIENTED_EDGE('',*,*,#5480,.T.);
#5546 = ORIENTED_EDGE('',*,*,#5503,.F.);
#5547 = PLANE('',#5548);
#5548 = AXIS2_PLACEMENT_3D('',#5549,#5550,#5551);
#5549 = CARTESIAN_POINT('',(81.8,25.8,-7.1));
#5550 = DIRECTION('',(0.,1.,0.));
#5551 = DIRECTION('',(0.,0.,1.));
#5552 = MANIFOLD_SOLID_BREP('',#5553);
#5553 = CLOSED_SHELL('',(#5554,#5594,#5634,#5656,#5678,#5690));
#5554 = ADVANCED_FACE('',(#5555),#5589,.F.);
#5555 = FACE_BOUND('',#5556,.F.);
#5556 = EDGE_LOOP('',(#5557,#5567,#5575,#5583));
#5557 = ORIENTED_EDGE('',*,*,#5558,.F.);
#5558 = EDGE_CURVE('',#5559,#5561,#5563,.T.);
#5559 = VERTEX_POINT('',#5560);
#5560 = CARTESIAN_POINT('',(82.5,26.5,-6.4));
#5561 = VERTEX_POINT('',#5562);
#5562 = CARTESIAN_POINT('',(82.5,26.5,11.4));
#5563 = LINE('',#5564,#5565);
#5564 = CARTESIAN_POINT('',(82.5,26.5,-6.4));
#5565 = VECTOR('',#5566,1.);
#5566 = DIRECTION('',(0.,0.,1.));
#5567 = ORIENTED_EDGE('',*,*,#5568,.T.);
#5568 = EDGE_CURVE('',#5559,#5569,#5571,.T.);
#5569 = VERTEX_POINT('',#5570);
#5570 = CARTESIAN_POINT('',(82.5,47.5,-6.4));
#5571 = LINE('',#5572,#5573);
#5572 = CARTESIAN_POINT('',(82.5,26.5,-6.4));
#5573 = VECTOR('',#5574,1.);
#5574 = DIRECTION('',(0.,1.,0.));
#5575 = ORIENTED_EDGE('',*,*,#5576,.T.);
#5576 = EDGE_CURVE('',#5569,#5577,#5579,.T.);
#5577 = VERTEX_POINT('',#5578);
#5578 = CARTESIAN_POINT('',(82.5,47.5,11.4));
#5579 = LINE('',#5580,#5581);
#5580 = CARTESIAN_POINT('',(82.5,47.5,-6.4));
#5581 = VECTOR('',#5582,1.);
#5582 = DIRECTION('',(0.,0.,1.));
#5583 = ORIENTED_EDGE('',*,*,#5584,.F.);
#5584 = EDGE_CURVE('',#5561,#5577,#5585,.T.);
#5585 = LINE('',#5586,#5587);
#5586 = CARTESIAN_POINT('',(82.5,26.5,11.4));
#5587 = VECTOR('',#5588,1.);
#5588 = DIRECTION('',(0.,1.,0.));
#5589 = PLANE('',#5590);
#5590 = AXIS2_PLACEMENT_3D('',#5591,#5592,#5593);
#5591 = CARTESIAN_POINT('',(82.5,26.5,-6.4));
#5592 = DIRECTION('',(1.,0.,0.));
#5593 = DIRECTION('',(0.,0.,1.));
#5594 = ADVANCED_FACE('',(#5595),#5629,.T.);
#5595 = FACE_BOUND('',#5596,.T.);
#5596 = EDGE_LOOP('',(#5597,#5607,#5615,#5623));
#5597 = ORIENTED_EDGE('',*,*,#5598,.F.);
#5598 = EDGE_CURVE('',#5599,#5601,#5603,.T.);
#5599 = VERTEX_POINT('',#5600);
#5600 = CARTESIAN_POINT('',(94.5,26.5,-6.4));
#5601 = VERTEX_POINT('',#5602);
#5602 = CARTESIAN_POINT('',(94.5,26.5,11.4));
#5603 = LINE('',#5604,#5605);
#5604 = CARTESIAN_POINT('',(94.5,26.5,-6.4));
#5605 = VECTOR('',#5606,1.);
#5606 = DIRECTION('',(0.,0.,1.));
#5607 = ORIENTED_EDGE('',*,*,#5608,.T.);
#5608 = EDGE_CURVE('',#5599,#5609,#5611,.T.);
#5609 = VERTEX_POINT('',#5610);
#5610 = CARTESIAN_POINT('',(94.5,47.5,-6.4));
#5611 = LINE('',#5612,#5613);
#5612 = CARTESIAN_POINT('',(94.5,26.5,-6.4));
#5613 = VECTOR('',#5614,1.);
#5614 = DIRECTION('',(0.,1.,0.));
#5615 = ORIENTED_EDGE('',*,*,#5616,.T.);
#5616 = EDGE_CURVE('',#5609,#5617,#5619,.T.);
#5617 = VERTEX_POINT('',#5618);
#5618 = CARTESIAN_POINT('',(94.5,47.5,11.4));
#5619 = LINE('',#5620,#5621);
#5620 = CARTESIAN_POINT('',(94.5,47.5,-6.4));
#5621 = VECTOR('',#5622,1.);
#5622 = DIRECTION('',(0.,0.,1.));
#5623 = ORIENTED_EDGE('',*,*,#5624,.F.);
#5624 = EDGE_CURVE('',#5601,#5617,#5625,.T.);
#5625 = LINE('',#5626,#5627);
#5626 = CARTESIAN_POINT('',(94.5,26.5,11.4));
#5627 = VECTOR('',#5628,1.);
#5628 = DIRECTION('',(0.,1.,0.));
#5629 = PLANE('',#5630);
#5630 = AXIS2_PLACEMENT_3D('',#5631,#5632,#5633);
#5631 = CARTESIAN_POINT('',(94.5,26.5,-6.4));
#5632 = DIRECTION('',(1.,0.,0.));
#5633 = DIRECTION('',(0.,0.,1.));
#5634 = ADVANCED_FACE('',(#5635),#5651,.F.);
#5635 = FACE_BOUND('',#5636,.F.);
#5636 = EDGE_LOOP('',(#5637,#5643,#5644,#5650));
#5637 = ORIENTED_EDGE('',*,*,#5638,.F.);
#5638 = EDGE_CURVE('',#5559,#5599,#5639,.T.);
#5639 = LINE('',#5640,#5641);
#5640 = CARTESIAN_POINT('',(82.5,26.5,-6.4));
#5641 = VECTOR('',#5642,1.);
#5642 = DIRECTION('',(1.,0.,0.));
#5643 = ORIENTED_EDGE('',*,*,#5558,.T.);
#5644 = ORIENTED_EDGE('',*,*,#5645,.T.);
#5645 = EDGE_CURVE('',#5561,#5601,#5646,.T.);
#5646 = LINE('',#5647,#5648);
#5647 = CARTESIAN_POINT('',(82.5,26.5,11.4));
#5648 = VECTOR('',#5649,1.);
#5649 = DIRECTION('',(1.,0.,0.));
#5650 = ORIENTED_EDGE('',*,*,#5598,.F.);
#5651 = PLANE('',#5652);
#5652 = AXIS2_PLACEMENT_3D('',#5653,#5654,#5655);
#5653 = CARTESIAN_POINT('',(82.5,26.5,-6.4));
#5654 = DIRECTION('',(0.,1.,0.));
#5655 = DIRECTION('',(0.,0.,1.));
#5656 = ADVANCED_FACE('',(#5657),#5673,.T.);
#5657 = FACE_BOUND('',#5658,.T.);
#5658 = EDGE_LOOP('',(#5659,#5665,#5666,#5672));
#5659 = ORIENTED_EDGE('',*,*,#5660,.F.);
#5660 = EDGE_CURVE('',#5569,#5609,#5661,.T.);
#5661 = LINE('',#5662,#5663);
#5662 = CARTESIAN_POINT('',(82.5,47.5,-6.4));
#5663 = VECTOR('',#5664,1.);
#5664 = DIRECTION('',(1.,0.,0.));
#5665 = ORIENTED_EDGE('',*,*,#5576,.T.);
#5666 = ORIENTED_EDGE('',*,*,#5667,.T.);
#5667 = EDGE_CURVE('',#5577,#5617,#5668,.T.);
#5668 = LINE('',#5669,#5670);
#5669 = CARTESIAN_POINT('',(82.5,47.5,11.4));
#5670 = VECTOR('',#5671,1.);
#5671 = DIRECTION('',(1.,0.,0.));
#5672 = ORIENTED_EDGE('',*,*,#5616,.F.);
#5673 = PLANE('',#5674);
#5674 = AXIS2_PLACEMENT_3D('',#5675,#5676,#5677);
#5675 = CARTESIAN_POINT('',(82.5,47.5,-6.4));
#5676 = DIRECTION('',(0.,1.,0.));
#5677 = DIRECTION('',(0.,0.,1.));
#5678 = ADVANCED_FACE('',(#5679),#5685,.F.);
#5679 = FACE_BOUND('',#5680,.F.);
#5680 = EDGE_LOOP('',(#5681,#5682,#5683,#5684));
#5681 = ORIENTED_EDGE('',*,*,#5568,.F.);
#5682 = ORIENTED_EDGE('',*,*,#5638,.T.);
#5683 = ORIENTED_EDGE('',*,*,#5608,.T.);
#5684 = ORIENTED_EDGE('',*,*,#5660,.F.);
#5685 = PLANE('',#5686);
#5686 = AXIS2_PLACEMENT_3D('',#5687,#5688,#5689);
#5687 = CARTESIAN_POINT('',(82.5,26.5,-6.4));
#5688 = DIRECTION('',(0.,0.,1.));
#5689 = DIRECTION('',(1.,0.,0.));
#5690 = ADVANCED_FACE('',(#5691),#5697,.T.);
#5691 = FACE_BOUND('',#5692,.T.);
#5692 = EDGE_LOOP('',(#5693,#5694,#5695,#5696));
#5693 = ORIENTED_EDGE('',*,*,#5584,.F.);
#5694 = ORIENTED_EDGE('',*,*,#5645,.T.);
#5695 = ORIENTED_EDGE('',*,*,#5624,.T.);
#5696 = ORIENTED_EDGE('',*,*,#5667,.F.);
#5697 = PLANE('',#5698);
#5698 = AXIS2_PLACEMENT_3D('',#5699,#5700,#5701);
#5699 = CARTESIAN_POINT('',(82.5,26.5,11.4));
#5700 = DIRECTION('',(0.,0.,1.));
#5701 = DIRECTION('',(1.,0.,0.));
#5702 = MANIFOLD_SOLID_BREP('',#5703);
#5703 = CLOSED_SHELL('',(#5704,#5744,#5775,#5799,#5857,#5874,#5886,#5917
    ,#5941,#5965,#5982));
#5704 = ADVANCED_FACE('',(#5705),#5739,.F.);
#5705 = FACE_BOUND('',#5706,.F.);
#5706 = EDGE_LOOP('',(#5707,#5717,#5725,#5733));
#5707 = ORIENTED_EDGE('',*,*,#5708,.F.);
#5708 = EDGE_CURVE('',#5709,#5711,#5713,.T.);
#5709 = VERTEX_POINT('',#5710);
#5710 = CARTESIAN_POINT('',(80.,48.,-8.));
#5711 = VERTEX_POINT('',#5712);
#5712 = CARTESIAN_POINT('',(80.,48.,13.));
#5713 = LINE('',#5714,#5715);
#5714 = CARTESIAN_POINT('',(80.,48.,-8.));
#5715 = VECTOR('',#5716,1.);
#5716 = DIRECTION('',(0.,0.,1.));
#5717 = ORIENTED_EDGE('',*,*,#5718,.T.);
#5718 = EDGE_CURVE('',#5709,#5719,#5721,.T.);
#5719 = VERTEX_POINT('',#5720);
#5720 = CARTESIAN_POINT('',(80.,103.,-8.));
#5721 = LINE('',#5722,#5723);
#5722 = CARTESIAN_POINT('',(80.,48.,-8.));
#5723 = VECTOR('',#5724,1.);
#5724 = DIRECTION('',(0.,1.,0.));
#5725 = ORIENTED_EDGE('',*,*,#5726,.T.);
#5726 = EDGE_CURVE('',#5719,#5727,#5729,.T.);
#5727 = VERTEX_POINT('',#5728);
#5728 = CARTESIAN_POINT('',(80.,103.,13.));
#5729 = LINE('',#5730,#5731);
#5730 = CARTESIAN_POINT('',(80.,103.,-8.));
#5731 = VECTOR('',#5732,1.);
#5732 = DIRECTION('',(0.,0.,1.));
#5733 = ORIENTED_EDGE('',*,*,#5734,.F.);
#5734 = EDGE_CURVE('',#5711,#5727,#5735,.T.);
#5735 = LINE('',#5736,#5737);
#5736 = CARTESIAN_POINT('',(80.,48.,13.));
#5737 = VECTOR('',#5738,1.);
#5738 = DIRECTION('',(0.,1.,0.));
#5739 = PLANE('',#5740);
#5740 = AXIS2_PLACEMENT_3D('',#5741,#5742,#5743);
#5741 = CARTESIAN_POINT('',(80.,48.,-8.));
#5742 = DIRECTION('',(1.,0.,0.));
#5743 = DIRECTION('',(0.,0.,1.));
#5744 = ADVANCED_FACE('',(#5745),#5770,.F.);
#5745 = FACE_BOUND('',#5746,.F.);
#5746 = EDGE_LOOP('',(#5747,#5755,#5756,#5764));
#5747 = ORIENTED_EDGE('',*,*,#5748,.F.);
#5748 = EDGE_CURVE('',#5709,#5749,#5751,.T.);
#5749 = VERTEX_POINT('',#5750);
#5750 = CARTESIAN_POINT('',(93.,48.,-8.));
#5751 = LINE('',#5752,#5753);
#5752 = CARTESIAN_POINT('',(80.,48.,-8.));
#5753 = VECTOR('',#5754,1.);
#5754 = DIRECTION('',(1.,0.,0.));
#5755 = ORIENTED_EDGE('',*,*,#5708,.T.);
#5756 = ORIENTED_EDGE('',*,*,#5757,.T.);
#5757 = EDGE_CURVE('',#5711,#5758,#5760,.T.);
#5758 = VERTEX_POINT('',#5759);
#5759 = CARTESIAN_POINT('',(93.,48.,13.));
#5760 = LINE('',#5761,#5762);
#5761 = CARTESIAN_POINT('',(80.,48.,13.));
#5762 = VECTOR('',#5763,1.);
#5763 = DIRECTION('',(1.,0.,0.));
#5764 = ORIENTED_EDGE('',*,*,#5765,.F.);
#5765 = EDGE_CURVE('',#5749,#5758,#5766,.T.);
#5766 = LINE('',#5767,#5768);
#5767 = CARTESIAN_POINT('',(93.,48.,-8.));
#5768 = VECTOR('',#5769,1.);
#5769 = DIRECTION('',(0.,0.,1.));
#5770 = PLANE('',#5771);
#5771 = AXIS2_PLACEMENT_3D('',#5772,#5773,#5774);
#5772 = CARTESIAN_POINT('',(80.,48.,-8.));
#5773 = DIRECTION('',(0.,1.,0.));
#5774 = DIRECTION('',(0.,0.,1.));
#5775 = ADVANCED_FACE('',(#5776),#5794,.T.);
#5776 = FACE_BOUND('',#5777,.T.);
#5777 = EDGE_LOOP('',(#5778,#5779,#5780,#5788));
#5778 = ORIENTED_EDGE('',*,*,#5734,.F.);
#5779 = ORIENTED_EDGE('',*,*,#5757,.T.);
#5780 = ORIENTED_EDGE('',*,*,#5781,.T.);
#5781 = EDGE_CURVE('',#5758,#5782,#5784,.T.);
#5782 = VERTEX_POINT('',#5783);
#5783 = CARTESIAN_POINT('',(93.,103.,13.));
#5784 = LINE('',#5785,#5786);
#5785 = CARTESIAN_POINT('',(93.,48.,13.));
#5786 = VECTOR('',#5787,1.);
#5787 = DIRECTION('',(0.,1.,0.));
#5788 = ORIENTED_EDGE('',*,*,#5789,.F.);
#5789 = EDGE_CURVE('',#5727,#5782,#5790,.T.);
#5790 = LINE('',#5791,#5792);
#5791 = CARTESIAN_POINT('',(80.,103.,13.));
#5792 = VECTOR('',#5793,1.);
#5793 = DIRECTION('',(1.,0.,0.));
#5794 = PLANE('',#5795);
#5795 = AXIS2_PLACEMENT_3D('',#5796,#5797,#5798);
#5796 = CARTESIAN_POINT('',(80.,48.,13.));
#5797 = DIRECTION('',(0.,0.,1.));
#5798 = DIRECTION('',(1.,0.,0.));
#5799 = ADVANCED_FACE('',(#5800,#5818),#5852,.T.);
#5800 = FACE_BOUND('',#5801,.T.);
#5801 = EDGE_LOOP('',(#5802,#5810,#5811,#5812));
#5802 = ORIENTED_EDGE('',*,*,#5803,.F.);
#5803 = EDGE_CURVE('',#5719,#5804,#5806,.T.);
#5804 = VERTEX_POINT('',#5805);
#5805 = CARTESIAN_POINT('',(93.,103.,-8.));
#5806 = LINE('',#5807,#5808);
#5807 = CARTESIAN_POINT('',(80.,103.,-8.));
#5808 = VECTOR('',#5809,1.);
#5809 = DIRECTION('',(1.,0.,0.));
#5810 = ORIENTED_EDGE('',*,*,#5726,.T.);
#5811 = ORIENTED_EDGE('',*,*,#5789,.T.);
#5812 = ORIENTED_EDGE('',*,*,#5813,.F.);
#5813 = EDGE_CURVE('',#5804,#5782,#5814,.T.);
#5814 = LINE('',#5815,#5816);
#5815 = CARTESIAN_POINT('',(93.,103.,-8.));
#5816 = VECTOR('',#5817,1.);
#5817 = DIRECTION('',(0.,0.,1.));
#5818 = FACE_BOUND('',#5819,.T.);
#5819 = EDGE_LOOP('',(#5820,#5830,#5838,#5846));
#5820 = ORIENTED_EDGE('',*,*,#5821,.F.);
#5821 = EDGE_CURVE('',#5822,#5824,#5826,.T.);
#5822 = VERTEX_POINT('',#5823);
#5823 = CARTESIAN_POINT('',(81.8,103.,-6.2));
#5824 = VERTEX_POINT('',#5825);
#5825 = CARTESIAN_POINT('',(81.8,103.,11.2));
#5826 = LINE('',#5827,#5828);
#5827 = CARTESIAN_POINT('',(81.8,103.,-6.2));
#5828 = VECTOR('',#5829,1.);
#5829 = DIRECTION('',(0.,0.,1.));
#5830 = ORIENTED_EDGE('',*,*,#5831,.T.);
#5831 = EDGE_CURVE('',#5822,#5832,#5834,.T.);
#5832 = VERTEX_POINT('',#5833);
#5833 = CARTESIAN_POINT('',(91.2,103.,-6.2));
#5834 = LINE('',#5835,#5836);
#5835 = CARTESIAN_POINT('',(81.8,103.,-6.2));
#5836 = VECTOR('',#5837,1.);
#5837 = DIRECTION('',(1.,0.,0.));
#5838 = ORIENTED_EDGE('',*,*,#5839,.T.);
#5839 = EDGE_CURVE('',#5832,#5840,#5842,.T.);
#5840 = VERTEX_POINT('',#5841);
#5841 = CARTESIAN_POINT('',(91.2,103.,11.2));
#5842 = LINE('',#5843,#5844);
#5843 = CARTESIAN_POINT('',(91.2,103.,-6.2));
#5844 = VECTOR('',#5845,1.);
#5845 = DIRECTION('',(0.,0.,1.));
#5846 = ORIENTED_EDGE('',*,*,#5847,.F.);
#5847 = EDGE_CURVE('',#5824,#5840,#5848,.T.);
#5848 = LINE('',#5849,#5850);
#5849 = CARTESIAN_POINT('',(81.8,103.,11.2));
#5850 = VECTOR('',#5851,1.);
#5851 = DIRECTION('',(1.,0.,0.));
#5852 = PLANE('',#5853);
#5853 = AXIS2_PLACEMENT_3D('',#5854,#5855,#5856);
#5854 = CARTESIAN_POINT('',(80.,103.,-8.));
#5855 = DIRECTION('',(0.,1.,0.));
#5856 = DIRECTION('',(0.,0.,1.));
#5857 = ADVANCED_FACE('',(#5858),#5869,.F.);
#5858 = FACE_BOUND('',#5859,.F.);
#5859 = EDGE_LOOP('',(#5860,#5861,#5862,#5868));
#5860 = ORIENTED_EDGE('',*,*,#5718,.F.);
#5861 = ORIENTED_EDGE('',*,*,#5748,.T.);
#5862 = ORIENTED_EDGE('',*,*,#5863,.T.);
#5863 = EDGE_CURVE('',#5749,#5804,#5864,.T.);
#5864 = LINE('',#5865,#5866);
#5865 = CARTESIAN_POINT('',(93.,48.,-8.));
#5866 = VECTOR('',#5867,1.);
#5867 = DIRECTION('',(0.,1.,0.));
#5868 = ORIENTED_EDGE('',*,*,#5803,.F.);
#5869 = PLANE('',#5870);
#5870 = AXIS2_PLACEMENT_3D('',#5871,#5872,#5873);
#5871 = CARTESIAN_POINT('',(80.,48.,-8.));
#5872 = DIRECTION('',(0.,0.,1.));
#5873 = DIRECTION('',(1.,0.,0.));
#5874 = ADVANCED_FACE('',(#5875),#5881,.T.);
#5875 = FACE_BOUND('',#5876,.T.);
#5876 = EDGE_LOOP('',(#5877,#5878,#5879,#5880));
#5877 = ORIENTED_EDGE('',*,*,#5765,.F.);
#5878 = ORIENTED_EDGE('',*,*,#5863,.T.);
#5879 = ORIENTED_EDGE('',*,*,#5813,.T.);
#5880 = ORIENTED_EDGE('',*,*,#5781,.F.);
#5881 = PLANE('',#5882);
#5882 = AXIS2_PLACEMENT_3D('',#5883,#5884,#5885);
#5883 = CARTESIAN_POINT('',(93.,48.,-8.));
#5884 = DIRECTION('',(1.,0.,0.));
#5885 = DIRECTION('',(0.,0.,1.));
#5886 = ADVANCED_FACE('',(#5887),#5912,.T.);
#5887 = FACE_BOUND('',#5888,.T.);
#5888 = EDGE_LOOP('',(#5889,#5899,#5905,#5906));
#5889 = ORIENTED_EDGE('',*,*,#5890,.F.);
#5890 = EDGE_CURVE('',#5891,#5893,#5895,.T.);
#5891 = VERTEX_POINT('',#5892);
#5892 = CARTESIAN_POINT('',(81.8,49.8,-6.2));
#5893 = VERTEX_POINT('',#5894);
#5894 = CARTESIAN_POINT('',(81.8,49.8,11.2));
#5895 = LINE('',#5896,#5897);
#5896 = CARTESIAN_POINT('',(81.8,49.8,-6.2));
#5897 = VECTOR('',#5898,1.);
#5898 = DIRECTION('',(0.,0.,1.));
#5899 = ORIENTED_EDGE('',*,*,#5900,.T.);
#5900 = EDGE_CURVE('',#5891,#5822,#5901,.T.);
#5901 = LINE('',#5902,#5903);
#5902 = CARTESIAN_POINT('',(81.8,49.8,-6.2));
#5903 = VECTOR('',#5904,1.);
#5904 = DIRECTION('',(0.,1.,0.));
#5905 = ORIENTED_EDGE('',*,*,#5821,.T.);
#5906 = ORIENTED_EDGE('',*,*,#5907,.F.);
#5907 = EDGE_CURVE('',#5893,#5824,#5908,.T.);
#5908 = LINE('',#5909,#5910);
#5909 = CARTESIAN_POINT('',(81.8,49.8,11.2));
#5910 = VECTOR('',#5911,1.);
#5911 = DIRECTION('',(0.,1.,0.));
#5912 = PLANE('',#5913);
#5913 = AXIS2_PLACEMENT_3D('',#5914,#5915,#5916);
#5914 = CARTESIAN_POINT('',(81.8,49.8,-6.2));
#5915 = DIRECTION('',(1.,0.,0.));
#5916 = DIRECTION('',(0.,0.,1.));
#5917 = ADVANCED_FACE('',(#5918),#5936,.F.);
#5918 = FACE_BOUND('',#5919,.F.);
#5919 = EDGE_LOOP('',(#5920,#5921,#5929,#5935));
#5920 = ORIENTED_EDGE('',*,*,#5907,.F.);
#5921 = ORIENTED_EDGE('',*,*,#5922,.T.);
#5922 = EDGE_CURVE('',#5893,#5923,#5925,.T.);
#5923 = VERTEX_POINT('',#5924);
#5924 = CARTESIAN_POINT('',(91.2,49.8,11.2));
#5925 = LINE('',#5926,#5927);
#5926 = CARTESIAN_POINT('',(81.8,49.8,11.2));
#5927 = VECTOR('',#5928,1.);
#5928 = DIRECTION('',(1.,0.,0.));
#5929 = ORIENTED_EDGE('',*,*,#5930,.T.);
#5930 = EDGE_CURVE('',#5923,#5840,#5931,.T.);
#5931 = LINE('',#5932,#5933);
#5932 = CARTESIAN_POINT('',(91.2,49.8,11.2));
#5933 = VECTOR('',#5934,1.);
#5934 = DIRECTION('',(0.,1.,0.));
#5935 = ORIENTED_EDGE('',*,*,#5847,.F.);
#5936 = PLANE('',#5937);
#5937 = AXIS2_PLACEMENT_3D('',#5938,#5939,#5940);
#5938 = CARTESIAN_POINT('',(81.8,49.8,11.2));
#5939 = DIRECTION('',(0.,0.,1.));
#5940 = DIRECTION('',(1.,0.,0.));
#5941 = ADVANCED_FACE('',(#5942),#5960,.F.);
#5942 = FACE_BOUND('',#5943,.F.);
#5943 = EDGE_LOOP('',(#5944,#5952,#5958,#5959));
#5944 = ORIENTED_EDGE('',*,*,#5945,.F.);
#5945 = EDGE_CURVE('',#5946,#5923,#5948,.T.);
#5946 = VERTEX_POINT('',#5947);
#5947 = CARTESIAN_POINT('',(91.2,49.8,-6.2));
#5948 = LINE('',#5949,#5950);
#5949 = CARTESIAN_POINT('',(91.2,49.8,-6.2));
#5950 = VECTOR('',#5951,1.);
#5951 = DIRECTION('',(0.,0.,1.));
#5952 = ORIENTED_EDGE('',*,*,#5953,.T.);
#5953 = EDGE_CURVE('',#5946,#5832,#5954,.T.);
#5954 = LINE('',#5955,#5956);
#5955 = CARTESIAN_POINT('',(91.2,49.8,-6.2));
#5956 = VECTOR('',#5957,1.);
#5957 = DIRECTION('',(0.,1.,0.));
#5958 = ORIENTED_EDGE('',*,*,#5839,.T.);
#5959 = ORIENTED_EDGE('',*,*,#5930,.F.);
#5960 = PLANE('',#5961);
#5961 = AXIS2_PLACEMENT_3D('',#5962,#5963,#5964);
#5962 = CARTESIAN_POINT('',(91.2,49.8,-6.2));
#5963 = DIRECTION('',(1.,0.,0.));
#5964 = DIRECTION('',(0.,0.,1.));
#5965 = ADVANCED_FACE('',(#5966),#5977,.T.);
#5966 = FACE_BOUND('',#5967,.T.);
#5967 = EDGE_LOOP('',(#5968,#5969,#5975,#5976));
#5968 = ORIENTED_EDGE('',*,*,#5900,.F.);
#5969 = ORIENTED_EDGE('',*,*,#5970,.T.);
#5970 = EDGE_CURVE('',#5891,#5946,#5971,.T.);
#5971 = LINE('',#5972,#5973);
#5972 = CARTESIAN_POINT('',(81.8,49.8,-6.2));
#5973 = VECTOR('',#5974,1.);
#5974 = DIRECTION('',(1.,0.,0.));
#5975 = ORIENTED_EDGE('',*,*,#5953,.T.);
#5976 = ORIENTED_EDGE('',*,*,#5831,.F.);
#5977 = PLANE('',#5978);
#5978 = AXIS2_PLACEMENT_3D('',#5979,#5980,#5981);
#5979 = CARTESIAN_POINT('',(81.8,49.8,-6.2));
#5980 = DIRECTION('',(0.,0.,1.));
#5981 = DIRECTION('',(1.,0.,0.));
#5982 = ADVANCED_FACE('',(#5983),#5989,.T.);
#5983 = FACE_BOUND('',#5984,.T.);
#5984 = EDGE_LOOP('',(#5985,#5986,#5987,#5988));
#5985 = ORIENTED_EDGE('',*,*,#5970,.F.);
#5986 = ORIENTED_EDGE('',*,*,#5890,.T.);
#5987 = ORIENTED_EDGE('',*,*,#5922,.T.);
#5988 = ORIENTED_EDGE('',*,*,#5945,.F.);
#5989 = PLANE('',#5990);
#5990 = AXIS2_PLACEMENT_3D('',#5991,#5992,#5993);
#5991 = CARTESIAN_POINT('',(81.8,49.8,-6.2));
#5992 = DIRECTION('',(0.,1.,0.));
#5993 = DIRECTION('',(0.,0.,1.));
#5994 = MANIFOLD_SOLID_BREP('',#5995);
#5995 = CLOSED_SHELL('',(#5996,#6036,#6076,#6098,#6120,#6132));
#5996 = ADVANCED_FACE('',(#5997),#6031,.F.);
#5997 = FACE_BOUND('',#5998,.F.);
#5998 = EDGE_LOOP('',(#5999,#6009,#6017,#6025));
#5999 = ORIENTED_EDGE('',*,*,#6000,.F.);
#6000 = EDGE_CURVE('',#6001,#6003,#6005,.T.);
#6001 = VERTEX_POINT('',#6002);
#6002 = CARTESIAN_POINT('',(82.5,50.5,-5.5));
#6003 = VERTEX_POINT('',#6004);
#6004 = CARTESIAN_POINT('',(82.5,50.5,10.5));
#6005 = LINE('',#6006,#6007);
#6006 = CARTESIAN_POINT('',(82.5,50.5,-5.5));
#6007 = VECTOR('',#6008,1.);
#6008 = DIRECTION('',(0.,0.,1.));
#6009 = ORIENTED_EDGE('',*,*,#6010,.T.);
#6010 = EDGE_CURVE('',#6001,#6011,#6013,.T.);
#6011 = VERTEX_POINT('',#6012);
#6012 = CARTESIAN_POINT('',(82.5,100.5,-5.5));
#6013 = LINE('',#6014,#6015);
#6014 = CARTESIAN_POINT('',(82.5,50.5,-5.5));
#6015 = VECTOR('',#6016,1.);
#6016 = DIRECTION('',(0.,1.,0.));
#6017 = ORIENTED_EDGE('',*,*,#6018,.T.);
#6018 = EDGE_CURVE('',#6011,#6019,#6021,.T.);
#6019 = VERTEX_POINT('',#6020);
#6020 = CARTESIAN_POINT('',(82.5,100.5,10.5));
#6021 = LINE('',#6022,#6023);
#6022 = CARTESIAN_POINT('',(82.5,100.5,-5.5));
#6023 = VECTOR('',#6024,1.);
#6024 = DIRECTION('',(0.,0.,1.));
#6025 = ORIENTED_EDGE('',*,*,#6026,.F.);
#6026 = EDGE_CURVE('',#6003,#6019,#6027,.T.);
#6027 = LINE('',#6028,#6029);
#6028 = CARTESIAN_POINT('',(82.5,50.5,10.5));
#6029 = VECTOR('',#6030,1.);
#6030 = DIRECTION('',(0.,1.,0.));
#6031 = PLANE('',#6032);
#6032 = AXIS2_PLACEMENT_3D('',#6033,#6034,#6035);
#6033 = CARTESIAN_POINT('',(82.5,50.5,-5.5));
#6034 = DIRECTION('',(1.,0.,0.));
#6035 = DIRECTION('',(0.,0.,1.));
#6036 = ADVANCED_FACE('',(#6037),#6071,.T.);
#6037 = FACE_BOUND('',#6038,.T.);
#6038 = EDGE_LOOP('',(#6039,#6049,#6057,#6065));
#6039 = ORIENTED_EDGE('',*,*,#6040,.F.);
#6040 = EDGE_CURVE('',#6041,#6043,#6045,.T.);
#6041 = VERTEX_POINT('',#6042);
#6042 = CARTESIAN_POINT('',(90.5,50.5,-5.5));
#6043 = VERTEX_POINT('',#6044);
#6044 = CARTESIAN_POINT('',(90.5,50.5,10.5));
#6045 = LINE('',#6046,#6047);
#6046 = CARTESIAN_POINT('',(90.5,50.5,-5.5));
#6047 = VECTOR('',#6048,1.);
#6048 = DIRECTION('',(0.,0.,1.));
#6049 = ORIENTED_EDGE('',*,*,#6050,.T.);
#6050 = EDGE_CURVE('',#6041,#6051,#6053,.T.);
#6051 = VERTEX_POINT('',#6052);
#6052 = CARTESIAN_POINT('',(90.5,100.5,-5.5));
#6053 = LINE('',#6054,#6055);
#6054 = CARTESIAN_POINT('',(90.5,50.5,-5.5));
#6055 = VECTOR('',#6056,1.);
#6056 = DIRECTION('',(0.,1.,0.));
#6057 = ORIENTED_EDGE('',*,*,#6058,.T.);
#6058 = EDGE_CURVE('',#6051,#6059,#6061,.T.);
#6059 = VERTEX_POINT('',#6060);
#6060 = CARTESIAN_POINT('',(90.5,100.5,10.5));
#6061 = LINE('',#6062,#6063);
#6062 = CARTESIAN_POINT('',(90.5,100.5,-5.5));
#6063 = VECTOR('',#6064,1.);
#6064 = DIRECTION('',(0.,0.,1.));
#6065 = ORIENTED_EDGE('',*,*,#6066,.F.);
#6066 = EDGE_CURVE('',#6043,#6059,#6067,.T.);
#6067 = LINE('',#6068,#6069);
#6068 = CARTESIAN_POINT('',(90.5,50.5,10.5));
#6069 = VECTOR('',#6070,1.);
#6070 = DIRECTION('',(0.,1.,0.));
#6071 = PLANE('',#6072);
#6072 = AXIS2_PLACEMENT_3D('',#6073,#6074,#6075);
#6073 = CARTESIAN_POINT('',(90.5,50.5,-5.5));
#6074 = DIRECTION('',(1.,0.,0.));
#6075 = DIRECTION('',(0.,0.,1.));
#6076 = ADVANCED_FACE('',(#6077),#6093,.F.);
#6077 = FACE_BOUND('',#6078,.F.);
#6078 = EDGE_LOOP('',(#6079,#6085,#6086,#6092));
#6079 = ORIENTED_EDGE('',*,*,#6080,.F.);
#6080 = EDGE_CURVE('',#6001,#6041,#6081,.T.);
#6081 = LINE('',#6082,#6083);
#6082 = CARTESIAN_POINT('',(82.5,50.5,-5.5));
#6083 = VECTOR('',#6084,1.);
#6084 = DIRECTION('',(1.,0.,0.));
#6085 = ORIENTED_EDGE('',*,*,#6000,.T.);
#6086 = ORIENTED_EDGE('',*,*,#6087,.T.);
#6087 = EDGE_CURVE('',#6003,#6043,#6088,.T.);
#6088 = LINE('',#6089,#6090);
#6089 = CARTESIAN_POINT('',(82.5,50.5,10.5));
#6090 = VECTOR('',#6091,1.);
#6091 = DIRECTION('',(1.,0.,0.));
#6092 = ORIENTED_EDGE('',*,*,#6040,.F.);
#6093 = PLANE('',#6094);
#6094 = AXIS2_PLACEMENT_3D('',#6095,#6096,#6097);
#6095 = CARTESIAN_POINT('',(82.5,50.5,-5.5));
#6096 = DIRECTION('',(0.,1.,0.));
#6097 = DIRECTION('',(0.,0.,1.));
#6098 = ADVANCED_FACE('',(#6099),#6115,.T.);
#6099 = FACE_BOUND('',#6100,.T.);
#6100 = EDGE_LOOP('',(#6101,#6107,#6108,#6114));
#6101 = ORIENTED_EDGE('',*,*,#6102,.F.);
#6102 = EDGE_CURVE('',#6011,#6051,#6103,.T.);
#6103 = LINE('',#6104,#6105);
#6104 = CARTESIAN_POINT('',(82.5,100.5,-5.5));
#6105 = VECTOR('',#6106,1.);
#6106 = DIRECTION('',(1.,0.,0.));
#6107 = ORIENTED_EDGE('',*,*,#6018,.T.);
#6108 = ORIENTED_EDGE('',*,*,#6109,.T.);
#6109 = EDGE_CURVE('',#6019,#6059,#6110,.T.);
#6110 = LINE('',#6111,#6112);
#6111 = CARTESIAN_POINT('',(82.5,100.5,10.5));
#6112 = VECTOR('',#6113,1.);
#6113 = DIRECTION('',(1.,0.,0.));
#6114 = ORIENTED_EDGE('',*,*,#6058,.F.);
#6115 = PLANE('',#6116);
#6116 = AXIS2_PLACEMENT_3D('',#6117,#6118,#6119);
#6117 = CARTESIAN_POINT('',(82.5,100.5,-5.5));
#6118 = DIRECTION('',(0.,1.,0.));
#6119 = DIRECTION('',(0.,0.,1.));
#6120 = ADVANCED_FACE('',(#6121),#6127,.F.);
#6121 = FACE_BOUND('',#6122,.F.);
#6122 = EDGE_LOOP('',(#6123,#6124,#6125,#6126));
#6123 = ORIENTED_EDGE('',*,*,#6010,.F.);
#6124 = ORIENTED_EDGE('',*,*,#6080,.T.);
#6125 = ORIENTED_EDGE('',*,*,#6050,.T.);
#6126 = ORIENTED_EDGE('',*,*,#6102,.F.);
#6127 = PLANE('',#6128);
#6128 = AXIS2_PLACEMENT_3D('',#6129,#6130,#6131);
#6129 = CARTESIAN_POINT('',(82.5,50.5,-5.5));
#6130 = DIRECTION('',(0.,0.,1.));
#6131 = DIRECTION('',(1.,0.,0.));
#6132 = ADVANCED_FACE('',(#6133),#6139,.T.);
#6133 = FACE_BOUND('',#6134,.T.);
#6134 = EDGE_LOOP('',(#6135,#6136,#6137,#6138));
#6135 = ORIENTED_EDGE('',*,*,#6026,.F.);
#6136 = ORIENTED_EDGE('',*,*,#6087,.T.);
#6137 = ORIENTED_EDGE('',*,*,#6066,.T.);
#6138 = ORIENTED_EDGE('',*,*,#6109,.F.);
#6139 = PLANE('',#6140);
#6140 = AXIS2_PLACEMENT_3D('',#6141,#6142,#6143);
#6141 = CARTESIAN_POINT('',(82.5,50.5,10.5));
#6142 = DIRECTION('',(0.,0.,1.));
#6143 = DIRECTION('',(1.,0.,0.));
#6144 = MANIFOLD_SOLID_BREP('',#6145);
#6145 = CLOSED_SHELL('',(#6146,#6186,#6226,#6248,#6270,#6282));
#6146 = ADVANCED_FACE('',(#6147),#6181,.F.);
#6147 = FACE_BOUND('',#6148,.F.);
#6148 = EDGE_LOOP('',(#6149,#6159,#6167,#6175));
#6149 = ORIENTED_EDGE('',*,*,#6150,.F.);
#6150 = EDGE_CURVE('',#6151,#6153,#6155,.T.);
#6151 = VERTEX_POINT('',#6152);
#6152 = CARTESIAN_POINT('',(90.8,50.,2.));
#6153 = VERTEX_POINT('',#6154);
#6154 = CARTESIAN_POINT('',(90.8,50.,10.));
#6155 = LINE('',#6156,#6157);
#6156 = CARTESIAN_POINT('',(90.8,50.,2.));
#6157 = VECTOR('',#6158,1.);
#6158 = DIRECTION('',(0.,0.,1.));
#6159 = ORIENTED_EDGE('',*,*,#6160,.T.);
#6160 = EDGE_CURVE('',#6151,#6161,#6163,.T.);
#6161 = VERTEX_POINT('',#6162);
#6162 = CARTESIAN_POINT('',(90.8,55.8,2.));
#6163 = LINE('',#6164,#6165);
#6164 = CARTESIAN_POINT('',(90.8,50.,2.));
#6165 = VECTOR('',#6166,1.);
#6166 = DIRECTION('',(0.,1.,0.));
#6167 = ORIENTED_EDGE('',*,*,#6168,.T.);
#6168 = EDGE_CURVE('',#6161,#6169,#6171,.T.);
#6169 = VERTEX_POINT('',#6170);
#6170 = CARTESIAN_POINT('',(90.8,55.8,10.));
#6171 = LINE('',#6172,#6173);
#6172 = CARTESIAN_POINT('',(90.8,55.8,2.));
#6173 = VECTOR('',#6174,1.);
#6174 = DIRECTION('',(0.,0.,1.));
#6175 = ORIENTED_EDGE('',*,*,#6176,.F.);
#6176 = EDGE_CURVE('',#6153,#6169,#6177,.T.);
#6177 = LINE('',#6178,#6179);
#6178 = CARTESIAN_POINT('',(90.8,50.,10.));
#6179 = VECTOR('',#6180,1.);
#6180 = DIRECTION('',(0.,1.,0.));
#6181 = PLANE('',#6182);
#6182 = AXIS2_PLACEMENT_3D('',#6183,#6184,#6185);
#6183 = CARTESIAN_POINT('',(90.8,50.,2.));
#6184 = DIRECTION('',(1.,0.,0.));
#6185 = DIRECTION('',(0.,0.,1.));
#6186 = ADVANCED_FACE('',(#6187),#6221,.T.);
#6187 = FACE_BOUND('',#6188,.T.);
#6188 = EDGE_LOOP('',(#6189,#6199,#6207,#6215));
#6189 = ORIENTED_EDGE('',*,*,#6190,.F.);
#6190 = EDGE_CURVE('',#6191,#6193,#6195,.T.);
#6191 = VERTEX_POINT('',#6192);
#6192 = CARTESIAN_POINT('',(96.6,50.,2.));
#6193 = VERTEX_POINT('',#6194);
#6194 = CARTESIAN_POINT('',(96.6,50.,10.));
#6195 = LINE('',#6196,#6197);
#6196 = CARTESIAN_POINT('',(96.6,50.,2.));
#6197 = VECTOR('',#6198,1.);
#6198 = DIRECTION('',(0.,0.,1.));
#6199 = ORIENTED_EDGE('',*,*,#6200,.T.);
#6200 = EDGE_CURVE('',#6191,#6201,#6203,.T.);
#6201 = VERTEX_POINT('',#6202);
#6202 = CARTESIAN_POINT('',(96.6,55.8,2.));
#6203 = LINE('',#6204,#6205);
#6204 = CARTESIAN_POINT('',(96.6,50.,2.));
#6205 = VECTOR('',#6206,1.);
#6206 = DIRECTION('',(0.,1.,0.));
#6207 = ORIENTED_EDGE('',*,*,#6208,.T.);
#6208 = EDGE_CURVE('',#6201,#6209,#6211,.T.);
#6209 = VERTEX_POINT('',#6210);
#6210 = CARTESIAN_POINT('',(96.6,55.8,10.));
#6211 = LINE('',#6212,#6213);
#6212 = CARTESIAN_POINT('',(96.6,55.8,2.));
#6213 = VECTOR('',#6214,1.);
#6214 = DIRECTION('',(0.,0.,1.));
#6215 = ORIENTED_EDGE('',*,*,#6216,.F.);
#6216 = EDGE_CURVE('',#6193,#6209,#6217,.T.);
#6217 = LINE('',#6218,#6219);
#6218 = CARTESIAN_POINT('',(96.6,50.,10.));
#6219 = VECTOR('',#6220,1.);
#6220 = DIRECTION('',(0.,1.,0.));
#6221 = PLANE('',#6222);
#6222 = AXIS2_PLACEMENT_3D('',#6223,#6224,#6225);
#6223 = CARTESIAN_POINT('',(96.6,50.,2.));
#6224 = DIRECTION('',(1.,0.,0.));
#6225 = DIRECTION('',(0.,0.,1.));
#6226 = ADVANCED_FACE('',(#6227),#6243,.F.);
#6227 = FACE_BOUND('',#6228,.F.);
#6228 = EDGE_LOOP('',(#6229,#6235,#6236,#6242));
#6229 = ORIENTED_EDGE('',*,*,#6230,.F.);
#6230 = EDGE_CURVE('',#6151,#6191,#6231,.T.);
#6231 = LINE('',#6232,#6233);
#6232 = CARTESIAN_POINT('',(90.8,50.,2.));
#6233 = VECTOR('',#6234,1.);
#6234 = DIRECTION('',(1.,0.,0.));
#6235 = ORIENTED_EDGE('',*,*,#6150,.T.);
#6236 = ORIENTED_EDGE('',*,*,#6237,.T.);
#6237 = EDGE_CURVE('',#6153,#6193,#6238,.T.);
#6238 = LINE('',#6239,#6240);
#6239 = CARTESIAN_POINT('',(90.8,50.,10.));
#6240 = VECTOR('',#6241,1.);
#6241 = DIRECTION('',(1.,0.,0.));
#6242 = ORIENTED_EDGE('',*,*,#6190,.F.);
#6243 = PLANE('',#6244);
#6244 = AXIS2_PLACEMENT_3D('',#6245,#6246,#6247);
#6245 = CARTESIAN_POINT('',(90.8,50.,2.));
#6246 = DIRECTION('',(0.,1.,0.));
#6247 = DIRECTION('',(0.,0.,1.));
#6248 = ADVANCED_FACE('',(#6249),#6265,.T.);
#6249 = FACE_BOUND('',#6250,.T.);
#6250 = EDGE_LOOP('',(#6251,#6257,#6258,#6264));
#6251 = ORIENTED_EDGE('',*,*,#6252,.F.);
#6252 = EDGE_CURVE('',#6161,#6201,#6253,.T.);
#6253 = LINE('',#6254,#6255);
#6254 = CARTESIAN_POINT('',(90.8,55.8,2.));
#6255 = VECTOR('',#6256,1.);
#6256 = DIRECTION('',(1.,0.,0.));
#6257 = ORIENTED_EDGE('',*,*,#6168,.T.);
#6258 = ORIENTED_EDGE('',*,*,#6259,.T.);
#6259 = EDGE_CURVE('',#6169,#6209,#6260,.T.);
#6260 = LINE('',#6261,#6262);
#6261 = CARTESIAN_POINT('',(90.8,55.8,10.));
#6262 = VECTOR('',#6263,1.);
#6263 = DIRECTION('',(1.,0.,0.));
#6264 = ORIENTED_EDGE('',*,*,#6208,.F.);
#6265 = PLANE('',#6266);
#6266 = AXIS2_PLACEMENT_3D('',#6267,#6268,#6269);
#6267 = CARTESIAN_POINT('',(90.8,55.8,2.));
#6268 = DIRECTION('',(0.,1.,0.));
#6269 = DIRECTION('',(0.,0.,1.));
#6270 = ADVANCED_FACE('',(#6271),#6277,.F.);
#6271 = FACE_BOUND('',#6272,.F.);
#6272 = EDGE_LOOP('',(#6273,#6274,#6275,#6276));
#6273 = ORIENTED_EDGE('',*,*,#6160,.F.);
#6274 = ORIENTED_EDGE('',*,*,#6230,.T.);
#6275 = ORIENTED_EDGE('',*,*,#6200,.T.);
#6276 = ORIENTED_EDGE('',*,*,#6252,.F.);
#6277 = PLANE('',#6278);
#6278 = AXIS2_PLACEMENT_3D('',#6279,#6280,#6281);
#6279 = CARTESIAN_POINT('',(90.8,50.,2.));
#6280 = DIRECTION('',(0.,0.,1.));
#6281 = DIRECTION('',(1.,0.,0.));
#6282 = ADVANCED_FACE('',(#6283),#6289,.T.);
#6283 = FACE_BOUND('',#6284,.T.);
#6284 = EDGE_LOOP('',(#6285,#6286,#6287,#6288));
#6285 = ORIENTED_EDGE('',*,*,#6176,.F.);
#6286 = ORIENTED_EDGE('',*,*,#6237,.T.);
#6287 = ORIENTED_EDGE('',*,*,#6216,.T.);
#6288 = ORIENTED_EDGE('',*,*,#6259,.F.);
#6289 = PLANE('',#6290);
#6290 = AXIS2_PLACEMENT_3D('',#6291,#6292,#6293);
#6291 = CARTESIAN_POINT('',(90.8,50.,10.));
#6292 = DIRECTION('',(0.,0.,1.));
#6293 = DIRECTION('',(1.,0.,0.));
#6294 = MANIFOLD_SOLID_BREP('',#6295);
#6295 = CLOSED_SHELL('',(#6296,#6336,#6367,#6391,#6449,#6466,#6478,#6509
    ,#6533,#6557,#6574));
#6296 = ADVANCED_FACE('',(#6297),#6331,.F.);
#6297 = FACE_BOUND('',#6298,.F.);
#6298 = EDGE_LOOP('',(#6299,#6309,#6317,#6325));
#6299 = ORIENTED_EDGE('',*,*,#6300,.F.);
#6300 = EDGE_CURVE('',#6301,#6303,#6305,.T.);
#6301 = VERTEX_POINT('',#6302);
#6302 = CARTESIAN_POINT('',(91.,101.,2.));
#6303 = VERTEX_POINT('',#6304);
#6304 = CARTESIAN_POINT('',(91.,101.,25.));
#6305 = LINE('',#6306,#6307);
#6306 = CARTESIAN_POINT('',(91.,101.,2.));
#6307 = VECTOR('',#6308,1.);
#6308 = DIRECTION('',(0.,0.,1.));
#6309 = ORIENTED_EDGE('',*,*,#6310,.T.);
#6310 = EDGE_CURVE('',#6301,#6311,#6313,.T.);
#6311 = VERTEX_POINT('',#6312);
#6312 = CARTESIAN_POINT('',(91.,126.,2.));
#6313 = LINE('',#6314,#6315);
#6314 = CARTESIAN_POINT('',(91.,101.,2.));
#6315 = VECTOR('',#6316,1.);
#6316 = DIRECTION('',(0.,1.,0.));
#6317 = ORIENTED_EDGE('',*,*,#6318,.T.);
#6318 = EDGE_CURVE('',#6311,#6319,#6321,.T.);
#6319 = VERTEX_POINT('',#6320);
#6320 = CARTESIAN_POINT('',(91.,126.,25.));
#6321 = LINE('',#6322,#6323);
#6322 = CARTESIAN_POINT('',(91.,126.,2.));
#6323 = VECTOR('',#6324,1.);
#6324 = DIRECTION('',(0.,0.,1.));
#6325 = ORIENTED_EDGE('',*,*,#6326,.F.);
#6326 = EDGE_CURVE('',#6303,#6319,#6327,.T.);
#6327 = LINE('',#6328,#6329);
#6328 = CARTESIAN_POINT('',(91.,101.,25.));
#6329 = VECTOR('',#6330,1.);
#6330 = DIRECTION('',(0.,1.,0.));
#6331 = PLANE('',#6332);
#6332 = AXIS2_PLACEMENT_3D('',#6333,#6334,#6335);
#6333 = CARTESIAN_POINT('',(91.,101.,2.));
#6334 = DIRECTION('',(1.,0.,0.));
#6335 = DIRECTION('',(0.,0.,1.));
#6336 = ADVANCED_FACE('',(#6337),#6362,.F.);
#6337 = FACE_BOUND('',#6338,.F.);
#6338 = EDGE_LOOP('',(#6339,#6347,#6348,#6356));
#6339 = ORIENTED_EDGE('',*,*,#6340,.F.);
#6340 = EDGE_CURVE('',#6301,#6341,#6343,.T.);
#6341 = VERTEX_POINT('',#6342);
#6342 = CARTESIAN_POINT('',(100.,101.,2.));
#6343 = LINE('',#6344,#6345);
#6344 = CARTESIAN_POINT('',(91.,101.,2.));
#6345 = VECTOR('',#6346,1.);
#6346 = DIRECTION('',(1.,0.,0.));
#6347 = ORIENTED_EDGE('',*,*,#6300,.T.);
#6348 = ORIENTED_EDGE('',*,*,#6349,.T.);
#6349 = EDGE_CURVE('',#6303,#6350,#6352,.T.);
#6350 = VERTEX_POINT('',#6351);
#6351 = CARTESIAN_POINT('',(100.,101.,25.));
#6352 = LINE('',#6353,#6354);
#6353 = CARTESIAN_POINT('',(91.,101.,25.));
#6354 = VECTOR('',#6355,1.);
#6355 = DIRECTION('',(1.,0.,0.));
#6356 = ORIENTED_EDGE('',*,*,#6357,.F.);
#6357 = EDGE_CURVE('',#6341,#6350,#6358,.T.);
#6358 = LINE('',#6359,#6360);
#6359 = CARTESIAN_POINT('',(100.,101.,2.));
#6360 = VECTOR('',#6361,1.);
#6361 = DIRECTION('',(0.,0.,1.));
#6362 = PLANE('',#6363);
#6363 = AXIS2_PLACEMENT_3D('',#6364,#6365,#6366);
#6364 = CARTESIAN_POINT('',(91.,101.,2.));
#6365 = DIRECTION('',(0.,1.,0.));
#6366 = DIRECTION('',(0.,0.,1.));
#6367 = ADVANCED_FACE('',(#6368),#6386,.T.);
#6368 = FACE_BOUND('',#6369,.T.);
#6369 = EDGE_LOOP('',(#6370,#6371,#6372,#6380));
#6370 = ORIENTED_EDGE('',*,*,#6326,.F.);
#6371 = ORIENTED_EDGE('',*,*,#6349,.T.);
#6372 = ORIENTED_EDGE('',*,*,#6373,.T.);
#6373 = EDGE_CURVE('',#6350,#6374,#6376,.T.);
#6374 = VERTEX_POINT('',#6375);
#6375 = CARTESIAN_POINT('',(100.,126.,25.));
#6376 = LINE('',#6377,#6378);
#6377 = CARTESIAN_POINT('',(100.,101.,25.));
#6378 = VECTOR('',#6379,1.);
#6379 = DIRECTION('',(0.,1.,0.));
#6380 = ORIENTED_EDGE('',*,*,#6381,.F.);
#6381 = EDGE_CURVE('',#6319,#6374,#6382,.T.);
#6382 = LINE('',#6383,#6384);
#6383 = CARTESIAN_POINT('',(91.,126.,25.));
#6384 = VECTOR('',#6385,1.);
#6385 = DIRECTION('',(1.,0.,0.));
#6386 = PLANE('',#6387);
#6387 = AXIS2_PLACEMENT_3D('',#6388,#6389,#6390);
#6388 = CARTESIAN_POINT('',(91.,101.,25.));
#6389 = DIRECTION('',(0.,0.,1.));
#6390 = DIRECTION('',(1.,0.,0.));
#6391 = ADVANCED_FACE('',(#6392,#6410),#6444,.T.);
#6392 = FACE_BOUND('',#6393,.T.);
#6393 = EDGE_LOOP('',(#6394,#6402,#6403,#6404));
#6394 = ORIENTED_EDGE('',*,*,#6395,.F.);
#6395 = EDGE_CURVE('',#6311,#6396,#6398,.T.);
#6396 = VERTEX_POINT('',#6397);
#6397 = CARTESIAN_POINT('',(100.,126.,2.));
#6398 = LINE('',#6399,#6400);
#6399 = CARTESIAN_POINT('',(91.,126.,2.));
#6400 = VECTOR('',#6401,1.);
#6401 = DIRECTION('',(1.,0.,0.));
#6402 = ORIENTED_EDGE('',*,*,#6318,.T.);
#6403 = ORIENTED_EDGE('',*,*,#6381,.T.);
#6404 = ORIENTED_EDGE('',*,*,#6405,.F.);
#6405 = EDGE_CURVE('',#6396,#6374,#6406,.T.);
#6406 = LINE('',#6407,#6408);
#6407 = CARTESIAN_POINT('',(100.,126.,2.));
#6408 = VECTOR('',#6409,1.);
#6409 = DIRECTION('',(0.,0.,1.));
#6410 = FACE_BOUND('',#6411,.T.);
#6411 = EDGE_LOOP('',(#6412,#6422,#6430,#6438));
#6412 = ORIENTED_EDGE('',*,*,#6413,.F.);
#6413 = EDGE_CURVE('',#6414,#6416,#6418,.T.);
#6414 = VERTEX_POINT('',#6415);
#6415 = CARTESIAN_POINT('',(92.8,126.,3.8));
#6416 = VERTEX_POINT('',#6417);
#6417 = CARTESIAN_POINT('',(92.8,126.,23.2));
#6418 = LINE('',#6419,#6420);
#6419 = CARTESIAN_POINT('',(92.8,126.,3.8));
#6420 = VECTOR('',#6421,1.);
#6421 = DIRECTION('',(0.,0.,1.));
#6422 = ORIENTED_EDGE('',*,*,#6423,.T.);
#6423 = EDGE_CURVE('',#6414,#6424,#6426,.T.);
#6424 = VERTEX_POINT('',#6425);
#6425 = CARTESIAN_POINT('',(98.2,126.,3.8));
#6426 = LINE('',#6427,#6428);
#6427 = CARTESIAN_POINT('',(92.8,126.,3.8));
#6428 = VECTOR('',#6429,1.);
#6429 = DIRECTION('',(1.,0.,0.));
#6430 = ORIENTED_EDGE('',*,*,#6431,.T.);
#6431 = EDGE_CURVE('',#6424,#6432,#6434,.T.);
#6432 = VERTEX_POINT('',#6433);
#6433 = CARTESIAN_POINT('',(98.2,126.,23.2));
#6434 = LINE('',#6435,#6436);
#6435 = CARTESIAN_POINT('',(98.2,126.,3.8));
#6436 = VECTOR('',#6437,1.);
#6437 = DIRECTION('',(0.,0.,1.));
#6438 = ORIENTED_EDGE('',*,*,#6439,.F.);
#6439 = EDGE_CURVE('',#6416,#6432,#6440,.T.);
#6440 = LINE('',#6441,#6442);
#6441 = CARTESIAN_POINT('',(92.8,126.,23.2));
#6442 = VECTOR('',#6443,1.);
#6443 = DIRECTION('',(1.,0.,0.));
#6444 = PLANE('',#6445);
#6445 = AXIS2_PLACEMENT_3D('',#6446,#6447,#6448);
#6446 = CARTESIAN_POINT('',(91.,126.,2.));
#6447 = DIRECTION('',(0.,1.,0.));
#6448 = DIRECTION('',(0.,0.,1.));
#6449 = ADVANCED_FACE('',(#6450),#6461,.F.);
#6450 = FACE_BOUND('',#6451,.F.);
#6451 = EDGE_LOOP('',(#6452,#6453,#6454,#6460));
#6452 = ORIENTED_EDGE('',*,*,#6310,.F.);
#6453 = ORIENTED_EDGE('',*,*,#6340,.T.);
#6454 = ORIENTED_EDGE('',*,*,#6455,.T.);
#6455 = EDGE_CURVE('',#6341,#6396,#6456,.T.);
#6456 = LINE('',#6457,#6458);
#6457 = CARTESIAN_POINT('',(100.,101.,2.));
#6458 = VECTOR('',#6459,1.);
#6459 = DIRECTION('',(0.,1.,0.));
#6460 = ORIENTED_EDGE('',*,*,#6395,.F.);
#6461 = PLANE('',#6462);
#6462 = AXIS2_PLACEMENT_3D('',#6463,#6464,#6465);
#6463 = CARTESIAN_POINT('',(91.,101.,2.));
#6464 = DIRECTION('',(0.,0.,1.));
#6465 = DIRECTION('',(1.,0.,0.));
#6466 = ADVANCED_FACE('',(#6467),#6473,.T.);
#6467 = FACE_BOUND('',#6468,.T.);
#6468 = EDGE_LOOP('',(#6469,#6470,#6471,#6472));
#6469 = ORIENTED_EDGE('',*,*,#6357,.F.);
#6470 = ORIENTED_EDGE('',*,*,#6455,.T.);
#6471 = ORIENTED_EDGE('',*,*,#6405,.T.);
#6472 = ORIENTED_EDGE('',*,*,#6373,.F.);
#6473 = PLANE('',#6474);
#6474 = AXIS2_PLACEMENT_3D('',#6475,#6476,#6477);
#6475 = CARTESIAN_POINT('',(100.,101.,2.));
#6476 = DIRECTION('',(1.,0.,0.));
#6477 = DIRECTION('',(0.,0.,1.));
#6478 = ADVANCED_FACE('',(#6479),#6504,.T.);
#6479 = FACE_BOUND('',#6480,.T.);
#6480 = EDGE_LOOP('',(#6481,#6491,#6497,#6498));
#6481 = ORIENTED_EDGE('',*,*,#6482,.F.);
#6482 = EDGE_CURVE('',#6483,#6485,#6487,.T.);
#6483 = VERTEX_POINT('',#6484);
#6484 = CARTESIAN_POINT('',(92.8,102.8,3.8));
#6485 = VERTEX_POINT('',#6486);
#6486 = CARTESIAN_POINT('',(92.8,102.8,23.2));
#6487 = LINE('',#6488,#6489);
#6488 = CARTESIAN_POINT('',(92.8,102.8,3.8));
#6489 = VECTOR('',#6490,1.);
#6490 = DIRECTION('',(0.,0.,1.));
#6491 = ORIENTED_EDGE('',*,*,#6492,.T.);
#6492 = EDGE_CURVE('',#6483,#6414,#6493,.T.);
#6493 = LINE('',#6494,#6495);
#6494 = CARTESIAN_POINT('',(92.8,102.8,3.8));
#6495 = VECTOR('',#6496,1.);
#6496 = DIRECTION('',(0.,1.,0.));
#6497 = ORIENTED_EDGE('',*,*,#6413,.T.);
#6498 = ORIENTED_EDGE('',*,*,#6499,.F.);
#6499 = EDGE_CURVE('',#6485,#6416,#6500,.T.);
#6500 = LINE('',#6501,#6502);
#6501 = CARTESIAN_POINT('',(92.8,102.8,23.2));
#6502 = VECTOR('',#6503,1.);
#6503 = DIRECTION('',(0.,1.,0.));
#6504 = PLANE('',#6505);
#6505 = AXIS2_PLACEMENT_3D('',#6506,#6507,#6508);
#6506 = CARTESIAN_POINT('',(92.8,102.8,3.8));
#6507 = DIRECTION('',(1.,0.,0.));
#6508 = DIRECTION('',(0.,0.,1.));
#6509 = ADVANCED_FACE('',(#6510),#6528,.F.);
#6510 = FACE_BOUND('',#6511,.F.);
#6511 = EDGE_LOOP('',(#6512,#6513,#6521,#6527));
#6512 = ORIENTED_EDGE('',*,*,#6499,.F.);
#6513 = ORIENTED_EDGE('',*,*,#6514,.T.);
#6514 = EDGE_CURVE('',#6485,#6515,#6517,.T.);
#6515 = VERTEX_POINT('',#6516);
#6516 = CARTESIAN_POINT('',(98.2,102.8,23.2));
#6517 = LINE('',#6518,#6519);
#6518 = CARTESIAN_POINT('',(92.8,102.8,23.2));
#6519 = VECTOR('',#6520,1.);
#6520 = DIRECTION('',(1.,0.,0.));
#6521 = ORIENTED_EDGE('',*,*,#6522,.T.);
#6522 = EDGE_CURVE('',#6515,#6432,#6523,.T.);
#6523 = LINE('',#6524,#6525);
#6524 = CARTESIAN_POINT('',(98.2,102.8,23.2));
#6525 = VECTOR('',#6526,1.);
#6526 = DIRECTION('',(0.,1.,0.));
#6527 = ORIENTED_EDGE('',*,*,#6439,.F.);
#6528 = PLANE('',#6529);
#6529 = AXIS2_PLACEMENT_3D('',#6530,#6531,#6532);
#6530 = CARTESIAN_POINT('',(92.8,102.8,23.2));
#6531 = DIRECTION('',(0.,0.,1.));
#6532 = DIRECTION('',(1.,0.,0.));
#6533 = ADVANCED_FACE('',(#6534),#6552,.F.);
#6534 = FACE_BOUND('',#6535,.F.);
#6535 = EDGE_LOOP('',(#6536,#6544,#6550,#6551));
#6536 = ORIENTED_EDGE('',*,*,#6537,.F.);
#6537 = EDGE_CURVE('',#6538,#6515,#6540,.T.);
#6538 = VERTEX_POINT('',#6539);
#6539 = CARTESIAN_POINT('',(98.2,102.8,3.8));
#6540 = LINE('',#6541,#6542);
#6541 = CARTESIAN_POINT('',(98.2,102.8,3.8));
#6542 = VECTOR('',#6543,1.);
#6543 = DIRECTION('',(0.,0.,1.));
#6544 = ORIENTED_EDGE('',*,*,#6545,.T.);
#6545 = EDGE_CURVE('',#6538,#6424,#6546,.T.);
#6546 = LINE('',#6547,#6548);
#6547 = CARTESIAN_POINT('',(98.2,102.8,3.8));
#6548 = VECTOR('',#6549,1.);
#6549 = DIRECTION('',(0.,1.,0.));
#6550 = ORIENTED_EDGE('',*,*,#6431,.T.);
#6551 = ORIENTED_EDGE('',*,*,#6522,.F.);
#6552 = PLANE('',#6553);
#6553 = AXIS2_PLACEMENT_3D('',#6554,#6555,#6556);
#6554 = CARTESIAN_POINT('',(98.2,102.8,3.8));
#6555 = DIRECTION('',(1.,0.,0.));
#6556 = DIRECTION('',(0.,0.,1.));
#6557 = ADVANCED_FACE('',(#6558),#6569,.T.);
#6558 = FACE_BOUND('',#6559,.T.);
#6559 = EDGE_LOOP('',(#6560,#6561,#6567,#6568));
#6560 = ORIENTED_EDGE('',*,*,#6492,.F.);
#6561 = ORIENTED_EDGE('',*,*,#6562,.T.);
#6562 = EDGE_CURVE('',#6483,#6538,#6563,.T.);
#6563 = LINE('',#6564,#6565);
#6564 = CARTESIAN_POINT('',(92.8,102.8,3.8));
#6565 = VECTOR('',#6566,1.);
#6566 = DIRECTION('',(1.,0.,0.));
#6567 = ORIENTED_EDGE('',*,*,#6545,.T.);
#6568 = ORIENTED_EDGE('',*,*,#6423,.F.);
#6569 = PLANE('',#6570);
#6570 = AXIS2_PLACEMENT_3D('',#6571,#6572,#6573);
#6571 = CARTESIAN_POINT('',(92.8,102.8,3.8));
#6572 = DIRECTION('',(0.,0.,1.));
#6573 = DIRECTION('',(1.,0.,0.));
#6574 = ADVANCED_FACE('',(#6575),#6581,.T.);
#6575 = FACE_BOUND('',#6576,.T.);
#6576 = EDGE_LOOP('',(#6577,#6578,#6579,#6580));
#6577 = ORIENTED_EDGE('',*,*,#6562,.F.);
#6578 = ORIENTED_EDGE('',*,*,#6482,.T.);
#6579 = ORIENTED_EDGE('',*,*,#6514,.T.);
#6580 = ORIENTED_EDGE('',*,*,#6537,.F.);
#6581 = PLANE('',#6582);
#6582 = AXIS2_PLACEMENT_3D('',#6583,#6584,#6585);
#6583 = CARTESIAN_POINT('',(92.8,102.8,3.8));
#6584 = DIRECTION('',(0.,1.,0.));
#6585 = DIRECTION('',(0.,0.,1.));
#6586 = MANIFOLD_SOLID_BREP('',#6587);
#6587 = CLOSED_SHELL('',(#6588,#6628,#6668,#6690,#6712,#6724));
#6588 = ADVANCED_FACE('',(#6589),#6623,.F.);
#6589 = FACE_BOUND('',#6590,.F.);
#6590 = EDGE_LOOP('',(#6591,#6601,#6609,#6617));
#6591 = ORIENTED_EDGE('',*,*,#6592,.F.);
#6592 = EDGE_CURVE('',#6593,#6595,#6597,.T.);
#6593 = VERTEX_POINT('',#6594);
#6594 = CARTESIAN_POINT('',(93.5,103.5,4.5));
#6595 = VERTEX_POINT('',#6596);
#6596 = CARTESIAN_POINT('',(93.5,103.5,22.5));
#6597 = LINE('',#6598,#6599);
#6598 = CARTESIAN_POINT('',(93.5,103.5,4.5));
#6599 = VECTOR('',#6600,1.);
#6600 = DIRECTION('',(0.,0.,1.));
#6601 = ORIENTED_EDGE('',*,*,#6602,.T.);
#6602 = EDGE_CURVE('',#6593,#6603,#6605,.T.);
#6603 = VERTEX_POINT('',#6604);
#6604 = CARTESIAN_POINT('',(93.5,123.5,4.5));
#6605 = LINE('',#6606,#6607);
#6606 = CARTESIAN_POINT('',(93.5,103.5,4.5));
#6607 = VECTOR('',#6608,1.);
#6608 = DIRECTION('',(0.,1.,0.));
#6609 = ORIENTED_EDGE('',*,*,#6610,.T.);
#6610 = EDGE_CURVE('',#6603,#6611,#6613,.T.);
#6611 = VERTEX_POINT('',#6612);
#6612 = CARTESIAN_POINT('',(93.5,123.5,22.5));
#6613 = LINE('',#6614,#6615);
#6614 = CARTESIAN_POINT('',(93.5,123.5,4.5));
#6615 = VECTOR('',#6616,1.);
#6616 = DIRECTION('',(0.,0.,1.));
#6617 = ORIENTED_EDGE('',*,*,#6618,.F.);
#6618 = EDGE_CURVE('',#6595,#6611,#6619,.T.);
#6619 = LINE('',#6620,#6621);
#6620 = CARTESIAN_POINT('',(93.5,103.5,22.5));
#6621 = VECTOR('',#6622,1.);
#6622 = DIRECTION('',(0.,1.,0.));
#6623 = PLANE('',#6624);
#6624 = AXIS2_PLACEMENT_3D('',#6625,#6626,#6627);
#6625 = CARTESIAN_POINT('',(93.5,103.5,4.5));
#6626 = DIRECTION('',(1.,0.,0.));
#6627 = DIRECTION('',(0.,0.,1.));
#6628 = ADVANCED_FACE('',(#6629),#6663,.T.);
#6629 = FACE_BOUND('',#6630,.T.);
#6630 = EDGE_LOOP('',(#6631,#6641,#6649,#6657));
#6631 = ORIENTED_EDGE('',*,*,#6632,.F.);
#6632 = EDGE_CURVE('',#6633,#6635,#6637,.T.);
#6633 = VERTEX_POINT('',#6634);
#6634 = CARTESIAN_POINT('',(97.5,103.5,4.5));
#6635 = VERTEX_POINT('',#6636);
#6636 = CARTESIAN_POINT('',(97.5,103.5,22.5));
#6637 = LINE('',#6638,#6639);
#6638 = CARTESIAN_POINT('',(97.5,103.5,4.5));
#6639 = VECTOR('',#6640,1.);
#6640 = DIRECTION('',(0.,0.,1.));
#6641 = ORIENTED_EDGE('',*,*,#6642,.T.);
#6642 = EDGE_CURVE('',#6633,#6643,#6645,.T.);
#6643 = VERTEX_POINT('',#6644);
#6644 = CARTESIAN_POINT('',(97.5,123.5,4.5));
#6645 = LINE('',#6646,#6647);
#6646 = CARTESIAN_POINT('',(97.5,103.5,4.5));
#6647 = VECTOR('',#6648,1.);
#6648 = DIRECTION('',(0.,1.,0.));
#6649 = ORIENTED_EDGE('',*,*,#6650,.T.);
#6650 = EDGE_CURVE('',#6643,#6651,#6653,.T.);
#6651 = VERTEX_POINT('',#6652);
#6652 = CARTESIAN_POINT('',(97.5,123.5,22.5));
#6653 = LINE('',#6654,#6655);
#6654 = CARTESIAN_POINT('',(97.5,123.5,4.5));
#6655 = VECTOR('',#6656,1.);
#6656 = DIRECTION('',(0.,0.,1.));
#6657 = ORIENTED_EDGE('',*,*,#6658,.F.);
#6658 = EDGE_CURVE('',#6635,#6651,#6659,.T.);
#6659 = LINE('',#6660,#6661);
#6660 = CARTESIAN_POINT('',(97.5,103.5,22.5));
#6661 = VECTOR('',#6662,1.);
#6662 = DIRECTION('',(0.,1.,0.));
#6663 = PLANE('',#6664);
#6664 = AXIS2_PLACEMENT_3D('',#6665,#6666,#6667);
#6665 = CARTESIAN_POINT('',(97.5,103.5,4.5));
#6666 = DIRECTION('',(1.,0.,0.));
#6667 = DIRECTION('',(0.,0.,1.));
#6668 = ADVANCED_FACE('',(#6669),#6685,.F.);
#6669 = FACE_BOUND('',#6670,.F.);
#6670 = EDGE_LOOP('',(#6671,#6677,#6678,#6684));
#6671 = ORIENTED_EDGE('',*,*,#6672,.F.);
#6672 = EDGE_CURVE('',#6593,#6633,#6673,.T.);
#6673 = LINE('',#6674,#6675);
#6674 = CARTESIAN_POINT('',(93.5,103.5,4.5));
#6675 = VECTOR('',#6676,1.);
#6676 = DIRECTION('',(1.,0.,0.));
#6677 = ORIENTED_EDGE('',*,*,#6592,.T.);
#6678 = ORIENTED_EDGE('',*,*,#6679,.T.);
#6679 = EDGE_CURVE('',#6595,#6635,#6680,.T.);
#6680 = LINE('',#6681,#6682);
#6681 = CARTESIAN_POINT('',(93.5,103.5,22.5));
#6682 = VECTOR('',#6683,1.);
#6683 = DIRECTION('',(1.,0.,0.));
#6684 = ORIENTED_EDGE('',*,*,#6632,.F.);
#6685 = PLANE('',#6686);
#6686 = AXIS2_PLACEMENT_3D('',#6687,#6688,#6689);
#6687 = CARTESIAN_POINT('',(93.5,103.5,4.5));
#6688 = DIRECTION('',(0.,1.,0.));
#6689 = DIRECTION('',(0.,0.,1.));
#6690 = ADVANCED_FACE('',(#6691),#6707,.T.);
#6691 = FACE_BOUND('',#6692,.T.);
#6692 = EDGE_LOOP('',(#6693,#6699,#6700,#6706));
#6693 = ORIENTED_EDGE('',*,*,#6694,.F.);
#6694 = EDGE_CURVE('',#6603,#6643,#6695,.T.);
#6695 = LINE('',#6696,#6697);
#6696 = CARTESIAN_POINT('',(93.5,123.5,4.5));
#6697 = VECTOR('',#6698,1.);
#6698 = DIRECTION('',(1.,0.,0.));
#6699 = ORIENTED_EDGE('',*,*,#6610,.T.);
#6700 = ORIENTED_EDGE('',*,*,#6701,.T.);
#6701 = EDGE_CURVE('',#6611,#6651,#6702,.T.);
#6702 = LINE('',#6703,#6704);
#6703 = CARTESIAN_POINT('',(93.5,123.5,22.5));
#6704 = VECTOR('',#6705,1.);
#6705 = DIRECTION('',(1.,0.,0.));
#6706 = ORIENTED_EDGE('',*,*,#6650,.F.);
#6707 = PLANE('',#6708);
#6708 = AXIS2_PLACEMENT_3D('',#6709,#6710,#6711);
#6709 = CARTESIAN_POINT('',(93.5,123.5,4.5));
#6710 = DIRECTION('',(0.,1.,0.));
#6711 = DIRECTION('',(0.,0.,1.));
#6712 = ADVANCED_FACE('',(#6713),#6719,.F.);
#6713 = FACE_BOUND('',#6714,.F.);
#6714 = EDGE_LOOP('',(#6715,#6716,#6717,#6718));
#6715 = ORIENTED_EDGE('',*,*,#6602,.F.);
#6716 = ORIENTED_EDGE('',*,*,#6672,.T.);
#6717 = ORIENTED_EDGE('',*,*,#6642,.T.);
#6718 = ORIENTED_EDGE('',*,*,#6694,.F.);
#6719 = PLANE('',#6720);
#6720 = AXIS2_PLACEMENT_3D('',#6721,#6722,#6723);
#6721 = CARTESIAN_POINT('',(93.5,103.5,4.5));
#6722 = DIRECTION('',(0.,0.,1.));
#6723 = DIRECTION('',(1.,0.,0.));
#6724 = ADVANCED_FACE('',(#6725),#6731,.T.);
#6725 = FACE_BOUND('',#6726,.T.);
#6726 = EDGE_LOOP('',(#6727,#6728,#6729,#6730));
#6727 = ORIENTED_EDGE('',*,*,#6618,.F.);
#6728 = ORIENTED_EDGE('',*,*,#6679,.T.);
#6729 = ORIENTED_EDGE('',*,*,#6658,.T.);
#6730 = ORIENTED_EDGE('',*,*,#6701,.F.);
#6731 = PLANE('',#6732);
#6732 = AXIS2_PLACEMENT_3D('',#6733,#6734,#6735);
#6733 = CARTESIAN_POINT('',(93.5,103.5,22.5));
#6734 = DIRECTION('',(0.,0.,1.));
#6735 = DIRECTION('',(1.,0.,0.));
#6736 = MANIFOLD_SOLID_BREP('',#6737);
#6737 = CLOSED_SHELL('',(#6738,#6811,#6842,#6866,#6890,#6941,#6966,#6991
    ,#7016,#7028,#7068,#7092,#7116,#7133));
#6738 = ADVANCED_FACE('',(#6739,#6773,#6784,#6795),#6806,.F.);
#6739 = FACE_BOUND('',#6740,.F.);
#6740 = EDGE_LOOP('',(#6741,#6751,#6759,#6767));
#6741 = ORIENTED_EDGE('',*,*,#6742,.F.);
#6742 = EDGE_CURVE('',#6743,#6745,#6747,.T.);
#6743 = VERTEX_POINT('',#6744);
#6744 = CARTESIAN_POINT('',(91.,102.,-26.));
#6745 = VERTEX_POINT('',#6746);
#6746 = CARTESIAN_POINT('',(91.,102.,4.));
#6747 = LINE('',#6748,#6749);
#6748 = CARTESIAN_POINT('',(91.,102.,-26.));
#6749 = VECTOR('',#6750,1.);
#6750 = DIRECTION('',(0.,0.,1.));
#6751 = ORIENTED_EDGE('',*,*,#6752,.T.);
#6752 = EDGE_CURVE('',#6743,#6753,#6755,.T.);
#6753 = VERTEX_POINT('',#6754);
#6754 = CARTESIAN_POINT('',(91.,145.,-26.));
#6755 = LINE('',#6756,#6757);
#6756 = CARTESIAN_POINT('',(91.,102.,-26.));
#6757 = VECTOR('',#6758,1.);
#6758 = DIRECTION('',(0.,1.,0.));
#6759 = ORIENTED_EDGE('',*,*,#6760,.T.);
#6760 = EDGE_CURVE('',#6753,#6761,#6763,.T.);
#6761 = VERTEX_POINT('',#6762);
#6762 = CARTESIAN_POINT('',(91.,145.,4.));
#6763 = LINE('',#6764,#6765);
#6764 = CARTESIAN_POINT('',(91.,145.,-26.));
#6765 = VECTOR('',#6766,1.);
#6766 = DIRECTION('',(0.,0.,1.));
#6767 = ORIENTED_EDGE('',*,*,#6768,.F.);
#6768 = EDGE_CURVE('',#6745,#6761,#6769,.T.);
#6769 = LINE('',#6770,#6771);
#6770 = CARTESIAN_POINT('',(91.,102.,4.));
#6771 = VECTOR('',#6772,1.);
#6772 = DIRECTION('',(0.,1.,0.));
#6773 = FACE_BOUND('',#6774,.F.);
#6774 = EDGE_LOOP('',(#6775));
#6775 = ORIENTED_EDGE('',*,*,#6776,.F.);
#6776 = EDGE_CURVE('',#6777,#6777,#6779,.T.);
#6777 = VERTEX_POINT('',#6778);
#6778 = CARTESIAN_POINT('',(91.,112.,-15.75));
#6779 = CIRCLE('',#6780,1.25);
#6780 = AXIS2_PLACEMENT_3D('',#6781,#6782,#6783);
#6781 = CARTESIAN_POINT('',(91.,112.,-17.));
#6782 = DIRECTION('',(1.,0.,-0.));
#6783 = DIRECTION('',(0.,0.,1.));
#6784 = FACE_BOUND('',#6785,.F.);
#6785 = EDGE_LOOP('',(#6786));
#6786 = ORIENTED_EDGE('',*,*,#6787,.F.);
#6787 = EDGE_CURVE('',#6788,#6788,#6790,.T.);
#6788 = VERTEX_POINT('',#6789);
#6789 = CARTESIAN_POINT('',(91.,112.,-9.75));
#6790 = CIRCLE('',#6791,1.25);
#6791 = AXIS2_PLACEMENT_3D('',#6792,#6793,#6794);
#6792 = CARTESIAN_POINT('',(91.,112.,-11.));
#6793 = DIRECTION('',(1.,0.,-0.));
#6794 = DIRECTION('',(0.,0.,1.));
#6795 = FACE_BOUND('',#6796,.F.);
#6796 = EDGE_LOOP('',(#6797));
#6797 = ORIENTED_EDGE('',*,*,#6798,.F.);
#6798 = EDGE_CURVE('',#6799,#6799,#6801,.T.);
#6799 = VERTEX_POINT('',#6800);
#6800 = CARTESIAN_POINT('',(91.,112.,-3.75));
#6801 = CIRCLE('',#6802,1.25);
#6802 = AXIS2_PLACEMENT_3D('',#6803,#6804,#6805);
#6803 = CARTESIAN_POINT('',(91.,112.,-5.));
#6804 = DIRECTION('',(1.,0.,-0.));
#6805 = DIRECTION('',(0.,0.,1.));
#6806 = PLANE('',#6807);
#6807 = AXIS2_PLACEMENT_3D('',#6808,#6809,#6810);
#6808 = CARTESIAN_POINT('',(91.,102.,-26.));
#6809 = DIRECTION('',(1.,0.,0.));
#6810 = DIRECTION('',(0.,0.,1.));
#6811 = ADVANCED_FACE('',(#6812),#6837,.F.);
#6812 = FACE_BOUND('',#6813,.F.);
#6813 = EDGE_LOOP('',(#6814,#6822,#6823,#6831));
#6814 = ORIENTED_EDGE('',*,*,#6815,.F.);
#6815 = EDGE_CURVE('',#6743,#6816,#6818,.T.);
#6816 = VERTEX_POINT('',#6817);
#6817 = CARTESIAN_POINT('',(103.,102.,-26.));
#6818 = LINE('',#6819,#6820);
#6819 = CARTESIAN_POINT('',(91.,102.,-26.));
#6820 = VECTOR('',#6821,1.);
#6821 = DIRECTION('',(1.,0.,0.));
#6822 = ORIENTED_EDGE('',*,*,#6742,.T.);
#6823 = ORIENTED_EDGE('',*,*,#6824,.T.);
#6824 = EDGE_CURVE('',#6745,#6825,#6827,.T.);
#6825 = VERTEX_POINT('',#6826);
#6826 = CARTESIAN_POINT('',(103.,102.,4.));
#6827 = LINE('',#6828,#6829);
#6828 = CARTESIAN_POINT('',(91.,102.,4.));
#6829 = VECTOR('',#6830,1.);
#6830 = DIRECTION('',(1.,0.,0.));
#6831 = ORIENTED_EDGE('',*,*,#6832,.F.);
#6832 = EDGE_CURVE('',#6816,#6825,#6833,.T.);
#6833 = LINE('',#6834,#6835);
#6834 = CARTESIAN_POINT('',(103.,102.,-26.));
#6835 = VECTOR('',#6836,1.);
#6836 = DIRECTION('',(0.,0.,1.));
#6837 = PLANE('',#6838);
#6838 = AXIS2_PLACEMENT_3D('',#6839,#6840,#6841);
#6839 = CARTESIAN_POINT('',(91.,102.,-26.));
#6840 = DIRECTION('',(0.,1.,0.));
#6841 = DIRECTION('',(0.,0.,1.));
#6842 = ADVANCED_FACE('',(#6843),#6861,.T.);
#6843 = FACE_BOUND('',#6844,.T.);
#6844 = EDGE_LOOP('',(#6845,#6846,#6847,#6855));
#6845 = ORIENTED_EDGE('',*,*,#6768,.F.);
#6846 = ORIENTED_EDGE('',*,*,#6824,.T.);
#6847 = ORIENTED_EDGE('',*,*,#6848,.T.);
#6848 = EDGE_CURVE('',#6825,#6849,#6851,.T.);
#6849 = VERTEX_POINT('',#6850);
#6850 = CARTESIAN_POINT('',(103.,145.,4.));
#6851 = LINE('',#6852,#6853);
#6852 = CARTESIAN_POINT('',(103.,102.,4.));
#6853 = VECTOR('',#6854,1.);
#6854 = DIRECTION('',(0.,1.,0.));
#6855 = ORIENTED_EDGE('',*,*,#6856,.F.);
#6856 = EDGE_CURVE('',#6761,#6849,#6857,.T.);
#6857 = LINE('',#6858,#6859);
#6858 = CARTESIAN_POINT('',(91.,145.,4.));
#6859 = VECTOR('',#6860,1.);
#6860 = DIRECTION('',(1.,0.,0.));
#6861 = PLANE('',#6862);
#6862 = AXIS2_PLACEMENT_3D('',#6863,#6864,#6865);
#6863 = CARTESIAN_POINT('',(91.,102.,4.));
#6864 = DIRECTION('',(0.,0.,1.));
#6865 = DIRECTION('',(1.,0.,0.));
#6866 = ADVANCED_FACE('',(#6867),#6885,.F.);
#6867 = FACE_BOUND('',#6868,.F.);
#6868 = EDGE_LOOP('',(#6869,#6870,#6871,#6879));
#6869 = ORIENTED_EDGE('',*,*,#6752,.F.);
#6870 = ORIENTED_EDGE('',*,*,#6815,.T.);
#6871 = ORIENTED_EDGE('',*,*,#6872,.T.);
#6872 = EDGE_CURVE('',#6816,#6873,#6875,.T.);
#6873 = VERTEX_POINT('',#6874);
#6874 = CARTESIAN_POINT('',(103.,145.,-26.));
#6875 = LINE('',#6876,#6877);
#6876 = CARTESIAN_POINT('',(103.,102.,-26.));
#6877 = VECTOR('',#6878,1.);
#6878 = DIRECTION('',(0.,1.,0.));
#6879 = ORIENTED_EDGE('',*,*,#6880,.F.);
#6880 = EDGE_CURVE('',#6753,#6873,#6881,.T.);
#6881 = LINE('',#6882,#6883);
#6882 = CARTESIAN_POINT('',(91.,145.,-26.));
#6883 = VECTOR('',#6884,1.);
#6884 = DIRECTION('',(1.,0.,0.));
#6885 = PLANE('',#6886);
#6886 = AXIS2_PLACEMENT_3D('',#6887,#6888,#6889);
#6887 = CARTESIAN_POINT('',(91.,102.,-26.));
#6888 = DIRECTION('',(0.,0.,1.));
#6889 = DIRECTION('',(1.,0.,0.));
#6890 = ADVANCED_FACE('',(#6891,#6902),#6936,.T.);
#6891 = FACE_BOUND('',#6892,.T.);
#6892 = EDGE_LOOP('',(#6893,#6894,#6895,#6896));
#6893 = ORIENTED_EDGE('',*,*,#6880,.F.);
#6894 = ORIENTED_EDGE('',*,*,#6760,.T.);
#6895 = ORIENTED_EDGE('',*,*,#6856,.T.);
#6896 = ORIENTED_EDGE('',*,*,#6897,.F.);
#6897 = EDGE_CURVE('',#6873,#6849,#6898,.T.);
#6898 = LINE('',#6899,#6900);
#6899 = CARTESIAN_POINT('',(103.,145.,-26.));
#6900 = VECTOR('',#6901,1.);
#6901 = DIRECTION('',(0.,0.,1.));
#6902 = FACE_BOUND('',#6903,.T.);
#6903 = EDGE_LOOP('',(#6904,#6914,#6922,#6930));
#6904 = ORIENTED_EDGE('',*,*,#6905,.F.);
#6905 = EDGE_CURVE('',#6906,#6908,#6910,.T.);
#6906 = VERTEX_POINT('',#6907);
#6907 = CARTESIAN_POINT('',(92.8,145.,-24.2));
#6908 = VERTEX_POINT('',#6909);
#6909 = CARTESIAN_POINT('',(92.8,145.,2.2));
#6910 = LINE('',#6911,#6912);
#6911 = CARTESIAN_POINT('',(92.8,145.,-24.2));
#6912 = VECTOR('',#6913,1.);
#6913 = DIRECTION('',(0.,0.,1.));
#6914 = ORIENTED_EDGE('',*,*,#6915,.T.);
#6915 = EDGE_CURVE('',#6906,#6916,#6918,.T.);
#6916 = VERTEX_POINT('',#6917);
#6917 = CARTESIAN_POINT('',(101.2,145.,-24.2));
#6918 = LINE('',#6919,#6920);
#6919 = CARTESIAN_POINT('',(92.8,145.,-24.2));
#6920 = VECTOR('',#6921,1.);
#6921 = DIRECTION('',(1.,0.,0.));
#6922 = ORIENTED_EDGE('',*,*,#6923,.T.);
#6923 = EDGE_CURVE('',#6916,#6924,#6926,.T.);
#6924 = VERTEX_POINT('',#6925);
#6925 = CARTESIAN_POINT('',(101.2,145.,2.2));
#6926 = LINE('',#6927,#6928);
#6927 = CARTESIAN_POINT('',(101.2,145.,-24.2));
#6928 = VECTOR('',#6929,1.);
#6929 = DIRECTION('',(0.,0.,1.));
#6930 = ORIENTED_EDGE('',*,*,#6931,.F.);
#6931 = EDGE_CURVE('',#6908,#6924,#6932,.T.);
#6932 = LINE('',#6933,#6934);
#6933 = CARTESIAN_POINT('',(92.8,145.,2.2));
#6934 = VECTOR('',#6935,1.);
#6935 = DIRECTION('',(1.,0.,0.));
#6936 = PLANE('',#6937);
#6937 = AXIS2_PLACEMENT_3D('',#6938,#6939,#6940);
#6938 = CARTESIAN_POINT('',(91.,145.,-26.));
#6939 = DIRECTION('',(0.,1.,0.));
#6940 = DIRECTION('',(0.,0.,1.));
#6941 = ADVANCED_FACE('',(#6942),#6961,.F.);
#6942 = FACE_BOUND('',#6943,.F.);
#6943 = EDGE_LOOP('',(#6944,#6952,#6959,#6960));
#6944 = ORIENTED_EDGE('',*,*,#6945,.T.);
#6945 = EDGE_CURVE('',#6777,#6946,#6948,.T.);
#6946 = VERTEX_POINT('',#6947);
#6947 = CARTESIAN_POINT('',(92.8,112.,-15.75));
#6948 = LINE('',#6949,#6950);
#6949 = CARTESIAN_POINT('',(90.,112.,-15.75));
#6950 = VECTOR('',#6951,1.);
#6951 = DIRECTION('',(1.,0.,0.));
#6952 = ORIENTED_EDGE('',*,*,#6953,.F.);
#6953 = EDGE_CURVE('',#6946,#6946,#6954,.T.);
#6954 = CIRCLE('',#6955,1.25);
#6955 = AXIS2_PLACEMENT_3D('',#6956,#6957,#6958);
#6956 = CARTESIAN_POINT('',(92.8,112.,-17.));
#6957 = DIRECTION('',(1.,0.,-0.));
#6958 = DIRECTION('',(0.,0.,1.));
#6959 = ORIENTED_EDGE('',*,*,#6945,.F.);
#6960 = ORIENTED_EDGE('',*,*,#6776,.T.);
#6961 = CYLINDRICAL_SURFACE('',#6962,1.25);
#6962 = AXIS2_PLACEMENT_3D('',#6963,#6964,#6965);
#6963 = CARTESIAN_POINT('',(90.,112.,-17.));
#6964 = DIRECTION('',(1.,0.,0.));
#6965 = DIRECTION('',(0.,0.,1.));
#6966 = ADVANCED_FACE('',(#6967),#6986,.F.);
#6967 = FACE_BOUND('',#6968,.F.);
#6968 = EDGE_LOOP('',(#6969,#6977,#6984,#6985));
#6969 = ORIENTED_EDGE('',*,*,#6970,.T.);
#6970 = EDGE_CURVE('',#6788,#6971,#6973,.T.);
#6971 = VERTEX_POINT('',#6972);
#6972 = CARTESIAN_POINT('',(92.8,112.,-9.75));
#6973 = LINE('',#6974,#6975);
#6974 = CARTESIAN_POINT('',(90.,112.,-9.75));
#6975 = VECTOR('',#6976,1.);
#6976 = DIRECTION('',(1.,0.,0.));
#6977 = ORIENTED_EDGE('',*,*,#6978,.F.);
#6978 = EDGE_CURVE('',#6971,#6971,#6979,.T.);
#6979 = CIRCLE('',#6980,1.25);
#6980 = AXIS2_PLACEMENT_3D('',#6981,#6982,#6983);
#6981 = CARTESIAN_POINT('',(92.8,112.,-11.));
#6982 = DIRECTION('',(1.,0.,-0.));
#6983 = DIRECTION('',(0.,0.,1.));
#6984 = ORIENTED_EDGE('',*,*,#6970,.F.);
#6985 = ORIENTED_EDGE('',*,*,#6787,.T.);
#6986 = CYLINDRICAL_SURFACE('',#6987,1.25);
#6987 = AXIS2_PLACEMENT_3D('',#6988,#6989,#6990);
#6988 = CARTESIAN_POINT('',(90.,112.,-11.));
#6989 = DIRECTION('',(1.,0.,0.));
#6990 = DIRECTION('',(0.,0.,1.));
#6991 = ADVANCED_FACE('',(#6992),#7011,.F.);
#6992 = FACE_BOUND('',#6993,.F.);
#6993 = EDGE_LOOP('',(#6994,#7002,#7009,#7010));
#6994 = ORIENTED_EDGE('',*,*,#6995,.T.);
#6995 = EDGE_CURVE('',#6799,#6996,#6998,.T.);
#6996 = VERTEX_POINT('',#6997);
#6997 = CARTESIAN_POINT('',(92.8,112.,-3.75));
#6998 = LINE('',#6999,#7000);
#6999 = CARTESIAN_POINT('',(90.,112.,-3.75));
#7000 = VECTOR('',#7001,1.);
#7001 = DIRECTION('',(1.,0.,0.));
#7002 = ORIENTED_EDGE('',*,*,#7003,.F.);
#7003 = EDGE_CURVE('',#6996,#6996,#7004,.T.);
#7004 = CIRCLE('',#7005,1.25);
#7005 = AXIS2_PLACEMENT_3D('',#7006,#7007,#7008);
#7006 = CARTESIAN_POINT('',(92.8,112.,-5.));
#7007 = DIRECTION('',(1.,0.,-0.));
#7008 = DIRECTION('',(0.,0.,1.));
#7009 = ORIENTED_EDGE('',*,*,#6995,.F.);
#7010 = ORIENTED_EDGE('',*,*,#6798,.T.);
#7011 = CYLINDRICAL_SURFACE('',#7012,1.25);
#7012 = AXIS2_PLACEMENT_3D('',#7013,#7014,#7015);
#7013 = CARTESIAN_POINT('',(90.,112.,-5.));
#7014 = DIRECTION('',(1.,0.,0.));
#7015 = DIRECTION('',(0.,0.,1.));
#7016 = ADVANCED_FACE('',(#7017),#7023,.T.);
#7017 = FACE_BOUND('',#7018,.T.);
#7018 = EDGE_LOOP('',(#7019,#7020,#7021,#7022));
#7019 = ORIENTED_EDGE('',*,*,#6832,.F.);
#7020 = ORIENTED_EDGE('',*,*,#6872,.T.);
#7021 = ORIENTED_EDGE('',*,*,#6897,.T.);
#7022 = ORIENTED_EDGE('',*,*,#6848,.F.);
#7023 = PLANE('',#7024);
#7024 = AXIS2_PLACEMENT_3D('',#7025,#7026,#7027);
#7025 = CARTESIAN_POINT('',(103.,102.,-26.));
#7026 = DIRECTION('',(1.,0.,0.));
#7027 = DIRECTION('',(0.,0.,1.));
#7028 = ADVANCED_FACE('',(#7029,#7054,#7057,#7060),#7063,.T.);
#7029 = FACE_BOUND('',#7030,.T.);
#7030 = EDGE_LOOP('',(#7031,#7041,#7047,#7048));
#7031 = ORIENTED_EDGE('',*,*,#7032,.F.);
#7032 = EDGE_CURVE('',#7033,#7035,#7037,.T.);
#7033 = VERTEX_POINT('',#7034);
#7034 = CARTESIAN_POINT('',(92.8,103.8,-24.2));
#7035 = VERTEX_POINT('',#7036);
#7036 = CARTESIAN_POINT('',(92.8,103.8,2.2));
#7037 = LINE('',#7038,#7039);
#7038 = CARTESIAN_POINT('',(92.8,103.8,-24.2));
#7039 = VECTOR('',#7040,1.);
#7040 = DIRECTION('',(0.,0.,1.));
#7041 = ORIENTED_EDGE('',*,*,#7042,.T.);
#7042 = EDGE_CURVE('',#7033,#6906,#7043,.T.);
#7043 = LINE('',#7044,#7045);
#7044 = CARTESIAN_POINT('',(92.8,103.8,-24.2));
#7045 = VECTOR('',#7046,1.);
#7046 = DIRECTION('',(0.,1.,0.));
#7047 = ORIENTED_EDGE('',*,*,#6905,.T.);
#7048 = ORIENTED_EDGE('',*,*,#7049,.F.);
#7049 = EDGE_CURVE('',#7035,#6908,#7050,.T.);
#7050 = LINE('',#7051,#7052);
#7051 = CARTESIAN_POINT('',(92.8,103.8,2.2));
#7052 = VECTOR('',#7053,1.);
#7053 = DIRECTION('',(0.,1.,0.));
#7054 = FACE_BOUND('',#7055,.T.);
#7055 = EDGE_LOOP('',(#7056));
#7056 = ORIENTED_EDGE('',*,*,#6953,.F.);
#7057 = FACE_BOUND('',#7058,.T.);
#7058 = EDGE_LOOP('',(#7059));
#7059 = ORIENTED_EDGE('',*,*,#6978,.F.);
#7060 = FACE_BOUND('',#7061,.T.);
#7061 = EDGE_LOOP('',(#7062));
#7062 = ORIENTED_EDGE('',*,*,#7003,.F.);
#7063 = PLANE('',#7064);
#7064 = AXIS2_PLACEMENT_3D('',#7065,#7066,#7067);
#7065 = CARTESIAN_POINT('',(92.8,103.8,-24.2));
#7066 = DIRECTION('',(1.,0.,0.));
#7067 = DIRECTION('',(0.,0.,1.));
#7068 = ADVANCED_FACE('',(#7069),#7087,.F.);
#7069 = FACE_BOUND('',#7070,.F.);
#7070 = EDGE_LOOP('',(#7071,#7072,#7080,#7086));
#7071 = ORIENTED_EDGE('',*,*,#7049,.F.);
#7072 = ORIENTED_EDGE('',*,*,#7073,.T.);
#7073 = EDGE_CURVE('',#7035,#7074,#7076,.T.);
#7074 = VERTEX_POINT('',#7075);
#7075 = CARTESIAN_POINT('',(101.2,103.8,2.2));
#7076 = LINE('',#7077,#7078);
#7077 = CARTESIAN_POINT('',(92.8,103.8,2.2));
#7078 = VECTOR('',#7079,1.);
#7079 = DIRECTION('',(1.,0.,0.));
#7080 = ORIENTED_EDGE('',*,*,#7081,.T.);
#7081 = EDGE_CURVE('',#7074,#6924,#7082,.T.);
#7082 = LINE('',#7083,#7084);
#7083 = CARTESIAN_POINT('',(101.2,103.8,2.2));
#7084 = VECTOR('',#7085,1.);
#7085 = DIRECTION('',(0.,1.,0.));
#7086 = ORIENTED_EDGE('',*,*,#6931,.F.);
#7087 = PLANE('',#7088);
#7088 = AXIS2_PLACEMENT_3D('',#7089,#7090,#7091);
#7089 = CARTESIAN_POINT('',(92.8,103.8,2.2));
#7090 = DIRECTION('',(0.,0.,1.));
#7091 = DIRECTION('',(1.,0.,0.));
#7092 = ADVANCED_FACE('',(#7093),#7111,.F.);
#7093 = FACE_BOUND('',#7094,.F.);
#7094 = EDGE_LOOP('',(#7095,#7103,#7109,#7110));
#7095 = ORIENTED_EDGE('',*,*,#7096,.F.);
#7096 = EDGE_CURVE('',#7097,#7074,#7099,.T.);
#7097 = VERTEX_POINT('',#7098);
#7098 = CARTESIAN_POINT('',(101.2,103.8,-24.2));
#7099 = LINE('',#7100,#7101);
#7100 = CARTESIAN_POINT('',(101.2,103.8,-24.2));
#7101 = VECTOR('',#7102,1.);
#7102 = DIRECTION('',(0.,0.,1.));
#7103 = ORIENTED_EDGE('',*,*,#7104,.T.);
#7104 = EDGE_CURVE('',#7097,#6916,#7105,.T.);
#7105 = LINE('',#7106,#7107);
#7106 = CARTESIAN_POINT('',(101.2,103.8,-24.2));
#7107 = VECTOR('',#7108,1.);
#7108 = DIRECTION('',(0.,1.,0.));
#7109 = ORIENTED_EDGE('',*,*,#6923,.T.);
#7110 = ORIENTED_EDGE('',*,*,#7081,.F.);
#7111 = PLANE('',#7112);
#7112 = AXIS2_PLACEMENT_3D('',#7113,#7114,#7115);
#7113 = CARTESIAN_POINT('',(101.2,103.8,-24.2));
#7114 = DIRECTION('',(1.,0.,0.));
#7115 = DIRECTION('',(0.,0.,1.));
#7116 = ADVANCED_FACE('',(#7117),#7128,.T.);
#7117 = FACE_BOUND('',#7118,.T.);
#7118 = EDGE_LOOP('',(#7119,#7120,#7126,#7127));
#7119 = ORIENTED_EDGE('',*,*,#7042,.F.);
#7120 = ORIENTED_EDGE('',*,*,#7121,.T.);
#7121 = EDGE_CURVE('',#7033,#7097,#7122,.T.);
#7122 = LINE('',#7123,#7124);
#7123 = CARTESIAN_POINT('',(92.8,103.8,-24.2));
#7124 = VECTOR('',#7125,1.);
#7125 = DIRECTION('',(1.,0.,0.));
#7126 = ORIENTED_EDGE('',*,*,#7104,.T.);
#7127 = ORIENTED_EDGE('',*,*,#6915,.F.);
#7128 = PLANE('',#7129);
#7129 = AXIS2_PLACEMENT_3D('',#7130,#7131,#7132);
#7130 = CARTESIAN_POINT('',(92.8,103.8,-24.2));
#7131 = DIRECTION('',(0.,0.,1.));
#7132 = DIRECTION('',(1.,0.,0.));
#7133 = ADVANCED_FACE('',(#7134),#7140,.T.);
#7134 = FACE_BOUND('',#7135,.T.);
#7135 = EDGE_LOOP('',(#7136,#7137,#7138,#7139));
#7136 = ORIENTED_EDGE('',*,*,#7121,.F.);
#7137 = ORIENTED_EDGE('',*,*,#7032,.T.);
#7138 = ORIENTED_EDGE('',*,*,#7073,.T.);
#7139 = ORIENTED_EDGE('',*,*,#7096,.F.);
#7140 = PLANE('',#7141);
#7141 = AXIS2_PLACEMENT_3D('',#7142,#7143,#7144);
#7142 = CARTESIAN_POINT('',(92.8,103.8,-24.2));
#7143 = DIRECTION('',(0.,1.,0.));
#7144 = DIRECTION('',(0.,0.,1.));
#7145 = MANIFOLD_SOLID_BREP('',#7146);
#7146 = CLOSED_SHELL('',(#7147,#7187,#7227,#7249,#7271,#7283));
#7147 = ADVANCED_FACE('',(#7148),#7182,.F.);
#7148 = FACE_BOUND('',#7149,.F.);
#7149 = EDGE_LOOP('',(#7150,#7160,#7168,#7176));
#7150 = ORIENTED_EDGE('',*,*,#7151,.F.);
#7151 = EDGE_CURVE('',#7152,#7154,#7156,.T.);
#7152 = VERTEX_POINT('',#7153);
#7153 = CARTESIAN_POINT('',(93.5,104.5,-23.5));
#7154 = VERTEX_POINT('',#7155);
#7155 = CARTESIAN_POINT('',(93.5,104.5,1.5));
#7156 = LINE('',#7157,#7158);
#7157 = CARTESIAN_POINT('',(93.5,104.5,-23.5));
#7158 = VECTOR('',#7159,1.);
#7159 = DIRECTION('',(0.,0.,1.));
#7160 = ORIENTED_EDGE('',*,*,#7161,.T.);
#7161 = EDGE_CURVE('',#7152,#7162,#7164,.T.);
#7162 = VERTEX_POINT('',#7163);
#7163 = CARTESIAN_POINT('',(93.5,142.5,-23.5));
#7164 = LINE('',#7165,#7166);
#7165 = CARTESIAN_POINT('',(93.5,104.5,-23.5));
#7166 = VECTOR('',#7167,1.);
#7167 = DIRECTION('',(0.,1.,0.));
#7168 = ORIENTED_EDGE('',*,*,#7169,.T.);
#7169 = EDGE_CURVE('',#7162,#7170,#7172,.T.);
#7170 = VERTEX_POINT('',#7171);
#7171 = CARTESIAN_POINT('',(93.5,142.5,1.5));
#7172 = LINE('',#7173,#7174);
#7173 = CARTESIAN_POINT('',(93.5,142.5,-23.5));
#7174 = VECTOR('',#7175,1.);
#7175 = DIRECTION('',(0.,0.,1.));
#7176 = ORIENTED_EDGE('',*,*,#7177,.F.);
#7177 = EDGE_CURVE('',#7154,#7170,#7178,.T.);
#7178 = LINE('',#7179,#7180);
#7179 = CARTESIAN_POINT('',(93.5,104.5,1.5));
#7180 = VECTOR('',#7181,1.);
#7181 = DIRECTION('',(0.,1.,0.));
#7182 = PLANE('',#7183);
#7183 = AXIS2_PLACEMENT_3D('',#7184,#7185,#7186);
#7184 = CARTESIAN_POINT('',(93.5,104.5,-23.5));
#7185 = DIRECTION('',(1.,0.,0.));
#7186 = DIRECTION('',(0.,0.,1.));
#7187 = ADVANCED_FACE('',(#7188),#7222,.T.);
#7188 = FACE_BOUND('',#7189,.T.);
#7189 = EDGE_LOOP('',(#7190,#7200,#7208,#7216));
#7190 = ORIENTED_EDGE('',*,*,#7191,.F.);
#7191 = EDGE_CURVE('',#7192,#7194,#7196,.T.);
#7192 = VERTEX_POINT('',#7193);
#7193 = CARTESIAN_POINT('',(100.5,104.5,-23.5));
#7194 = VERTEX_POINT('',#7195);
#7195 = CARTESIAN_POINT('',(100.5,104.5,1.5));
#7196 = LINE('',#7197,#7198);
#7197 = CARTESIAN_POINT('',(100.5,104.5,-23.5));
#7198 = VECTOR('',#7199,1.);
#7199 = DIRECTION('',(0.,0.,1.));
#7200 = ORIENTED_EDGE('',*,*,#7201,.T.);
#7201 = EDGE_CURVE('',#7192,#7202,#7204,.T.);
#7202 = VERTEX_POINT('',#7203);
#7203 = CARTESIAN_POINT('',(100.5,142.5,-23.5));
#7204 = LINE('',#7205,#7206);
#7205 = CARTESIAN_POINT('',(100.5,104.5,-23.5));
#7206 = VECTOR('',#7207,1.);
#7207 = DIRECTION('',(0.,1.,0.));
#7208 = ORIENTED_EDGE('',*,*,#7209,.T.);
#7209 = EDGE_CURVE('',#7202,#7210,#7212,.T.);
#7210 = VERTEX_POINT('',#7211);
#7211 = CARTESIAN_POINT('',(100.5,142.5,1.5));
#7212 = LINE('',#7213,#7214);
#7213 = CARTESIAN_POINT('',(100.5,142.5,-23.5));
#7214 = VECTOR('',#7215,1.);
#7215 = DIRECTION('',(0.,0.,1.));
#7216 = ORIENTED_EDGE('',*,*,#7217,.F.);
#7217 = EDGE_CURVE('',#7194,#7210,#7218,.T.);
#7218 = LINE('',#7219,#7220);
#7219 = CARTESIAN_POINT('',(100.5,104.5,1.5));
#7220 = VECTOR('',#7221,1.);
#7221 = DIRECTION('',(0.,1.,0.));
#7222 = PLANE('',#7223);
#7223 = AXIS2_PLACEMENT_3D('',#7224,#7225,#7226);
#7224 = CARTESIAN_POINT('',(100.5,104.5,-23.5));
#7225 = DIRECTION('',(1.,0.,0.));
#7226 = DIRECTION('',(0.,0.,1.));
#7227 = ADVANCED_FACE('',(#7228),#7244,.F.);
#7228 = FACE_BOUND('',#7229,.F.);
#7229 = EDGE_LOOP('',(#7230,#7236,#7237,#7243));
#7230 = ORIENTED_EDGE('',*,*,#7231,.F.);
#7231 = EDGE_CURVE('',#7152,#7192,#7232,.T.);
#7232 = LINE('',#7233,#7234);
#7233 = CARTESIAN_POINT('',(93.5,104.5,-23.5));
#7234 = VECTOR('',#7235,1.);
#7235 = DIRECTION('',(1.,0.,0.));
#7236 = ORIENTED_EDGE('',*,*,#7151,.T.);
#7237 = ORIENTED_EDGE('',*,*,#7238,.T.);
#7238 = EDGE_CURVE('',#7154,#7194,#7239,.T.);
#7239 = LINE('',#7240,#7241);
#7240 = CARTESIAN_POINT('',(93.5,104.5,1.5));
#7241 = VECTOR('',#7242,1.);
#7242 = DIRECTION('',(1.,0.,0.));
#7243 = ORIENTED_EDGE('',*,*,#7191,.F.);
#7244 = PLANE('',#7245);
#7245 = AXIS2_PLACEMENT_3D('',#7246,#7247,#7248);
#7246 = CARTESIAN_POINT('',(93.5,104.5,-23.5));
#7247 = DIRECTION('',(0.,1.,0.));
#7248 = DIRECTION('',(0.,0.,1.));
#7249 = ADVANCED_FACE('',(#7250),#7266,.T.);
#7250 = FACE_BOUND('',#7251,.T.);
#7251 = EDGE_LOOP('',(#7252,#7258,#7259,#7265));
#7252 = ORIENTED_EDGE('',*,*,#7253,.F.);
#7253 = EDGE_CURVE('',#7162,#7202,#7254,.T.);
#7254 = LINE('',#7255,#7256);
#7255 = CARTESIAN_POINT('',(93.5,142.5,-23.5));
#7256 = VECTOR('',#7257,1.);
#7257 = DIRECTION('',(1.,0.,0.));
#7258 = ORIENTED_EDGE('',*,*,#7169,.T.);
#7259 = ORIENTED_EDGE('',*,*,#7260,.T.);
#7260 = EDGE_CURVE('',#7170,#7210,#7261,.T.);
#7261 = LINE('',#7262,#7263);
#7262 = CARTESIAN_POINT('',(93.5,142.5,1.5));
#7263 = VECTOR('',#7264,1.);
#7264 = DIRECTION('',(1.,0.,0.));
#7265 = ORIENTED_EDGE('',*,*,#7209,.F.);
#7266 = PLANE('',#7267);
#7267 = AXIS2_PLACEMENT_3D('',#7268,#7269,#7270);
#7268 = CARTESIAN_POINT('',(93.5,142.5,-23.5));
#7269 = DIRECTION('',(0.,1.,0.));
#7270 = DIRECTION('',(0.,0.,1.));
#7271 = ADVANCED_FACE('',(#7272),#7278,.F.);
#7272 = FACE_BOUND('',#7273,.F.);
#7273 = EDGE_LOOP('',(#7274,#7275,#7276,#7277));
#7274 = ORIENTED_EDGE('',*,*,#7161,.F.);
#7275 = ORIENTED_EDGE('',*,*,#7231,.T.);
#7276 = ORIENTED_EDGE('',*,*,#7201,.T.);
#7277 = ORIENTED_EDGE('',*,*,#7253,.F.);
#7278 = PLANE('',#7279);
#7279 = AXIS2_PLACEMENT_3D('',#7280,#7281,#7282);
#7280 = CARTESIAN_POINT('',(93.5,104.5,-23.5));
#7281 = DIRECTION('',(0.,0.,1.));
#7282 = DIRECTION('',(1.,0.,0.));
#7283 = ADVANCED_FACE('',(#7284),#7290,.T.);
#7284 = FACE_BOUND('',#7285,.T.);
#7285 = EDGE_LOOP('',(#7286,#7287,#7288,#7289));
#7286 = ORIENTED_EDGE('',*,*,#7177,.F.);
#7287 = ORIENTED_EDGE('',*,*,#7238,.T.);
#7288 = ORIENTED_EDGE('',*,*,#7217,.T.);
#7289 = ORIENTED_EDGE('',*,*,#7260,.F.);
#7290 = PLANE('',#7291);
#7291 = AXIS2_PLACEMENT_3D('',#7292,#7293,#7294);
#7292 = CARTESIAN_POINT('',(93.5,104.5,1.5));
#7293 = DIRECTION('',(0.,0.,1.));
#7294 = DIRECTION('',(1.,0.,0.));
#7295 = MANIFOLD_SOLID_BREP('',#7296);
#7296 = CLOSED_SHELL('',(#7297,#7337,#7377,#7399,#7421,#7433));
#7297 = ADVANCED_FACE('',(#7298),#7332,.F.);
#7298 = FACE_BOUND('',#7299,.F.);
#7299 = EDGE_LOOP('',(#7300,#7310,#7318,#7326));
#7300 = ORIENTED_EDGE('',*,*,#7301,.F.);
#7301 = EDGE_CURVE('',#7302,#7304,#7306,.T.);
#7302 = VERTEX_POINT('',#7303);
#7303 = CARTESIAN_POINT('',(92.,105.,22.));
#7304 = VERTEX_POINT('',#7305);
#7305 = CARTESIAN_POINT('',(92.,105.,23.2));
#7306 = LINE('',#7307,#7308);
#7307 = CARTESIAN_POINT('',(92.,105.,22.));
#7308 = VECTOR('',#7309,1.);
#7309 = DIRECTION('',(0.,0.,1.));
#7310 = ORIENTED_EDGE('',*,*,#7311,.T.);
#7311 = EDGE_CURVE('',#7302,#7312,#7314,.T.);
#7312 = VERTEX_POINT('',#7313);
#7313 = CARTESIAN_POINT('',(92.,140.,22.));
#7314 = LINE('',#7315,#7316);
#7315 = CARTESIAN_POINT('',(92.,105.,22.));
#7316 = VECTOR('',#7317,1.);
#7317 = DIRECTION('',(0.,1.,0.));
#7318 = ORIENTED_EDGE('',*,*,#7319,.T.);
#7319 = EDGE_CURVE('',#7312,#7320,#7322,.T.);
#7320 = VERTEX_POINT('',#7321);
#7321 = CARTESIAN_POINT('',(92.,140.,23.2));
#7322 = LINE('',#7323,#7324);
#7323 = CARTESIAN_POINT('',(92.,140.,22.));
#7324 = VECTOR('',#7325,1.);
#7325 = DIRECTION('',(0.,0.,1.));
#7326 = ORIENTED_EDGE('',*,*,#7327,.F.);
#7327 = EDGE_CURVE('',#7304,#7320,#7328,.T.);
#7328 = LINE('',#7329,#7330);
#7329 = CARTESIAN_POINT('',(92.,105.,23.2));
#7330 = VECTOR('',#7331,1.);
#7331 = DIRECTION('',(0.,1.,0.));
#7332 = PLANE('',#7333);
#7333 = AXIS2_PLACEMENT_3D('',#7334,#7335,#7336);
#7334 = CARTESIAN_POINT('',(92.,105.,22.));
#7335 = DIRECTION('',(1.,0.,0.));
#7336 = DIRECTION('',(0.,0.,1.));
#7337 = ADVANCED_FACE('',(#7338),#7372,.T.);
#7338 = FACE_BOUND('',#7339,.T.);
#7339 = EDGE_LOOP('',(#7340,#7350,#7358,#7366));
#7340 = ORIENTED_EDGE('',*,*,#7341,.F.);
#7341 = EDGE_CURVE('',#7342,#7344,#7346,.T.);
#7342 = VERTEX_POINT('',#7343);
#7343 = CARTESIAN_POINT('',(98.,105.,22.));
#7344 = VERTEX_POINT('',#7345);
#7345 = CARTESIAN_POINT('',(98.,105.,23.2));
#7346 = LINE('',#7347,#7348);
#7347 = CARTESIAN_POINT('',(98.,105.,22.));
#7348 = VECTOR('',#7349,1.);
#7349 = DIRECTION('',(0.,0.,1.));
#7350 = ORIENTED_EDGE('',*,*,#7351,.T.);
#7351 = EDGE_CURVE('',#7342,#7352,#7354,.T.);
#7352 = VERTEX_POINT('',#7353);
#7353 = CARTESIAN_POINT('',(98.,140.,22.));
#7354 = LINE('',#7355,#7356);
#7355 = CARTESIAN_POINT('',(98.,105.,22.));
#7356 = VECTOR('',#7357,1.);
#7357 = DIRECTION('',(0.,1.,0.));
#7358 = ORIENTED_EDGE('',*,*,#7359,.T.);
#7359 = EDGE_CURVE('',#7352,#7360,#7362,.T.);
#7360 = VERTEX_POINT('',#7361);
#7361 = CARTESIAN_POINT('',(98.,140.,23.2));
#7362 = LINE('',#7363,#7364);
#7363 = CARTESIAN_POINT('',(98.,140.,22.));
#7364 = VECTOR('',#7365,1.);
#7365 = DIRECTION('',(0.,0.,1.));
#7366 = ORIENTED_EDGE('',*,*,#7367,.F.);
#7367 = EDGE_CURVE('',#7344,#7360,#7368,.T.);
#7368 = LINE('',#7369,#7370);
#7369 = CARTESIAN_POINT('',(98.,105.,23.2));
#7370 = VECTOR('',#7371,1.);
#7371 = DIRECTION('',(0.,1.,0.));
#7372 = PLANE('',#7373);
#7373 = AXIS2_PLACEMENT_3D('',#7374,#7375,#7376);
#7374 = CARTESIAN_POINT('',(98.,105.,22.));
#7375 = DIRECTION('',(1.,0.,0.));
#7376 = DIRECTION('',(0.,0.,1.));
#7377 = ADVANCED_FACE('',(#7378),#7394,.F.);
#7378 = FACE_BOUND('',#7379,.F.);
#7379 = EDGE_LOOP('',(#7380,#7386,#7387,#7393));
#7380 = ORIENTED_EDGE('',*,*,#7381,.F.);
#7381 = EDGE_CURVE('',#7302,#7342,#7382,.T.);
#7382 = LINE('',#7383,#7384);
#7383 = CARTESIAN_POINT('',(92.,105.,22.));
#7384 = VECTOR('',#7385,1.);
#7385 = DIRECTION('',(1.,0.,0.));
#7386 = ORIENTED_EDGE('',*,*,#7301,.T.);
#7387 = ORIENTED_EDGE('',*,*,#7388,.T.);
#7388 = EDGE_CURVE('',#7304,#7344,#7389,.T.);
#7389 = LINE('',#7390,#7391);
#7390 = CARTESIAN_POINT('',(92.,105.,23.2));
#7391 = VECTOR('',#7392,1.);
#7392 = DIRECTION('',(1.,0.,0.));
#7393 = ORIENTED_EDGE('',*,*,#7341,.F.);
#7394 = PLANE('',#7395);
#7395 = AXIS2_PLACEMENT_3D('',#7396,#7397,#7398);
#7396 = CARTESIAN_POINT('',(92.,105.,22.));
#7397 = DIRECTION('',(0.,1.,0.));
#7398 = DIRECTION('',(0.,0.,1.));
#7399 = ADVANCED_FACE('',(#7400),#7416,.T.);
#7400 = FACE_BOUND('',#7401,.T.);
#7401 = EDGE_LOOP('',(#7402,#7408,#7409,#7415));
#7402 = ORIENTED_EDGE('',*,*,#7403,.F.);
#7403 = EDGE_CURVE('',#7312,#7352,#7404,.T.);
#7404 = LINE('',#7405,#7406);
#7405 = CARTESIAN_POINT('',(92.,140.,22.));
#7406 = VECTOR('',#7407,1.);
#7407 = DIRECTION('',(1.,0.,0.));
#7408 = ORIENTED_EDGE('',*,*,#7319,.T.);
#7409 = ORIENTED_EDGE('',*,*,#7410,.T.);
#7410 = EDGE_CURVE('',#7320,#7360,#7411,.T.);
#7411 = LINE('',#7412,#7413);
#7412 = CARTESIAN_POINT('',(92.,140.,23.2));
#7413 = VECTOR('',#7414,1.);
#7414 = DIRECTION('',(1.,0.,0.));
#7415 = ORIENTED_EDGE('',*,*,#7359,.F.);
#7416 = PLANE('',#7417);
#7417 = AXIS2_PLACEMENT_3D('',#7418,#7419,#7420);
#7418 = CARTESIAN_POINT('',(92.,140.,22.));
#7419 = DIRECTION('',(0.,1.,0.));
#7420 = DIRECTION('',(0.,0.,1.));
#7421 = ADVANCED_FACE('',(#7422),#7428,.F.);
#7422 = FACE_BOUND('',#7423,.F.);
#7423 = EDGE_LOOP('',(#7424,#7425,#7426,#7427));
#7424 = ORIENTED_EDGE('',*,*,#7311,.F.);
#7425 = ORIENTED_EDGE('',*,*,#7381,.T.);
#7426 = ORIENTED_EDGE('',*,*,#7351,.T.);
#7427 = ORIENTED_EDGE('',*,*,#7403,.F.);
#7428 = PLANE('',#7429);
#7429 = AXIS2_PLACEMENT_3D('',#7430,#7431,#7432);
#7430 = CARTESIAN_POINT('',(92.,105.,22.));
#7431 = DIRECTION('',(0.,0.,1.));
#7432 = DIRECTION('',(1.,0.,0.));
#7433 = ADVANCED_FACE('',(#7434),#7440,.T.);
#7434 = FACE_BOUND('',#7435,.T.);
#7435 = EDGE_LOOP('',(#7436,#7437,#7438,#7439));
#7436 = ORIENTED_EDGE('',*,*,#7327,.F.);
#7437 = ORIENTED_EDGE('',*,*,#7388,.T.);
#7438 = ORIENTED_EDGE('',*,*,#7367,.T.);
#7439 = ORIENTED_EDGE('',*,*,#7410,.F.);
#7440 = PLANE('',#7441);
#7441 = AXIS2_PLACEMENT_3D('',#7442,#7443,#7444);
#7442 = CARTESIAN_POINT('',(92.,105.,23.2));
#7443 = DIRECTION('',(0.,0.,1.));
#7444 = DIRECTION('',(1.,0.,0.));
#7445 = MANIFOLD_SOLID_BREP('',#7446);
#7446 = CLOSED_SHELL('',(#7447,#7487,#7527,#7549,#7571,#7583));
#7447 = ADVANCED_FACE('',(#7448),#7482,.F.);
#7448 = FACE_BOUND('',#7449,.F.);
#7449 = EDGE_LOOP('',(#7450,#7460,#7468,#7476));
#7450 = ORIENTED_EDGE('',*,*,#7451,.F.);
#7451 = EDGE_CURVE('',#7452,#7454,#7456,.T.);
#7452 = VERTEX_POINT('',#7453);
#7453 = CARTESIAN_POINT('',(78.,10.,12.));
#7454 = VERTEX_POINT('',#7455);
#7455 = CARTESIAN_POINT('',(78.,10.,13.5));
#7456 = LINE('',#7457,#7458);
#7457 = CARTESIAN_POINT('',(78.,10.,12.));
#7458 = VECTOR('',#7459,1.);
#7459 = DIRECTION('',(0.,0.,1.));
#7460 = ORIENTED_EDGE('',*,*,#7461,.T.);
#7461 = EDGE_CURVE('',#7452,#7462,#7464,.T.);
#7462 = VERTEX_POINT('',#7463);
#7463 = CARTESIAN_POINT('',(78.,42.,12.));
#7464 = LINE('',#7465,#7466);
#7465 = CARTESIAN_POINT('',(78.,10.,12.));
#7466 = VECTOR('',#7467,1.);
#7467 = DIRECTION('',(0.,1.,0.));
#7468 = ORIENTED_EDGE('',*,*,#7469,.T.);
#7469 = EDGE_CURVE('',#7462,#7470,#7472,.T.);
#7470 = VERTEX_POINT('',#7471);
#7471 = CARTESIAN_POINT('',(78.,42.,13.5));
#7472 = LINE('',#7473,#7474);
#7473 = CARTESIAN_POINT('',(78.,42.,12.));
#7474 = VECTOR('',#7475,1.);
#7475 = DIRECTION('',(0.,0.,1.));
#7476 = ORIENTED_EDGE('',*,*,#7477,.F.);
#7477 = EDGE_CURVE('',#7454,#7470,#7478,.T.);
#7478 = LINE('',#7479,#7480);
#7479 = CARTESIAN_POINT('',(78.,10.,13.5));
#7480 = VECTOR('',#7481,1.);
#7481 = DIRECTION('',(0.,1.,0.));
#7482 = PLANE('',#7483);
#7483 = AXIS2_PLACEMENT_3D('',#7484,#7485,#7486);
#7484 = CARTESIAN_POINT('',(78.,10.,12.));
#7485 = DIRECTION('',(1.,0.,0.));
#7486 = DIRECTION('',(0.,0.,1.));
#7487 = ADVANCED_FACE('',(#7488),#7522,.T.);
#7488 = FACE_BOUND('',#7489,.T.);
#7489 = EDGE_LOOP('',(#7490,#7500,#7508,#7516));
#7490 = ORIENTED_EDGE('',*,*,#7491,.F.);
#7491 = EDGE_CURVE('',#7492,#7494,#7496,.T.);
#7492 = VERTEX_POINT('',#7493);
#7493 = CARTESIAN_POINT('',(80.,10.,12.));
#7494 = VERTEX_POINT('',#7495);
#7495 = CARTESIAN_POINT('',(80.,10.,13.5));
#7496 = LINE('',#7497,#7498);
#7497 = CARTESIAN_POINT('',(80.,10.,12.));
#7498 = VECTOR('',#7499,1.);
#7499 = DIRECTION('',(0.,0.,1.));
#7500 = ORIENTED_EDGE('',*,*,#7501,.T.);
#7501 = EDGE_CURVE('',#7492,#7502,#7504,.T.);
#7502 = VERTEX_POINT('',#7503);
#7503 = CARTESIAN_POINT('',(80.,42.,12.));
#7504 = LINE('',#7505,#7506);
#7505 = CARTESIAN_POINT('',(80.,10.,12.));
#7506 = VECTOR('',#7507,1.);
#7507 = DIRECTION('',(0.,1.,0.));
#7508 = ORIENTED_EDGE('',*,*,#7509,.T.);
#7509 = EDGE_CURVE('',#7502,#7510,#7512,.T.);
#7510 = VERTEX_POINT('',#7511);
#7511 = CARTESIAN_POINT('',(80.,42.,13.5));
#7512 = LINE('',#7513,#7514);
#7513 = CARTESIAN_POINT('',(80.,42.,12.));
#7514 = VECTOR('',#7515,1.);
#7515 = DIRECTION('',(0.,0.,1.));
#7516 = ORIENTED_EDGE('',*,*,#7517,.F.);
#7517 = EDGE_CURVE('',#7494,#7510,#7518,.T.);
#7518 = LINE('',#7519,#7520);
#7519 = CARTESIAN_POINT('',(80.,10.,13.5));
#7520 = VECTOR('',#7521,1.);
#7521 = DIRECTION('',(0.,1.,0.));
#7522 = PLANE('',#7523);
#7523 = AXIS2_PLACEMENT_3D('',#7524,#7525,#7526);
#7524 = CARTESIAN_POINT('',(80.,10.,12.));
#7525 = DIRECTION('',(1.,0.,0.));
#7526 = DIRECTION('',(0.,0.,1.));
#7527 = ADVANCED_FACE('',(#7528),#7544,.F.);
#7528 = FACE_BOUND('',#7529,.F.);
#7529 = EDGE_LOOP('',(#7530,#7536,#7537,#7543));
#7530 = ORIENTED_EDGE('',*,*,#7531,.F.);
#7531 = EDGE_CURVE('',#7452,#7492,#7532,.T.);
#7532 = LINE('',#7533,#7534);
#7533 = CARTESIAN_POINT('',(78.,10.,12.));
#7534 = VECTOR('',#7535,1.);
#7535 = DIRECTION('',(1.,0.,0.));
#7536 = ORIENTED_EDGE('',*,*,#7451,.T.);
#7537 = ORIENTED_EDGE('',*,*,#7538,.T.);
#7538 = EDGE_CURVE('',#7454,#7494,#7539,.T.);
#7539 = LINE('',#7540,#7541);
#7540 = CARTESIAN_POINT('',(78.,10.,13.5));
#7541 = VECTOR('',#7542,1.);
#7542 = DIRECTION('',(1.,0.,0.));
#7543 = ORIENTED_EDGE('',*,*,#7491,.F.);
#7544 = PLANE('',#7545);
#7545 = AXIS2_PLACEMENT_3D('',#7546,#7547,#7548);
#7546 = CARTESIAN_POINT('',(78.,10.,12.));
#7547 = DIRECTION('',(0.,1.,0.));
#7548 = DIRECTION('',(0.,0.,1.));
#7549 = ADVANCED_FACE('',(#7550),#7566,.T.);
#7550 = FACE_BOUND('',#7551,.T.);
#7551 = EDGE_LOOP('',(#7552,#7558,#7559,#7565));
#7552 = ORIENTED_EDGE('',*,*,#7553,.F.);
#7553 = EDGE_CURVE('',#7462,#7502,#7554,.T.);
#7554 = LINE('',#7555,#7556);
#7555 = CARTESIAN_POINT('',(78.,42.,12.));
#7556 = VECTOR('',#7557,1.);
#7557 = DIRECTION('',(1.,0.,0.));
#7558 = ORIENTED_EDGE('',*,*,#7469,.T.);
#7559 = ORIENTED_EDGE('',*,*,#7560,.T.);
#7560 = EDGE_CURVE('',#7470,#7510,#7561,.T.);
#7561 = LINE('',#7562,#7563);
#7562 = CARTESIAN_POINT('',(78.,42.,13.5));
#7563 = VECTOR('',#7564,1.);
#7564 = DIRECTION('',(1.,0.,0.));
#7565 = ORIENTED_EDGE('',*,*,#7509,.F.);
#7566 = PLANE('',#7567);
#7567 = AXIS2_PLACEMENT_3D('',#7568,#7569,#7570);
#7568 = CARTESIAN_POINT('',(78.,42.,12.));
#7569 = DIRECTION('',(0.,1.,0.));
#7570 = DIRECTION('',(0.,0.,1.));
#7571 = ADVANCED_FACE('',(#7572),#7578,.F.);
#7572 = FACE_BOUND('',#7573,.F.);
#7573 = EDGE_LOOP('',(#7574,#7575,#7576,#7577));
#7574 = ORIENTED_EDGE('',*,*,#7461,.F.);
#7575 = ORIENTED_EDGE('',*,*,#7531,.T.);
#7576 = ORIENTED_EDGE('',*,*,#7501,.T.);
#7577 = ORIENTED_EDGE('',*,*,#7553,.F.);
#7578 = PLANE('',#7579);
#7579 = AXIS2_PLACEMENT_3D('',#7580,#7581,#7582);
#7580 = CARTESIAN_POINT('',(78.,10.,12.));
#7581 = DIRECTION('',(0.,0.,1.));
#7582 = DIRECTION('',(1.,0.,0.));
#7583 = ADVANCED_FACE('',(#7584),#7590,.T.);
#7584 = FACE_BOUND('',#7585,.T.);
#7585 = EDGE_LOOP('',(#7586,#7587,#7588,#7589));
#7586 = ORIENTED_EDGE('',*,*,#7477,.F.);
#7587 = ORIENTED_EDGE('',*,*,#7538,.T.);
#7588 = ORIENTED_EDGE('',*,*,#7517,.T.);
#7589 = ORIENTED_EDGE('',*,*,#7560,.F.);
#7590 = PLANE('',#7591);
#7591 = AXIS2_PLACEMENT_3D('',#7592,#7593,#7594);
#7592 = CARTESIAN_POINT('',(78.,10.,13.5));
#7593 = DIRECTION('',(0.,0.,1.));
#7594 = DIRECTION('',(1.,0.,0.));
#7595 = MANIFOLD_SOLID_BREP('',#7596);
#7596 = CLOSED_SHELL('',(#7597,#7637,#7677,#7699,#7721,#7733));
#7597 = ADVANCED_FACE('',(#7598),#7632,.F.);
#7598 = FACE_BOUND('',#7599,.F.);
#7599 = EDGE_LOOP('',(#7600,#7610,#7618,#7626));
#7600 = ORIENTED_EDGE('',*,*,#7601,.F.);
#7601 = EDGE_CURVE('',#7602,#7604,#7606,.T.);
#7602 = VERTEX_POINT('',#7603);
#7603 = CARTESIAN_POINT('',(88.,35.,10.));
#7604 = VERTEX_POINT('',#7605);
#7605 = CARTESIAN_POINT('',(88.,35.,11.5));
#7606 = LINE('',#7607,#7608);
#7607 = CARTESIAN_POINT('',(88.,35.,10.));
#7608 = VECTOR('',#7609,1.);
#7609 = DIRECTION('',(0.,0.,1.));
#7610 = ORIENTED_EDGE('',*,*,#7611,.T.);
#7611 = EDGE_CURVE('',#7602,#7612,#7614,.T.);
#7612 = VERTEX_POINT('',#7613);
#7613 = CARTESIAN_POINT('',(88.,127.,10.));
#7614 = LINE('',#7615,#7616);
#7615 = CARTESIAN_POINT('',(88.,35.,10.));
#7616 = VECTOR('',#7617,1.);
#7617 = DIRECTION('',(0.,1.,0.));
#7618 = ORIENTED_EDGE('',*,*,#7619,.T.);
#7619 = EDGE_CURVE('',#7612,#7620,#7622,.T.);
#7620 = VERTEX_POINT('',#7621);
#7621 = CARTESIAN_POINT('',(88.,127.,11.5));
#7622 = LINE('',#7623,#7624);
#7623 = CARTESIAN_POINT('',(88.,127.,10.));
#7624 = VECTOR('',#7625,1.);
#7625 = DIRECTION('',(0.,0.,1.));
#7626 = ORIENTED_EDGE('',*,*,#7627,.F.);
#7627 = EDGE_CURVE('',#7604,#7620,#7628,.T.);
#7628 = LINE('',#7629,#7630);
#7629 = CARTESIAN_POINT('',(88.,35.,11.5));
#7630 = VECTOR('',#7631,1.);
#7631 = DIRECTION('',(0.,1.,0.));
#7632 = PLANE('',#7633);
#7633 = AXIS2_PLACEMENT_3D('',#7634,#7635,#7636);
#7634 = CARTESIAN_POINT('',(88.,35.,10.));
#7635 = DIRECTION('',(1.,0.,0.));
#7636 = DIRECTION('',(0.,0.,1.));
#7637 = ADVANCED_FACE('',(#7638),#7672,.T.);
#7638 = FACE_BOUND('',#7639,.T.);
#7639 = EDGE_LOOP('',(#7640,#7650,#7658,#7666));
#7640 = ORIENTED_EDGE('',*,*,#7641,.F.);
#7641 = EDGE_CURVE('',#7642,#7644,#7646,.T.);
#7642 = VERTEX_POINT('',#7643);
#7643 = CARTESIAN_POINT('',(89.5,35.,10.));
#7644 = VERTEX_POINT('',#7645);
#7645 = CARTESIAN_POINT('',(89.5,35.,11.5));
#7646 = LINE('',#7647,#7648);
#7647 = CARTESIAN_POINT('',(89.5,35.,10.));
#7648 = VECTOR('',#7649,1.);
#7649 = DIRECTION('',(0.,0.,1.));
#7650 = ORIENTED_EDGE('',*,*,#7651,.T.);
#7651 = EDGE_CURVE('',#7642,#7652,#7654,.T.);
#7652 = VERTEX_POINT('',#7653);
#7653 = CARTESIAN_POINT('',(89.5,127.,10.));
#7654 = LINE('',#7655,#7656);
#7655 = CARTESIAN_POINT('',(89.5,35.,10.));
#7656 = VECTOR('',#7657,1.);
#7657 = DIRECTION('',(0.,1.,0.));
#7658 = ORIENTED_EDGE('',*,*,#7659,.T.);
#7659 = EDGE_CURVE('',#7652,#7660,#7662,.T.);
#7660 = VERTEX_POINT('',#7661);
#7661 = CARTESIAN_POINT('',(89.5,127.,11.5));
#7662 = LINE('',#7663,#7664);
#7663 = CARTESIAN_POINT('',(89.5,127.,10.));
#7664 = VECTOR('',#7665,1.);
#7665 = DIRECTION('',(0.,0.,1.));
#7666 = ORIENTED_EDGE('',*,*,#7667,.F.);
#7667 = EDGE_CURVE('',#7644,#7660,#7668,.T.);
#7668 = LINE('',#7669,#7670);
#7669 = CARTESIAN_POINT('',(89.5,35.,11.5));
#7670 = VECTOR('',#7671,1.);
#7671 = DIRECTION('',(0.,1.,0.));
#7672 = PLANE('',#7673);
#7673 = AXIS2_PLACEMENT_3D('',#7674,#7675,#7676);
#7674 = CARTESIAN_POINT('',(89.5,35.,10.));
#7675 = DIRECTION('',(1.,0.,0.));
#7676 = DIRECTION('',(0.,0.,1.));
#7677 = ADVANCED_FACE('',(#7678),#7694,.F.);
#7678 = FACE_BOUND('',#7679,.F.);
#7679 = EDGE_LOOP('',(#7680,#7686,#7687,#7693));
#7680 = ORIENTED_EDGE('',*,*,#7681,.F.);
#7681 = EDGE_CURVE('',#7602,#7642,#7682,.T.);
#7682 = LINE('',#7683,#7684);
#7683 = CARTESIAN_POINT('',(88.,35.,10.));
#7684 = VECTOR('',#7685,1.);
#7685 = DIRECTION('',(1.,0.,0.));
#7686 = ORIENTED_EDGE('',*,*,#7601,.T.);
#7687 = ORIENTED_EDGE('',*,*,#7688,.T.);
#7688 = EDGE_CURVE('',#7604,#7644,#7689,.T.);
#7689 = LINE('',#7690,#7691);
#7690 = CARTESIAN_POINT('',(88.,35.,11.5));
#7691 = VECTOR('',#7692,1.);
#7692 = DIRECTION('',(1.,0.,0.));
#7693 = ORIENTED_EDGE('',*,*,#7641,.F.);
#7694 = PLANE('',#7695);
#7695 = AXIS2_PLACEMENT_3D('',#7696,#7697,#7698);
#7696 = CARTESIAN_POINT('',(88.,35.,10.));
#7697 = DIRECTION('',(0.,1.,0.));
#7698 = DIRECTION('',(0.,0.,1.));
#7699 = ADVANCED_FACE('',(#7700),#7716,.T.);
#7700 = FACE_BOUND('',#7701,.T.);
#7701 = EDGE_LOOP('',(#7702,#7708,#7709,#7715));
#7702 = ORIENTED_EDGE('',*,*,#7703,.F.);
#7703 = EDGE_CURVE('',#7612,#7652,#7704,.T.);
#7704 = LINE('',#7705,#7706);
#7705 = CARTESIAN_POINT('',(88.,127.,10.));
#7706 = VECTOR('',#7707,1.);
#7707 = DIRECTION('',(1.,0.,0.));
#7708 = ORIENTED_EDGE('',*,*,#7619,.T.);
#7709 = ORIENTED_EDGE('',*,*,#7710,.T.);
#7710 = EDGE_CURVE('',#7620,#7660,#7711,.T.);
#7711 = LINE('',#7712,#7713);
#7712 = CARTESIAN_POINT('',(88.,127.,11.5));
#7713 = VECTOR('',#7714,1.);
#7714 = DIRECTION('',(1.,0.,0.));
#7715 = ORIENTED_EDGE('',*,*,#7659,.F.);
#7716 = PLANE('',#7717);
#7717 = AXIS2_PLACEMENT_3D('',#7718,#7719,#7720);
#7718 = CARTESIAN_POINT('',(88.,127.,10.));
#7719 = DIRECTION('',(0.,1.,0.));
#7720 = DIRECTION('',(0.,0.,1.));
#7721 = ADVANCED_FACE('',(#7722),#7728,.F.);
#7722 = FACE_BOUND('',#7723,.F.);
#7723 = EDGE_LOOP('',(#7724,#7725,#7726,#7727));
#7724 = ORIENTED_EDGE('',*,*,#7611,.F.);
#7725 = ORIENTED_EDGE('',*,*,#7681,.T.);
#7726 = ORIENTED_EDGE('',*,*,#7651,.T.);
#7727 = ORIENTED_EDGE('',*,*,#7703,.F.);
#7728 = PLANE('',#7729);
#7729 = AXIS2_PLACEMENT_3D('',#7730,#7731,#7732);
#7730 = CARTESIAN_POINT('',(88.,35.,10.));
#7731 = DIRECTION('',(0.,0.,1.));
#7732 = DIRECTION('',(1.,0.,0.));
#7733 = ADVANCED_FACE('',(#7734),#7740,.T.);
#7734 = FACE_BOUND('',#7735,.T.);
#7735 = EDGE_LOOP('',(#7736,#7737,#7738,#7739));
#7736 = ORIENTED_EDGE('',*,*,#7627,.F.);
#7737 = ORIENTED_EDGE('',*,*,#7688,.T.);
#7738 = ORIENTED_EDGE('',*,*,#7667,.T.);
#7739 = ORIENTED_EDGE('',*,*,#7710,.F.);
#7740 = PLANE('',#7741);
#7741 = AXIS2_PLACEMENT_3D('',#7742,#7743,#7744);
#7742 = CARTESIAN_POINT('',(88.,35.,11.5));
#7743 = DIRECTION('',(0.,0.,1.));
#7744 = DIRECTION('',(1.,0.,0.));
#7745 = ( GEOMETRIC_REPRESENTATION_CONTEXT(3) 
GLOBAL_UNCERTAINTY_ASSIGNED_CONTEXT((#7749)) 
GLOBAL_UNIT_ASSIGNED_CONTEXT((#7746,#7747,#7748)) REPRESENTATION_CONTEXT
('Context #1','3D Context with UNIT and UNCERTAINTY') );
#7746 = ( LENGTH_UNIT() NAMED_UNIT(*) SI_UNIT(.MILLI.,.METRE.) );
#7747 = ( NAMED_UNIT(*) PLANE_ANGLE_UNIT() SI_UNIT($,.RADIAN.) );
#7748 = ( NAMED_UNIT(*) SI_UNIT($,.STERADIAN.) SOLID_ANGLE_UNIT() );
#7749 = UNCERTAINTY_MEASURE_WITH_UNIT(LENGTH_MEASURE(2.E-06),#7746,
  'distance_accuracy_value','confusion accuracy');
#7750 = PRODUCT_RELATED_PRODUCT_CATEGORY('part',$,(#7));
ENDSEC;
END-ISO-10303-21;
