ISO-10303-21;
HEADER;
FILE_DESCRIPTION(('FreeCAD Model'),'2;1');
FILE_NAME('Open CASCADE Shape Model','2026-08-12T19:57:47',('FreeCAD'),(
    'FreeCAD'),'Open CASCADE STEP processor 7.8','FreeCAD','Unknown');
FILE_SCHEMA(('AUTOMOTIVE_DESIGN { 1 0 10303 214 1 1 1 1 }'));
ENDSEC;
DATA;
#1 = APPLICATION_PROTOCOL_DEFINITION('international standard',
  'automotive_design',2000,#2);
#2 = APPLICATION_CONTEXT(
  'core data for automotive mechanical design processes');
#3 = SHAPE_DEFINITION_REPRESENTATION(#4,#10);
#4 = PRODUCT_DEFINITION_SHAPE('','',#5);
#5 = PRODUCT_DEFINITION('design','',#6,#9);
#6 = PRODUCT_DEFINITION_FORMATION('','',#7);
#7 = PRODUCT('Open CASCADE STEP translator 7.8 2',
  'Open CASCADE STEP translator 7.8 2','',(#8));
#8 = PRODUCT_CONTEXT('',#2,'mechanical');
#9 = PRODUCT_DEFINITION_CONTEXT('part definition',#2,'design');
#10 = SHAPE_REPRESENTATION('',(#11,#15,#3134,#4141,#5148),#5844);
#11 = AXIS2_PLACEMENT_3D('',#12,#13,#14);
#12 = CARTESIAN_POINT('',(0.,0.,0.));
#13 = DIRECTION('',(0.,0.,1.));
#14 = DIRECTION('',(1.,0.,-0.));
#15 = MANIFOLD_SOLID_BREP('',#16);
#16 = CLOSED_SHELL('',(#17,#68,#136,#169,#202,#254,#685,#702,#749,#773,
    #786,#817,#834,#851,#891,#931,#964,#1016,#1034,#1092,#1116,#1145,
    #1193,#1239,#1257,#1298,#1324,#1349,#1375,#1402,#1433,#1458,#1505,
    #1545,#1578,#1605,#1621,#1654,#1665,#1690,#1721,#1739,#1764,#1781,
    #1806,#1871,#1896,#1929,#1954,#1978,#2007,#2032,#2065,#2082,#2107,
    #2132,#2163,#2174,#2191,#2224,#2241,#2274,#2298,#2315,#2355,#2399,
    #2432,#2471,#2488,#2505,#2522,#2534,#2565,#2577,#2602,#2628,#2676,
    #2710,#2736,#2761,#2794,#2811,#2849,#2874,#2885,#2896,#2921,#2938,
    #2962,#2979,#3003,#3034,#3052,#3069,#3087,#3105,#3123));
#17 = ADVANCED_FACE('',(#18),#63,.F.);
#18 = FACE_BOUND('',#19,.F.);
#19 = EDGE_LOOP('',(#20,#30,#41,#49,#57));
#20 = ORIENTED_EDGE('',*,*,#21,.F.);
#21 = EDGE_CURVE('',#22,#24,#26,.T.);
#22 = VERTEX_POINT('',#23);
#23 = CARTESIAN_POINT('',(9.,1.8,10.179368149169));
#24 = VERTEX_POINT('',#25);
#25 = CARTESIAN_POINT('',(9.,1.8,14.2));
#26 = LINE('',#27,#28);
#27 = CARTESIAN_POINT('',(9.,1.8,8.));
#28 = VECTOR('',#29,1.);
#29 = DIRECTION('',(0.,0.,1.));
#30 = ORIENTED_EDGE('',*,*,#31,.T.);
#31 = EDGE_CURVE('',#22,#32,#34,.T.);
#32 = VERTEX_POINT('',#33);
#33 = CARTESIAN_POINT('',(9.,2.181270601357,9.8));
#34 = B_SPLINE_CURVE_WITH_KNOTS('',5,(#35,#36,#37,#38,#39,#40),
  .UNSPECIFIED.,.F.,.F.,(6,6),(0.,1.),.PIECEWISE_BEZIER_KNOTS.);
#35 = CARTESIAN_POINT('',(9.,1.8,10.179368149169));
#36 = CARTESIAN_POINT('',(9.,1.882118247289,10.110580760103));
#37 = CARTESIAN_POINT('',(9.,1.961595535078,10.038177022034));
#38 = CARTESIAN_POINT('',(9.,2.038147482385,9.962210701852));
#39 = CARTESIAN_POINT('',(9.,2.111473457925,9.882771674872));
#40 = CARTESIAN_POINT('',(9.,2.181270601357,9.8));
#41 = ORIENTED_EDGE('',*,*,#42,.T.);
#42 = EDGE_CURVE('',#32,#43,#45,.T.);
#43 = VERTEX_POINT('',#44);
#44 = CARTESIAN_POINT('',(9.,3.2,9.8));
#45 = LINE('',#46,#47);
#46 = CARTESIAN_POINT('',(9.,0.,9.8));
#47 = VECTOR('',#48,1.);
#48 = DIRECTION('',(0.,1.,0.));
#49 = ORIENTED_EDGE('',*,*,#50,.T.);
#50 = EDGE_CURVE('',#43,#51,#53,.T.);
#51 = VERTEX_POINT('',#52);
#52 = CARTESIAN_POINT('',(9.,3.2,14.2));
#53 = LINE('',#54,#55);
#54 = CARTESIAN_POINT('',(9.,3.2,8.));
#55 = VECTOR('',#56,1.);
#56 = DIRECTION('',(0.,0.,1.));
#57 = ORIENTED_EDGE('',*,*,#58,.F.);
#58 = EDGE_CURVE('',#24,#51,#59,.T.);
#59 = LINE('',#60,#61);
#60 = CARTESIAN_POINT('',(9.,0.,14.2));
#61 = VECTOR('',#62,1.);
#62 = DIRECTION('',(0.,1.,0.));
#63 = PLANE('',#64);
#64 = AXIS2_PLACEMENT_3D('',#65,#66,#67);
#65 = CARTESIAN_POINT('',(9.,0.,8.));
#66 = DIRECTION('',(1.,0.,0.));
#67 = DIRECTION('',(0.,0.,1.));
#68 = ADVANCED_FACE('',(#69),#131,.T.);
#69 = FACE_BOUND('',#70,.T.);
#70 = EDGE_LOOP('',(#71,#72,#99,#107,#116,#124));
#71 = ORIENTED_EDGE('',*,*,#21,.F.);
#72 = ORIENTED_EDGE('',*,*,#73,.F.);
#73 = EDGE_CURVE('',#74,#22,#76,.T.);
#74 = VERTEX_POINT('',#75);
#75 = CARTESIAN_POINT('',(9.887088845815,0.248680166901,10.987542342102)
  );
#76 = B_SPLINE_CURVE_WITH_KNOTS('',6,(#77,#78,#79,#80,#81,#82,#83,#84,
    #85,#86,#87,#88,#89,#90,#91,#92,#93,#94,#95,#96,#97,#98),
  .UNSPECIFIED.,.F.,.F.,(7,5,5,5,7),(0.,0.269589370248,0.511864581417,
    0.652648189305,1.),.UNSPECIFIED.);
#77 = CARTESIAN_POINT('',(9.887088845815,0.248680166901,10.987542342102)
  );
#78 = CARTESIAN_POINT('',(9.809666941101,0.294240933214,10.980557769841)
  );
#79 = CARTESIAN_POINT('',(9.733889814218,0.345076160093,10.970837847443)
  );
#80 = CARTESIAN_POINT('',(9.660487780685,0.401083813193,10.957930610843)
  );
#81 = CARTESIAN_POINT('',(9.590238303237,0.461965906519,10.941432126252)
  );
#82 = CARTESIAN_POINT('',(9.523906885989,0.527163934113,10.921077089918)
  );
#83 = CARTESIAN_POINT('',(9.406623566833,0.657464489709,10.875168673494)
  );
#84 = CARTESIAN_POINT('',(9.354761910232,0.721943485857,10.850338277457)
  );
#85 = CARTESIAN_POINT('',(9.307022331954,0.788593175137,10.822422135676)
  );
#86 = CARTESIAN_POINT('',(9.263628112021,0.856753415122,10.791563155428)
  );
#87 = CARTESIAN_POINT('',(9.224627948934,0.925803724785,10.758000816223)
  );
#88 = CARTESIAN_POINT('',(9.169794794514,1.035498555878,10.701127975441)
  );
#89 = CARTESIAN_POINT('',(9.151096196685,1.075934533473,10.67940776142)
  );
#90 = CARTESIAN_POINT('',(9.133832748422,1.116391388959,10.656921374862)
  );
#91 = CARTESIAN_POINT('',(9.117971354101,1.156783283106,10.633722179032)
  );
#92 = CARTESIAN_POINT('',(9.103469637676,1.197037868553,10.609862223486)
  );
#93 = CARTESIAN_POINT('',(9.057740879414,1.335930718914,10.525008330935)
  );
#94 = CARTESIAN_POINT('',(9.033209109121,1.433523468711,10.460924970736)
  );
#95 = CARTESIAN_POINT('',(9.015934698656,1.529086509162,10.393807760958)
  );
#96 = CARTESIAN_POINT('',(9.005107571014,1.622147242354,10.324250521445)
  );
#97 = CARTESIAN_POINT('',(9.,1.712469371704,10.252689287681));
#98 = CARTESIAN_POINT('',(9.,1.8,10.179368149169));
#99 = ORIENTED_EDGE('',*,*,#100,.F.);
#100 = EDGE_CURVE('',#101,#74,#103,.T.);
#101 = VERTEX_POINT('',#102);
#102 = CARTESIAN_POINT('',(9.887088845815,0.248680166901,9.8));
#103 = LINE('',#104,#105);
#104 = CARTESIAN_POINT('',(9.887088845815,0.248680166901,8.));
#105 = VECTOR('',#106,1.);
#106 = DIRECTION('',(0.,0.,1.));
#107 = ORIENTED_EDGE('',*,*,#108,.T.);
#108 = EDGE_CURVE('',#101,#109,#111,.T.);
#109 = VERTEX_POINT('',#110);
#110 = CARTESIAN_POINT('',(10.8,-2.22044604925E-16,9.8));
#111 = CIRCLE('',#112,1.8);
#112 = AXIS2_PLACEMENT_3D('',#113,#114,#115);
#113 = CARTESIAN_POINT('',(10.8,1.8,9.8));
#114 = DIRECTION('',(0.,0.,1.));
#115 = DIRECTION('',(-1.,0.,0.));
#116 = ORIENTED_EDGE('',*,*,#117,.T.);
#117 = EDGE_CURVE('',#109,#118,#120,.T.);
#118 = VERTEX_POINT('',#119);
#119 = CARTESIAN_POINT('',(10.8,-2.22044604925E-16,14.2));
#120 = LINE('',#121,#122);
#121 = CARTESIAN_POINT('',(10.8,-2.22044604925E-16,8.));
#122 = VECTOR('',#123,1.);
#123 = DIRECTION('',(0.,0.,1.));
#124 = ORIENTED_EDGE('',*,*,#125,.F.);
#125 = EDGE_CURVE('',#24,#118,#126,.T.);
#126 = CIRCLE('',#127,1.8);
#127 = AXIS2_PLACEMENT_3D('',#128,#129,#130);
#128 = CARTESIAN_POINT('',(10.8,1.8,14.2));
#129 = DIRECTION('',(0.,0.,1.));
#130 = DIRECTION('',(-1.,0.,0.));
#131 = CYLINDRICAL_SURFACE('',#132,1.8);
#132 = AXIS2_PLACEMENT_3D('',#133,#134,#135);
#133 = CARTESIAN_POINT('',(10.8,1.8,8.));
#134 = DIRECTION('',(0.,0.,1.));
#135 = DIRECTION('',(-1.,0.,0.));
#136 = ADVANCED_FACE('',(#137),#164,.T.);
#137 = FACE_BOUND('',#138,.T.);
#138 = EDGE_LOOP('',(#139,#148,#156,#163));
#139 = ORIENTED_EDGE('',*,*,#140,.F.);
#140 = EDGE_CURVE('',#141,#24,#143,.T.);
#141 = VERTEX_POINT('',#142);
#142 = CARTESIAN_POINT('',(10.8,1.8,16.));
#143 = CIRCLE('',#144,1.8);
#144 = AXIS2_PLACEMENT_3D('',#145,#146,#147);
#145 = CARTESIAN_POINT('',(10.8,1.8,14.2));
#146 = DIRECTION('',(0.,-1.,0.));
#147 = DIRECTION('',(-1.,0.,0.));
#148 = ORIENTED_EDGE('',*,*,#149,.T.);
#149 = EDGE_CURVE('',#141,#150,#152,.T.);
#150 = VERTEX_POINT('',#151);
#151 = CARTESIAN_POINT('',(10.8,3.2,16.));
#152 = LINE('',#153,#154);
#153 = CARTESIAN_POINT('',(10.8,0.,16.));
#154 = VECTOR('',#155,1.);
#155 = DIRECTION('',(0.,1.,0.));
#156 = ORIENTED_EDGE('',*,*,#157,.F.);
#157 = EDGE_CURVE('',#51,#150,#158,.T.);
#158 = CIRCLE('',#159,1.8);
#159 = AXIS2_PLACEMENT_3D('',#160,#161,#162);
#160 = CARTESIAN_POINT('',(10.8,3.2,14.2));
#161 = DIRECTION('',(0.,1.,-0.));
#162 = DIRECTION('',(-1.,0.,0.));
#163 = ORIENTED_EDGE('',*,*,#58,.F.);
#164 = CYLINDRICAL_SURFACE('',#165,1.8);
#165 = AXIS2_PLACEMENT_3D('',#166,#167,#168);
#166 = CARTESIAN_POINT('',(10.8,0.,14.2));
#167 = DIRECTION('',(0.,1.,0.));
#168 = DIRECTION('',(-1.,0.,0.));
#169 = ADVANCED_FACE('',(#170),#197,.T.);
#170 = FACE_BOUND('',#171,.F.);
#171 = EDGE_LOOP('',(#172,#173,#182,#190));
#172 = ORIENTED_EDGE('',*,*,#50,.F.);
#173 = ORIENTED_EDGE('',*,*,#174,.T.);
#174 = EDGE_CURVE('',#43,#175,#177,.T.);
#175 = VERTEX_POINT('',#176);
#176 = CARTESIAN_POINT('',(10.8,5.,9.8));
#177 = CIRCLE('',#178,1.8);
#178 = AXIS2_PLACEMENT_3D('',#179,#180,#181);
#179 = CARTESIAN_POINT('',(10.8,3.2,9.8));
#180 = DIRECTION('',(0.,0.,-1.));
#181 = DIRECTION('',(-1.,0.,0.));
#182 = ORIENTED_EDGE('',*,*,#183,.T.);
#183 = EDGE_CURVE('',#175,#184,#186,.T.);
#184 = VERTEX_POINT('',#185);
#185 = CARTESIAN_POINT('',(10.8,5.,14.2));
#186 = LINE('',#187,#188);
#187 = CARTESIAN_POINT('',(10.8,5.,8.));
#188 = VECTOR('',#189,1.);
#189 = DIRECTION('',(0.,0.,1.));
#190 = ORIENTED_EDGE('',*,*,#191,.T.);
#191 = EDGE_CURVE('',#184,#51,#192,.T.);
#192 = CIRCLE('',#193,1.8);
#193 = AXIS2_PLACEMENT_3D('',#194,#195,#196);
#194 = CARTESIAN_POINT('',(10.8,3.2,14.2));
#195 = DIRECTION('',(0.,0.,1.));
#196 = DIRECTION('',(-1.,0.,0.));
#197 = CYLINDRICAL_SURFACE('',#198,1.8);
#198 = AXIS2_PLACEMENT_3D('',#199,#200,#201);
#199 = CARTESIAN_POINT('',(10.8,3.2,8.));
#200 = DIRECTION('',(0.,0.,1.));
#201 = DIRECTION('',(-1.,0.,0.));
#202 = ADVANCED_FACE('',(#203),#249,.T.);
#203 = FACE_BOUND('',#204,.F.);
#204 = EDGE_LOOP('',(#205,#216,#224,#231,#232,#242));
#205 = ORIENTED_EDGE('',*,*,#206,.F.);
#206 = EDGE_CURVE('',#207,#209,#211,.T.);
#207 = VERTEX_POINT('',#208);
#208 = CARTESIAN_POINT('',(10.8,1.8,8.));
#209 = VERTEX_POINT('',#210);
#210 = CARTESIAN_POINT('',(9.182725023611,1.8,9.009796449801));
#211 = CIRCLE('',#212,1.8);
#212 = AXIS2_PLACEMENT_3D('',#213,#214,#215);
#213 = CARTESIAN_POINT('',(10.8,1.8,9.8));
#214 = DIRECTION('',(0.,1.,-0.));
#215 = DIRECTION('',(-1.,0.,0.));
#216 = ORIENTED_EDGE('',*,*,#217,.T.);
#217 = EDGE_CURVE('',#207,#218,#220,.T.);
#218 = VERTEX_POINT('',#219);
#219 = CARTESIAN_POINT('',(10.8,3.2,8.));
#220 = LINE('',#221,#222);
#221 = CARTESIAN_POINT('',(10.8,0.,8.));
#222 = VECTOR('',#223,1.);
#223 = DIRECTION('',(0.,1.,0.));
#224 = ORIENTED_EDGE('',*,*,#225,.T.);
#225 = EDGE_CURVE('',#218,#43,#226,.T.);
#226 = CIRCLE('',#227,1.8);
#227 = AXIS2_PLACEMENT_3D('',#228,#229,#230);
#228 = CARTESIAN_POINT('',(10.8,3.2,9.8));
#229 = DIRECTION('',(0.,1.,-0.));
#230 = DIRECTION('',(-1.,0.,0.));
#231 = ORIENTED_EDGE('',*,*,#42,.F.);
#232 = ORIENTED_EDGE('',*,*,#233,.T.);
#233 = EDGE_CURVE('',#32,#234,#236,.T.);
#234 = VERTEX_POINT('',#235);
#235 = CARTESIAN_POINT('',(9.000171160041,2.202064132538,9.775177694478)
  );
#236 = B_SPLINE_CURVE_WITH_KNOTS('',3,(#237,#238,#239,#240,#241),
  .UNSPECIFIED.,.F.,.F.,(4,1,4),(0.,0.489632779826,1.),.UNSPECIFIED.);
#237 = CARTESIAN_POINT('',(9.,2.181270601357,9.8));
#238 = CARTESIAN_POINT('',(9.,2.184677107029,9.795960261894));
#239 = CARTESIAN_POINT('',(9.000027764342,2.191620263328,9.787699604089)
  );
#240 = CARTESIAN_POINT('',(9.0001127582,2.19854003537,9.779412325998));
#241 = CARTESIAN_POINT('',(9.000171160041,2.202064132538,9.775177694478)
  );
#242 = ORIENTED_EDGE('',*,*,#243,.F.);
#243 = EDGE_CURVE('',#209,#234,#244,.T.);
#244 = ELLIPSE('',#245,4.35389706626,1.8);
#245 = AXIS2_PLACEMENT_3D('',#246,#247,#248);
#246 = CARTESIAN_POINT('',(10.8,-1.761952881958,9.8));
#247 = DIRECTION('',(0.910539207536,0.413422727411,8.897474479973E-16));
#248 = DIRECTION('',(-0.413422727411,0.910539207536,-4.039824025298E-16)
  );
#249 = CYLINDRICAL_SURFACE('',#250,1.8);
#250 = AXIS2_PLACEMENT_3D('',#251,#252,#253);
#251 = CARTESIAN_POINT('',(10.8,0.,9.8));
#252 = DIRECTION('',(0.,1.,0.));
#253 = DIRECTION('',(-1.,0.,0.));
#254 = ADVANCED_FACE('',(#255),#376,.T.);
#255 = FACE_BOUND('',#256,.T.);
#256 = EDGE_LOOP('',(#257,#271,#320,#330,#331,#332,#333,#343,#344,#356)
  );
#257 = ORIENTED_EDGE('',*,*,#258,.T.);
#258 = EDGE_CURVE('',#259,#261,#263,.T.);
#259 = VERTEX_POINT('',#260);
#260 = CARTESIAN_POINT('',(-9.829621795174,0.28396367471,10.981666631058
    ));
#261 = VERTEX_POINT('',#262);
#262 = CARTESIAN_POINT('',(-8.456512733717,2.572478777138,8.));
#263 = ( BOUNDED_CURVE() B_SPLINE_CURVE(6,(#264,#265,#266,#267,#268,#269
,#270),.UNSPECIFIED.,.T.,.F.) B_SPLINE_CURVE_WITH_KNOTS((1,6,6,1),(
    -6.28318530718,0.,6.28318530718,12.566370614359),.UNSPECIFIED.) 
CURVE() GEOMETRIC_REPRESENTATION_ITEM() RATIONAL_B_SPLINE_CURVE((
    1.669078461068,1.03672962321,1.038346699848,0.853534330196,
1.038346699848,1.03672962321,1.669078461068)) REPRESENTATION_ITEM('') );
#264 = CARTESIAN_POINT('',(-8.456512733717,2.572478777138,8.));
#265 = CARTESIAN_POINT('',(-8.456512733717,2.572478777138,
    12.984629226713));
#266 = CARTESIAN_POINT('',(-11.62768170379,-2.712802839654,
    13.700337149737));
#267 = CARTESIAN_POINT('',(-14.24322696109,-7.072044935164,8.));
#268 = CARTESIAN_POINT('',(-11.62768170379,-2.712802839654,
    2.299662850263));
#269 = CARTESIAN_POINT('',(-8.456512733717,2.572478777138,3.015370773287
    ));
#270 = CARTESIAN_POINT('',(-8.456512733717,2.572478777138,8.));
#271 = ORIENTED_EDGE('',*,*,#272,.T.);
#272 = EDGE_CURVE('',#261,#273,#275,.T.);
#273 = VERTEX_POINT('',#274);
#274 = CARTESIAN_POINT('',(8.759731817767,2.731617622608,8.));
#275 = ( BOUNDED_CURVE() B_SPLINE_CURVE(8,(#276,#277,#278,#279,#280,#281
    ,#282,#283,#284,#285,#286,#287,#288,#289,#290,#291,#292,#293,#294,
    #295,#296,#297,#298,#299,#300,#301,#302,#303,#304,#305,#306,#307,
    #308,#309,#310,#311,#312,#313,#314,#315,#316,#317,#318,#319),
.UNSPECIFIED.,.F.,.F.) B_SPLINE_CURVE_WITH_KNOTS((9,7,7,7,7,7,9),(0.,
    3.498571136907,7.529700011056,11.169754955697,14.809809900337,
18.840938774486,22.339509911393),.UNSPECIFIED.) CURVE() 
GEOMETRIC_REPRESENTATION_ITEM() RATIONAL_B_SPLINE_CURVE((1.669078461068,
    1.669078461068,1.669078461068,1.669078461068,1.669078461068,
    1.669078461068,1.669078461068,1.669078461068,1.669078461068,
    1.669078461068,1.669078461068,1.669078461068,1.669078461068,
    1.669078461068,1.669078461068,1.669078461068,1.669078461068,
    1.669078461068,1.669078461068,1.669078461068,1.669078461068,
    1.669078461068,1.669078461068,1.669078461068,1.669078461068,
    1.669078461068,1.669078461068,1.669078461068,1.669078461068,
    1.669078461068,1.669078461068,1.669078461068,1.669078461068,
    1.669078461068,1.669078461068,1.669078461068,1.669078461068,
    1.669078461068,1.669078461068,1.669078461068,1.669078461068,
1.669078461068,1.669078461068,1.669078461068)) REPRESENTATION_ITEM('') 
  );
#276 = CARTESIAN_POINT('',(-8.456512733717,2.572478777138,8.));
#277 = CARTESIAN_POINT('',(-8.012527397325,2.334943718448,8.));
#278 = CARTESIAN_POINT('',(-7.583561864234,2.090893177036,8.));
#279 = CARTESIAN_POINT('',(-7.168237023461,1.843381341461,8.));
#280 = CARTESIAN_POINT('',(-6.765268034863,1.595118390631,8.));
#281 = CARTESIAN_POINT('',(-6.373565084028,1.348613234989,8.));
#282 = CARTESIAN_POINT('',(-5.992293496422,1.106261471801,8.));
#283 = CARTESIAN_POINT('',(-5.620893210785,0.870378554521,8.));
#284 = CARTESIAN_POINT('',(-4.842142856066,0.381393016176,8.));
#285 = CARTESIAN_POINT('',(-4.433089579783,0.127688393023,8.));
#286 = CARTESIAN_POINT('',(-4.030149156992,-0.116839437641,8.));
#287 = CARTESIAN_POINT('',(-3.631553044284,-0.35129629108,8.));
#288 = CARTESIAN_POINT('',(-3.235469393436,-0.575020609314,8.));
#289 = CARTESIAN_POINT('',(-2.839952551362,-0.787573198004,8.));
#290 = CARTESIAN_POINT('',(-2.442885447361,-0.988686144322,8.));
#291 = CARTESIAN_POINT('',(-1.679843848131,-1.349273105971,8.));
#292 = CARTESIAN_POINT('',(-1.332403691876,-1.500987080032,8.));
#293 = CARTESIAN_POINT('',(-1.002737754741,-1.6279459681,8.));
#294 = CARTESIAN_POINT('',(-0.696410650568,-1.725113483607,8.));
#295 = CARTESIAN_POINT('',(-0.419155473797,-1.789252803764,8.));
#296 = CARTESIAN_POINT('',(-0.180957968033,-1.818590116439,8.));
#297 = CARTESIAN_POINT('',(1.335543725621E-02,-1.821458920455,8.));
#298 = CARTESIAN_POINT('',(0.32908723688,-1.788321299359,8.));
#299 = CARTESIAN_POINT('',(0.519735872176,-1.75627255689,8.));
#300 = CARTESIAN_POINT('',(0.75213335339,-1.702817246467,8.));
#301 = CARTESIAN_POINT('',(1.023211104815,-1.619337101,8.));
#302 = CARTESIAN_POINT('',(1.323623004432,-1.506667353772,8.));
#303 = CARTESIAN_POINT('',(1.648081147205,-1.367581355706,8.));
#304 = CARTESIAN_POINT('',(1.991259941495,-1.206659398595,8.));
#305 = CARTESIAN_POINT('',(2.747706624028,-0.832435060062,8.));
#306 = CARTESIAN_POINT('',(3.141454193853,-0.624943527966,8.));
#307 = CARTESIAN_POINT('',(3.533906873454,-0.406861344003,8.));
#308 = CARTESIAN_POINT('',(3.927283570066,-0.178490266425,8.));
#309 = CARTESIAN_POINT('',(4.323613370569,5.97173158831E-02,8.));
#310 = CARTESIAN_POINT('',(4.724786957506,0.30710106843,8.));
#311 = CARTESIAN_POINT('',(5.132605610535,0.562776759803,8.));
#312 = CARTESIAN_POINT('',(5.910062316094,1.053816516509,8.));
#313 = CARTESIAN_POINT('',(6.281541927242,1.289565502674,8.));
#314 = CARTESIAN_POINT('',(6.663576291933,1.530721250317,8.));
#315 = CARTESIAN_POINT('',(7.056715273357,1.774966396742,8.));
#316 = CARTESIAN_POINT('',(7.461772425604,2.019872662226,8.));
#317 = CARTESIAN_POINT('',(7.879801867114,2.262870115962,8.));
#318 = CARTESIAN_POINT('',(8.312028534641,2.501166644489,8.));
#319 = CARTESIAN_POINT('',(8.759731817767,2.731617622608,8.));
#320 = ORIENTED_EDGE('',*,*,#321,.F.);
#321 = EDGE_CURVE('',#74,#273,#322,.T.);
#322 = ( BOUNDED_CURVE() B_SPLINE_CURVE(6,(#323,#324,#325,#326,#327,#328
,#329),.UNSPECIFIED.,.T.,.F.) B_SPLINE_CURVE_WITH_KNOTS((1,6,6,1),(
    -6.28318530718,0.,6.28318530718,12.566370614359),.UNSPECIFIED.) 
CURVE() GEOMETRIC_REPRESENTATION_ITEM() RATIONAL_B_SPLINE_CURVE((
    1.669078461068,1.03672962321,1.038346699848,0.853534330196,
1.038346699848,1.03672962321,1.669078461068)) REPRESENTATION_ITEM('') );
#323 = CARTESIAN_POINT('',(8.759731817767,2.731617622608,8.));
#324 = CARTESIAN_POINT('',(8.759731817767,2.731617622608,12.984629226713
    ));
#325 = CARTESIAN_POINT('',(11.307922567368,-2.88062242119,
    13.700337149737));
#326 = CARTESIAN_POINT('',(13.409642246365,-7.509536228036,8.));
#327 = CARTESIAN_POINT('',(11.307922567368,-2.88062242119,2.299662850263
    ));
#328 = CARTESIAN_POINT('',(8.759731817767,2.731617622608,3.015370773287)
  );
#329 = CARTESIAN_POINT('',(8.759731817767,2.731617622608,8.));
#330 = ORIENTED_EDGE('',*,*,#73,.T.);
#331 = ORIENTED_EDGE('',*,*,#31,.T.);
#332 = ORIENTED_EDGE('',*,*,#233,.T.);
#333 = ORIENTED_EDGE('',*,*,#334,.F.);
#334 = EDGE_CURVE('',#273,#234,#335,.T.);
#335 = ( BOUNDED_CURVE() B_SPLINE_CURVE(6,(#336,#337,#338,#339,#340,#341
,#342),.UNSPECIFIED.,.T.,.F.) B_SPLINE_CURVE_WITH_KNOTS((1,6,6,1),(
    -6.28318530718,0.,6.28318530718,12.566370614359),.UNSPECIFIED.) 
CURVE() GEOMETRIC_REPRESENTATION_ITEM() RATIONAL_B_SPLINE_CURVE((
    1.669078461068,1.03672962321,1.038346699848,0.853534330196,
1.038346699848,1.03672962321,1.669078461068)) REPRESENTATION_ITEM('') );
#336 = CARTESIAN_POINT('',(8.759731817767,2.731617622608,8.));
#337 = CARTESIAN_POINT('',(8.759731817767,2.731617622608,12.984629226713
    ));
#338 = CARTESIAN_POINT('',(11.307922567368,-2.88062242119,
    13.700337149737));
#339 = CARTESIAN_POINT('',(13.409642246365,-7.509536228036,8.));
#340 = CARTESIAN_POINT('',(11.307922567368,-2.88062242119,2.299662850263
    ));
#341 = CARTESIAN_POINT('',(8.759731817767,2.731617622608,3.015370773287)
  );
#342 = CARTESIAN_POINT('',(8.759731817767,2.731617622608,8.));
#343 = ORIENTED_EDGE('',*,*,#272,.F.);
#344 = ORIENTED_EDGE('',*,*,#345,.T.);
#345 = EDGE_CURVE('',#261,#346,#348,.T.);
#346 = VERTEX_POINT('',#347);
#347 = CARTESIAN_POINT('',(-9.005672322473,1.657212795878,
    10.294549676708));
#348 = ( BOUNDED_CURVE() B_SPLINE_CURVE(6,(#349,#350,#351,#352,#353,#354
,#355),.UNSPECIFIED.,.T.,.F.) B_SPLINE_CURVE_WITH_KNOTS((1,6,6,1),(
    -6.28318530718,0.,6.28318530718,12.566370614359),.UNSPECIFIED.) 
CURVE() GEOMETRIC_REPRESENTATION_ITEM() RATIONAL_B_SPLINE_CURVE((
    1.669078461068,1.03672962321,1.038346699848,0.853534330196,
1.038346699848,1.03672962321,1.669078461068)) REPRESENTATION_ITEM('') );
#349 = CARTESIAN_POINT('',(-8.456512733717,2.572478777138,8.));
#350 = CARTESIAN_POINT('',(-8.456512733717,2.572478777138,
    12.984629226713));
#351 = CARTESIAN_POINT('',(-11.62768170379,-2.712802839654,
    13.700337149737));
#352 = CARTESIAN_POINT('',(-14.24322696109,-7.072044935164,8.));
#353 = CARTESIAN_POINT('',(-11.62768170379,-2.712802839654,
    2.299662850263));
#354 = CARTESIAN_POINT('',(-8.456512733717,2.572478777138,3.015370773287
    ));
#355 = CARTESIAN_POINT('',(-8.456512733717,2.572478777138,8.));
#356 = ORIENTED_EDGE('',*,*,#357,.T.);
#357 = EDGE_CURVE('',#346,#259,#358,.T.);
#358 = B_SPLINE_CURVE_WITH_KNOTS('',6,(#359,#360,#361,#362,#363,#364,
    #365,#366,#367,#368,#369,#370,#371,#372,#373,#374,#375),
  .UNSPECIFIED.,.F.,.F.,(7,5,5,7),(0.,0.364092952722,0.596708414248,1.),
  .UNSPECIFIED.);
#359 = CARTESIAN_POINT('',(-9.005672322473,1.657212795878,
    10.294549676708));
#360 = CARTESIAN_POINT('',(-9.012217996366,1.574956938949,
    10.358395072316));
#361 = CARTESIAN_POINT('',(-9.023488264624,1.490550526477,10.42052567518
    ));
#362 = CARTESIAN_POINT('',(-9.039998445218,1.404079016288,
    10.480710454509));
#363 = CARTESIAN_POINT('',(-9.062343423252,1.31578871571,10.538573714773
    ));
#364 = CARTESIAN_POINT('',(-9.091165564696,1.226125305071,10.59362525295
    ));
#365 = CARTESIAN_POINT('',(-9.149946706494,1.078071795507,
    10.678368222852));
#366 = CARTESIAN_POINT('',(-9.175732540222,1.020092346861,10.71003206628
    ));
#367 = CARTESIAN_POINT('',(-9.204524781985,0.962051986953,
    10.740175166309));
#368 = CARTESIAN_POINT('',(-9.236435364418,0.904217641131,
    10.768632572203));
#369 = CARTESIAN_POINT('',(-9.271514288883,0.846915403049,
    10.795246199356));
#370 = CARTESIAN_POINT('',(-9.375933784869,0.69276072639,10.862608773835
    ));
#371 = CARTESIAN_POINT('',(-9.451670232447,0.597525842037,
    10.899494362181));
#372 = CARTESIAN_POINT('',(-9.536410780818,0.507279769228,
    10.929628604552));
#373 = CARTESIAN_POINT('',(-9.628944388085,0.424060304245,
    10.952911640848));
#374 = CARTESIAN_POINT('',(-9.727451343795,0.349360510882,10.96993685504
    ));
#375 = CARTESIAN_POINT('',(-9.829621795174,0.28396367471,10.981666631058
    ));
#376 = ( BOUNDED_SURFACE() B_SPLINE_SURFACE(6,8,(
    (#377,#378,#379,#380,#381,#382,#383,#384,#385,#386,#387,#388,#389
      ,#390,#391,#392,#393,#394,#395,#396,#397,#398,#399,#400,#401,#402
      ,#403,#404,#405,#406,#407,#408,#409,#410,#411,#412,#413,#414,#415
      ,#416,#417,#418,#419,#420)
    ,(#421,#422,#423,#424,#425,#426,#427,#428,#429,#430,#431,#432,#433
      ,#434,#435,#436,#437,#438,#439,#440,#441,#442,#443,#444,#445,#446
      ,#447,#448,#449,#450,#451,#452,#453,#454,#455,#456,#457,#458,#459
      ,#460,#461,#462,#463,#464)
    ,(#465,#466,#467,#468,#469,#470,#471,#472,#473,#474,#475,#476,#477
      ,#478,#479,#480,#481,#482,#483,#484,#485,#486,#487,#488,#489,#490
      ,#491,#492,#493,#494,#495,#496,#497,#498,#499,#500,#501,#502,#503
      ,#504,#505,#506,#507,#508)
    ,(#509,#510,#511,#512,#513,#514,#515,#516,#517,#518,#519,#520,#521
      ,#522,#523,#524,#525,#526,#527,#528,#529,#530,#531,#532,#533,#534
      ,#535,#536,#537,#538,#539,#540,#541,#542,#543,#544,#545,#546,#547
      ,#548,#549,#550,#551,#552)
    ,(#553,#554,#555,#556,#557,#558,#559,#560,#561,#562,#563,#564,#565
      ,#566,#567,#568,#569,#570,#571,#572,#573,#574,#575,#576,#577,#578
      ,#579,#580,#581,#582,#583,#584,#585,#586,#587,#588,#589,#590,#591
      ,#592,#593,#594,#595,#596)
    ,(#597,#598,#599,#600,#601,#602,#603,#604,#605,#606,#607,#608,#609
      ,#610,#611,#612,#613,#614,#615,#616,#617,#618,#619,#620,#621,#622
      ,#623,#624,#625,#626,#627,#628,#629,#630,#631,#632,#633,#634,#635
      ,#636,#637,#638,#639,#640)
    ,(#641,#642,#643,#644,#645,#646,#647,#648,#649,#650,#651,#652,#653
      ,#654,#655,#656,#657,#658,#659,#660,#661,#662,#663,#664,#665,#666
      ,#667,#668,#669,#670,#671,#672,#673,#674,#675,#676,#677,#678,#679
      ,#680,#681,#682,#683,#684
)),.UNSPECIFIED.,.T.,.F.,.F.) B_SPLINE_SURFACE_WITH_KNOTS((1,6,6,1),(9,7
    ,7,7,7,7,9),(-6.28318530718,0.,6.28318530718,12.566370614359),(0.,
    3.498571136907,7.529700011056,11.169754955697,14.809809900337,
    18.840938774486,22.339509911393),.UNSPECIFIED.) 
GEOMETRIC_REPRESENTATION_ITEM() RATIONAL_B_SPLINE_SURFACE((
    (1.669078461068,1.669078461068,1.669078461068,1.669078461068
      ,1.669078461068,1.669078461068,1.669078461068,1.669078461068
      ,1.669078461068,1.669078461068,1.669078461068,1.669078461068
      ,1.669078461068,1.669078461068,1.669078461068,1.669078461068
      ,1.669078461068,1.669078461068,1.669078461068,1.669078461068
      ,1.669078461068,1.669078461068,1.669078461068,1.669078461068
      ,1.669078461068,1.669078461068,1.669078461068,1.669078461068
      ,1.669078461068,1.669078461068,1.669078461068,1.669078461068
      ,1.669078461068,1.669078461068,1.669078461068,1.669078461068
      ,1.669078461068,1.669078461068,1.669078461068,1.669078461068
      ,1.669078461068,1.669078461068,1.669078461068,1.669078461068)
    ,(1.03672962321,1.03672962321,1.03672962321,1.03672962321
      ,1.03672962321,1.03672962321,1.03672962321,1.03672962321
      ,1.03672962321,1.03672962321,1.03672962321,1.03672962321
      ,1.03672962321,1.03672962321,1.03672962321,1.03672962321
      ,1.03672962321,1.03672962321,1.03672962321,1.03672962321
      ,1.03672962321,1.03672962321,1.03672962321,1.03672962321
      ,1.03672962321,1.03672962321,1.03672962321,1.03672962321
      ,1.03672962321,1.03672962321,1.03672962321,1.03672962321
      ,1.03672962321,1.03672962321,1.03672962321,1.03672962321
      ,1.03672962321,1.03672962321,1.03672962321,1.03672962321
      ,1.03672962321,1.03672962321,1.03672962321,1.03672962321)
    ,(1.038346699848,1.038346699848,1.038346699848,1.038346699848
      ,1.038346699848,1.038346699847,1.038346699848,1.038346699848
      ,1.038346699848,1.038346699847,1.038346699848,1.038346699847
      ,1.038346699848,1.038346699848,1.038346699848,1.038346699848
      ,1.038346699848,1.038346699848,1.038346699848,1.038346699848
      ,1.038346699848,1.038346699848,1.038346699848,1.038346699848
      ,1.038346699847,1.038346699848,1.038346699847,1.038346699848
      ,1.038346699848,1.038346699848,1.038346699848,1.038346699847
      ,1.038346699848,1.038346699847,1.038346699848,1.038346699848
      ,1.038346699848,1.038346699848,1.038346699848,1.038346699848
      ,1.038346699848,1.038346699848,1.038346699848,1.038346699848)
    ,(0.853534330196,0.853534330196,0.853534330196,0.853534330196
      ,0.853534330196,0.853534330196,0.853534330196,0.853534330196
      ,0.853534330196,0.853534330196,0.853534330196,0.853534330196
      ,0.853534330196,0.853534330196,0.853534330196,0.853534330196
      ,0.853534330196,0.853534330196,0.853534330196,0.853534330196
      ,0.853534330196,0.853534330196,0.853534330196,0.853534330196
      ,0.853534330196,0.853534330196,0.853534330196,0.853534330196
      ,0.853534330196,0.853534330196,0.853534330196,0.853534330196
      ,0.853534330196,0.853534330196,0.853534330196,0.853534330196
      ,0.853534330196,0.853534330196,0.853534330196,0.853534330196
      ,0.853534330196,0.853534330196,0.853534330196,0.853534330196)
    ,(1.038346699848,1.038346699848,1.038346699848,1.038346699848
      ,1.038346699847,1.038346699848,1.038346699848,1.038346699848
      ,1.038346699848,1.038346699847,1.038346699848,1.038346699847
      ,1.038346699848,1.038346699848,1.038346699848,1.038346699848
      ,1.038346699847,1.038346699848,1.038346699847,1.038346699848
      ,1.038346699847,1.038346699848,1.038346699848,1.038346699848
      ,1.038346699847,1.038346699848,1.038346699847,1.038346699848
      ,1.038346699848,1.038346699848,1.038346699848,1.038346699847
      ,1.038346699848,1.038346699847,1.038346699848,1.038346699848
      ,1.038346699848,1.038346699848,1.038346699848,1.038346699848
      ,1.038346699848,1.038346699848,1.038346699848,1.038346699848)
    ,(1.03672962321,1.03672962321,1.03672962321,1.03672962321
      ,1.03672962321,1.03672962321,1.03672962321,1.03672962321
      ,1.03672962321,1.03672962321,1.03672962321,1.03672962321
      ,1.03672962321,1.03672962321,1.03672962321,1.03672962321
      ,1.03672962321,1.03672962321,1.03672962321,1.03672962321
      ,1.03672962321,1.03672962321,1.03672962321,1.03672962321
      ,1.03672962321,1.03672962321,1.03672962321,1.03672962321
      ,1.03672962321,1.03672962321,1.03672962321,1.03672962321
      ,1.03672962321,1.03672962321,1.03672962321,1.03672962321
      ,1.03672962321,1.03672962321,1.03672962321,1.03672962321
      ,1.03672962321,1.03672962321,1.03672962321,1.03672962321)
    ,(1.669078461068,1.669078461068,1.669078461068,1.669078461068
      ,1.669078461068,1.669078461068,1.669078461068,1.669078461068
      ,1.669078461068,1.669078461068,1.669078461068,1.669078461068
      ,1.669078461068,1.669078461068,1.669078461068,1.669078461068
      ,1.669078461068,1.669078461068,1.669078461068,1.669078461068
      ,1.669078461068,1.669078461068,1.669078461068,1.669078461068
      ,1.669078461068,1.669078461068,1.669078461068,1.669078461068
      ,1.669078461068,1.669078461068,1.669078461068,1.669078461068
      ,1.669078461068,1.669078461068,1.669078461068,1.669078461068
      ,1.669078461068,1.669078461068,1.669078461068,1.669078461068
      ,1.669078461068,1.669078461068,1.669078461068,1.669078461068
))) REPRESENTATION_ITEM('') SURFACE() );
#377 = CARTESIAN_POINT('',(-8.456512733717,2.572478777138,8.));
#378 = CARTESIAN_POINT('',(-8.012527397325,2.334943718448,8.));
#379 = CARTESIAN_POINT('',(-7.583561864234,2.090893177036,8.));
#380 = CARTESIAN_POINT('',(-7.168237023461,1.843381341461,8.));
#381 = CARTESIAN_POINT('',(-6.765268034863,1.595118390631,8.));
#382 = CARTESIAN_POINT('',(-6.373565084028,1.348613234989,8.));
#383 = CARTESIAN_POINT('',(-5.992293496422,1.106261471801,8.));
#384 = CARTESIAN_POINT('',(-5.620893210785,0.870378554521,8.));
#385 = CARTESIAN_POINT('',(-4.842142856066,0.381393016176,8.));
#386 = CARTESIAN_POINT('',(-4.433089579783,0.127688393023,8.));
#387 = CARTESIAN_POINT('',(-4.030149156992,-0.116839437641,8.));
#388 = CARTESIAN_POINT('',(-3.631553044284,-0.35129629108,8.));
#389 = CARTESIAN_POINT('',(-3.235469393436,-0.575020609314,8.));
#390 = CARTESIAN_POINT('',(-2.839952551362,-0.787573198004,8.));
#391 = CARTESIAN_POINT('',(-2.442885447361,-0.988686144322,8.));
#392 = CARTESIAN_POINT('',(-1.679843848131,-1.349273105971,8.));
#393 = CARTESIAN_POINT('',(-1.332403691876,-1.500987080032,8.));
#394 = CARTESIAN_POINT('',(-1.002737754741,-1.6279459681,8.));
#395 = CARTESIAN_POINT('',(-0.696410650568,-1.725113483607,8.));
#396 = CARTESIAN_POINT('',(-0.419155473797,-1.789252803764,8.));
#397 = CARTESIAN_POINT('',(-0.180957968033,-1.818590116439,8.));
#398 = CARTESIAN_POINT('',(1.335543725621E-02,-1.821458920455,8.));
#399 = CARTESIAN_POINT('',(0.32908723688,-1.788321299359,8.));
#400 = CARTESIAN_POINT('',(0.519735872176,-1.75627255689,8.));
#401 = CARTESIAN_POINT('',(0.75213335339,-1.702817246467,8.));
#402 = CARTESIAN_POINT('',(1.023211104815,-1.619337101,8.));
#403 = CARTESIAN_POINT('',(1.323623004432,-1.506667353772,8.));
#404 = CARTESIAN_POINT('',(1.648081147205,-1.367581355706,8.));
#405 = CARTESIAN_POINT('',(1.991259941495,-1.206659398595,8.));
#406 = CARTESIAN_POINT('',(2.747706624028,-0.832435060062,8.));
#407 = CARTESIAN_POINT('',(3.141454193853,-0.624943527966,8.));
#408 = CARTESIAN_POINT('',(3.533906873454,-0.406861344003,8.));
#409 = CARTESIAN_POINT('',(3.927283570066,-0.178490266425,8.));
#410 = CARTESIAN_POINT('',(4.323613370569,5.97173158831E-02,8.));
#411 = CARTESIAN_POINT('',(4.724786957506,0.30710106843,8.));
#412 = CARTESIAN_POINT('',(5.132605610535,0.562776759803,8.));
#413 = CARTESIAN_POINT('',(5.910062316094,1.053816516509,8.));
#414 = CARTESIAN_POINT('',(6.281541927242,1.289565502674,8.));
#415 = CARTESIAN_POINT('',(6.663576291933,1.530721250317,8.));
#416 = CARTESIAN_POINT('',(7.056715273357,1.774966396742,8.));
#417 = CARTESIAN_POINT('',(7.461772425604,2.019872662226,8.));
#418 = CARTESIAN_POINT('',(7.879801867114,2.262870115962,8.));
#419 = CARTESIAN_POINT('',(8.312028534641,2.501166644489,8.));
#420 = CARTESIAN_POINT('',(8.759731817767,2.731617622608,8.));
#421 = CARTESIAN_POINT('',(-8.456512733717,2.572478777138,
    12.984629226713));
#422 = CARTESIAN_POINT('',(-8.012527397325,2.334943718448,
    12.984629226713));
#423 = CARTESIAN_POINT('',(-7.583561864234,2.090893177036,
    12.984629226713));
#424 = CARTESIAN_POINT('',(-7.168237023461,1.843381341461,
    12.984629226713));
#425 = CARTESIAN_POINT('',(-6.765268034863,1.595118390631,
    12.984629226713));
#426 = CARTESIAN_POINT('',(-6.373565084028,1.348613234988,
    12.984629226713));
#427 = CARTESIAN_POINT('',(-5.992293496422,1.106261471801,
    12.984629226713));
#428 = CARTESIAN_POINT('',(-5.620893210785,0.87037855452,12.984629226713
    ));
#429 = CARTESIAN_POINT('',(-4.842142856066,0.381393016176,
    12.984629226713));
#430 = CARTESIAN_POINT('',(-4.433089579783,0.127688393023,
    12.984629226713));
#431 = CARTESIAN_POINT('',(-4.030149156992,-0.116839437641,
    12.984629226713));
#432 = CARTESIAN_POINT('',(-3.631553044284,-0.35129629108,
    12.984629226713));
#433 = CARTESIAN_POINT('',(-3.235469393436,-0.575020609314,
    12.984629226713));
#434 = CARTESIAN_POINT('',(-2.839952551362,-0.787573198004,
    12.984629226713));
#435 = CARTESIAN_POINT('',(-2.442885447361,-0.988686144322,
    12.984629226713));
#436 = CARTESIAN_POINT('',(-1.679843848131,-1.349273105971,
    12.984629226713));
#437 = CARTESIAN_POINT('',(-1.332403691876,-1.500987080032,
    12.984629226713));
#438 = CARTESIAN_POINT('',(-1.002737754741,-1.6279459681,12.984629226713
    ));
#439 = CARTESIAN_POINT('',(-0.696410650568,-1.725113483607,
    12.984629226713));
#440 = CARTESIAN_POINT('',(-0.419155473797,-1.789252803764,
    12.984629226713));
#441 = CARTESIAN_POINT('',(-0.180957968033,-1.818590116439,
    12.984629226713));
#442 = CARTESIAN_POINT('',(1.335543725621E-02,-1.821458920455,
    12.984629226713));
#443 = CARTESIAN_POINT('',(0.32908723688,-1.788321299359,12.984629226713
    ));
#444 = CARTESIAN_POINT('',(0.519735872176,-1.75627255689,12.984629226713
    ));
#445 = CARTESIAN_POINT('',(0.75213335339,-1.702817246467,12.984629226713
    ));
#446 = CARTESIAN_POINT('',(1.023211104815,-1.619337101,12.984629226713)
  );
#447 = CARTESIAN_POINT('',(1.323623004432,-1.506667353772,
    12.984629226713));
#448 = CARTESIAN_POINT('',(1.648081147205,-1.367581355706,
    12.984629226713));
#449 = CARTESIAN_POINT('',(1.991259941495,-1.206659398595,
    12.984629226713));
#450 = CARTESIAN_POINT('',(2.747706624028,-0.832435060062,
    12.984629226713));
#451 = CARTESIAN_POINT('',(3.141454193853,-0.624943527966,
    12.984629226713));
#452 = CARTESIAN_POINT('',(3.533906873454,-0.406861344003,
    12.984629226713));
#453 = CARTESIAN_POINT('',(3.927283570066,-0.178490266426,
    12.984629226713));
#454 = CARTESIAN_POINT('',(4.323613370569,5.97173158832E-02,
    12.984629226713));
#455 = CARTESIAN_POINT('',(4.724786957506,0.30710106843,12.984629226713)
  );
#456 = CARTESIAN_POINT('',(5.132605610535,0.562776759803,12.984629226713
    ));
#457 = CARTESIAN_POINT('',(5.910062316094,1.053816516509,12.984629226713
    ));
#458 = CARTESIAN_POINT('',(6.281541927242,1.289565502674,12.984629226713
    ));
#459 = CARTESIAN_POINT('',(6.663576291933,1.530721250317,12.984629226713
    ));
#460 = CARTESIAN_POINT('',(7.056715273357,1.774966396742,12.984629226713
    ));
#461 = CARTESIAN_POINT('',(7.461772425605,2.019872662226,12.984629226713
    ));
#462 = CARTESIAN_POINT('',(7.879801867114,2.262870115962,12.984629226713
    ));
#463 = CARTESIAN_POINT('',(8.312028534641,2.501166644489,12.984629226713
    ));
#464 = CARTESIAN_POINT('',(8.759731817767,2.731617622608,12.984629226713
    ));
#465 = CARTESIAN_POINT('',(-11.62768170379,-2.712802839654,
    13.700337149737));
#466 = CARTESIAN_POINT('',(-11.30717593309,-2.876250158926,
    13.700337149737));
#467 = CARTESIAN_POINT('',(-10.97825829858,-3.055788092263,
    13.700337149737));
#468 = CARTESIAN_POINT('',(-10.64127725114,-3.250061513148,
    13.700337149737));
#469 = CARTESIAN_POINT('',(-10.29648182854,-3.457352520305,
    13.700337149737));
#470 = CARTESIAN_POINT('',(-9.943915404508,-3.675730965164,
    13.700337149737));
#471 = CARTESIAN_POINT('',(-9.583352295455,-3.90314720495,
    13.700337149737));
#472 = CARTESIAN_POINT('',(-9.214277224882,-4.137467081373,
    13.700337149737));
#473 = CARTESIAN_POINT('',(-8.399942081854,-4.651809373043,
    13.700337149737));
#474 = CARTESIAN_POINT('',(-7.95673756589,-4.929724652777,
    13.700337149737));
#475 = CARTESIAN_POINT('',(-7.504292062609,-5.208935836547,
    13.700337149737));
#476 = CARTESIAN_POINT('',(-7.040624541099,-5.48797070332,
    13.700337149737));
#477 = CARTESIAN_POINT('',(-6.563820728424,-5.765111715938,
    13.700337149737));
#478 = CARTESIAN_POINT('',(-6.072086364362,-6.038406844065,
    13.700337149737));
#479 = CARTESIAN_POINT('',(-5.563807956825,-6.305723432761,
    13.700337149737));
#480 = CARTESIAN_POINT('',(-4.562481354887,-6.798828498584,
    13.700337149737));
#481 = CARTESIAN_POINT('',(-4.05395394493,-7.03657705944,13.700337149737
    ));
#482 = CARTESIAN_POINT('',(-3.511717117296,-7.269576399209,
    13.700337149737));
#483 = CARTESIAN_POINT('',(-2.93289584794,-7.488963501823,
    13.700337149737));
#484 = CARTESIAN_POINT('',(-2.314437441905,-7.683977729945,
    13.700337149737));
#485 = CARTESIAN_POINT('',(-1.648804580759,-7.842315630993,
    13.700337149737));
#486 = CARTESIAN_POINT('',(-0.933900691449,-7.941015105908,
    13.700337149737));
#487 = CARTESIAN_POINT('',(0.572778389073,-7.975960324273,
    13.700337149737));
#488 = CARTESIAN_POINT('',(1.291546954947,-7.908032500654,
    13.700337149737));
#489 = CARTESIAN_POINT('',(1.963296221489,-7.775128190491,
    13.700337149737));
#490 = CARTESIAN_POINT('',(2.588269020243,-7.600509794704,
    13.700337149737));
#491 = CARTESIAN_POINT('',(3.173328157861,-7.3974705425,13.700337149737)
  );
#492 = CARTESIAN_POINT('',(3.721056855616,-7.177259824637,
    13.700337149737));
#493 = CARTESIAN_POINT('',(4.234078077123,-6.949221525644,
    13.700337149737));
#494 = CARTESIAN_POINT('',(5.24235933653,-6.470497730939,13.700337149737
    ));
#495 = CARTESIAN_POINT('',(5.754138352826,-6.209907668334,
    13.700337149737));
#496 = CARTESIAN_POINT('',(6.24910402388,-5.942443764896,13.700337149737
    ));
#497 = CARTESIAN_POINT('',(6.728762450245,-5.670202983935,
    13.700337149737));
#498 = CARTESIAN_POINT('',(7.194819907191,-5.395123441505,
    13.700337149737));
#499 = CARTESIAN_POINT('',(7.649128624024,-5.118923964988,
    13.700337149737));
#500 = CARTESIAN_POINT('',(8.093635109707,-4.84308727168,13.700337149737
    ));
#501 = CARTESIAN_POINT('',(8.909334468116,-4.330911252266,
    13.700337149737));
#502 = CARTESIAN_POINT('',(9.278325886115,-4.096450139027,
    13.700337149737));
#503 = CARTESIAN_POINT('',(9.638084609973,-3.867772643213,
    13.700337149737));
#504 = CARTESIAN_POINT('',(9.989136670554,-3.647010909723,
    13.700337149737));
#505 = CARTESIAN_POINT('',(10.331730023953,-3.436180116108,
    13.700337149737));
#506 = CARTESIAN_POINT('',(10.665858939575,-3.237146062023,
    13.700337149737));
#507 = CARTESIAN_POINT('',(10.991337550672,-3.051540244809,
    13.700337149737));
#508 = CARTESIAN_POINT('',(11.307922567368,-2.88062242119,
    13.700337149737));
#509 = CARTESIAN_POINT('',(-14.24322696109,-7.072044935164,8.));
#510 = CARTESIAN_POINT('',(-14.02456577688,-7.174385502545,8.));
#511 = CARTESIAN_POINT('',(-13.77816654775,-7.300714146916,8.));
#512 = CARTESIAN_POINT('',(-13.50580259863,-7.451077109431,8.));
#513 = CARTESIAN_POINT('',(-13.20898809288,-7.624574908478,8.));
#514 = CARTESIAN_POINT('',(-12.88870104531,-7.819754751911,8.));
#515 = CARTESIAN_POINT('',(-12.5452180614,-8.034852336408,8.));
#516 = CARTESIAN_POINT('',(-12.17806080262,-8.26788303394,8.));
#517 = CARTESIAN_POINT('',(-11.33437571792,-8.803139296618,8.));
#518 = CARTESIAN_POINT('',(-10.86300363542,-9.10102325938,8.));
#519 = CARTESIAN_POINT('',(-10.36972688672,-9.408840890988,8.));
#520 = CARTESIAN_POINT('',(-9.852389183555,-9.72464321243,8.));
#521 = CARTESIAN_POINT('',(-9.309008269999,-10.04584172654,8.));
#522 = CARTESIAN_POINT('',(-8.737914752994,-10.36923663253,8.));
#523 = CARTESIAN_POINT('',(-8.137910486548,-10.69115725667,8.));
#524 = CARTESIAN_POINT('',(-6.940049037491,-11.29356179601,8.));
#525 = CARTESIAN_POINT('',(-6.298658633979,-11.60227073696,8.));
#526 = CARTESIAN_POINT('',(-5.581095675909,-11.92273107397,8.));
#527 = CARTESIAN_POINT('',(-4.777524218809,-12.24292354659,8.));
#528 = CARTESIAN_POINT('',(-3.877645145349,-12.54588195809,8.));
#529 = CARTESIAN_POINT('',(-2.859468308426,-12.81061812435,8.));
#530 = CARTESIAN_POINT('',(-1.715187118716,-12.98835768169,8.));
#531 = CARTESIAN_POINT('',(0.773772168773,-13.07945687657,8.));
#532 = CARTESIAN_POINT('',(1.928128239681,-12.98193638178,8.));
#533 = CARTESIAN_POINT('',(2.962250022241,-12.78350341124,8.));
#534 = CARTESIAN_POINT('',(3.879111560245,-12.53371518986,8.));
#535 = CARTESIAN_POINT('',(4.698944606281,-12.25614016477,8.));
#536 = CARTESIAN_POINT('',(5.430824399954,-11.96901867106,8.));
#537 = CARTESIAN_POINT('',(6.08392978575,-11.68562355212,8.));
#538 = CARTESIAN_POINT('',(7.29992143189,-11.12070975633,8.));
#539 = CARTESIAN_POINT('',(7.90905148591,-10.81632461029,8.));
#540 = CARTESIAN_POINT('',(8.488568743818,-10.50813120824,8.));
#541 = CARTESIAN_POINT('',(9.039391391069,-10.19970717886,8.));
#542 = CARTESIAN_POINT('',(9.562959451465,-9.894216049619,8.));
#543 = CARTESIAN_POINT('',(10.061093438509,-9.594249681185,8.));
#544 = CARTESIAN_POINT('',(10.535859644693,-9.30178441542,8.));
#545 = CARTESIAN_POINT('',(11.383101122185,-8.772175439198,8.));
#546 = CARTESIAN_POINT('',(11.750040305866,-8.538776549371,8.));
#547 = CARTESIAN_POINT('',(12.091426326382,-8.320390978301,8.));
#548 = CARTESIAN_POINT('',(12.407765557957,-8.118998105288,8.));
#549 = CARTESIAN_POINT('',(12.698839457688,-7.936272385756,8.));
#550 = CARTESIAN_POINT('',(12.963768143161,-7.773498859742,8.));
#551 = CARTESIAN_POINT('',(13.201202132429,-7.631351761182,8.));
#552 = CARTESIAN_POINT('',(13.409642246365,-7.509536228036,8.));
#553 = CARTESIAN_POINT('',(-11.62768170379,-2.712802839654,
    2.299662850263));
#554 = CARTESIAN_POINT('',(-11.30717593309,-2.876250158926,
    2.299662850263));
#555 = CARTESIAN_POINT('',(-10.97825829858,-3.055788092263,
    2.299662850263));
#556 = CARTESIAN_POINT('',(-10.64127725114,-3.250061513148,
    2.299662850263));
#557 = CARTESIAN_POINT('',(-10.29648182854,-3.457352520305,
    2.299662850263));
#558 = CARTESIAN_POINT('',(-9.943915404508,-3.675730965164,
    2.299662850263));
#559 = CARTESIAN_POINT('',(-9.583352295455,-3.90314720495,2.299662850263
    ));
#560 = CARTESIAN_POINT('',(-9.214277224882,-4.137467081373,
    2.299662850263));
#561 = CARTESIAN_POINT('',(-8.399942081854,-4.651809373043,
    2.299662850263));
#562 = CARTESIAN_POINT('',(-7.95673756589,-4.929724652777,2.299662850263
    ));
#563 = CARTESIAN_POINT('',(-7.504292062609,-5.208935836547,
    2.299662850263));
#564 = CARTESIAN_POINT('',(-7.040624541099,-5.48797070332,2.299662850263
    ));
#565 = CARTESIAN_POINT('',(-6.563820728425,-5.765111715938,
    2.299662850263));
#566 = CARTESIAN_POINT('',(-6.072086364362,-6.038406844065,
    2.299662850263));
#567 = CARTESIAN_POINT('',(-5.563807956825,-6.305723432761,
    2.299662850263));
#568 = CARTESIAN_POINT('',(-4.562481354887,-6.798828498584,
    2.299662850263));
#569 = CARTESIAN_POINT('',(-4.05395394493,-7.03657705944,2.299662850263)
  );
#570 = CARTESIAN_POINT('',(-3.511717117296,-7.269576399209,
    2.299662850263));
#571 = CARTESIAN_POINT('',(-2.93289584794,-7.488963501823,2.299662850263
    ));
#572 = CARTESIAN_POINT('',(-2.314437441905,-7.683977729945,
    2.299662850263));
#573 = CARTESIAN_POINT('',(-1.648804580759,-7.842315630993,
    2.299662850263));
#574 = CARTESIAN_POINT('',(-0.933900691449,-7.941015105908,
    2.299662850263));
#575 = CARTESIAN_POINT('',(0.572778389073,-7.975960324273,2.299662850263
    ));
#576 = CARTESIAN_POINT('',(1.291546954947,-7.908032500654,2.299662850263
    ));
#577 = CARTESIAN_POINT('',(1.963296221489,-7.775128190491,2.299662850263
    ));
#578 = CARTESIAN_POINT('',(2.588269020243,-7.600509794704,2.299662850263
    ));
#579 = CARTESIAN_POINT('',(3.173328157861,-7.3974705425,2.299662850263)
  );
#580 = CARTESIAN_POINT('',(3.721056855616,-7.177259824637,2.299662850263
    ));
#581 = CARTESIAN_POINT('',(4.234078077123,-6.949221525644,2.299662850263
    ));
#582 = CARTESIAN_POINT('',(5.24235933653,-6.470497730939,2.299662850263)
  );
#583 = CARTESIAN_POINT('',(5.754138352826,-6.209907668334,2.299662850263
    ));
#584 = CARTESIAN_POINT('',(6.24910402388,-5.942443764896,2.299662850263)
  );
#585 = CARTESIAN_POINT('',(6.728762450245,-5.670202983936,2.299662850263
    ));
#586 = CARTESIAN_POINT('',(7.194819907191,-5.395123441505,2.299662850263
    ));
#587 = CARTESIAN_POINT('',(7.649128624024,-5.118923964988,2.299662850263
    ));
#588 = CARTESIAN_POINT('',(8.093635109707,-4.84308727168,2.299662850263)
  );
#589 = CARTESIAN_POINT('',(8.909334468116,-4.330911252266,2.299662850263
    ));
#590 = CARTESIAN_POINT('',(9.278325886115,-4.096450139027,2.299662850263
    ));
#591 = CARTESIAN_POINT('',(9.638084609973,-3.867772643213,2.299662850263
    ));
#592 = CARTESIAN_POINT('',(9.989136670554,-3.647010909723,2.299662850263
    ));
#593 = CARTESIAN_POINT('',(10.331730023953,-3.436180116108,
    2.299662850263));
#594 = CARTESIAN_POINT('',(10.665858939575,-3.237146062023,
    2.299662850263));
#595 = CARTESIAN_POINT('',(10.991337550672,-3.051540244809,
    2.299662850263));
#596 = CARTESIAN_POINT('',(11.307922567368,-2.88062242119,2.299662850263
    ));
#597 = CARTESIAN_POINT('',(-8.456512733717,2.572478777138,3.015370773287
    ));
#598 = CARTESIAN_POINT('',(-8.012527397325,2.334943718448,3.015370773287
    ));
#599 = CARTESIAN_POINT('',(-7.583561864234,2.090893177036,3.015370773287
    ));
#600 = CARTESIAN_POINT('',(-7.168237023461,1.843381341461,3.015370773287
    ));
#601 = CARTESIAN_POINT('',(-6.765268034863,1.595118390631,3.015370773287
    ));
#602 = CARTESIAN_POINT('',(-6.373565084028,1.348613234989,3.015370773287
    ));
#603 = CARTESIAN_POINT('',(-5.992293496422,1.106261471801,3.015370773287
    ));
#604 = CARTESIAN_POINT('',(-5.620893210785,0.87037855452,3.015370773287)
  );
#605 = CARTESIAN_POINT('',(-4.842142856066,0.381393016176,3.015370773287
    ));
#606 = CARTESIAN_POINT('',(-4.433089579783,0.127688393023,3.015370773287
    ));
#607 = CARTESIAN_POINT('',(-4.030149156992,-0.116839437641,
    3.015370773287));
#608 = CARTESIAN_POINT('',(-3.631553044284,-0.35129629108,3.015370773287
    ));
#609 = CARTESIAN_POINT('',(-3.235469393436,-0.575020609314,
    3.015370773287));
#610 = CARTESIAN_POINT('',(-2.839952551362,-0.787573198004,
    3.015370773287));
#611 = CARTESIAN_POINT('',(-2.442885447361,-0.988686144322,
    3.015370773287));
#612 = CARTESIAN_POINT('',(-1.679843848131,-1.349273105971,
    3.015370773287));
#613 = CARTESIAN_POINT('',(-1.332403691876,-1.500987080032,
    3.015370773287));
#614 = CARTESIAN_POINT('',(-1.002737754741,-1.6279459681,3.015370773287)
  );
#615 = CARTESIAN_POINT('',(-0.696410650568,-1.725113483607,
    3.015370773287));
#616 = CARTESIAN_POINT('',(-0.419155473797,-1.789252803764,
    3.015370773287));
#617 = CARTESIAN_POINT('',(-0.180957968033,-1.818590116439,
    3.015370773287));
#618 = CARTESIAN_POINT('',(1.335543725621E-02,-1.821458920455,
    3.015370773287));
#619 = CARTESIAN_POINT('',(0.32908723688,-1.788321299359,3.015370773287)
  );
#620 = CARTESIAN_POINT('',(0.519735872176,-1.75627255689,3.015370773287)
  );
#621 = CARTESIAN_POINT('',(0.75213335339,-1.702817246467,3.015370773287)
  );
#622 = CARTESIAN_POINT('',(1.023211104815,-1.619337101,3.015370773287));
#623 = CARTESIAN_POINT('',(1.323623004432,-1.506667353772,3.015370773287
    ));
#624 = CARTESIAN_POINT('',(1.648081147205,-1.367581355706,3.015370773287
    ));
#625 = CARTESIAN_POINT('',(1.991259941495,-1.206659398595,3.015370773287
    ));
#626 = CARTESIAN_POINT('',(2.747706624028,-0.832435060062,3.015370773287
    ));
#627 = CARTESIAN_POINT('',(3.141454193853,-0.624943527966,3.015370773287
    ));
#628 = CARTESIAN_POINT('',(3.533906873454,-0.406861344003,3.015370773287
    ));
#629 = CARTESIAN_POINT('',(3.927283570066,-0.178490266425,3.015370773287
    ));
#630 = CARTESIAN_POINT('',(4.323613370569,5.971731588304E-02,
    3.015370773287));
#631 = CARTESIAN_POINT('',(4.724786957506,0.30710106843,3.015370773287)
  );
#632 = CARTESIAN_POINT('',(5.132605610535,0.562776759803,3.015370773287)
  );
#633 = CARTESIAN_POINT('',(5.910062316094,1.053816516509,3.015370773287)
  );
#634 = CARTESIAN_POINT('',(6.281541927242,1.289565502674,3.015370773287)
  );
#635 = CARTESIAN_POINT('',(6.663576291934,1.530721250317,3.015370773287)
  );
#636 = CARTESIAN_POINT('',(7.056715273357,1.774966396742,3.015370773287)
  );
#637 = CARTESIAN_POINT('',(7.461772425605,2.019872662226,3.015370773287)
  );
#638 = CARTESIAN_POINT('',(7.879801867114,2.262870115962,3.015370773287)
  );
#639 = CARTESIAN_POINT('',(8.312028534641,2.501166644489,3.015370773287)
  );
#640 = CARTESIAN_POINT('',(8.759731817767,2.731617622608,3.015370773287)
  );
#641 = CARTESIAN_POINT('',(-8.456512733717,2.572478777138,8.));
#642 = CARTESIAN_POINT('',(-8.012527397325,2.334943718448,8.));
#643 = CARTESIAN_POINT('',(-7.583561864234,2.090893177036,8.));
#644 = CARTESIAN_POINT('',(-7.168237023461,1.843381341461,8.));
#645 = CARTESIAN_POINT('',(-6.765268034863,1.595118390631,8.));
#646 = CARTESIAN_POINT('',(-6.373565084028,1.348613234989,8.));
#647 = CARTESIAN_POINT('',(-5.992293496422,1.106261471801,8.));
#648 = CARTESIAN_POINT('',(-5.620893210785,0.870378554521,8.));
#649 = CARTESIAN_POINT('',(-4.842142856066,0.381393016176,8.));
#650 = CARTESIAN_POINT('',(-4.433089579783,0.127688393023,8.));
#651 = CARTESIAN_POINT('',(-4.030149156992,-0.116839437641,8.));
#652 = CARTESIAN_POINT('',(-3.631553044284,-0.35129629108,8.));
#653 = CARTESIAN_POINT('',(-3.235469393436,-0.575020609314,8.));
#654 = CARTESIAN_POINT('',(-2.839952551362,-0.787573198004,8.));
#655 = CARTESIAN_POINT('',(-2.442885447361,-0.988686144322,8.));
#656 = CARTESIAN_POINT('',(-1.679843848131,-1.349273105971,8.));
#657 = CARTESIAN_POINT('',(-1.332403691876,-1.500987080032,8.));
#658 = CARTESIAN_POINT('',(-1.002737754741,-1.6279459681,8.));
#659 = CARTESIAN_POINT('',(-0.696410650568,-1.725113483607,8.));
#660 = CARTESIAN_POINT('',(-0.419155473797,-1.789252803764,8.));
#661 = CARTESIAN_POINT('',(-0.180957968033,-1.818590116439,8.));
#662 = CARTESIAN_POINT('',(1.335543725621E-02,-1.821458920455,8.));
#663 = CARTESIAN_POINT('',(0.32908723688,-1.788321299359,8.));
#664 = CARTESIAN_POINT('',(0.519735872176,-1.75627255689,8.));
#665 = CARTESIAN_POINT('',(0.75213335339,-1.702817246467,8.));
#666 = CARTESIAN_POINT('',(1.023211104815,-1.619337101,8.));
#667 = CARTESIAN_POINT('',(1.323623004432,-1.506667353772,8.));
#668 = CARTESIAN_POINT('',(1.648081147205,-1.367581355706,8.));
#669 = CARTESIAN_POINT('',(1.991259941495,-1.206659398595,8.));
#670 = CARTESIAN_POINT('',(2.747706624028,-0.832435060062,8.));
#671 = CARTESIAN_POINT('',(3.141454193853,-0.624943527966,8.));
#672 = CARTESIAN_POINT('',(3.533906873454,-0.406861344003,8.));
#673 = CARTESIAN_POINT('',(3.927283570066,-0.178490266425,8.));
#674 = CARTESIAN_POINT('',(4.323613370569,5.97173158831E-02,8.));
#675 = CARTESIAN_POINT('',(4.724786957506,0.30710106843,8.));
#676 = CARTESIAN_POINT('',(5.132605610535,0.562776759803,8.));
#677 = CARTESIAN_POINT('',(5.910062316094,1.053816516509,8.));
#678 = CARTESIAN_POINT('',(6.281541927242,1.289565502674,8.));
#679 = CARTESIAN_POINT('',(6.663576291933,1.530721250317,8.));
#680 = CARTESIAN_POINT('',(7.056715273357,1.774966396742,8.));
#681 = CARTESIAN_POINT('',(7.461772425604,2.019872662226,8.));
#682 = CARTESIAN_POINT('',(7.879801867114,2.262870115962,8.));
#683 = CARTESIAN_POINT('',(8.312028534641,2.501166644489,8.));
#684 = CARTESIAN_POINT('',(8.759731817767,2.731617622608,8.));
#685 = ADVANCED_FACE('',(#686),#697,.T.);
#686 = FACE_BOUND('',#687,.F.);
#687 = EDGE_LOOP('',(#688,#689,#696));
#688 = ORIENTED_EDGE('',*,*,#140,.F.);
#689 = ORIENTED_EDGE('',*,*,#690,.T.);
#690 = EDGE_CURVE('',#141,#118,#691,.T.);
#691 = CIRCLE('',#692,1.8);
#692 = AXIS2_PLACEMENT_3D('',#693,#694,#695);
#693 = CARTESIAN_POINT('',(10.8,1.8,14.2));
#694 = DIRECTION('',(1.,-6.123233995737E-17,0.));
#695 = DIRECTION('',(-6.123233995737E-17,-1.,0.));
#696 = ORIENTED_EDGE('',*,*,#125,.F.);
#697 = SPHERICAL_SURFACE('',#698,1.8);
#698 = AXIS2_PLACEMENT_3D('',#699,#700,#701);
#699 = CARTESIAN_POINT('',(10.8,1.8,14.2));
#700 = DIRECTION('',(-0.,-0.,-1.));
#701 = DIRECTION('',(-1.,0.,0.));
#702 = ADVANCED_FACE('',(#703),#744,.F.);
#703 = FACE_BOUND('',#704,.F.);
#704 = EDGE_LOOP('',(#705,#713,#714,#722,#730,#738));
#705 = ORIENTED_EDGE('',*,*,#706,.F.);
#706 = EDGE_CURVE('',#109,#707,#709,.T.);
#707 = VERTEX_POINT('',#708);
#708 = CARTESIAN_POINT('',(64.,-3.330669073875E-16,9.8));
#709 = LINE('',#710,#711);
#710 = CARTESIAN_POINT('',(9.,-2.22044604925E-16,9.8));
#711 = VECTOR('',#712,1.);
#712 = DIRECTION('',(1.,0.,0.));
#713 = ORIENTED_EDGE('',*,*,#117,.T.);
#714 = ORIENTED_EDGE('',*,*,#715,.T.);
#715 = EDGE_CURVE('',#118,#716,#718,.T.);
#716 = VERTEX_POINT('',#717);
#717 = CARTESIAN_POINT('',(65.2,-2.22044604925E-16,14.2));
#718 = LINE('',#719,#720);
#719 = CARTESIAN_POINT('',(9.,-2.22044604925E-16,14.2));
#720 = VECTOR('',#721,1.);
#721 = DIRECTION('',(1.,0.,0.));
#722 = ORIENTED_EDGE('',*,*,#723,.F.);
#723 = EDGE_CURVE('',#724,#716,#726,.T.);
#724 = VERTEX_POINT('',#725);
#725 = CARTESIAN_POINT('',(65.2,-3.330669073875E-16,13.));
#726 = LINE('',#727,#728);
#727 = CARTESIAN_POINT('',(65.2,-2.22044604925E-16,8.));
#728 = VECTOR('',#729,1.);
#729 = DIRECTION('',(0.,0.,1.));
#730 = ORIENTED_EDGE('',*,*,#731,.F.);
#731 = EDGE_CURVE('',#732,#724,#734,.T.);
#732 = VERTEX_POINT('',#733);
#733 = CARTESIAN_POINT('',(64.,-4.440892098501E-16,13.));
#734 = LINE('',#735,#736);
#735 = CARTESIAN_POINT('',(62.,-4.440892098501E-16,13.));
#736 = VECTOR('',#737,1.);
#737 = DIRECTION('',(1.,0.,0.));
#738 = ORIENTED_EDGE('',*,*,#739,.F.);
#739 = EDGE_CURVE('',#707,#732,#740,.T.);
#740 = LINE('',#741,#742);
#741 = CARTESIAN_POINT('',(64.,-4.440892098501E-16,5.));
#742 = VECTOR('',#743,1.);
#743 = DIRECTION('',(0.,0.,1.));
#744 = PLANE('',#745);
#745 = AXIS2_PLACEMENT_3D('',#746,#747,#748);
#746 = CARTESIAN_POINT('',(9.,0.,8.));
#747 = DIRECTION('',(0.,1.,0.));
#748 = DIRECTION('',(0.,0.,1.));
#749 = ADVANCED_FACE('',(#750),#768,.T.);
#750 = FACE_BOUND('',#751,.T.);
#751 = EDGE_LOOP('',(#752,#753,#760,#761));
#752 = ORIENTED_EDGE('',*,*,#206,.F.);
#753 = ORIENTED_EDGE('',*,*,#754,.T.);
#754 = EDGE_CURVE('',#207,#109,#755,.T.);
#755 = CIRCLE('',#756,1.8);
#756 = AXIS2_PLACEMENT_3D('',#757,#758,#759);
#757 = CARTESIAN_POINT('',(10.8,1.8,9.8));
#758 = DIRECTION('',(-1.,6.123233995737E-17,0.));
#759 = DIRECTION('',(-6.123233995737E-17,-1.,0.));
#760 = ORIENTED_EDGE('',*,*,#108,.F.);
#761 = ORIENTED_EDGE('',*,*,#762,.T.);
#762 = EDGE_CURVE('',#101,#209,#763,.T.);
#763 = CIRCLE('',#764,1.035119312217);
#764 = AXIS2_PLACEMENT_3D('',#765,#766,#767);
#765 = CARTESIAN_POINT('',(9.459146996563,1.191196885153,9.8));
#766 = DIRECTION('',(0.910539207536,0.413422727411,8.897474479973E-16));
#767 = DIRECTION('',(-0.413422727411,0.910539207536,0.));
#768 = SPHERICAL_SURFACE('',#769,1.8);
#769 = AXIS2_PLACEMENT_3D('',#770,#771,#772);
#770 = CARTESIAN_POINT('',(10.8,1.8,9.8));
#771 = DIRECTION('',(0.,0.,1.));
#772 = DIRECTION('',(-1.,0.,0.));
#773 = ADVANCED_FACE('',(#774),#781,.T.);
#774 = FACE_BOUND('',#775,.T.);
#775 = EDGE_LOOP('',(#776,#777,#778,#779,#780));
#776 = ORIENTED_EDGE('',*,*,#321,.T.);
#777 = ORIENTED_EDGE('',*,*,#334,.T.);
#778 = ORIENTED_EDGE('',*,*,#243,.F.);
#779 = ORIENTED_EDGE('',*,*,#762,.F.);
#780 = ORIENTED_EDGE('',*,*,#100,.T.);
#781 = PLANE('',#782);
#782 = AXIS2_PLACEMENT_3D('',#783,#784,#785);
#783 = CARTESIAN_POINT('',(9.999803512702,4.327517001905E-04,8.));
#784 = DIRECTION('',(0.910539207536,0.413422727411,8.897474479973E-16));
#785 = DIRECTION('',(-0.413422727411,0.910539207536,0.));
#786 = ADVANCED_FACE('',(#787),#812,.T.);
#787 = FACE_BOUND('',#788,.T.);
#788 = EDGE_LOOP('',(#789,#790,#798,#806));
#789 = ORIENTED_EDGE('',*,*,#149,.F.);
#790 = ORIENTED_EDGE('',*,*,#791,.T.);
#791 = EDGE_CURVE('',#141,#792,#794,.T.);
#792 = VERTEX_POINT('',#793);
#793 = CARTESIAN_POINT('',(65.2,1.8,16.));
#794 = LINE('',#795,#796);
#795 = CARTESIAN_POINT('',(9.,1.8,16.));
#796 = VECTOR('',#797,1.);
#797 = DIRECTION('',(1.,0.,0.));
#798 = ORIENTED_EDGE('',*,*,#799,.T.);
#799 = EDGE_CURVE('',#792,#800,#802,.T.);
#800 = VERTEX_POINT('',#801);
#801 = CARTESIAN_POINT('',(65.2,3.2,16.));
#802 = LINE('',#803,#804);
#803 = CARTESIAN_POINT('',(65.2,0.,16.));
#804 = VECTOR('',#805,1.);
#805 = DIRECTION('',(0.,1.,0.));
#806 = ORIENTED_EDGE('',*,*,#807,.F.);
#807 = EDGE_CURVE('',#150,#800,#808,.T.);
#808 = LINE('',#809,#810);
#809 = CARTESIAN_POINT('',(9.,3.2,16.));
#810 = VECTOR('',#811,1.);
#811 = DIRECTION('',(1.,0.,0.));
#812 = PLANE('',#813);
#813 = AXIS2_PLACEMENT_3D('',#814,#815,#816);
#814 = CARTESIAN_POINT('',(9.,0.,16.));
#815 = DIRECTION('',(0.,0.,1.));
#816 = DIRECTION('',(1.,0.,0.));
#817 = ADVANCED_FACE('',(#818),#829,.T.);
#818 = FACE_BOUND('',#819,.F.);
#819 = EDGE_LOOP('',(#820,#821,#828));
#820 = ORIENTED_EDGE('',*,*,#191,.F.);
#821 = ORIENTED_EDGE('',*,*,#822,.T.);
#822 = EDGE_CURVE('',#184,#150,#823,.T.);
#823 = CIRCLE('',#824,1.8);
#824 = AXIS2_PLACEMENT_3D('',#825,#826,#827);
#825 = CARTESIAN_POINT('',(10.8,3.2,14.2));
#826 = DIRECTION('',(1.,0.,6.123233995737E-17));
#827 = DIRECTION('',(-6.123233995737E-17,0.,1.));
#828 = ORIENTED_EDGE('',*,*,#157,.F.);
#829 = SPHERICAL_SURFACE('',#830,1.8);
#830 = AXIS2_PLACEMENT_3D('',#831,#832,#833);
#831 = CARTESIAN_POINT('',(10.8,3.2,14.2));
#832 = DIRECTION('',(0.,-1.,0.));
#833 = DIRECTION('',(-1.,0.,0.));
#834 = ADVANCED_FACE('',(#835),#846,.T.);
#835 = FACE_BOUND('',#836,.F.);
#836 = EDGE_LOOP('',(#837,#838,#845));
#837 = ORIENTED_EDGE('',*,*,#225,.F.);
#838 = ORIENTED_EDGE('',*,*,#839,.T.);
#839 = EDGE_CURVE('',#218,#175,#840,.T.);
#840 = CIRCLE('',#841,1.8);
#841 = AXIS2_PLACEMENT_3D('',#842,#843,#844);
#842 = CARTESIAN_POINT('',(10.8,3.2,9.8));
#843 = DIRECTION('',(1.,6.123233995737E-17,-0.));
#844 = DIRECTION('',(-6.123233995737E-17,1.,0.));
#845 = ORIENTED_EDGE('',*,*,#174,.F.);
#846 = SPHERICAL_SURFACE('',#847,1.8);
#847 = AXIS2_PLACEMENT_3D('',#848,#849,#850);
#848 = CARTESIAN_POINT('',(10.8,3.2,9.8));
#849 = DIRECTION('',(0.,0.,1.));
#850 = DIRECTION('',(-1.,0.,0.));
#851 = ADVANCED_FACE('',(#852),#886,.T.);
#852 = FACE_BOUND('',#853,.T.);
#853 = EDGE_LOOP('',(#854,#862,#863,#871,#880));
#854 = ORIENTED_EDGE('',*,*,#855,.F.);
#855 = EDGE_CURVE('',#175,#856,#858,.T.);
#856 = VERTEX_POINT('',#857);
#857 = CARTESIAN_POINT('',(62.,5.,9.8));
#858 = LINE('',#859,#860);
#859 = CARTESIAN_POINT('',(9.,5.,9.8));
#860 = VECTOR('',#861,1.);
#861 = DIRECTION('',(1.,0.,0.));
#862 = ORIENTED_EDGE('',*,*,#183,.T.);
#863 = ORIENTED_EDGE('',*,*,#864,.T.);
#864 = EDGE_CURVE('',#184,#865,#867,.T.);
#865 = VERTEX_POINT('',#866);
#866 = CARTESIAN_POINT('',(62.4,5.,14.2));
#867 = LINE('',#868,#869);
#868 = CARTESIAN_POINT('',(9.,5.,14.2));
#869 = VECTOR('',#870,1.);
#870 = DIRECTION('',(1.,0.,0.));
#871 = ORIENTED_EDGE('',*,*,#872,.F.);
#872 = EDGE_CURVE('',#873,#865,#875,.T.);
#873 = VERTEX_POINT('',#874);
#874 = CARTESIAN_POINT('',(62.,5.,13.));
#875 = CIRCLE('',#876,2.);
#876 = AXIS2_PLACEMENT_3D('',#877,#878,#879);
#877 = CARTESIAN_POINT('',(64.,5.,13.));
#878 = DIRECTION('',(0.,1.,-0.));
#879 = DIRECTION('',(-1.,0.,0.));
#880 = ORIENTED_EDGE('',*,*,#881,.F.);
#881 = EDGE_CURVE('',#856,#873,#882,.T.);
#882 = LINE('',#883,#884);
#883 = CARTESIAN_POINT('',(62.,5.,5.));
#884 = VECTOR('',#885,1.);
#885 = DIRECTION('',(0.,0.,1.));
#886 = PLANE('',#887);
#887 = AXIS2_PLACEMENT_3D('',#888,#889,#890);
#888 = CARTESIAN_POINT('',(9.,5.,8.));
#889 = DIRECTION('',(0.,1.,0.));
#890 = DIRECTION('',(0.,0.,1.));
#891 = ADVANCED_FACE('',(#892),#926,.F.);
#892 = FACE_BOUND('',#893,.F.);
#893 = EDGE_LOOP('',(#894,#895,#903,#912,#920));
#894 = ORIENTED_EDGE('',*,*,#217,.F.);
#895 = ORIENTED_EDGE('',*,*,#896,.T.);
#896 = EDGE_CURVE('',#207,#897,#899,.T.);
#897 = VERTEX_POINT('',#898);
#898 = CARTESIAN_POINT('',(62.010025125787,1.8,8.));
#899 = LINE('',#900,#901);
#900 = CARTESIAN_POINT('',(9.,1.8,8.));
#901 = VECTOR('',#902,1.);
#902 = DIRECTION('',(1.,0.,0.));
#903 = ORIENTED_EDGE('',*,*,#904,.F.);
#904 = EDGE_CURVE('',#905,#897,#907,.T.);
#905 = VERTEX_POINT('',#906);
#906 = CARTESIAN_POINT('',(62.,2.,8.));
#907 = CIRCLE('',#908,2.);
#908 = AXIS2_PLACEMENT_3D('',#909,#910,#911);
#909 = CARTESIAN_POINT('',(64.,2.,8.));
#910 = DIRECTION('',(0.,0.,1.));
#911 = DIRECTION('',(-1.,0.,0.));
#912 = ORIENTED_EDGE('',*,*,#913,.T.);
#913 = EDGE_CURVE('',#905,#914,#916,.T.);
#914 = VERTEX_POINT('',#915);
#915 = CARTESIAN_POINT('',(62.,3.2,8.));
#916 = LINE('',#917,#918);
#917 = CARTESIAN_POINT('',(62.,0.,8.));
#918 = VECTOR('',#919,1.);
#919 = DIRECTION('',(0.,1.,0.));
#920 = ORIENTED_EDGE('',*,*,#921,.F.);
#921 = EDGE_CURVE('',#218,#914,#922,.T.);
#922 = LINE('',#923,#924);
#923 = CARTESIAN_POINT('',(9.,3.2,8.));
#924 = VECTOR('',#925,1.);
#925 = DIRECTION('',(1.,0.,0.));
#926 = PLANE('',#927);
#927 = AXIS2_PLACEMENT_3D('',#928,#929,#930);
#928 = CARTESIAN_POINT('',(9.,0.,8.));
#929 = DIRECTION('',(0.,0.,1.));
#930 = DIRECTION('',(1.,0.,0.));
#931 = ADVANCED_FACE('',(#932),#959,.F.);
#932 = FACE_BOUND('',#933,.F.);
#933 = EDGE_LOOP('',(#934,#935,#936,#944,#953));
#934 = ORIENTED_EDGE('',*,*,#258,.T.);
#935 = ORIENTED_EDGE('',*,*,#345,.T.);
#936 = ORIENTED_EDGE('',*,*,#937,.F.);
#937 = EDGE_CURVE('',#938,#346,#940,.T.);
#938 = VERTEX_POINT('',#939);
#939 = CARTESIAN_POINT('',(-9.005672322473,1.657212795878,9.8));
#940 = LINE('',#941,#942);
#941 = CARTESIAN_POINT('',(-9.005672322473,1.657212795878,8.));
#942 = VECTOR('',#943,1.);
#943 = DIRECTION('',(0.,0.,1.));
#944 = ORIENTED_EDGE('',*,*,#945,.F.);
#945 = EDGE_CURVE('',#946,#938,#948,.T.);
#946 = VERTEX_POINT('',#947);
#947 = CARTESIAN_POINT('',(-9.829621795174,0.28396367471,9.8));
#948 = CIRCLE('',#949,0.800734956517);
#949 = AXIS2_PLACEMENT_3D('',#950,#951,#952);
#950 = CARTESIAN_POINT('',(-9.417647058824,0.970588235294,9.8));
#951 = DIRECTION('',(0.857492925713,-0.514495755428,4.158869227562E-15)
  );
#952 = DIRECTION('',(0.514495755428,0.857492925713,0.));
#953 = ORIENTED_EDGE('',*,*,#954,.T.);
#954 = EDGE_CURVE('',#946,#259,#955,.T.);
#955 = LINE('',#956,#957);
#956 = CARTESIAN_POINT('',(-9.829621795174,0.28396367471,8.));
#957 = VECTOR('',#958,1.);
#958 = DIRECTION('',(0.,0.,1.));
#959 = PLANE('',#960);
#960 = AXIS2_PLACEMENT_3D('',#961,#962,#963);
#961 = CARTESIAN_POINT('',(-9.999755475754,4.075404094973E-04,8.));
#962 = DIRECTION('',(0.857492925713,-0.514495755428,4.158869227562E-15)
  );
#963 = DIRECTION('',(0.514495755428,0.857492925713,0.));
#964 = ADVANCED_FACE('',(#965),#1011,.T.);
#965 = FACE_BOUND('',#966,.F.);
#966 = EDGE_LOOP('',(#967,#977,#984,#985,#986,#987,#996,#1004));
#967 = ORIENTED_EDGE('',*,*,#968,.F.);
#968 = EDGE_CURVE('',#969,#971,#973,.T.);
#969 = VERTEX_POINT('',#970);
#970 = CARTESIAN_POINT('',(-9.,1.8,9.8));
#971 = VERTEX_POINT('',#972);
#972 = CARTESIAN_POINT('',(-9.,1.8,14.2));
#973 = LINE('',#974,#975);
#974 = CARTESIAN_POINT('',(-9.,1.8,8.));
#975 = VECTOR('',#976,1.);
#976 = DIRECTION('',(0.,0.,1.));
#977 = ORIENTED_EDGE('',*,*,#978,.T.);
#978 = EDGE_CURVE('',#969,#938,#979,.T.);
#979 = CIRCLE('',#980,1.8);
#980 = AXIS2_PLACEMENT_3D('',#981,#982,#983);
#981 = CARTESIAN_POINT('',(-10.8,1.8,9.8));
#982 = DIRECTION('',(0.,0.,-1.));
#983 = DIRECTION('',(1.,0.,0.));
#984 = ORIENTED_EDGE('',*,*,#937,.T.);
#985 = ORIENTED_EDGE('',*,*,#357,.T.);
#986 = ORIENTED_EDGE('',*,*,#954,.F.);
#987 = ORIENTED_EDGE('',*,*,#988,.T.);
#988 = EDGE_CURVE('',#946,#989,#991,.T.);
#989 = VERTEX_POINT('',#990);
#990 = CARTESIAN_POINT('',(-10.8,-2.22044604925E-16,9.8));
#991 = CIRCLE('',#992,1.8);
#992 = AXIS2_PLACEMENT_3D('',#993,#994,#995);
#993 = CARTESIAN_POINT('',(-10.8,1.8,9.8));
#994 = DIRECTION('',(0.,0.,-1.));
#995 = DIRECTION('',(1.,0.,0.));
#996 = ORIENTED_EDGE('',*,*,#997,.T.);
#997 = EDGE_CURVE('',#989,#998,#1000,.T.);
#998 = VERTEX_POINT('',#999);
#999 = CARTESIAN_POINT('',(-10.8,-2.22044604925E-16,14.2));
#1000 = LINE('',#1001,#1002);
#1001 = CARTESIAN_POINT('',(-10.8,-2.22044604925E-16,8.));
#1002 = VECTOR('',#1003,1.);
#1003 = DIRECTION('',(0.,0.,1.));
#1004 = ORIENTED_EDGE('',*,*,#1005,.F.);
#1005 = EDGE_CURVE('',#971,#998,#1006,.T.);
#1006 = CIRCLE('',#1007,1.8);
#1007 = AXIS2_PLACEMENT_3D('',#1008,#1009,#1010);
#1008 = CARTESIAN_POINT('',(-10.8,1.8,14.2));
#1009 = DIRECTION('',(0.,0.,-1.));
#1010 = DIRECTION('',(1.,0.,0.));
#1011 = CYLINDRICAL_SURFACE('',#1012,1.8);
#1012 = AXIS2_PLACEMENT_3D('',#1013,#1014,#1015);
#1013 = CARTESIAN_POINT('',(-10.8,1.8,8.));
#1014 = DIRECTION('',(0.,0.,1.));
#1015 = DIRECTION('',(1.,0.,0.));
#1016 = ADVANCED_FACE('',(#1017),#1029,.T.);
#1017 = FACE_BOUND('',#1018,.F.);
#1018 = EDGE_LOOP('',(#1019,#1020,#1021,#1028));
#1019 = ORIENTED_EDGE('',*,*,#690,.F.);
#1020 = ORIENTED_EDGE('',*,*,#791,.T.);
#1021 = ORIENTED_EDGE('',*,*,#1022,.T.);
#1022 = EDGE_CURVE('',#792,#716,#1023,.T.);
#1023 = CIRCLE('',#1024,1.8);
#1024 = AXIS2_PLACEMENT_3D('',#1025,#1026,#1027);
#1025 = CARTESIAN_POINT('',(65.2,1.8,14.2));
#1026 = DIRECTION('',(1.,6.123233995737E-17,0.));
#1027 = DIRECTION('',(6.123233995737E-17,-1.,0.));
#1028 = ORIENTED_EDGE('',*,*,#715,.F.);
#1029 = CYLINDRICAL_SURFACE('',#1030,1.8);
#1030 = AXIS2_PLACEMENT_3D('',#1031,#1032,#1033);
#1031 = CARTESIAN_POINT('',(9.,1.8,14.2));
#1032 = DIRECTION('',(1.,0.,0.));
#1033 = DIRECTION('',(0.,-1.,0.));
#1034 = ADVANCED_FACE('',(#1035),#1087,.T.);
#1035 = FACE_BOUND('',#1036,.T.);
#1036 = EDGE_LOOP('',(#1037,#1038,#1039,#1086));
#1037 = ORIENTED_EDGE('',*,*,#754,.F.);
#1038 = ORIENTED_EDGE('',*,*,#896,.T.);
#1039 = ORIENTED_EDGE('',*,*,#1040,.F.);
#1040 = EDGE_CURVE('',#707,#897,#1041,.T.);
#1041 = B_SPLINE_CURVE_WITH_KNOTS('',7,(#1042,#1043,#1044,#1045,#1046,
    #1047,#1048,#1049,#1050,#1051,#1052,#1053,#1054,#1055,#1056,#1057,
    #1058,#1059,#1060,#1061,#1062,#1063,#1064,#1065,#1066,#1067,#1068,
    #1069,#1070,#1071,#1072,#1073,#1074,#1075,#1076,#1077,#1078,#1079,
    #1080,#1081,#1082,#1083,#1084,#1085),.UNSPECIFIED.,.F.,.F.,(8,6,6,6,
    6,6,6,8),(0.,6.960042873809E-04,1.34400797087E-03,2.016011166729E-03
    ,0.597266723632,0.742094816874,0.863156610256,1.),.UNSPECIFIED.);
#1042 = CARTESIAN_POINT('',(64.,-3.330669073875E-16,9.8));
#1043 = CARTESIAN_POINT('',(63.999758842323,-3.367905474144E-16,
    9.799771217744));
#1044 = CARTESIAN_POINT('',(63.999517684649,3.392493040643E-08,
    9.799542435485));
#1045 = CARTESIAN_POINT('',(63.999276526977,1.017747918851E-07,
    9.799313653228));
#1046 = CARTESIAN_POINT('',(63.999035369309,2.03549586172E-07,
    9.799084870975));
#1047 = CARTESIAN_POINT('',(63.998794211645,3.392493174245E-07,
    9.79885608873));
#1048 = CARTESIAN_POINT('',(63.998553053988,5.088739918841E-07,
    9.798627306494));
#1049 = CARTESIAN_POINT('',(63.998087370362,9.019352484901E-07,
    9.798185520229));
#1050 = CARTESIAN_POINT('',(63.997862844391,1.120853854297E-06,
    9.797972516199));
#1051 = CARTESIAN_POINT('',(63.99763831843,1.369179442003E-06,
    9.79775951218));
#1052 = CARTESIAN_POINT('',(63.997413792479,1.646912019873E-06,
    9.797546508174));
#1053 = CARTESIAN_POINT('',(63.997189266541,1.954051597734E-06,
    9.797333504183));
#1054 = CARTESIAN_POINT('',(63.996964740617,2.290598186973E-06,
    9.797120500209));
#1055 = CARTESIAN_POINT('',(63.996507373242,3.036058899212E-06,
    9.796686603467));
#1056 = CARTESIAN_POINT('',(63.996274531791,3.447191600407E-06,
    9.7964657107));
#1057 = CARTESIAN_POINT('',(63.996041690359,3.889949918605E-06,
    9.796244817955));
#1058 = CARTESIAN_POINT('',(63.995808848946,4.364333870077E-06,
    9.796023925234));
#1059 = CARTESIAN_POINT('',(63.995576007555,4.870343472878E-06,
    9.795803032538));
#1060 = CARTESIAN_POINT('',(63.995343166187,5.407978746852E-06,
    9.79558213987));
#1061 = CARTESIAN_POINT('',(63.788862830386,5.102203714999E-04,
    9.5996977427));
#1062 = CARTESIAN_POINT('',(63.584566280169,2.582391858252E-02,
    9.405889519727));
#1063 = CARTESIAN_POINT('',(63.381600358127,7.512890288648E-02,
    9.21363351752));
#1064 = CARTESIAN_POINT('',(63.179795860108,0.150006152661,
    9.023021951461));
#1065 = CARTESIAN_POINT('',(62.980650969009,0.253519818354,
    8.835875248136));
#1066 = CARTESIAN_POINT('',(62.787955512753,0.389795837636,
    8.656329110443));
#1067 = CARTESIAN_POINT('',(62.565813448055,0.604733749564,
    8.452894705885));
#1068 = CARTESIAN_POINT('',(62.523077110209,0.649053949379,
    8.413939629881));
#1069 = CARTESIAN_POINT('',(62.481156917171,0.695738992033,
    8.375935793027));
#1070 = CARTESIAN_POINT('',(62.440164127894,0.744894215186,
    8.339010219737));
#1071 = CARTESIAN_POINT('',(62.400240263486,0.796621785563,8.30332222456
    ));
#1072 = CARTESIAN_POINT('',(62.361556990572,0.851018635054,
    8.269064344946));
#1073 = CARTESIAN_POINT('',(62.293186267042,0.955950894231,
    8.209212041014));
#1074 = CARTESIAN_POINT('',(62.263042128318,1.005689243421,
    8.183099064362));
#1075 = CARTESIAN_POINT('',(62.234027143691,1.057411807036,
    8.158280260754));
#1076 = CARTESIAN_POINT('',(62.206294476849,1.111131901345,8.13492275612
    ));
#1077 = CARTESIAN_POINT('',(62.180006548647,1.16685289003,8.113205425964
    ));
#1078 = CARTESIAN_POINT('',(62.155334685794,1.224567277981,
    8.093319435696));
#1079 = CARTESIAN_POINT('',(62.106600752446,1.351725319214,
    8.055291117694));
#1080 = CARTESIAN_POINT('',(62.082975284599,1.42187945349,8.037665590999
    ));
#1081 = CARTESIAN_POINT('',(62.061992103292,1.494373481697,
    8.023011073682));
#1082 = CARTESIAN_POINT('',(62.043985308324,1.568835142061,
    8.011675723297));
#1083 = CARTESIAN_POINT('',(62.029213145275,1.644869862734,
    8.003936719267));
#1084 = CARTESIAN_POINT('',(62.017857788778,1.722065987249,8.));
#1085 = CARTESIAN_POINT('',(62.010025125787,1.8,8.));
#1086 = ORIENTED_EDGE('',*,*,#706,.F.);
#1087 = CYLINDRICAL_SURFACE('',#1088,1.8);
#1088 = AXIS2_PLACEMENT_3D('',#1089,#1090,#1091);
#1089 = CARTESIAN_POINT('',(9.,1.8,9.8));
#1090 = DIRECTION('',(1.,0.,0.));
#1091 = DIRECTION('',(0.,-1.,0.));
#1092 = ADVANCED_FACE('',(#1093),#1111,.F.);
#1093 = FACE_BOUND('',#1094,.F.);
#1094 = EDGE_LOOP('',(#1095,#1103,#1104,#1105));
#1095 = ORIENTED_EDGE('',*,*,#1096,.F.);
#1096 = EDGE_CURVE('',#707,#1097,#1099,.T.);
#1097 = VERTEX_POINT('',#1098);
#1098 = CARTESIAN_POINT('',(65.2,-2.22044604925E-16,9.8));
#1099 = LINE('',#1100,#1101);
#1100 = CARTESIAN_POINT('',(9.,-2.22044604925E-16,9.8));
#1101 = VECTOR('',#1102,1.);
#1102 = DIRECTION('',(1.,0.,0.));
#1103 = ORIENTED_EDGE('',*,*,#739,.T.);
#1104 = ORIENTED_EDGE('',*,*,#731,.T.);
#1105 = ORIENTED_EDGE('',*,*,#1106,.F.);
#1106 = EDGE_CURVE('',#1097,#724,#1107,.T.);
#1107 = LINE('',#1108,#1109);
#1108 = CARTESIAN_POINT('',(65.2,-2.22044604925E-16,8.));
#1109 = VECTOR('',#1110,1.);
#1110 = DIRECTION('',(0.,0.,1.));
#1111 = PLANE('',#1112);
#1112 = AXIS2_PLACEMENT_3D('',#1113,#1114,#1115);
#1113 = CARTESIAN_POINT('',(9.,0.,8.));
#1114 = DIRECTION('',(0.,1.,0.));
#1115 = DIRECTION('',(0.,0.,1.));
#1116 = ADVANCED_FACE('',(#1117),#1140,.T.);
#1117 = FACE_BOUND('',#1118,.F.);
#1118 = EDGE_LOOP('',(#1119,#1128,#1139));
#1119 = ORIENTED_EDGE('',*,*,#1120,.F.);
#1120 = EDGE_CURVE('',#1121,#716,#1123,.T.);
#1121 = VERTEX_POINT('',#1122);
#1122 = CARTESIAN_POINT('',(66.331370849898,0.4,14.2));
#1123 = CIRCLE('',#1124,1.8);
#1124 = AXIS2_PLACEMENT_3D('',#1125,#1126,#1127);
#1125 = CARTESIAN_POINT('',(65.2,1.8,14.2));
#1126 = DIRECTION('',(0.,0.,-1.));
#1127 = DIRECTION('',(1.,0.,0.));
#1128 = ORIENTED_EDGE('',*,*,#1129,.T.);
#1129 = EDGE_CURVE('',#1121,#724,#1130,.T.);
#1130 = B_SPLINE_CURVE_WITH_KNOTS('',7,(#1131,#1132,#1133,#1134,#1135,
    #1136,#1137,#1138),.UNSPECIFIED.,.F.,.F.,(8,8),(0.,1.),
  .PIECEWISE_BEZIER_KNOTS.);
#1131 = CARTESIAN_POINT('',(66.331371406745,0.40000045,14.2000006));
#1132 = CARTESIAN_POINT('',(66.181945963246,0.279246358175,
    14.038995270019));
#1133 = CARTESIAN_POINT('',(66.024438715714,0.18271859565,
    13.870913157389));
#1134 = CARTESIAN_POINT('',(65.862593353291,0.108293320456,
    13.699168790054));
#1135 = CARTESIAN_POINT('',(65.698530239266,5.393345780777E-02,
    13.525683252525));
#1136 = CARTESIAN_POINT('',(65.533265032182,1.809415257146E-02,
    13.35129204992));
#1137 = CARTESIAN_POINT('',(65.367087439025,1.871423193009E-07,
    13.176125653834));
#1138 = CARTESIAN_POINT('',(65.2,-3.330669073875E-16,13.));
#1139 = ORIENTED_EDGE('',*,*,#723,.T.);
#1140 = CYLINDRICAL_SURFACE('',#1141,1.8);
#1141 = AXIS2_PLACEMENT_3D('',#1142,#1143,#1144);
#1142 = CARTESIAN_POINT('',(65.2,1.8,8.));
#1143 = DIRECTION('',(0.,0.,1.));
#1144 = DIRECTION('',(1.,0.,0.));
#1145 = ADVANCED_FACE('',(#1146),#1188,.T.);
#1146 = FACE_BOUND('',#1147,.T.);
#1147 = EDGE_LOOP('',(#1148,#1149,#1150,#1151,#1160,#1168));
#1148 = ORIENTED_EDGE('',*,*,#864,.F.);
#1149 = ORIENTED_EDGE('',*,*,#822,.T.);
#1150 = ORIENTED_EDGE('',*,*,#807,.T.);
#1151 = ORIENTED_EDGE('',*,*,#1152,.F.);
#1152 = EDGE_CURVE('',#1153,#800,#1155,.T.);
#1153 = VERTEX_POINT('',#1154);
#1154 = CARTESIAN_POINT('',(65.2,4.81245154966,15.));
#1155 = CIRCLE('',#1156,1.8);
#1156 = AXIS2_PLACEMENT_3D('',#1157,#1158,#1159);
#1157 = CARTESIAN_POINT('',(65.2,3.2,14.2));
#1158 = DIRECTION('',(1.,0.,-6.123233995737E-17));
#1159 = DIRECTION('',(6.123233995737E-17,0.,1.));
#1160 = ORIENTED_EDGE('',*,*,#1161,.F.);
#1161 = EDGE_CURVE('',#1162,#1153,#1164,.T.);
#1162 = VERTEX_POINT('',#1163);
#1163 = CARTESIAN_POINT('',(64.,4.81245154966,15.));
#1164 = LINE('',#1165,#1166);
#1165 = CARTESIAN_POINT('',(9.,4.81245154966,15.));
#1166 = VECTOR('',#1167,1.);
#1167 = DIRECTION('',(1.,0.,0.));
#1168 = ORIENTED_EDGE('',*,*,#1169,.F.);
#1169 = EDGE_CURVE('',#865,#1162,#1170,.T.);
#1170 = B_SPLINE_CURVE_WITH_KNOTS('',6,(#1171,#1172,#1173,#1174,#1175,
    #1176,#1177,#1178,#1179,#1180,#1181,#1182,#1183,#1184,#1185,#1186,
    #1187),.UNSPECIFIED.,.F.,.F.,(7,5,5,7),(0.,0.15538988399,
    0.529141674536,1.),.UNSPECIFIED.);
#1171 = CARTESIAN_POINT('',(62.4,5.,14.2));
#1172 = CARTESIAN_POINT('',(62.431129376094,5.,14.241505834792));
#1173 = CARTESIAN_POINT('',(62.463360109402,4.998851548957,
    14.28178825592));
#1174 = CARTESIAN_POINT('',(62.496618224665,4.996681440949,
    14.32081085181));
#1175 = CARTESIAN_POINT('',(62.530828171776,4.993611845037,
    14.358542936019));
#1176 = CARTESIAN_POINT('',(62.565912825774,4.989760305264,
    14.394959547231));
#1177 = CARTESIAN_POINT('',(62.68809550974,4.974366644724,
    14.514422255534));
#1178 = CARTESIAN_POINT('',(62.779006666355,4.959622696409,
    14.59108488597));
#1179 = CARTESIAN_POINT('',(62.873777971594,4.942534500587,
    14.660094899113));
#1180 = CARTESIAN_POINT('',(62.971819200556,4.924359670946,
    14.721578948774));
#1181 = CARTESIAN_POINT('',(63.072681240531,4.906195760577,
    14.775652118021));
#1182 = CARTESIAN_POINT('',(63.306193588563,4.867289507077,
    14.881234716279));
#1183 = CARTESIAN_POINT('',(63.440732551418,4.847030966563,
    14.928625440342));
#1184 = CARTESIAN_POINT('',(63.578339397204,4.830198696095,
    14.964231867924));
#1185 = CARTESIAN_POINT('',(63.717972900356,4.818387591646,
    14.988034888621));
#1186 = CARTESIAN_POINT('',(63.858781957583,4.81245154966,15.));
#1187 = CARTESIAN_POINT('',(64.,4.81245154966,15.));
#1188 = CYLINDRICAL_SURFACE('',#1189,1.8);
#1189 = AXIS2_PLACEMENT_3D('',#1190,#1191,#1192);
#1190 = CARTESIAN_POINT('',(9.,3.2,14.2));
#1191 = DIRECTION('',(1.,0.,0.));
#1192 = DIRECTION('',(0.,1.,0.));
#1193 = ADVANCED_FACE('',(#1194),#1234,.T.);
#1194 = FACE_BOUND('',#1195,.F.);
#1195 = EDGE_LOOP('',(#1196,#1205,#1206,#1215,#1223));
#1196 = ORIENTED_EDGE('',*,*,#1197,.F.);
#1197 = EDGE_CURVE('',#792,#1198,#1200,.T.);
#1198 = VERTEX_POINT('',#1199);
#1199 = CARTESIAN_POINT('',(66.817386687874,1.8,14.989974874213));
#1200 = CIRCLE('',#1201,1.8);
#1201 = AXIS2_PLACEMENT_3D('',#1202,#1203,#1204);
#1202 = CARTESIAN_POINT('',(65.2,1.8,14.2));
#1203 = DIRECTION('',(-0.,1.,0.));
#1204 = DIRECTION('',(1.,0.,0.));
#1205 = ORIENTED_EDGE('',*,*,#799,.T.);
#1206 = ORIENTED_EDGE('',*,*,#1207,.F.);
#1207 = EDGE_CURVE('',#1208,#800,#1210,.T.);
#1208 = VERTEX_POINT('',#1209);
#1209 = CARTESIAN_POINT('',(66.81245154966,3.2,15.));
#1210 = CIRCLE('',#1211,1.8);
#1211 = AXIS2_PLACEMENT_3D('',#1212,#1213,#1214);
#1212 = CARTESIAN_POINT('',(65.2,3.2,14.2));
#1213 = DIRECTION('',(0.,-1.,0.));
#1214 = DIRECTION('',(1.,0.,0.));
#1215 = ORIENTED_EDGE('',*,*,#1216,.F.);
#1216 = EDGE_CURVE('',#1217,#1208,#1219,.T.);
#1217 = VERTEX_POINT('',#1218);
#1218 = CARTESIAN_POINT('',(66.812451549659,2.,15.));
#1219 = LINE('',#1220,#1221);
#1220 = CARTESIAN_POINT('',(66.81245154966,0.,15.));
#1221 = VECTOR('',#1222,1.);
#1222 = DIRECTION('',(0.,1.,0.));
#1223 = ORIENTED_EDGE('',*,*,#1224,.F.);
#1224 = EDGE_CURVE('',#1198,#1217,#1225,.T.);
#1225 = B_SPLINE_CURVE_WITH_KNOTS('',4,(#1226,#1227,#1228,#1229,#1230,
    #1231,#1232,#1233),.UNSPECIFIED.,.F.,.F.,(5,3,5),(0.,0.967099875061,
    1.),.UNSPECIFIED.);
#1226 = CARTESIAN_POINT('',(66.817386717327,1.7999994,14.989974813911));
#1227 = CARTESIAN_POINT('',(66.815020458569,1.848202963225,
    14.994819468979));
#1228 = CARTESIAN_POINT('',(66.813391119335,1.896552282645,
    14.998106214263));
#1229 = CARTESIAN_POINT('',(66.812536114645,1.944978582891,
    14.999829551031));
#1230 = CARTESIAN_POINT('',(66.812454243287,1.995057199247,
    14.999994570821));
#1231 = CARTESIAN_POINT('',(66.812452447535,1.996704797619,
    14.999998190274));
#1232 = CARTESIAN_POINT('',(66.81245154966,1.998352398809,15.));
#1233 = CARTESIAN_POINT('',(66.81245154966,2.,15.));
#1234 = CYLINDRICAL_SURFACE('',#1235,1.8);
#1235 = AXIS2_PLACEMENT_3D('',#1236,#1237,#1238);
#1236 = CARTESIAN_POINT('',(65.2,0.,14.2));
#1237 = DIRECTION('',(0.,1.,0.));
#1238 = DIRECTION('',(1.,0.,0.));
#1239 = ADVANCED_FACE('',(#1240),#1252,.T.);
#1240 = FACE_BOUND('',#1241,.F.);
#1241 = EDGE_LOOP('',(#1242,#1243,#1244,#1251));
#1242 = ORIENTED_EDGE('',*,*,#839,.F.);
#1243 = ORIENTED_EDGE('',*,*,#921,.T.);
#1244 = ORIENTED_EDGE('',*,*,#1245,.T.);
#1245 = EDGE_CURVE('',#914,#856,#1246,.T.);
#1246 = CIRCLE('',#1247,1.8);
#1247 = AXIS2_PLACEMENT_3D('',#1248,#1249,#1250);
#1248 = CARTESIAN_POINT('',(62.,3.2,9.8));
#1249 = DIRECTION('',(1.,0.,0.));
#1250 = DIRECTION('',(0.,1.,0.));
#1251 = ORIENTED_EDGE('',*,*,#855,.F.);
#1252 = CYLINDRICAL_SURFACE('',#1253,1.8);
#1253 = AXIS2_PLACEMENT_3D('',#1254,#1255,#1256);
#1254 = CARTESIAN_POINT('',(9.,3.2,9.8));
#1255 = DIRECTION('',(1.,0.,0.));
#1256 = DIRECTION('',(0.,1.,0.));
#1257 = ADVANCED_FACE('',(#1258),#1293,.T.);
#1258 = FACE_BOUND('',#1259,.F.);
#1259 = EDGE_LOOP('',(#1260,#1268,#1277,#1285,#1292));
#1260 = ORIENTED_EDGE('',*,*,#1261,.F.);
#1261 = EDGE_CURVE('',#1262,#856,#1264,.T.);
#1262 = VERTEX_POINT('',#1263);
#1263 = CARTESIAN_POINT('',(62.,5.,7.));
#1264 = LINE('',#1265,#1266);
#1265 = CARTESIAN_POINT('',(62.,5.,5.));
#1266 = VECTOR('',#1267,1.);
#1267 = DIRECTION('',(0.,0.,1.));
#1268 = ORIENTED_EDGE('',*,*,#1269,.T.);
#1269 = EDGE_CURVE('',#1262,#1270,#1272,.T.);
#1270 = VERTEX_POINT('',#1271);
#1271 = CARTESIAN_POINT('',(64.,7.,7.));
#1272 = CIRCLE('',#1273,2.);
#1273 = AXIS2_PLACEMENT_3D('',#1274,#1275,#1276);
#1274 = CARTESIAN_POINT('',(64.,5.,7.));
#1275 = DIRECTION('',(0.,0.,-1.));
#1276 = DIRECTION('',(-1.,0.,0.));
#1277 = ORIENTED_EDGE('',*,*,#1278,.T.);
#1278 = EDGE_CURVE('',#1270,#1279,#1281,.T.);
#1279 = VERTEX_POINT('',#1280);
#1280 = CARTESIAN_POINT('',(64.,7.,13.));
#1281 = LINE('',#1282,#1283);
#1282 = CARTESIAN_POINT('',(64.,7.,5.));
#1283 = VECTOR('',#1284,1.);
#1284 = DIRECTION('',(0.,0.,1.));
#1285 = ORIENTED_EDGE('',*,*,#1286,.T.);
#1286 = EDGE_CURVE('',#1279,#873,#1287,.T.);
#1287 = CIRCLE('',#1288,2.);
#1288 = AXIS2_PLACEMENT_3D('',#1289,#1290,#1291);
#1289 = CARTESIAN_POINT('',(64.,5.,13.));
#1290 = DIRECTION('',(0.,0.,1.));
#1291 = DIRECTION('',(-1.,0.,0.));
#1292 = ORIENTED_EDGE('',*,*,#881,.F.);
#1293 = CYLINDRICAL_SURFACE('',#1294,2.);
#1294 = AXIS2_PLACEMENT_3D('',#1295,#1296,#1297);
#1295 = CARTESIAN_POINT('',(64.,5.,5.));
#1296 = DIRECTION('',(0.,0.,1.));
#1297 = DIRECTION('',(-1.,0.,0.));
#1298 = ADVANCED_FACE('',(#1299),#1319,.T.);
#1299 = FACE_BOUND('',#1300,.F.);
#1300 = EDGE_LOOP('',(#1301,#1302,#1311,#1318));
#1301 = ORIENTED_EDGE('',*,*,#1286,.F.);
#1302 = ORIENTED_EDGE('',*,*,#1303,.T.);
#1303 = EDGE_CURVE('',#1279,#1304,#1306,.T.);
#1304 = VERTEX_POINT('',#1305);
#1305 = CARTESIAN_POINT('',(64.,5.,15.));
#1306 = CIRCLE('',#1307,2.);
#1307 = AXIS2_PLACEMENT_3D('',#1308,#1309,#1310);
#1308 = CARTESIAN_POINT('',(64.,5.,13.));
#1309 = DIRECTION('',(1.,0.,6.123233995737E-17));
#1310 = DIRECTION('',(-6.123233995737E-17,0.,1.));
#1311 = ORIENTED_EDGE('',*,*,#1312,.F.);
#1312 = EDGE_CURVE('',#865,#1304,#1313,.T.);
#1313 = CIRCLE('',#1314,2.);
#1314 = AXIS2_PLACEMENT_3D('',#1315,#1316,#1317);
#1315 = CARTESIAN_POINT('',(64.,5.,13.));
#1316 = DIRECTION('',(0.,1.,-0.));
#1317 = DIRECTION('',(-1.,0.,0.));
#1318 = ORIENTED_EDGE('',*,*,#872,.F.);
#1319 = SPHERICAL_SURFACE('',#1320,2.);
#1320 = AXIS2_PLACEMENT_3D('',#1321,#1322,#1323);
#1321 = CARTESIAN_POINT('',(64.,5.,13.));
#1322 = DIRECTION('',(0.,-1.,0.));
#1323 = DIRECTION('',(-1.,0.,0.));
#1324 = ADVANCED_FACE('',(#1325),#1344,.F.);
#1325 = FACE_BOUND('',#1326,.F.);
#1326 = EDGE_LOOP('',(#1327,#1335,#1341,#1342,#1343));
#1327 = ORIENTED_EDGE('',*,*,#1328,.F.);
#1328 = EDGE_CURVE('',#1329,#905,#1331,.T.);
#1329 = VERTEX_POINT('',#1330);
#1330 = CARTESIAN_POINT('',(62.,2.,7.));
#1331 = LINE('',#1332,#1333);
#1332 = CARTESIAN_POINT('',(62.,2.,5.));
#1333 = VECTOR('',#1334,1.);
#1334 = DIRECTION('',(0.,0.,1.));
#1335 = ORIENTED_EDGE('',*,*,#1336,.T.);
#1336 = EDGE_CURVE('',#1329,#1262,#1337,.T.);
#1337 = LINE('',#1338,#1339);
#1338 = CARTESIAN_POINT('',(62.,0.,7.));
#1339 = VECTOR('',#1340,1.);
#1340 = DIRECTION('',(0.,1.,0.));
#1341 = ORIENTED_EDGE('',*,*,#1261,.T.);
#1342 = ORIENTED_EDGE('',*,*,#1245,.F.);
#1343 = ORIENTED_EDGE('',*,*,#913,.F.);
#1344 = PLANE('',#1345);
#1345 = AXIS2_PLACEMENT_3D('',#1346,#1347,#1348);
#1346 = CARTESIAN_POINT('',(62.,0.,5.));
#1347 = DIRECTION('',(1.,0.,0.));
#1348 = DIRECTION('',(0.,0.,1.));
#1349 = ADVANCED_FACE('',(#1350),#1370,.T.);
#1350 = FACE_BOUND('',#1351,.T.);
#1351 = EDGE_LOOP('',(#1352,#1353,#1362,#1368,#1369));
#1352 = ORIENTED_EDGE('',*,*,#1328,.F.);
#1353 = ORIENTED_EDGE('',*,*,#1354,.T.);
#1354 = EDGE_CURVE('',#1329,#1355,#1357,.T.);
#1355 = VERTEX_POINT('',#1356);
#1356 = CARTESIAN_POINT('',(64.,-4.440892098501E-16,7.));
#1357 = CIRCLE('',#1358,2.);
#1358 = AXIS2_PLACEMENT_3D('',#1359,#1360,#1361);
#1359 = CARTESIAN_POINT('',(64.,2.,7.));
#1360 = DIRECTION('',(0.,0.,1.));
#1361 = DIRECTION('',(-1.,0.,0.));
#1362 = ORIENTED_EDGE('',*,*,#1363,.T.);
#1363 = EDGE_CURVE('',#1355,#707,#1364,.T.);
#1364 = LINE('',#1365,#1366);
#1365 = CARTESIAN_POINT('',(64.,-4.440892098501E-16,5.));
#1366 = VECTOR('',#1367,1.);
#1367 = DIRECTION('',(0.,0.,1.));
#1368 = ORIENTED_EDGE('',*,*,#1040,.T.);
#1369 = ORIENTED_EDGE('',*,*,#904,.F.);
#1370 = CYLINDRICAL_SURFACE('',#1371,2.);
#1371 = AXIS2_PLACEMENT_3D('',#1372,#1373,#1374);
#1372 = CARTESIAN_POINT('',(64.,2.,5.));
#1373 = DIRECTION('',(0.,0.,1.));
#1374 = DIRECTION('',(-1.,0.,0.));
#1375 = ADVANCED_FACE('',(#1376),#1397,.T.);
#1376 = FACE_BOUND('',#1377,.F.);
#1377 = EDGE_LOOP('',(#1378,#1387,#1394,#1395,#1396));
#1378 = ORIENTED_EDGE('',*,*,#1379,.F.);
#1379 = EDGE_CURVE('',#1380,#969,#1382,.T.);
#1380 = VERTEX_POINT('',#1381);
#1381 = CARTESIAN_POINT('',(-10.8,1.8,8.));
#1382 = CIRCLE('',#1383,1.8);
#1383 = AXIS2_PLACEMENT_3D('',#1384,#1385,#1386);
#1384 = CARTESIAN_POINT('',(-10.8,1.8,9.8));
#1385 = DIRECTION('',(0.,-1.,0.));
#1386 = DIRECTION('',(1.,0.,0.));
#1387 = ORIENTED_EDGE('',*,*,#1388,.T.);
#1388 = EDGE_CURVE('',#1380,#989,#1389,.T.);
#1389 = CIRCLE('',#1390,1.8);
#1390 = AXIS2_PLACEMENT_3D('',#1391,#1392,#1393);
#1391 = CARTESIAN_POINT('',(-10.8,1.8,9.8));
#1392 = DIRECTION('',(-1.,-6.123233995737E-17,0.));
#1393 = DIRECTION('',(6.123233995737E-17,-1.,0.));
#1394 = ORIENTED_EDGE('',*,*,#988,.F.);
#1395 = ORIENTED_EDGE('',*,*,#945,.T.);
#1396 = ORIENTED_EDGE('',*,*,#978,.F.);
#1397 = SPHERICAL_SURFACE('',#1398,1.8);
#1398 = AXIS2_PLACEMENT_3D('',#1399,#1400,#1401);
#1399 = CARTESIAN_POINT('',(-10.8,1.8,9.8));
#1400 = DIRECTION('',(0.,0.,1.));
#1401 = DIRECTION('',(1.,0.,0.));
#1402 = ADVANCED_FACE('',(#1403),#1428,.T.);
#1403 = FACE_BOUND('',#1404,.T.);
#1404 = EDGE_LOOP('',(#1405,#1406,#1414,#1422));
#1405 = ORIENTED_EDGE('',*,*,#968,.F.);
#1406 = ORIENTED_EDGE('',*,*,#1407,.T.);
#1407 = EDGE_CURVE('',#969,#1408,#1410,.T.);
#1408 = VERTEX_POINT('',#1409);
#1409 = CARTESIAN_POINT('',(-9.,3.2,9.8));
#1410 = LINE('',#1411,#1412);
#1411 = CARTESIAN_POINT('',(-9.,0.,9.8));
#1412 = VECTOR('',#1413,1.);
#1413 = DIRECTION('',(0.,1.,0.));
#1414 = ORIENTED_EDGE('',*,*,#1415,.T.);
#1415 = EDGE_CURVE('',#1408,#1416,#1418,.T.);
#1416 = VERTEX_POINT('',#1417);
#1417 = CARTESIAN_POINT('',(-9.,3.2,14.2));
#1418 = LINE('',#1419,#1420);
#1419 = CARTESIAN_POINT('',(-9.,3.2,8.));
#1420 = VECTOR('',#1421,1.);
#1421 = DIRECTION('',(0.,0.,1.));
#1422 = ORIENTED_EDGE('',*,*,#1423,.F.);
#1423 = EDGE_CURVE('',#971,#1416,#1424,.T.);
#1424 = LINE('',#1425,#1426);
#1425 = CARTESIAN_POINT('',(-9.,0.,14.2));
#1426 = VECTOR('',#1427,1.);
#1427 = DIRECTION('',(0.,1.,0.));
#1428 = PLANE('',#1429);
#1429 = AXIS2_PLACEMENT_3D('',#1430,#1431,#1432);
#1430 = CARTESIAN_POINT('',(-9.,0.,8.));
#1431 = DIRECTION('',(1.,0.,0.));
#1432 = DIRECTION('',(0.,0.,1.));
#1433 = ADVANCED_FACE('',(#1434),#1453,.T.);
#1434 = FACE_BOUND('',#1435,.T.);
#1435 = EDGE_LOOP('',(#1436,#1445,#1452));
#1436 = ORIENTED_EDGE('',*,*,#1437,.F.);
#1437 = EDGE_CURVE('',#1438,#971,#1440,.T.);
#1438 = VERTEX_POINT('',#1439);
#1439 = CARTESIAN_POINT('',(-10.8,1.8,16.));
#1440 = CIRCLE('',#1441,1.8);
#1441 = AXIS2_PLACEMENT_3D('',#1442,#1443,#1444);
#1442 = CARTESIAN_POINT('',(-10.8,1.8,14.2));
#1443 = DIRECTION('',(-0.,1.,0.));
#1444 = DIRECTION('',(1.,0.,0.));
#1445 = ORIENTED_EDGE('',*,*,#1446,.T.);
#1446 = EDGE_CURVE('',#1438,#998,#1447,.T.);
#1447 = CIRCLE('',#1448,1.8);
#1448 = AXIS2_PLACEMENT_3D('',#1449,#1450,#1451);
#1449 = CARTESIAN_POINT('',(-10.8,1.8,14.2));
#1450 = DIRECTION('',(1.,6.123233995737E-17,0.));
#1451 = DIRECTION('',(6.123233995737E-17,-1.,0.));
#1452 = ORIENTED_EDGE('',*,*,#1005,.F.);
#1453 = SPHERICAL_SURFACE('',#1454,1.8);
#1454 = AXIS2_PLACEMENT_3D('',#1455,#1456,#1457);
#1455 = CARTESIAN_POINT('',(-10.8,1.8,14.2));
#1456 = DIRECTION('',(-0.,-0.,-1.));
#1457 = DIRECTION('',(1.,0.,0.));
#1458 = ADVANCED_FACE('',(#1459),#1500,.F.);
#1459 = FACE_BOUND('',#1460,.F.);
#1460 = EDGE_LOOP('',(#1461,#1471,#1479,#1485,#1486,#1494));
#1461 = ORIENTED_EDGE('',*,*,#1462,.F.);
#1462 = EDGE_CURVE('',#1463,#1465,#1467,.T.);
#1463 = VERTEX_POINT('',#1464);
#1464 = CARTESIAN_POINT('',(-65.2,-3.330669073875E-16,13.));
#1465 = VERTEX_POINT('',#1466);
#1466 = CARTESIAN_POINT('',(-64.,-4.440892098501E-16,13.));
#1467 = LINE('',#1468,#1469);
#1468 = CARTESIAN_POINT('',(-80.,-4.440892098501E-16,13.));
#1469 = VECTOR('',#1470,1.);
#1470 = DIRECTION('',(1.,0.,0.));
#1471 = ORIENTED_EDGE('',*,*,#1472,.T.);
#1472 = EDGE_CURVE('',#1463,#1473,#1475,.T.);
#1473 = VERTEX_POINT('',#1474);
#1474 = CARTESIAN_POINT('',(-65.2,-2.22044604925E-16,14.2));
#1475 = LINE('',#1476,#1477);
#1476 = CARTESIAN_POINT('',(-65.2,-2.22044604925E-16,8.));
#1477 = VECTOR('',#1478,1.);
#1478 = DIRECTION('',(0.,0.,1.));
#1479 = ORIENTED_EDGE('',*,*,#1480,.T.);
#1480 = EDGE_CURVE('',#1473,#998,#1481,.T.);
#1481 = LINE('',#1482,#1483);
#1482 = CARTESIAN_POINT('',(-67.,-2.22044604925E-16,14.2));
#1483 = VECTOR('',#1484,1.);
#1484 = DIRECTION('',(1.,0.,0.));
#1485 = ORIENTED_EDGE('',*,*,#997,.F.);
#1486 = ORIENTED_EDGE('',*,*,#1487,.F.);
#1487 = EDGE_CURVE('',#1488,#989,#1490,.T.);
#1488 = VERTEX_POINT('',#1489);
#1489 = CARTESIAN_POINT('',(-64.,-3.330669073875E-16,9.8));
#1490 = LINE('',#1491,#1492);
#1491 = CARTESIAN_POINT('',(-67.,-2.22044604925E-16,9.8));
#1492 = VECTOR('',#1493,1.);
#1493 = DIRECTION('',(1.,0.,0.));
#1494 = ORIENTED_EDGE('',*,*,#1495,.T.);
#1495 = EDGE_CURVE('',#1488,#1465,#1496,.T.);
#1496 = LINE('',#1497,#1498);
#1497 = CARTESIAN_POINT('',(-64.,-4.440892098501E-16,5.));
#1498 = VECTOR('',#1499,1.);
#1499 = DIRECTION('',(0.,0.,1.));
#1500 = PLANE('',#1501);
#1501 = AXIS2_PLACEMENT_3D('',#1502,#1503,#1504);
#1502 = CARTESIAN_POINT('',(-67.,0.,8.));
#1503 = DIRECTION('',(0.,1.,0.));
#1504 = DIRECTION('',(0.,0.,1.));
#1505 = ADVANCED_FACE('',(#1506),#1540,.T.);
#1506 = FACE_BOUND('',#1507,.T.);
#1507 = EDGE_LOOP('',(#1508,#1509,#1510,#1511));
#1508 = ORIENTED_EDGE('',*,*,#1197,.F.);
#1509 = ORIENTED_EDGE('',*,*,#1022,.T.);
#1510 = ORIENTED_EDGE('',*,*,#1120,.F.);
#1511 = ORIENTED_EDGE('',*,*,#1512,.F.);
#1512 = EDGE_CURVE('',#1198,#1121,#1513,.T.);
#1513 = B_SPLINE_CURVE_WITH_KNOTS('',5,(#1514,#1515,#1516,#1517,#1518,
    #1519,#1520,#1521,#1522,#1523,#1524,#1525,#1526,#1527,#1528,#1529,
    #1530,#1531,#1532,#1533,#1534,#1535,#1536,#1537,#1538,#1539),
  .UNSPECIFIED.,.F.,.F.,(6,4,4,4,4,4,6),(0.,0.122894603737,
    0.289180907246,0.457785728026,0.614619520628,0.798694689372,1.),
  .UNSPECIFIED.);
#1514 = CARTESIAN_POINT('',(66.817386687874,1.8,14.989974874213));
#1515 = CARTESIAN_POINT('',(66.819517246406,1.756597809074,
    14.985612789899));
#1516 = CARTESIAN_POINT('',(66.820755958633,1.713227964565,
    14.980058788792));
#1517 = CARTESIAN_POINT('',(66.821097979068,1.669962116423,
    14.973310305198));
#1518 = CARTESIAN_POINT('',(66.820540081567,1.626873031815,
    14.965373849491));
#1519 = CARTESIAN_POINT('',(66.817105943417,1.526070737752,
    14.943940011597));
#1520 = CARTESIAN_POINT('',(66.813480871182,1.468564433741,
    14.929468558762));
#1521 = CARTESIAN_POINT('',(66.808201273854,1.411700991505,
    14.912889699735));
#1522 = CARTESIAN_POINT('',(66.801271222012,1.355659596859,
    14.894274979666));
#1523 = CARTESIAN_POINT('',(66.78401536346,1.244799523051,
    14.852895418927));
#1524 = CARTESIAN_POINT('',(66.773643471966,1.190006938273,
    14.830075836005));
#1525 = CARTESIAN_POINT('',(66.761600847423,1.136415224861,
    14.805378428192));
#1526 = CARTESIAN_POINT('',(66.747909704588,1.08418335254,
    14.778943099687));
#1527 = CARTESIAN_POINT('',(66.718361131964,0.986251555475,
    14.724882655989));
#1528 = CARTESIAN_POINT('',(66.702721395966,0.940349246687,
    14.697468932759));
#1529 = CARTESIAN_POINT('',(66.685706410189,0.895847161835,
    14.668826431027));
#1530 = CARTESIAN_POINT('',(66.667345455921,0.852829382785,
    14.639103054726));
#1531 = CARTESIAN_POINT('',(66.624577815952,0.762681146706,
    14.572483810863));
#1532 = CARTESIAN_POINT('',(66.599674861689,0.716133958976,
    14.535238693027));
#1533 = CARTESIAN_POINT('',(66.573012421253,0.671813285273,
    14.496971788081));
#1534 = CARTESIAN_POINT('',(66.544644771623,0.62977114691,
    14.457948656847));
#1535 = CARTESIAN_POINT('',(66.481793257758,0.546549679401,
    14.375223319572));
#1536 = CARTESIAN_POINT('',(66.446985928379,0.505820095296,
    14.331425674048));
#1537 = CARTESIAN_POINT('',(66.410269158976,0.467847998447,
    14.287389071417));
#1538 = CARTESIAN_POINT('',(66.371710133776,0.432599064203,
    14.243465418938));
#1539 = CARTESIAN_POINT('',(66.331370849898,0.4,14.2));
#1540 = SPHERICAL_SURFACE('',#1541,1.8);
#1541 = AXIS2_PLACEMENT_3D('',#1542,#1543,#1544);
#1542 = CARTESIAN_POINT('',(65.2,1.8,14.2));
#1543 = DIRECTION('',(-0.,-0.,-1.));
#1544 = DIRECTION('',(1.,0.,0.));
#1545 = ADVANCED_FACE('',(#1546),#1573,.F.);
#1546 = FACE_BOUND('',#1547,.F.);
#1547 = EDGE_LOOP('',(#1548,#1556,#1557,#1558,#1559,#1567));
#1548 = ORIENTED_EDGE('',*,*,#1549,.F.);
#1549 = EDGE_CURVE('',#1355,#1550,#1552,.T.);
#1550 = VERTEX_POINT('',#1551);
#1551 = CARTESIAN_POINT('',(78.,-4.440892098501E-16,7.));
#1552 = LINE('',#1553,#1554);
#1553 = CARTESIAN_POINT('',(62.,-4.440892098501E-16,7.));
#1554 = VECTOR('',#1555,1.);
#1555 = DIRECTION('',(1.,0.,0.));
#1556 = ORIENTED_EDGE('',*,*,#1363,.T.);
#1557 = ORIENTED_EDGE('',*,*,#1096,.T.);
#1558 = ORIENTED_EDGE('',*,*,#1106,.T.);
#1559 = ORIENTED_EDGE('',*,*,#1560,.T.);
#1560 = EDGE_CURVE('',#724,#1561,#1563,.T.);
#1561 = VERTEX_POINT('',#1562);
#1562 = CARTESIAN_POINT('',(78.,-4.440892098501E-16,13.));
#1563 = LINE('',#1564,#1565);
#1564 = CARTESIAN_POINT('',(62.,-4.440892098501E-16,13.));
#1565 = VECTOR('',#1566,1.);
#1566 = DIRECTION('',(1.,0.,0.));
#1567 = ORIENTED_EDGE('',*,*,#1568,.F.);
#1568 = EDGE_CURVE('',#1550,#1561,#1569,.T.);
#1569 = LINE('',#1570,#1571);
#1570 = CARTESIAN_POINT('',(78.,-4.440892098501E-16,5.));
#1571 = VECTOR('',#1572,1.);
#1572 = DIRECTION('',(0.,0.,1.));
#1573 = PLANE('',#1574);
#1574 = AXIS2_PLACEMENT_3D('',#1575,#1576,#1577);
#1575 = CARTESIAN_POINT('',(62.,0.,5.));
#1576 = DIRECTION('',(0.,1.,0.));
#1577 = DIRECTION('',(0.,0.,1.));
#1578 = ADVANCED_FACE('',(#1579),#1600,.T.);
#1579 = FACE_BOUND('',#1580,.F.);
#1580 = EDGE_LOOP('',(#1581,#1582,#1590,#1597,#1598,#1599));
#1581 = ORIENTED_EDGE('',*,*,#1224,.T.);
#1582 = ORIENTED_EDGE('',*,*,#1583,.T.);
#1583 = EDGE_CURVE('',#1217,#1584,#1586,.T.);
#1584 = VERTEX_POINT('',#1585);
#1585 = CARTESIAN_POINT('',(78.,2.,15.));
#1586 = LINE('',#1587,#1588);
#1587 = CARTESIAN_POINT('',(62.,2.,15.));
#1588 = VECTOR('',#1589,1.);
#1589 = DIRECTION('',(1.,0.,0.));
#1590 = ORIENTED_EDGE('',*,*,#1591,.T.);
#1591 = EDGE_CURVE('',#1584,#1561,#1592,.T.);
#1592 = CIRCLE('',#1593,2.);
#1593 = AXIS2_PLACEMENT_3D('',#1594,#1595,#1596);
#1594 = CARTESIAN_POINT('',(78.,2.,13.));
#1595 = DIRECTION('',(1.,6.123233995737E-17,0.));
#1596 = DIRECTION('',(6.123233995737E-17,-1.,0.));
#1597 = ORIENTED_EDGE('',*,*,#1560,.F.);
#1598 = ORIENTED_EDGE('',*,*,#1129,.F.);
#1599 = ORIENTED_EDGE('',*,*,#1512,.F.);
#1600 = CYLINDRICAL_SURFACE('',#1601,2.);
#1601 = AXIS2_PLACEMENT_3D('',#1602,#1603,#1604);
#1602 = CARTESIAN_POINT('',(62.,2.,13.));
#1603 = DIRECTION('',(1.,0.,0.));
#1604 = DIRECTION('',(0.,-1.,0.));
#1605 = ADVANCED_FACE('',(#1606),#1616,.T.);
#1606 = FACE_BOUND('',#1607,.T.);
#1607 = EDGE_LOOP('',(#1608,#1609,#1615));
#1608 = ORIENTED_EDGE('',*,*,#1169,.T.);
#1609 = ORIENTED_EDGE('',*,*,#1610,.T.);
#1610 = EDGE_CURVE('',#1162,#1304,#1611,.T.);
#1611 = LINE('',#1612,#1613);
#1612 = CARTESIAN_POINT('',(64.,0.,15.));
#1613 = VECTOR('',#1614,1.);
#1614 = DIRECTION('',(0.,1.,0.));
#1615 = ORIENTED_EDGE('',*,*,#1312,.F.);
#1616 = CYLINDRICAL_SURFACE('',#1617,2.);
#1617 = AXIS2_PLACEMENT_3D('',#1618,#1619,#1620);
#1618 = CARTESIAN_POINT('',(64.,0.,13.));
#1619 = DIRECTION('',(0.,1.,0.));
#1620 = DIRECTION('',(-1.,0.,0.));
#1621 = ADVANCED_FACE('',(#1622),#1649,.T.);
#1622 = FACE_BOUND('',#1623,.T.);
#1623 = EDGE_LOOP('',(#1624,#1625,#1626,#1633,#1634,#1635,#1643));
#1624 = ORIENTED_EDGE('',*,*,#1610,.F.);
#1625 = ORIENTED_EDGE('',*,*,#1161,.T.);
#1626 = ORIENTED_EDGE('',*,*,#1627,.F.);
#1627 = EDGE_CURVE('',#1208,#1153,#1628,.T.);
#1628 = CIRCLE('',#1629,1.61245154966);
#1629 = AXIS2_PLACEMENT_3D('',#1630,#1631,#1632);
#1630 = CARTESIAN_POINT('',(65.2,3.2,15.));
#1631 = DIRECTION('',(-0.,0.,1.));
#1632 = DIRECTION('',(0.,-1.,0.));
#1633 = ORIENTED_EDGE('',*,*,#1216,.F.);
#1634 = ORIENTED_EDGE('',*,*,#1583,.T.);
#1635 = ORIENTED_EDGE('',*,*,#1636,.T.);
#1636 = EDGE_CURVE('',#1584,#1637,#1639,.T.);
#1637 = VERTEX_POINT('',#1638);
#1638 = CARTESIAN_POINT('',(78.,5.,15.));
#1639 = LINE('',#1640,#1641);
#1640 = CARTESIAN_POINT('',(78.,0.,15.));
#1641 = VECTOR('',#1642,1.);
#1642 = DIRECTION('',(0.,1.,0.));
#1643 = ORIENTED_EDGE('',*,*,#1644,.F.);
#1644 = EDGE_CURVE('',#1304,#1637,#1645,.T.);
#1645 = LINE('',#1646,#1647);
#1646 = CARTESIAN_POINT('',(62.,5.,15.));
#1647 = VECTOR('',#1648,1.);
#1648 = DIRECTION('',(1.,0.,0.));
#1649 = PLANE('',#1650);
#1650 = AXIS2_PLACEMENT_3D('',#1651,#1652,#1653);
#1651 = CARTESIAN_POINT('',(62.,0.,15.));
#1652 = DIRECTION('',(0.,0.,1.));
#1653 = DIRECTION('',(1.,0.,0.));
#1654 = ADVANCED_FACE('',(#1655),#1660,.T.);
#1655 = FACE_BOUND('',#1656,.T.);
#1656 = EDGE_LOOP('',(#1657,#1658,#1659));
#1657 = ORIENTED_EDGE('',*,*,#1627,.T.);
#1658 = ORIENTED_EDGE('',*,*,#1152,.T.);
#1659 = ORIENTED_EDGE('',*,*,#1207,.F.);
#1660 = SPHERICAL_SURFACE('',#1661,1.8);
#1661 = AXIS2_PLACEMENT_3D('',#1662,#1663,#1664);
#1662 = CARTESIAN_POINT('',(65.2,3.2,14.2));
#1663 = DIRECTION('',(0.,-1.,0.));
#1664 = DIRECTION('',(1.,0.,0.));
#1665 = ADVANCED_FACE('',(#1666),#1685,.T.);
#1666 = FACE_BOUND('',#1667,.F.);
#1667 = EDGE_LOOP('',(#1668,#1677,#1684));
#1668 = ORIENTED_EDGE('',*,*,#1669,.F.);
#1669 = EDGE_CURVE('',#1670,#1262,#1672,.T.);
#1670 = VERTEX_POINT('',#1671);
#1671 = CARTESIAN_POINT('',(64.,5.,5.));
#1672 = CIRCLE('',#1673,2.);
#1673 = AXIS2_PLACEMENT_3D('',#1674,#1675,#1676);
#1674 = CARTESIAN_POINT('',(64.,5.,7.));
#1675 = DIRECTION('',(0.,1.,-0.));
#1676 = DIRECTION('',(-1.,0.,0.));
#1677 = ORIENTED_EDGE('',*,*,#1678,.T.);
#1678 = EDGE_CURVE('',#1670,#1270,#1679,.T.);
#1679 = CIRCLE('',#1680,2.);
#1680 = AXIS2_PLACEMENT_3D('',#1681,#1682,#1683);
#1681 = CARTESIAN_POINT('',(64.,5.,7.));
#1682 = DIRECTION('',(1.,6.123233995737E-17,-0.));
#1683 = DIRECTION('',(-6.123233995737E-17,1.,0.));
#1684 = ORIENTED_EDGE('',*,*,#1269,.F.);
#1685 = SPHERICAL_SURFACE('',#1686,2.);
#1686 = AXIS2_PLACEMENT_3D('',#1687,#1688,#1689);
#1687 = CARTESIAN_POINT('',(64.,5.,7.));
#1688 = DIRECTION('',(0.,0.,1.));
#1689 = DIRECTION('',(-1.,0.,0.));
#1690 = ADVANCED_FACE('',(#1691),#1716,.T.);
#1691 = FACE_BOUND('',#1692,.T.);
#1692 = EDGE_LOOP('',(#1693,#1694,#1702,#1710));
#1693 = ORIENTED_EDGE('',*,*,#1278,.T.);
#1694 = ORIENTED_EDGE('',*,*,#1695,.T.);
#1695 = EDGE_CURVE('',#1279,#1696,#1698,.T.);
#1696 = VERTEX_POINT('',#1697);
#1697 = CARTESIAN_POINT('',(78.,7.,13.));
#1698 = LINE('',#1699,#1700);
#1699 = CARTESIAN_POINT('',(62.,7.,13.));
#1700 = VECTOR('',#1701,1.);
#1701 = DIRECTION('',(1.,0.,0.));
#1702 = ORIENTED_EDGE('',*,*,#1703,.F.);
#1703 = EDGE_CURVE('',#1704,#1696,#1706,.T.);
#1704 = VERTEX_POINT('',#1705);
#1705 = CARTESIAN_POINT('',(78.,7.,7.));
#1706 = LINE('',#1707,#1708);
#1707 = CARTESIAN_POINT('',(78.,7.,5.));
#1708 = VECTOR('',#1709,1.);
#1709 = DIRECTION('',(0.,0.,1.));
#1710 = ORIENTED_EDGE('',*,*,#1711,.F.);
#1711 = EDGE_CURVE('',#1270,#1704,#1712,.T.);
#1712 = LINE('',#1713,#1714);
#1713 = CARTESIAN_POINT('',(62.,7.,7.));
#1714 = VECTOR('',#1715,1.);
#1715 = DIRECTION('',(1.,0.,0.));
#1716 = PLANE('',#1717);
#1717 = AXIS2_PLACEMENT_3D('',#1718,#1719,#1720);
#1718 = CARTESIAN_POINT('',(62.,7.,5.));
#1719 = DIRECTION('',(0.,1.,0.));
#1720 = DIRECTION('',(0.,0.,1.));
#1721 = ADVANCED_FACE('',(#1722),#1734,.T.);
#1722 = FACE_BOUND('',#1723,.T.);
#1723 = EDGE_LOOP('',(#1724,#1725,#1726,#1733));
#1724 = ORIENTED_EDGE('',*,*,#1303,.T.);
#1725 = ORIENTED_EDGE('',*,*,#1644,.T.);
#1726 = ORIENTED_EDGE('',*,*,#1727,.F.);
#1727 = EDGE_CURVE('',#1696,#1637,#1728,.T.);
#1728 = CIRCLE('',#1729,2.);
#1729 = AXIS2_PLACEMENT_3D('',#1730,#1731,#1732);
#1730 = CARTESIAN_POINT('',(78.,5.,13.));
#1731 = DIRECTION('',(1.,0.,-6.123233995737E-17));
#1732 = DIRECTION('',(6.123233995737E-17,0.,1.));
#1733 = ORIENTED_EDGE('',*,*,#1695,.F.);
#1734 = CYLINDRICAL_SURFACE('',#1735,2.);
#1735 = AXIS2_PLACEMENT_3D('',#1736,#1737,#1738);
#1736 = CARTESIAN_POINT('',(62.,5.,13.));
#1737 = DIRECTION('',(1.,0.,0.));
#1738 = DIRECTION('',(0.,1.,0.));
#1739 = ADVANCED_FACE('',(#1740),#1759,.T.);
#1740 = FACE_BOUND('',#1741,.F.);
#1741 = EDGE_LOOP('',(#1742,#1751,#1757,#1758));
#1742 = ORIENTED_EDGE('',*,*,#1743,.F.);
#1743 = EDGE_CURVE('',#1744,#1329,#1746,.T.);
#1744 = VERTEX_POINT('',#1745);
#1745 = CARTESIAN_POINT('',(64.,2.,5.));
#1746 = CIRCLE('',#1747,2.);
#1747 = AXIS2_PLACEMENT_3D('',#1748,#1749,#1750);
#1748 = CARTESIAN_POINT('',(64.,2.,7.));
#1749 = DIRECTION('',(0.,1.,-0.));
#1750 = DIRECTION('',(-1.,0.,0.));
#1751 = ORIENTED_EDGE('',*,*,#1752,.T.);
#1752 = EDGE_CURVE('',#1744,#1670,#1753,.T.);
#1753 = LINE('',#1754,#1755);
#1754 = CARTESIAN_POINT('',(64.,0.,5.));
#1755 = VECTOR('',#1756,1.);
#1756 = DIRECTION('',(0.,1.,0.));
#1757 = ORIENTED_EDGE('',*,*,#1669,.T.);
#1758 = ORIENTED_EDGE('',*,*,#1336,.F.);
#1759 = CYLINDRICAL_SURFACE('',#1760,2.);
#1760 = AXIS2_PLACEMENT_3D('',#1761,#1762,#1763);
#1761 = CARTESIAN_POINT('',(64.,0.,7.));
#1762 = DIRECTION('',(0.,1.,0.));
#1763 = DIRECTION('',(-1.,0.,0.));
#1764 = ADVANCED_FACE('',(#1765),#1776,.T.);
#1765 = FACE_BOUND('',#1766,.T.);
#1766 = EDGE_LOOP('',(#1767,#1768,#1775));
#1767 = ORIENTED_EDGE('',*,*,#1743,.F.);
#1768 = ORIENTED_EDGE('',*,*,#1769,.T.);
#1769 = EDGE_CURVE('',#1744,#1355,#1770,.T.);
#1770 = CIRCLE('',#1771,2.);
#1771 = AXIS2_PLACEMENT_3D('',#1772,#1773,#1774);
#1772 = CARTESIAN_POINT('',(64.,2.,7.));
#1773 = DIRECTION('',(-1.,6.123233995737E-17,0.));
#1774 = DIRECTION('',(-6.123233995737E-17,-1.,0.));
#1775 = ORIENTED_EDGE('',*,*,#1354,.F.);
#1776 = SPHERICAL_SURFACE('',#1777,2.);
#1777 = AXIS2_PLACEMENT_3D('',#1778,#1779,#1780);
#1778 = CARTESIAN_POINT('',(64.,2.,7.));
#1779 = DIRECTION('',(0.,0.,1.));
#1780 = DIRECTION('',(-1.,0.,0.));
#1781 = ADVANCED_FACE('',(#1782),#1801,.T.);
#1782 = FACE_BOUND('',#1783,.T.);
#1783 = EDGE_LOOP('',(#1784,#1785,#1793,#1800));
#1784 = ORIENTED_EDGE('',*,*,#1379,.F.);
#1785 = ORIENTED_EDGE('',*,*,#1786,.T.);
#1786 = EDGE_CURVE('',#1380,#1787,#1789,.T.);
#1787 = VERTEX_POINT('',#1788);
#1788 = CARTESIAN_POINT('',(-10.8,3.2,8.));
#1789 = LINE('',#1790,#1791);
#1790 = CARTESIAN_POINT('',(-10.8,0.,8.));
#1791 = VECTOR('',#1792,1.);
#1792 = DIRECTION('',(0.,1.,0.));
#1793 = ORIENTED_EDGE('',*,*,#1794,.T.);
#1794 = EDGE_CURVE('',#1787,#1408,#1795,.T.);
#1795 = CIRCLE('',#1796,1.8);
#1796 = AXIS2_PLACEMENT_3D('',#1797,#1798,#1799);
#1797 = CARTESIAN_POINT('',(-10.8,3.2,9.8));
#1798 = DIRECTION('',(0.,-1.,0.));
#1799 = DIRECTION('',(1.,0.,0.));
#1800 = ORIENTED_EDGE('',*,*,#1407,.F.);
#1801 = CYLINDRICAL_SURFACE('',#1802,1.8);
#1802 = AXIS2_PLACEMENT_3D('',#1803,#1804,#1805);
#1803 = CARTESIAN_POINT('',(-10.8,0.,9.8));
#1804 = DIRECTION('',(0.,1.,0.));
#1805 = DIRECTION('',(1.,0.,0.));
#1806 = ADVANCED_FACE('',(#1807),#1866,.T.);
#1807 = FACE_BOUND('',#1808,.T.);
#1808 = EDGE_LOOP('',(#1809,#1858,#1864,#1865));
#1809 = ORIENTED_EDGE('',*,*,#1810,.T.);
#1810 = EDGE_CURVE('',#1488,#1811,#1813,.T.);
#1811 = VERTEX_POINT('',#1812);
#1812 = CARTESIAN_POINT('',(-62.01002512578,1.8,8.));
#1813 = B_SPLINE_CURVE_WITH_KNOTS('',7,(#1814,#1815,#1816,#1817,#1818,
    #1819,#1820,#1821,#1822,#1823,#1824,#1825,#1826,#1827,#1828,#1829,
    #1830,#1831,#1832,#1833,#1834,#1835,#1836,#1837,#1838,#1839,#1840,
    #1841,#1842,#1843,#1844,#1845,#1846,#1847,#1848,#1849,#1850,#1851,
    #1852,#1853,#1854,#1855,#1856,#1857),.UNSPECIFIED.,.F.,.F.,(8,6,6,6,
    6,6,6,8),(0.,6.960042873759E-04,1.344007970863E-03,2.01601116672E-03
    ,0.597266723632,0.742094816874,0.863156610256,1.),.UNSPECIFIED.);
#1814 = CARTESIAN_POINT('',(-64.,-3.330669073875E-16,9.8));
#1815 = CARTESIAN_POINT('',(-63.99975884232,-3.361787929938E-16,
    9.799771217744));
#1816 = CARTESIAN_POINT('',(-63.99951768464,3.39249304064E-08,
    9.799542435485));
#1817 = CARTESIAN_POINT('',(-63.99927652697,1.017747918845E-07,
    9.799313653228));
#1818 = CARTESIAN_POINT('',(-63.9990353693,2.035495861716E-07,
    9.799084870975));
#1819 = CARTESIAN_POINT('',(-63.99879421164,3.392493174249E-07,
    9.79885608873));
#1820 = CARTESIAN_POINT('',(-63.99855305398,5.088739918851E-07,
    9.798627306494));
#1821 = CARTESIAN_POINT('',(-63.99808737036,9.01935248493E-07,
    9.798185520229));
#1822 = CARTESIAN_POINT('',(-63.99786284439,1.120853854297E-06,
    9.797972516199));
#1823 = CARTESIAN_POINT('',(-63.99763831843,1.369179442001E-06,
    9.79775951218));
#1824 = CARTESIAN_POINT('',(-63.99741379247,1.646912019871E-06,
    9.797546508174));
#1825 = CARTESIAN_POINT('',(-63.99718926654,1.954051597736E-06,
    9.797333504183));
#1826 = CARTESIAN_POINT('',(-63.99696474061,2.290598186978E-06,
    9.797120500209));
#1827 = CARTESIAN_POINT('',(-63.99650737324,3.036058899213E-06,
    9.796686603467));
#1828 = CARTESIAN_POINT('',(-63.99627453179,3.447191600407E-06,
    9.7964657107));
#1829 = CARTESIAN_POINT('',(-63.99604169035,3.889949918605E-06,
    9.796244817955));
#1830 = CARTESIAN_POINT('',(-63.99580884894,4.364333870076E-06,
    9.796023925234));
#1831 = CARTESIAN_POINT('',(-63.99557600755,4.870343472877E-06,
    9.795803032538));
#1832 = CARTESIAN_POINT('',(-63.99534316618,5.407978746852E-06,
    9.79558213987));
#1833 = CARTESIAN_POINT('',(-63.78886283038,5.102203715012E-04,
    9.5996977427));
#1834 = CARTESIAN_POINT('',(-63.58456628017,2.582391858274E-02,
    9.405889519728));
#1835 = CARTESIAN_POINT('',(-63.38160035812,7.51289028857E-02,
    9.21363351752));
#1836 = CARTESIAN_POINT('',(-63.1797958601,0.150006152663,9.02302195146)
  );
#1837 = CARTESIAN_POINT('',(-62.98065096901,0.253519818353,
    8.835875248137));
#1838 = CARTESIAN_POINT('',(-62.78795551275,0.389795837636,
    8.656329110443));
#1839 = CARTESIAN_POINT('',(-62.56581344805,0.604733749564,
    8.452894705885));
#1840 = CARTESIAN_POINT('',(-62.5230771102,0.649053949379,8.413939629881
    ));
#1841 = CARTESIAN_POINT('',(-62.48115691717,0.695738992033,
    8.375935793027));
#1842 = CARTESIAN_POINT('',(-62.44016412789,0.744894215186,
    8.339010219737));
#1843 = CARTESIAN_POINT('',(-62.40024026348,0.796621785563,8.30332222456
    ));
#1844 = CARTESIAN_POINT('',(-62.36155699057,0.851018635054,
    8.269064344946));
#1845 = CARTESIAN_POINT('',(-62.29318626704,0.955950894231,
    8.209212041014));
#1846 = CARTESIAN_POINT('',(-62.26304212831,1.005689243421,
    8.183099064362));
#1847 = CARTESIAN_POINT('',(-62.23402714369,1.057411807036,
    8.158280260754));
#1848 = CARTESIAN_POINT('',(-62.20629447684,1.111131901345,8.13492275612
    ));
#1849 = CARTESIAN_POINT('',(-62.18000654864,1.16685289003,8.113205425964
    ));
#1850 = CARTESIAN_POINT('',(-62.15533468579,1.224567277981,
    8.093319435696));
#1851 = CARTESIAN_POINT('',(-62.10660075244,1.351725319214,
    8.055291117694));
#1852 = CARTESIAN_POINT('',(-62.08297528459,1.42187945349,8.037665590999
    ));
#1853 = CARTESIAN_POINT('',(-62.06199210329,1.494373481697,
    8.023011073682));
#1854 = CARTESIAN_POINT('',(-62.04398530832,1.568835142061,
    8.011675723297));
#1855 = CARTESIAN_POINT('',(-62.02921314527,1.644869862734,
    8.003936719267));
#1856 = CARTESIAN_POINT('',(-62.01785778877,1.722065987249,8.));
#1857 = CARTESIAN_POINT('',(-62.01002512578,1.8,8.));
#1858 = ORIENTED_EDGE('',*,*,#1859,.T.);
#1859 = EDGE_CURVE('',#1811,#1380,#1860,.T.);
#1860 = LINE('',#1861,#1862);
#1861 = CARTESIAN_POINT('',(-67.,1.8,8.));
#1862 = VECTOR('',#1863,1.);
#1863 = DIRECTION('',(1.,0.,0.));
#1864 = ORIENTED_EDGE('',*,*,#1388,.T.);
#1865 = ORIENTED_EDGE('',*,*,#1487,.F.);
#1866 = CYLINDRICAL_SURFACE('',#1867,1.8);
#1867 = AXIS2_PLACEMENT_3D('',#1868,#1869,#1870);
#1868 = CARTESIAN_POINT('',(-67.,1.8,9.8));
#1869 = DIRECTION('',(1.,0.,0.));
#1870 = DIRECTION('',(0.,-1.,0.));
#1871 = ADVANCED_FACE('',(#1872),#1891,.T.);
#1872 = FACE_BOUND('',#1873,.F.);
#1873 = EDGE_LOOP('',(#1874,#1875,#1883,#1890));
#1874 = ORIENTED_EDGE('',*,*,#1437,.F.);
#1875 = ORIENTED_EDGE('',*,*,#1876,.T.);
#1876 = EDGE_CURVE('',#1438,#1877,#1879,.T.);
#1877 = VERTEX_POINT('',#1878);
#1878 = CARTESIAN_POINT('',(-10.8,3.2,16.));
#1879 = LINE('',#1880,#1881);
#1880 = CARTESIAN_POINT('',(-10.8,0.,16.));
#1881 = VECTOR('',#1882,1.);
#1882 = DIRECTION('',(0.,1.,0.));
#1883 = ORIENTED_EDGE('',*,*,#1884,.F.);
#1884 = EDGE_CURVE('',#1416,#1877,#1885,.T.);
#1885 = CIRCLE('',#1886,1.8);
#1886 = AXIS2_PLACEMENT_3D('',#1887,#1888,#1889);
#1887 = CARTESIAN_POINT('',(-10.8,3.2,14.2));
#1888 = DIRECTION('',(0.,-1.,0.));
#1889 = DIRECTION('',(1.,0.,0.));
#1890 = ORIENTED_EDGE('',*,*,#1423,.F.);
#1891 = CYLINDRICAL_SURFACE('',#1892,1.8);
#1892 = AXIS2_PLACEMENT_3D('',#1893,#1894,#1895);
#1893 = CARTESIAN_POINT('',(-10.8,0.,14.2));
#1894 = DIRECTION('',(0.,1.,0.));
#1895 = DIRECTION('',(1.,0.,0.));
#1896 = ADVANCED_FACE('',(#1897),#1924,.T.);
#1897 = FACE_BOUND('',#1898,.T.);
#1898 = EDGE_LOOP('',(#1899,#1900,#1909,#1917));
#1899 = ORIENTED_EDGE('',*,*,#1415,.F.);
#1900 = ORIENTED_EDGE('',*,*,#1901,.T.);
#1901 = EDGE_CURVE('',#1408,#1902,#1904,.T.);
#1902 = VERTEX_POINT('',#1903);
#1903 = CARTESIAN_POINT('',(-10.8,5.,9.8));
#1904 = CIRCLE('',#1905,1.8);
#1905 = AXIS2_PLACEMENT_3D('',#1906,#1907,#1908);
#1906 = CARTESIAN_POINT('',(-10.8,3.2,9.8));
#1907 = DIRECTION('',(0.,0.,1.));
#1908 = DIRECTION('',(1.,0.,0.));
#1909 = ORIENTED_EDGE('',*,*,#1910,.T.);
#1910 = EDGE_CURVE('',#1902,#1911,#1913,.T.);
#1911 = VERTEX_POINT('',#1912);
#1912 = CARTESIAN_POINT('',(-10.8,5.,14.2));
#1913 = LINE('',#1914,#1915);
#1914 = CARTESIAN_POINT('',(-10.8,5.,8.));
#1915 = VECTOR('',#1916,1.);
#1916 = DIRECTION('',(0.,0.,1.));
#1917 = ORIENTED_EDGE('',*,*,#1918,.T.);
#1918 = EDGE_CURVE('',#1911,#1416,#1919,.T.);
#1919 = CIRCLE('',#1920,1.8);
#1920 = AXIS2_PLACEMENT_3D('',#1921,#1922,#1923);
#1921 = CARTESIAN_POINT('',(-10.8,3.2,14.2));
#1922 = DIRECTION('',(0.,0.,-1.));
#1923 = DIRECTION('',(1.,0.,0.));
#1924 = CYLINDRICAL_SURFACE('',#1925,1.8);
#1925 = AXIS2_PLACEMENT_3D('',#1926,#1927,#1928);
#1926 = CARTESIAN_POINT('',(-10.8,3.2,8.));
#1927 = DIRECTION('',(0.,0.,1.));
#1928 = DIRECTION('',(1.,0.,0.));
#1929 = ADVANCED_FACE('',(#1930),#1949,.T.);
#1930 = FACE_BOUND('',#1931,.F.);
#1931 = EDGE_LOOP('',(#1932,#1941,#1947,#1948));
#1932 = ORIENTED_EDGE('',*,*,#1933,.F.);
#1933 = EDGE_CURVE('',#1934,#1473,#1936,.T.);
#1934 = VERTEX_POINT('',#1935);
#1935 = CARTESIAN_POINT('',(-65.2,1.8,16.));
#1936 = CIRCLE('',#1937,1.8);
#1937 = AXIS2_PLACEMENT_3D('',#1938,#1939,#1940);
#1938 = CARTESIAN_POINT('',(-65.2,1.8,14.2));
#1939 = DIRECTION('',(1.,-6.123233995737E-17,0.));
#1940 = DIRECTION('',(-6.123233995737E-17,-1.,0.));
#1941 = ORIENTED_EDGE('',*,*,#1942,.T.);
#1942 = EDGE_CURVE('',#1934,#1438,#1943,.T.);
#1943 = LINE('',#1944,#1945);
#1944 = CARTESIAN_POINT('',(-67.,1.8,16.));
#1945 = VECTOR('',#1946,1.);
#1946 = DIRECTION('',(1.,0.,0.));
#1947 = ORIENTED_EDGE('',*,*,#1446,.T.);
#1948 = ORIENTED_EDGE('',*,*,#1480,.F.);
#1949 = CYLINDRICAL_SURFACE('',#1950,1.8);
#1950 = AXIS2_PLACEMENT_3D('',#1951,#1952,#1953);
#1951 = CARTESIAN_POINT('',(-67.,1.8,14.2));
#1952 = DIRECTION('',(1.,0.,0.));
#1953 = DIRECTION('',(0.,-1.,0.));
#1954 = ADVANCED_FACE('',(#1955),#1973,.F.);
#1955 = FACE_BOUND('',#1956,.F.);
#1956 = EDGE_LOOP('',(#1957,#1965,#1971,#1972));
#1957 = ORIENTED_EDGE('',*,*,#1958,.F.);
#1958 = EDGE_CURVE('',#1959,#1488,#1961,.T.);
#1959 = VERTEX_POINT('',#1960);
#1960 = CARTESIAN_POINT('',(-65.2,-2.22044604925E-16,9.8));
#1961 = LINE('',#1962,#1963);
#1962 = CARTESIAN_POINT('',(-67.,-2.22044604925E-16,9.8));
#1963 = VECTOR('',#1964,1.);
#1964 = DIRECTION('',(1.,0.,0.));
#1965 = ORIENTED_EDGE('',*,*,#1966,.T.);
#1966 = EDGE_CURVE('',#1959,#1463,#1967,.T.);
#1967 = LINE('',#1968,#1969);
#1968 = CARTESIAN_POINT('',(-65.2,-2.22044604925E-16,8.));
#1969 = VECTOR('',#1970,1.);
#1970 = DIRECTION('',(0.,0.,1.));
#1971 = ORIENTED_EDGE('',*,*,#1462,.T.);
#1972 = ORIENTED_EDGE('',*,*,#1495,.F.);
#1973 = PLANE('',#1974);
#1974 = AXIS2_PLACEMENT_3D('',#1975,#1976,#1977);
#1975 = CARTESIAN_POINT('',(-67.,0.,8.));
#1976 = DIRECTION('',(0.,1.,0.));
#1977 = DIRECTION('',(0.,0.,1.));
#1978 = ADVANCED_FACE('',(#1979),#2002,.T.);
#1979 = FACE_BOUND('',#1980,.T.);
#1980 = EDGE_LOOP('',(#1981,#1990,#2001));
#1981 = ORIENTED_EDGE('',*,*,#1982,.F.);
#1982 = EDGE_CURVE('',#1983,#1473,#1985,.T.);
#1983 = VERTEX_POINT('',#1984);
#1984 = CARTESIAN_POINT('',(-66.33137084989,0.4,14.2));
#1985 = CIRCLE('',#1986,1.8);
#1986 = AXIS2_PLACEMENT_3D('',#1987,#1988,#1989);
#1987 = CARTESIAN_POINT('',(-65.2,1.8,14.2));
#1988 = DIRECTION('',(0.,0.,1.));
#1989 = DIRECTION('',(-1.,0.,0.));
#1990 = ORIENTED_EDGE('',*,*,#1991,.T.);
#1991 = EDGE_CURVE('',#1983,#1463,#1992,.T.);
#1992 = B_SPLINE_CURVE_WITH_KNOTS('',7,(#1993,#1994,#1995,#1996,#1997,
    #1998,#1999,#2000),.UNSPECIFIED.,.F.,.F.,(8,8),(0.,1.),
  .PIECEWISE_BEZIER_KNOTS.);
#1993 = CARTESIAN_POINT('',(-66.33137140674,0.40000045,14.2000006));
#1994 = CARTESIAN_POINT('',(-66.18194596324,0.279246358176,
    14.03899527002));
#1995 = CARTESIAN_POINT('',(-66.02443871571,0.182718595648,
    13.870913157387));
#1996 = CARTESIAN_POINT('',(-65.86259335329,0.108293320457,
    13.699168790055));
#1997 = CARTESIAN_POINT('',(-65.69853023926,5.393345780709E-02,
    13.525683252525));
#1998 = CARTESIAN_POINT('',(-65.53326503218,1.809415257173E-02,
    13.351292049921));
#1999 = CARTESIAN_POINT('',(-65.36708743902,1.871422313435E-07,
    13.176125653833));
#2000 = CARTESIAN_POINT('',(-65.2,-3.330669073875E-16,13.));
#2001 = ORIENTED_EDGE('',*,*,#1472,.T.);
#2002 = CYLINDRICAL_SURFACE('',#2003,1.8);
#2003 = AXIS2_PLACEMENT_3D('',#2004,#2005,#2006);
#2004 = CARTESIAN_POINT('',(-65.2,1.8,8.));
#2005 = DIRECTION('',(0.,0.,1.));
#2006 = DIRECTION('',(-1.,0.,0.));
#2007 = ADVANCED_FACE('',(#2008),#2027,.T.);
#2008 = FACE_BOUND('',#2009,.T.);
#2009 = EDGE_LOOP('',(#2010,#2011,#2019,#2026));
#2010 = ORIENTED_EDGE('',*,*,#1769,.F.);
#2011 = ORIENTED_EDGE('',*,*,#2012,.T.);
#2012 = EDGE_CURVE('',#1744,#2013,#2015,.T.);
#2013 = VERTEX_POINT('',#2014);
#2014 = CARTESIAN_POINT('',(78.,2.,5.));
#2015 = LINE('',#2016,#2017);
#2016 = CARTESIAN_POINT('',(62.,2.,5.));
#2017 = VECTOR('',#2018,1.);
#2018 = DIRECTION('',(1.,0.,0.));
#2019 = ORIENTED_EDGE('',*,*,#2020,.T.);
#2020 = EDGE_CURVE('',#2013,#1550,#2021,.T.);
#2021 = CIRCLE('',#2022,2.);
#2022 = AXIS2_PLACEMENT_3D('',#2023,#2024,#2025);
#2023 = CARTESIAN_POINT('',(78.,2.,7.));
#2024 = DIRECTION('',(-1.,-6.123233995737E-17,0.));
#2025 = DIRECTION('',(6.123233995737E-17,-1.,0.));
#2026 = ORIENTED_EDGE('',*,*,#1549,.F.);
#2027 = CYLINDRICAL_SURFACE('',#2028,2.);
#2028 = AXIS2_PLACEMENT_3D('',#2029,#2030,#2031);
#2029 = CARTESIAN_POINT('',(62.,2.,7.));
#2030 = DIRECTION('',(1.,0.,0.));
#2031 = DIRECTION('',(0.,-1.,0.));
#2032 = ADVANCED_FACE('',(#2033),#2060,.T.);
#2033 = FACE_BOUND('',#2034,.F.);
#2034 = EDGE_LOOP('',(#2035,#2045,#2052,#2053));
#2035 = ORIENTED_EDGE('',*,*,#2036,.F.);
#2036 = EDGE_CURVE('',#2037,#2039,#2041,.T.);
#2037 = VERTEX_POINT('',#2038);
#2038 = CARTESIAN_POINT('',(80.,2.,7.));
#2039 = VERTEX_POINT('',#2040);
#2040 = CARTESIAN_POINT('',(80.,2.,13.));
#2041 = LINE('',#2042,#2043);
#2042 = CARTESIAN_POINT('',(80.,2.,5.));
#2043 = VECTOR('',#2044,1.);
#2044 = DIRECTION('',(0.,0.,1.));
#2045 = ORIENTED_EDGE('',*,*,#2046,.T.);
#2046 = EDGE_CURVE('',#2037,#1550,#2047,.T.);
#2047 = CIRCLE('',#2048,2.);
#2048 = AXIS2_PLACEMENT_3D('',#2049,#2050,#2051);
#2049 = CARTESIAN_POINT('',(78.,2.,7.));
#2050 = DIRECTION('',(0.,0.,-1.));
#2051 = DIRECTION('',(1.,0.,0.));
#2052 = ORIENTED_EDGE('',*,*,#1568,.T.);
#2053 = ORIENTED_EDGE('',*,*,#2054,.F.);
#2054 = EDGE_CURVE('',#2039,#1561,#2055,.T.);
#2055 = CIRCLE('',#2056,2.);
#2056 = AXIS2_PLACEMENT_3D('',#2057,#2058,#2059);
#2057 = CARTESIAN_POINT('',(78.,2.,13.));
#2058 = DIRECTION('',(0.,0.,-1.));
#2059 = DIRECTION('',(1.,0.,0.));
#2060 = CYLINDRICAL_SURFACE('',#2061,2.);
#2061 = AXIS2_PLACEMENT_3D('',#2062,#2063,#2064);
#2062 = CARTESIAN_POINT('',(78.,2.,5.));
#2063 = DIRECTION('',(0.,0.,1.));
#2064 = DIRECTION('',(1.,0.,0.));
#2065 = ADVANCED_FACE('',(#2066),#2077,.T.);
#2066 = FACE_BOUND('',#2067,.T.);
#2067 = EDGE_LOOP('',(#2068,#2075,#2076));
#2068 = ORIENTED_EDGE('',*,*,#2069,.F.);
#2069 = EDGE_CURVE('',#1584,#2039,#2070,.T.);
#2070 = CIRCLE('',#2071,2.);
#2071 = AXIS2_PLACEMENT_3D('',#2072,#2073,#2074);
#2072 = CARTESIAN_POINT('',(78.,2.,13.));
#2073 = DIRECTION('',(-0.,1.,0.));
#2074 = DIRECTION('',(1.,0.,0.));
#2075 = ORIENTED_EDGE('',*,*,#1591,.T.);
#2076 = ORIENTED_EDGE('',*,*,#2054,.F.);
#2077 = SPHERICAL_SURFACE('',#2078,2.);
#2078 = AXIS2_PLACEMENT_3D('',#2079,#2080,#2081);
#2079 = CARTESIAN_POINT('',(78.,2.,13.));
#2080 = DIRECTION('',(-0.,-0.,-1.));
#2081 = DIRECTION('',(1.,0.,0.));
#2082 = ADVANCED_FACE('',(#2083),#2102,.T.);
#2083 = FACE_BOUND('',#2084,.F.);
#2084 = EDGE_LOOP('',(#2085,#2086,#2087,#2096));
#2085 = ORIENTED_EDGE('',*,*,#2069,.F.);
#2086 = ORIENTED_EDGE('',*,*,#1636,.T.);
#2087 = ORIENTED_EDGE('',*,*,#2088,.F.);
#2088 = EDGE_CURVE('',#2089,#1637,#2091,.T.);
#2089 = VERTEX_POINT('',#2090);
#2090 = CARTESIAN_POINT('',(80.,5.,13.));
#2091 = CIRCLE('',#2092,2.);
#2092 = AXIS2_PLACEMENT_3D('',#2093,#2094,#2095);
#2093 = CARTESIAN_POINT('',(78.,5.,13.));
#2094 = DIRECTION('',(0.,-1.,0.));
#2095 = DIRECTION('',(1.,0.,0.));
#2096 = ORIENTED_EDGE('',*,*,#2097,.F.);
#2097 = EDGE_CURVE('',#2039,#2089,#2098,.T.);
#2098 = LINE('',#2099,#2100);
#2099 = CARTESIAN_POINT('',(80.,0.,13.));
#2100 = VECTOR('',#2101,1.);
#2101 = DIRECTION('',(0.,1.,0.));
#2102 = CYLINDRICAL_SURFACE('',#2103,2.);
#2103 = AXIS2_PLACEMENT_3D('',#2104,#2105,#2106);
#2104 = CARTESIAN_POINT('',(78.,0.,13.));
#2105 = DIRECTION('',(0.,1.,0.));
#2106 = DIRECTION('',(1.,0.,0.));
#2107 = ADVANCED_FACE('',(#2108),#2127,.T.);
#2108 = FACE_BOUND('',#2109,.F.);
#2109 = EDGE_LOOP('',(#2110,#2111,#2119,#2126));
#2110 = ORIENTED_EDGE('',*,*,#1678,.F.);
#2111 = ORIENTED_EDGE('',*,*,#2112,.T.);
#2112 = EDGE_CURVE('',#1670,#2113,#2115,.T.);
#2113 = VERTEX_POINT('',#2114);
#2114 = CARTESIAN_POINT('',(78.,5.,5.));
#2115 = LINE('',#2116,#2117);
#2116 = CARTESIAN_POINT('',(62.,5.,5.));
#2117 = VECTOR('',#2118,1.);
#2118 = DIRECTION('',(1.,0.,0.));
#2119 = ORIENTED_EDGE('',*,*,#2120,.T.);
#2120 = EDGE_CURVE('',#2113,#1704,#2121,.T.);
#2121 = CIRCLE('',#2122,2.);
#2122 = AXIS2_PLACEMENT_3D('',#2123,#2124,#2125);
#2123 = CARTESIAN_POINT('',(78.,5.,7.));
#2124 = DIRECTION('',(1.,-6.123233995737E-17,0.));
#2125 = DIRECTION('',(6.123233995737E-17,1.,0.));
#2126 = ORIENTED_EDGE('',*,*,#1711,.F.);
#2127 = CYLINDRICAL_SURFACE('',#2128,2.);
#2128 = AXIS2_PLACEMENT_3D('',#2129,#2130,#2131);
#2129 = CARTESIAN_POINT('',(62.,5.,7.));
#2130 = DIRECTION('',(1.,0.,0.));
#2131 = DIRECTION('',(0.,1.,0.));
#2132 = ADVANCED_FACE('',(#2133),#2158,.T.);
#2133 = FACE_BOUND('',#2134,.T.);
#2134 = EDGE_LOOP('',(#2135,#2143,#2150,#2151));
#2135 = ORIENTED_EDGE('',*,*,#2136,.F.);
#2136 = EDGE_CURVE('',#2137,#2089,#2139,.T.);
#2137 = VERTEX_POINT('',#2138);
#2138 = CARTESIAN_POINT('',(80.,5.,7.));
#2139 = LINE('',#2140,#2141);
#2140 = CARTESIAN_POINT('',(80.,5.,5.));
#2141 = VECTOR('',#2142,1.);
#2142 = DIRECTION('',(0.,0.,1.));
#2143 = ORIENTED_EDGE('',*,*,#2144,.T.);
#2144 = EDGE_CURVE('',#2137,#1704,#2145,.T.);
#2145 = CIRCLE('',#2146,2.);
#2146 = AXIS2_PLACEMENT_3D('',#2147,#2148,#2149);
#2147 = CARTESIAN_POINT('',(78.,5.,7.));
#2148 = DIRECTION('',(0.,0.,1.));
#2149 = DIRECTION('',(1.,0.,0.));
#2150 = ORIENTED_EDGE('',*,*,#1703,.T.);
#2151 = ORIENTED_EDGE('',*,*,#2152,.T.);
#2152 = EDGE_CURVE('',#1696,#2089,#2153,.T.);
#2153 = CIRCLE('',#2154,2.);
#2154 = AXIS2_PLACEMENT_3D('',#2155,#2156,#2157);
#2155 = CARTESIAN_POINT('',(78.,5.,13.));
#2156 = DIRECTION('',(0.,0.,-1.));
#2157 = DIRECTION('',(1.,0.,0.));
#2158 = CYLINDRICAL_SURFACE('',#2159,2.);
#2159 = AXIS2_PLACEMENT_3D('',#2160,#2161,#2162);
#2160 = CARTESIAN_POINT('',(78.,5.,5.));
#2161 = DIRECTION('',(0.,0.,1.));
#2162 = DIRECTION('',(1.,0.,0.));
#2163 = ADVANCED_FACE('',(#2164),#2169,.T.);
#2164 = FACE_BOUND('',#2165,.T.);
#2165 = EDGE_LOOP('',(#2166,#2167,#2168));
#2166 = ORIENTED_EDGE('',*,*,#2152,.F.);
#2167 = ORIENTED_EDGE('',*,*,#1727,.T.);
#2168 = ORIENTED_EDGE('',*,*,#2088,.F.);
#2169 = SPHERICAL_SURFACE('',#2170,2.);
#2170 = AXIS2_PLACEMENT_3D('',#2171,#2172,#2173);
#2171 = CARTESIAN_POINT('',(78.,5.,13.));
#2172 = DIRECTION('',(0.,-1.,0.));
#2173 = DIRECTION('',(1.,0.,0.));
#2174 = ADVANCED_FACE('',(#2175),#2186,.F.);
#2175 = FACE_BOUND('',#2176,.F.);
#2176 = EDGE_LOOP('',(#2177,#2178,#2179,#2185));
#2177 = ORIENTED_EDGE('',*,*,#1752,.F.);
#2178 = ORIENTED_EDGE('',*,*,#2012,.T.);
#2179 = ORIENTED_EDGE('',*,*,#2180,.T.);
#2180 = EDGE_CURVE('',#2013,#2113,#2181,.T.);
#2181 = LINE('',#2182,#2183);
#2182 = CARTESIAN_POINT('',(78.,0.,5.));
#2183 = VECTOR('',#2184,1.);
#2184 = DIRECTION('',(0.,1.,0.));
#2185 = ORIENTED_EDGE('',*,*,#2112,.F.);
#2186 = PLANE('',#2187);
#2187 = AXIS2_PLACEMENT_3D('',#2188,#2189,#2190);
#2188 = CARTESIAN_POINT('',(62.,0.,5.));
#2189 = DIRECTION('',(0.,0.,1.));
#2190 = DIRECTION('',(1.,0.,0.));
#2191 = ADVANCED_FACE('',(#2192),#2219,.F.);
#2192 = FACE_BOUND('',#2193,.F.);
#2193 = EDGE_LOOP('',(#2194,#2203,#2204,#2205,#2213));
#2194 = ORIENTED_EDGE('',*,*,#2195,.F.);
#2195 = EDGE_CURVE('',#1811,#2196,#2198,.T.);
#2196 = VERTEX_POINT('',#2197);
#2197 = CARTESIAN_POINT('',(-62.,2.,8.));
#2198 = CIRCLE('',#2199,2.);
#2199 = AXIS2_PLACEMENT_3D('',#2200,#2201,#2202);
#2200 = CARTESIAN_POINT('',(-64.,2.,8.));
#2201 = DIRECTION('',(0.,0.,1.));
#2202 = DIRECTION('',(1.,0.,0.));
#2203 = ORIENTED_EDGE('',*,*,#1859,.T.);
#2204 = ORIENTED_EDGE('',*,*,#1786,.T.);
#2205 = ORIENTED_EDGE('',*,*,#2206,.F.);
#2206 = EDGE_CURVE('',#2207,#1787,#2209,.T.);
#2207 = VERTEX_POINT('',#2208);
#2208 = CARTESIAN_POINT('',(-62.,3.2,8.));
#2209 = LINE('',#2210,#2211);
#2210 = CARTESIAN_POINT('',(-67.,3.2,8.));
#2211 = VECTOR('',#2212,1.);
#2212 = DIRECTION('',(1.,0.,0.));
#2213 = ORIENTED_EDGE('',*,*,#2214,.F.);
#2214 = EDGE_CURVE('',#2196,#2207,#2215,.T.);
#2215 = LINE('',#2216,#2217);
#2216 = CARTESIAN_POINT('',(-62.,0.,8.));
#2217 = VECTOR('',#2218,1.);
#2218 = DIRECTION('',(0.,1.,0.));
#2219 = PLANE('',#2220);
#2220 = AXIS2_PLACEMENT_3D('',#2221,#2222,#2223);
#2221 = CARTESIAN_POINT('',(-67.,0.,8.));
#2222 = DIRECTION('',(0.,0.,1.));
#2223 = DIRECTION('',(1.,0.,0.));
#2224 = ADVANCED_FACE('',(#2225),#2236,.T.);
#2225 = FACE_BOUND('',#2226,.T.);
#2226 = EDGE_LOOP('',(#2227,#2228,#2235));
#2227 = ORIENTED_EDGE('',*,*,#1794,.F.);
#2228 = ORIENTED_EDGE('',*,*,#2229,.T.);
#2229 = EDGE_CURVE('',#1787,#1902,#2230,.T.);
#2230 = CIRCLE('',#2231,1.8);
#2231 = AXIS2_PLACEMENT_3D('',#2232,#2233,#2234);
#2232 = CARTESIAN_POINT('',(-10.8,3.2,9.8));
#2233 = DIRECTION('',(1.,-6.123233995737E-17,0.));
#2234 = DIRECTION('',(6.123233995737E-17,1.,0.));
#2235 = ORIENTED_EDGE('',*,*,#1901,.F.);
#2236 = SPHERICAL_SURFACE('',#2237,1.8);
#2237 = AXIS2_PLACEMENT_3D('',#2238,#2239,#2240);
#2238 = CARTESIAN_POINT('',(-10.8,3.2,9.8));
#2239 = DIRECTION('',(0.,0.,1.));
#2240 = DIRECTION('',(1.,0.,0.));
#2241 = ADVANCED_FACE('',(#2242),#2269,.T.);
#2242 = FACE_BOUND('',#2243,.F.);
#2243 = EDGE_LOOP('',(#2244,#2252,#2261,#2267,#2268));
#2244 = ORIENTED_EDGE('',*,*,#2245,.F.);
#2245 = EDGE_CURVE('',#2246,#2196,#2248,.T.);
#2246 = VERTEX_POINT('',#2247);
#2247 = CARTESIAN_POINT('',(-62.,2.,7.));
#2248 = LINE('',#2249,#2250);
#2249 = CARTESIAN_POINT('',(-62.,2.,5.));
#2250 = VECTOR('',#2251,1.);
#2251 = DIRECTION('',(0.,0.,1.));
#2252 = ORIENTED_EDGE('',*,*,#2253,.T.);
#2253 = EDGE_CURVE('',#2246,#2254,#2256,.T.);
#2254 = VERTEX_POINT('',#2255);
#2255 = CARTESIAN_POINT('',(-64.,-4.440892098501E-16,7.));
#2256 = CIRCLE('',#2257,2.);
#2257 = AXIS2_PLACEMENT_3D('',#2258,#2259,#2260);
#2258 = CARTESIAN_POINT('',(-64.,2.,7.));
#2259 = DIRECTION('',(0.,0.,-1.));
#2260 = DIRECTION('',(1.,0.,0.));
#2261 = ORIENTED_EDGE('',*,*,#2262,.T.);
#2262 = EDGE_CURVE('',#2254,#1488,#2263,.T.);
#2263 = LINE('',#2264,#2265);
#2264 = CARTESIAN_POINT('',(-64.,-4.440892098501E-16,5.));
#2265 = VECTOR('',#2266,1.);
#2266 = DIRECTION('',(0.,0.,1.));
#2267 = ORIENTED_EDGE('',*,*,#1810,.T.);
#2268 = ORIENTED_EDGE('',*,*,#2195,.T.);
#2269 = CYLINDRICAL_SURFACE('',#2270,2.);
#2270 = AXIS2_PLACEMENT_3D('',#2271,#2272,#2273);
#2271 = CARTESIAN_POINT('',(-64.,2.,5.));
#2272 = DIRECTION('',(0.,0.,1.));
#2273 = DIRECTION('',(1.,0.,0.));
#2274 = ADVANCED_FACE('',(#2275),#2293,.T.);
#2275 = FACE_BOUND('',#2276,.T.);
#2276 = EDGE_LOOP('',(#2277,#2285,#2286,#2287));
#2277 = ORIENTED_EDGE('',*,*,#2278,.F.);
#2278 = EDGE_CURVE('',#1934,#2279,#2281,.T.);
#2279 = VERTEX_POINT('',#2280);
#2280 = CARTESIAN_POINT('',(-65.2,3.2,16.));
#2281 = LINE('',#2282,#2283);
#2282 = CARTESIAN_POINT('',(-65.2,0.,16.));
#2283 = VECTOR('',#2284,1.);
#2284 = DIRECTION('',(0.,1.,0.));
#2285 = ORIENTED_EDGE('',*,*,#1942,.T.);
#2286 = ORIENTED_EDGE('',*,*,#1876,.T.);
#2287 = ORIENTED_EDGE('',*,*,#2288,.F.);
#2288 = EDGE_CURVE('',#2279,#1877,#2289,.T.);
#2289 = LINE('',#2290,#2291);
#2290 = CARTESIAN_POINT('',(-67.,3.2,16.));
#2291 = VECTOR('',#2292,1.);
#2292 = DIRECTION('',(1.,0.,0.));
#2293 = PLANE('',#2294);
#2294 = AXIS2_PLACEMENT_3D('',#2295,#2296,#2297);
#2295 = CARTESIAN_POINT('',(-67.,0.,16.));
#2296 = DIRECTION('',(0.,0.,1.));
#2297 = DIRECTION('',(1.,0.,0.));
#2298 = ADVANCED_FACE('',(#2299),#2310,.T.);
#2299 = FACE_BOUND('',#2300,.T.);
#2300 = EDGE_LOOP('',(#2301,#2302,#2309));
#2301 = ORIENTED_EDGE('',*,*,#1918,.F.);
#2302 = ORIENTED_EDGE('',*,*,#2303,.T.);
#2303 = EDGE_CURVE('',#1911,#1877,#2304,.T.);
#2304 = CIRCLE('',#2305,1.8);
#2305 = AXIS2_PLACEMENT_3D('',#2306,#2307,#2308);
#2306 = CARTESIAN_POINT('',(-10.8,3.2,14.2));
#2307 = DIRECTION('',(1.,0.,-6.123233995737E-17));
#2308 = DIRECTION('',(6.123233995737E-17,0.,1.));
#2309 = ORIENTED_EDGE('',*,*,#1884,.F.);
#2310 = SPHERICAL_SURFACE('',#2311,1.8);
#2311 = AXIS2_PLACEMENT_3D('',#2312,#2313,#2314);
#2312 = CARTESIAN_POINT('',(-10.8,3.2,14.2));
#2313 = DIRECTION('',(0.,-1.,0.));
#2314 = DIRECTION('',(1.,0.,0.));
#2315 = ADVANCED_FACE('',(#2316),#2350,.T.);
#2316 = FACE_BOUND('',#2317,.T.);
#2317 = EDGE_LOOP('',(#2318,#2326,#2334,#2343,#2349));
#2318 = ORIENTED_EDGE('',*,*,#2319,.F.);
#2319 = EDGE_CURVE('',#2320,#1902,#2322,.T.);
#2320 = VERTEX_POINT('',#2321);
#2321 = CARTESIAN_POINT('',(-62.,5.,9.8));
#2322 = LINE('',#2323,#2324);
#2323 = CARTESIAN_POINT('',(-67.,5.,9.8));
#2324 = VECTOR('',#2325,1.);
#2325 = DIRECTION('',(1.,0.,0.));
#2326 = ORIENTED_EDGE('',*,*,#2327,.T.);
#2327 = EDGE_CURVE('',#2320,#2328,#2330,.T.);
#2328 = VERTEX_POINT('',#2329);
#2329 = CARTESIAN_POINT('',(-62.,5.,13.));
#2330 = LINE('',#2331,#2332);
#2331 = CARTESIAN_POINT('',(-62.,5.,5.));
#2332 = VECTOR('',#2333,1.);
#2333 = DIRECTION('',(0.,0.,1.));
#2334 = ORIENTED_EDGE('',*,*,#2335,.T.);
#2335 = EDGE_CURVE('',#2328,#2336,#2338,.T.);
#2336 = VERTEX_POINT('',#2337);
#2337 = CARTESIAN_POINT('',(-62.4,5.,14.2));
#2338 = CIRCLE('',#2339,2.);
#2339 = AXIS2_PLACEMENT_3D('',#2340,#2341,#2342);
#2340 = CARTESIAN_POINT('',(-64.,5.,13.));
#2341 = DIRECTION('',(0.,-1.,0.));
#2342 = DIRECTION('',(1.,0.,0.));
#2343 = ORIENTED_EDGE('',*,*,#2344,.T.);
#2344 = EDGE_CURVE('',#2336,#1911,#2345,.T.);
#2345 = LINE('',#2346,#2347);
#2346 = CARTESIAN_POINT('',(-67.,5.,14.2));
#2347 = VECTOR('',#2348,1.);
#2348 = DIRECTION('',(1.,0.,0.));
#2349 = ORIENTED_EDGE('',*,*,#1910,.F.);
#2350 = PLANE('',#2351);
#2351 = AXIS2_PLACEMENT_3D('',#2352,#2353,#2354);
#2352 = CARTESIAN_POINT('',(-67.,5.,8.));
#2353 = DIRECTION('',(0.,1.,0.));
#2354 = DIRECTION('',(0.,0.,1.));
#2355 = ADVANCED_FACE('',(#2356),#2394,.T.);
#2356 = FACE_BOUND('',#2357,.F.);
#2357 = EDGE_LOOP('',(#2358,#2367,#2368,#2369));
#2358 = ORIENTED_EDGE('',*,*,#2359,.F.);
#2359 = EDGE_CURVE('',#1934,#2360,#2362,.T.);
#2360 = VERTEX_POINT('',#2361);
#2361 = CARTESIAN_POINT('',(-66.81738668787,1.8,14.989974874213));
#2362 = CIRCLE('',#2363,1.8);
#2363 = AXIS2_PLACEMENT_3D('',#2364,#2365,#2366);
#2364 = CARTESIAN_POINT('',(-65.2,1.8,14.2));
#2365 = DIRECTION('',(0.,-1.,0.));
#2366 = DIRECTION('',(-1.,0.,0.));
#2367 = ORIENTED_EDGE('',*,*,#1933,.T.);
#2368 = ORIENTED_EDGE('',*,*,#1982,.F.);
#2369 = ORIENTED_EDGE('',*,*,#2370,.T.);
#2370 = EDGE_CURVE('',#1983,#2360,#2371,.T.);
#2371 = B_SPLINE_CURVE_WITH_KNOTS('',6,(#2372,#2373,#2374,#2375,#2376,
    #2377,#2378,#2379,#2380,#2381,#2382,#2383,#2384,#2385,#2386,#2387,
    #2388,#2389,#2390,#2391,#2392,#2393),.UNSPECIFIED.,.F.,.F.,(7,5,5,5,
    7),(0.,0.387137944913,0.543797935043,0.878000591374,1.),
  .UNSPECIFIED.);
#2372 = CARTESIAN_POINT('',(-66.33137084989,0.4,14.2));
#2373 = CARTESIAN_POINT('',(-66.39601661104,0.45224166409,14.26965555212
    ));
#2374 = CARTESIAN_POINT('',(-66.45627043834,0.511014154863,
    14.340437801467));
#2375 = CARTESIAN_POINT('',(-66.51192061327,0.576583333691,
    14.411127394358));
#2376 = CARTESIAN_POINT('',(-66.56271688125,0.649035485139,
    14.480465115567));
#2377 = CARTESIAN_POINT('',(-66.60840747188,0.72820775019,
    14.547194326793));
#2378 = CARTESIAN_POINT('',(-66.66508906411,0.848237916569,
    14.635631038546));
#2379 = CARTESIAN_POINT('',(-66.68054334291,0.883843462041,
    14.660489886383));
#2380 = CARTESIAN_POINT('',(-66.69510693967,0.920444934836,
    14.684652471626));
#2381 = CARTESIAN_POINT('',(-66.70876487049,0.958003988883,
    14.708043800598));
#2382 = CARTESIAN_POINT('',(-66.72150336812,0.996474558461,
    14.730592883541));
#2383 = CARTESIAN_POINT('',(-66.75849781401,1.119701551276,
    14.798400684421));
#2384 = CARTESIAN_POINT('',(-66.7794513309,1.20752226639,14.84044546254)
  );
#2385 = CARTESIAN_POINT('',(-66.79603806603,1.298710881,14.877706091763)
  );
#2386 = CARTESIAN_POINT('',(-66.8081925879,1.392608164389,
    14.909680085446));
#2387 = CARTESIAN_POINT('',(-66.81588551489,1.488498207851,
    14.936031138374));
#2388 = CARTESIAN_POINT('',(-66.82031892901,1.621039447087,
    14.964103252043));
#2389 = CARTESIAN_POINT('',(-66.82091225848,1.65664777914,
    14.970839938679));
#2390 = CARTESIAN_POINT('',(-66.82091411499,1.692383591146,
    14.976798596079));
#2391 = CARTESIAN_POINT('',(-66.82032582101,1.72821111074,
    14.981974603919));
#2392 = CARTESIAN_POINT('',(-66.81914922229,1.764094928911,
    14.986366278793));
#2393 = CARTESIAN_POINT('',(-66.81738668787,1.8,14.989974874213));
#2394 = SPHERICAL_SURFACE('',#2395,1.8);
#2395 = AXIS2_PLACEMENT_3D('',#2396,#2397,#2398);
#2396 = CARTESIAN_POINT('',(-65.2,1.8,14.2));
#2397 = DIRECTION('',(-0.,-0.,-1.));
#2398 = DIRECTION('',(-1.,0.,0.));
#2399 = ADVANCED_FACE('',(#2400),#2427,.F.);
#2400 = FACE_BOUND('',#2401,.F.);
#2401 = EDGE_LOOP('',(#2402,#2410,#2418,#2424,#2425,#2426));
#2402 = ORIENTED_EDGE('',*,*,#2403,.F.);
#2403 = EDGE_CURVE('',#2404,#2254,#2406,.T.);
#2404 = VERTEX_POINT('',#2405);
#2405 = CARTESIAN_POINT('',(-78.,-4.440892098501E-16,7.));
#2406 = LINE('',#2407,#2408);
#2407 = CARTESIAN_POINT('',(-80.,-4.440892098501E-16,7.));
#2408 = VECTOR('',#2409,1.);
#2409 = DIRECTION('',(1.,0.,0.));
#2410 = ORIENTED_EDGE('',*,*,#2411,.T.);
#2411 = EDGE_CURVE('',#2404,#2412,#2414,.T.);
#2412 = VERTEX_POINT('',#2413);
#2413 = CARTESIAN_POINT('',(-78.,-4.440892098501E-16,13.));
#2414 = LINE('',#2415,#2416);
#2415 = CARTESIAN_POINT('',(-78.,-4.440892098501E-16,5.));
#2416 = VECTOR('',#2417,1.);
#2417 = DIRECTION('',(0.,0.,1.));
#2418 = ORIENTED_EDGE('',*,*,#2419,.T.);
#2419 = EDGE_CURVE('',#2412,#1463,#2420,.T.);
#2420 = LINE('',#2421,#2422);
#2421 = CARTESIAN_POINT('',(-80.,-4.440892098501E-16,13.));
#2422 = VECTOR('',#2423,1.);
#2423 = DIRECTION('',(1.,0.,0.));
#2424 = ORIENTED_EDGE('',*,*,#1966,.F.);
#2425 = ORIENTED_EDGE('',*,*,#1958,.T.);
#2426 = ORIENTED_EDGE('',*,*,#2262,.F.);
#2427 = PLANE('',#2428);
#2428 = AXIS2_PLACEMENT_3D('',#2429,#2430,#2431);
#2429 = CARTESIAN_POINT('',(-80.,0.,5.));
#2430 = DIRECTION('',(0.,1.,0.));
#2431 = DIRECTION('',(0.,0.,1.));
#2432 = ADVANCED_FACE('',(#2433),#2466,.T.);
#2433 = FACE_BOUND('',#2434,.F.);
#2434 = EDGE_LOOP('',(#2435,#2444,#2452,#2463,#2464,#2465));
#2435 = ORIENTED_EDGE('',*,*,#2436,.F.);
#2436 = EDGE_CURVE('',#2437,#2412,#2439,.T.);
#2437 = VERTEX_POINT('',#2438);
#2438 = CARTESIAN_POINT('',(-78.,2.,15.));
#2439 = CIRCLE('',#2440,2.);
#2440 = AXIS2_PLACEMENT_3D('',#2441,#2442,#2443);
#2441 = CARTESIAN_POINT('',(-78.,2.,13.));
#2442 = DIRECTION('',(1.,-6.123233995737E-17,0.));
#2443 = DIRECTION('',(-6.123233995737E-17,-1.,0.));
#2444 = ORIENTED_EDGE('',*,*,#2445,.T.);
#2445 = EDGE_CURVE('',#2437,#2446,#2448,.T.);
#2446 = VERTEX_POINT('',#2447);
#2447 = CARTESIAN_POINT('',(-66.81245154966,2.,15.));
#2448 = LINE('',#2449,#2450);
#2449 = CARTESIAN_POINT('',(-80.,2.,15.));
#2450 = VECTOR('',#2451,1.);
#2451 = DIRECTION('',(1.,0.,0.));
#2452 = ORIENTED_EDGE('',*,*,#2453,.F.);
#2453 = EDGE_CURVE('',#2360,#2446,#2454,.T.);
#2454 = B_SPLINE_CURVE_WITH_KNOTS('',4,(#2455,#2456,#2457,#2458,#2459,
    #2460,#2461,#2462),.UNSPECIFIED.,.F.,.F.,(5,3,5),(0.,0.967099875061,
    1.),.UNSPECIFIED.);
#2455 = CARTESIAN_POINT('',(-66.81738671732,1.7999994,14.989974813911));
#2456 = CARTESIAN_POINT('',(-66.81502045856,1.848202963224,
    14.994819468979));
#2457 = CARTESIAN_POINT('',(-66.81339111933,1.896552282645,
    14.998106214263));
#2458 = CARTESIAN_POINT('',(-66.81253611464,1.944978582891,
    14.999829551031));
#2459 = CARTESIAN_POINT('',(-66.81245424328,1.995057199247,
    14.999994570821));
#2460 = CARTESIAN_POINT('',(-66.81245244753,1.996704797619,
    14.999998190274));
#2461 = CARTESIAN_POINT('',(-66.81245154966,1.998352398809,15.));
#2462 = CARTESIAN_POINT('',(-66.81245154966,2.,15.));
#2463 = ORIENTED_EDGE('',*,*,#2370,.F.);
#2464 = ORIENTED_EDGE('',*,*,#1991,.T.);
#2465 = ORIENTED_EDGE('',*,*,#2419,.F.);
#2466 = CYLINDRICAL_SURFACE('',#2467,2.);
#2467 = AXIS2_PLACEMENT_3D('',#2468,#2469,#2470);
#2468 = CARTESIAN_POINT('',(-80.,2.,13.));
#2469 = DIRECTION('',(1.,0.,0.));
#2470 = DIRECTION('',(0.,-1.,0.));
#2471 = ADVANCED_FACE('',(#2472),#2483,.T.);
#2472 = FACE_BOUND('',#2473,.F.);
#2473 = EDGE_LOOP('',(#2474,#2481,#2482));
#2474 = ORIENTED_EDGE('',*,*,#2475,.F.);
#2475 = EDGE_CURVE('',#2013,#2037,#2476,.T.);
#2476 = CIRCLE('',#2477,2.);
#2477 = AXIS2_PLACEMENT_3D('',#2478,#2479,#2480);
#2478 = CARTESIAN_POINT('',(78.,2.,7.));
#2479 = DIRECTION('',(0.,-1.,0.));
#2480 = DIRECTION('',(1.,0.,0.));
#2481 = ORIENTED_EDGE('',*,*,#2020,.T.);
#2482 = ORIENTED_EDGE('',*,*,#2046,.F.);
#2483 = SPHERICAL_SURFACE('',#2484,2.);
#2484 = AXIS2_PLACEMENT_3D('',#2485,#2486,#2487);
#2485 = CARTESIAN_POINT('',(78.,2.,7.));
#2486 = DIRECTION('',(0.,0.,1.));
#2487 = DIRECTION('',(1.,0.,0.));
#2488 = ADVANCED_FACE('',(#2489),#2500,.T.);
#2489 = FACE_BOUND('',#2490,.T.);
#2490 = EDGE_LOOP('',(#2491,#2492,#2498,#2499));
#2491 = ORIENTED_EDGE('',*,*,#2036,.F.);
#2492 = ORIENTED_EDGE('',*,*,#2493,.T.);
#2493 = EDGE_CURVE('',#2037,#2137,#2494,.T.);
#2494 = LINE('',#2495,#2496);
#2495 = CARTESIAN_POINT('',(80.,0.,7.));
#2496 = VECTOR('',#2497,1.);
#2497 = DIRECTION('',(0.,1.,0.));
#2498 = ORIENTED_EDGE('',*,*,#2136,.T.);
#2499 = ORIENTED_EDGE('',*,*,#2097,.F.);
#2500 = PLANE('',#2501);
#2501 = AXIS2_PLACEMENT_3D('',#2502,#2503,#2504);
#2502 = CARTESIAN_POINT('',(80.,0.,5.));
#2503 = DIRECTION('',(1.,0.,0.));
#2504 = DIRECTION('',(0.,0.,1.));
#2505 = ADVANCED_FACE('',(#2506),#2517,.T.);
#2506 = FACE_BOUND('',#2507,.T.);
#2507 = EDGE_LOOP('',(#2508,#2515,#2516));
#2508 = ORIENTED_EDGE('',*,*,#2509,.F.);
#2509 = EDGE_CURVE('',#2113,#2137,#2510,.T.);
#2510 = CIRCLE('',#2511,2.);
#2511 = AXIS2_PLACEMENT_3D('',#2512,#2513,#2514);
#2512 = CARTESIAN_POINT('',(78.,5.,7.));
#2513 = DIRECTION('',(0.,-1.,0.));
#2514 = DIRECTION('',(1.,0.,0.));
#2515 = ORIENTED_EDGE('',*,*,#2120,.T.);
#2516 = ORIENTED_EDGE('',*,*,#2144,.F.);
#2517 = SPHERICAL_SURFACE('',#2518,2.);
#2518 = AXIS2_PLACEMENT_3D('',#2519,#2520,#2521);
#2519 = CARTESIAN_POINT('',(78.,5.,7.));
#2520 = DIRECTION('',(0.,0.,1.));
#2521 = DIRECTION('',(1.,0.,0.));
#2522 = ADVANCED_FACE('',(#2523),#2529,.T.);
#2523 = FACE_BOUND('',#2524,.T.);
#2524 = EDGE_LOOP('',(#2525,#2526,#2527,#2528));
#2525 = ORIENTED_EDGE('',*,*,#2475,.F.);
#2526 = ORIENTED_EDGE('',*,*,#2180,.T.);
#2527 = ORIENTED_EDGE('',*,*,#2509,.T.);
#2528 = ORIENTED_EDGE('',*,*,#2493,.F.);
#2529 = CYLINDRICAL_SURFACE('',#2530,2.);
#2530 = AXIS2_PLACEMENT_3D('',#2531,#2532,#2533);
#2531 = CARTESIAN_POINT('',(78.,0.,7.));
#2532 = DIRECTION('',(0.,1.,0.));
#2533 = DIRECTION('',(1.,0.,0.));
#2534 = ADVANCED_FACE('',(#2535),#2560,.T.);
#2535 = FACE_BOUND('',#2536,.T.);
#2536 = EDGE_LOOP('',(#2537,#2538,#2546,#2552,#2559));
#2537 = ORIENTED_EDGE('',*,*,#2245,.F.);
#2538 = ORIENTED_EDGE('',*,*,#2539,.T.);
#2539 = EDGE_CURVE('',#2246,#2540,#2542,.T.);
#2540 = VERTEX_POINT('',#2541);
#2541 = CARTESIAN_POINT('',(-62.,5.,7.));
#2542 = LINE('',#2543,#2544);
#2543 = CARTESIAN_POINT('',(-62.,0.,7.));
#2544 = VECTOR('',#2545,1.);
#2545 = DIRECTION('',(0.,1.,0.));
#2546 = ORIENTED_EDGE('',*,*,#2547,.T.);
#2547 = EDGE_CURVE('',#2540,#2320,#2548,.T.);
#2548 = LINE('',#2549,#2550);
#2549 = CARTESIAN_POINT('',(-62.,5.,5.));
#2550 = VECTOR('',#2551,1.);
#2551 = DIRECTION('',(0.,0.,1.));
#2552 = ORIENTED_EDGE('',*,*,#2553,.F.);
#2553 = EDGE_CURVE('',#2207,#2320,#2554,.T.);
#2554 = CIRCLE('',#2555,1.8);
#2555 = AXIS2_PLACEMENT_3D('',#2556,#2557,#2558);
#2556 = CARTESIAN_POINT('',(-62.,3.2,9.8));
#2557 = DIRECTION('',(1.,0.,0.));
#2558 = DIRECTION('',(0.,1.,0.));
#2559 = ORIENTED_EDGE('',*,*,#2214,.F.);
#2560 = PLANE('',#2561);
#2561 = AXIS2_PLACEMENT_3D('',#2562,#2563,#2564);
#2562 = CARTESIAN_POINT('',(-62.,0.,5.));
#2563 = DIRECTION('',(1.,0.,0.));
#2564 = DIRECTION('',(0.,0.,1.));
#2565 = ADVANCED_FACE('',(#2566),#2572,.T.);
#2566 = FACE_BOUND('',#2567,.F.);
#2567 = EDGE_LOOP('',(#2568,#2569,#2570,#2571));
#2568 = ORIENTED_EDGE('',*,*,#2553,.F.);
#2569 = ORIENTED_EDGE('',*,*,#2206,.T.);
#2570 = ORIENTED_EDGE('',*,*,#2229,.T.);
#2571 = ORIENTED_EDGE('',*,*,#2319,.F.);
#2572 = CYLINDRICAL_SURFACE('',#2573,1.8);
#2573 = AXIS2_PLACEMENT_3D('',#2574,#2575,#2576);
#2574 = CARTESIAN_POINT('',(-67.,3.2,9.8));
#2575 = DIRECTION('',(1.,0.,0.));
#2576 = DIRECTION('',(0.,1.,0.));
#2577 = ADVANCED_FACE('',(#2578),#2597,.T.);
#2578 = FACE_BOUND('',#2579,.F.);
#2579 = EDGE_LOOP('',(#2580,#2589,#2596));
#2580 = ORIENTED_EDGE('',*,*,#2581,.F.);
#2581 = EDGE_CURVE('',#2582,#2246,#2584,.T.);
#2582 = VERTEX_POINT('',#2583);
#2583 = CARTESIAN_POINT('',(-64.,2.,5.));
#2584 = CIRCLE('',#2585,2.);
#2585 = AXIS2_PLACEMENT_3D('',#2586,#2587,#2588);
#2586 = CARTESIAN_POINT('',(-64.,2.,7.));
#2587 = DIRECTION('',(0.,-1.,0.));
#2588 = DIRECTION('',(1.,0.,0.));
#2589 = ORIENTED_EDGE('',*,*,#2590,.T.);
#2590 = EDGE_CURVE('',#2582,#2254,#2591,.T.);
#2591 = CIRCLE('',#2592,2.);
#2592 = AXIS2_PLACEMENT_3D('',#2593,#2594,#2595);
#2593 = CARTESIAN_POINT('',(-64.,2.,7.));
#2594 = DIRECTION('',(-1.,-6.123233995737E-17,0.));
#2595 = DIRECTION('',(6.123233995737E-17,-1.,0.));
#2596 = ORIENTED_EDGE('',*,*,#2253,.F.);
#2597 = SPHERICAL_SURFACE('',#2598,2.);
#2598 = AXIS2_PLACEMENT_3D('',#2599,#2600,#2601);
#2599 = CARTESIAN_POINT('',(-64.,2.,7.));
#2600 = DIRECTION('',(0.,0.,1.));
#2601 = DIRECTION('',(1.,0.,0.));
#2602 = ADVANCED_FACE('',(#2603),#2623,.T.);
#2603 = FACE_BOUND('',#2604,.T.);
#2604 = EDGE_LOOP('',(#2605,#2606,#2607,#2616,#2622));
#2605 = ORIENTED_EDGE('',*,*,#2359,.F.);
#2606 = ORIENTED_EDGE('',*,*,#2278,.T.);
#2607 = ORIENTED_EDGE('',*,*,#2608,.F.);
#2608 = EDGE_CURVE('',#2609,#2279,#2611,.T.);
#2609 = VERTEX_POINT('',#2610);
#2610 = CARTESIAN_POINT('',(-66.81245154966,3.2,15.));
#2611 = CIRCLE('',#2612,1.8);
#2612 = AXIS2_PLACEMENT_3D('',#2613,#2614,#2615);
#2613 = CARTESIAN_POINT('',(-65.2,3.2,14.2));
#2614 = DIRECTION('',(0.,1.,-0.));
#2615 = DIRECTION('',(-1.,0.,0.));
#2616 = ORIENTED_EDGE('',*,*,#2617,.F.);
#2617 = EDGE_CURVE('',#2446,#2609,#2618,.T.);
#2618 = LINE('',#2619,#2620);
#2619 = CARTESIAN_POINT('',(-66.81245154966,0.,15.));
#2620 = VECTOR('',#2621,1.);
#2621 = DIRECTION('',(0.,1.,0.));
#2622 = ORIENTED_EDGE('',*,*,#2453,.F.);
#2623 = CYLINDRICAL_SURFACE('',#2624,1.8);
#2624 = AXIS2_PLACEMENT_3D('',#2625,#2626,#2627);
#2625 = CARTESIAN_POINT('',(-65.2,0.,14.2));
#2626 = DIRECTION('',(0.,1.,0.));
#2627 = DIRECTION('',(-1.,0.,0.));
#2628 = ADVANCED_FACE('',(#2629),#2671,.T.);
#2629 = FACE_BOUND('',#2630,.T.);
#2630 = EDGE_LOOP('',(#2631,#2641,#2648,#2649,#2650,#2651));
#2631 = ORIENTED_EDGE('',*,*,#2632,.F.);
#2632 = EDGE_CURVE('',#2633,#2635,#2637,.T.);
#2633 = VERTEX_POINT('',#2634);
#2634 = CARTESIAN_POINT('',(-65.2,4.81245154966,15.));
#2635 = VERTEX_POINT('',#2636);
#2636 = CARTESIAN_POINT('',(-64.,4.81245154966,15.));
#2637 = LINE('',#2638,#2639);
#2638 = CARTESIAN_POINT('',(-67.,4.81245154966,15.));
#2639 = VECTOR('',#2640,1.);
#2640 = DIRECTION('',(1.,0.,0.));
#2641 = ORIENTED_EDGE('',*,*,#2642,.T.);
#2642 = EDGE_CURVE('',#2633,#2279,#2643,.T.);
#2643 = CIRCLE('',#2644,1.8);
#2644 = AXIS2_PLACEMENT_3D('',#2645,#2646,#2647);
#2645 = CARTESIAN_POINT('',(-65.2,3.2,14.2));
#2646 = DIRECTION('',(1.,0.,6.123233995737E-17));
#2647 = DIRECTION('',(-6.123233995737E-17,0.,1.));
#2648 = ORIENTED_EDGE('',*,*,#2288,.T.);
#2649 = ORIENTED_EDGE('',*,*,#2303,.F.);
#2650 = ORIENTED_EDGE('',*,*,#2344,.F.);
#2651 = ORIENTED_EDGE('',*,*,#2652,.T.);
#2652 = EDGE_CURVE('',#2336,#2635,#2653,.T.);
#2653 = B_SPLINE_CURVE_WITH_KNOTS('',6,(#2654,#2655,#2656,#2657,#2658,
    #2659,#2660,#2661,#2662,#2663,#2664,#2665,#2666,#2667,#2668,#2669,
    #2670),.UNSPECIFIED.,.F.,.F.,(7,5,5,7),(0.,0.155389883914,
    0.529141674494,1.),.UNSPECIFIED.);
#2654 = CARTESIAN_POINT('',(-62.4,5.,14.2));
#2655 = CARTESIAN_POINT('',(-62.43112937611,5.,14.241505834817));
#2656 = CARTESIAN_POINT('',(-62.46336010939,4.998851548959,
    14.281788255916));
#2657 = CARTESIAN_POINT('',(-62.49661822464,4.99668144095,
    14.320810851788));
#2658 = CARTESIAN_POINT('',(-62.53082817177,4.993611845036,
    14.358542936012));
#2659 = CARTESIAN_POINT('',(-62.56591282579,4.989760305261,
    14.394959547251));
#2660 = CARTESIAN_POINT('',(-62.68809550974,4.974366644724,
    14.514422255534));
#2661 = CARTESIAN_POINT('',(-62.77900666635,4.959622696409,
    14.59108488597));
#2662 = CARTESIAN_POINT('',(-62.87377797159,4.942534500587,
    14.660094899113));
#2663 = CARTESIAN_POINT('',(-62.97181920055,4.924359670946,
    14.721578948774));
#2664 = CARTESIAN_POINT('',(-63.07268124053,4.906195760577,
    14.775652118021));
#2665 = CARTESIAN_POINT('',(-63.30619358856,4.867289507077,
    14.881234716279));
#2666 = CARTESIAN_POINT('',(-63.44073255141,4.847030966563,
    14.928625440342));
#2667 = CARTESIAN_POINT('',(-63.5783393972,4.830198696095,
    14.964231867924));
#2668 = CARTESIAN_POINT('',(-63.71797290035,4.818387591646,
    14.988034888621));
#2669 = CARTESIAN_POINT('',(-63.85878195758,4.81245154966,15.));
#2670 = CARTESIAN_POINT('',(-64.,4.81245154966,15.));
#2671 = CYLINDRICAL_SURFACE('',#2672,1.8);
#2672 = AXIS2_PLACEMENT_3D('',#2673,#2674,#2675);
#2673 = CARTESIAN_POINT('',(-67.,3.2,14.2));
#2674 = DIRECTION('',(1.,0.,0.));
#2675 = DIRECTION('',(0.,1.,0.));
#2676 = ADVANCED_FACE('',(#2677),#2705,.T.);
#2677 = FACE_BOUND('',#2678,.T.);
#2678 = EDGE_LOOP('',(#2679,#2688,#2697,#2704));
#2679 = ORIENTED_EDGE('',*,*,#2680,.F.);
#2680 = EDGE_CURVE('',#2681,#2328,#2683,.T.);
#2681 = VERTEX_POINT('',#2682);
#2682 = CARTESIAN_POINT('',(-64.,7.,13.));
#2683 = CIRCLE('',#2684,2.);
#2684 = AXIS2_PLACEMENT_3D('',#2685,#2686,#2687);
#2685 = CARTESIAN_POINT('',(-64.,5.,13.));
#2686 = DIRECTION('',(0.,0.,-1.));
#2687 = DIRECTION('',(1.,0.,0.));
#2688 = ORIENTED_EDGE('',*,*,#2689,.T.);
#2689 = EDGE_CURVE('',#2681,#2690,#2692,.T.);
#2690 = VERTEX_POINT('',#2691);
#2691 = CARTESIAN_POINT('',(-64.,5.,15.));
#2692 = CIRCLE('',#2693,2.);
#2693 = AXIS2_PLACEMENT_3D('',#2694,#2695,#2696);
#2694 = CARTESIAN_POINT('',(-64.,5.,13.));
#2695 = DIRECTION('',(1.,0.,-6.123233995737E-17));
#2696 = DIRECTION('',(6.123233995737E-17,0.,1.));
#2697 = ORIENTED_EDGE('',*,*,#2698,.F.);
#2698 = EDGE_CURVE('',#2336,#2690,#2699,.T.);
#2699 = CIRCLE('',#2700,2.);
#2700 = AXIS2_PLACEMENT_3D('',#2701,#2702,#2703);
#2701 = CARTESIAN_POINT('',(-64.,5.,13.));
#2702 = DIRECTION('',(0.,-1.,0.));
#2703 = DIRECTION('',(1.,0.,0.));
#2704 = ORIENTED_EDGE('',*,*,#2335,.F.);
#2705 = SPHERICAL_SURFACE('',#2706,2.);
#2706 = AXIS2_PLACEMENT_3D('',#2707,#2708,#2709);
#2707 = CARTESIAN_POINT('',(-64.,5.,13.));
#2708 = DIRECTION('',(0.,-1.,0.));
#2709 = DIRECTION('',(1.,0.,0.));
#2710 = ADVANCED_FACE('',(#2711),#2731,.T.);
#2711 = FACE_BOUND('',#2712,.T.);
#2712 = EDGE_LOOP('',(#2713,#2714,#2723,#2729,#2730));
#2713 = ORIENTED_EDGE('',*,*,#2547,.F.);
#2714 = ORIENTED_EDGE('',*,*,#2715,.T.);
#2715 = EDGE_CURVE('',#2540,#2716,#2718,.T.);
#2716 = VERTEX_POINT('',#2717);
#2717 = CARTESIAN_POINT('',(-64.,7.,7.));
#2718 = CIRCLE('',#2719,2.);
#2719 = AXIS2_PLACEMENT_3D('',#2720,#2721,#2722);
#2720 = CARTESIAN_POINT('',(-64.,5.,7.));
#2721 = DIRECTION('',(0.,0.,1.));
#2722 = DIRECTION('',(1.,0.,0.));
#2723 = ORIENTED_EDGE('',*,*,#2724,.T.);
#2724 = EDGE_CURVE('',#2716,#2681,#2725,.T.);
#2725 = LINE('',#2726,#2727);
#2726 = CARTESIAN_POINT('',(-64.,7.,5.));
#2727 = VECTOR('',#2728,1.);
#2728 = DIRECTION('',(0.,0.,1.));
#2729 = ORIENTED_EDGE('',*,*,#2680,.T.);
#2730 = ORIENTED_EDGE('',*,*,#2327,.F.);
#2731 = CYLINDRICAL_SURFACE('',#2732,2.);
#2732 = AXIS2_PLACEMENT_3D('',#2733,#2734,#2735);
#2733 = CARTESIAN_POINT('',(-64.,5.,5.));
#2734 = DIRECTION('',(0.,0.,1.));
#2735 = DIRECTION('',(1.,0.,0.));
#2736 = ADVANCED_FACE('',(#2737),#2756,.T.);
#2737 = FACE_BOUND('',#2738,.T.);
#2738 = EDGE_LOOP('',(#2739,#2748,#2754,#2755));
#2739 = ORIENTED_EDGE('',*,*,#2740,.F.);
#2740 = EDGE_CURVE('',#2741,#2404,#2743,.T.);
#2741 = VERTEX_POINT('',#2742);
#2742 = CARTESIAN_POINT('',(-78.,2.,5.));
#2743 = CIRCLE('',#2744,2.);
#2744 = AXIS2_PLACEMENT_3D('',#2745,#2746,#2747);
#2745 = CARTESIAN_POINT('',(-78.,2.,7.));
#2746 = DIRECTION('',(-1.,6.123233995737E-17,0.));
#2747 = DIRECTION('',(-6.123233995737E-17,-1.,0.));
#2748 = ORIENTED_EDGE('',*,*,#2749,.T.);
#2749 = EDGE_CURVE('',#2741,#2582,#2750,.T.);
#2750 = LINE('',#2751,#2752);
#2751 = CARTESIAN_POINT('',(-80.,2.,5.));
#2752 = VECTOR('',#2753,1.);
#2753 = DIRECTION('',(1.,0.,0.));
#2754 = ORIENTED_EDGE('',*,*,#2590,.T.);
#2755 = ORIENTED_EDGE('',*,*,#2403,.F.);
#2756 = CYLINDRICAL_SURFACE('',#2757,2.);
#2757 = AXIS2_PLACEMENT_3D('',#2758,#2759,#2760);
#2758 = CARTESIAN_POINT('',(-80.,2.,7.));
#2759 = DIRECTION('',(1.,0.,0.));
#2760 = DIRECTION('',(0.,-1.,0.));
#2761 = ADVANCED_FACE('',(#2762),#2789,.T.);
#2762 = FACE_BOUND('',#2763,.T.);
#2763 = EDGE_LOOP('',(#2764,#2774,#2781,#2782));
#2764 = ORIENTED_EDGE('',*,*,#2765,.F.);
#2765 = EDGE_CURVE('',#2766,#2768,#2770,.T.);
#2766 = VERTEX_POINT('',#2767);
#2767 = CARTESIAN_POINT('',(-80.,2.,7.));
#2768 = VERTEX_POINT('',#2769);
#2769 = CARTESIAN_POINT('',(-80.,2.,13.));
#2770 = LINE('',#2771,#2772);
#2771 = CARTESIAN_POINT('',(-80.,2.,5.));
#2772 = VECTOR('',#2773,1.);
#2773 = DIRECTION('',(0.,0.,1.));
#2774 = ORIENTED_EDGE('',*,*,#2775,.T.);
#2775 = EDGE_CURVE('',#2766,#2404,#2776,.T.);
#2776 = CIRCLE('',#2777,2.);
#2777 = AXIS2_PLACEMENT_3D('',#2778,#2779,#2780);
#2778 = CARTESIAN_POINT('',(-78.,2.,7.));
#2779 = DIRECTION('',(0.,0.,1.));
#2780 = DIRECTION('',(-1.,0.,0.));
#2781 = ORIENTED_EDGE('',*,*,#2411,.T.);
#2782 = ORIENTED_EDGE('',*,*,#2783,.F.);
#2783 = EDGE_CURVE('',#2768,#2412,#2784,.T.);
#2784 = CIRCLE('',#2785,2.);
#2785 = AXIS2_PLACEMENT_3D('',#2786,#2787,#2788);
#2786 = CARTESIAN_POINT('',(-78.,2.,13.));
#2787 = DIRECTION('',(0.,0.,1.));
#2788 = DIRECTION('',(-1.,0.,0.));
#2789 = CYLINDRICAL_SURFACE('',#2790,2.);
#2790 = AXIS2_PLACEMENT_3D('',#2791,#2792,#2793);
#2791 = CARTESIAN_POINT('',(-78.,2.,5.));
#2792 = DIRECTION('',(0.,0.,1.));
#2793 = DIRECTION('',(-1.,0.,0.));
#2794 = ADVANCED_FACE('',(#2795),#2806,.T.);
#2795 = FACE_BOUND('',#2796,.F.);
#2796 = EDGE_LOOP('',(#2797,#2804,#2805));
#2797 = ORIENTED_EDGE('',*,*,#2798,.F.);
#2798 = EDGE_CURVE('',#2437,#2768,#2799,.T.);
#2799 = CIRCLE('',#2800,2.);
#2800 = AXIS2_PLACEMENT_3D('',#2801,#2802,#2803);
#2801 = CARTESIAN_POINT('',(-78.,2.,13.));
#2802 = DIRECTION('',(0.,-1.,0.));
#2803 = DIRECTION('',(-1.,0.,0.));
#2804 = ORIENTED_EDGE('',*,*,#2436,.T.);
#2805 = ORIENTED_EDGE('',*,*,#2783,.F.);
#2806 = SPHERICAL_SURFACE('',#2807,2.);
#2807 = AXIS2_PLACEMENT_3D('',#2808,#2809,#2810);
#2808 = CARTESIAN_POINT('',(-78.,2.,13.));
#2809 = DIRECTION('',(-0.,-0.,-1.));
#2810 = DIRECTION('',(-1.,0.,0.));
#2811 = ADVANCED_FACE('',(#2812),#2844,.T.);
#2812 = FACE_BOUND('',#2813,.T.);
#2813 = EDGE_LOOP('',(#2814,#2822,#2823,#2824,#2831,#2832,#2838));
#2814 = ORIENTED_EDGE('',*,*,#2815,.F.);
#2815 = EDGE_CURVE('',#2437,#2816,#2818,.T.);
#2816 = VERTEX_POINT('',#2817);
#2817 = CARTESIAN_POINT('',(-78.,5.,15.));
#2818 = LINE('',#2819,#2820);
#2819 = CARTESIAN_POINT('',(-78.,0.,15.));
#2820 = VECTOR('',#2821,1.);
#2821 = DIRECTION('',(0.,1.,0.));
#2822 = ORIENTED_EDGE('',*,*,#2445,.T.);
#2823 = ORIENTED_EDGE('',*,*,#2617,.T.);
#2824 = ORIENTED_EDGE('',*,*,#2825,.F.);
#2825 = EDGE_CURVE('',#2633,#2609,#2826,.T.);
#2826 = CIRCLE('',#2827,1.61245154966);
#2827 = AXIS2_PLACEMENT_3D('',#2828,#2829,#2830);
#2828 = CARTESIAN_POINT('',(-65.2,3.2,15.));
#2829 = DIRECTION('',(-0.,0.,1.));
#2830 = DIRECTION('',(0.,-1.,0.));
#2831 = ORIENTED_EDGE('',*,*,#2632,.T.);
#2832 = ORIENTED_EDGE('',*,*,#2833,.T.);
#2833 = EDGE_CURVE('',#2635,#2690,#2834,.T.);
#2834 = LINE('',#2835,#2836);
#2835 = CARTESIAN_POINT('',(-64.,0.,15.));
#2836 = VECTOR('',#2837,1.);
#2837 = DIRECTION('',(0.,1.,0.));
#2838 = ORIENTED_EDGE('',*,*,#2839,.F.);
#2839 = EDGE_CURVE('',#2816,#2690,#2840,.T.);
#2840 = LINE('',#2841,#2842);
#2841 = CARTESIAN_POINT('',(-80.,5.,15.));
#2842 = VECTOR('',#2843,1.);
#2843 = DIRECTION('',(1.,0.,0.));
#2844 = PLANE('',#2845);
#2845 = AXIS2_PLACEMENT_3D('',#2846,#2847,#2848);
#2846 = CARTESIAN_POINT('',(-80.,0.,15.));
#2847 = DIRECTION('',(0.,0.,1.));
#2848 = DIRECTION('',(1.,0.,0.));
#2849 = ADVANCED_FACE('',(#2850),#2869,.T.);
#2850 = FACE_BOUND('',#2851,.T.);
#2851 = EDGE_LOOP('',(#2852,#2853,#2861,#2868));
#2852 = ORIENTED_EDGE('',*,*,#2581,.F.);
#2853 = ORIENTED_EDGE('',*,*,#2854,.T.);
#2854 = EDGE_CURVE('',#2582,#2855,#2857,.T.);
#2855 = VERTEX_POINT('',#2856);
#2856 = CARTESIAN_POINT('',(-64.,5.,5.));
#2857 = LINE('',#2858,#2859);
#2858 = CARTESIAN_POINT('',(-64.,0.,5.));
#2859 = VECTOR('',#2860,1.);
#2860 = DIRECTION('',(0.,1.,0.));
#2861 = ORIENTED_EDGE('',*,*,#2862,.T.);
#2862 = EDGE_CURVE('',#2855,#2540,#2863,.T.);
#2863 = CIRCLE('',#2864,2.);
#2864 = AXIS2_PLACEMENT_3D('',#2865,#2866,#2867);
#2865 = CARTESIAN_POINT('',(-64.,5.,7.));
#2866 = DIRECTION('',(0.,-1.,0.));
#2867 = DIRECTION('',(1.,0.,0.));
#2868 = ORIENTED_EDGE('',*,*,#2539,.F.);
#2869 = CYLINDRICAL_SURFACE('',#2870,2.);
#2870 = AXIS2_PLACEMENT_3D('',#2871,#2872,#2873);
#2871 = CARTESIAN_POINT('',(-64.,0.,7.));
#2872 = DIRECTION('',(0.,1.,0.));
#2873 = DIRECTION('',(1.,0.,0.));
#2874 = ADVANCED_FACE('',(#2875),#2880,.T.);
#2875 = FACE_BOUND('',#2876,.F.);
#2876 = EDGE_LOOP('',(#2877,#2878,#2879));
#2877 = ORIENTED_EDGE('',*,*,#2825,.F.);
#2878 = ORIENTED_EDGE('',*,*,#2642,.T.);
#2879 = ORIENTED_EDGE('',*,*,#2608,.F.);
#2880 = SPHERICAL_SURFACE('',#2881,1.8);
#2881 = AXIS2_PLACEMENT_3D('',#2882,#2883,#2884);
#2882 = CARTESIAN_POINT('',(-65.2,3.2,14.2));
#2883 = DIRECTION('',(0.,-1.,0.));
#2884 = DIRECTION('',(-1.,0.,0.));
#2885 = ADVANCED_FACE('',(#2886),#2891,.T.);
#2886 = FACE_BOUND('',#2887,.F.);
#2887 = EDGE_LOOP('',(#2888,#2889,#2890));
#2888 = ORIENTED_EDGE('',*,*,#2652,.T.);
#2889 = ORIENTED_EDGE('',*,*,#2833,.T.);
#2890 = ORIENTED_EDGE('',*,*,#2698,.F.);
#2891 = CYLINDRICAL_SURFACE('',#2892,2.);
#2892 = AXIS2_PLACEMENT_3D('',#2893,#2894,#2895);
#2893 = CARTESIAN_POINT('',(-64.,0.,13.));
#2894 = DIRECTION('',(0.,1.,0.));
#2895 = DIRECTION('',(1.,0.,0.));
#2896 = ADVANCED_FACE('',(#2897),#2916,.T.);
#2897 = FACE_BOUND('',#2898,.T.);
#2898 = EDGE_LOOP('',(#2899,#2908,#2909,#2910));
#2899 = ORIENTED_EDGE('',*,*,#2900,.T.);
#2900 = EDGE_CURVE('',#2901,#2816,#2903,.T.);
#2901 = VERTEX_POINT('',#2902);
#2902 = CARTESIAN_POINT('',(-78.,7.,13.));
#2903 = CIRCLE('',#2904,2.);
#2904 = AXIS2_PLACEMENT_3D('',#2905,#2906,#2907);
#2905 = CARTESIAN_POINT('',(-78.,5.,13.));
#2906 = DIRECTION('',(1.,0.,6.123233995737E-17));
#2907 = DIRECTION('',(-6.123233995737E-17,0.,1.));
#2908 = ORIENTED_EDGE('',*,*,#2839,.T.);
#2909 = ORIENTED_EDGE('',*,*,#2689,.F.);
#2910 = ORIENTED_EDGE('',*,*,#2911,.F.);
#2911 = EDGE_CURVE('',#2901,#2681,#2912,.T.);
#2912 = LINE('',#2913,#2914);
#2913 = CARTESIAN_POINT('',(-80.,7.,13.));
#2914 = VECTOR('',#2915,1.);
#2915 = DIRECTION('',(1.,0.,0.));
#2916 = CYLINDRICAL_SURFACE('',#2917,2.);
#2917 = AXIS2_PLACEMENT_3D('',#2918,#2919,#2920);
#2918 = CARTESIAN_POINT('',(-80.,5.,13.));
#2919 = DIRECTION('',(1.,0.,0.));
#2920 = DIRECTION('',(0.,1.,0.));
#2921 = ADVANCED_FACE('',(#2922),#2933,.T.);
#2922 = FACE_BOUND('',#2923,.T.);
#2923 = EDGE_LOOP('',(#2924,#2925,#2932));
#2924 = ORIENTED_EDGE('',*,*,#2862,.F.);
#2925 = ORIENTED_EDGE('',*,*,#2926,.T.);
#2926 = EDGE_CURVE('',#2855,#2716,#2927,.T.);
#2927 = CIRCLE('',#2928,2.);
#2928 = AXIS2_PLACEMENT_3D('',#2929,#2930,#2931);
#2929 = CARTESIAN_POINT('',(-64.,5.,7.));
#2930 = DIRECTION('',(1.,-6.123233995737E-17,0.));
#2931 = DIRECTION('',(6.123233995737E-17,1.,0.));
#2932 = ORIENTED_EDGE('',*,*,#2715,.F.);
#2933 = SPHERICAL_SURFACE('',#2934,2.);
#2934 = AXIS2_PLACEMENT_3D('',#2935,#2936,#2937);
#2935 = CARTESIAN_POINT('',(-64.,5.,7.));
#2936 = DIRECTION('',(0.,0.,1.));
#2937 = DIRECTION('',(1.,0.,0.));
#2938 = ADVANCED_FACE('',(#2939),#2957,.T.);
#2939 = FACE_BOUND('',#2940,.T.);
#2940 = EDGE_LOOP('',(#2941,#2949,#2950,#2951));
#2941 = ORIENTED_EDGE('',*,*,#2942,.T.);
#2942 = EDGE_CURVE('',#2943,#2901,#2945,.T.);
#2943 = VERTEX_POINT('',#2944);
#2944 = CARTESIAN_POINT('',(-78.,7.,7.));
#2945 = LINE('',#2946,#2947);
#2946 = CARTESIAN_POINT('',(-78.,7.,5.));
#2947 = VECTOR('',#2948,1.);
#2948 = DIRECTION('',(0.,0.,1.));
#2949 = ORIENTED_EDGE('',*,*,#2911,.T.);
#2950 = ORIENTED_EDGE('',*,*,#2724,.F.);
#2951 = ORIENTED_EDGE('',*,*,#2952,.F.);
#2952 = EDGE_CURVE('',#2943,#2716,#2953,.T.);
#2953 = LINE('',#2954,#2955);
#2954 = CARTESIAN_POINT('',(-80.,7.,7.));
#2955 = VECTOR('',#2956,1.);
#2956 = DIRECTION('',(1.,0.,0.));
#2957 = PLANE('',#2958);
#2958 = AXIS2_PLACEMENT_3D('',#2959,#2960,#2961);
#2959 = CARTESIAN_POINT('',(-80.,7.,5.));
#2960 = DIRECTION('',(0.,1.,0.));
#2961 = DIRECTION('',(0.,0.,1.));
#2962 = ADVANCED_FACE('',(#2963),#2974,.T.);
#2963 = FACE_BOUND('',#2964,.T.);
#2964 = EDGE_LOOP('',(#2965,#2972,#2973));
#2965 = ORIENTED_EDGE('',*,*,#2966,.F.);
#2966 = EDGE_CURVE('',#2741,#2766,#2967,.T.);
#2967 = CIRCLE('',#2968,2.);
#2968 = AXIS2_PLACEMENT_3D('',#2969,#2970,#2971);
#2969 = CARTESIAN_POINT('',(-78.,2.,7.));
#2970 = DIRECTION('',(0.,1.,-0.));
#2971 = DIRECTION('',(-1.,0.,0.));
#2972 = ORIENTED_EDGE('',*,*,#2740,.T.);
#2973 = ORIENTED_EDGE('',*,*,#2775,.F.);
#2974 = SPHERICAL_SURFACE('',#2975,2.);
#2975 = AXIS2_PLACEMENT_3D('',#2976,#2977,#2978);
#2976 = CARTESIAN_POINT('',(-78.,2.,7.));
#2977 = DIRECTION('',(0.,0.,1.));
#2978 = DIRECTION('',(-1.,0.,0.));
#2979 = ADVANCED_FACE('',(#2980),#2998,.F.);
#2980 = FACE_BOUND('',#2981,.F.);
#2981 = EDGE_LOOP('',(#2982,#2990,#2991,#2992));
#2982 = ORIENTED_EDGE('',*,*,#2983,.F.);
#2983 = EDGE_CURVE('',#2741,#2984,#2986,.T.);
#2984 = VERTEX_POINT('',#2985);
#2985 = CARTESIAN_POINT('',(-78.,5.,5.));
#2986 = LINE('',#2987,#2988);
#2987 = CARTESIAN_POINT('',(-78.,0.,5.));
#2988 = VECTOR('',#2989,1.);
#2989 = DIRECTION('',(0.,1.,0.));
#2990 = ORIENTED_EDGE('',*,*,#2749,.T.);
#2991 = ORIENTED_EDGE('',*,*,#2854,.T.);
#2992 = ORIENTED_EDGE('',*,*,#2993,.F.);
#2993 = EDGE_CURVE('',#2984,#2855,#2994,.T.);
#2994 = LINE('',#2995,#2996);
#2995 = CARTESIAN_POINT('',(-80.,5.,5.));
#2996 = VECTOR('',#2997,1.);
#2997 = DIRECTION('',(1.,0.,0.));
#2998 = PLANE('',#2999);
#2999 = AXIS2_PLACEMENT_3D('',#3000,#3001,#3002);
#3000 = CARTESIAN_POINT('',(-80.,0.,5.));
#3001 = DIRECTION('',(0.,0.,1.));
#3002 = DIRECTION('',(1.,0.,0.));
#3003 = ADVANCED_FACE('',(#3004),#3029,.F.);
#3004 = FACE_BOUND('',#3005,.F.);
#3005 = EDGE_LOOP('',(#3006,#3007,#3015,#3023));
#3006 = ORIENTED_EDGE('',*,*,#2765,.F.);
#3007 = ORIENTED_EDGE('',*,*,#3008,.T.);
#3008 = EDGE_CURVE('',#2766,#3009,#3011,.T.);
#3009 = VERTEX_POINT('',#3010);
#3010 = CARTESIAN_POINT('',(-80.,5.,7.));
#3011 = LINE('',#3012,#3013);
#3012 = CARTESIAN_POINT('',(-80.,0.,7.));
#3013 = VECTOR('',#3014,1.);
#3014 = DIRECTION('',(0.,1.,0.));
#3015 = ORIENTED_EDGE('',*,*,#3016,.T.);
#3016 = EDGE_CURVE('',#3009,#3017,#3019,.T.);
#3017 = VERTEX_POINT('',#3018);
#3018 = CARTESIAN_POINT('',(-80.,5.,13.));
#3019 = LINE('',#3020,#3021);
#3020 = CARTESIAN_POINT('',(-80.,5.,5.));
#3021 = VECTOR('',#3022,1.);
#3022 = DIRECTION('',(0.,0.,1.));
#3023 = ORIENTED_EDGE('',*,*,#3024,.F.);
#3024 = EDGE_CURVE('',#2768,#3017,#3025,.T.);
#3025 = LINE('',#3026,#3027);
#3026 = CARTESIAN_POINT('',(-80.,0.,13.));
#3027 = VECTOR('',#3028,1.);
#3028 = DIRECTION('',(0.,1.,0.));
#3029 = PLANE('',#3030);
#3030 = AXIS2_PLACEMENT_3D('',#3031,#3032,#3033);
#3031 = CARTESIAN_POINT('',(-80.,0.,5.));
#3032 = DIRECTION('',(1.,0.,0.));
#3033 = DIRECTION('',(0.,0.,1.));
#3034 = ADVANCED_FACE('',(#3035),#3047,.T.);
#3035 = FACE_BOUND('',#3036,.T.);
#3036 = EDGE_LOOP('',(#3037,#3038,#3039,#3046));
#3037 = ORIENTED_EDGE('',*,*,#2798,.F.);
#3038 = ORIENTED_EDGE('',*,*,#2815,.T.);
#3039 = ORIENTED_EDGE('',*,*,#3040,.F.);
#3040 = EDGE_CURVE('',#3017,#2816,#3041,.T.);
#3041 = CIRCLE('',#3042,2.);
#3042 = AXIS2_PLACEMENT_3D('',#3043,#3044,#3045);
#3043 = CARTESIAN_POINT('',(-78.,5.,13.));
#3044 = DIRECTION('',(0.,1.,-0.));
#3045 = DIRECTION('',(-1.,0.,0.));
#3046 = ORIENTED_EDGE('',*,*,#3024,.F.);
#3047 = CYLINDRICAL_SURFACE('',#3048,2.);
#3048 = AXIS2_PLACEMENT_3D('',#3049,#3050,#3051);
#3049 = CARTESIAN_POINT('',(-78.,0.,13.));
#3050 = DIRECTION('',(0.,1.,0.));
#3051 = DIRECTION('',(-1.,0.,0.));
#3052 = ADVANCED_FACE('',(#3053),#3064,.T.);
#3053 = FACE_BOUND('',#3054,.F.);
#3054 = EDGE_LOOP('',(#3055,#3062,#3063));
#3055 = ORIENTED_EDGE('',*,*,#3056,.F.);
#3056 = EDGE_CURVE('',#2901,#3017,#3057,.T.);
#3057 = CIRCLE('',#3058,2.);
#3058 = AXIS2_PLACEMENT_3D('',#3059,#3060,#3061);
#3059 = CARTESIAN_POINT('',(-78.,5.,13.));
#3060 = DIRECTION('',(0.,0.,1.));
#3061 = DIRECTION('',(-1.,0.,0.));
#3062 = ORIENTED_EDGE('',*,*,#2900,.T.);
#3063 = ORIENTED_EDGE('',*,*,#3040,.F.);
#3064 = SPHERICAL_SURFACE('',#3065,2.);
#3065 = AXIS2_PLACEMENT_3D('',#3066,#3067,#3068);
#3066 = CARTESIAN_POINT('',(-78.,5.,13.));
#3067 = DIRECTION('',(0.,-1.,0.));
#3068 = DIRECTION('',(-1.,0.,0.));
#3069 = ADVANCED_FACE('',(#3070),#3082,.T.);
#3070 = FACE_BOUND('',#3071,.F.);
#3071 = EDGE_LOOP('',(#3072,#3079,#3080,#3081));
#3072 = ORIENTED_EDGE('',*,*,#3073,.F.);
#3073 = EDGE_CURVE('',#2984,#2943,#3074,.T.);
#3074 = CIRCLE('',#3075,2.);
#3075 = AXIS2_PLACEMENT_3D('',#3076,#3077,#3078);
#3076 = CARTESIAN_POINT('',(-78.,5.,7.));
#3077 = DIRECTION('',(1.,6.123233995737E-17,-0.));
#3078 = DIRECTION('',(-6.123233995737E-17,1.,0.));
#3079 = ORIENTED_EDGE('',*,*,#2993,.T.);
#3080 = ORIENTED_EDGE('',*,*,#2926,.T.);
#3081 = ORIENTED_EDGE('',*,*,#2952,.F.);
#3082 = CYLINDRICAL_SURFACE('',#3083,2.);
#3083 = AXIS2_PLACEMENT_3D('',#3084,#3085,#3086);
#3084 = CARTESIAN_POINT('',(-80.,5.,7.));
#3085 = DIRECTION('',(1.,0.,0.));
#3086 = DIRECTION('',(0.,1.,0.));
#3087 = ADVANCED_FACE('',(#3088),#3100,.T.);
#3088 = FACE_BOUND('',#3089,.F.);
#3089 = EDGE_LOOP('',(#3090,#3091,#3098,#3099));
#3090 = ORIENTED_EDGE('',*,*,#3016,.F.);
#3091 = ORIENTED_EDGE('',*,*,#3092,.T.);
#3092 = EDGE_CURVE('',#3009,#2943,#3093,.T.);
#3093 = CIRCLE('',#3094,2.);
#3094 = AXIS2_PLACEMENT_3D('',#3095,#3096,#3097);
#3095 = CARTESIAN_POINT('',(-78.,5.,7.));
#3096 = DIRECTION('',(0.,0.,-1.));
#3097 = DIRECTION('',(-1.,0.,0.));
#3098 = ORIENTED_EDGE('',*,*,#2942,.T.);
#3099 = ORIENTED_EDGE('',*,*,#3056,.T.);
#3100 = CYLINDRICAL_SURFACE('',#3101,2.);
#3101 = AXIS2_PLACEMENT_3D('',#3102,#3103,#3104);
#3102 = CARTESIAN_POINT('',(-78.,5.,5.));
#3103 = DIRECTION('',(0.,0.,1.));
#3104 = DIRECTION('',(-1.,0.,0.));
#3105 = ADVANCED_FACE('',(#3106),#3118,.T.);
#3106 = FACE_BOUND('',#3107,.F.);
#3107 = EDGE_LOOP('',(#3108,#3109,#3110,#3117));
#3108 = ORIENTED_EDGE('',*,*,#2966,.F.);
#3109 = ORIENTED_EDGE('',*,*,#2983,.T.);
#3110 = ORIENTED_EDGE('',*,*,#3111,.T.);
#3111 = EDGE_CURVE('',#2984,#3009,#3112,.T.);
#3112 = CIRCLE('',#3113,2.);
#3113 = AXIS2_PLACEMENT_3D('',#3114,#3115,#3116);
#3114 = CARTESIAN_POINT('',(-78.,5.,7.));
#3115 = DIRECTION('',(0.,1.,-0.));
#3116 = DIRECTION('',(-1.,0.,0.));
#3117 = ORIENTED_EDGE('',*,*,#3008,.F.);
#3118 = CYLINDRICAL_SURFACE('',#3119,2.);
#3119 = AXIS2_PLACEMENT_3D('',#3120,#3121,#3122);
#3120 = CARTESIAN_POINT('',(-78.,0.,7.));
#3121 = DIRECTION('',(0.,1.,0.));
#3122 = DIRECTION('',(-1.,0.,0.));
#3123 = ADVANCED_FACE('',(#3124),#3129,.T.);
#3124 = FACE_BOUND('',#3125,.F.);
#3125 = EDGE_LOOP('',(#3126,#3127,#3128));
#3126 = ORIENTED_EDGE('',*,*,#3111,.F.);
#3127 = ORIENTED_EDGE('',*,*,#3073,.T.);
#3128 = ORIENTED_EDGE('',*,*,#3092,.F.);
#3129 = SPHERICAL_SURFACE('',#3130,2.);
#3130 = AXIS2_PLACEMENT_3D('',#3131,#3132,#3133);
#3131 = CARTESIAN_POINT('',(-78.,5.,7.));
#3132 = DIRECTION('',(0.,0.,1.));
#3133 = DIRECTION('',(-1.,0.,0.));
#3134 = MANIFOLD_SOLID_BREP('',#3135);
#3135 = CLOSED_SHELL('',(#3136,#3176,#3209,#3242,#3275,#3308,#3325,#3342
    ,#3373,#3404,#3421,#3452,#3469,#3619,#3637,#3655,#3688,#3706,#3737,
    #3755,#3786,#3815,#4076,#4087,#4098,#4110,#4121,#4132));
#3136 = ADVANCED_FACE('',(#3137),#3171,.F.);
#3137 = FACE_BOUND('',#3138,.F.);
#3138 = EDGE_LOOP('',(#3139,#3149,#3157,#3165));
#3139 = ORIENTED_EDGE('',*,*,#3140,.F.);
#3140 = EDGE_CURVE('',#3141,#3143,#3145,.T.);
#3141 = VERTEX_POINT('',#3142);
#3142 = CARTESIAN_POINT('',(-92.,22.,-10.));
#3143 = VERTEX_POINT('',#3144);
#3144 = CARTESIAN_POINT('',(-92.,22.,10.));
#3145 = LINE('',#3146,#3147);
#3146 = CARTESIAN_POINT('',(-92.,22.,-12.));
#3147 = VECTOR('',#3148,1.);
#3148 = DIRECTION('',(0.,0.,1.));
#3149 = ORIENTED_EDGE('',*,*,#3150,.T.);
#3150 = EDGE_CURVE('',#3141,#3151,#3153,.T.);
#3151 = VERTEX_POINT('',#3152);
#3152 = CARTESIAN_POINT('',(-92.,118.,-10.));
#3153 = LINE('',#3154,#3155);
#3154 = CARTESIAN_POINT('',(-92.,20.,-10.));
#3155 = VECTOR('',#3156,1.);
#3156 = DIRECTION('',(0.,1.,0.));
#3157 = ORIENTED_EDGE('',*,*,#3158,.T.);
#3158 = EDGE_CURVE('',#3151,#3159,#3161,.T.);
#3159 = VERTEX_POINT('',#3160);
#3160 = CARTESIAN_POINT('',(-92.,118.,10.));
#3161 = LINE('',#3162,#3163);
#3162 = CARTESIAN_POINT('',(-92.,118.,-12.));
#3163 = VECTOR('',#3164,1.);
#3164 = DIRECTION('',(0.,0.,1.));
#3165 = ORIENTED_EDGE('',*,*,#3166,.F.);
#3166 = EDGE_CURVE('',#3143,#3159,#3167,.T.);
#3167 = LINE('',#3168,#3169);
#3168 = CARTESIAN_POINT('',(-92.,20.,10.));
#3169 = VECTOR('',#3170,1.);
#3170 = DIRECTION('',(0.,1.,0.));
#3171 = PLANE('',#3172);
#3172 = AXIS2_PLACEMENT_3D('',#3173,#3174,#3175);
#3173 = CARTESIAN_POINT('',(-92.,20.,-12.));
#3174 = DIRECTION('',(1.,0.,0.));
#3175 = DIRECTION('',(0.,0.,1.));
#3176 = ADVANCED_FACE('',(#3177),#3204,.T.);
#3177 = FACE_BOUND('',#3178,.T.);
#3178 = EDGE_LOOP('',(#3179,#3180,#3189,#3197));
#3179 = ORIENTED_EDGE('',*,*,#3140,.F.);
#3180 = ORIENTED_EDGE('',*,*,#3181,.T.);
#3181 = EDGE_CURVE('',#3141,#3182,#3184,.T.);
#3182 = VERTEX_POINT('',#3183);
#3183 = CARTESIAN_POINT('',(-90.,20.,-10.));
#3184 = CIRCLE('',#3185,2.);
#3185 = AXIS2_PLACEMENT_3D('',#3186,#3187,#3188);
#3186 = CARTESIAN_POINT('',(-90.,22.,-10.));
#3187 = DIRECTION('',(0.,0.,1.));
#3188 = DIRECTION('',(-1.,0.,0.));
#3189 = ORIENTED_EDGE('',*,*,#3190,.T.);
#3190 = EDGE_CURVE('',#3182,#3191,#3193,.T.);
#3191 = VERTEX_POINT('',#3192);
#3192 = CARTESIAN_POINT('',(-90.,20.,10.));
#3193 = LINE('',#3194,#3195);
#3194 = CARTESIAN_POINT('',(-90.,20.,-12.));
#3195 = VECTOR('',#3196,1.);
#3196 = DIRECTION('',(0.,0.,1.));
#3197 = ORIENTED_EDGE('',*,*,#3198,.F.);
#3198 = EDGE_CURVE('',#3143,#3191,#3199,.T.);
#3199 = CIRCLE('',#3200,2.);
#3200 = AXIS2_PLACEMENT_3D('',#3201,#3202,#3203);
#3201 = CARTESIAN_POINT('',(-90.,22.,10.));
#3202 = DIRECTION('',(0.,0.,1.));
#3203 = DIRECTION('',(-1.,0.,0.));
#3204 = CYLINDRICAL_SURFACE('',#3205,2.);
#3205 = AXIS2_PLACEMENT_3D('',#3206,#3207,#3208);
#3206 = CARTESIAN_POINT('',(-90.,22.,-12.));
#3207 = DIRECTION('',(0.,0.,1.));
#3208 = DIRECTION('',(-1.,0.,0.));
#3209 = ADVANCED_FACE('',(#3210),#3237,.T.);
#3210 = FACE_BOUND('',#3211,.F.);
#3211 = EDGE_LOOP('',(#3212,#3221,#3229,#3236));
#3212 = ORIENTED_EDGE('',*,*,#3213,.F.);
#3213 = EDGE_CURVE('',#3214,#3141,#3216,.T.);
#3214 = VERTEX_POINT('',#3215);
#3215 = CARTESIAN_POINT('',(-90.,22.,-12.));
#3216 = CIRCLE('',#3217,2.);
#3217 = AXIS2_PLACEMENT_3D('',#3218,#3219,#3220);
#3218 = CARTESIAN_POINT('',(-90.,22.,-10.));
#3219 = DIRECTION('',(0.,1.,-0.));
#3220 = DIRECTION('',(-1.,0.,0.));
#3221 = ORIENTED_EDGE('',*,*,#3222,.T.);
#3222 = EDGE_CURVE('',#3214,#3223,#3225,.T.);
#3223 = VERTEX_POINT('',#3224);
#3224 = CARTESIAN_POINT('',(-90.,118.,-12.));
#3225 = LINE('',#3226,#3227);
#3226 = CARTESIAN_POINT('',(-90.,20.,-12.));
#3227 = VECTOR('',#3228,1.);
#3228 = DIRECTION('',(0.,1.,0.));
#3229 = ORIENTED_EDGE('',*,*,#3230,.T.);
#3230 = EDGE_CURVE('',#3223,#3151,#3231,.T.);
#3231 = CIRCLE('',#3232,2.);
#3232 = AXIS2_PLACEMENT_3D('',#3233,#3234,#3235);
#3233 = CARTESIAN_POINT('',(-90.,118.,-10.));
#3234 = DIRECTION('',(0.,1.,-0.));
#3235 = DIRECTION('',(-1.,0.,0.));
#3236 = ORIENTED_EDGE('',*,*,#3150,.F.);
#3237 = CYLINDRICAL_SURFACE('',#3238,2.);
#3238 = AXIS2_PLACEMENT_3D('',#3239,#3240,#3241);
#3239 = CARTESIAN_POINT('',(-90.,20.,-10.));
#3240 = DIRECTION('',(0.,1.,0.));
#3241 = DIRECTION('',(-1.,0.,0.));
#3242 = ADVANCED_FACE('',(#3243),#3270,.T.);
#3243 = FACE_BOUND('',#3244,.T.);
#3244 = EDGE_LOOP('',(#3245,#3254,#3262,#3269));
#3245 = ORIENTED_EDGE('',*,*,#3246,.F.);
#3246 = EDGE_CURVE('',#3247,#3143,#3249,.T.);
#3247 = VERTEX_POINT('',#3248);
#3248 = CARTESIAN_POINT('',(-90.,22.,12.));
#3249 = CIRCLE('',#3250,2.);
#3250 = AXIS2_PLACEMENT_3D('',#3251,#3252,#3253);
#3251 = CARTESIAN_POINT('',(-90.,22.,10.));
#3252 = DIRECTION('',(0.,-1.,0.));
#3253 = DIRECTION('',(-1.,0.,0.));
#3254 = ORIENTED_EDGE('',*,*,#3255,.T.);
#3255 = EDGE_CURVE('',#3247,#3256,#3258,.T.);
#3256 = VERTEX_POINT('',#3257);
#3257 = CARTESIAN_POINT('',(-90.,118.,12.));
#3258 = LINE('',#3259,#3260);
#3259 = CARTESIAN_POINT('',(-90.,20.,12.));
#3260 = VECTOR('',#3261,1.);
#3261 = DIRECTION('',(0.,1.,0.));
#3262 = ORIENTED_EDGE('',*,*,#3263,.F.);
#3263 = EDGE_CURVE('',#3159,#3256,#3264,.T.);
#3264 = CIRCLE('',#3265,2.);
#3265 = AXIS2_PLACEMENT_3D('',#3266,#3267,#3268);
#3266 = CARTESIAN_POINT('',(-90.,118.,10.));
#3267 = DIRECTION('',(0.,1.,-0.));
#3268 = DIRECTION('',(-1.,0.,0.));
#3269 = ORIENTED_EDGE('',*,*,#3166,.F.);
#3270 = CYLINDRICAL_SURFACE('',#3271,2.);
#3271 = AXIS2_PLACEMENT_3D('',#3272,#3273,#3274);
#3272 = CARTESIAN_POINT('',(-90.,20.,10.));
#3273 = DIRECTION('',(0.,1.,0.));
#3274 = DIRECTION('',(-1.,0.,0.));
#3275 = ADVANCED_FACE('',(#3276),#3303,.T.);
#3276 = FACE_BOUND('',#3277,.F.);
#3277 = EDGE_LOOP('',(#3278,#3279,#3288,#3296));
#3278 = ORIENTED_EDGE('',*,*,#3158,.F.);
#3279 = ORIENTED_EDGE('',*,*,#3280,.T.);
#3280 = EDGE_CURVE('',#3151,#3281,#3283,.T.);
#3281 = VERTEX_POINT('',#3282);
#3282 = CARTESIAN_POINT('',(-90.,120.,-10.));
#3283 = CIRCLE('',#3284,2.);
#3284 = AXIS2_PLACEMENT_3D('',#3285,#3286,#3287);
#3285 = CARTESIAN_POINT('',(-90.,118.,-10.));
#3286 = DIRECTION('',(0.,0.,-1.));
#3287 = DIRECTION('',(-1.,0.,0.));
#3288 = ORIENTED_EDGE('',*,*,#3289,.T.);
#3289 = EDGE_CURVE('',#3281,#3290,#3292,.T.);
#3290 = VERTEX_POINT('',#3291);
#3291 = CARTESIAN_POINT('',(-90.,120.,10.));
#3292 = LINE('',#3293,#3294);
#3293 = CARTESIAN_POINT('',(-90.,120.,-12.));
#3294 = VECTOR('',#3295,1.);
#3295 = DIRECTION('',(0.,0.,1.));
#3296 = ORIENTED_EDGE('',*,*,#3297,.T.);
#3297 = EDGE_CURVE('',#3290,#3159,#3298,.T.);
#3298 = CIRCLE('',#3299,2.);
#3299 = AXIS2_PLACEMENT_3D('',#3300,#3301,#3302);
#3300 = CARTESIAN_POINT('',(-90.,118.,10.));
#3301 = DIRECTION('',(0.,0.,1.));
#3302 = DIRECTION('',(-1.,0.,0.));
#3303 = CYLINDRICAL_SURFACE('',#3304,2.);
#3304 = AXIS2_PLACEMENT_3D('',#3305,#3306,#3307);
#3305 = CARTESIAN_POINT('',(-90.,118.,-12.));
#3306 = DIRECTION('',(0.,0.,1.));
#3307 = DIRECTION('',(-1.,0.,0.));
#3308 = ADVANCED_FACE('',(#3309),#3320,.T.);
#3309 = FACE_BOUND('',#3310,.T.);
#3310 = EDGE_LOOP('',(#3311,#3312,#3319));
#3311 = ORIENTED_EDGE('',*,*,#3213,.F.);
#3312 = ORIENTED_EDGE('',*,*,#3313,.T.);
#3313 = EDGE_CURVE('',#3214,#3182,#3314,.T.);
#3314 = CIRCLE('',#3315,2.);
#3315 = AXIS2_PLACEMENT_3D('',#3316,#3317,#3318);
#3316 = CARTESIAN_POINT('',(-90.,22.,-10.));
#3317 = DIRECTION('',(-1.,6.123233995737E-17,0.));
#3318 = DIRECTION('',(-6.123233995737E-17,-1.,0.));
#3319 = ORIENTED_EDGE('',*,*,#3181,.F.);
#3320 = SPHERICAL_SURFACE('',#3321,2.);
#3321 = AXIS2_PLACEMENT_3D('',#3322,#3323,#3324);
#3322 = CARTESIAN_POINT('',(-90.,22.,-10.));
#3323 = DIRECTION('',(0.,0.,1.));
#3324 = DIRECTION('',(-1.,0.,0.));
#3325 = ADVANCED_FACE('',(#3326),#3337,.T.);
#3326 = FACE_BOUND('',#3327,.F.);
#3327 = EDGE_LOOP('',(#3328,#3329,#3336));
#3328 = ORIENTED_EDGE('',*,*,#3246,.F.);
#3329 = ORIENTED_EDGE('',*,*,#3330,.T.);
#3330 = EDGE_CURVE('',#3247,#3191,#3331,.T.);
#3331 = CIRCLE('',#3332,2.);
#3332 = AXIS2_PLACEMENT_3D('',#3333,#3334,#3335);
#3333 = CARTESIAN_POINT('',(-90.,22.,10.));
#3334 = DIRECTION('',(1.,-6.123233995737E-17,0.));
#3335 = DIRECTION('',(-6.123233995737E-17,-1.,0.));
#3336 = ORIENTED_EDGE('',*,*,#3198,.F.);
#3337 = SPHERICAL_SURFACE('',#3338,2.);
#3338 = AXIS2_PLACEMENT_3D('',#3339,#3340,#3341);
#3339 = CARTESIAN_POINT('',(-90.,22.,10.));
#3340 = DIRECTION('',(-0.,-0.,-1.));
#3341 = DIRECTION('',(-1.,0.,0.));
#3342 = ADVANCED_FACE('',(#3343),#3368,.F.);
#3343 = FACE_BOUND('',#3344,.F.);
#3344 = EDGE_LOOP('',(#3345,#3346,#3354,#3362));
#3345 = ORIENTED_EDGE('',*,*,#3190,.T.);
#3346 = ORIENTED_EDGE('',*,*,#3347,.T.);
#3347 = EDGE_CURVE('',#3191,#3348,#3350,.T.);
#3348 = VERTEX_POINT('',#3349);
#3349 = CARTESIAN_POINT('',(-82.,20.,10.));
#3350 = LINE('',#3351,#3352);
#3351 = CARTESIAN_POINT('',(-92.,20.,10.));
#3352 = VECTOR('',#3353,1.);
#3353 = DIRECTION('',(1.,0.,0.));
#3354 = ORIENTED_EDGE('',*,*,#3355,.F.);
#3355 = EDGE_CURVE('',#3356,#3348,#3358,.T.);
#3356 = VERTEX_POINT('',#3357);
#3357 = CARTESIAN_POINT('',(-82.,20.,-10.));
#3358 = LINE('',#3359,#3360);
#3359 = CARTESIAN_POINT('',(-82.,20.,-12.));
#3360 = VECTOR('',#3361,1.);
#3361 = DIRECTION('',(0.,0.,1.));
#3362 = ORIENTED_EDGE('',*,*,#3363,.F.);
#3363 = EDGE_CURVE('',#3182,#3356,#3364,.T.);
#3364 = LINE('',#3365,#3366);
#3365 = CARTESIAN_POINT('',(-92.,20.,-10.));
#3366 = VECTOR('',#3367,1.);
#3367 = DIRECTION('',(1.,0.,0.));
#3368 = PLANE('',#3369);
#3369 = AXIS2_PLACEMENT_3D('',#3370,#3371,#3372);
#3370 = CARTESIAN_POINT('',(-92.,20.,-12.));
#3371 = DIRECTION('',(0.,1.,0.));
#3372 = DIRECTION('',(0.,0.,1.));
#3373 = ADVANCED_FACE('',(#3374),#3399,.F.);
#3374 = FACE_BOUND('',#3375,.F.);
#3375 = EDGE_LOOP('',(#3376,#3377,#3385,#3393));
#3376 = ORIENTED_EDGE('',*,*,#3222,.F.);
#3377 = ORIENTED_EDGE('',*,*,#3378,.T.);
#3378 = EDGE_CURVE('',#3214,#3379,#3381,.T.);
#3379 = VERTEX_POINT('',#3380);
#3380 = CARTESIAN_POINT('',(-82.,22.,-12.));
#3381 = LINE('',#3382,#3383);
#3382 = CARTESIAN_POINT('',(-92.,22.,-12.));
#3383 = VECTOR('',#3384,1.);
#3384 = DIRECTION('',(1.,0.,0.));
#3385 = ORIENTED_EDGE('',*,*,#3386,.T.);
#3386 = EDGE_CURVE('',#3379,#3387,#3389,.T.);
#3387 = VERTEX_POINT('',#3388);
#3388 = CARTESIAN_POINT('',(-82.,118.,-12.));
#3389 = LINE('',#3390,#3391);
#3390 = CARTESIAN_POINT('',(-82.,20.,-12.));
#3391 = VECTOR('',#3392,1.);
#3392 = DIRECTION('',(0.,1.,0.));
#3393 = ORIENTED_EDGE('',*,*,#3394,.F.);
#3394 = EDGE_CURVE('',#3223,#3387,#3395,.T.);
#3395 = LINE('',#3396,#3397);
#3396 = CARTESIAN_POINT('',(-92.,118.,-12.));
#3397 = VECTOR('',#3398,1.);
#3398 = DIRECTION('',(1.,0.,0.));
#3399 = PLANE('',#3400);
#3400 = AXIS2_PLACEMENT_3D('',#3401,#3402,#3403);
#3401 = CARTESIAN_POINT('',(-92.,20.,-12.));
#3402 = DIRECTION('',(0.,0.,1.));
#3403 = DIRECTION('',(1.,0.,0.));
#3404 = ADVANCED_FACE('',(#3405),#3416,.T.);
#3405 = FACE_BOUND('',#3406,.F.);
#3406 = EDGE_LOOP('',(#3407,#3408,#3415));
#3407 = ORIENTED_EDGE('',*,*,#3230,.F.);
#3408 = ORIENTED_EDGE('',*,*,#3409,.T.);
#3409 = EDGE_CURVE('',#3223,#3281,#3410,.T.);
#3410 = CIRCLE('',#3411,2.);
#3411 = AXIS2_PLACEMENT_3D('',#3412,#3413,#3414);
#3412 = CARTESIAN_POINT('',(-90.,118.,-10.));
#3413 = DIRECTION('',(1.,6.123233995737E-17,-0.));
#3414 = DIRECTION('',(-6.123233995737E-17,1.,0.));
#3415 = ORIENTED_EDGE('',*,*,#3280,.F.);
#3416 = SPHERICAL_SURFACE('',#3417,2.);
#3417 = AXIS2_PLACEMENT_3D('',#3418,#3419,#3420);
#3418 = CARTESIAN_POINT('',(-90.,118.,-10.));
#3419 = DIRECTION('',(0.,0.,1.));
#3420 = DIRECTION('',(-1.,0.,0.));
#3421 = ADVANCED_FACE('',(#3422),#3447,.T.);
#3422 = FACE_BOUND('',#3423,.T.);
#3423 = EDGE_LOOP('',(#3424,#3425,#3433,#3441));
#3424 = ORIENTED_EDGE('',*,*,#3255,.F.);
#3425 = ORIENTED_EDGE('',*,*,#3426,.T.);
#3426 = EDGE_CURVE('',#3247,#3427,#3429,.T.);
#3427 = VERTEX_POINT('',#3428);
#3428 = CARTESIAN_POINT('',(-82.,22.,12.));
#3429 = LINE('',#3430,#3431);
#3430 = CARTESIAN_POINT('',(-92.,22.,12.));
#3431 = VECTOR('',#3432,1.);
#3432 = DIRECTION('',(1.,0.,0.));
#3433 = ORIENTED_EDGE('',*,*,#3434,.T.);
#3434 = EDGE_CURVE('',#3427,#3435,#3437,.T.);
#3435 = VERTEX_POINT('',#3436);
#3436 = CARTESIAN_POINT('',(-82.,118.,12.));
#3437 = LINE('',#3438,#3439);
#3438 = CARTESIAN_POINT('',(-82.,20.,12.));
#3439 = VECTOR('',#3440,1.);
#3440 = DIRECTION('',(0.,1.,0.));
#3441 = ORIENTED_EDGE('',*,*,#3442,.F.);
#3442 = EDGE_CURVE('',#3256,#3435,#3443,.T.);
#3443 = LINE('',#3444,#3445);
#3444 = CARTESIAN_POINT('',(-92.,118.,12.));
#3445 = VECTOR('',#3446,1.);
#3446 = DIRECTION('',(1.,0.,0.));
#3447 = PLANE('',#3448);
#3448 = AXIS2_PLACEMENT_3D('',#3449,#3450,#3451);
#3449 = CARTESIAN_POINT('',(-92.,20.,12.));
#3450 = DIRECTION('',(0.,0.,1.));
#3451 = DIRECTION('',(1.,0.,0.));
#3452 = ADVANCED_FACE('',(#3453),#3464,.T.);
#3453 = FACE_BOUND('',#3454,.F.);
#3454 = EDGE_LOOP('',(#3455,#3456,#3463));
#3455 = ORIENTED_EDGE('',*,*,#3297,.F.);
#3456 = ORIENTED_EDGE('',*,*,#3457,.T.);
#3457 = EDGE_CURVE('',#3290,#3256,#3458,.T.);
#3458 = CIRCLE('',#3459,2.);
#3459 = AXIS2_PLACEMENT_3D('',#3460,#3461,#3462);
#3460 = CARTESIAN_POINT('',(-90.,118.,10.));
#3461 = DIRECTION('',(1.,0.,6.123233995737E-17));
#3462 = DIRECTION('',(-6.123233995737E-17,0.,1.));
#3463 = ORIENTED_EDGE('',*,*,#3263,.F.);
#3464 = SPHERICAL_SURFACE('',#3465,2.);
#3465 = AXIS2_PLACEMENT_3D('',#3466,#3467,#3468);
#3466 = CARTESIAN_POINT('',(-90.,118.,10.));
#3467 = DIRECTION('',(0.,-1.,0.));
#3468 = DIRECTION('',(-1.,0.,0.));
#3469 = ADVANCED_FACE('',(#3470,#3495),#3614,.T.);
#3470 = FACE_BOUND('',#3471,.T.);
#3471 = EDGE_LOOP('',(#3472,#3473,#3481,#3489));
#3472 = ORIENTED_EDGE('',*,*,#3289,.T.);
#3473 = ORIENTED_EDGE('',*,*,#3474,.T.);
#3474 = EDGE_CURVE('',#3290,#3475,#3477,.T.);
#3475 = VERTEX_POINT('',#3476);
#3476 = CARTESIAN_POINT('',(-82.,120.,10.));
#3477 = LINE('',#3478,#3479);
#3478 = CARTESIAN_POINT('',(-92.,120.,10.));
#3479 = VECTOR('',#3480,1.);
#3480 = DIRECTION('',(1.,0.,0.));
#3481 = ORIENTED_EDGE('',*,*,#3482,.F.);
#3482 = EDGE_CURVE('',#3483,#3475,#3485,.T.);
#3483 = VERTEX_POINT('',#3484);
#3484 = CARTESIAN_POINT('',(-82.,120.,-10.));
#3485 = LINE('',#3486,#3487);
#3486 = CARTESIAN_POINT('',(-82.,120.,-12.));
#3487 = VECTOR('',#3488,1.);
#3488 = DIRECTION('',(0.,0.,1.));
#3489 = ORIENTED_EDGE('',*,*,#3490,.F.);
#3490 = EDGE_CURVE('',#3281,#3483,#3491,.T.);
#3491 = LINE('',#3492,#3493);
#3492 = CARTESIAN_POINT('',(-92.,120.,-10.));
#3493 = VECTOR('',#3494,1.);
#3494 = DIRECTION('',(1.,0.,0.));
#3495 = FACE_BOUND('',#3496,.T.);
#3496 = EDGE_LOOP('',(#3497));
#3497 = ORIENTED_EDGE('',*,*,#3498,.T.);
#3498 = EDGE_CURVE('',#3499,#3499,#3501,.T.);
#3499 = VERTEX_POINT('',#3500);
#3500 = CARTESIAN_POINT('',(-82.8,120.,-0.707997973395));
#3501 = B_SPLINE_CURVE_WITH_KNOTS('',6,(#3502,#3503,#3504,#3505,#3506,
    #3507,#3508,#3509,#3510,#3511,#3512,#3513,#3514,#3515,#3516,#3517,
    #3518,#3519,#3520,#3521,#3522,#3523,#3524,#3525,#3526,#3527,#3528,
    #3529,#3530,#3531,#3532,#3533,#3534,#3535,#3536,#3537,#3538,#3539,
    #3540,#3541,#3542,#3543,#3544,#3545,#3546,#3547,#3548,#3549,#3550,
    #3551,#3552,#3553,#3554,#3555,#3556,#3557,#3558,#3559,#3560,#3561,
    #3562,#3563,#3564,#3565,#3566,#3567,#3568,#3569,#3570,#3571,#3572,
    #3573,#3574,#3575,#3576,#3577,#3578,#3579,#3580,#3581,#3582,#3583,
    #3584,#3585,#3586,#3587,#3588,#3589,#3590,#3591,#3592,#3593,#3594,
    #3595,#3596,#3597,#3598,#3599,#3600,#3601,#3602,#3603,#3604,#3605,
    #3606,#3607,#3608,#3609,#3610,#3611,#3612,#3613),.UNSPECIFIED.,.T.,
  .F.,(7,5,5,5,5,5,5,5,5,5,5,5,5,5,5,5,5,5,5,5,5,5,7),(0.,
    9.77165215696E-02,0.14581092659,0.176861023002,0.197880638879,
    0.245877058782,0.292324966648,0.312297860329,0.341262195604,
    0.387233829929,0.43225772281,0.459298094754,0.516428107456,
    0.557531514213,0.574569374332,0.599614691916,0.638653384934,
    0.676651680129,0.749586880395,0.832546060135,0.874630417245,
    0.919721154695,1.),.UNSPECIFIED.);
#3502 = CARTESIAN_POINT('',(-82.8,120.,-0.707997973395));
#3503 = CARTESIAN_POINT('',(-82.79999994572,120.,-0.382644419012));
#3504 = CARTESIAN_POINT('',(-82.83990415603,120.,-5.698183833271E-02));
#3505 = CARTESIAN_POINT('',(-82.91984716095,120.,0.26269506319));
#3506 = CARTESIAN_POINT('',(-83.03856894946,120.,0.570422709527));
#3507 = CARTESIAN_POINT('',(-83.19386764089,120.,0.860478303443));
#3508 = CARTESIAN_POINT('',(-83.47475559001,120.,1.259059789195));
#3509 = CARTESIAN_POINT('',(-83.57539960767,120.,1.384993625658));
#3510 = CARTESIAN_POINT('',(-83.68362196799,120.,1.50477863491));
#3511 = CARTESIAN_POINT('',(-83.79894851557,120.,1.617849983286));
#3512 = CARTESIAN_POINT('',(-83.92084855975,120.,1.723692524509));
#3513 = CARTESIAN_POINT('',(-84.13129950988,120.,1.885206424463));
#3514 = CARTESIAN_POINT('',(-84.21636055405,120.,1.945366377582));
#3515 = CARTESIAN_POINT('',(-84.30376065089,120.,2.002196407201));
#3516 = CARTESIAN_POINT('',(-84.39333505914,120.,2.055583273731));
#3517 = CARTESIAN_POINT('',(-84.48491165248,120.,2.105424749833));
#3518 = CARTESIAN_POINT('',(-84.64153836056,120.,2.182908418449));
#3519 = CARTESIAN_POINT('',(-84.70560128978,120.,2.212520793698));
#3520 = CARTESIAN_POINT('',(-84.77044413109,120.,2.240438544791));
#3521 = CARTESIAN_POINT('',(-84.83601017164,120.,2.266636032631));
#3522 = CARTESIAN_POINT('',(-84.90224156178,120.,2.291090180401));
#3523 = CARTESIAN_POINT('',(-85.12169646323,120.,2.36559151057));
#3524 = CARTESIAN_POINT('',(-85.27747904182,120.,2.408206911592));
#3525 = CARTESIAN_POINT('',(-85.43571841097,120.,2.441381025421));
#3526 = CARTESIAN_POINT('',(-85.59569177918,120.,2.464943422753));
#3527 = CARTESIAN_POINT('',(-85.75666220344,120.,2.478798896189));
#3528 = CARTESIAN_POINT('',(-86.07389376156,120.,2.486923040042));
#3529 = CARTESIAN_POINT('',(-86.23014582723,120.,2.48180941822));
#3530 = CARTESIAN_POINT('',(-86.38595452311,120.,2.467570088757));
#3531 = CARTESIAN_POINT('',(-86.54064838851,120.,2.444255026901));
#3532 = CARTESIAN_POINT('',(-86.69356476506,120.,2.411980689162));
#3533 = CARTESIAN_POINT('',(-86.90875964995,120.,2.353277895774));
#3534 = CARTESIAN_POINT('',(-86.97302054984,120.,2.334002852742));
#3535 = CARTESIAN_POINT('',(-87.03678094666,120.,2.313119353233));
#3536 = CARTESIAN_POINT('',(-87.09999008204,120.,2.290644003951));
#3537 = CARTESIAN_POINT('',(-87.16259798906,120.,2.266595549273));
#3538 = CARTESIAN_POINT('',(-87.31440511194,120.,2.203869255449));
#3539 = CARTESIAN_POINT('',(-87.40288724879,120.,2.163479083852));
#3540 = CARTESIAN_POINT('',(-87.48985166617,120.,2.119888237422));
#3541 = CARTESIAN_POINT('',(-87.57515307469,120.,2.073169295924));
#3542 = CARTESIAN_POINT('',(-87.65865113213,120.,2.023403537918));
#3543 = CARTESIAN_POINT('',(-87.86965937898,120.,1.887001111864));
#3544 = CARTESIAN_POINT('',(-87.9942269143,120.,1.795870202406));
#3545 = CARTESIAN_POINT('',(-88.11336941049,120.,1.697650820805));
#3546 = CARTESIAN_POINT('',(-88.22658640528,120.,1.592750821867));
#3547 = CARTESIAN_POINT('',(-88.33342061307,120.,1.481623306782));
#3548 = CARTESIAN_POINT('',(-88.53143305366,120.,1.250319032236));
#3549 = CARTESIAN_POINT('',(-88.62289145229,120.,1.130371893416));
#3550 = CARTESIAN_POINT('',(-88.70744526075,120.,1.005393539868));
#3551 = CARTESIAN_POINT('',(-88.7847554447,120.,0.875880260986));
#3552 = CARTESIAN_POINT('',(-88.85453179547,120.,0.742356302366));
#3553 = CARTESIAN_POINT('',(-88.95376959538,120.,0.523104884594));
#3554 = CARTESIAN_POINT('',(-88.98820215424,120.,0.439587491016));
#3555 = CARTESIAN_POINT('',(-89.01977864157,120.,0.354940651217));
#3556 = CARTESIAN_POINT('',(-89.04845396017,120.,0.269285454734));
#3557 = CARTESIAN_POINT('',(-89.07418988075,120.,0.1827451145));
#3558 = CARTESIAN_POINT('',(-89.14505273629,120.,-8.899998805459E-02));
#3559 = CARTESIAN_POINT('',(-89.17989032607,120.,-0.276843499132));
#3560 = CARTESIAN_POINT('',(-89.201170933,120.,-0.466893667646));
#3561 = CARTESIAN_POINT('',(-89.20873978963,120.,-0.657948274757));
#3562 = CARTESIAN_POINT('',(-89.20258278,120.,-0.848797476767));
#3563 = CARTESIAN_POINT('',(-89.16861000232,120.,-1.174514932001));
#3564 = CARTESIAN_POINT('',(-89.14735468814,120.,-1.310072654053));
#3565 = CARTESIAN_POINT('',(-89.11910619074,120.,-1.44444939628));
#3566 = CARTESIAN_POINT('',(-89.08394827759,120.,-1.577203161354));
#3567 = CARTESIAN_POINT('',(-89.04200133062,120.,-1.70790022485));
#3568 = CARTESIAN_POINT('',(-88.97328573942,120.,-1.889261893497));
#3569 = CARTESIAN_POINT('',(-88.95200955746,120.,-1.941982397618));
#3570 = CARTESIAN_POINT('',(-88.92960494551,120.,-1.994246506298));
#3571 = CARTESIAN_POINT('',(-88.90608408293,120.,-2.046024496243));
#3572 = CARTESIAN_POINT('',(-88.8814601833,120.,-2.097287062178));
#3573 = CARTESIAN_POINT('',(-88.81795035767,120.,-2.222560129451));
#3574 = CARTESIAN_POINT('',(-88.77780046501,120.,-2.29593890897));
#3575 = CARTESIAN_POINT('',(-88.73534312951,120.,-2.368049775767));
#3576 = CARTESIAN_POINT('',(-88.69062827081,120.,-2.438803385806));
#3577 = CARTESIAN_POINT('',(-88.6437104151,120.,-2.508112930652));
#3578 = CARTESIAN_POINT('',(-88.51817520922,120.,-2.68154602701));
#3579 = CARTESIAN_POINT('',(-88.43649226802,120.,-2.783485854474));
#3580 = CARTESIAN_POINT('',(-88.3498246466,120.,-2.88139324519));
#3581 = CARTESIAN_POINT('',(-88.25842153294,120.,-2.974968013516));
#3582 = CARTESIAN_POINT('',(-88.16255652794,120.,-3.063930162841));
#3583 = CARTESIAN_POINT('',(-87.96516460532,120.,-3.229868617201));
#3584 = CARTESIAN_POINT('',(-87.86385530041,120.,-3.307102811514));
#3585 = CARTESIAN_POINT('',(-87.75887486927,120.,-3.379483067283));
#3586 = CARTESIAN_POINT('',(-87.65051592726,120.,-3.446793460515));
#3587 = CARTESIAN_POINT('',(-87.53908856657,120.,-3.508841544468));
#3588 = CARTESIAN_POINT('',(-87.20578178133,120.,-3.674130848203));
#3589 = CARTESIAN_POINT('',(-86.97651656018,120.,-3.762808644421));
#3590 = CARTESIAN_POINT('',(-86.7394807823,120.,-3.83027115889));
#3591 = CARTESIAN_POINT('',(-86.49715622029,120.,-3.875725262162));
#3592 = CARTESIAN_POINT('',(-86.25211944441,120.,-3.898721163863));
#3593 = CARTESIAN_POINT('',(-85.72831052131,120.,-3.899872784161));
#3594 = CARTESIAN_POINT('',(-85.44943696715,120.,-3.871431514714));
#3595 = CARTESIAN_POINT('',(-85.17441466138,120.,-3.813903974534));
#3596 = CARTESIAN_POINT('',(-84.90702240687,120.,-3.728030511259));
#3597 = CARTESIAN_POINT('',(-84.65087282976,120.,-3.615097519665));
#3598 = CARTESIAN_POINT('',(-84.28681561362,120.,-3.40712836005));
#3599 = CARTESIAN_POINT('',(-84.16803792127,120.,-3.330682128966));
#3600 = CARTESIAN_POINT('',(-84.05343972324,120.,-3.248038928089));
#3601 = CARTESIAN_POINT('',(-83.94342341135,120.,-3.159488009673));
#3602 = CARTESIAN_POINT('',(-83.83836269447,120.,-3.065352056908));
#3603 = CARTESIAN_POINT('',(-83.63171592335,120.,-2.859524114568));
#3604 = CARTESIAN_POINT('',(-83.53091171761,120.,-2.747054869337));
#3605 = CARTESIAN_POINT('',(-83.43661388219,120.,-2.629018150699));
#3606 = CARTESIAN_POINT('',(-83.34919948967,120.,-2.505884270947));
#3607 = CARTESIAN_POINT('',(-83.26899878432,120.,-2.378155152202));
#3608 = CARTESIAN_POINT('',(-83.06685448783,120.,-2.011725322208));
#3609 = CARTESIAN_POINT('',(-82.96115765489,120.,-1.764174147964));
#3610 = CARTESIAN_POINT('',(-82.88084093216,120.,-1.506760621307));
#3611 = CARTESIAN_POINT('',(-82.82693280425,120.,-1.24269417682));
#3612 = CARTESIAN_POINT('',(-82.79999998504,120.,-0.975291697402));
#3613 = CARTESIAN_POINT('',(-82.8,120.,-0.707997973395));
#3614 = PLANE('',#3615);
#3615 = AXIS2_PLACEMENT_3D('',#3616,#3617,#3618);
#3616 = CARTESIAN_POINT('',(-92.,120.,-12.));
#3617 = DIRECTION('',(0.,1.,0.));
#3618 = DIRECTION('',(0.,0.,1.));
#3619 = ADVANCED_FACE('',(#3620),#3632,.T.);
#3620 = FACE_BOUND('',#3621,.T.);
#3621 = EDGE_LOOP('',(#3622,#3623,#3624,#3631));
#3622 = ORIENTED_EDGE('',*,*,#3313,.F.);
#3623 = ORIENTED_EDGE('',*,*,#3378,.T.);
#3624 = ORIENTED_EDGE('',*,*,#3625,.T.);
#3625 = EDGE_CURVE('',#3379,#3356,#3626,.T.);
#3626 = CIRCLE('',#3627,2.);
#3627 = AXIS2_PLACEMENT_3D('',#3628,#3629,#3630);
#3628 = CARTESIAN_POINT('',(-82.,22.,-10.));
#3629 = DIRECTION('',(-1.,-6.123233995737E-17,0.));
#3630 = DIRECTION('',(6.123233995737E-17,-1.,0.));
#3631 = ORIENTED_EDGE('',*,*,#3363,.F.);
#3632 = CYLINDRICAL_SURFACE('',#3633,2.);
#3633 = AXIS2_PLACEMENT_3D('',#3634,#3635,#3636);
#3634 = CARTESIAN_POINT('',(-92.,22.,-10.));
#3635 = DIRECTION('',(1.,0.,0.));
#3636 = DIRECTION('',(0.,-1.,0.));
#3637 = ADVANCED_FACE('',(#3638),#3650,.T.);
#3638 = FACE_BOUND('',#3639,.F.);
#3639 = EDGE_LOOP('',(#3640,#3641,#3642,#3649));
#3640 = ORIENTED_EDGE('',*,*,#3330,.F.);
#3641 = ORIENTED_EDGE('',*,*,#3426,.T.);
#3642 = ORIENTED_EDGE('',*,*,#3643,.T.);
#3643 = EDGE_CURVE('',#3427,#3348,#3644,.T.);
#3644 = CIRCLE('',#3645,2.);
#3645 = AXIS2_PLACEMENT_3D('',#3646,#3647,#3648);
#3646 = CARTESIAN_POINT('',(-82.,22.,10.));
#3647 = DIRECTION('',(1.,6.123233995737E-17,0.));
#3648 = DIRECTION('',(6.123233995737E-17,-1.,0.));
#3649 = ORIENTED_EDGE('',*,*,#3347,.F.);
#3650 = CYLINDRICAL_SURFACE('',#3651,2.);
#3651 = AXIS2_PLACEMENT_3D('',#3652,#3653,#3654);
#3652 = CARTESIAN_POINT('',(-92.,22.,10.));
#3653 = DIRECTION('',(1.,0.,0.));
#3654 = DIRECTION('',(0.,-1.,0.));
#3655 = ADVANCED_FACE('',(#3656),#3683,.T.);
#3656 = FACE_BOUND('',#3657,.F.);
#3657 = EDGE_LOOP('',(#3658,#3668,#3675,#3676));
#3658 = ORIENTED_EDGE('',*,*,#3659,.F.);
#3659 = EDGE_CURVE('',#3660,#3662,#3664,.T.);
#3660 = VERTEX_POINT('',#3661);
#3661 = CARTESIAN_POINT('',(-80.,22.,-10.));
#3662 = VERTEX_POINT('',#3663);
#3663 = CARTESIAN_POINT('',(-80.,22.,10.));
#3664 = LINE('',#3665,#3666);
#3665 = CARTESIAN_POINT('',(-80.,22.,-12.));
#3666 = VECTOR('',#3667,1.);
#3667 = DIRECTION('',(0.,0.,1.));
#3668 = ORIENTED_EDGE('',*,*,#3669,.T.);
#3669 = EDGE_CURVE('',#3660,#3356,#3670,.T.);
#3670 = CIRCLE('',#3671,2.);
#3671 = AXIS2_PLACEMENT_3D('',#3672,#3673,#3674);
#3672 = CARTESIAN_POINT('',(-82.,22.,-10.));
#3673 = DIRECTION('',(0.,0.,-1.));
#3674 = DIRECTION('',(1.,0.,0.));
#3675 = ORIENTED_EDGE('',*,*,#3355,.T.);
#3676 = ORIENTED_EDGE('',*,*,#3677,.F.);
#3677 = EDGE_CURVE('',#3662,#3348,#3678,.T.);
#3678 = CIRCLE('',#3679,2.);
#3679 = AXIS2_PLACEMENT_3D('',#3680,#3681,#3682);
#3680 = CARTESIAN_POINT('',(-82.,22.,10.));
#3681 = DIRECTION('',(0.,0.,-1.));
#3682 = DIRECTION('',(1.,0.,0.));
#3683 = CYLINDRICAL_SURFACE('',#3684,2.);
#3684 = AXIS2_PLACEMENT_3D('',#3685,#3686,#3687);
#3685 = CARTESIAN_POINT('',(-82.,22.,-12.));
#3686 = DIRECTION('',(0.,0.,1.));
#3687 = DIRECTION('',(1.,0.,0.));
#3688 = ADVANCED_FACE('',(#3689),#3701,.T.);
#3689 = FACE_BOUND('',#3690,.F.);
#3690 = EDGE_LOOP('',(#3691,#3692,#3693,#3700));
#3691 = ORIENTED_EDGE('',*,*,#3409,.F.);
#3692 = ORIENTED_EDGE('',*,*,#3394,.T.);
#3693 = ORIENTED_EDGE('',*,*,#3694,.T.);
#3694 = EDGE_CURVE('',#3387,#3483,#3695,.T.);
#3695 = CIRCLE('',#3696,2.);
#3696 = AXIS2_PLACEMENT_3D('',#3697,#3698,#3699);
#3697 = CARTESIAN_POINT('',(-82.,118.,-10.));
#3698 = DIRECTION('',(1.,-6.123233995737E-17,0.));
#3699 = DIRECTION('',(6.123233995737E-17,1.,0.));
#3700 = ORIENTED_EDGE('',*,*,#3490,.F.);
#3701 = CYLINDRICAL_SURFACE('',#3702,2.);
#3702 = AXIS2_PLACEMENT_3D('',#3703,#3704,#3705);
#3703 = CARTESIAN_POINT('',(-92.,118.,-10.));
#3704 = DIRECTION('',(1.,0.,0.));
#3705 = DIRECTION('',(0.,1.,0.));
#3706 = ADVANCED_FACE('',(#3707),#3732,.T.);
#3707 = FACE_BOUND('',#3708,.T.);
#3708 = EDGE_LOOP('',(#3709,#3716,#3717,#3726));
#3709 = ORIENTED_EDGE('',*,*,#3710,.F.);
#3710 = EDGE_CURVE('',#3379,#3660,#3711,.T.);
#3711 = CIRCLE('',#3712,2.);
#3712 = AXIS2_PLACEMENT_3D('',#3713,#3714,#3715);
#3713 = CARTESIAN_POINT('',(-82.,22.,-10.));
#3714 = DIRECTION('',(0.,-1.,0.));
#3715 = DIRECTION('',(1.,0.,0.));
#3716 = ORIENTED_EDGE('',*,*,#3386,.T.);
#3717 = ORIENTED_EDGE('',*,*,#3718,.T.);
#3718 = EDGE_CURVE('',#3387,#3719,#3721,.T.);
#3719 = VERTEX_POINT('',#3720);
#3720 = CARTESIAN_POINT('',(-80.,118.,-10.));
#3721 = CIRCLE('',#3722,2.);
#3722 = AXIS2_PLACEMENT_3D('',#3723,#3724,#3725);
#3723 = CARTESIAN_POINT('',(-82.,118.,-10.));
#3724 = DIRECTION('',(0.,-1.,0.));
#3725 = DIRECTION('',(1.,0.,0.));
#3726 = ORIENTED_EDGE('',*,*,#3727,.F.);
#3727 = EDGE_CURVE('',#3660,#3719,#3728,.T.);
#3728 = LINE('',#3729,#3730);
#3729 = CARTESIAN_POINT('',(-80.,20.,-10.));
#3730 = VECTOR('',#3731,1.);
#3731 = DIRECTION('',(0.,1.,0.));
#3732 = CYLINDRICAL_SURFACE('',#3733,2.);
#3733 = AXIS2_PLACEMENT_3D('',#3734,#3735,#3736);
#3734 = CARTESIAN_POINT('',(-82.,20.,-10.));
#3735 = DIRECTION('',(0.,1.,0.));
#3736 = DIRECTION('',(1.,0.,0.));
#3737 = ADVANCED_FACE('',(#3738),#3750,.T.);
#3738 = FACE_BOUND('',#3739,.T.);
#3739 = EDGE_LOOP('',(#3740,#3741,#3742,#3749));
#3740 = ORIENTED_EDGE('',*,*,#3457,.T.);
#3741 = ORIENTED_EDGE('',*,*,#3442,.T.);
#3742 = ORIENTED_EDGE('',*,*,#3743,.F.);
#3743 = EDGE_CURVE('',#3475,#3435,#3744,.T.);
#3744 = CIRCLE('',#3745,2.);
#3745 = AXIS2_PLACEMENT_3D('',#3746,#3747,#3748);
#3746 = CARTESIAN_POINT('',(-82.,118.,10.));
#3747 = DIRECTION('',(1.,0.,-6.123233995737E-17));
#3748 = DIRECTION('',(6.123233995737E-17,0.,1.));
#3749 = ORIENTED_EDGE('',*,*,#3474,.F.);
#3750 = CYLINDRICAL_SURFACE('',#3751,2.);
#3751 = AXIS2_PLACEMENT_3D('',#3752,#3753,#3754);
#3752 = CARTESIAN_POINT('',(-92.,118.,10.));
#3753 = DIRECTION('',(1.,0.,0.));
#3754 = DIRECTION('',(0.,1.,0.));
#3755 = ADVANCED_FACE('',(#3756),#3781,.T.);
#3756 = FACE_BOUND('',#3757,.F.);
#3757 = EDGE_LOOP('',(#3758,#3765,#3766,#3775));
#3758 = ORIENTED_EDGE('',*,*,#3759,.F.);
#3759 = EDGE_CURVE('',#3427,#3662,#3760,.T.);
#3760 = CIRCLE('',#3761,2.);
#3761 = AXIS2_PLACEMENT_3D('',#3762,#3763,#3764);
#3762 = CARTESIAN_POINT('',(-82.,22.,10.));
#3763 = DIRECTION('',(-0.,1.,0.));
#3764 = DIRECTION('',(1.,0.,0.));
#3765 = ORIENTED_EDGE('',*,*,#3434,.T.);
#3766 = ORIENTED_EDGE('',*,*,#3767,.F.);
#3767 = EDGE_CURVE('',#3768,#3435,#3770,.T.);
#3768 = VERTEX_POINT('',#3769);
#3769 = CARTESIAN_POINT('',(-80.,118.,10.));
#3770 = CIRCLE('',#3771,2.);
#3771 = AXIS2_PLACEMENT_3D('',#3772,#3773,#3774);
#3772 = CARTESIAN_POINT('',(-82.,118.,10.));
#3773 = DIRECTION('',(0.,-1.,0.));
#3774 = DIRECTION('',(1.,0.,0.));
#3775 = ORIENTED_EDGE('',*,*,#3776,.F.);
#3776 = EDGE_CURVE('',#3662,#3768,#3777,.T.);
#3777 = LINE('',#3778,#3779);
#3778 = CARTESIAN_POINT('',(-80.,20.,10.));
#3779 = VECTOR('',#3780,1.);
#3780 = DIRECTION('',(0.,1.,0.));
#3781 = CYLINDRICAL_SURFACE('',#3782,2.);
#3782 = AXIS2_PLACEMENT_3D('',#3783,#3784,#3785);
#3783 = CARTESIAN_POINT('',(-82.,20.,10.));
#3784 = DIRECTION('',(0.,1.,0.));
#3785 = DIRECTION('',(1.,0.,0.));
#3786 = ADVANCED_FACE('',(#3787),#3810,.T.);
#3787 = FACE_BOUND('',#3788,.T.);
#3788 = EDGE_LOOP('',(#3789,#3795,#3802,#3803));
#3789 = ORIENTED_EDGE('',*,*,#3790,.F.);
#3790 = EDGE_CURVE('',#3719,#3768,#3791,.T.);
#3791 = LINE('',#3792,#3793);
#3792 = CARTESIAN_POINT('',(-80.,118.,-12.));
#3793 = VECTOR('',#3794,1.);
#3794 = DIRECTION('',(0.,0.,1.));
#3795 = ORIENTED_EDGE('',*,*,#3796,.T.);
#3796 = EDGE_CURVE('',#3719,#3483,#3797,.T.);
#3797 = CIRCLE('',#3798,2.);
#3798 = AXIS2_PLACEMENT_3D('',#3799,#3800,#3801);
#3799 = CARTESIAN_POINT('',(-82.,118.,-10.));
#3800 = DIRECTION('',(0.,0.,1.));
#3801 = DIRECTION('',(1.,0.,0.));
#3802 = ORIENTED_EDGE('',*,*,#3482,.T.);
#3803 = ORIENTED_EDGE('',*,*,#3804,.T.);
#3804 = EDGE_CURVE('',#3475,#3768,#3805,.T.);
#3805 = CIRCLE('',#3806,2.);
#3806 = AXIS2_PLACEMENT_3D('',#3807,#3808,#3809);
#3807 = CARTESIAN_POINT('',(-82.,118.,10.));
#3808 = DIRECTION('',(0.,0.,-1.));
#3809 = DIRECTION('',(1.,0.,0.));
#3810 = CYLINDRICAL_SURFACE('',#3811,2.);
#3811 = AXIS2_PLACEMENT_3D('',#3812,#3813,#3814);
#3812 = CARTESIAN_POINT('',(-82.,118.,-12.));
#3813 = DIRECTION('',(0.,0.,1.));
#3814 = DIRECTION('',(1.,0.,0.));
#3815 = ADVANCED_FACE('',(#3816),#3865,.T.);
#3816 = FACE_BOUND('',#3817,.T.);
#3817 = EDGE_LOOP('',(#3818,#3819,#3854,#3864));
#3818 = ORIENTED_EDGE('',*,*,#3498,.F.);
#3819 = ORIENTED_EDGE('',*,*,#3820,.T.);
#3820 = EDGE_CURVE('',#3499,#3821,#3823,.T.);
#3821 = VERTEX_POINT('',#3822);
#3822 = CARTESIAN_POINT('',(-82.8,153.,-28.));
#3823 = ( BOUNDED_CURVE() B_SPLINE_CURVE(8,(#3824,#3825,#3826,#3827,
    #3828,#3829,#3830,#3831,#3832,#3833,#3834,#3835,#3836,#3837,#3838,
    #3839,#3840,#3841,#3842,#3843,#3844,#3845,#3846,#3847,#3848,#3849,
    #3850,#3851,#3852,#3853),.UNSPECIFIED.,.F.,.F.) 
B_SPLINE_CURVE_WITH_KNOTS((9,7,7,7,9),(0.,16.,31.52417469626,
45.736845099812,60.054666163088),.UNSPECIFIED.) CURVE() 
GEOMETRIC_REPRESENTATION_ITEM() RATIONAL_B_SPLINE_CURVE((1.669078461068,
    1.669078461068,1.669078461068,1.669078461068,1.669078461068,
    1.669078461068,1.669078461068,1.669078461068,1.669078461068,
    1.669078461068,1.669078461068,1.669078461068,1.669078461068,
    1.669078461068,1.669078461068,1.669078461068,1.669078461068,
    1.669078461068,1.669078461068,1.669078461068,1.669078461068,
    1.669078461068,1.669078461068,1.669078461068,1.669078461068,
    1.669078461068,1.669078461068,1.669078461068,1.669078461068,
1.669078461068)) REPRESENTATION_ITEM('') );
#3824 = CARTESIAN_POINT('',(-82.8,108.,-1.));
#3825 = CARTESIAN_POINT('',(-82.8,109.91528484592,-0.836740160727));
#3826 = CARTESIAN_POINT('',(-82.8,111.87496177308,-0.707622128757));
#3827 = CARTESIAN_POINT('',(-82.8,113.86893690571,-0.61889783462));
#3828 = CARTESIAN_POINT('',(-82.8,115.88711636808,-0.576819208847));
#3829 = CARTESIAN_POINT('',(-82.8,117.91940628444,-0.587638181968));
#3830 = CARTESIAN_POINT('',(-82.8,119.95571277904,-0.657606684514));
#3831 = CARTESIAN_POINT('',(-82.8,121.98594197614,-0.792976647014));
#3832 = CARTESIAN_POINT('',(-82.8,125.95416178816,-1.200866668622));
#3833 = CARTESIAN_POINT('',(-82.8,127.89309993277,-1.469188286881));
#3834 = CARTESIAN_POINT('',(-82.8,129.81311742871,-1.813970713012));
#3835 = CARTESIAN_POINT('',(-82.8,131.71051727088,-2.244219805252));
#3836 = CARTESIAN_POINT('',(-82.8,133.5816024542,-2.768941421834));
#3837 = CARTESIAN_POINT('',(-82.8,135.42267597355,-3.397141420996));
#3838 = CARTESIAN_POINT('',(-82.8,137.23004082385,-4.137825660973));
#3839 = CARTESIAN_POINT('',(-82.8,140.62043051501,-5.789336628242));
#3840 = CARTESIAN_POINT('',(-82.8,142.20950855625,-6.680503132037));
#3841 = CARTESIAN_POINT('',(-82.8,143.74784885846,-7.670536483859));
#3842 = CARTESIAN_POINT('',(-82.8,145.21606615638,-8.756473656183));
#3843 = CARTESIAN_POINT('',(-82.8,146.59477518475,-9.935351621485));
#3844 = CARTESIAN_POINT('',(-82.8,147.86459067832,-11.20420735223));
#3845 = CARTESIAN_POINT('',(-82.8,149.00612737182,-12.56007782091));
#3846 = CARTESIAN_POINT('',(-82.8,151.00122567018,-15.45057526275));
#3847 = CARTESIAN_POINT('',(-82.8,151.85259424438,-16.98645052864));
#3848 = CARTESIAN_POINT('',(-82.8,152.53957346054,-18.60775075856));
#3849 = CARTESIAN_POINT('',(-82.8,153.04763105666,-20.3146009134));
#3850 = CARTESIAN_POINT('',(-82.8,153.36223477069,-22.10712595407));
#3851 = CARTESIAN_POINT('',(-82.8,153.46885234061,-23.98545084146));
#3852 = CARTESIAN_POINT('',(-82.8,153.35295150439,-25.94970053647));
#3853 = CARTESIAN_POINT('',(-82.8,153.,-28.));
#3854 = ORIENTED_EDGE('',*,*,#3855,.F.);
#3855 = EDGE_CURVE('',#3821,#3821,#3856,.T.);
#3856 = ( BOUNDED_CURVE() B_SPLINE_CURVE(6,(#3857,#3858,#3859,#3860,
#3861,#3862,#3863),.UNSPECIFIED.,.T.,.F.) B_SPLINE_CURVE_WITH_KNOTS((1,6
    ,6,1),(-6.28318530718,0.,6.28318530718,12.566370614359),
.UNSPECIFIED.) CURVE() GEOMETRIC_REPRESENTATION_ITEM() 
RATIONAL_B_SPLINE_CURVE((1.669078461068,1.03672962321,1.038346699848,
    0.853534330196,1.038346699848,1.03672962321,1.669078461068)) 
REPRESENTATION_ITEM('') );
#3857 = CARTESIAN_POINT('',(-82.8,153.,-28.));
#3858 = CARTESIAN_POINT('',(-82.8,147.85567959915,-26.65620104655));
#3859 = CARTESIAN_POINT('',(-89.37455420975,147.11704274132,
    -26.46325438709));
#3860 = CARTESIAN_POINT('',(-94.79717414722,153.,-28.));
#3861 = CARTESIAN_POINT('',(-89.37455420975,158.88295725867,
    -29.5367456129));
#3862 = CARTESIAN_POINT('',(-82.8,158.14432040084,-29.34379895344));
#3863 = CARTESIAN_POINT('',(-82.8,153.,-28.));
#3864 = ORIENTED_EDGE('',*,*,#3820,.F.);
#3865 = ( BOUNDED_SURFACE() B_SPLINE_SURFACE(6,8,(
    (#3866,#3867,#3868,#3869,#3870,#3871,#3872,#3873,#3874,#3875,#3876
      ,#3877,#3878,#3879,#3880,#3881,#3882,#3883,#3884,#3885,#3886,#3887
      ,#3888,#3889,#3890,#3891,#3892,#3893,#3894,#3895)
    ,(#3896,#3897,#3898,#3899,#3900,#3901,#3902,#3903,#3904,#3905,#3906
      ,#3907,#3908,#3909,#3910,#3911,#3912,#3913,#3914,#3915,#3916,#3917
      ,#3918,#3919,#3920,#3921,#3922,#3923,#3924,#3925)
    ,(#3926,#3927,#3928,#3929,#3930,#3931,#3932,#3933,#3934,#3935,#3936
      ,#3937,#3938,#3939,#3940,#3941,#3942,#3943,#3944,#3945,#3946,#3947
      ,#3948,#3949,#3950,#3951,#3952,#3953,#3954,#3955)
    ,(#3956,#3957,#3958,#3959,#3960,#3961,#3962,#3963,#3964,#3965,#3966
      ,#3967,#3968,#3969,#3970,#3971,#3972,#3973,#3974,#3975,#3976,#3977
      ,#3978,#3979,#3980,#3981,#3982,#3983,#3984,#3985)
    ,(#3986,#3987,#3988,#3989,#3990,#3991,#3992,#3993,#3994,#3995,#3996
      ,#3997,#3998,#3999,#4000,#4001,#4002,#4003,#4004,#4005,#4006,#4007
      ,#4008,#4009,#4010,#4011,#4012,#4013,#4014,#4015)
    ,(#4016,#4017,#4018,#4019,#4020,#4021,#4022,#4023,#4024,#4025,#4026
      ,#4027,#4028,#4029,#4030,#4031,#4032,#4033,#4034,#4035,#4036,#4037
      ,#4038,#4039,#4040,#4041,#4042,#4043,#4044,#4045)
    ,(#4046,#4047,#4048,#4049,#4050,#4051,#4052,#4053,#4054,#4055,#4056
      ,#4057,#4058,#4059,#4060,#4061,#4062,#4063,#4064,#4065,#4066,#4067
      ,#4068,#4069,#4070,#4071,#4072,#4073,#4074,#4075
)),.UNSPECIFIED.,.T.,.F.,.F.) B_SPLINE_SURFACE_WITH_KNOTS((1,6,6,1),(9,7
    ,7,7,9),(-6.28318530718,0.,6.28318530718,12.566370614359),(0.,16.,
    31.52417469626,45.736845099812,60.054666163088),.UNSPECIFIED.) 
GEOMETRIC_REPRESENTATION_ITEM() RATIONAL_B_SPLINE_SURFACE((
    (1.669078461068,1.669078461068,1.669078461068,1.669078461068
      ,1.669078461068,1.669078461068,1.669078461068,1.669078461068
      ,1.669078461068,1.669078461068,1.669078461068,1.669078461068
      ,1.669078461068,1.669078461068,1.669078461068,1.669078461068
      ,1.669078461068,1.669078461068,1.669078461068,1.669078461068
      ,1.669078461068,1.669078461068,1.669078461068,1.669078461068
      ,1.669078461068,1.669078461068,1.669078461068,1.669078461068
      ,1.669078461068,1.669078461068)
    ,(1.03672962321,1.03672962321,1.03672962321,1.03672962321
      ,1.03672962321,1.03672962321,1.03672962321,1.03672962321
      ,1.03672962321,1.03672962321,1.03672962321,1.03672962321
      ,1.03672962321,1.03672962321,1.03672962321,1.03672962321
      ,1.03672962321,1.03672962321,1.03672962321,1.03672962321
      ,1.03672962321,1.03672962321,1.03672962321,1.03672962321
      ,1.036729623209,1.03672962321,1.03672962321,1.03672962321
      ,1.03672962321,1.03672962321)
    ,(1.038346699848,1.038346699848,1.038346699848,1.038346699848
      ,1.038346699847,1.038346699848,1.038346699848,1.038346699848
      ,1.038346699848,1.038346699848,1.038346699847,1.038346699848
      ,1.038346699847,1.038346699848,1.038346699847,1.038346699848
      ,1.038346699848,1.038346699848,1.038346699848,1.038346699848
      ,1.038346699847,1.038346699848,1.038346699847,1.038346699848
      ,1.038346699847,1.038346699848,1.038346699847,1.038346699848
      ,1.038346699847,1.038346699848)
    ,(0.853534330196,0.853534330196,0.853534330196,0.853534330196
      ,0.853534330196,0.853534330196,0.853534330196,0.853534330196
      ,0.853534330196,0.853534330196,0.853534330196,0.853534330196
      ,0.853534330196,0.853534330196,0.853534330196,0.853534330196
      ,0.853534330196,0.853534330196,0.853534330196,0.853534330196
      ,0.853534330196,0.853534330196,0.853534330196,0.853534330196
      ,0.853534330196,0.853534330196,0.853534330196,0.853534330196
      ,0.853534330196,0.853534330196)
    ,(1.038346699848,1.038346699848,1.038346699847,1.038346699848
      ,1.038346699847,1.038346699848,1.038346699847,1.038346699848
      ,1.038346699847,1.038346699848,1.038346699847,1.038346699848
      ,1.038346699847,1.038346699848,1.038346699848,1.038346699848
      ,1.038346699848,1.038346699848,1.038346699848,1.038346699848
      ,1.038346699847,1.038346699848,1.038346699847,1.038346699848
      ,1.038346699847,1.038346699848,1.038346699847,1.038346699848
      ,1.038346699847,1.038346699848)
    ,(1.03672962321,1.03672962321,1.03672962321,1.03672962321
      ,1.03672962321,1.03672962321,1.03672962321,1.03672962321
      ,1.03672962321,1.03672962321,1.03672962321,1.03672962321
      ,1.03672962321,1.03672962321,1.03672962321,1.03672962321
      ,1.03672962321,1.03672962321,1.03672962321,1.03672962321
      ,1.03672962321,1.03672962321,1.03672962321,1.03672962321
      ,1.036729623209,1.03672962321,1.036729623209,1.03672962321
      ,1.03672962321,1.03672962321)
    ,(1.669078461068,1.669078461068,1.669078461068,1.669078461068
      ,1.669078461068,1.669078461068,1.669078461068,1.669078461068
      ,1.669078461068,1.669078461068,1.669078461068,1.669078461068
      ,1.669078461068,1.669078461068,1.669078461068,1.669078461068
      ,1.669078461068,1.669078461068,1.669078461068,1.669078461068
      ,1.669078461068,1.669078461068,1.669078461068,1.669078461068
      ,1.669078461068,1.669078461068,1.669078461068,1.669078461068
,1.669078461068,1.669078461068))) REPRESENTATION_ITEM('') SURFACE() );
#3866 = CARTESIAN_POINT('',(-82.8,108.,-1.));
#3867 = CARTESIAN_POINT('',(-82.8,109.91528484592,-0.836740160727));
#3868 = CARTESIAN_POINT('',(-82.8,111.87496177308,-0.707622128757));
#3869 = CARTESIAN_POINT('',(-82.8,113.86893690571,-0.61889783462));
#3870 = CARTESIAN_POINT('',(-82.8,115.88711636808,-0.576819208847));
#3871 = CARTESIAN_POINT('',(-82.8,117.91940628444,-0.587638181968));
#3872 = CARTESIAN_POINT('',(-82.8,119.95571277904,-0.657606684514));
#3873 = CARTESIAN_POINT('',(-82.8,121.98594197614,-0.792976647014));
#3874 = CARTESIAN_POINT('',(-82.8,125.95416178816,-1.200866668622));
#3875 = CARTESIAN_POINT('',(-82.8,127.89309993277,-1.469188286881));
#3876 = CARTESIAN_POINT('',(-82.8,129.81311742871,-1.813970713012));
#3877 = CARTESIAN_POINT('',(-82.8,131.71051727088,-2.244219805252));
#3878 = CARTESIAN_POINT('',(-82.8,133.5816024542,-2.768941421834));
#3879 = CARTESIAN_POINT('',(-82.8,135.42267597355,-3.397141420996));
#3880 = CARTESIAN_POINT('',(-82.8,137.23004082385,-4.137825660973));
#3881 = CARTESIAN_POINT('',(-82.8,140.62043051501,-5.789336628242));
#3882 = CARTESIAN_POINT('',(-82.8,142.20950855625,-6.680503132037));
#3883 = CARTESIAN_POINT('',(-82.8,143.74784885846,-7.670536483859));
#3884 = CARTESIAN_POINT('',(-82.8,145.21606615638,-8.756473656183));
#3885 = CARTESIAN_POINT('',(-82.8,146.59477518475,-9.935351621485));
#3886 = CARTESIAN_POINT('',(-82.8,147.86459067832,-11.20420735223));
#3887 = CARTESIAN_POINT('',(-82.8,149.00612737182,-12.56007782091));
#3888 = CARTESIAN_POINT('',(-82.8,151.00122567018,-15.45057526275));
#3889 = CARTESIAN_POINT('',(-82.8,151.85259424438,-16.98645052864));
#3890 = CARTESIAN_POINT('',(-82.8,152.53957346054,-18.60775075856));
#3891 = CARTESIAN_POINT('',(-82.8,153.04763105666,-20.3146009134));
#3892 = CARTESIAN_POINT('',(-82.8,153.36223477069,-22.10712595407));
#3893 = CARTESIAN_POINT('',(-82.8,153.46885234061,-23.98545084146));
#3894 = CARTESIAN_POINT('',(-82.8,153.35295150439,-25.94970053647));
#3895 = CARTESIAN_POINT('',(-82.8,153.,-28.));
#3896 = CARTESIAN_POINT('',(-82.8,108.,-6.316937841827));
#3897 = CARTESIAN_POINT('',(-82.8,109.82382573301,-6.153678002555));
#3898 = CARTESIAN_POINT('',(-82.8,111.68483226401,-6.022761992751));
#3899 = CARTESIAN_POINT('',(-82.8,113.57210645277,-5.929919814667));
#3900 = CARTESIAN_POINT('',(-82.8,115.47454698787,-5.880789729632));
#3901 = CARTESIAN_POINT('',(-82.8,117.38089529636,-5.880790404827));
#3902 = CARTESIAN_POINT('',(-82.8,119.27976645341,-5.934993060054));
#3903 = CARTESIAN_POINT('',(-82.8,121.15968009206,-6.047993614515));
#3904 = CARTESIAN_POINT('',(-82.8,124.80350274257,-6.394348183253));
#3905 = CARTESIAN_POINT('',(-82.8,126.56378770567,-6.622996578299));
#3906 = CARTESIAN_POINT('',(-82.8,128.28648604194,-6.916258820369));
#3907 = CARTESIAN_POINT('',(-82.8,129.96847557391,-7.280179172558));
#3908 = CARTESIAN_POINT('',(-82.8,131.60783376228,-7.720495585652));
#3909 = CARTESIAN_POINT('',(-82.8,133.20423663365,-8.243125640437));
#3910 = CARTESIAN_POINT('',(-82.8,134.75889498036,-8.854960206047));
#3911 = CARTESIAN_POINT('',(-82.8,137.66116011289,-10.21498722652));
#3912 = CARTESIAN_POINT('',(-82.8,139.0182588788,-10.94914186536));
#3913 = CARTESIAN_POINT('',(-82.8,140.32244710235,-11.7605432656));
#3914 = CARTESIAN_POINT('',(-82.8,141.55259959022,-12.64076856141));
#3915 = CARTESIAN_POINT('',(-82.8,142.68845856323,-13.58023656125));
#3916 = CARTESIAN_POINT('',(-82.8,143.71259121968,-14.56714524419));
#3917 = CARTESIAN_POINT('',(-82.8,144.61291141897,-15.58862115252));
#3918 = CARTESIAN_POINT('',(-82.8,146.15976483567,-17.6946088891));
#3919 = CARTESIAN_POINT('',(-82.8,146.80724332094,-18.78455796736));
#3920 = CARTESIAN_POINT('',(-82.8,147.32571496135,-19.90862986563));
#3921 = CARTESIAN_POINT('',(-82.8,147.71703671498,-21.07461706971));
#3922 = CARTESIAN_POINT('',(-82.8,147.98710969966,-22.30430605552));
#3923 = CARTESIAN_POINT('',(-82.8,148.11890289628,-23.63283975138));
#3924 = CARTESIAN_POINT('',(-82.8,148.08484855919,-25.07976492884));
#3925 = CARTESIAN_POINT('',(-82.8,147.85567959915,-26.65620104655));
#3926 = CARTESIAN_POINT('',(-89.37455420975,108.,-7.080359626386));
#3927 = CARTESIAN_POINT('',(-89.37455420975,109.81069376094,
    -6.917099787113));
#3928 = CARTESIAN_POINT('',(-89.37455420975,111.65753290234,
    -6.785925618293));
#3929 = CARTESIAN_POINT('',(-89.37455420975,113.52948665152,
    -6.692492182157));
#3930 = CARTESIAN_POINT('',(-89.37455420975,115.41530904644,
    -6.642349627582));
#3931 = CARTESIAN_POINT('',(-89.37455420975,117.30357428345,
    -6.640796979312));
#3932 = CARTESIAN_POINT('',(-89.37455420975,119.18271206505,
    -6.692735927185));
#3933 = CARTESIAN_POINT('',(-89.37455420975,121.04104294774,
    -6.802524615358));
#3934 = CARTESIAN_POINT('',(-89.37455420975,124.63828768682,
    -7.140043740342));
#3935 = CARTESIAN_POINT('',(-89.37455420975,126.37292109357,
    -7.362995735738));
#3936 = CARTESIAN_POINT('',(-89.37455420975,128.0672877567,
    -7.648860556205));
#3937 = CARTESIAN_POINT('',(-89.37455420975,129.71834803421,
    -8.003257230178));
#3938 = CARTESIAN_POINT('',(-89.37455420975,131.3244341699,
    -8.431454492552));
#3939 = CARTESIAN_POINT('',(-89.37455420975,132.88570650029,
    -8.938926500031));
#3940 = CARTESIAN_POINT('',(-89.37455420975,134.40408049392,
    -9.532260445308));
#3941 = CARTESIAN_POINT('',(-89.37455420975,137.23625924728,
    -10.85043533182));
#3942 = CARTESIAN_POINT('',(-89.37455420975,138.56004973734,
    -11.56204573905));
#3943 = CARTESIAN_POINT('',(-89.37455420975,139.83061770744,
    -12.3477986312));
#3944 = CARTESIAN_POINT('',(-89.37455420975,141.02658814024,
    -13.19848720257));
#3945 = CARTESIAN_POINT('',(-89.37455420975,142.12757797839,
    -14.10358000592));
#3946 = CARTESIAN_POINT('',(-89.37455420975,143.11643476073,
    -15.05000589128));
#3947 = CARTESIAN_POINT('',(-89.37455420975,143.98212037674,
    -16.02346843184));
#3948 = CARTESIAN_POINT('',(-89.37455420975,145.46461345717,
    -18.01681392639));
#3949 = CARTESIAN_POINT('',(-89.37455420975,146.08281679569,
    -19.04273559338));
#3950 = CARTESIAN_POINT('',(-89.37455420975,146.57709361608,
    -20.0954139656));
#3951 = CARTESIAN_POINT('',(-89.37455420975,146.95165408946,
    -21.18374245496));
#3952 = CARTESIAN_POINT('',(-89.37455420975,147.21533321928,
    -22.33261776226));
#3953 = CARTESIAN_POINT('',(-89.37455420975,147.35074120743,
    -23.58221079997));
#3954 = CARTESIAN_POINT('',(-89.37455420975,147.32843863466,
    -24.95485698111));
#3955 = CARTESIAN_POINT('',(-89.37455420975,147.11704274132,
    -26.46325438709));
#3956 = CARTESIAN_POINT('',(-94.79717414722,108.,-1.));
#3957 = CARTESIAN_POINT('',(-94.79717414722,109.91528484592,
    -0.836740160727));
#3958 = CARTESIAN_POINT('',(-94.79717414722,111.87496177308,
    -0.707622128758));
#3959 = CARTESIAN_POINT('',(-94.79717414722,113.86893690571,
    -0.618897834621));
#3960 = CARTESIAN_POINT('',(-94.79717414722,115.88711636808,
    -0.576819208848));
#3961 = CARTESIAN_POINT('',(-94.79717414722,117.91940628444,
    -0.587638181969));
#3962 = CARTESIAN_POINT('',(-94.79717414722,119.95571277904,
    -0.657606684514));
#3963 = CARTESIAN_POINT('',(-94.79717414722,121.98594197614,
    -0.792976647015));
#3964 = CARTESIAN_POINT('',(-94.79717414722,125.95416178816,
    -1.200866668623));
#3965 = CARTESIAN_POINT('',(-94.79717414722,127.89309993277,
    -1.469188286882));
#3966 = CARTESIAN_POINT('',(-94.79717414722,129.8131174287,
    -1.813970713013));
#3967 = CARTESIAN_POINT('',(-94.79717414722,131.71051727088,
    -2.244219805252));
#3968 = CARTESIAN_POINT('',(-94.79717414722,133.5816024542,
    -2.768941421835));
#3969 = CARTESIAN_POINT('',(-94.79717414722,135.42267597355,
    -3.397141420997));
#3970 = CARTESIAN_POINT('',(-94.79717414722,137.23004082385,
    -4.137825660973));
#3971 = CARTESIAN_POINT('',(-94.79717414722,140.62043051501,
    -5.789336628243));
#3972 = CARTESIAN_POINT('',(-94.79717414722,142.20950855625,
    -6.680503132037));
#3973 = CARTESIAN_POINT('',(-94.79717414722,143.74784885846,
    -7.67053648386));
#3974 = CARTESIAN_POINT('',(-94.79717414722,145.21606615638,
    -8.756473656184));
#3975 = CARTESIAN_POINT('',(-94.79717414722,146.59477518475,
    -9.935351621485));
#3976 = CARTESIAN_POINT('',(-94.79717414722,147.86459067832,
    -11.20420735223));
#3977 = CARTESIAN_POINT('',(-94.79717414722,149.00612737182,
    -12.56007782091));
#3978 = CARTESIAN_POINT('',(-94.79717414722,151.00122567018,
    -15.45057526275));
#3979 = CARTESIAN_POINT('',(-94.79717414722,151.85259424437,
    -16.98645052864));
#3980 = CARTESIAN_POINT('',(-94.79717414722,152.53957346054,
    -18.60775075856));
#3981 = CARTESIAN_POINT('',(-94.79717414722,153.04763105666,
    -20.3146009134));
#3982 = CARTESIAN_POINT('',(-94.79717414722,153.36223477069,
    -22.10712595407));
#3983 = CARTESIAN_POINT('',(-94.79717414722,153.46885234061,
    -23.98545084146));
#3984 = CARTESIAN_POINT('',(-94.79717414722,153.35295150439,
    -25.94970053647));
#3985 = CARTESIAN_POINT('',(-94.79717414722,153.,-28.));
#3986 = CARTESIAN_POINT('',(-89.37455420975,108.,5.080359626386));
#3987 = CARTESIAN_POINT('',(-89.37455420975,110.0198759309,
    5.243619465658));
#3988 = CARTESIAN_POINT('',(-89.37455420975,112.09239064382,
    5.370681360778));
#3989 = CARTESIAN_POINT('',(-89.37455420975,114.20838715991,
    5.454696512915));
#3990 = CARTESIAN_POINT('',(-89.37455420975,116.35892368972,
    5.488711209887));
#3991 = CARTESIAN_POINT('',(-89.37455420975,118.53523828544,
    5.465520615374));
#3992 = CARTESIAN_POINT('',(-89.37455420975,120.72871349303,
    5.377522558157));
#3993 = CARTESIAN_POINT('',(-89.37455420975,122.93084100455,
    5.216571321329));
#3994 = CARTESIAN_POINT('',(-89.37455420975,127.27003588951,
    4.738310403097));
#3995 = CARTESIAN_POINT('',(-89.37455420975,129.41327877197,
    4.424619161975));
#3996 = CARTESIAN_POINT('',(-89.37455420975,131.55894710071,
    4.02091913018));
#3997 = CARTESIAN_POINT('',(-89.37455420975,133.70268650755,
    3.514817619673));
#3998 = CARTESIAN_POINT('',(-89.37455420975,135.83877073849,
    2.893571648883));
#3999 = CARTESIAN_POINT('',(-89.37455420975,137.95964544681,
    2.144643658037));
#4000 = CARTESIAN_POINT('',(-89.37455420975,140.05600115378,
    1.256609123361));
#4001 = CARTESIAN_POINT('',(-89.37455420975,144.00460178274,
    -0.72823792466));
#4002 = CARTESIAN_POINT('',(-89.37455420975,145.85896737517,
    -1.798960525016));
#4003 = CARTESIAN_POINT('',(-89.37455420975,147.66508000948,
    -2.993274336517));
#4004 = CARTESIAN_POINT('',(-89.37455420975,149.40554417252,
    -4.314460109788));
#4005 = CARTESIAN_POINT('',(-89.37455420975,151.06197239111,
    -5.767123237047));
#4006 = CARTESIAN_POINT('',(-89.37455420975,152.6127465959,
    -7.358408813192));
#4007 = CARTESIAN_POINT('',(-89.37455420975,154.03013436689,
    -9.096687209997));
#4008 = CARTESIAN_POINT('',(-89.37455420975,156.5378378832,
    -12.88433659911));
#4009 = CARTESIAN_POINT('',(-89.37455420975,157.62237169306,
    -14.9301654639));
#4010 = CARTESIAN_POINT('',(-89.37455420975,158.50205330501,
    -17.12008755152));
#4011 = CARTESIAN_POINT('',(-89.37455420975,159.14360802385,
    -19.44545937184));
#4012 = CARTESIAN_POINT('',(-89.37455420975,159.50913632209,
    -21.88163414588));
#4013 = CARTESIAN_POINT('',(-89.37455420975,159.58696347379,
    -24.38869088295));
#4014 = CARTESIAN_POINT('',(-89.37455420975,159.37746437412,
    -26.94454409183));
#4015 = CARTESIAN_POINT('',(-89.37455420975,158.88295725867,
    -29.5367456129));
#4016 = CARTESIAN_POINT('',(-82.8,108.,4.316937841827));
#4017 = CARTESIAN_POINT('',(-82.8,110.00674395884,4.4801976811));
#4018 = CARTESIAN_POINT('',(-82.8,112.06509128215,4.607517735236));
#4019 = CARTESIAN_POINT('',(-82.8,114.16576735865,4.692124145426));
#4020 = CARTESIAN_POINT('',(-82.8,116.29968574829,4.727151311938));
#4021 = CARTESIAN_POINT('',(-82.8,118.45791727252,4.70551404089));
#4022 = CARTESIAN_POINT('',(-82.8,120.63165910467,4.619779691027));
#4023 = CARTESIAN_POINT('',(-82.8,122.81220386023,4.462040320487));
#4024 = CARTESIAN_POINT('',(-82.8,127.10482083375,3.992614846008));
#4025 = CARTESIAN_POINT('',(-82.8,129.22241215986,3.684620004536));
#4026 = CARTESIAN_POINT('',(-82.8,131.33974881547,3.288317394344));
#4027 = CARTESIAN_POINT('',(-82.8,133.45255896786,2.791739562055));
#4028 = CARTESIAN_POINT('',(-82.8,135.55537114611,2.182612741983));
#4029 = CARTESIAN_POINT('',(-82.8,137.64111531346,1.448842798444));
#4030 = CARTESIAN_POINT('',(-82.8,139.70118666735,0.579308884101));
#4031 = CARTESIAN_POINT('',(-82.8,143.57970091713,-1.363686029957));
#4032 = CARTESIAN_POINT('',(-82.8,145.4007582337,-2.411864398707));
#4033 = CARTESIAN_POINT('',(-82.8,147.17325061458,-3.580529702116));
#4034 = CARTESIAN_POINT('',(-82.8,148.87953272254,-4.872178750953));
#4035 = CARTESIAN_POINT('',(-82.8,150.50109180628,-6.290466681715));
#4036 = CARTESIAN_POINT('',(-82.8,152.01659013696,-7.841269460281));
#4037 = CARTESIAN_POINT('',(-82.8,153.39934332467,-9.531534489316));
#4038 = CARTESIAN_POINT('',(-82.8,155.8426865047,-13.20654163641));
#4039 = CARTESIAN_POINT('',(-82.8,156.89794516781,-15.18834308992));
#4040 = CARTESIAN_POINT('',(-82.8,157.75343195974,-17.30687165149));
#4041 = CARTESIAN_POINT('',(-82.8,158.37822539834,-19.55458475709));
#4042 = CARTESIAN_POINT('',(-82.8,158.73735984172,-21.90994585262));
#4043 = CARTESIAN_POINT('',(-82.8,158.81880178494,-24.33806193154));
#4044 = CARTESIAN_POINT('',(-82.8,158.62105444959,-26.8196361441));
#4045 = CARTESIAN_POINT('',(-82.8,158.14432040084,-29.34379895344));
#4046 = CARTESIAN_POINT('',(-82.8,108.,-1.));
#4047 = CARTESIAN_POINT('',(-82.8,109.91528484592,-0.836740160727));
#4048 = CARTESIAN_POINT('',(-82.8,111.87496177308,-0.707622128757));
#4049 = CARTESIAN_POINT('',(-82.8,113.86893690571,-0.61889783462));
#4050 = CARTESIAN_POINT('',(-82.8,115.88711636808,-0.576819208847));
#4051 = CARTESIAN_POINT('',(-82.8,117.91940628444,-0.587638181968));
#4052 = CARTESIAN_POINT('',(-82.8,119.95571277904,-0.657606684514));
#4053 = CARTESIAN_POINT('',(-82.8,121.98594197614,-0.792976647014));
#4054 = CARTESIAN_POINT('',(-82.8,125.95416178816,-1.200866668622));
#4055 = CARTESIAN_POINT('',(-82.8,127.89309993277,-1.469188286881));
#4056 = CARTESIAN_POINT('',(-82.8,129.81311742871,-1.813970713012));
#4057 = CARTESIAN_POINT('',(-82.8,131.71051727088,-2.244219805252));
#4058 = CARTESIAN_POINT('',(-82.8,133.5816024542,-2.768941421834));
#4059 = CARTESIAN_POINT('',(-82.8,135.42267597355,-3.397141420996));
#4060 = CARTESIAN_POINT('',(-82.8,137.23004082385,-4.137825660973));
#4061 = CARTESIAN_POINT('',(-82.8,140.62043051501,-5.789336628242));
#4062 = CARTESIAN_POINT('',(-82.8,142.20950855625,-6.680503132037));
#4063 = CARTESIAN_POINT('',(-82.8,143.74784885846,-7.670536483859));
#4064 = CARTESIAN_POINT('',(-82.8,145.21606615638,-8.756473656183));
#4065 = CARTESIAN_POINT('',(-82.8,146.59477518475,-9.935351621485));
#4066 = CARTESIAN_POINT('',(-82.8,147.86459067832,-11.20420735223));
#4067 = CARTESIAN_POINT('',(-82.8,149.00612737182,-12.56007782091));
#4068 = CARTESIAN_POINT('',(-82.8,151.00122567018,-15.45057526275));
#4069 = CARTESIAN_POINT('',(-82.8,151.85259424438,-16.98645052864));
#4070 = CARTESIAN_POINT('',(-82.8,152.53957346054,-18.60775075856));
#4071 = CARTESIAN_POINT('',(-82.8,153.04763105666,-20.3146009134));
#4072 = CARTESIAN_POINT('',(-82.8,153.36223477069,-22.10712595407));
#4073 = CARTESIAN_POINT('',(-82.8,153.46885234061,-23.98545084146));
#4074 = CARTESIAN_POINT('',(-82.8,153.35295150439,-25.94970053647));
#4075 = CARTESIAN_POINT('',(-82.8,153.,-28.));
#4076 = ADVANCED_FACE('',(#4077),#4082,.T.);
#4077 = FACE_BOUND('',#4078,.F.);
#4078 = EDGE_LOOP('',(#4079,#4080,#4081));
#4079 = ORIENTED_EDGE('',*,*,#3710,.F.);
#4080 = ORIENTED_EDGE('',*,*,#3625,.T.);
#4081 = ORIENTED_EDGE('',*,*,#3669,.F.);
#4082 = SPHERICAL_SURFACE('',#4083,2.);
#4083 = AXIS2_PLACEMENT_3D('',#4084,#4085,#4086);
#4084 = CARTESIAN_POINT('',(-82.,22.,-10.));
#4085 = DIRECTION('',(0.,0.,1.));
#4086 = DIRECTION('',(1.,0.,0.));
#4087 = ADVANCED_FACE('',(#4088),#4093,.T.);
#4088 = FACE_BOUND('',#4089,.T.);
#4089 = EDGE_LOOP('',(#4090,#4091,#4092));
#4090 = ORIENTED_EDGE('',*,*,#3759,.F.);
#4091 = ORIENTED_EDGE('',*,*,#3643,.T.);
#4092 = ORIENTED_EDGE('',*,*,#3677,.F.);
#4093 = SPHERICAL_SURFACE('',#4094,2.);
#4094 = AXIS2_PLACEMENT_3D('',#4095,#4096,#4097);
#4095 = CARTESIAN_POINT('',(-82.,22.,10.));
#4096 = DIRECTION('',(-0.,-0.,-1.));
#4097 = DIRECTION('',(1.,0.,0.));
#4098 = ADVANCED_FACE('',(#4099),#4105,.T.);
#4099 = FACE_BOUND('',#4100,.T.);
#4100 = EDGE_LOOP('',(#4101,#4102,#4103,#4104));
#4101 = ORIENTED_EDGE('',*,*,#3659,.F.);
#4102 = ORIENTED_EDGE('',*,*,#3727,.T.);
#4103 = ORIENTED_EDGE('',*,*,#3790,.T.);
#4104 = ORIENTED_EDGE('',*,*,#3776,.F.);
#4105 = PLANE('',#4106);
#4106 = AXIS2_PLACEMENT_3D('',#4107,#4108,#4109);
#4107 = CARTESIAN_POINT('',(-80.,20.,-12.));
#4108 = DIRECTION('',(1.,0.,0.));
#4109 = DIRECTION('',(0.,0.,1.));
#4110 = ADVANCED_FACE('',(#4111),#4116,.T.);
#4111 = FACE_BOUND('',#4112,.T.);
#4112 = EDGE_LOOP('',(#4113,#4114,#4115));
#4113 = ORIENTED_EDGE('',*,*,#3718,.F.);
#4114 = ORIENTED_EDGE('',*,*,#3694,.T.);
#4115 = ORIENTED_EDGE('',*,*,#3796,.F.);
#4116 = SPHERICAL_SURFACE('',#4117,2.);
#4117 = AXIS2_PLACEMENT_3D('',#4118,#4119,#4120);
#4118 = CARTESIAN_POINT('',(-82.,118.,-10.));
#4119 = DIRECTION('',(0.,0.,1.));
#4120 = DIRECTION('',(1.,0.,0.));
#4121 = ADVANCED_FACE('',(#4122),#4127,.T.);
#4122 = FACE_BOUND('',#4123,.T.);
#4123 = EDGE_LOOP('',(#4124,#4125,#4126));
#4124 = ORIENTED_EDGE('',*,*,#3804,.F.);
#4125 = ORIENTED_EDGE('',*,*,#3743,.T.);
#4126 = ORIENTED_EDGE('',*,*,#3767,.F.);
#4127 = SPHERICAL_SURFACE('',#4128,2.);
#4128 = AXIS2_PLACEMENT_3D('',#4129,#4130,#4131);
#4129 = CARTESIAN_POINT('',(-82.,118.,10.));
#4130 = DIRECTION('',(0.,-1.,0.));
#4131 = DIRECTION('',(1.,0.,0.));
#4132 = ADVANCED_FACE('',(#4133),#4136,.T.);
#4133 = FACE_BOUND('',#4134,.T.);
#4134 = EDGE_LOOP('',(#4135));
#4135 = ORIENTED_EDGE('',*,*,#3855,.T.);
#4136 = PLANE('',#4137);
#4137 = AXIS2_PLACEMENT_3D('',#4138,#4139,#4140);
#4138 = CARTESIAN_POINT('',(-85.99949304564,153.,-28.));
#4139 = DIRECTION('',(4.942028524609E-15,-0.252739263355,-0.96753442562)
  );
#4140 = DIRECTION('',(-1.972152263053E-31,-0.96753442562,0.252739263355)
  );
#4141 = MANIFOLD_SOLID_BREP('',#4142);
#4142 = CLOSED_SHELL('',(#4143,#4183,#4216,#4249,#4282,#4315,#4332,#4349
    ,#4380,#4411,#4428,#4459,#4476,#4626,#4644,#4662,#4695,#4713,#4744,
    #4762,#4793,#4822,#5083,#5094,#5105,#5117,#5128,#5139));
#4143 = ADVANCED_FACE('',(#4144),#4178,.F.);
#4144 = FACE_BOUND('',#4145,.F.);
#4145 = EDGE_LOOP('',(#4146,#4156,#4164,#4172));
#4146 = ORIENTED_EDGE('',*,*,#4147,.F.);
#4147 = EDGE_CURVE('',#4148,#4150,#4152,.T.);
#4148 = VERTEX_POINT('',#4149);
#4149 = CARTESIAN_POINT('',(80.,22.,-10.));
#4150 = VERTEX_POINT('',#4151);
#4151 = CARTESIAN_POINT('',(80.,22.,10.));
#4152 = LINE('',#4153,#4154);
#4153 = CARTESIAN_POINT('',(80.,22.,-12.));
#4154 = VECTOR('',#4155,1.);
#4155 = DIRECTION('',(0.,0.,1.));
#4156 = ORIENTED_EDGE('',*,*,#4157,.T.);
#4157 = EDGE_CURVE('',#4148,#4158,#4160,.T.);
#4158 = VERTEX_POINT('',#4159);
#4159 = CARTESIAN_POINT('',(80.,118.,-10.));
#4160 = LINE('',#4161,#4162);
#4161 = CARTESIAN_POINT('',(80.,20.,-10.));
#4162 = VECTOR('',#4163,1.);
#4163 = DIRECTION('',(0.,1.,0.));
#4164 = ORIENTED_EDGE('',*,*,#4165,.T.);
#4165 = EDGE_CURVE('',#4158,#4166,#4168,.T.);
#4166 = VERTEX_POINT('',#4167);
#4167 = CARTESIAN_POINT('',(80.,118.,10.));
#4168 = LINE('',#4169,#4170);
#4169 = CARTESIAN_POINT('',(80.,118.,-12.));
#4170 = VECTOR('',#4171,1.);
#4171 = DIRECTION('',(0.,0.,1.));
#4172 = ORIENTED_EDGE('',*,*,#4173,.F.);
#4173 = EDGE_CURVE('',#4150,#4166,#4174,.T.);
#4174 = LINE('',#4175,#4176);
#4175 = CARTESIAN_POINT('',(80.,20.,10.));
#4176 = VECTOR('',#4177,1.);
#4177 = DIRECTION('',(0.,1.,0.));
#4178 = PLANE('',#4179);
#4179 = AXIS2_PLACEMENT_3D('',#4180,#4181,#4182);
#4180 = CARTESIAN_POINT('',(80.,20.,-12.));
#4181 = DIRECTION('',(1.,0.,0.));
#4182 = DIRECTION('',(0.,0.,1.));
#4183 = ADVANCED_FACE('',(#4184),#4211,.T.);
#4184 = FACE_BOUND('',#4185,.T.);
#4185 = EDGE_LOOP('',(#4186,#4187,#4196,#4204));
#4186 = ORIENTED_EDGE('',*,*,#4147,.F.);
#4187 = ORIENTED_EDGE('',*,*,#4188,.T.);
#4188 = EDGE_CURVE('',#4148,#4189,#4191,.T.);
#4189 = VERTEX_POINT('',#4190);
#4190 = CARTESIAN_POINT('',(82.,20.,-10.));
#4191 = CIRCLE('',#4192,2.);
#4192 = AXIS2_PLACEMENT_3D('',#4193,#4194,#4195);
#4193 = CARTESIAN_POINT('',(82.,22.,-10.));
#4194 = DIRECTION('',(0.,0.,1.));
#4195 = DIRECTION('',(-1.,0.,0.));
#4196 = ORIENTED_EDGE('',*,*,#4197,.T.);
#4197 = EDGE_CURVE('',#4189,#4198,#4200,.T.);
#4198 = VERTEX_POINT('',#4199);
#4199 = CARTESIAN_POINT('',(82.,20.,10.));
#4200 = LINE('',#4201,#4202);
#4201 = CARTESIAN_POINT('',(82.,20.,-12.));
#4202 = VECTOR('',#4203,1.);
#4203 = DIRECTION('',(0.,0.,1.));
#4204 = ORIENTED_EDGE('',*,*,#4205,.F.);
#4205 = EDGE_CURVE('',#4150,#4198,#4206,.T.);
#4206 = CIRCLE('',#4207,2.);
#4207 = AXIS2_PLACEMENT_3D('',#4208,#4209,#4210);
#4208 = CARTESIAN_POINT('',(82.,22.,10.));
#4209 = DIRECTION('',(0.,0.,1.));
#4210 = DIRECTION('',(-1.,0.,0.));
#4211 = CYLINDRICAL_SURFACE('',#4212,2.);
#4212 = AXIS2_PLACEMENT_3D('',#4213,#4214,#4215);
#4213 = CARTESIAN_POINT('',(82.,22.,-12.));
#4214 = DIRECTION('',(0.,0.,1.));
#4215 = DIRECTION('',(-1.,0.,0.));
#4216 = ADVANCED_FACE('',(#4217),#4244,.T.);
#4217 = FACE_BOUND('',#4218,.F.);
#4218 = EDGE_LOOP('',(#4219,#4228,#4236,#4243));
#4219 = ORIENTED_EDGE('',*,*,#4220,.F.);
#4220 = EDGE_CURVE('',#4221,#4148,#4223,.T.);
#4221 = VERTEX_POINT('',#4222);
#4222 = CARTESIAN_POINT('',(82.,22.,-12.));
#4223 = CIRCLE('',#4224,2.);
#4224 = AXIS2_PLACEMENT_3D('',#4225,#4226,#4227);
#4225 = CARTESIAN_POINT('',(82.,22.,-10.));
#4226 = DIRECTION('',(0.,1.,-0.));
#4227 = DIRECTION('',(-1.,0.,0.));
#4228 = ORIENTED_EDGE('',*,*,#4229,.T.);
#4229 = EDGE_CURVE('',#4221,#4230,#4232,.T.);
#4230 = VERTEX_POINT('',#4231);
#4231 = CARTESIAN_POINT('',(82.,118.,-12.));
#4232 = LINE('',#4233,#4234);
#4233 = CARTESIAN_POINT('',(82.,20.,-12.));
#4234 = VECTOR('',#4235,1.);
#4235 = DIRECTION('',(0.,1.,0.));
#4236 = ORIENTED_EDGE('',*,*,#4237,.T.);
#4237 = EDGE_CURVE('',#4230,#4158,#4238,.T.);
#4238 = CIRCLE('',#4239,2.);
#4239 = AXIS2_PLACEMENT_3D('',#4240,#4241,#4242);
#4240 = CARTESIAN_POINT('',(82.,118.,-10.));
#4241 = DIRECTION('',(0.,1.,-0.));
#4242 = DIRECTION('',(-1.,0.,0.));
#4243 = ORIENTED_EDGE('',*,*,#4157,.F.);
#4244 = CYLINDRICAL_SURFACE('',#4245,2.);
#4245 = AXIS2_PLACEMENT_3D('',#4246,#4247,#4248);
#4246 = CARTESIAN_POINT('',(82.,20.,-10.));
#4247 = DIRECTION('',(0.,1.,0.));
#4248 = DIRECTION('',(-1.,0.,0.));
#4249 = ADVANCED_FACE('',(#4250),#4277,.T.);
#4250 = FACE_BOUND('',#4251,.T.);
#4251 = EDGE_LOOP('',(#4252,#4261,#4269,#4276));
#4252 = ORIENTED_EDGE('',*,*,#4253,.F.);
#4253 = EDGE_CURVE('',#4254,#4150,#4256,.T.);
#4254 = VERTEX_POINT('',#4255);
#4255 = CARTESIAN_POINT('',(82.,22.,12.));
#4256 = CIRCLE('',#4257,2.);
#4257 = AXIS2_PLACEMENT_3D('',#4258,#4259,#4260);
#4258 = CARTESIAN_POINT('',(82.,22.,10.));
#4259 = DIRECTION('',(0.,-1.,0.));
#4260 = DIRECTION('',(-1.,0.,0.));
#4261 = ORIENTED_EDGE('',*,*,#4262,.T.);
#4262 = EDGE_CURVE('',#4254,#4263,#4265,.T.);
#4263 = VERTEX_POINT('',#4264);
#4264 = CARTESIAN_POINT('',(82.,118.,12.));
#4265 = LINE('',#4266,#4267);
#4266 = CARTESIAN_POINT('',(82.,20.,12.));
#4267 = VECTOR('',#4268,1.);
#4268 = DIRECTION('',(0.,1.,0.));
#4269 = ORIENTED_EDGE('',*,*,#4270,.F.);
#4270 = EDGE_CURVE('',#4166,#4263,#4271,.T.);
#4271 = CIRCLE('',#4272,2.);
#4272 = AXIS2_PLACEMENT_3D('',#4273,#4274,#4275);
#4273 = CARTESIAN_POINT('',(82.,118.,10.));
#4274 = DIRECTION('',(0.,1.,-0.));
#4275 = DIRECTION('',(-1.,0.,0.));
#4276 = ORIENTED_EDGE('',*,*,#4173,.F.);
#4277 = CYLINDRICAL_SURFACE('',#4278,2.);
#4278 = AXIS2_PLACEMENT_3D('',#4279,#4280,#4281);
#4279 = CARTESIAN_POINT('',(82.,20.,10.));
#4280 = DIRECTION('',(0.,1.,0.));
#4281 = DIRECTION('',(-1.,0.,0.));
#4282 = ADVANCED_FACE('',(#4283),#4310,.T.);
#4283 = FACE_BOUND('',#4284,.F.);
#4284 = EDGE_LOOP('',(#4285,#4286,#4295,#4303));
#4285 = ORIENTED_EDGE('',*,*,#4165,.F.);
#4286 = ORIENTED_EDGE('',*,*,#4287,.T.);
#4287 = EDGE_CURVE('',#4158,#4288,#4290,.T.);
#4288 = VERTEX_POINT('',#4289);
#4289 = CARTESIAN_POINT('',(82.,120.,-10.));
#4290 = CIRCLE('',#4291,2.);
#4291 = AXIS2_PLACEMENT_3D('',#4292,#4293,#4294);
#4292 = CARTESIAN_POINT('',(82.,118.,-10.));
#4293 = DIRECTION('',(0.,0.,-1.));
#4294 = DIRECTION('',(-1.,0.,0.));
#4295 = ORIENTED_EDGE('',*,*,#4296,.T.);
#4296 = EDGE_CURVE('',#4288,#4297,#4299,.T.);
#4297 = VERTEX_POINT('',#4298);
#4298 = CARTESIAN_POINT('',(82.,120.,10.));
#4299 = LINE('',#4300,#4301);
#4300 = CARTESIAN_POINT('',(82.,120.,-12.));
#4301 = VECTOR('',#4302,1.);
#4302 = DIRECTION('',(0.,0.,1.));
#4303 = ORIENTED_EDGE('',*,*,#4304,.T.);
#4304 = EDGE_CURVE('',#4297,#4166,#4305,.T.);
#4305 = CIRCLE('',#4306,2.);
#4306 = AXIS2_PLACEMENT_3D('',#4307,#4308,#4309);
#4307 = CARTESIAN_POINT('',(82.,118.,10.));
#4308 = DIRECTION('',(0.,0.,1.));
#4309 = DIRECTION('',(-1.,0.,0.));
#4310 = CYLINDRICAL_SURFACE('',#4311,2.);
#4311 = AXIS2_PLACEMENT_3D('',#4312,#4313,#4314);
#4312 = CARTESIAN_POINT('',(82.,118.,-12.));
#4313 = DIRECTION('',(0.,0.,1.));
#4314 = DIRECTION('',(-1.,0.,0.));
#4315 = ADVANCED_FACE('',(#4316),#4327,.T.);
#4316 = FACE_BOUND('',#4317,.T.);
#4317 = EDGE_LOOP('',(#4318,#4319,#4326));
#4318 = ORIENTED_EDGE('',*,*,#4220,.F.);
#4319 = ORIENTED_EDGE('',*,*,#4320,.T.);
#4320 = EDGE_CURVE('',#4221,#4189,#4321,.T.);
#4321 = CIRCLE('',#4322,2.);
#4322 = AXIS2_PLACEMENT_3D('',#4323,#4324,#4325);
#4323 = CARTESIAN_POINT('',(82.,22.,-10.));
#4324 = DIRECTION('',(-1.,6.123233995737E-17,0.));
#4325 = DIRECTION('',(-6.123233995737E-17,-1.,0.));
#4326 = ORIENTED_EDGE('',*,*,#4188,.F.);
#4327 = SPHERICAL_SURFACE('',#4328,2.);
#4328 = AXIS2_PLACEMENT_3D('',#4329,#4330,#4331);
#4329 = CARTESIAN_POINT('',(82.,22.,-10.));
#4330 = DIRECTION('',(0.,0.,1.));
#4331 = DIRECTION('',(-1.,0.,0.));
#4332 = ADVANCED_FACE('',(#4333),#4344,.T.);
#4333 = FACE_BOUND('',#4334,.F.);
#4334 = EDGE_LOOP('',(#4335,#4336,#4343));
#4335 = ORIENTED_EDGE('',*,*,#4253,.F.);
#4336 = ORIENTED_EDGE('',*,*,#4337,.T.);
#4337 = EDGE_CURVE('',#4254,#4198,#4338,.T.);
#4338 = CIRCLE('',#4339,2.);
#4339 = AXIS2_PLACEMENT_3D('',#4340,#4341,#4342);
#4340 = CARTESIAN_POINT('',(82.,22.,10.));
#4341 = DIRECTION('',(1.,-6.123233995737E-17,0.));
#4342 = DIRECTION('',(-6.123233995737E-17,-1.,0.));
#4343 = ORIENTED_EDGE('',*,*,#4205,.F.);
#4344 = SPHERICAL_SURFACE('',#4345,2.);
#4345 = AXIS2_PLACEMENT_3D('',#4346,#4347,#4348);
#4346 = CARTESIAN_POINT('',(82.,22.,10.));
#4347 = DIRECTION('',(-0.,-0.,-1.));
#4348 = DIRECTION('',(-1.,0.,0.));
#4349 = ADVANCED_FACE('',(#4350),#4375,.F.);
#4350 = FACE_BOUND('',#4351,.F.);
#4351 = EDGE_LOOP('',(#4352,#4353,#4361,#4369));
#4352 = ORIENTED_EDGE('',*,*,#4197,.T.);
#4353 = ORIENTED_EDGE('',*,*,#4354,.T.);
#4354 = EDGE_CURVE('',#4198,#4355,#4357,.T.);
#4355 = VERTEX_POINT('',#4356);
#4356 = CARTESIAN_POINT('',(90.,20.,10.));
#4357 = LINE('',#4358,#4359);
#4358 = CARTESIAN_POINT('',(80.,20.,10.));
#4359 = VECTOR('',#4360,1.);
#4360 = DIRECTION('',(1.,0.,0.));
#4361 = ORIENTED_EDGE('',*,*,#4362,.F.);
#4362 = EDGE_CURVE('',#4363,#4355,#4365,.T.);
#4363 = VERTEX_POINT('',#4364);
#4364 = CARTESIAN_POINT('',(90.,20.,-10.));
#4365 = LINE('',#4366,#4367);
#4366 = CARTESIAN_POINT('',(90.,20.,-12.));
#4367 = VECTOR('',#4368,1.);
#4368 = DIRECTION('',(0.,0.,1.));
#4369 = ORIENTED_EDGE('',*,*,#4370,.F.);
#4370 = EDGE_CURVE('',#4189,#4363,#4371,.T.);
#4371 = LINE('',#4372,#4373);
#4372 = CARTESIAN_POINT('',(80.,20.,-10.));
#4373 = VECTOR('',#4374,1.);
#4374 = DIRECTION('',(1.,0.,0.));
#4375 = PLANE('',#4376);
#4376 = AXIS2_PLACEMENT_3D('',#4377,#4378,#4379);
#4377 = CARTESIAN_POINT('',(80.,20.,-12.));
#4378 = DIRECTION('',(0.,1.,0.));
#4379 = DIRECTION('',(0.,0.,1.));
#4380 = ADVANCED_FACE('',(#4381),#4406,.F.);
#4381 = FACE_BOUND('',#4382,.F.);
#4382 = EDGE_LOOP('',(#4383,#4384,#4392,#4400));
#4383 = ORIENTED_EDGE('',*,*,#4229,.F.);
#4384 = ORIENTED_EDGE('',*,*,#4385,.T.);
#4385 = EDGE_CURVE('',#4221,#4386,#4388,.T.);
#4386 = VERTEX_POINT('',#4387);
#4387 = CARTESIAN_POINT('',(90.,22.,-12.));
#4388 = LINE('',#4389,#4390);
#4389 = CARTESIAN_POINT('',(80.,22.,-12.));
#4390 = VECTOR('',#4391,1.);
#4391 = DIRECTION('',(1.,0.,0.));
#4392 = ORIENTED_EDGE('',*,*,#4393,.T.);
#4393 = EDGE_CURVE('',#4386,#4394,#4396,.T.);
#4394 = VERTEX_POINT('',#4395);
#4395 = CARTESIAN_POINT('',(90.,118.,-12.));
#4396 = LINE('',#4397,#4398);
#4397 = CARTESIAN_POINT('',(90.,20.,-12.));
#4398 = VECTOR('',#4399,1.);
#4399 = DIRECTION('',(0.,1.,0.));
#4400 = ORIENTED_EDGE('',*,*,#4401,.F.);
#4401 = EDGE_CURVE('',#4230,#4394,#4402,.T.);
#4402 = LINE('',#4403,#4404);
#4403 = CARTESIAN_POINT('',(80.,118.,-12.));
#4404 = VECTOR('',#4405,1.);
#4405 = DIRECTION('',(1.,0.,0.));
#4406 = PLANE('',#4407);
#4407 = AXIS2_PLACEMENT_3D('',#4408,#4409,#4410);
#4408 = CARTESIAN_POINT('',(80.,20.,-12.));
#4409 = DIRECTION('',(0.,0.,1.));
#4410 = DIRECTION('',(1.,0.,0.));
#4411 = ADVANCED_FACE('',(#4412),#4423,.T.);
#4412 = FACE_BOUND('',#4413,.F.);
#4413 = EDGE_LOOP('',(#4414,#4415,#4422));
#4414 = ORIENTED_EDGE('',*,*,#4237,.F.);
#4415 = ORIENTED_EDGE('',*,*,#4416,.T.);
#4416 = EDGE_CURVE('',#4230,#4288,#4417,.T.);
#4417 = CIRCLE('',#4418,2.);
#4418 = AXIS2_PLACEMENT_3D('',#4419,#4420,#4421);
#4419 = CARTESIAN_POINT('',(82.,118.,-10.));
#4420 = DIRECTION('',(1.,6.123233995737E-17,-0.));
#4421 = DIRECTION('',(-6.123233995737E-17,1.,0.));
#4422 = ORIENTED_EDGE('',*,*,#4287,.F.);
#4423 = SPHERICAL_SURFACE('',#4424,2.);
#4424 = AXIS2_PLACEMENT_3D('',#4425,#4426,#4427);
#4425 = CARTESIAN_POINT('',(82.,118.,-10.));
#4426 = DIRECTION('',(0.,0.,1.));
#4427 = DIRECTION('',(-1.,0.,0.));
#4428 = ADVANCED_FACE('',(#4429),#4454,.T.);
#4429 = FACE_BOUND('',#4430,.T.);
#4430 = EDGE_LOOP('',(#4431,#4432,#4440,#4448));
#4431 = ORIENTED_EDGE('',*,*,#4262,.F.);
#4432 = ORIENTED_EDGE('',*,*,#4433,.T.);
#4433 = EDGE_CURVE('',#4254,#4434,#4436,.T.);
#4434 = VERTEX_POINT('',#4435);
#4435 = CARTESIAN_POINT('',(90.,22.,12.));
#4436 = LINE('',#4437,#4438);
#4437 = CARTESIAN_POINT('',(80.,22.,12.));
#4438 = VECTOR('',#4439,1.);
#4439 = DIRECTION('',(1.,0.,0.));
#4440 = ORIENTED_EDGE('',*,*,#4441,.T.);
#4441 = EDGE_CURVE('',#4434,#4442,#4444,.T.);
#4442 = VERTEX_POINT('',#4443);
#4443 = CARTESIAN_POINT('',(90.,118.,12.));
#4444 = LINE('',#4445,#4446);
#4445 = CARTESIAN_POINT('',(90.,20.,12.));
#4446 = VECTOR('',#4447,1.);
#4447 = DIRECTION('',(0.,1.,0.));
#4448 = ORIENTED_EDGE('',*,*,#4449,.F.);
#4449 = EDGE_CURVE('',#4263,#4442,#4450,.T.);
#4450 = LINE('',#4451,#4452);
#4451 = CARTESIAN_POINT('',(80.,118.,12.));
#4452 = VECTOR('',#4453,1.);
#4453 = DIRECTION('',(1.,0.,0.));
#4454 = PLANE('',#4455);
#4455 = AXIS2_PLACEMENT_3D('',#4456,#4457,#4458);
#4456 = CARTESIAN_POINT('',(80.,20.,12.));
#4457 = DIRECTION('',(0.,0.,1.));
#4458 = DIRECTION('',(1.,0.,0.));
#4459 = ADVANCED_FACE('',(#4460),#4471,.T.);
#4460 = FACE_BOUND('',#4461,.F.);
#4461 = EDGE_LOOP('',(#4462,#4463,#4470));
#4462 = ORIENTED_EDGE('',*,*,#4304,.F.);
#4463 = ORIENTED_EDGE('',*,*,#4464,.T.);
#4464 = EDGE_CURVE('',#4297,#4263,#4465,.T.);
#4465 = CIRCLE('',#4466,2.);
#4466 = AXIS2_PLACEMENT_3D('',#4467,#4468,#4469);
#4467 = CARTESIAN_POINT('',(82.,118.,10.));
#4468 = DIRECTION('',(1.,0.,6.123233995737E-17));
#4469 = DIRECTION('',(-6.123233995737E-17,0.,1.));
#4470 = ORIENTED_EDGE('',*,*,#4270,.F.);
#4471 = SPHERICAL_SURFACE('',#4472,2.);
#4472 = AXIS2_PLACEMENT_3D('',#4473,#4474,#4475);
#4473 = CARTESIAN_POINT('',(82.,118.,10.));
#4474 = DIRECTION('',(0.,-1.,0.));
#4475 = DIRECTION('',(-1.,0.,0.));
#4476 = ADVANCED_FACE('',(#4477,#4502),#4621,.T.);
#4477 = FACE_BOUND('',#4478,.T.);
#4478 = EDGE_LOOP('',(#4479,#4480,#4488,#4496));
#4479 = ORIENTED_EDGE('',*,*,#4296,.T.);
#4480 = ORIENTED_EDGE('',*,*,#4481,.T.);
#4481 = EDGE_CURVE('',#4297,#4482,#4484,.T.);
#4482 = VERTEX_POINT('',#4483);
#4483 = CARTESIAN_POINT('',(90.,120.,10.));
#4484 = LINE('',#4485,#4486);
#4485 = CARTESIAN_POINT('',(80.,120.,10.));
#4486 = VECTOR('',#4487,1.);
#4487 = DIRECTION('',(1.,0.,0.));
#4488 = ORIENTED_EDGE('',*,*,#4489,.F.);
#4489 = EDGE_CURVE('',#4490,#4482,#4492,.T.);
#4490 = VERTEX_POINT('',#4491);
#4491 = CARTESIAN_POINT('',(90.,120.,-10.));
#4492 = LINE('',#4493,#4494);
#4493 = CARTESIAN_POINT('',(90.,120.,-12.));
#4494 = VECTOR('',#4495,1.);
#4495 = DIRECTION('',(0.,0.,1.));
#4496 = ORIENTED_EDGE('',*,*,#4497,.F.);
#4497 = EDGE_CURVE('',#4288,#4490,#4498,.T.);
#4498 = LINE('',#4499,#4500);
#4499 = CARTESIAN_POINT('',(80.,120.,-10.));
#4500 = VECTOR('',#4501,1.);
#4501 = DIRECTION('',(1.,0.,0.));
#4502 = FACE_BOUND('',#4503,.T.);
#4503 = EDGE_LOOP('',(#4504));
#4504 = ORIENTED_EDGE('',*,*,#4505,.T.);
#4505 = EDGE_CURVE('',#4506,#4506,#4508,.T.);
#4506 = VERTEX_POINT('',#4507);
#4507 = CARTESIAN_POINT('',(89.2,120.,-0.707997973395));
#4508 = B_SPLINE_CURVE_WITH_KNOTS('',6,(#4509,#4510,#4511,#4512,#4513,
    #4514,#4515,#4516,#4517,#4518,#4519,#4520,#4521,#4522,#4523,#4524,
    #4525,#4526,#4527,#4528,#4529,#4530,#4531,#4532,#4533,#4534,#4535,
    #4536,#4537,#4538,#4539,#4540,#4541,#4542,#4543,#4544,#4545,#4546,
    #4547,#4548,#4549,#4550,#4551,#4552,#4553,#4554,#4555,#4556,#4557,
    #4558,#4559,#4560,#4561,#4562,#4563,#4564,#4565,#4566,#4567,#4568,
    #4569,#4570,#4571,#4572,#4573,#4574,#4575,#4576,#4577,#4578,#4579,
    #4580,#4581,#4582,#4583,#4584,#4585,#4586,#4587,#4588,#4589,#4590,
    #4591,#4592,#4593,#4594,#4595,#4596,#4597,#4598,#4599,#4600,#4601,
    #4602,#4603,#4604,#4605,#4606,#4607,#4608,#4609,#4610,#4611,#4612,
    #4613,#4614,#4615,#4616,#4617,#4618,#4619,#4620),.UNSPECIFIED.,.T.,
  .F.,(7,5,5,5,5,5,5,5,5,5,5,5,5,5,5,5,5,5,5,5,5,5,7),(0.,
    9.77165215699E-02,0.145810926591,0.176861023002,0.197880638879,
    0.245877058782,0.292324966646,0.312297860327,0.341262195602,
    0.387233829927,0.432257722808,0.459298094752,0.516428107454,
    0.557531514211,0.57456937433,0.599614691915,0.638653384932,
    0.676651680128,0.749586880393,0.832546060103,0.874630417212,
    0.919721154662,1.),.UNSPECIFIED.);
#4509 = CARTESIAN_POINT('',(89.2,120.,-0.707997973395));
#4510 = CARTESIAN_POINT('',(89.200000054273,120.,-0.382644419013));
#4511 = CARTESIAN_POINT('',(89.160095843964,120.,-5.698183833147E-02));
#4512 = CARTESIAN_POINT('',(89.080152839053,120.,0.262695063187));
#4513 = CARTESIAN_POINT('',(88.961431050537,120.,0.570422709528));
#4514 = CARTESIAN_POINT('',(88.806132359104,120.,0.860478303442));
#4515 = CARTESIAN_POINT('',(88.525244409991,120.,1.259059789194));
#4516 = CARTESIAN_POINT('',(88.424600392325,120.,1.384993625658));
#4517 = CARTESIAN_POINT('',(88.31637803201,120.,1.50477863491));
#4518 = CARTESIAN_POINT('',(88.201051484426,120.,1.617849983286));
#4519 = CARTESIAN_POINT('',(88.079151440242,120.,1.723692524509));
#4520 = CARTESIAN_POINT('',(87.868700490113,120.,1.885206424463));
#4521 = CARTESIAN_POINT('',(87.783639445947,120.,1.945366377582));
#4522 = CARTESIAN_POINT('',(87.696239349109,120.,2.002196407201));
#4523 = CARTESIAN_POINT('',(87.606664940856,120.,2.055583273731));
#4524 = CARTESIAN_POINT('',(87.51508834752,120.,2.105424749833));
#4525 = CARTESIAN_POINT('',(87.358461639436,120.,2.182908418448));
#4526 = CARTESIAN_POINT('',(87.294398710218,120.,2.212520793698));
#4527 = CARTESIAN_POINT('',(87.22955586891,120.,2.240438544791));
#4528 = CARTESIAN_POINT('',(87.163989828361,120.,2.266636032631));
#4529 = CARTESIAN_POINT('',(87.097758438216,120.,2.291090180401));
#4530 = CARTESIAN_POINT('',(86.878303536769,120.,2.36559151057));
#4531 = CARTESIAN_POINT('',(86.722520958172,120.,2.408206911592));
#4532 = CARTESIAN_POINT('',(86.564281589031,120.,2.441381025421));
#4533 = CARTESIAN_POINT('',(86.404308220814,120.,2.464943422753));
#4534 = CARTESIAN_POINT('',(86.243337796555,120.,2.478798896189));
#4535 = CARTESIAN_POINT('',(85.926106238445,120.,2.486923040042));
#4536 = CARTESIAN_POINT('',(85.769854172781,120.,2.481809418221));
#4537 = CARTESIAN_POINT('',(85.614045476905,120.,2.467570088759));
#4538 = CARTESIAN_POINT('',(85.459351611517,120.,2.444255026906));
#4539 = CARTESIAN_POINT('',(85.306435234968,120.,2.41198068917));
#4540 = CARTESIAN_POINT('',(85.091240350092,120.,2.353277895786));
#4541 = CARTESIAN_POINT('',(85.026979450196,120.,2.334002852755));
#4542 = CARTESIAN_POINT('',(84.963219053375,120.,2.313119353248));
#4543 = CARTESIAN_POINT('',(84.900009917993,120.,2.290644003967));
#4544 = CARTESIAN_POINT('',(84.837402010978,120.,2.266595549289));
#4545 = CARTESIAN_POINT('',(84.685594888095,120.,2.203869255468));
#4546 = CARTESIAN_POINT('',(84.597112751243,120.,2.163479083872));
#4547 = CARTESIAN_POINT('',(84.510148333862,120.,2.119888237443));
#4548 = CARTESIAN_POINT('',(84.424846925347,120.,2.073169295946));
#4549 = CARTESIAN_POINT('',(84.341348867902,120.,2.023403537941));
#4550 = CARTESIAN_POINT('',(84.130340621048,120.,1.88700111189));
#4551 = CARTESIAN_POINT('',(84.005773085733,120.,1.795870202433));
#4552 = CARTESIAN_POINT('',(83.886630589542,120.,1.697650820835));
#4553 = CARTESIAN_POINT('',(83.773413594752,120.,1.592750821898));
#4554 = CARTESIAN_POINT('',(83.666579386961,120.,1.481623306815));
#4555 = CARTESIAN_POINT('',(83.468566946361,120.,1.250319032271));
#4556 = CARTESIAN_POINT('',(83.377108547734,120.,1.130371893452));
#4557 = CARTESIAN_POINT('',(83.292554739267,120.,1.005393539905));
#4558 = CARTESIAN_POINT('',(83.21524455532,120.,0.875880261025));
#4559 = CARTESIAN_POINT('',(83.145468204546,120.,0.742356302406));
#4560 = CARTESIAN_POINT('',(83.046230404632,120.,0.523104884635));
#4561 = CARTESIAN_POINT('',(83.011797845772,120.,0.439587491058));
#4562 = CARTESIAN_POINT('',(82.980221358437,120.,0.354940651259));
#4563 = CARTESIAN_POINT('',(82.951546039835,120.,0.269285454777));
#4564 = CARTESIAN_POINT('',(82.925810119262,120.,0.182745114543));
#4565 = CARTESIAN_POINT('',(82.854947263719,120.,-8.899998801068E-02));
#4566 = CARTESIAN_POINT('',(82.820109673933,120.,-0.276843499088));
#4567 = CARTESIAN_POINT('',(82.798829067001,120.,-0.466893667602));
#4568 = CARTESIAN_POINT('',(82.791260210368,120.,-0.657948274712));
#4569 = CARTESIAN_POINT('',(82.797417219995,120.,-0.848797476722));
#4570 = CARTESIAN_POINT('',(82.831389997669,120.,-1.174514931956));
#4571 = CARTESIAN_POINT('',(82.852645311852,120.,-1.310072654009));
#4572 = CARTESIAN_POINT('',(82.880893809246,120.,-1.444449396237));
#4573 = CARTESIAN_POINT('',(82.916051722391,120.,-1.577203161311));
#4574 = CARTESIAN_POINT('',(82.957998669358,120.,-1.707900224807));
#4575 = CARTESIAN_POINT('',(83.026714260561,120.,-1.889261893455));
#4576 = CARTESIAN_POINT('',(83.047990442518,120.,-1.941982397577));
#4577 = CARTESIAN_POINT('',(83.070395054466,120.,-1.994246506257));
#4578 = CARTESIAN_POINT('',(83.093915917044,120.,-2.046024496203));
#4579 = CARTESIAN_POINT('',(83.118539816676,120.,-2.097287062138));
#4580 = CARTESIAN_POINT('',(83.182049642308,120.,-2.222560129412));
#4581 = CARTESIAN_POINT('',(83.222199534966,120.,-2.295938908931));
#4582 = CARTESIAN_POINT('',(83.264656870463,120.,-2.368049775729));
#4583 = CARTESIAN_POINT('',(83.309371729161,120.,-2.438803385769));
#4584 = CARTESIAN_POINT('',(83.356289584874,120.,-2.508112930615));
#4585 = CARTESIAN_POINT('',(83.481824790743,120.,-2.681546026975));
#4586 = CARTESIAN_POINT('',(83.563507731942,120.,-2.78348585444));
#4587 = CARTESIAN_POINT('',(83.650175353368,120.,-2.881393245157));
#4588 = CARTESIAN_POINT('',(83.741578467027,120.,-2.974968013485));
#4589 = CARTESIAN_POINT('',(83.837443472026,120.,-3.063930162811));
#4590 = CARTESIAN_POINT('',(84.034835394644,120.,-3.229868617173));
#4591 = CARTESIAN_POINT('',(84.136144699546,120.,-3.307102811488));
#4592 = CARTESIAN_POINT('',(84.241125130693,120.,-3.379483067258));
#4593 = CARTESIAN_POINT('',(84.349484072701,120.,-3.446793460492));
#4594 = CARTESIAN_POINT('',(84.460911433384,120.,-3.508841544446));
#4595 = CARTESIAN_POINT('',(84.794218218629,120.,-3.674130848186));
#4596 = CARTESIAN_POINT('',(85.023483439775,120.,-3.762808644407));
#4597 = CARTESIAN_POINT('',(85.260519217647,120.,-3.830271158879));
#4598 = CARTESIAN_POINT('',(85.502843779665,120.,-3.875725262155));
#4599 = CARTESIAN_POINT('',(85.747880555538,120.,-3.898721163859));
#4600 = CARTESIAN_POINT('',(86.271689478541,120.,-3.899872784164));
#4601 = CARTESIAN_POINT('',(86.550563032597,120.,-3.871431514743));
#4602 = CARTESIAN_POINT('',(86.825585338269,120.,-3.813903974609));
#4603 = CARTESIAN_POINT('',(87.092977592697,120.,-3.728030511399));
#4604 = CARTESIAN_POINT('',(87.349127169726,120.,-3.61509751989));
#4605 = CARTESIAN_POINT('',(87.713184385828,120.,-3.407128360399));
#4606 = CARTESIAN_POINT('',(87.83196207819,120.,-3.330682129339));
#4607 = CARTESIAN_POINT('',(87.946560276232,120.,-3.248038928485));
#4608 = CARTESIAN_POINT('',(88.056576588141,120.,-3.159488010091));
#4609 = CARTESIAN_POINT('',(88.161637305042,120.,-3.065352057348));
#4610 = CARTESIAN_POINT('',(88.368284076205,120.,-2.85952411505));
#4611 = CARTESIAN_POINT('',(88.469088281968,120.,-2.747054869839));
#4612 = CARTESIAN_POINT('',(88.563386117412,120.,-2.62901815122));
#4613 = CARTESIAN_POINT('',(88.650800509961,120.,-2.505884271486));
#4614 = CARTESIAN_POINT('',(88.731001215333,120.,-2.378155152756));
#4615 = CARTESIAN_POINT('',(88.933145511954,120.,-2.011725322708));
#4616 = CARTESIAN_POINT('',(89.038842344982,120.,-1.76417414838));
#4617 = CARTESIAN_POINT('',(89.119159067769,120.,-1.506760621628));
#4618 = CARTESIAN_POINT('',(89.173067195729,120.,-1.242694177037));
#4619 = CARTESIAN_POINT('',(89.200000014955,120.,-0.975291697511));
#4620 = CARTESIAN_POINT('',(89.2,120.,-0.707997973395));
#4621 = PLANE('',#4622);
#4622 = AXIS2_PLACEMENT_3D('',#4623,#4624,#4625);
#4623 = CARTESIAN_POINT('',(80.,120.,-12.));
#4624 = DIRECTION('',(0.,1.,0.));
#4625 = DIRECTION('',(0.,0.,1.));
#4626 = ADVANCED_FACE('',(#4627),#4639,.T.);
#4627 = FACE_BOUND('',#4628,.T.);
#4628 = EDGE_LOOP('',(#4629,#4630,#4631,#4638));
#4629 = ORIENTED_EDGE('',*,*,#4320,.F.);
#4630 = ORIENTED_EDGE('',*,*,#4385,.T.);
#4631 = ORIENTED_EDGE('',*,*,#4632,.T.);
#4632 = EDGE_CURVE('',#4386,#4363,#4633,.T.);
#4633 = CIRCLE('',#4634,2.);
#4634 = AXIS2_PLACEMENT_3D('',#4635,#4636,#4637);
#4635 = CARTESIAN_POINT('',(90.,22.,-10.));
#4636 = DIRECTION('',(-1.,-6.123233995737E-17,0.));
#4637 = DIRECTION('',(6.123233995737E-17,-1.,0.));
#4638 = ORIENTED_EDGE('',*,*,#4370,.F.);
#4639 = CYLINDRICAL_SURFACE('',#4640,2.);
#4640 = AXIS2_PLACEMENT_3D('',#4641,#4642,#4643);
#4641 = CARTESIAN_POINT('',(80.,22.,-10.));
#4642 = DIRECTION('',(1.,0.,0.));
#4643 = DIRECTION('',(0.,-1.,0.));
#4644 = ADVANCED_FACE('',(#4645),#4657,.T.);
#4645 = FACE_BOUND('',#4646,.F.);
#4646 = EDGE_LOOP('',(#4647,#4648,#4649,#4656));
#4647 = ORIENTED_EDGE('',*,*,#4337,.F.);
#4648 = ORIENTED_EDGE('',*,*,#4433,.T.);
#4649 = ORIENTED_EDGE('',*,*,#4650,.T.);
#4650 = EDGE_CURVE('',#4434,#4355,#4651,.T.);
#4651 = CIRCLE('',#4652,2.);
#4652 = AXIS2_PLACEMENT_3D('',#4653,#4654,#4655);
#4653 = CARTESIAN_POINT('',(90.,22.,10.));
#4654 = DIRECTION('',(1.,6.123233995737E-17,0.));
#4655 = DIRECTION('',(6.123233995737E-17,-1.,0.));
#4656 = ORIENTED_EDGE('',*,*,#4354,.F.);
#4657 = CYLINDRICAL_SURFACE('',#4658,2.);
#4658 = AXIS2_PLACEMENT_3D('',#4659,#4660,#4661);
#4659 = CARTESIAN_POINT('',(80.,22.,10.));
#4660 = DIRECTION('',(1.,0.,0.));
#4661 = DIRECTION('',(0.,-1.,0.));
#4662 = ADVANCED_FACE('',(#4663),#4690,.T.);
#4663 = FACE_BOUND('',#4664,.F.);
#4664 = EDGE_LOOP('',(#4665,#4675,#4682,#4683));
#4665 = ORIENTED_EDGE('',*,*,#4666,.F.);
#4666 = EDGE_CURVE('',#4667,#4669,#4671,.T.);
#4667 = VERTEX_POINT('',#4668);
#4668 = CARTESIAN_POINT('',(92.,22.,-10.));
#4669 = VERTEX_POINT('',#4670);
#4670 = CARTESIAN_POINT('',(92.,22.,10.));
#4671 = LINE('',#4672,#4673);
#4672 = CARTESIAN_POINT('',(92.,22.,-12.));
#4673 = VECTOR('',#4674,1.);
#4674 = DIRECTION('',(0.,0.,1.));
#4675 = ORIENTED_EDGE('',*,*,#4676,.T.);
#4676 = EDGE_CURVE('',#4667,#4363,#4677,.T.);
#4677 = CIRCLE('',#4678,2.);
#4678 = AXIS2_PLACEMENT_3D('',#4679,#4680,#4681);
#4679 = CARTESIAN_POINT('',(90.,22.,-10.));
#4680 = DIRECTION('',(0.,0.,-1.));
#4681 = DIRECTION('',(1.,0.,0.));
#4682 = ORIENTED_EDGE('',*,*,#4362,.T.);
#4683 = ORIENTED_EDGE('',*,*,#4684,.F.);
#4684 = EDGE_CURVE('',#4669,#4355,#4685,.T.);
#4685 = CIRCLE('',#4686,2.);
#4686 = AXIS2_PLACEMENT_3D('',#4687,#4688,#4689);
#4687 = CARTESIAN_POINT('',(90.,22.,10.));
#4688 = DIRECTION('',(0.,0.,-1.));
#4689 = DIRECTION('',(1.,0.,0.));
#4690 = CYLINDRICAL_SURFACE('',#4691,2.);
#4691 = AXIS2_PLACEMENT_3D('',#4692,#4693,#4694);
#4692 = CARTESIAN_POINT('',(90.,22.,-12.));
#4693 = DIRECTION('',(0.,0.,1.));
#4694 = DIRECTION('',(1.,0.,0.));
#4695 = ADVANCED_FACE('',(#4696),#4708,.T.);
#4696 = FACE_BOUND('',#4697,.F.);
#4697 = EDGE_LOOP('',(#4698,#4699,#4700,#4707));
#4698 = ORIENTED_EDGE('',*,*,#4416,.F.);
#4699 = ORIENTED_EDGE('',*,*,#4401,.T.);
#4700 = ORIENTED_EDGE('',*,*,#4701,.T.);
#4701 = EDGE_CURVE('',#4394,#4490,#4702,.T.);
#4702 = CIRCLE('',#4703,2.);
#4703 = AXIS2_PLACEMENT_3D('',#4704,#4705,#4706);
#4704 = CARTESIAN_POINT('',(90.,118.,-10.));
#4705 = DIRECTION('',(1.,-6.123233995737E-17,0.));
#4706 = DIRECTION('',(6.123233995737E-17,1.,0.));
#4707 = ORIENTED_EDGE('',*,*,#4497,.F.);
#4708 = CYLINDRICAL_SURFACE('',#4709,2.);
#4709 = AXIS2_PLACEMENT_3D('',#4710,#4711,#4712);
#4710 = CARTESIAN_POINT('',(80.,118.,-10.));
#4711 = DIRECTION('',(1.,0.,0.));
#4712 = DIRECTION('',(0.,1.,0.));
#4713 = ADVANCED_FACE('',(#4714),#4739,.T.);
#4714 = FACE_BOUND('',#4715,.T.);
#4715 = EDGE_LOOP('',(#4716,#4723,#4724,#4733));
#4716 = ORIENTED_EDGE('',*,*,#4717,.F.);
#4717 = EDGE_CURVE('',#4386,#4667,#4718,.T.);
#4718 = CIRCLE('',#4719,2.);
#4719 = AXIS2_PLACEMENT_3D('',#4720,#4721,#4722);
#4720 = CARTESIAN_POINT('',(90.,22.,-10.));
#4721 = DIRECTION('',(0.,-1.,0.));
#4722 = DIRECTION('',(1.,0.,0.));
#4723 = ORIENTED_EDGE('',*,*,#4393,.T.);
#4724 = ORIENTED_EDGE('',*,*,#4725,.T.);
#4725 = EDGE_CURVE('',#4394,#4726,#4728,.T.);
#4726 = VERTEX_POINT('',#4727);
#4727 = CARTESIAN_POINT('',(92.,118.,-10.));
#4728 = CIRCLE('',#4729,2.);
#4729 = AXIS2_PLACEMENT_3D('',#4730,#4731,#4732);
#4730 = CARTESIAN_POINT('',(90.,118.,-10.));
#4731 = DIRECTION('',(0.,-1.,0.));
#4732 = DIRECTION('',(1.,0.,0.));
#4733 = ORIENTED_EDGE('',*,*,#4734,.F.);
#4734 = EDGE_CURVE('',#4667,#4726,#4735,.T.);
#4735 = LINE('',#4736,#4737);
#4736 = CARTESIAN_POINT('',(92.,20.,-10.));
#4737 = VECTOR('',#4738,1.);
#4738 = DIRECTION('',(0.,1.,0.));
#4739 = CYLINDRICAL_SURFACE('',#4740,2.);
#4740 = AXIS2_PLACEMENT_3D('',#4741,#4742,#4743);
#4741 = CARTESIAN_POINT('',(90.,20.,-10.));
#4742 = DIRECTION('',(0.,1.,0.));
#4743 = DIRECTION('',(1.,0.,0.));
#4744 = ADVANCED_FACE('',(#4745),#4757,.T.);
#4745 = FACE_BOUND('',#4746,.T.);
#4746 = EDGE_LOOP('',(#4747,#4748,#4749,#4756));
#4747 = ORIENTED_EDGE('',*,*,#4464,.T.);
#4748 = ORIENTED_EDGE('',*,*,#4449,.T.);
#4749 = ORIENTED_EDGE('',*,*,#4750,.F.);
#4750 = EDGE_CURVE('',#4482,#4442,#4751,.T.);
#4751 = CIRCLE('',#4752,2.);
#4752 = AXIS2_PLACEMENT_3D('',#4753,#4754,#4755);
#4753 = CARTESIAN_POINT('',(90.,118.,10.));
#4754 = DIRECTION('',(1.,0.,-6.123233995737E-17));
#4755 = DIRECTION('',(6.123233995737E-17,0.,1.));
#4756 = ORIENTED_EDGE('',*,*,#4481,.F.);
#4757 = CYLINDRICAL_SURFACE('',#4758,2.);
#4758 = AXIS2_PLACEMENT_3D('',#4759,#4760,#4761);
#4759 = CARTESIAN_POINT('',(80.,118.,10.));
#4760 = DIRECTION('',(1.,0.,0.));
#4761 = DIRECTION('',(0.,1.,0.));
#4762 = ADVANCED_FACE('',(#4763),#4788,.T.);
#4763 = FACE_BOUND('',#4764,.F.);
#4764 = EDGE_LOOP('',(#4765,#4772,#4773,#4782));
#4765 = ORIENTED_EDGE('',*,*,#4766,.F.);
#4766 = EDGE_CURVE('',#4434,#4669,#4767,.T.);
#4767 = CIRCLE('',#4768,2.);
#4768 = AXIS2_PLACEMENT_3D('',#4769,#4770,#4771);
#4769 = CARTESIAN_POINT('',(90.,22.,10.));
#4770 = DIRECTION('',(-0.,1.,0.));
#4771 = DIRECTION('',(1.,0.,0.));
#4772 = ORIENTED_EDGE('',*,*,#4441,.T.);
#4773 = ORIENTED_EDGE('',*,*,#4774,.F.);
#4774 = EDGE_CURVE('',#4775,#4442,#4777,.T.);
#4775 = VERTEX_POINT('',#4776);
#4776 = CARTESIAN_POINT('',(92.,118.,10.));
#4777 = CIRCLE('',#4778,2.);
#4778 = AXIS2_PLACEMENT_3D('',#4779,#4780,#4781);
#4779 = CARTESIAN_POINT('',(90.,118.,10.));
#4780 = DIRECTION('',(0.,-1.,0.));
#4781 = DIRECTION('',(1.,0.,0.));
#4782 = ORIENTED_EDGE('',*,*,#4783,.F.);
#4783 = EDGE_CURVE('',#4669,#4775,#4784,.T.);
#4784 = LINE('',#4785,#4786);
#4785 = CARTESIAN_POINT('',(92.,20.,10.));
#4786 = VECTOR('',#4787,1.);
#4787 = DIRECTION('',(0.,1.,0.));
#4788 = CYLINDRICAL_SURFACE('',#4789,2.);
#4789 = AXIS2_PLACEMENT_3D('',#4790,#4791,#4792);
#4790 = CARTESIAN_POINT('',(90.,20.,10.));
#4791 = DIRECTION('',(0.,1.,0.));
#4792 = DIRECTION('',(1.,0.,0.));
#4793 = ADVANCED_FACE('',(#4794),#4817,.T.);
#4794 = FACE_BOUND('',#4795,.T.);
#4795 = EDGE_LOOP('',(#4796,#4802,#4809,#4810));
#4796 = ORIENTED_EDGE('',*,*,#4797,.F.);
#4797 = EDGE_CURVE('',#4726,#4775,#4798,.T.);
#4798 = LINE('',#4799,#4800);
#4799 = CARTESIAN_POINT('',(92.,118.,-12.));
#4800 = VECTOR('',#4801,1.);
#4801 = DIRECTION('',(0.,0.,1.));
#4802 = ORIENTED_EDGE('',*,*,#4803,.T.);
#4803 = EDGE_CURVE('',#4726,#4490,#4804,.T.);
#4804 = CIRCLE('',#4805,2.);
#4805 = AXIS2_PLACEMENT_3D('',#4806,#4807,#4808);
#4806 = CARTESIAN_POINT('',(90.,118.,-10.));
#4807 = DIRECTION('',(0.,0.,1.));
#4808 = DIRECTION('',(1.,0.,0.));
#4809 = ORIENTED_EDGE('',*,*,#4489,.T.);
#4810 = ORIENTED_EDGE('',*,*,#4811,.T.);
#4811 = EDGE_CURVE('',#4482,#4775,#4812,.T.);
#4812 = CIRCLE('',#4813,2.);
#4813 = AXIS2_PLACEMENT_3D('',#4814,#4815,#4816);
#4814 = CARTESIAN_POINT('',(90.,118.,10.));
#4815 = DIRECTION('',(0.,0.,-1.));
#4816 = DIRECTION('',(1.,0.,0.));
#4817 = CYLINDRICAL_SURFACE('',#4818,2.);
#4818 = AXIS2_PLACEMENT_3D('',#4819,#4820,#4821);
#4819 = CARTESIAN_POINT('',(90.,118.,-12.));
#4820 = DIRECTION('',(0.,0.,1.));
#4821 = DIRECTION('',(1.,0.,0.));
#4822 = ADVANCED_FACE('',(#4823),#4872,.T.);
#4823 = FACE_BOUND('',#4824,.T.);
#4824 = EDGE_LOOP('',(#4825,#4826,#4861,#4871));
#4825 = ORIENTED_EDGE('',*,*,#4505,.F.);
#4826 = ORIENTED_EDGE('',*,*,#4827,.T.);
#4827 = EDGE_CURVE('',#4506,#4828,#4830,.T.);
#4828 = VERTEX_POINT('',#4829);
#4829 = CARTESIAN_POINT('',(89.2,153.,-28.));
#4830 = ( BOUNDED_CURVE() B_SPLINE_CURVE(8,(#4831,#4832,#4833,#4834,
    #4835,#4836,#4837,#4838,#4839,#4840,#4841,#4842,#4843,#4844,#4845,
    #4846,#4847,#4848,#4849,#4850,#4851,#4852,#4853,#4854,#4855,#4856,
    #4857,#4858,#4859,#4860),.UNSPECIFIED.,.F.,.F.) 
B_SPLINE_CURVE_WITH_KNOTS((9,7,7,7,9),(0.,16.,31.52417469626,
45.736845099812,60.054666163088),.UNSPECIFIED.) CURVE() 
GEOMETRIC_REPRESENTATION_ITEM() RATIONAL_B_SPLINE_CURVE((1.669078461068,
    1.669078461068,1.669078461068,1.669078461068,1.669078461068,
    1.669078461068,1.669078461068,1.669078461068,1.669078461068,
    1.669078461068,1.669078461068,1.669078461068,1.669078461068,
    1.669078461068,1.669078461068,1.669078461068,1.669078461068,
    1.669078461068,1.669078461068,1.669078461068,1.669078461068,
    1.669078461068,1.669078461068,1.669078461068,1.669078461068,
    1.669078461068,1.669078461068,1.669078461068,1.669078461068,
1.669078461068)) REPRESENTATION_ITEM('') );
#4831 = CARTESIAN_POINT('',(89.2,108.,-1.));
#4832 = CARTESIAN_POINT('',(89.2,109.91528484592,-0.836740160727));
#4833 = CARTESIAN_POINT('',(89.2,111.87496177308,-0.707622128757));
#4834 = CARTESIAN_POINT('',(89.2,113.86893690571,-0.618897834621));
#4835 = CARTESIAN_POINT('',(89.2,115.88711636808,-0.576819208847));
#4836 = CARTESIAN_POINT('',(89.2,117.91940628444,-0.587638181969));
#4837 = CARTESIAN_POINT('',(89.2,119.95571277904,-0.657606684514));
#4838 = CARTESIAN_POINT('',(89.2,121.98594197614,-0.792976647014));
#4839 = CARTESIAN_POINT('',(89.2,125.95416178816,-1.200866668623));
#4840 = CARTESIAN_POINT('',(89.2,127.89309993277,-1.469188286882));
#4841 = CARTESIAN_POINT('',(89.2,129.81311742871,-1.813970713013));
#4842 = CARTESIAN_POINT('',(89.2,131.71051727088,-2.244219805252));
#4843 = CARTESIAN_POINT('',(89.2,133.5816024542,-2.768941421835));
#4844 = CARTESIAN_POINT('',(89.2,135.42267597355,-3.397141420997));
#4845 = CARTESIAN_POINT('',(89.2,137.23004082385,-4.137825660973));
#4846 = CARTESIAN_POINT('',(89.2,140.62043051501,-5.789336628242));
#4847 = CARTESIAN_POINT('',(89.2,142.20950855625,-6.680503132037));
#4848 = CARTESIAN_POINT('',(89.2,143.74784885846,-7.670536483859));
#4849 = CARTESIAN_POINT('',(89.2,145.21606615638,-8.756473656184));
#4850 = CARTESIAN_POINT('',(89.2,146.59477518475,-9.935351621485));
#4851 = CARTESIAN_POINT('',(89.2,147.86459067832,-11.20420735223));
#4852 = CARTESIAN_POINT('',(89.2,149.00612737182,-12.56007782091));
#4853 = CARTESIAN_POINT('',(89.2,151.00122567018,-15.45057526275));
#4854 = CARTESIAN_POINT('',(89.2,151.85259424438,-16.98645052864));
#4855 = CARTESIAN_POINT('',(89.2,152.53957346054,-18.60775075856));
#4856 = CARTESIAN_POINT('',(89.2,153.04763105666,-20.3146009134));
#4857 = CARTESIAN_POINT('',(89.2,153.36223477069,-22.10712595407));
#4858 = CARTESIAN_POINT('',(89.2,153.46885234061,-23.98545084146));
#4859 = CARTESIAN_POINT('',(89.2,153.35295150439,-25.94970053647));
#4860 = CARTESIAN_POINT('',(89.2,153.,-28.));
#4861 = ORIENTED_EDGE('',*,*,#4862,.F.);
#4862 = EDGE_CURVE('',#4828,#4828,#4863,.T.);
#4863 = ( BOUNDED_CURVE() B_SPLINE_CURVE(6,(#4864,#4865,#4866,#4867,
#4868,#4869,#4870),.UNSPECIFIED.,.T.,.F.) B_SPLINE_CURVE_WITH_KNOTS((1,6
    ,6,1),(-6.28318530718,0.,6.28318530718,12.566370614359),
.UNSPECIFIED.) CURVE() GEOMETRIC_REPRESENTATION_ITEM() 
RATIONAL_B_SPLINE_CURVE((1.669078461068,1.03672962321,1.038346699848,
    0.853534330196,1.038346699848,1.03672962321,1.669078461068)) 
REPRESENTATION_ITEM('') );
#4864 = CARTESIAN_POINT('',(89.2,153.,-28.));
#4865 = CARTESIAN_POINT('',(89.2,147.85567959915,-26.65620104655));
#4866 = CARTESIAN_POINT('',(82.625445790246,147.11704274132,
    -26.46325438709));
#4867 = CARTESIAN_POINT('',(77.202825852773,153.,-28.));
#4868 = CARTESIAN_POINT('',(82.625445790246,158.88295725867,
    -29.5367456129));
#4869 = CARTESIAN_POINT('',(89.2,158.14432040084,-29.34379895344));
#4870 = CARTESIAN_POINT('',(89.2,153.,-28.));
#4871 = ORIENTED_EDGE('',*,*,#4827,.F.);
#4872 = ( BOUNDED_SURFACE() B_SPLINE_SURFACE(6,8,(
    (#4873,#4874,#4875,#4876,#4877,#4878,#4879,#4880,#4881,#4882,#4883
      ,#4884,#4885,#4886,#4887,#4888,#4889,#4890,#4891,#4892,#4893,#4894
      ,#4895,#4896,#4897,#4898,#4899,#4900,#4901,#4902)
    ,(#4903,#4904,#4905,#4906,#4907,#4908,#4909,#4910,#4911,#4912,#4913
      ,#4914,#4915,#4916,#4917,#4918,#4919,#4920,#4921,#4922,#4923,#4924
      ,#4925,#4926,#4927,#4928,#4929,#4930,#4931,#4932)
    ,(#4933,#4934,#4935,#4936,#4937,#4938,#4939,#4940,#4941,#4942,#4943
      ,#4944,#4945,#4946,#4947,#4948,#4949,#4950,#4951,#4952,#4953,#4954
      ,#4955,#4956,#4957,#4958,#4959,#4960,#4961,#4962)
    ,(#4963,#4964,#4965,#4966,#4967,#4968,#4969,#4970,#4971,#4972,#4973
      ,#4974,#4975,#4976,#4977,#4978,#4979,#4980,#4981,#4982,#4983,#4984
      ,#4985,#4986,#4987,#4988,#4989,#4990,#4991,#4992)
    ,(#4993,#4994,#4995,#4996,#4997,#4998,#4999,#5000,#5001,#5002,#5003
      ,#5004,#5005,#5006,#5007,#5008,#5009,#5010,#5011,#5012,#5013,#5014
      ,#5015,#5016,#5017,#5018,#5019,#5020,#5021,#5022)
    ,(#5023,#5024,#5025,#5026,#5027,#5028,#5029,#5030,#5031,#5032,#5033
      ,#5034,#5035,#5036,#5037,#5038,#5039,#5040,#5041,#5042,#5043,#5044
      ,#5045,#5046,#5047,#5048,#5049,#5050,#5051,#5052)
    ,(#5053,#5054,#5055,#5056,#5057,#5058,#5059,#5060,#5061,#5062,#5063
      ,#5064,#5065,#5066,#5067,#5068,#5069,#5070,#5071,#5072,#5073,#5074
      ,#5075,#5076,#5077,#5078,#5079,#5080,#5081,#5082
)),.UNSPECIFIED.,.T.,.F.,.F.) B_SPLINE_SURFACE_WITH_KNOTS((1,6,6,1),(9,7
    ,7,7,9),(-6.28318530718,0.,6.28318530718,12.566370614359),(0.,16.,
    31.52417469626,45.736845099812,60.054666163088),.UNSPECIFIED.) 
GEOMETRIC_REPRESENTATION_ITEM() RATIONAL_B_SPLINE_SURFACE((
    (1.669078461068,1.669078461068,1.669078461068,1.669078461068
      ,1.669078461068,1.669078461068,1.669078461068,1.669078461068
      ,1.669078461068,1.669078461068,1.669078461068,1.669078461068
      ,1.669078461068,1.669078461068,1.669078461068,1.669078461068
      ,1.669078461068,1.669078461068,1.669078461068,1.669078461068
      ,1.669078461068,1.669078461068,1.669078461068,1.669078461068
      ,1.669078461068,1.669078461068,1.669078461068,1.669078461068
      ,1.669078461068,1.669078461068)
    ,(1.03672962321,1.03672962321,1.03672962321,1.03672962321
      ,1.03672962321,1.03672962321,1.03672962321,1.03672962321
      ,1.03672962321,1.03672962321,1.03672962321,1.03672962321
      ,1.03672962321,1.03672962321,1.03672962321,1.03672962321
      ,1.03672962321,1.03672962321,1.03672962321,1.03672962321
      ,1.03672962321,1.03672962321,1.03672962321,1.03672962321
      ,1.036729623209,1.03672962321,1.03672962321,1.03672962321
      ,1.03672962321,1.03672962321)
    ,(1.038346699848,1.038346699848,1.038346699848,1.038346699848
      ,1.038346699847,1.038346699848,1.038346699848,1.038346699848
      ,1.038346699848,1.038346699848,1.038346699847,1.038346699848
      ,1.038346699847,1.038346699848,1.038346699847,1.038346699848
      ,1.038346699848,1.038346699848,1.038346699848,1.038346699848
      ,1.038346699847,1.038346699848,1.038346699847,1.038346699848
      ,1.038346699847,1.038346699848,1.038346699847,1.038346699848
      ,1.038346699847,1.038346699848)
    ,(0.853534330196,0.853534330196,0.853534330196,0.853534330196
      ,0.853534330196,0.853534330196,0.853534330196,0.853534330196
      ,0.853534330196,0.853534330196,0.853534330196,0.853534330196
      ,0.853534330196,0.853534330196,0.853534330196,0.853534330196
      ,0.853534330196,0.853534330196,0.853534330196,0.853534330196
      ,0.853534330196,0.853534330196,0.853534330196,0.853534330196
      ,0.853534330196,0.853534330196,0.853534330196,0.853534330196
      ,0.853534330196,0.853534330196)
    ,(1.038346699848,1.038346699848,1.038346699847,1.038346699848
      ,1.038346699847,1.038346699848,1.038346699847,1.038346699848
      ,1.038346699847,1.038346699848,1.038346699847,1.038346699848
      ,1.038346699847,1.038346699848,1.038346699848,1.038346699848
      ,1.038346699848,1.038346699848,1.038346699848,1.038346699848
      ,1.038346699847,1.038346699848,1.038346699847,1.038346699848
      ,1.038346699847,1.038346699848,1.038346699847,1.038346699848
      ,1.038346699847,1.038346699848)
    ,(1.03672962321,1.03672962321,1.03672962321,1.03672962321
      ,1.03672962321,1.03672962321,1.03672962321,1.03672962321
      ,1.03672962321,1.03672962321,1.03672962321,1.03672962321
      ,1.03672962321,1.03672962321,1.03672962321,1.03672962321
      ,1.03672962321,1.03672962321,1.03672962321,1.03672962321
      ,1.03672962321,1.03672962321,1.03672962321,1.03672962321
      ,1.036729623209,1.03672962321,1.036729623209,1.03672962321
      ,1.03672962321,1.03672962321)
    ,(1.669078461068,1.669078461068,1.669078461068,1.669078461068
      ,1.669078461068,1.669078461068,1.669078461068,1.669078461068
      ,1.669078461068,1.669078461068,1.669078461068,1.669078461068
      ,1.669078461068,1.669078461068,1.669078461068,1.669078461068
      ,1.669078461068,1.669078461068,1.669078461068,1.669078461068
      ,1.669078461068,1.669078461068,1.669078461068,1.669078461068
      ,1.669078461068,1.669078461068,1.669078461068,1.669078461068
,1.669078461068,1.669078461068))) REPRESENTATION_ITEM('') SURFACE() );
#4873 = CARTESIAN_POINT('',(89.2,108.,-1.));
#4874 = CARTESIAN_POINT('',(89.2,109.91528484592,-0.836740160727));
#4875 = CARTESIAN_POINT('',(89.2,111.87496177308,-0.707622128757));
#4876 = CARTESIAN_POINT('',(89.2,113.86893690571,-0.618897834621));
#4877 = CARTESIAN_POINT('',(89.2,115.88711636808,-0.576819208847));
#4878 = CARTESIAN_POINT('',(89.2,117.91940628444,-0.587638181969));
#4879 = CARTESIAN_POINT('',(89.2,119.95571277904,-0.657606684514));
#4880 = CARTESIAN_POINT('',(89.2,121.98594197614,-0.792976647014));
#4881 = CARTESIAN_POINT('',(89.2,125.95416178816,-1.200866668623));
#4882 = CARTESIAN_POINT('',(89.2,127.89309993277,-1.469188286882));
#4883 = CARTESIAN_POINT('',(89.2,129.81311742871,-1.813970713013));
#4884 = CARTESIAN_POINT('',(89.2,131.71051727088,-2.244219805252));
#4885 = CARTESIAN_POINT('',(89.2,133.5816024542,-2.768941421835));
#4886 = CARTESIAN_POINT('',(89.2,135.42267597355,-3.397141420997));
#4887 = CARTESIAN_POINT('',(89.2,137.23004082385,-4.137825660973));
#4888 = CARTESIAN_POINT('',(89.2,140.62043051501,-5.789336628242));
#4889 = CARTESIAN_POINT('',(89.2,142.20950855625,-6.680503132037));
#4890 = CARTESIAN_POINT('',(89.2,143.74784885846,-7.670536483859));
#4891 = CARTESIAN_POINT('',(89.2,145.21606615638,-8.756473656184));
#4892 = CARTESIAN_POINT('',(89.2,146.59477518475,-9.935351621485));
#4893 = CARTESIAN_POINT('',(89.2,147.86459067832,-11.20420735223));
#4894 = CARTESIAN_POINT('',(89.2,149.00612737182,-12.56007782091));
#4895 = CARTESIAN_POINT('',(89.2,151.00122567018,-15.45057526275));
#4896 = CARTESIAN_POINT('',(89.2,151.85259424438,-16.98645052864));
#4897 = CARTESIAN_POINT('',(89.2,152.53957346054,-18.60775075856));
#4898 = CARTESIAN_POINT('',(89.2,153.04763105666,-20.3146009134));
#4899 = CARTESIAN_POINT('',(89.2,153.36223477069,-22.10712595407));
#4900 = CARTESIAN_POINT('',(89.2,153.46885234061,-23.98545084146));
#4901 = CARTESIAN_POINT('',(89.2,153.35295150439,-25.94970053647));
#4902 = CARTESIAN_POINT('',(89.2,153.,-28.));
#4903 = CARTESIAN_POINT('',(89.2,108.,-6.316937841827));
#4904 = CARTESIAN_POINT('',(89.2,109.82382573301,-6.153678002555));
#4905 = CARTESIAN_POINT('',(89.2,111.68483226401,-6.022761992751));
#4906 = CARTESIAN_POINT('',(89.2,113.57210645277,-5.929919814667));
#4907 = CARTESIAN_POINT('',(89.2,115.47454698787,-5.880789729632));
#4908 = CARTESIAN_POINT('',(89.2,117.38089529636,-5.880790404827));
#4909 = CARTESIAN_POINT('',(89.2,119.27976645341,-5.934993060054));
#4910 = CARTESIAN_POINT('',(89.2,121.15968009206,-6.047993614515));
#4911 = CARTESIAN_POINT('',(89.2,124.80350274257,-6.394348183253));
#4912 = CARTESIAN_POINT('',(89.2,126.56378770567,-6.622996578299));
#4913 = CARTESIAN_POINT('',(89.2,128.28648604194,-6.91625882037));
#4914 = CARTESIAN_POINT('',(89.2,129.96847557391,-7.280179172558));
#4915 = CARTESIAN_POINT('',(89.2,131.60783376228,-7.720495585652));
#4916 = CARTESIAN_POINT('',(89.2,133.20423663365,-8.243125640437));
#4917 = CARTESIAN_POINT('',(89.2,134.75889498036,-8.854960206047));
#4918 = CARTESIAN_POINT('',(89.2,137.66116011289,-10.21498722652));
#4919 = CARTESIAN_POINT('',(89.2,139.0182588788,-10.94914186536));
#4920 = CARTESIAN_POINT('',(89.2,140.32244710235,-11.7605432656));
#4921 = CARTESIAN_POINT('',(89.2,141.55259959022,-12.64076856141));
#4922 = CARTESIAN_POINT('',(89.2,142.68845856323,-13.58023656125));
#4923 = CARTESIAN_POINT('',(89.2,143.71259121968,-14.56714524419));
#4924 = CARTESIAN_POINT('',(89.2,144.61291141897,-15.58862115252));
#4925 = CARTESIAN_POINT('',(89.2,146.15976483567,-17.6946088891));
#4926 = CARTESIAN_POINT('',(89.2,146.80724332094,-18.78455796736));
#4927 = CARTESIAN_POINT('',(89.2,147.32571496135,-19.90862986563));
#4928 = CARTESIAN_POINT('',(89.2,147.71703671498,-21.07461706971));
#4929 = CARTESIAN_POINT('',(89.2,147.98710969966,-22.30430605552));
#4930 = CARTESIAN_POINT('',(89.2,148.11890289628,-23.63283975138));
#4931 = CARTESIAN_POINT('',(89.2,148.08484855919,-25.07976492884));
#4932 = CARTESIAN_POINT('',(89.2,147.85567959915,-26.65620104655));
#4933 = CARTESIAN_POINT('',(82.625445790246,108.,-7.080359626386));
#4934 = CARTESIAN_POINT('',(82.625445790246,109.81069376094,
    -6.917099787113));
#4935 = CARTESIAN_POINT('',(82.625445790246,111.65753290234,
    -6.785925618292));
#4936 = CARTESIAN_POINT('',(82.625445790246,113.52948665152,
    -6.692492182157));
#4937 = CARTESIAN_POINT('',(82.625445790246,115.41530904644,
    -6.642349627581));
#4938 = CARTESIAN_POINT('',(82.625445790246,117.30357428345,
    -6.640796979311));
#4939 = CARTESIAN_POINT('',(82.625445790246,119.18271206505,
    -6.692735927184));
#4940 = CARTESIAN_POINT('',(82.625445790246,121.04104294774,
    -6.802524615358));
#4941 = CARTESIAN_POINT('',(82.625445790246,124.63828768682,
    -7.140043740342));
#4942 = CARTESIAN_POINT('',(82.625445790246,126.37292109357,
    -7.362995735738));
#4943 = CARTESIAN_POINT('',(82.625445790246,128.0672877567,
    -7.648860556205));
#4944 = CARTESIAN_POINT('',(82.625445790246,129.71834803421,
    -8.003257230178));
#4945 = CARTESIAN_POINT('',(82.625445790246,131.3244341699,
    -8.431454492552));
#4946 = CARTESIAN_POINT('',(82.625445790246,132.88570650029,
    -8.93892650003));
#4947 = CARTESIAN_POINT('',(82.625445790246,134.40408049392,
    -9.532260445307));
#4948 = CARTESIAN_POINT('',(82.625445790246,137.23625924728,
    -10.85043533182));
#4949 = CARTESIAN_POINT('',(82.625445790246,138.56004973734,
    -11.56204573905));
#4950 = CARTESIAN_POINT('',(82.625445790246,139.83061770744,
    -12.3477986312));
#4951 = CARTESIAN_POINT('',(82.625445790246,141.02658814024,
    -13.19848720257));
#4952 = CARTESIAN_POINT('',(82.625445790246,142.12757797839,
    -14.10358000592));
#4953 = CARTESIAN_POINT('',(82.625445790246,143.11643476073,
    -15.05000589128));
#4954 = CARTESIAN_POINT('',(82.625445790246,143.98212037674,
    -16.02346843184));
#4955 = CARTESIAN_POINT('',(82.625445790246,145.46461345717,
    -18.01681392639));
#4956 = CARTESIAN_POINT('',(82.625445790246,146.08281679569,
    -19.04273559338));
#4957 = CARTESIAN_POINT('',(82.625445790246,146.57709361608,
    -20.0954139656));
#4958 = CARTESIAN_POINT('',(82.625445790246,146.95165408946,
    -21.18374245496));
#4959 = CARTESIAN_POINT('',(82.625445790246,147.21533321928,
    -22.33261776226));
#4960 = CARTESIAN_POINT('',(82.625445790246,147.35074120743,
    -23.58221079997));
#4961 = CARTESIAN_POINT('',(82.625445790246,147.32843863466,
    -24.95485698111));
#4962 = CARTESIAN_POINT('',(82.625445790246,147.11704274132,
    -26.46325438709));
#4963 = CARTESIAN_POINT('',(77.202825852773,108.,-1.));
#4964 = CARTESIAN_POINT('',(77.202825852773,109.91528484592,
    -0.836740160727));
#4965 = CARTESIAN_POINT('',(77.202825852773,111.87496177308,
    -0.707622128757));
#4966 = CARTESIAN_POINT('',(77.202825852773,113.86893690571,
    -0.61889783462));
#4967 = CARTESIAN_POINT('',(77.202825852773,115.88711636808,
    -0.576819208848));
#4968 = CARTESIAN_POINT('',(77.202825852773,117.91940628444,
    -0.587638181968));
#4969 = CARTESIAN_POINT('',(77.202825852773,119.95571277904,
    -0.657606684513));
#4970 = CARTESIAN_POINT('',(77.202825852773,121.98594197614,
    -0.792976647014));
#4971 = CARTESIAN_POINT('',(77.202825852773,125.95416178816,
    -1.200866668622));
#4972 = CARTESIAN_POINT('',(77.202825852773,127.89309993277,
    -1.469188286881));
#4973 = CARTESIAN_POINT('',(77.202825852773,129.81311742871,
    -1.813970713012));
#4974 = CARTESIAN_POINT('',(77.202825852773,131.71051727088,
    -2.244219805252));
#4975 = CARTESIAN_POINT('',(77.202825852773,133.5816024542,
    -2.768941421834));
#4976 = CARTESIAN_POINT('',(77.202825852773,135.42267597355,
    -3.397141420996));
#4977 = CARTESIAN_POINT('',(77.202825852773,137.23004082385,
    -4.137825660973));
#4978 = CARTESIAN_POINT('',(77.202825852773,140.62043051501,
    -5.789336628242));
#4979 = CARTESIAN_POINT('',(77.202825852773,142.20950855625,
    -6.680503132037));
#4980 = CARTESIAN_POINT('',(77.202825852773,143.74784885846,
    -7.670536483859));
#4981 = CARTESIAN_POINT('',(77.202825852773,145.21606615638,
    -8.756473656183));
#4982 = CARTESIAN_POINT('',(77.202825852773,146.59477518475,
    -9.935351621485));
#4983 = CARTESIAN_POINT('',(77.202825852773,147.86459067832,
    -11.20420735223));
#4984 = CARTESIAN_POINT('',(77.202825852773,149.00612737182,
    -12.56007782091));
#4985 = CARTESIAN_POINT('',(77.202825852773,151.00122567018,
    -15.45057526275));
#4986 = CARTESIAN_POINT('',(77.202825852773,151.85259424438,
    -16.98645052864));
#4987 = CARTESIAN_POINT('',(77.202825852773,152.53957346054,
    -18.60775075856));
#4988 = CARTESIAN_POINT('',(77.202825852773,153.04763105666,
    -20.3146009134));
#4989 = CARTESIAN_POINT('',(77.202825852773,153.36223477069,
    -22.10712595407));
#4990 = CARTESIAN_POINT('',(77.202825852773,153.46885234061,
    -23.98545084146));
#4991 = CARTESIAN_POINT('',(77.202825852773,153.35295150439,
    -25.94970053647));
#4992 = CARTESIAN_POINT('',(77.202825852773,153.,-28.));
#4993 = CARTESIAN_POINT('',(82.625445790246,108.,5.080359626386));
#4994 = CARTESIAN_POINT('',(82.625445790246,110.0198759309,
    5.243619465659));
#4995 = CARTESIAN_POINT('',(82.625445790246,112.09239064382,
    5.370681360778));
#4996 = CARTESIAN_POINT('',(82.625445790246,114.20838715991,
    5.454696512916));
#4997 = CARTESIAN_POINT('',(82.625445790246,116.35892368972,
    5.488711209886));
#4998 = CARTESIAN_POINT('',(82.625445790246,118.53523828544,
    5.465520615375));
#4999 = CARTESIAN_POINT('',(82.625445790246,120.72871349303,
    5.377522558157));
#5000 = CARTESIAN_POINT('',(82.625445790246,122.93084100455,
    5.21657132133));
#5001 = CARTESIAN_POINT('',(82.625445790246,127.27003588951,
    4.738310403098));
#5002 = CARTESIAN_POINT('',(82.625445790246,129.41327877197,
    4.424619161975));
#5003 = CARTESIAN_POINT('',(82.625445790246,131.55894710071,
    4.02091913018));
#5004 = CARTESIAN_POINT('',(82.625445790246,133.70268650755,
    3.514817619674));
#5005 = CARTESIAN_POINT('',(82.625445790246,135.83877073849,
    2.893571648883));
#5006 = CARTESIAN_POINT('',(82.625445790246,137.95964544681,
    2.144643658038));
#5007 = CARTESIAN_POINT('',(82.625445790246,140.05600115378,
    1.256609123361));
#5008 = CARTESIAN_POINT('',(82.625445790246,144.00460178274,
    -0.72823792466));
#5009 = CARTESIAN_POINT('',(82.625445790246,145.85896737517,
    -1.798960525015));
#5010 = CARTESIAN_POINT('',(82.625445790246,147.66508000948,
    -2.993274336517));
#5011 = CARTESIAN_POINT('',(82.625445790246,149.40554417252,
    -4.314460109788));
#5012 = CARTESIAN_POINT('',(82.625445790246,151.06197239111,
    -5.767123237046));
#5013 = CARTESIAN_POINT('',(82.625445790246,152.6127465959,
    -7.358408813192));
#5014 = CARTESIAN_POINT('',(82.625445790246,154.03013436689,
    -9.096687209997));
#5015 = CARTESIAN_POINT('',(82.625445790246,156.5378378832,
    -12.88433659911));
#5016 = CARTESIAN_POINT('',(82.625445790246,157.62237169306,
    -14.9301654639));
#5017 = CARTESIAN_POINT('',(82.625445790246,158.50205330501,
    -17.12008755152));
#5018 = CARTESIAN_POINT('',(82.625445790246,159.14360802385,
    -19.44545937184));
#5019 = CARTESIAN_POINT('',(82.625445790246,159.5091363221,
    -21.88163414588));
#5020 = CARTESIAN_POINT('',(82.625445790246,159.58696347379,
    -24.38869088295));
#5021 = CARTESIAN_POINT('',(82.625445790246,159.37746437412,
    -26.94454409183));
#5022 = CARTESIAN_POINT('',(82.625445790246,158.88295725867,
    -29.5367456129));
#5023 = CARTESIAN_POINT('',(89.2,108.,4.316937841827));
#5024 = CARTESIAN_POINT('',(89.2,110.00674395884,4.4801976811));
#5025 = CARTESIAN_POINT('',(89.2,112.06509128215,4.607517735236));
#5026 = CARTESIAN_POINT('',(89.2,114.16576735865,4.692124145426));
#5027 = CARTESIAN_POINT('',(89.2,116.29968574829,4.727151311937));
#5028 = CARTESIAN_POINT('',(89.2,118.45791727252,4.70551404089));
#5029 = CARTESIAN_POINT('',(89.2,120.63165910467,4.619779691027));
#5030 = CARTESIAN_POINT('',(89.2,122.81220386023,4.462040320486));
#5031 = CARTESIAN_POINT('',(89.2,127.10482083375,3.992614846008));
#5032 = CARTESIAN_POINT('',(89.2,129.22241215986,3.684620004536));
#5033 = CARTESIAN_POINT('',(89.2,131.33974881547,3.288317394344));
#5034 = CARTESIAN_POINT('',(89.2,133.45255896786,2.791739562054));
#5035 = CARTESIAN_POINT('',(89.2,135.55537114611,2.182612741983));
#5036 = CARTESIAN_POINT('',(89.2,137.64111531346,1.448842798444));
#5037 = CARTESIAN_POINT('',(89.2,139.70118666735,0.579308884101));
#5038 = CARTESIAN_POINT('',(89.2,143.57970091713,-1.363686029958));
#5039 = CARTESIAN_POINT('',(89.2,145.4007582337,-2.411864398708));
#5040 = CARTESIAN_POINT('',(89.2,147.17325061458,-3.580529702117));
#5041 = CARTESIAN_POINT('',(89.2,148.87953272254,-4.872178750954));
#5042 = CARTESIAN_POINT('',(89.2,150.50109180628,-6.290466681715));
#5043 = CARTESIAN_POINT('',(89.2,152.01659013696,-7.841269460281));
#5044 = CARTESIAN_POINT('',(89.2,153.39934332467,-9.531534489316));
#5045 = CARTESIAN_POINT('',(89.2,155.8426865047,-13.20654163641));
#5046 = CARTESIAN_POINT('',(89.2,156.89794516781,-15.18834308992));
#5047 = CARTESIAN_POINT('',(89.2,157.75343195974,-17.30687165149));
#5048 = CARTESIAN_POINT('',(89.2,158.37822539834,-19.55458475709));
#5049 = CARTESIAN_POINT('',(89.2,158.73735984172,-21.90994585262));
#5050 = CARTESIAN_POINT('',(89.2,158.81880178494,-24.33806193154));
#5051 = CARTESIAN_POINT('',(89.2,158.62105444959,-26.8196361441));
#5052 = CARTESIAN_POINT('',(89.2,158.14432040084,-29.34379895344));
#5053 = CARTESIAN_POINT('',(89.2,108.,-1.));
#5054 = CARTESIAN_POINT('',(89.2,109.91528484592,-0.836740160727));
#5055 = CARTESIAN_POINT('',(89.2,111.87496177308,-0.707622128757));
#5056 = CARTESIAN_POINT('',(89.2,113.86893690571,-0.618897834621));
#5057 = CARTESIAN_POINT('',(89.2,115.88711636808,-0.576819208847));
#5058 = CARTESIAN_POINT('',(89.2,117.91940628444,-0.587638181969));
#5059 = CARTESIAN_POINT('',(89.2,119.95571277904,-0.657606684514));
#5060 = CARTESIAN_POINT('',(89.2,121.98594197614,-0.792976647014));
#5061 = CARTESIAN_POINT('',(89.2,125.95416178816,-1.200866668623));
#5062 = CARTESIAN_POINT('',(89.2,127.89309993277,-1.469188286882));
#5063 = CARTESIAN_POINT('',(89.2,129.81311742871,-1.813970713013));
#5064 = CARTESIAN_POINT('',(89.2,131.71051727088,-2.244219805252));
#5065 = CARTESIAN_POINT('',(89.2,133.5816024542,-2.768941421835));
#5066 = CARTESIAN_POINT('',(89.2,135.42267597355,-3.397141420997));
#5067 = CARTESIAN_POINT('',(89.2,137.23004082385,-4.137825660973));
#5068 = CARTESIAN_POINT('',(89.2,140.62043051501,-5.789336628242));
#5069 = CARTESIAN_POINT('',(89.2,142.20950855625,-6.680503132037));
#5070 = CARTESIAN_POINT('',(89.2,143.74784885846,-7.670536483859));
#5071 = CARTESIAN_POINT('',(89.2,145.21606615638,-8.756473656184));
#5072 = CARTESIAN_POINT('',(89.2,146.59477518475,-9.935351621485));
#5073 = CARTESIAN_POINT('',(89.2,147.86459067832,-11.20420735223));
#5074 = CARTESIAN_POINT('',(89.2,149.00612737182,-12.56007782091));
#5075 = CARTESIAN_POINT('',(89.2,151.00122567018,-15.45057526275));
#5076 = CARTESIAN_POINT('',(89.2,151.85259424438,-16.98645052864));
#5077 = CARTESIAN_POINT('',(89.2,152.53957346054,-18.60775075856));
#5078 = CARTESIAN_POINT('',(89.2,153.04763105666,-20.3146009134));
#5079 = CARTESIAN_POINT('',(89.2,153.36223477069,-22.10712595407));
#5080 = CARTESIAN_POINT('',(89.2,153.46885234061,-23.98545084146));
#5081 = CARTESIAN_POINT('',(89.2,153.35295150439,-25.94970053647));
#5082 = CARTESIAN_POINT('',(89.2,153.,-28.));
#5083 = ADVANCED_FACE('',(#5084),#5089,.T.);
#5084 = FACE_BOUND('',#5085,.F.);
#5085 = EDGE_LOOP('',(#5086,#5087,#5088));
#5086 = ORIENTED_EDGE('',*,*,#4717,.F.);
#5087 = ORIENTED_EDGE('',*,*,#4632,.T.);
#5088 = ORIENTED_EDGE('',*,*,#4676,.F.);
#5089 = SPHERICAL_SURFACE('',#5090,2.);
#5090 = AXIS2_PLACEMENT_3D('',#5091,#5092,#5093);
#5091 = CARTESIAN_POINT('',(90.,22.,-10.));
#5092 = DIRECTION('',(0.,0.,1.));
#5093 = DIRECTION('',(1.,0.,0.));
#5094 = ADVANCED_FACE('',(#5095),#5100,.T.);
#5095 = FACE_BOUND('',#5096,.T.);
#5096 = EDGE_LOOP('',(#5097,#5098,#5099));
#5097 = ORIENTED_EDGE('',*,*,#4766,.F.);
#5098 = ORIENTED_EDGE('',*,*,#4650,.T.);
#5099 = ORIENTED_EDGE('',*,*,#4684,.F.);
#5100 = SPHERICAL_SURFACE('',#5101,2.);
#5101 = AXIS2_PLACEMENT_3D('',#5102,#5103,#5104);
#5102 = CARTESIAN_POINT('',(90.,22.,10.));
#5103 = DIRECTION('',(-0.,-0.,-1.));
#5104 = DIRECTION('',(1.,0.,0.));
#5105 = ADVANCED_FACE('',(#5106),#5112,.T.);
#5106 = FACE_BOUND('',#5107,.T.);
#5107 = EDGE_LOOP('',(#5108,#5109,#5110,#5111));
#5108 = ORIENTED_EDGE('',*,*,#4666,.F.);
#5109 = ORIENTED_EDGE('',*,*,#4734,.T.);
#5110 = ORIENTED_EDGE('',*,*,#4797,.T.);
#5111 = ORIENTED_EDGE('',*,*,#4783,.F.);
#5112 = PLANE('',#5113);
#5113 = AXIS2_PLACEMENT_3D('',#5114,#5115,#5116);
#5114 = CARTESIAN_POINT('',(92.,20.,-12.));
#5115 = DIRECTION('',(1.,0.,0.));
#5116 = DIRECTION('',(0.,0.,1.));
#5117 = ADVANCED_FACE('',(#5118),#5123,.T.);
#5118 = FACE_BOUND('',#5119,.T.);
#5119 = EDGE_LOOP('',(#5120,#5121,#5122));
#5120 = ORIENTED_EDGE('',*,*,#4725,.F.);
#5121 = ORIENTED_EDGE('',*,*,#4701,.T.);
#5122 = ORIENTED_EDGE('',*,*,#4803,.F.);
#5123 = SPHERICAL_SURFACE('',#5124,2.);
#5124 = AXIS2_PLACEMENT_3D('',#5125,#5126,#5127);
#5125 = CARTESIAN_POINT('',(90.,118.,-10.));
#5126 = DIRECTION('',(0.,0.,1.));
#5127 = DIRECTION('',(1.,0.,0.));
#5128 = ADVANCED_FACE('',(#5129),#5134,.T.);
#5129 = FACE_BOUND('',#5130,.T.);
#5130 = EDGE_LOOP('',(#5131,#5132,#5133));
#5131 = ORIENTED_EDGE('',*,*,#4811,.F.);
#5132 = ORIENTED_EDGE('',*,*,#4750,.T.);
#5133 = ORIENTED_EDGE('',*,*,#4774,.F.);
#5134 = SPHERICAL_SURFACE('',#5135,2.);
#5135 = AXIS2_PLACEMENT_3D('',#5136,#5137,#5138);
#5136 = CARTESIAN_POINT('',(90.,118.,10.));
#5137 = DIRECTION('',(0.,-1.,0.));
#5138 = DIRECTION('',(1.,0.,0.));
#5139 = ADVANCED_FACE('',(#5140),#5143,.T.);
#5140 = FACE_BOUND('',#5141,.T.);
#5141 = EDGE_LOOP('',(#5142));
#5142 = ORIENTED_EDGE('',*,*,#4862,.T.);
#5143 = PLANE('',#5144);
#5144 = AXIS2_PLACEMENT_3D('',#5145,#5146,#5147);
#5145 = CARTESIAN_POINT('',(86.000506954352,153.,-28.));
#5146 = DIRECTION('',(-2.066051865344E-15,-0.252739263355,-0.96753442562
    ));
#5147 = DIRECTION('',(0.,-0.96753442562,0.252739263355));
#5148 = MANIFOLD_SOLID_BREP('',#5149);
#5149 = CLOSED_SHELL('',(#5150,#5190,#5239,#5272,#5305,#5338,#5355,#5372
    ,#5404,#5438,#5463,#5494,#5511,#5542,#5559,#5590,#5608,#5626,#5661,
    #5679,#5710,#5728,#5759,#5788,#5799,#5810,#5822,#5833));
#5150 = ADVANCED_FACE('',(#5151),#5185,.F.);
#5151 = FACE_BOUND('',#5152,.F.);
#5152 = EDGE_LOOP('',(#5153,#5163,#5171,#5179));
#5153 = ORIENTED_EDGE('',*,*,#5154,.F.);
#5154 = EDGE_CURVE('',#5155,#5157,#5159,.T.);
#5155 = VERTEX_POINT('',#5156);
#5156 = CARTESIAN_POINT('',(80.,2.2,1.2));
#5157 = VERTEX_POINT('',#5158);
#5158 = CARTESIAN_POINT('',(80.,2.2,18.8));
#5159 = LINE('',#5160,#5161);
#5160 = CARTESIAN_POINT('',(80.,2.2,0.));
#5161 = VECTOR('',#5162,1.);
#5162 = DIRECTION('',(0.,0.,1.));
#5163 = ORIENTED_EDGE('',*,*,#5164,.T.);
#5164 = EDGE_CURVE('',#5155,#5165,#5167,.T.);
#5165 = VERTEX_POINT('',#5166);
#5166 = CARTESIAN_POINT('',(80.,17.8,1.2));
#5167 = LINE('',#5168,#5169);
#5168 = CARTESIAN_POINT('',(80.,1.,1.2));
#5169 = VECTOR('',#5170,1.);
#5170 = DIRECTION('',(0.,1.,0.));
#5171 = ORIENTED_EDGE('',*,*,#5172,.T.);
#5172 = EDGE_CURVE('',#5165,#5173,#5175,.T.);
#5173 = VERTEX_POINT('',#5174);
#5174 = CARTESIAN_POINT('',(80.,17.8,18.8));
#5175 = LINE('',#5176,#5177);
#5176 = CARTESIAN_POINT('',(80.,17.8,0.));
#5177 = VECTOR('',#5178,1.);
#5178 = DIRECTION('',(0.,0.,1.));
#5179 = ORIENTED_EDGE('',*,*,#5180,.F.);
#5180 = EDGE_CURVE('',#5157,#5173,#5181,.T.);
#5181 = LINE('',#5182,#5183);
#5182 = CARTESIAN_POINT('',(80.,1.,18.8));
#5183 = VECTOR('',#5184,1.);
#5184 = DIRECTION('',(0.,1.,0.));
#5185 = PLANE('',#5186);
#5186 = AXIS2_PLACEMENT_3D('',#5187,#5188,#5189);
#5187 = CARTESIAN_POINT('',(80.,1.,0.));
#5188 = DIRECTION('',(1.,0.,0.));
#5189 = DIRECTION('',(0.,0.,1.));
#5190 = ADVANCED_FACE('',(#5191),#5234,.T.);
#5191 = FACE_BOUND('',#5192,.T.);
#5192 = EDGE_LOOP('',(#5193,#5194,#5203,#5211,#5219,#5227));
#5193 = ORIENTED_EDGE('',*,*,#5154,.F.);
#5194 = ORIENTED_EDGE('',*,*,#5195,.T.);
#5195 = EDGE_CURVE('',#5155,#5196,#5198,.T.);
#5196 = VERTEX_POINT('',#5197);
#5197 = CARTESIAN_POINT('',(81.2,1.,1.2));
#5198 = CIRCLE('',#5199,1.2);
#5199 = AXIS2_PLACEMENT_3D('',#5200,#5201,#5202);
#5200 = CARTESIAN_POINT('',(81.2,2.2,1.2));
#5201 = DIRECTION('',(0.,0.,1.));
#5202 = DIRECTION('',(-1.,0.,0.));
#5203 = ORIENTED_EDGE('',*,*,#5204,.T.);
#5204 = EDGE_CURVE('',#5196,#5205,#5207,.T.);
#5205 = VERTEX_POINT('',#5206);
#5206 = CARTESIAN_POINT('',(81.2,1.,7.31485568358));
#5207 = LINE('',#5208,#5209);
#5208 = CARTESIAN_POINT('',(81.2,1.,0.));
#5209 = VECTOR('',#5210,1.);
#5210 = DIRECTION('',(0.,0.,1.));
#5211 = ORIENTED_EDGE('',*,*,#5212,.T.);
#5212 = EDGE_CURVE('',#5205,#5213,#5215,.T.);
#5213 = VERTEX_POINT('',#5214);
#5214 = CARTESIAN_POINT('',(81.2,1.,12.68514431642));
#5215 = LINE('',#5216,#5217);
#5216 = CARTESIAN_POINT('',(81.2,1.,0.));
#5217 = VECTOR('',#5218,1.);
#5218 = DIRECTION('',(0.,0.,1.));
#5219 = ORIENTED_EDGE('',*,*,#5220,.T.);
#5220 = EDGE_CURVE('',#5213,#5221,#5223,.T.);
#5221 = VERTEX_POINT('',#5222);
#5222 = CARTESIAN_POINT('',(81.2,1.,18.8));
#5223 = LINE('',#5224,#5225);
#5224 = CARTESIAN_POINT('',(81.2,1.,0.));
#5225 = VECTOR('',#5226,1.);
#5226 = DIRECTION('',(0.,0.,1.));
#5227 = ORIENTED_EDGE('',*,*,#5228,.F.);
#5228 = EDGE_CURVE('',#5157,#5221,#5229,.T.);
#5229 = CIRCLE('',#5230,1.2);
#5230 = AXIS2_PLACEMENT_3D('',#5231,#5232,#5233);
#5231 = CARTESIAN_POINT('',(81.2,2.2,18.8));
#5232 = DIRECTION('',(0.,0.,1.));
#5233 = DIRECTION('',(-1.,0.,0.));
#5234 = CYLINDRICAL_SURFACE('',#5235,1.2);
#5235 = AXIS2_PLACEMENT_3D('',#5236,#5237,#5238);
#5236 = CARTESIAN_POINT('',(81.2,2.2,0.));
#5237 = DIRECTION('',(0.,0.,1.));
#5238 = DIRECTION('',(-1.,0.,0.));
#5239 = ADVANCED_FACE('',(#5240),#5267,.T.);
#5240 = FACE_BOUND('',#5241,.F.);
#5241 = EDGE_LOOP('',(#5242,#5251,#5259,#5266));
#5242 = ORIENTED_EDGE('',*,*,#5243,.F.);
#5243 = EDGE_CURVE('',#5244,#5155,#5246,.T.);
#5244 = VERTEX_POINT('',#5245);
#5245 = CARTESIAN_POINT('',(81.2,2.2,0.));
#5246 = CIRCLE('',#5247,1.2);
#5247 = AXIS2_PLACEMENT_3D('',#5248,#5249,#5250);
#5248 = CARTESIAN_POINT('',(81.2,2.2,1.2));
#5249 = DIRECTION('',(0.,1.,-0.));
#5250 = DIRECTION('',(-1.,0.,0.));
#5251 = ORIENTED_EDGE('',*,*,#5252,.T.);
#5252 = EDGE_CURVE('',#5244,#5253,#5255,.T.);
#5253 = VERTEX_POINT('',#5254);
#5254 = CARTESIAN_POINT('',(81.2,17.8,0.));
#5255 = LINE('',#5256,#5257);
#5256 = CARTESIAN_POINT('',(81.2,1.,-2.22044604925E-16));
#5257 = VECTOR('',#5258,1.);
#5258 = DIRECTION('',(0.,1.,0.));
#5259 = ORIENTED_EDGE('',*,*,#5260,.T.);
#5260 = EDGE_CURVE('',#5253,#5165,#5261,.T.);
#5261 = CIRCLE('',#5262,1.2);
#5262 = AXIS2_PLACEMENT_3D('',#5263,#5264,#5265);
#5263 = CARTESIAN_POINT('',(81.2,17.8,1.2));
#5264 = DIRECTION('',(0.,1.,-0.));
#5265 = DIRECTION('',(-1.,0.,0.));
#5266 = ORIENTED_EDGE('',*,*,#5164,.F.);
#5267 = CYLINDRICAL_SURFACE('',#5268,1.2);
#5268 = AXIS2_PLACEMENT_3D('',#5269,#5270,#5271);
#5269 = CARTESIAN_POINT('',(81.2,1.,1.2));
#5270 = DIRECTION('',(0.,1.,0.));
#5271 = DIRECTION('',(-1.,0.,0.));
#5272 = ADVANCED_FACE('',(#5273),#5300,.T.);
#5273 = FACE_BOUND('',#5274,.T.);
#5274 = EDGE_LOOP('',(#5275,#5284,#5292,#5299));
#5275 = ORIENTED_EDGE('',*,*,#5276,.F.);
#5276 = EDGE_CURVE('',#5277,#5157,#5279,.T.);
#5277 = VERTEX_POINT('',#5278);
#5278 = CARTESIAN_POINT('',(81.2,2.2,20.));
#5279 = CIRCLE('',#5280,1.2);
#5280 = AXIS2_PLACEMENT_3D('',#5281,#5282,#5283);
#5281 = CARTESIAN_POINT('',(81.2,2.2,18.8));
#5282 = DIRECTION('',(0.,-1.,0.));
#5283 = DIRECTION('',(-1.,0.,0.));
#5284 = ORIENTED_EDGE('',*,*,#5285,.T.);
#5285 = EDGE_CURVE('',#5277,#5286,#5288,.T.);
#5286 = VERTEX_POINT('',#5287);
#5287 = CARTESIAN_POINT('',(81.2,17.8,20.));
#5288 = LINE('',#5289,#5290);
#5289 = CARTESIAN_POINT('',(81.2,1.,20.));
#5290 = VECTOR('',#5291,1.);
#5291 = DIRECTION('',(0.,1.,0.));
#5292 = ORIENTED_EDGE('',*,*,#5293,.F.);
#5293 = EDGE_CURVE('',#5173,#5286,#5294,.T.);
#5294 = CIRCLE('',#5295,1.2);
#5295 = AXIS2_PLACEMENT_3D('',#5296,#5297,#5298);
#5296 = CARTESIAN_POINT('',(81.2,17.8,18.8));
#5297 = DIRECTION('',(0.,1.,-0.));
#5298 = DIRECTION('',(-1.,0.,0.));
#5299 = ORIENTED_EDGE('',*,*,#5180,.F.);
#5300 = CYLINDRICAL_SURFACE('',#5301,1.2);
#5301 = AXIS2_PLACEMENT_3D('',#5302,#5303,#5304);
#5302 = CARTESIAN_POINT('',(81.2,1.,18.8));
#5303 = DIRECTION('',(0.,1.,0.));
#5304 = DIRECTION('',(-1.,0.,0.));
#5305 = ADVANCED_FACE('',(#5306),#5333,.T.);
#5306 = FACE_BOUND('',#5307,.F.);
#5307 = EDGE_LOOP('',(#5308,#5309,#5318,#5326));
#5308 = ORIENTED_EDGE('',*,*,#5172,.F.);
#5309 = ORIENTED_EDGE('',*,*,#5310,.T.);
#5310 = EDGE_CURVE('',#5165,#5311,#5313,.T.);
#5311 = VERTEX_POINT('',#5312);
#5312 = CARTESIAN_POINT('',(81.2,19.,1.2));
#5313 = CIRCLE('',#5314,1.2);
#5314 = AXIS2_PLACEMENT_3D('',#5315,#5316,#5317);
#5315 = CARTESIAN_POINT('',(81.2,17.8,1.2));
#5316 = DIRECTION('',(0.,0.,-1.));
#5317 = DIRECTION('',(-1.,0.,0.));
#5318 = ORIENTED_EDGE('',*,*,#5319,.T.);
#5319 = EDGE_CURVE('',#5311,#5320,#5322,.T.);
#5320 = VERTEX_POINT('',#5321);
#5321 = CARTESIAN_POINT('',(81.2,19.,18.8));
#5322 = LINE('',#5323,#5324);
#5323 = CARTESIAN_POINT('',(81.2,19.,0.));
#5324 = VECTOR('',#5325,1.);
#5325 = DIRECTION('',(0.,0.,1.));
#5326 = ORIENTED_EDGE('',*,*,#5327,.T.);
#5327 = EDGE_CURVE('',#5320,#5173,#5328,.T.);
#5328 = CIRCLE('',#5329,1.2);
#5329 = AXIS2_PLACEMENT_3D('',#5330,#5331,#5332);
#5330 = CARTESIAN_POINT('',(81.2,17.8,18.8));
#5331 = DIRECTION('',(0.,0.,1.));
#5332 = DIRECTION('',(-1.,0.,0.));
#5333 = CYLINDRICAL_SURFACE('',#5334,1.2);
#5334 = AXIS2_PLACEMENT_3D('',#5335,#5336,#5337);
#5335 = CARTESIAN_POINT('',(81.2,17.8,0.));
#5336 = DIRECTION('',(0.,0.,1.));
#5337 = DIRECTION('',(-1.,0.,0.));
#5338 = ADVANCED_FACE('',(#5339),#5350,.T.);
#5339 = FACE_BOUND('',#5340,.T.);
#5340 = EDGE_LOOP('',(#5341,#5342,#5349));
#5341 = ORIENTED_EDGE('',*,*,#5243,.F.);
#5342 = ORIENTED_EDGE('',*,*,#5343,.T.);
#5343 = EDGE_CURVE('',#5244,#5196,#5344,.T.);
#5344 = CIRCLE('',#5345,1.2);
#5345 = AXIS2_PLACEMENT_3D('',#5346,#5347,#5348);
#5346 = CARTESIAN_POINT('',(81.2,2.2,1.2));
#5347 = DIRECTION('',(-1.,6.123233995737E-17,0.));
#5348 = DIRECTION('',(-6.123233995737E-17,-1.,0.));
#5349 = ORIENTED_EDGE('',*,*,#5195,.F.);
#5350 = SPHERICAL_SURFACE('',#5351,1.2);
#5351 = AXIS2_PLACEMENT_3D('',#5352,#5353,#5354);
#5352 = CARTESIAN_POINT('',(81.2,2.2,1.2));
#5353 = DIRECTION('',(0.,0.,1.));
#5354 = DIRECTION('',(-1.,0.,0.));
#5355 = ADVANCED_FACE('',(#5356),#5367,.T.);
#5356 = FACE_BOUND('',#5357,.F.);
#5357 = EDGE_LOOP('',(#5358,#5359,#5366));
#5358 = ORIENTED_EDGE('',*,*,#5276,.F.);
#5359 = ORIENTED_EDGE('',*,*,#5360,.T.);
#5360 = EDGE_CURVE('',#5277,#5221,#5361,.T.);
#5361 = CIRCLE('',#5362,1.2);
#5362 = AXIS2_PLACEMENT_3D('',#5363,#5364,#5365);
#5363 = CARTESIAN_POINT('',(81.2,2.2,18.8));
#5364 = DIRECTION('',(1.,-6.123233995737E-17,0.));
#5365 = DIRECTION('',(-6.123233995737E-17,-1.,0.));
#5366 = ORIENTED_EDGE('',*,*,#5228,.F.);
#5367 = SPHERICAL_SURFACE('',#5368,1.2);
#5368 = AXIS2_PLACEMENT_3D('',#5369,#5370,#5371);
#5369 = CARTESIAN_POINT('',(81.2,2.2,18.8));
#5370 = DIRECTION('',(-0.,-0.,-1.));
#5371 = DIRECTION('',(-1.,0.,0.));
#5372 = ADVANCED_FACE('',(#5373),#5399,.F.);
#5373 = FACE_BOUND('',#5374,.F.);
#5374 = EDGE_LOOP('',(#5375,#5383,#5384,#5393));
#5375 = ORIENTED_EDGE('',*,*,#5376,.F.);
#5376 = EDGE_CURVE('',#5196,#5377,#5379,.T.);
#5377 = VERTEX_POINT('',#5378);
#5378 = CARTESIAN_POINT('',(90.8,1.,1.2));
#5379 = LINE('',#5380,#5381);
#5380 = CARTESIAN_POINT('',(80.,1.,1.2));
#5381 = VECTOR('',#5382,1.);
#5382 = DIRECTION('',(1.,0.,0.));
#5383 = ORIENTED_EDGE('',*,*,#5204,.T.);
#5384 = ORIENTED_EDGE('',*,*,#5385,.F.);
#5385 = EDGE_CURVE('',#5386,#5205,#5388,.T.);
#5386 = VERTEX_POINT('',#5387);
#5387 = CARTESIAN_POINT('',(90.8,1.,7.31485568358));
#5388 = CIRCLE('',#5389,5.5);
#5389 = AXIS2_PLACEMENT_3D('',#5390,#5391,#5392);
#5390 = CARTESIAN_POINT('',(86.,1.,10.));
#5391 = DIRECTION('',(0.,1.,0.));
#5392 = DIRECTION('',(0.,0.,1.));
#5393 = ORIENTED_EDGE('',*,*,#5394,.F.);
#5394 = EDGE_CURVE('',#5377,#5386,#5395,.T.);
#5395 = LINE('',#5396,#5397);
#5396 = CARTESIAN_POINT('',(90.8,1.,0.));
#5397 = VECTOR('',#5398,1.);
#5398 = DIRECTION('',(0.,0.,1.));
#5399 = PLANE('',#5400);
#5400 = AXIS2_PLACEMENT_3D('',#5401,#5402,#5403);
#5401 = CARTESIAN_POINT('',(80.,1.,0.));
#5402 = DIRECTION('',(0.,1.,0.));
#5403 = DIRECTION('',(0.,0.,1.));
#5404 = ADVANCED_FACE('',(#5405),#5433,.F.);
#5405 = FACE_BOUND('',#5406,.F.);
#5406 = EDGE_LOOP('',(#5407,#5408,#5409,#5418,#5427));
#5407 = ORIENTED_EDGE('',*,*,#5385,.T.);
#5408 = ORIENTED_EDGE('',*,*,#5212,.T.);
#5409 = ORIENTED_EDGE('',*,*,#5410,.T.);
#5410 = EDGE_CURVE('',#5213,#5411,#5413,.T.);
#5411 = VERTEX_POINT('',#5412);
#5412 = CARTESIAN_POINT('',(86.,1.,15.5));
#5413 = CIRCLE('',#5414,5.5);
#5414 = AXIS2_PLACEMENT_3D('',#5415,#5416,#5417);
#5415 = CARTESIAN_POINT('',(86.,1.,10.));
#5416 = DIRECTION('',(0.,1.,0.));
#5417 = DIRECTION('',(0.,0.,1.));
#5418 = ORIENTED_EDGE('',*,*,#5419,.T.);
#5419 = EDGE_CURVE('',#5411,#5420,#5422,.T.);
#5420 = VERTEX_POINT('',#5421);
#5421 = CARTESIAN_POINT('',(90.8,1.,12.68514431642));
#5422 = CIRCLE('',#5423,5.5);
#5423 = AXIS2_PLACEMENT_3D('',#5424,#5425,#5426);
#5424 = CARTESIAN_POINT('',(86.,1.,10.));
#5425 = DIRECTION('',(0.,1.,0.));
#5426 = DIRECTION('',(0.,0.,1.));
#5427 = ORIENTED_EDGE('',*,*,#5428,.F.);
#5428 = EDGE_CURVE('',#5386,#5420,#5429,.T.);
#5429 = LINE('',#5430,#5431);
#5430 = CARTESIAN_POINT('',(90.8,1.,0.));
#5431 = VECTOR('',#5432,1.);
#5432 = DIRECTION('',(0.,0.,1.));
#5433 = PLANE('',#5434);
#5434 = AXIS2_PLACEMENT_3D('',#5435,#5436,#5437);
#5435 = CARTESIAN_POINT('',(80.,1.,0.));
#5436 = DIRECTION('',(0.,1.,0.));
#5437 = DIRECTION('',(0.,0.,1.));
#5438 = ADVANCED_FACE('',(#5439),#5458,.F.);
#5439 = FACE_BOUND('',#5440,.F.);
#5440 = EDGE_LOOP('',(#5441,#5442,#5443,#5451,#5457));
#5441 = ORIENTED_EDGE('',*,*,#5410,.F.);
#5442 = ORIENTED_EDGE('',*,*,#5220,.T.);
#5443 = ORIENTED_EDGE('',*,*,#5444,.T.);
#5444 = EDGE_CURVE('',#5221,#5445,#5447,.T.);
#5445 = VERTEX_POINT('',#5446);
#5446 = CARTESIAN_POINT('',(90.8,1.,18.8));
#5447 = LINE('',#5448,#5449);
#5448 = CARTESIAN_POINT('',(80.,1.,18.8));
#5449 = VECTOR('',#5450,1.);
#5450 = DIRECTION('',(1.,0.,0.));
#5451 = ORIENTED_EDGE('',*,*,#5452,.F.);
#5452 = EDGE_CURVE('',#5420,#5445,#5453,.T.);
#5453 = LINE('',#5454,#5455);
#5454 = CARTESIAN_POINT('',(90.8,1.,0.));
#5455 = VECTOR('',#5456,1.);
#5456 = DIRECTION('',(0.,0.,1.));
#5457 = ORIENTED_EDGE('',*,*,#5419,.F.);
#5458 = PLANE('',#5459);
#5459 = AXIS2_PLACEMENT_3D('',#5460,#5461,#5462);
#5460 = CARTESIAN_POINT('',(80.,1.,0.));
#5461 = DIRECTION('',(0.,1.,0.));
#5462 = DIRECTION('',(0.,0.,1.));
#5463 = ADVANCED_FACE('',(#5464),#5489,.F.);
#5464 = FACE_BOUND('',#5465,.F.);
#5465 = EDGE_LOOP('',(#5466,#5467,#5475,#5483));
#5466 = ORIENTED_EDGE('',*,*,#5252,.F.);
#5467 = ORIENTED_EDGE('',*,*,#5468,.T.);
#5468 = EDGE_CURVE('',#5244,#5469,#5471,.T.);
#5469 = VERTEX_POINT('',#5470);
#5470 = CARTESIAN_POINT('',(90.8,2.2,0.));
#5471 = LINE('',#5472,#5473);
#5472 = CARTESIAN_POINT('',(80.,2.2,-2.22044604925E-16));
#5473 = VECTOR('',#5474,1.);
#5474 = DIRECTION('',(1.,0.,0.));
#5475 = ORIENTED_EDGE('',*,*,#5476,.T.);
#5476 = EDGE_CURVE('',#5469,#5477,#5479,.T.);
#5477 = VERTEX_POINT('',#5478);
#5478 = CARTESIAN_POINT('',(90.8,17.8,0.));
#5479 = LINE('',#5480,#5481);
#5480 = CARTESIAN_POINT('',(90.8,1.,-2.22044604925E-16));
#5481 = VECTOR('',#5482,1.);
#5482 = DIRECTION('',(0.,1.,0.));
#5483 = ORIENTED_EDGE('',*,*,#5484,.F.);
#5484 = EDGE_CURVE('',#5253,#5477,#5485,.T.);
#5485 = LINE('',#5486,#5487);
#5486 = CARTESIAN_POINT('',(80.,17.8,-2.22044604925E-16));
#5487 = VECTOR('',#5488,1.);
#5488 = DIRECTION('',(1.,0.,0.));
#5489 = PLANE('',#5490);
#5490 = AXIS2_PLACEMENT_3D('',#5491,#5492,#5493);
#5491 = CARTESIAN_POINT('',(80.,1.,0.));
#5492 = DIRECTION('',(0.,0.,1.));
#5493 = DIRECTION('',(1.,0.,0.));
#5494 = ADVANCED_FACE('',(#5495),#5506,.T.);
#5495 = FACE_BOUND('',#5496,.F.);
#5496 = EDGE_LOOP('',(#5497,#5498,#5505));
#5497 = ORIENTED_EDGE('',*,*,#5260,.F.);
#5498 = ORIENTED_EDGE('',*,*,#5499,.T.);
#5499 = EDGE_CURVE('',#5253,#5311,#5500,.T.);
#5500 = CIRCLE('',#5501,1.2);
#5501 = AXIS2_PLACEMENT_3D('',#5502,#5503,#5504);
#5502 = CARTESIAN_POINT('',(81.2,17.8,1.2));
#5503 = DIRECTION('',(1.,6.123233995737E-17,-0.));
#5504 = DIRECTION('',(-6.123233995737E-17,1.,0.));
#5505 = ORIENTED_EDGE('',*,*,#5310,.F.);
#5506 = SPHERICAL_SURFACE('',#5507,1.2);
#5507 = AXIS2_PLACEMENT_3D('',#5508,#5509,#5510);
#5508 = CARTESIAN_POINT('',(81.2,17.8,1.2));
#5509 = DIRECTION('',(0.,0.,1.));
#5510 = DIRECTION('',(-1.,0.,0.));
#5511 = ADVANCED_FACE('',(#5512),#5537,.T.);
#5512 = FACE_BOUND('',#5513,.T.);
#5513 = EDGE_LOOP('',(#5514,#5515,#5523,#5531));
#5514 = ORIENTED_EDGE('',*,*,#5285,.F.);
#5515 = ORIENTED_EDGE('',*,*,#5516,.T.);
#5516 = EDGE_CURVE('',#5277,#5517,#5519,.T.);
#5517 = VERTEX_POINT('',#5518);
#5518 = CARTESIAN_POINT('',(90.8,2.2,20.));
#5519 = LINE('',#5520,#5521);
#5520 = CARTESIAN_POINT('',(80.,2.2,20.));
#5521 = VECTOR('',#5522,1.);
#5522 = DIRECTION('',(1.,0.,0.));
#5523 = ORIENTED_EDGE('',*,*,#5524,.T.);
#5524 = EDGE_CURVE('',#5517,#5525,#5527,.T.);
#5525 = VERTEX_POINT('',#5526);
#5526 = CARTESIAN_POINT('',(90.8,17.8,20.));
#5527 = LINE('',#5528,#5529);
#5528 = CARTESIAN_POINT('',(90.8,1.,20.));
#5529 = VECTOR('',#5530,1.);
#5530 = DIRECTION('',(0.,1.,0.));
#5531 = ORIENTED_EDGE('',*,*,#5532,.F.);
#5532 = EDGE_CURVE('',#5286,#5525,#5533,.T.);
#5533 = LINE('',#5534,#5535);
#5534 = CARTESIAN_POINT('',(80.,17.8,20.));
#5535 = VECTOR('',#5536,1.);
#5536 = DIRECTION('',(1.,0.,0.));
#5537 = PLANE('',#5538);
#5538 = AXIS2_PLACEMENT_3D('',#5539,#5540,#5541);
#5539 = CARTESIAN_POINT('',(80.,1.,20.));
#5540 = DIRECTION('',(0.,0.,1.));
#5541 = DIRECTION('',(1.,0.,0.));
#5542 = ADVANCED_FACE('',(#5543),#5554,.T.);
#5543 = FACE_BOUND('',#5544,.F.);
#5544 = EDGE_LOOP('',(#5545,#5546,#5553));
#5545 = ORIENTED_EDGE('',*,*,#5327,.F.);
#5546 = ORIENTED_EDGE('',*,*,#5547,.T.);
#5547 = EDGE_CURVE('',#5320,#5286,#5548,.T.);
#5548 = CIRCLE('',#5549,1.2);
#5549 = AXIS2_PLACEMENT_3D('',#5550,#5551,#5552);
#5550 = CARTESIAN_POINT('',(81.2,17.8,18.8));
#5551 = DIRECTION('',(1.,0.,6.123233995737E-17));
#5552 = DIRECTION('',(-6.123233995737E-17,0.,1.));
#5553 = ORIENTED_EDGE('',*,*,#5293,.F.);
#5554 = SPHERICAL_SURFACE('',#5555,1.2);
#5555 = AXIS2_PLACEMENT_3D('',#5556,#5557,#5558);
#5556 = CARTESIAN_POINT('',(81.2,17.8,18.8));
#5557 = DIRECTION('',(0.,-1.,0.));
#5558 = DIRECTION('',(-1.,0.,0.));
#5559 = ADVANCED_FACE('',(#5560),#5585,.T.);
#5560 = FACE_BOUND('',#5561,.T.);
#5561 = EDGE_LOOP('',(#5562,#5563,#5571,#5579));
#5562 = ORIENTED_EDGE('',*,*,#5319,.T.);
#5563 = ORIENTED_EDGE('',*,*,#5564,.T.);
#5564 = EDGE_CURVE('',#5320,#5565,#5567,.T.);
#5565 = VERTEX_POINT('',#5566);
#5566 = CARTESIAN_POINT('',(90.8,19.,18.8));
#5567 = LINE('',#5568,#5569);
#5568 = CARTESIAN_POINT('',(80.,19.,18.8));
#5569 = VECTOR('',#5570,1.);
#5570 = DIRECTION('',(1.,0.,0.));
#5571 = ORIENTED_EDGE('',*,*,#5572,.F.);
#5572 = EDGE_CURVE('',#5573,#5565,#5575,.T.);
#5573 = VERTEX_POINT('',#5574);
#5574 = CARTESIAN_POINT('',(90.8,19.,1.2));
#5575 = LINE('',#5576,#5577);
#5576 = CARTESIAN_POINT('',(90.8,19.,0.));
#5577 = VECTOR('',#5578,1.);
#5578 = DIRECTION('',(0.,0.,1.));
#5579 = ORIENTED_EDGE('',*,*,#5580,.F.);
#5580 = EDGE_CURVE('',#5311,#5573,#5581,.T.);
#5581 = LINE('',#5582,#5583);
#5582 = CARTESIAN_POINT('',(80.,19.,1.2));
#5583 = VECTOR('',#5584,1.);
#5584 = DIRECTION('',(1.,0.,0.));
#5585 = PLANE('',#5586);
#5586 = AXIS2_PLACEMENT_3D('',#5587,#5588,#5589);
#5587 = CARTESIAN_POINT('',(80.,19.,0.));
#5588 = DIRECTION('',(0.,1.,0.));
#5589 = DIRECTION('',(0.,0.,1.));
#5590 = ADVANCED_FACE('',(#5591),#5603,.T.);
#5591 = FACE_BOUND('',#5592,.T.);
#5592 = EDGE_LOOP('',(#5593,#5594,#5595,#5602));
#5593 = ORIENTED_EDGE('',*,*,#5343,.F.);
#5594 = ORIENTED_EDGE('',*,*,#5468,.T.);
#5595 = ORIENTED_EDGE('',*,*,#5596,.T.);
#5596 = EDGE_CURVE('',#5469,#5377,#5597,.T.);
#5597 = CIRCLE('',#5598,1.2);
#5598 = AXIS2_PLACEMENT_3D('',#5599,#5600,#5601);
#5599 = CARTESIAN_POINT('',(90.8,2.2,1.2));
#5600 = DIRECTION('',(-1.,-6.123233995737E-17,0.));
#5601 = DIRECTION('',(6.123233995737E-17,-1.,0.));
#5602 = ORIENTED_EDGE('',*,*,#5376,.F.);
#5603 = CYLINDRICAL_SURFACE('',#5604,1.2);
#5604 = AXIS2_PLACEMENT_3D('',#5605,#5606,#5607);
#5605 = CARTESIAN_POINT('',(80.,2.2,1.2));
#5606 = DIRECTION('',(1.,0.,0.));
#5607 = DIRECTION('',(0.,-1.,0.));
#5608 = ADVANCED_FACE('',(#5609),#5621,.T.);
#5609 = FACE_BOUND('',#5610,.F.);
#5610 = EDGE_LOOP('',(#5611,#5612,#5613,#5620));
#5611 = ORIENTED_EDGE('',*,*,#5360,.F.);
#5612 = ORIENTED_EDGE('',*,*,#5516,.T.);
#5613 = ORIENTED_EDGE('',*,*,#5614,.T.);
#5614 = EDGE_CURVE('',#5517,#5445,#5615,.T.);
#5615 = CIRCLE('',#5616,1.2);
#5616 = AXIS2_PLACEMENT_3D('',#5617,#5618,#5619);
#5617 = CARTESIAN_POINT('',(90.8,2.2,18.8));
#5618 = DIRECTION('',(1.,6.123233995737E-17,0.));
#5619 = DIRECTION('',(6.123233995737E-17,-1.,0.));
#5620 = ORIENTED_EDGE('',*,*,#5444,.F.);
#5621 = CYLINDRICAL_SURFACE('',#5622,1.2);
#5622 = AXIS2_PLACEMENT_3D('',#5623,#5624,#5625);
#5623 = CARTESIAN_POINT('',(80.,2.2,18.8));
#5624 = DIRECTION('',(1.,0.,0.));
#5625 = DIRECTION('',(0.,-1.,0.));
#5626 = ADVANCED_FACE('',(#5627),#5656,.T.);
#5627 = FACE_BOUND('',#5628,.F.);
#5628 = EDGE_LOOP('',(#5629,#5639,#5646,#5647,#5648,#5649));
#5629 = ORIENTED_EDGE('',*,*,#5630,.F.);
#5630 = EDGE_CURVE('',#5631,#5633,#5635,.T.);
#5631 = VERTEX_POINT('',#5632);
#5632 = CARTESIAN_POINT('',(92.,2.2,1.2));
#5633 = VERTEX_POINT('',#5634);
#5634 = CARTESIAN_POINT('',(92.,2.2,18.8));
#5635 = LINE('',#5636,#5637);
#5636 = CARTESIAN_POINT('',(92.,2.2,0.));
#5637 = VECTOR('',#5638,1.);
#5638 = DIRECTION('',(0.,0.,1.));
#5639 = ORIENTED_EDGE('',*,*,#5640,.T.);
#5640 = EDGE_CURVE('',#5631,#5377,#5641,.T.);
#5641 = CIRCLE('',#5642,1.2);
#5642 = AXIS2_PLACEMENT_3D('',#5643,#5644,#5645);
#5643 = CARTESIAN_POINT('',(90.8,2.2,1.2));
#5644 = DIRECTION('',(0.,0.,-1.));
#5645 = DIRECTION('',(1.,0.,0.));
#5646 = ORIENTED_EDGE('',*,*,#5394,.T.);
#5647 = ORIENTED_EDGE('',*,*,#5428,.T.);
#5648 = ORIENTED_EDGE('',*,*,#5452,.T.);
#5649 = ORIENTED_EDGE('',*,*,#5650,.F.);
#5650 = EDGE_CURVE('',#5633,#5445,#5651,.T.);
#5651 = CIRCLE('',#5652,1.2);
#5652 = AXIS2_PLACEMENT_3D('',#5653,#5654,#5655);
#5653 = CARTESIAN_POINT('',(90.8,2.2,18.8));
#5654 = DIRECTION('',(0.,0.,-1.));
#5655 = DIRECTION('',(1.,0.,0.));
#5656 = CYLINDRICAL_SURFACE('',#5657,1.2);
#5657 = AXIS2_PLACEMENT_3D('',#5658,#5659,#5660);
#5658 = CARTESIAN_POINT('',(90.8,2.2,0.));
#5659 = DIRECTION('',(0.,0.,1.));
#5660 = DIRECTION('',(1.,0.,0.));
#5661 = ADVANCED_FACE('',(#5662),#5674,.T.);
#5662 = FACE_BOUND('',#5663,.F.);
#5663 = EDGE_LOOP('',(#5664,#5665,#5666,#5673));
#5664 = ORIENTED_EDGE('',*,*,#5499,.F.);
#5665 = ORIENTED_EDGE('',*,*,#5484,.T.);
#5666 = ORIENTED_EDGE('',*,*,#5667,.T.);
#5667 = EDGE_CURVE('',#5477,#5573,#5668,.T.);
#5668 = CIRCLE('',#5669,1.2);
#5669 = AXIS2_PLACEMENT_3D('',#5670,#5671,#5672);
#5670 = CARTESIAN_POINT('',(90.8,17.8,1.2));
#5671 = DIRECTION('',(1.,-6.123233995737E-17,0.));
#5672 = DIRECTION('',(6.123233995737E-17,1.,0.));
#5673 = ORIENTED_EDGE('',*,*,#5580,.F.);
#5674 = CYLINDRICAL_SURFACE('',#5675,1.2);
#5675 = AXIS2_PLACEMENT_3D('',#5676,#5677,#5678);
#5676 = CARTESIAN_POINT('',(80.,17.8,1.2));
#5677 = DIRECTION('',(1.,0.,0.));
#5678 = DIRECTION('',(0.,1.,0.));
#5679 = ADVANCED_FACE('',(#5680),#5705,.T.);
#5680 = FACE_BOUND('',#5681,.T.);
#5681 = EDGE_LOOP('',(#5682,#5689,#5690,#5699));
#5682 = ORIENTED_EDGE('',*,*,#5683,.F.);
#5683 = EDGE_CURVE('',#5469,#5631,#5684,.T.);
#5684 = CIRCLE('',#5685,1.2);
#5685 = AXIS2_PLACEMENT_3D('',#5686,#5687,#5688);
#5686 = CARTESIAN_POINT('',(90.8,2.2,1.2));
#5687 = DIRECTION('',(0.,-1.,0.));
#5688 = DIRECTION('',(1.,0.,0.));
#5689 = ORIENTED_EDGE('',*,*,#5476,.T.);
#5690 = ORIENTED_EDGE('',*,*,#5691,.T.);
#5691 = EDGE_CURVE('',#5477,#5692,#5694,.T.);
#5692 = VERTEX_POINT('',#5693);
#5693 = CARTESIAN_POINT('',(92.,17.8,1.2));
#5694 = CIRCLE('',#5695,1.2);
#5695 = AXIS2_PLACEMENT_3D('',#5696,#5697,#5698);
#5696 = CARTESIAN_POINT('',(90.8,17.8,1.2));
#5697 = DIRECTION('',(0.,-1.,0.));
#5698 = DIRECTION('',(1.,0.,0.));
#5699 = ORIENTED_EDGE('',*,*,#5700,.F.);
#5700 = EDGE_CURVE('',#5631,#5692,#5701,.T.);
#5701 = LINE('',#5702,#5703);
#5702 = CARTESIAN_POINT('',(92.,1.,1.2));
#5703 = VECTOR('',#5704,1.);
#5704 = DIRECTION('',(0.,1.,0.));
#5705 = CYLINDRICAL_SURFACE('',#5706,1.2);
#5706 = AXIS2_PLACEMENT_3D('',#5707,#5708,#5709);
#5707 = CARTESIAN_POINT('',(90.8,1.,1.2));
#5708 = DIRECTION('',(0.,1.,0.));
#5709 = DIRECTION('',(1.,0.,0.));
#5710 = ADVANCED_FACE('',(#5711),#5723,.T.);
#5711 = FACE_BOUND('',#5712,.T.);
#5712 = EDGE_LOOP('',(#5713,#5714,#5715,#5722));
#5713 = ORIENTED_EDGE('',*,*,#5547,.T.);
#5714 = ORIENTED_EDGE('',*,*,#5532,.T.);
#5715 = ORIENTED_EDGE('',*,*,#5716,.F.);
#5716 = EDGE_CURVE('',#5565,#5525,#5717,.T.);
#5717 = CIRCLE('',#5718,1.2);
#5718 = AXIS2_PLACEMENT_3D('',#5719,#5720,#5721);
#5719 = CARTESIAN_POINT('',(90.8,17.8,18.8));
#5720 = DIRECTION('',(1.,0.,-6.123233995737E-17));
#5721 = DIRECTION('',(6.123233995737E-17,0.,1.));
#5722 = ORIENTED_EDGE('',*,*,#5564,.F.);
#5723 = CYLINDRICAL_SURFACE('',#5724,1.2);
#5724 = AXIS2_PLACEMENT_3D('',#5725,#5726,#5727);
#5725 = CARTESIAN_POINT('',(80.,17.8,18.8));
#5726 = DIRECTION('',(1.,0.,0.));
#5727 = DIRECTION('',(0.,1.,0.));
#5728 = ADVANCED_FACE('',(#5729),#5754,.T.);
#5729 = FACE_BOUND('',#5730,.F.);
#5730 = EDGE_LOOP('',(#5731,#5738,#5739,#5748));
#5731 = ORIENTED_EDGE('',*,*,#5732,.F.);
#5732 = EDGE_CURVE('',#5517,#5633,#5733,.T.);
#5733 = CIRCLE('',#5734,1.2);
#5734 = AXIS2_PLACEMENT_3D('',#5735,#5736,#5737);
#5735 = CARTESIAN_POINT('',(90.8,2.2,18.8));
#5736 = DIRECTION('',(-0.,1.,0.));
#5737 = DIRECTION('',(1.,0.,0.));
#5738 = ORIENTED_EDGE('',*,*,#5524,.T.);
#5739 = ORIENTED_EDGE('',*,*,#5740,.F.);
#5740 = EDGE_CURVE('',#5741,#5525,#5743,.T.);
#5741 = VERTEX_POINT('',#5742);
#5742 = CARTESIAN_POINT('',(92.,17.8,18.8));
#5743 = CIRCLE('',#5744,1.2);
#5744 = AXIS2_PLACEMENT_3D('',#5745,#5746,#5747);
#5745 = CARTESIAN_POINT('',(90.8,17.8,18.8));
#5746 = DIRECTION('',(0.,-1.,0.));
#5747 = DIRECTION('',(1.,0.,0.));
#5748 = ORIENTED_EDGE('',*,*,#5749,.F.);
#5749 = EDGE_CURVE('',#5633,#5741,#5750,.T.);
#5750 = LINE('',#5751,#5752);
#5751 = CARTESIAN_POINT('',(92.,1.,18.8));
#5752 = VECTOR('',#5753,1.);
#5753 = DIRECTION('',(0.,1.,0.));
#5754 = CYLINDRICAL_SURFACE('',#5755,1.2);
#5755 = AXIS2_PLACEMENT_3D('',#5756,#5757,#5758);
#5756 = CARTESIAN_POINT('',(90.8,1.,18.8));
#5757 = DIRECTION('',(0.,1.,0.));
#5758 = DIRECTION('',(1.,0.,0.));
#5759 = ADVANCED_FACE('',(#5760),#5783,.T.);
#5760 = FACE_BOUND('',#5761,.T.);
#5761 = EDGE_LOOP('',(#5762,#5768,#5775,#5776));
#5762 = ORIENTED_EDGE('',*,*,#5763,.F.);
#5763 = EDGE_CURVE('',#5692,#5741,#5764,.T.);
#5764 = LINE('',#5765,#5766);
#5765 = CARTESIAN_POINT('',(92.,17.8,0.));
#5766 = VECTOR('',#5767,1.);
#5767 = DIRECTION('',(0.,0.,1.));
#5768 = ORIENTED_EDGE('',*,*,#5769,.T.);
#5769 = EDGE_CURVE('',#5692,#5573,#5770,.T.);
#5770 = CIRCLE('',#5771,1.2);
#5771 = AXIS2_PLACEMENT_3D('',#5772,#5773,#5774);
#5772 = CARTESIAN_POINT('',(90.8,17.8,1.2));
#5773 = DIRECTION('',(0.,0.,1.));
#5774 = DIRECTION('',(1.,0.,0.));
#5775 = ORIENTED_EDGE('',*,*,#5572,.T.);
#5776 = ORIENTED_EDGE('',*,*,#5777,.T.);
#5777 = EDGE_CURVE('',#5565,#5741,#5778,.T.);
#5778 = CIRCLE('',#5779,1.2);
#5779 = AXIS2_PLACEMENT_3D('',#5780,#5781,#5782);
#5780 = CARTESIAN_POINT('',(90.8,17.8,18.8));
#5781 = DIRECTION('',(0.,0.,-1.));
#5782 = DIRECTION('',(1.,0.,0.));
#5783 = CYLINDRICAL_SURFACE('',#5784,1.2);
#5784 = AXIS2_PLACEMENT_3D('',#5785,#5786,#5787);
#5785 = CARTESIAN_POINT('',(90.8,17.8,0.));
#5786 = DIRECTION('',(0.,0.,1.));
#5787 = DIRECTION('',(1.,0.,0.));
#5788 = ADVANCED_FACE('',(#5789),#5794,.T.);
#5789 = FACE_BOUND('',#5790,.F.);
#5790 = EDGE_LOOP('',(#5791,#5792,#5793));
#5791 = ORIENTED_EDGE('',*,*,#5683,.F.);
#5792 = ORIENTED_EDGE('',*,*,#5596,.T.);
#5793 = ORIENTED_EDGE('',*,*,#5640,.F.);
#5794 = SPHERICAL_SURFACE('',#5795,1.2);
#5795 = AXIS2_PLACEMENT_3D('',#5796,#5797,#5798);
#5796 = CARTESIAN_POINT('',(90.8,2.2,1.2));
#5797 = DIRECTION('',(0.,0.,1.));
#5798 = DIRECTION('',(1.,0.,0.));
#5799 = ADVANCED_FACE('',(#5800),#5805,.T.);
#5800 = FACE_BOUND('',#5801,.T.);
#5801 = EDGE_LOOP('',(#5802,#5803,#5804));
#5802 = ORIENTED_EDGE('',*,*,#5732,.F.);
#5803 = ORIENTED_EDGE('',*,*,#5614,.T.);
#5804 = ORIENTED_EDGE('',*,*,#5650,.F.);
#5805 = SPHERICAL_SURFACE('',#5806,1.2);
#5806 = AXIS2_PLACEMENT_3D('',#5807,#5808,#5809);
#5807 = CARTESIAN_POINT('',(90.8,2.2,18.8));
#5808 = DIRECTION('',(-0.,-0.,-1.));
#5809 = DIRECTION('',(1.,0.,0.));
#5810 = ADVANCED_FACE('',(#5811),#5817,.T.);
#5811 = FACE_BOUND('',#5812,.T.);
#5812 = EDGE_LOOP('',(#5813,#5814,#5815,#5816));
#5813 = ORIENTED_EDGE('',*,*,#5630,.F.);
#5814 = ORIENTED_EDGE('',*,*,#5700,.T.);
#5815 = ORIENTED_EDGE('',*,*,#5763,.T.);
#5816 = ORIENTED_EDGE('',*,*,#5749,.F.);
#5817 = PLANE('',#5818);
#5818 = AXIS2_PLACEMENT_3D('',#5819,#5820,#5821);
#5819 = CARTESIAN_POINT('',(92.,1.,0.));
#5820 = DIRECTION('',(1.,0.,0.));
#5821 = DIRECTION('',(0.,0.,1.));
#5822 = ADVANCED_FACE('',(#5823),#5828,.T.);
#5823 = FACE_BOUND('',#5824,.T.);
#5824 = EDGE_LOOP('',(#5825,#5826,#5827));
#5825 = ORIENTED_EDGE('',*,*,#5691,.F.);
#5826 = ORIENTED_EDGE('',*,*,#5667,.T.);
#5827 = ORIENTED_EDGE('',*,*,#5769,.F.);
#5828 = SPHERICAL_SURFACE('',#5829,1.2);
#5829 = AXIS2_PLACEMENT_3D('',#5830,#5831,#5832);
#5830 = CARTESIAN_POINT('',(90.8,17.8,1.2));
#5831 = DIRECTION('',(0.,0.,1.));
#5832 = DIRECTION('',(1.,0.,0.));
#5833 = ADVANCED_FACE('',(#5834),#5839,.T.);
#5834 = FACE_BOUND('',#5835,.T.);
#5835 = EDGE_LOOP('',(#5836,#5837,#5838));
#5836 = ORIENTED_EDGE('',*,*,#5777,.F.);
#5837 = ORIENTED_EDGE('',*,*,#5716,.T.);
#5838 = ORIENTED_EDGE('',*,*,#5740,.F.);
#5839 = SPHERICAL_SURFACE('',#5840,1.2);
#5840 = AXIS2_PLACEMENT_3D('',#5841,#5842,#5843);
#5841 = CARTESIAN_POINT('',(90.8,17.8,18.8));
#5842 = DIRECTION('',(0.,-1.,0.));
#5843 = DIRECTION('',(1.,0.,0.));
#5844 = ( GEOMETRIC_REPRESENTATION_CONTEXT(3) 
GLOBAL_UNCERTAINTY_ASSIGNED_CONTEXT((#5848)) 
GLOBAL_UNIT_ASSIGNED_CONTEXT((#5845,#5846,#5847)) REPRESENTATION_CONTEXT
('Context #1','3D Context with UNIT and UNCERTAINTY') );
#5845 = ( LENGTH_UNIT() NAMED_UNIT(*) SI_UNIT(.MILLI.,.METRE.) );
#5846 = ( NAMED_UNIT(*) PLANE_ANGLE_UNIT() SI_UNIT($,.RADIAN.) );
#5847 = ( NAMED_UNIT(*) SI_UNIT($,.STERADIAN.) SOLID_ANGLE_UNIT() );
#5848 = UNCERTAINTY_MEASURE_WITH_UNIT(LENGTH_MEASURE(5.E-07),#5845,
  'distance_accuracy_value','confusion accuracy');
#5849 = PRODUCT_RELATED_PRODUCT_CATEGORY('part',$,(#7));
ENDSEC;
END-ISO-10303-21;
