ISO-10303-21;
HEADER;
FILE_DESCRIPTION(('FreeCAD Model'),'2;1');
FILE_NAME('Open CASCADE Shape Model','2026-08-12T17:05:41',('FreeCAD'),(
    'FreeCAD'),'Open CASCADE STEP processor 7.8','FreeCAD','Unknown');
FILE_SCHEMA(('AUTOMOTIVE_DESIGN { 1 0 10303 214 1 1 1 1 }'));
ENDSEC;
DATA;
#1 = APPLICATION_PROTOCOL_DEFINITION('international standard',
  'automotive_design',2000,#2);
#2 = APPLICATION_CONTEXT(
  'core data for automotive mechanical design processes');
#3 = SHAPE_DEFINITION_REPRESENTATION(#4,#10);
#4 = PRODUCT_DEFINITION_SHAPE('','',#5);
#5 = PRODUCT_DEFINITION('design','',#6,#9);
#6 = PRODUCT_DEFINITION_FORMATION('','',#7);
#7 = PRODUCT('Open CASCADE STEP translator 7.8 1',
  'Open CASCADE STEP translator 7.8 1','',(#8));
#8 = PRODUCT_CONTEXT('',#2,'mechanical');
#9 = PRODUCT_DEFINITION_CONTEXT('part definition',#2,'design');
#10 = SHAPE_REPRESENTATION('',(#11,#15,#1073,#2333,#3692,#3842,#5110,
    #5260,#6528,#6678,#6828,#8096,#8246,#9787,#9937,#10087,#10237,#10387
    ,#13625,#14841),#16222);
#11 = AXIS2_PLACEMENT_3D('',#12,#13,#14);
#12 = CARTESIAN_POINT('',(0.,0.,0.));
#13 = DIRECTION('',(0.,0.,1.));
#14 = DIRECTION('',(1.,0.,-0.));
#15 = MANIFOLD_SOLID_BREP('',#16);
#16 = CLOSED_SHELL('',(#17,#913,#965,#1010));
#17 = ADVANCED_FACE('',(#18,#650),#877,.T.);
#18 = FACE_BOUND('',#19,.T.);
#19 = EDGE_LOOP('',(#20,#358,#412,#422,#447,#457,#458,#649));
#20 = ORIENTED_EDGE('',*,*,#21,.T.);
#21 = EDGE_CURVE('',#22,#24,#26,.T.);
#22 = VERTEX_POINT('',#23);
#23 = CARTESIAN_POINT('',(23.7962461647,96.,-83.17286666034));
#24 = VERTEX_POINT('',#25);
#25 = CARTESIAN_POINT('',(63.811238548926,55.,-23.66184911536));
#26 = B_SPLINE_CURVE_WITH_KNOTS('',8,(#27,#28,#29,#30,#31,#32,#33,#34,
    #35,#36,#37,#38,#39,#40,#41,#42,#43,#44,#45,#46,#47,#48,#49,#50,#51,
    #52,#53,#54,#55,#56,#57,#58,#59,#60,#61,#62,#63,#64,#65,#66,#67,#68,
    #69,#70,#71,#72,#73,#74,#75,#76,#77,#78,#79,#80,#81,#82,#83,#84,#85,
    #86,#87,#88,#89,#90,#91,#92,#93,#94,#95,#96,#97,#98,#99,#100,#101,
    #102,#103,#104,#105,#106,#107,#108,#109,#110,#111,#112,#113,#114,
    #115,#116,#117,#118,#119,#120,#121,#122,#123,#124,#125,#126,#127,
    #128,#129,#130,#131,#132,#133,#134,#135,#136,#137,#138,#139,#140,
    #141,#142,#143,#144,#145,#146,#147,#148,#149,#150,#151,#152,#153,
    #154,#155,#156,#157,#158,#159,#160,#161,#162,#163,#164,#165,#166,
    #167,#168,#169,#170,#171,#172,#173,#174,#175,#176,#177,#178,#179,
    #180,#181,#182,#183,#184,#185,#186,#187,#188,#189,#190,#191,#192,
    #193,#194,#195,#196,#197,#198,#199,#200,#201,#202,#203,#204,#205,
    #206,#207,#208,#209,#210,#211,#212,#213,#214,#215,#216,#217,#218,
    #219,#220,#221,#222,#223,#224,#225,#226,#227,#228,#229,#230,#231,
    #232,#233,#234,#235,#236,#237,#238,#239,#240,#241,#242,#243,#244,
    #245,#246,#247,#248,#249,#250,#251,#252,#253,#254,#255,#256,#257,
    #258,#259,#260,#261,#262,#263,#264,#265,#266,#267,#268,#269,#270,
    #271,#272,#273,#274,#275,#276,#277,#278,#279,#280,#281,#282,#283,
    #284,#285,#286,#287,#288,#289,#290,#291,#292,#293,#294,#295,#296,
    #297,#298,#299,#300,#301,#302,#303,#304,#305,#306,#307,#308,#309,
    #310,#311,#312,#313,#314,#315,#316,#317,#318,#319,#320,#321,#322,
    #323,#324,#325,#326,#327,#328,#329,#330,#331,#332,#333,#334,#335,
    #336,#337,#338,#339,#340,#341,#342,#343,#344,#345,#346,#347,#348,
    #349,#350,#351,#352,#353,#354,#355,#356,#357),.UNSPECIFIED.,.F.,.F.,
  (9,7,7,7,7,7,7,7,7,7,7,7,7,7,7,7,7,7,7,7,7,7,7,7,7,7,7,7,7,7,7,7,7,7,7
    ,7,7,7,7,7,7,7,7,7,7,7,7,9),(0.,3.364728905243E-02,
    4.898641277171E-02,5.594116224265E-02,6.018472046227E-02,
    6.300813911E-02,6.566365213366E-02,6.623549617989E-02,
    6.648041103812E-02,6.688326710448E-02,6.797804448011E-02,
    6.806571818899E-02,6.816801625935E-02,7.165121023479E-02,
    7.382698084136E-02,7.604962174114E-02,7.8458434173E-02,
    8.116115515212E-02,8.496226115183E-02,9.999954455412E-02,
    0.128712911493,0.15923252419,0.16271622303,0.188629705277,
    0.24625019943,0.309640949857,0.321955993115,0.324835400521,
    0.334298877819,0.369546230584,0.399990542742,0.416895018459,
    0.451851444549,0.497741695568,0.521265734885,0.560338228624,
    0.569516396206,0.573233317699,0.576165537499,0.599349516602,
    0.6516942897,0.704416826807,0.75753798383,0.805497639398,
    0.891387346449,0.916430907465,0.965451512406,1.),.UNSPECIFIED.);
#27 = CARTESIAN_POINT('',(23.796246164701,96.,-83.17286666034));
#28 = CARTESIAN_POINT('',(22.345643426825,96.212193656258,
    -83.77696357263));
#29 = CARTESIAN_POINT('',(20.876219290657,96.407902665257,
    -84.34166168436));
#30 = CARTESIAN_POINT('',(19.389255727698,96.587325861067,
    -84.86571675202));
#31 = CARTESIAN_POINT('',(17.886113485839,96.750646279362,
    -85.34796291613));
#32 = CARTESIAN_POINT('',(16.368233680409,96.898028462933,
    -85.78732405872));
#33 = CARTESIAN_POINT('',(14.837145773464,97.02961621817,-86.18282660463
    ));
#34 = CARTESIAN_POINT('',(13.294467106499,97.145531310049,
    -86.53361421437));
#35 = CARTESIAN_POINT('',(11.034154176241,97.291618772746,
    -86.97816983327));
#36 = CARTESIAN_POINT('',(10.324345660573,97.334126033197,
    -87.10792825767));
#37 = CARTESIAN_POINT('',(9.612646701009,97.373407056896,-87.22817714719
    ));
#38 = CARTESIAN_POINT('',(8.89921957499,97.409470674571,-87.33885473698)
  );
#39 = CARTESIAN_POINT('',(8.184241177096,97.442324055849,-87.43990310864
    ));
#40 = CARTESIAN_POINT('',(7.467912171383,97.47197316257,-87.53126981806)
  );
#41 = CARTESIAN_POINT('',(6.750451138828,97.498423120276,-87.61290929977
    ));
#42 = CARTESIAN_POINT('',(5.706453093577,97.532222990268,-87.71737344715
    ));
#43 = CARTESIAN_POINT('',(5.380629069534,97.542109354627,-87.74795121987
    ));
#44 = CARTESIAN_POINT('',(5.054664653662,97.551339503602,-87.77651832965
    ));
#45 = CARTESIAN_POINT('',(4.728588269743,97.559913816285,-87.80307153961
    ));
#46 = CARTESIAN_POINT('',(4.402461456774,97.567831956471,-87.82760580461
    ));
#47 = CARTESIAN_POINT('',(4.076380845546,97.575093286131,-87.85011554884
    ));
#48 = CARTESIAN_POINT('',(3.750487471023,97.581697334113,-87.8705961268)
  );
#49 = CARTESIAN_POINT('',(3.226388135304,97.591273141323,-87.90030315094
    ));
#50 = CARTESIAN_POINT('',(3.02800699826,97.594655893439,-87.91080012703)
  );
#51 = CARTESIAN_POINT('',(2.829843491911,97.597794069218,-87.92054038834
    ));
#52 = CARTESIAN_POINT('',(2.631971813802,97.600687542078,-87.92952297664
    ));
#53 = CARTESIAN_POINT('',(2.434547501385,97.603335410169,-87.93774458176
    ));
#54 = CARTESIAN_POINT('',(2.237820325641,97.605736769782,-87.94520194238
    ));
#55 = CARTESIAN_POINT('',(2.04214506059,97.607891601953,-87.95189460471)
  );
#56 = CARTESIAN_POINT('',(1.71878623827,97.611072825011,-87.96177621317)
  );
#57 = CARTESIAN_POINT('',(1.590293387516,97.612235216769,-87.96538719634
    ));
#58 = CARTESIAN_POINT('',(1.462661284096,97.61328942192,-87.96866235731)
  );
#59 = CARTESIAN_POINT('',(1.336113526176,97.614235851464,-87.97160288643
    ));
#60 = CARTESIAN_POINT('',(1.210925714954,97.615075587234,-87.97421207083
    ));
#61 = CARTESIAN_POINT('',(1.08740305055,97.615810791824,-87.97649656875)
  );
#62 = CARTESIAN_POINT('',(0.96584275474,97.616444874093,-87.97846692397)
  );
#63 = CARTESIAN_POINT('',(0.734218180368,97.61748797658,-87.98170837041)
  );
#64 = CARTESIAN_POINT('',(0.623839139424,97.617908408325,-87.98301491632
    ));
#65 = CARTESIAN_POINT('',(0.515574546683,97.618247161497,-87.98406766663
    ));
#66 = CARTESIAN_POINT('',(0.409485939603,97.618509297226,-87.98488232811
    ));
#67 = CARTESIAN_POINT('',(0.305434350594,97.618700349411,-87.98547608471
    ));
#68 = CARTESIAN_POINT('',(0.203116014341,97.618825179735,-87.98586403769
    ));
#69 = CARTESIAN_POINT('',(0.102125511741,97.618887189651,-87.98605675496
    ));
#70 = CARTESIAN_POINT('',(-1.955348771956E-02,97.61888848895,
    -87.98606079295));
#71 = CARTESIAN_POINT('',(-4.107340904653E-02,97.618885892881,
    -87.98605272477));
#72 = CARTESIAN_POINT('',(-6.255805348733E-02,97.618880489021,
    -87.98603593041));
#73 = CARTESIAN_POINT('',(-8.401211379315E-02,97.618872292267,
    -87.98601045619));
#74 = CARTESIAN_POINT('',(-0.1054402998,97.618861314039,-87.9859763376)
  );
#75 = CARTESIAN_POINT('',(-0.126847338426,97.618847562281,
    -87.98593359935));
#76 = CARTESIAN_POINT('',(-0.148237973678,97.618831041459,
    -87.98588225536));
#77 = CARTESIAN_POINT('',(-0.178773367003,97.618803491329,
    -87.98579663422));
#78 = CARTESIAN_POINT('',(-0.187927622668,97.61879472235,-87.98576938174
    ));
#79 = CARTESIAN_POINT('',(-0.197080103272,97.618785445707,
    -87.98574055153));
#80 = CARTESIAN_POINT('',(-0.206231176219,97.618775661368,
    -87.98571014352));
#81 = CARTESIAN_POINT('',(-0.215381206683,97.618765369193,
    -87.98567815726));
#82 = CARTESIAN_POINT('',(-0.224530557604,97.618754568928,
    -87.98564459197));
#83 = CARTESIAN_POINT('',(-0.233679589694,97.618743260208,
    -87.98560944652));
#84 = CARTESIAN_POINT('',(-0.257877805764,97.618712003907,
    -87.98551230768));
#85 = CARTESIAN_POINT('',(-0.272927050283,97.618691188324,
    -87.98544761674));
#86 = CARTESIAN_POINT('',(-0.287977995003,97.618668993651,
    -87.98537863995));
#87 = CARTESIAN_POINT('',(-0.303032210518,97.618645416994,
    -87.98530536832));
#88 = CARTESIAN_POINT('',(-0.318091237996,97.61862045472,-87.9852277906)
  );
#89 = CARTESIAN_POINT('',(-0.333156589183,97.618594102461,
    -87.98514589321));
#90 = CARTESIAN_POINT('',(-0.348229746399,97.618566355113,
    -87.98505966034));
#91 = CARTESIAN_POINT('',(-0.404299227951,97.618457992183,-87.984722892)
  );
#92 = CARTESIAN_POINT('',(-0.445354242034,97.618368440592,-87.9844445865
    ));
#93 = CARTESIAN_POINT('',(-0.48650681994,97.618268423833,-87.98413375938
    ));
#94 = CARTESIAN_POINT('',(-0.527783960517,97.618157787812,
    -87.98378993246));
#95 = CARTESIAN_POINT('',(-0.56921004631,97.618036352562,-87.98341254729
    ));
#96 = CARTESIAN_POINT('',(-0.610806843563,97.617903912249,
    -87.98300096514));
#97 = CARTESIAN_POINT('',(-0.65259350222,97.617760235167,-87.98255446708
    ));
#98 = CARTESIAN_POINT('',(-0.697949510903,97.617592643064,
    -87.98203365517));
#99 = CARTESIAN_POINT('',(-0.701578129981,97.617579157515,-87.9819917473
    ));
#100 = CARTESIAN_POINT('',(-0.705307085307,97.617565218956,
    -87.98194843169));
#101 = CARTESIAN_POINT('',(-0.709022340973,97.617551250329,
    -87.98190502267));
#102 = CARTESIAN_POINT('',(-0.712661153012,97.617537485658,
    -87.98186224751));
#103 = CARTESIAN_POINT('',(-0.716212069407,97.617523970049,
    -87.98182024637));
#104 = CARTESIAN_POINT('',(-0.719714930081,97.617510559686,
    -87.98177857234));
#105 = CARTESIAN_POINT('',(-0.727398280487,97.617480981169,
    -87.98168665425));
#106 = CARTESIAN_POINT('',(-0.730873778745,97.61746753936,
    -87.98164488256));
#107 = CARTESIAN_POINT('',(-0.734188651564,97.617454639705,
    -87.98160479571));
#108 = CARTESIAN_POINT('',(-0.737654022596,97.617441068449,
    -87.98156262183));
#109 = CARTESIAN_POINT('',(-0.741390849256,97.617426354786,
    -87.98151689787));
#110 = CARTESIAN_POINT('',(-0.745329922725,97.617410770859,
    -87.98146846953));
#111 = CARTESIAN_POINT('',(-0.749211867946,97.61739533176,-87.9814204913
    ));
#112 = CARTESIAN_POINT('',(-0.867513488203,97.616921662877,
    -87.97994852913));
#113 = CARTESIAN_POINT('',(-0.987438912268,97.616361176376,
    -87.97820681766));
#114 = CARTESIAN_POINT('',(-1.111706979879,97.61569077242,
    -87.97612360505));
#115 = CARTESIAN_POINT('',(-1.239526455487,97.614903077058,
    -87.97367602416));
#116 = CARTESIAN_POINT('',(-1.370070855749,97.613994272364,
    -87.97085227669));
#117 = CARTESIAN_POINT('',(-1.502619589252,97.612963369667,
    -87.96764937255));
#118 = CARTESIAN_POINT('',(-1.636660116601,97.611810475203,
    -87.9640677377));
#119 = CARTESIAN_POINT('',(-1.856329516274,97.609738495804,
    -87.9576314246));
#120 = CARTESIAN_POINT('',(-1.941237409119,97.608894158663,
    -87.95500873862));
#121 = CARTESIAN_POINT('',(-2.026513638589,97.608002060871,
    -87.95223784673));
#122 = CARTESIAN_POINT('',(-2.11209005738,97.607062248953,
    -87.94931892272));
#123 = CARTESIAN_POINT('',(-2.19791071732,97.606074827887,
    -87.94625232408));
#124 = CARTESIAN_POINT('',(-2.283931612569,97.60503991155,
    -87.94303843814));
#125 = CARTESIAN_POINT('',(-2.370120422815,97.603957573173,
    -87.93967752812));
#126 = CARTESIAN_POINT('',(-2.544651930452,97.60167368097,-87.9325860627
    ));
#127 = CARTESIAN_POINT('',(-2.632994764563,97.600470142635,
    -87.92884935676));
#128 = CARTESIAN_POINT('',(-2.721458435573,97.599217229027,
    -87.9249596516));
#129 = CARTESIAN_POINT('',(-2.810020901617,97.597915007453,
    -87.92091719896));
#130 = CARTESIAN_POINT('',(-2.898664143006,97.596563550585,
    -87.91672226953));
#131 = CARTESIAN_POINT('',(-2.987373903041,97.595162922765,
    -87.91237511046));
#132 = CARTESIAN_POINT('',(-3.076139428828,97.593713166299,
    -87.90787590277));
#133 = CARTESIAN_POINT('',(-3.261206162957,97.590589861367,
    -87.89818394625));
#134 = CARTESIAN_POINT('',(-3.357513728909,97.588907774566,
    -87.89296478148));
#135 = CARTESIAN_POINT('',(-3.453865146436,97.587168063118,
    -87.88756740178));
#136 = CARTESIAN_POINT('',(-3.550251335787,97.585370766772,
    -87.88199199989));
#137 = CARTESIAN_POINT('',(-3.646664783794,97.583515924052,
    -87.87623876796));
#138 = CARTESIAN_POINT('',(-3.743099426695,97.581603567033,
    -87.87030788126));
#139 = CARTESIAN_POINT('',(-3.839550532969,97.579633716125,
    -87.86419948207));
#140 = CARTESIAN_POINT('',(-4.04424859264,97.57533166997,-87.8508608882)
  );
#141 = CARTESIAN_POINT('',(-4.152498078576,97.572984607121,
    -87.84358481129));
#142 = CARTESIAN_POINT('',(-4.260757643101,97.570565203889,
    -87.83608560328));
#143 = CARTESIAN_POINT('',(-4.369022655801,97.568073478355,
    -87.82836344128));
#144 = CARTESIAN_POINT('',(-4.477289200753,97.565509446592,
    -87.8204185012));
#145 = CARTESIAN_POINT('',(-4.585554020567,97.562873120149,
    -87.81225094992));
#146 = CARTESIAN_POINT('',(-4.69381446043,97.560164503544,
    -87.80386093754));
#147 = CARTESIAN_POINT('',(-4.954316738437,97.553472518382,
    -87.78313618648));
#148 = CARTESIAN_POINT('',(-5.10655154131,97.549418465834,
    -87.77058406766));
#149 = CARTESIAN_POINT('',(-5.258766747152,97.545221429779,
    -87.75759261229));
#150 = CARTESIAN_POINT('',(-5.410957094833,97.54088140528,
    -87.74416221714));
#151 = CARTESIAN_POINT('',(-5.563118064747,97.536398383373,
    -87.73029328601));
#152 = CARTESIAN_POINT('',(-5.715245807844,97.531772347646,
    -87.71598621908));
#153 = CARTESIAN_POINT('',(-5.867337074667,97.527003270824,
    -87.70124140232));
#154 = CARTESIAN_POINT('',(-6.620911455277,97.50265846931,
    -87.62599796195));
#155 = CARTESIAN_POINT('',(-7.221800537411,97.480987205058,
    -87.55909351523));
#156 = CARTESIAN_POINT('',(-7.821902377496,97.457074594627,
    -87.48536774151));
#157 = CARTESIAN_POINT('',(-8.421090214878,97.430917705427,
    -87.40484662709));
#158 = CARTESIAN_POINT('',(-9.019247535444,97.402513171428,
    -87.31755947822));
#159 = CARTESIAN_POINT('',(-9.616269296723,97.371857019185,
    -87.22353829337));
#160 = CARTESIAN_POINT('',(-10.21205838864,97.338944485975,
    -87.12281710255));
#161 = CARTESIAN_POINT('',(-11.94164893608,97.236604618001,
    -86.81038056496));
#162 = CARTESIAN_POINT('',(-13.07192797367,97.161193000035,
    -86.58103465939));
#163 = CARTESIAN_POINT('',(-14.19668756164,97.077499098925,
    -86.32765253034));
#164 = CARTESIAN_POINT('',(-15.31528247835,96.985480999721,
    -86.05053235773));
#165 = CARTESIAN_POINT('',(-16.42709151059,96.885090612428,
    -85.75000815045));
#166 = CARTESIAN_POINT('',(-17.53151748713,96.776273866992,
    -85.42644678454));
#167 = CARTESIAN_POINT('',(-18.62798547712,96.658971112192,
    -85.08024535953));
#168 = CARTESIAN_POINT('',(-20.87233859331,96.399347267073,
    -84.32023662464));
#169 = CARTESIAN_POINT('',(-22.01912384456,96.255916018379,
    -83.90354490387));
#170 = CARTESIAN_POINT('',(-23.15563417459,96.102746109403,
    -83.46226355435));
#171 = CARTESIAN_POINT('',(-24.28124105556,95.939752342012,
    -82.99693530423));
#172 = CARTESIAN_POINT('',(-25.3953495766,95.766842450624,-82.5081312731
    ));
#173 = CARTESIAN_POINT('',(-26.49739674387,95.583917475261,
    -81.99644694303));
#174 = CARTESIAN_POINT('',(-27.58684998745,95.390872184831,
    -81.46249853484));
#175 = CARTESIAN_POINT('',(-28.78606784549,95.164392288299,
    -80.8435025681));
#176 = CARTESIAN_POINT('',(-28.90886625071,95.141035494502,
    -80.77974824382));
#177 = CARTESIAN_POINT('',(-29.03160044789,95.117524478101,
    -80.71565657379));
#178 = CARTESIAN_POINT('',(-29.15426898424,95.093858696597,
    -80.65122773838));
#179 = CARTESIAN_POINT('',(-29.27687082459,95.070037524516,
    -80.58646170797));
#180 = CARTESIAN_POINT('',(-29.39940503953,95.046060312068,
    -80.52135840352));
#181 = CARTESIAN_POINT('',(-29.52187032664,95.02192647529,-80.4559179433
    ));
#182 = CARTESIAN_POINT('',(-30.55470359677,94.816945963337,
    -79.90085325739));
#183 = CARTESIAN_POINT('',(-31.45534275427,94.628731450048,
    -79.39609577369));
#184 = CARTESIAN_POINT('',(-32.34588092224,94.432919919683,
    -78.87626762876));
#185 = CARTESIAN_POINT('',(-33.22603176982,94.229436250222,-78.341776342
    ));
#186 = CARTESIAN_POINT('',(-34.09552411519,94.018202148678,
    -77.7930358147));
#187 = CARTESIAN_POINT('',(-34.95410111809,93.799136202814,
    -77.23046500458));
#188 = CARTESIAN_POINT('',(-35.8015194722,93.572153932861,
    -76.65448660026));
#189 = CARTESIAN_POINT('',(-38.49651963866,92.814659416474,
    -74.75592877395));
#190 = CARTESIAN_POINT('',(-40.29912653736,92.252592114534,
    -73.38217975246));
#191 = CARTESIAN_POINT('',(-42.04290606651,91.649990240108,
    -71.94891424023));
#192 = CARTESIAN_POINT('',(-43.72562525382,91.005811077919,
    -70.46086321985));
#193 = CARTESIAN_POINT('',(-45.34525538935,90.318959420137,
    -68.92281809515));
#194 = CARTESIAN_POINT('',(-46.89994193456,89.588288409619,
    -67.33959764857));
#195 = CARTESIAN_POINT('',(-48.38797033308,88.812586700984,
    -65.71601690811));
#196 = CARTESIAN_POINT('',(-51.3696630286,87.086196675364,
    -62.23154666767));
#197 = CARTESIAN_POINT('',(-52.84878801428,86.125866964472,
    -60.36338522633));
#198 = CARTESIAN_POINT('',(-54.24306977551,85.107803865322,
    -58.45866089203));
#199 = CARTESIAN_POINT('',(-55.55033293956,84.030243214286,
    -56.52390191263));
#200 = CARTESIAN_POINT('',(-56.76831004356,82.891449343968,
    -54.56589246232));
#201 = CARTESIAN_POINT('',(-57.89465609035,81.689729584423,
    -52.59167554584));
#202 = CARTESIAN_POINT('',(-58.92692728217,80.423429547274,
    -50.60854383669));
#203 = CARTESIAN_POINT('',(-60.04428406515,78.832037852046,
    -48.23848089166));
#204 = CARTESIAN_POINT('',(-60.22239247292,78.570671625098,
    -47.85289725132));
#205 = CARTESIAN_POINT('',(-60.39682941642,78.306799777317,
    -47.46732449227));
#206 = CARTESIAN_POINT('',(-60.56757484546,78.040411989416,
    -47.08182033244));
#207 = CARTESIAN_POINT('',(-60.73460839868,77.771498357358,
    -46.69644324359));
#208 = CARTESIAN_POINT('',(-60.89790940354,77.500049392358,
    -46.31125245127));
#209 = CARTESIAN_POINT('',(-61.05745687634,77.226056020884,
    -45.92630793491));
#210 = CARTESIAN_POINT('',(-61.24965106966,76.884849655513,
    -45.45173748331));
#211 = CARTESIAN_POINT('',(-61.28586625316,76.820050160859,
    -45.36182132764));
#212 = CARTESIAN_POINT('',(-61.32187480283,76.75511098675,-45.2719227316
    ));
#213 = CARTESIAN_POINT('',(-61.35767644438,76.690032027443,
    -45.1820424776));
#214 = CARTESIAN_POINT('',(-61.39327090167,76.624813180554,
    -45.09218135288));
#215 = CARTESIAN_POINT('',(-61.42865789929,76.559454342226,
    -45.00234014298));
#216 = CARTESIAN_POINT('',(-61.46383716508,76.493955402292,
    -44.91251962505));
#217 = CARTESIAN_POINT('',(-61.61374520262,76.212586175922,
    -44.5275864329));
#218 = CARTESIAN_POINT('',(-61.72643515424,75.995341611882,
    -44.23268423815));
#219 = CARTESIAN_POINT('',(-61.8368684463,75.776578916481,
    -43.93804199587));
#220 = CARTESIAN_POINT('',(-61.94503513066,75.556294692038,
    -43.6436880369));
#221 = CARTESIAN_POINT('',(-62.05092515235,75.334485774021,
    -43.34965100403));
#222 = CARTESIAN_POINT('',(-62.15452834953,75.111149231049,
    -43.05595985204));
#223 = CARTESIAN_POINT('',(-62.25583445353,74.886282364893,
    -42.76264384764));
#224 = CARTESIAN_POINT('',(-62.72356011131,73.81664209444,
    -41.37876496061));
#225 = CARTESIAN_POINT('',(-63.06027308989,72.952147713343,
    -40.29342396574));
#226 = CARTESIAN_POINT('',(-63.36444328163,72.066260933307,
    -39.2152205237));
#227 = CARTESIAN_POINT('',(-63.63551411307,71.158906975709,
    -38.14574588257));
#228 = CARTESIAN_POINT('',(-63.8729102014,70.230083442657,
    -37.08666642437));
#229 = CARTESIAN_POINT('',(-64.07604632207,69.279871237567,
    -36.03971636117));
#230 = CARTESIAN_POINT('',(-64.24433632305,68.308447880832,
    -35.00668830263));
#231 = CARTESIAN_POINT('',(-64.49196248171,66.458982099365,
    -33.11077465342));
#232 = CARTESIAN_POINT('',(-64.58029421591,65.586261293874,
    -32.24389461898));
#233 = CARTESIAN_POINT('',(-64.64182441733,64.698135661367,
    -31.38997422888));
#234 = CARTESIAN_POINT('',(-64.67618572381,63.794873234607,
    -30.55024077779));
#235 = CARTESIAN_POINT('',(-64.6830228692,62.876822859318,
    -29.72594799926));
#236 = CARTESIAN_POINT('',(-64.66200110804,61.944423685504,
    -28.91836581164));
#237 = CARTESIAN_POINT('',(-64.61281637785,60.998216512657,
    -28.1287680285));
#238 = CARTESIAN_POINT('',(-64.49211403122,59.506164069187,
    -26.93067431943));
#239 = CARTESIAN_POINT('',(-64.44025716187,58.96941512628,
    -26.50886416514));
#240 = CARTESIAN_POINT('',(-64.379591923,58.428722658779,-26.0932039921)
  );
#241 = CARTESIAN_POINT('',(-64.31007755921,57.884208917623,
    -25.68390837101));
#242 = CARTESIAN_POINT('',(-64.23167788312,57.336006475288,
    -25.28118913289));
#243 = CARTESIAN_POINT('',(-64.1443619309,56.784258795039,
    -24.88525448032));
#244 = CARTESIAN_POINT('',(-64.04810461785,56.229120800178,
    -24.49630809861));
#245 = CARTESIAN_POINT('',(-63.72531079478,54.516135221575,
    -23.32511474292));
#246 = CARTESIAN_POINT('',(-63.46940980171,53.347668851439,
    -22.56637165551));
#247 = CARTESIAN_POINT('',(-63.17502651185,52.166901820384,
    -21.84012287765));
#248 = CARTESIAN_POINT('',(-62.84212303657,50.975516175567,
    -21.14800443152));
#249 = CARTESIAN_POINT('',(-62.47078603188,49.775345968237,
    -20.49146138021));
#250 = CARTESIAN_POINT('',(-62.06124179879,48.568387359516,
    -19.87172137392));
#251 = CARTESIAN_POINT('',(-61.61388195382,47.356807387529,
    -19.28976485042));
#252 = CARTESIAN_POINT('',(-60.49314790402,44.54942014362,-18.0328288781
    ));
#253 = CARTESIAN_POINT('',(-59.79269117582,42.95157853492,
    -17.38551608685));
#254 = CARTESIAN_POINT('',(-59.02929669898,41.354915440683,
    -16.80607494876));
#255 = CARTESIAN_POINT('',(-58.20468961331,39.764757087872,
    -16.29504759213));
#256 = CARTESIAN_POINT('',(-57.32087521527,38.186270814387,
    -15.85191113106));
#257 = CARTESIAN_POINT('',(-56.38009554453,36.624451739882,
    -15.47519002195));
#258 = CARTESIAN_POINT('',(-55.38482032594,35.084092352534,
    -15.16256648677));
#259 = CARTESIAN_POINT('',(-53.80103945909,32.793452496017,
    -14.78202661264));
#260 = CARTESIAN_POINT('',(-53.25065987553,32.023942206168,
    -14.66909599579));
#261 = CARTESIAN_POINT('',(-52.68697020765,31.261780258046,
    -14.57178413953));
#262 = CARTESIAN_POINT('',(-52.11030551666,30.507506503292,
    -14.48962917037));
#263 = CARTESIAN_POINT('',(-51.52099727983,29.76162534829,
    -14.42212715786));
#264 = CARTESIAN_POINT('',(-50.91937143649,29.024606573095,
    -14.36873891823));
#265 = CARTESIAN_POINT('',(-50.30574643424,28.296886150363,
    -14.32889681802));
#266 = CARTESIAN_POINT('',(-48.64180771199,26.386265881025,
    -14.25735616138));
#267 = CARTESIAN_POINT('',(-47.57095305199,25.220451325509,
    -14.24844625468));
#268 = CARTESIAN_POINT('',(-46.46925228883,24.0832287464,-14.27257555812
    ));
#269 = CARTESIAN_POINT('',(-45.33802838262,22.976177161413,
    -14.32687538059));
#270 = CARTESIAN_POINT('',(-44.17853251003,21.900663099842,
    -14.40838338265));
#271 = CARTESIAN_POINT('',(-42.99193163958,20.857856801531,
    -14.51410168308));
#272 = CARTESIAN_POINT('',(-41.77929343219,19.84875077228,-14.6410443289
    ));
#273 = CARTESIAN_POINT('',(-40.25082563966,18.64525321942,
    -14.82038874072));
#274 = CARTESIAN_POINT('',(-39.95870034165,18.418232815546,
    -14.85551223083));
#275 = CARTESIAN_POINT('',(-39.66520552499,18.193130733953,
    -14.89160639135));
#276 = CARTESIAN_POINT('',(-39.3703539789,17.969957891912,
    -14.92863317326));
#277 = CARTESIAN_POINT('',(-39.07415832947,17.748724874086,
    -14.96655468608));
#278 = CARTESIAN_POINT('',(-38.77663103964,17.529441932524,
    -15.00533319785));
#279 = CARTESIAN_POINT('',(-38.47778440919,17.312118986665,
    -15.04493113518));
#280 = CARTESIAN_POINT('',(-38.05607592977,17.009553198915,
    -15.10166413853));
#281 = CARTESIAN_POINT('',(-37.94009131178,16.926812990963,
    -15.11736646397));
#282 = CARTESIAN_POINT('',(-37.82546971739,16.845450558147,
    -15.13296712043));
#283 = CARTESIAN_POINT('',(-37.70957696877,16.763589262361,
    -15.14882103844));
#284 = CARTESIAN_POINT('',(-37.59137261481,16.68053225376,
    -15.16507582993));
#285 = CARTESIAN_POINT('',(-37.4714308323,16.596724455783,
    -15.18165860006));
#286 = CARTESIAN_POINT('',(-37.351961327,16.513714550193,-15.19826275899
    ));
#287 = CARTESIAN_POINT('',(-37.14600514549,16.371323752829,
    -15.22701398263));
#288 = CARTESIAN_POINT('',(-37.05506566236,16.308708693955,
    -15.23975531011));
#289 = CARTESIAN_POINT('',(-36.96401209543,16.246272022375,
    -15.25255782798));
#290 = CARTESIAN_POINT('',(-36.87284475242,16.184013972166,
    -15.26542055015));
#291 = CARTESIAN_POINT('',(-36.78156393873,16.121934774587,
    -15.27834249259));
#292 = CARTESIAN_POINT('',(-36.69016995748,16.060034658076,
    -15.29132267329));
#293 = CARTESIAN_POINT('',(-36.59866310949,15.998313848252,
    -15.30436011229));
#294 = CARTESIAN_POINT('',(-35.78264279675,15.450188401709,
    -15.42098103246));
#295 = CARTESIAN_POINT('',(-35.05120803958,14.974829672006,
    -15.52802613415));
#296 = CARTESIAN_POINT('',(-34.3128924676,14.510810146022,
    -15.63810495662));
#297 = CARTESIAN_POINT('',(-33.56784889997,14.058238093768,
    -15.75074031734));
#298 = CARTESIAN_POINT('',(-32.81622993223,13.617216536356,
    -15.86546303401));
#299 = CARTESIAN_POINT('',(-32.05818793937,13.187843494304,
    -15.98181292714));
#300 = CARTESIAN_POINT('',(-31.29387507885,12.770212235839,
    -16.09933982271));
#301 = CARTESIAN_POINT('',(-28.78396284817,11.448195071931,
    -16.48462266712));
#302 = CARTESIAN_POINT('',(-27.01331826936,10.59230107063,
    -16.75539721534));
#303 = CARTESIAN_POINT('',(-25.21320813133,9.797723658652,
    -17.02488221502));
#304 = CARTESIAN_POINT('',(-23.38547575464,9.065431244726,
    -17.28829036858));
#305 = CARTESIAN_POINT('',(-21.53212413808,8.396347923465,
    -17.54114885659));
#306 = CARTESIAN_POINT('',(-19.65533017236,7.791338027143,
    -17.77935976824));
#307 = CARTESIAN_POINT('',(-17.75745813572,7.251193814722,
    -17.99926517103));
#308 = CARTESIAN_POINT('',(-13.91085655682,6.298633874321,-18.397600633)
  );
#309 = CARTESIAN_POINT('',(-11.96180994888,5.887154804289,
    -18.57572436053));
#310 = CARTESIAN_POINT('',(-9.996704425431,5.54295899207,-18.72885286795
    ));
#311 = CARTESIAN_POINT('',(-8.018457421802,5.266677938192,
    -18.85428755568));
#312 = CARTESIAN_POINT('',(-6.030134499934,5.058813217128,-18.9499354125
    ));
#313 = CARTESIAN_POINT('',(-4.034953024332,4.919727856142,
    -19.01436407281));
#314 = CARTESIAN_POINT('',(-2.036287045117,4.849620615517,
    -19.04684287743));
#315 = CARTESIAN_POINT('',(1.976051210968,4.8473369186,-19.04790086526)
  );
#316 = CARTESIAN_POINT('',(3.989943041537,4.916207209987,-19.01599512971
    ));
#317 = CARTESIAN_POINT('',(6.000382685415,5.055109149064,-18.95163642752
    ));
#318 = CARTESIAN_POINT('',(8.003917723613,5.263843922674,-18.8555597875)
  );
#319 = CARTESIAN_POINT('',(9.997256461719,5.542043376405,-18.72922392644
    ));
#320 = CARTESIAN_POINT('',(11.977262916086,5.889196681287,
    -18.57476890655));
#321 = CARTESIAN_POINT('',(13.940953060832,6.304659090561,
    -18.39495909479));
#322 = CARTESIAN_POINT('',(17.641091023122,7.223697541097,
    -18.01087622839));
#323 = CARTESIAN_POINT('',(19.381132615727,7.714803641512,
    -17.81067262546));
#324 = CARTESIAN_POINT('',(21.103637708606,8.260414178427,
    -17.59492838815));
#325 = CARTESIAN_POINT('',(22.806772346339,8.859924023154,-17.3664299113
    ));
#326 = CARTESIAN_POINT('',(24.488839246546,9.512677521804,
    -17.12827712416));
#327 = CARTESIAN_POINT('',(26.148268783961,10.217977623071,
    -16.88384112814));
#328 = CARTESIAN_POINT('',(27.783609734953,10.975096439643,
    -16.63672456004));
#329 = CARTESIAN_POINT('',(32.276666066979,13.230655259953,
    -15.95016992453));
#330 = CARTESIAN_POINT('',(35.076615318157,14.8410044512,-15.51344709267
    ));
#331 = CARTESIAN_POINT('',(37.787790423742,16.610714299966,
    -15.10206259837));
#332 = CARTESIAN_POINT('',(40.402761091713,18.535297756463,
    -14.7398623672));
#333 = CARTESIAN_POINT('',(42.912907953343,20.608452872392,-14.45263842)
  );
#334 = CARTESIAN_POINT('',(45.308730357445,22.8215102486,-14.2671138648)
  );
#335 = CARTESIAN_POINT('',(47.579931051739,25.163125283944,
    -14.20946434312));
#336 = CARTESIAN_POINT('',(50.338070252972,28.33516227753,
    -14.33096253908));
#337 = CARTESIAN_POINT('',(50.949101235867,29.060876702567,
    -14.3712861367));
#338 = CARTESIAN_POINT('',(51.548197802765,29.795807150323,
    -14.42508717249));
#339 = CARTESIAN_POINT('',(52.135044631365,30.539520747553,
    -14.49292649058));
#340 = CARTESIAN_POINT('',(52.709319091872,31.291551288928,
    -14.57533668408));
#341 = CARTESIAN_POINT('',(53.270693168717,32.051398440199,
    -14.67281540339));
#342 = CARTESIAN_POINT('',(53.818835382291,32.818526941352,
    -14.78581866443));
#343 = CARTESIAN_POINT('',(55.399801444748,35.107088564711,
    -15.16713433527));
#344 = CARTESIAN_POINT('',(56.394379791327,36.647755599609,
    -15.48059545791));
#345 = CARTESIAN_POINT('',(57.334424287499,38.209816023997,
    -15.85818046043));
#346 = CARTESIAN_POINT('',(58.217467493092,39.78847159014,
    -16.30219656641));
#347 = CARTESIAN_POINT('',(59.041271840198,41.378724427392,
    -16.81410775064));
#348 = CARTESIAN_POINT('',(59.803837961705,42.975407603108,
    -17.39442537202));
#349 = CARTESIAN_POINT('',(60.503447498853,44.573198510109,
    -18.04259697615));
#350 = CARTESIAN_POINT('',(61.586479005339,47.289614925672,
    -19.26031117074));
#351 = CARTESIAN_POINT('',(62.002343393125,48.410622214464,
    -19.79665393104));
#352 = CARTESIAN_POINT('',(62.38587105713,49.527791407145,
    -20.36536730931));
#353 = CARTESIAN_POINT('',(62.736743729917,50.639402768761,
    -20.96569148821));
#354 = CARTESIAN_POINT('',(63.054763888095,51.743857881045,
    -21.59668250102));
#355 = CARTESIAN_POINT('',(63.339837929797,52.839674188577,
    -22.25723167744));
#356 = CARTESIAN_POINT('',(63.591966012177,53.925478579387,
    -22.94608310633));
#357 = CARTESIAN_POINT('',(63.811238548926,55.,-23.66184911536));
#358 = ORIENTED_EDGE('',*,*,#359,.T.);
#359 = EDGE_CURVE('',#24,#22,#360,.T.);
#360 = B_SPLINE_CURVE_WITH_KNOTS('',8,(#361,#362,#363,#364,#365,#366,
    #367,#368,#369,#370,#371,#372,#373,#374,#375,#376,#377,#378,#379,
    #380,#381,#382,#383,#384,#385,#386,#387,#388,#389,#390,#391,#392,
    #393,#394,#395,#396,#397,#398,#399,#400,#401,#402,#403,#404,#405,
    #406,#407,#408,#409,#410,#411),.UNSPECIFIED.,.F.,.F.,(9,7,7,7,7,7,7,
    9),(0.,0.205936658443,0.324886090762,0.345993344316,0.40944949901,
    0.625110623454,0.867842316436,1.),.UNSPECIFIED.);
#361 = CARTESIAN_POINT('',(63.811238548926,55.,-23.66184911536));
#362 = CARTESIAN_POINT('',(64.197905089977,56.894817306712,
    -24.92403498915));
#363 = CARTESIAN_POINT('',(64.482461473011,58.754836185656,
    -26.27010568851));
#364 = CARTESIAN_POINT('',(64.665355533634,60.573092319875,
    -27.6925103804));
#365 = CARTESIAN_POINT('',(64.74805554071,62.344440356321,-29.1829803314
    ));
#366 = CARTESIAN_POINT('',(64.732575581435,64.065166855485,
    -30.73300979003));
#367 = CARTESIAN_POINT('',(64.621239528846,65.732719548646,
    -32.33418365934));
#368 = CARTESIAN_POINT('',(64.416539860351,67.345512175272,
    -33.97840788968));
#369 = CARTESIAN_POINT('',(63.950212933293,69.802236248526,
    -36.62829110182));
#370 = CARTESIAN_POINT('',(63.749154671051,70.683177725272,
    -37.6103161485));
#371 = CARTESIAN_POINT('',(63.518247605855,71.545448814301,
    -38.60272101809));
#372 = CARTESIAN_POINT('',(63.257966471941,72.38897999492,
    -39.60409426784));
#373 = CARTESIAN_POINT('',(62.968780571836,73.213764611557,
    -40.61307034732));
#374 = CARTESIAN_POINT('',(62.651148407158,74.019851470483,
    -41.62833429028));
#375 = CARTESIAN_POINT('',(62.305512309422,74.807337436522,
    -42.64862640656));
#376 = CARTESIAN_POINT('',(61.866066323734,75.712821023188,
    -43.85447436539));
#377 = CARTESIAN_POINT('',(61.798971142175,75.848700466618,
    -44.0363220269));
#378 = CARTESIAN_POINT('',(61.731009936689,75.983999027253,
    -44.21828310001));
#379 = CARTESIAN_POINT('',(61.662184992704,76.118717606462,
    -44.4003510476));
#380 = CARTESIAN_POINT('',(61.592498802212,76.252856730845,
    -44.58251881666));
#381 = CARTESIAN_POINT('',(61.521953510926,76.386417562336,
    -44.7647802311));
#382 = CARTESIAN_POINT('',(61.450551622477,76.519400608501,
    -44.94712821604));
#383 = CARTESIAN_POINT('',(61.161066291993,77.049869314888,
    -45.6780031457));
#384 = CARTESIAN_POINT('',(60.93611496492,77.442718805748,
    -46.22717512394));
#385 = CARTESIAN_POINT('',(60.703503779911,77.830379900026,
    -46.77689459764));
#386 = CARTESIAN_POINT('',(60.463293918698,78.21287868474,-47.3269867462
    ));
#387 = CARTESIAN_POINT('',(60.215545279845,78.590242911376,
    -47.87727983176));
#388 = CARTESIAN_POINT('',(59.96031647875,78.962501995883,
    -48.42760519917));
#389 = CARTESIAN_POINT('',(59.697664847648,79.329687018681,-48.977797276
    ));
#390 = CARTESIAN_POINT('',(58.509965718911,80.922606492349,
    -51.39656288586));
#391 = CARTESIAN_POINT('',(57.507258105726,82.095066960555,
    -53.26188751324));
#392 = CARTESIAN_POINT('',(56.421653795214,83.210609923536,
    -55.11745984228));
#393 = CARTESIAN_POINT('',(55.255169052331,84.270636922561,
    -56.95724470043));
#394 = CARTESIAN_POINT('',(54.009746824624,85.27657186535,
    -58.77539416692));
#395 = CARTESIAN_POINT('',(52.687272778196,86.229865711381,
    -60.56625421564));
#396 = CARTESIAN_POINT('',(51.289566752866,87.131987223096,
    -62.32436318879));
#397 = CARTESIAN_POINT('',(48.162459780275,88.943810124616,
    -65.98043145808));
#398 = CARTESIAN_POINT('',(46.41365697111,89.840129520112,
    -67.86799947158));
#399 = CARTESIAN_POINT('',(44.574470699871,90.675448279475,
    -69.6995942607));
#400 = CARTESIAN_POINT('',(42.647630023042,91.451673105406,
    -71.46757747149));
#401 = CARTESIAN_POINT('',(40.636147943126,92.170588407149,
    -73.16429106257));
#402 = CARTESIAN_POINT('',(38.54339834776,92.833884137583,
    -74.78213139827));
#403 = CARTESIAN_POINT('',(36.373185507555,93.443150153553,
    -76.31363064964));
#404 = CARTESIAN_POINT('',(32.908376012398,94.302930972197,
    -78.53443262361));
#405 = CARTESIAN_POINT('',(31.665286511537,94.590431530178,
    -79.28955920151));
#406 = CARTESIAN_POINT('',(30.401255795918,94.862569168947,
    -80.01574443142));
#407 = CARTESIAN_POINT('',(29.117057790297,95.119562093696,
    -80.71182479523));
#408 = CARTESIAN_POINT('',(27.813525910512,95.361616012577,
    -81.37666131379));
#409 = CARTESIAN_POINT('',(26.491557304165,95.588923582901,
    -82.00914780868));
#410 = CARTESIAN_POINT('',(25.152117599817,95.801663610176,
    -82.60822017429));
#411 = CARTESIAN_POINT('',(23.7962461647,96.,-83.17286666034));
#412 = ORIENTED_EDGE('',*,*,#413,.T.);
#413 = EDGE_CURVE('',#22,#414,#416,.T.);
#414 = VERTEX_POINT('',#415);
#415 = CARTESIAN_POINT('',(73.227905089738,96.,-17.69133721839));
#416 = ( BOUNDED_CURVE() B_SPLINE_CURVE(2,(#417,#418,#419,#420,#421),
.UNSPECIFIED.,.F.,.F.) B_SPLINE_CURVE_WITH_KNOTS((3,2,3),(4.712388980385
,6.28318530718,7.853981633974),.PIECEWISE_BEZIER_KNOTS.) CURVE() 
GEOMETRIC_REPRESENTATION_ITEM() RATIONAL_B_SPLINE_CURVE((1.,
0.707106781187,1.,0.707106781187,1.)) REPRESENTATION_ITEM('') );
#417 = CARTESIAN_POINT('',(-1.396E-14,96.,-88.));
#418 = CARTESIAN_POINT('',(76.,96.,-88.));
#419 = CARTESIAN_POINT('',(76.,96.,8.));
#420 = CARTESIAN_POINT('',(76.,96.,104.));
#421 = CARTESIAN_POINT('',(2.327E-14,96.,104.));
#422 = ORIENTED_EDGE('',*,*,#423,.T.);
#423 = EDGE_CURVE('',#414,#424,#426,.T.);
#424 = VERTEX_POINT('',#425);
#425 = CARTESIAN_POINT('',(75.555786037623,96.,-2.364300681749));
#426 = B_SPLINE_CURVE_WITH_KNOTS('',7,(#427,#428,#429,#430,#431,#432,
    #433,#434,#435,#436,#437,#438,#439,#440,#441,#442,#443,#444,#445,
    #446),.UNSPECIFIED.,.F.,.F.,(8,6,6,8),(0.,0.325466785379,
    0.652052097693,1.),.UNSPECIFIED.);
#427 = CARTESIAN_POINT('',(73.227905089737,96.,-17.69133721839));
#428 = CARTESIAN_POINT('',(73.376163543786,95.754277910294,
    -17.01708146161));
#429 = CARTESIAN_POINT('',(73.521721835059,95.542242487226,
    -16.33006850974));
#430 = CARTESIAN_POINT('',(73.663992501449,95.361443879133,
    -15.63304926244));
#431 = CARTESIAN_POINT('',(73.802507831315,95.210011245403,
    -14.92828242222));
#432 = CARTESIAN_POINT('',(73.936914357807,95.086343661189,
    -14.21760742689));
#433 = CARTESIAN_POINT('',(74.066957568364,94.98911758812,
    -13.50244055991));
#434 = CARTESIAN_POINT('',(74.318399679425,94.845212919211,
    -12.06263466495));
#435 = CARTESIAN_POINT('',(74.439734749316,94.798727802498,
    -11.33815818525));
#436 = CARTESIAN_POINT('',(74.556276665174,94.776769220017,
    -10.61145735096));
#437 = CARTESIAN_POINT('',(74.66785823255,94.778571856722,
    -9.883567514923));
#438 = CARTESIAN_POINT('',(74.774339201609,94.803591957941,
    -9.155446347845));
#439 = CARTESIAN_POINT('',(74.875603935217,94.851494083945,
    -8.427974095251));
#440 = CARTESIAN_POINT('',(75.073780608341,94.997534315733,
    -6.928441144156));
#441 = CARTESIAN_POINT('',(75.169955235849,95.098740502067,
    -6.156722149457));
#442 = CARTESIAN_POINT('',(75.259968324697,95.225707953917,
    -5.387728295298));
#443 = CARTESIAN_POINT('',(75.343691995621,95.378647761997,
    -4.622582230529));
#444 = CARTESIAN_POINT('',(75.420994455154,95.558036502688,
    -3.862587445809));
#445 = CARTESIAN_POINT('',(75.491741614676,95.7646944505,-3.109245615323
    ));
#446 = CARTESIAN_POINT('',(75.555786037624,96.,-2.364300681748));
#447 = ORIENTED_EDGE('',*,*,#448,.T.);
#448 = EDGE_CURVE('',#424,#449,#451,.T.);
#449 = VERTEX_POINT('',#450);
#450 = CARTESIAN_POINT('',(5.E-15,96.,104.));
#451 = ( BOUNDED_CURVE() B_SPLINE_CURVE(2,(#452,#453,#454,#455,#456),
.UNSPECIFIED.,.F.,.F.) B_SPLINE_CURVE_WITH_KNOTS((3,2,3),(4.712388980385
,6.28318530718,7.853981633974),.PIECEWISE_BEZIER_KNOTS.) CURVE() 
GEOMETRIC_REPRESENTATION_ITEM() RATIONAL_B_SPLINE_CURVE((1.,
0.707106781187,1.,0.707106781187,1.)) REPRESENTATION_ITEM('') );
#452 = CARTESIAN_POINT('',(-1.396E-14,96.,-88.));
#453 = CARTESIAN_POINT('',(76.,96.,-88.));
#454 = CARTESIAN_POINT('',(76.,96.,8.));
#455 = CARTESIAN_POINT('',(76.,96.,104.));
#456 = CARTESIAN_POINT('',(2.327E-14,96.,104.));
#457 = ORIENTED_EDGE('',*,*,#448,.F.);
#458 = ORIENTED_EDGE('',*,*,#459,.T.);
#459 = EDGE_CURVE('',#424,#414,#460,.T.);
#460 = B_SPLINE_CURVE_WITH_KNOTS('',7,(#461,#462,#463,#464,#465,#466,
    #467,#468,#469,#470,#471,#472,#473,#474,#475,#476,#477,#478,#479,
    #480,#481,#482,#483,#484,#485,#486,#487,#488,#489,#490,#491,#492,
    #493,#494,#495,#496,#497,#498,#499,#500,#501,#502,#503,#504,#505,
    #506,#507,#508,#509,#510,#511,#512,#513,#514,#515,#516,#517,#518,
    #519,#520,#521,#522,#523,#524,#525,#526,#527,#528,#529,#530,#531,
    #532,#533,#534,#535,#536,#537,#538,#539,#540,#541,#542,#543,#544,
    #545,#546,#547,#548,#549,#550,#551,#552,#553,#554,#555,#556,#557,
    #558,#559,#560,#561,#562,#563,#564,#565,#566,#567,#568,#569,#570,
    #571,#572,#573,#574,#575,#576,#577,#578,#579,#580,#581,#582,#583,
    #584,#585,#586,#587,#588,#589,#590,#591,#592,#593,#594,#595,#596,
    #597,#598,#599,#600,#601,#602,#603,#604,#605,#606,#607,#608,#609,
    #610,#611,#612,#613,#614,#615,#616,#617,#618,#619,#620,#621,#622,
    #623,#624,#625,#626,#627,#628,#629,#630,#631,#632,#633,#634,#635,
    #636,#637,#638,#639,#640,#641,#642,#643,#644,#645,#646,#647,#648),
  .UNSPECIFIED.,.F.,.F.,(8,6,6,6,6,6,6,6,6,6,6,6,6,6,6,6,6,6,6,6,6,6,6,6
    ,6,6,6,6,6,6,6,8),(0.,7.146740142269E-02,0.137056198598,
    0.163771518762,0.177805304672,0.20557175349,0.224960935737,
    0.233690987494,0.247883411774,0.275624194492,0.316786781405,
    0.355349841239,0.389526647531,0.498758170418,0.608834086625,
    0.648148559602,0.658900185534,0.667084284536,0.694642746883,
    0.746122345805,0.781749636401,0.79891986085,0.80968663858,
    0.832735557203,0.863490365106,0.878439838226,0.90699257362,
    0.956776308363,0.978691841774,0.989141187622,0.994168825044,1.),
  .UNSPECIFIED.);
#461 = CARTESIAN_POINT('',(75.555786037624,96.,-2.364300681748));
#462 = CARTESIAN_POINT('',(75.609193189525,96.196223661622,
    -1.743084923682));
#463 = CARTESIAN_POINT('',(75.6579218328,96.412306198896,-1.127910130113
    ));
#464 = CARTESIAN_POINT('',(75.701900029245,96.649063363067,
    -0.519681036792));
#465 = CARTESIAN_POINT('',(75.74101641671,96.907496639062,
    8.024739592972E-02));
#466 = CARTESIAN_POINT('',(75.775133892866,97.188833153562,
    0.670049410425));
#467 = CARTESIAN_POINT('',(75.804103284026,97.49454054991,1.24741982983)
  );
#468 = CARTESIAN_POINT('',(75.849425694436,98.131570244809,
    2.325147090758));
#469 = CARTESIAN_POINT('',(75.866597777392,98.458397049748,
    2.827391447645));
#470 = CARTESIAN_POINT('',(75.87914215258,98.809003380992,3.314327928983
    ));
#471 = CARTESIAN_POINT('',(75.886858531471,99.185157666778,
    3.782666886484));
#472 = CARTESIAN_POINT('',(75.889512272686,99.588528994106,
    4.227673749914));
#473 = CARTESIAN_POINT('',(75.886884428932,100.02055041716,
    4.643268041379));
#474 = CARTESIAN_POINT('',(75.875399435522,100.67091647344,
    5.176009543809));
#475 = CARTESIAN_POINT('',(75.87115891513,100.86405893724,5.323981115146
    ));
#476 = CARTESIAN_POINT('',(75.865987258309,101.06215214433,5.46519235574
    ));
#477 = CARTESIAN_POINT('',(75.859871189347,101.26518387848,
    5.599023641726));
#478 = CARTESIAN_POINT('',(75.85280057645,101.47307468402,5.724801113475
    ));
#479 = CARTESIAN_POINT('',(75.844770160947,101.68566463898,
    5.841820147182));
#480 = CARTESIAN_POINT('',(75.831059355409,102.01671065225,
    6.005865213357));
#481 = CARTESIAN_POINT('',(75.826073005014,102.13194618813,
    6.059747761166));
#482 = CARTESIAN_POINT('',(75.820822528065,102.24836783754,
    6.110913087153));
#483 = CARTESIAN_POINT('',(75.815308760007,102.36592891107,
    6.159257630158));
#484 = CARTESIAN_POINT('',(75.809533169697,102.48457424751,
    6.204679551007));
#485 = CARTESIAN_POINT('',(75.803497950122,102.60423953289,
    6.247080632919));
#486 = CARTESIAN_POINT('',(75.784757426935,102.96348484295,
    6.364100278121));
#487 = CARTESIAN_POINT('',(75.771302025203,103.20586320872,
    6.429657992748));
#488 = CARTESIAN_POINT('',(75.756865631813,103.45135368818,
    6.482296490188));
#489 = CARTESIAN_POINT('',(75.741484243383,103.69924730857,
    6.521404921713));
#490 = CARTESIAN_POINT('',(75.725203047987,103.94875434722,
    6.546535359319));
#491 = CARTESIAN_POINT('',(75.708077988581,104.19899348346,
    6.557446863796));
#492 = CARTESIAN_POINT('',(75.677681873502,104.6235340796,6.55187282817)
  );
#493 = CARTESIAN_POINT('',(75.664804536503,104.79800036493,
    6.542659346537));
#494 = CARTESIAN_POINT('',(75.651570927937,104.97205003599,
    6.526528829866));
#495 = CARTESIAN_POINT('',(75.63800404189,105.14537914193,6.503544403097
    ));
#496 = CARTESIAN_POINT('',(75.624126918832,105.31770101035,
    6.473822152779));
#497 = CARTESIAN_POINT('',(75.609962669729,105.48874474833,
    6.437525551495));
#498 = CARTESIAN_POINT('',(75.589038166352,105.73457581979,
    6.375649574966));
#499 = CARTESIAN_POINT('',(75.582488185735,105.81058848101,
    6.355147534462));
#500 = CARTESIAN_POINT('',(75.575886586527,105.88626945619,
    6.333372417607));
#501 = CARTESIAN_POINT('',(75.569235332374,105.96159778065,
    6.310344030116));
#502 = CARTESIAN_POINT('',(75.562536322355,106.03655379589,
    6.286083326576));
#503 = CARTESIAN_POINT('',(75.555791390982,106.11111914966,
    6.260612410452));
#504 = CARTESIAN_POINT('',(75.537965313049,106.30583468132,
    6.190616823983));
#505 = CARTESIAN_POINT('',(75.526811580796,106.42531546758,6.14414148799
    ));
#506 = CARTESIAN_POINT('',(75.515548723373,106.54364556701,
    6.094627504098));
#507 = CARTESIAN_POINT('',(75.504183723588,106.66076189219,
    6.042179010327));
#508 = CARTESIAN_POINT('',(75.492722943057,106.7766110846,5.986903303624
    ));
#509 = CARTESIAN_POINT('',(75.481172130151,106.89114874316,
    5.928908838783));
#510 = CARTESIAN_POINT('',(75.446793041885,107.22558197267,
    5.749842661649));
#511 = CARTESIAN_POINT('',(75.423726150003,107.44166844017,
    5.621408723236));
#512 = CARTESIAN_POINT('',(75.400372209244,107.65234737577,
    5.483801831022));
#513 = CARTESIAN_POINT('',(75.376760203252,107.85747166644,
    5.337806480946));
#514 = CARTESIAN_POINT('',(75.352911876608,108.05698182424,
    5.184166054837));
#515 = CARTESIAN_POINT('',(75.328841969095,108.25089004482,
    5.023557629261));
#516 = CARTESIAN_POINT('',(75.268525807562,108.71877973191,
    4.608781185308));
#517 = CARTESIAN_POINT('',(75.23203060867,108.98605047249,4.347000428791
    ));
#518 = CARTESIAN_POINT('',(75.195091338001,109.24136752365,
    4.073110005386));
#519 = CARTESIAN_POINT('',(75.157717899595,109.48508315629,
    3.788746211534));
#520 = CARTESIAN_POINT('',(75.11991224541,109.71760599527,3.495289972716
    ));
#521 = CARTESIAN_POINT('',(75.081666280576,109.93938970599,
    3.193856886204));
#522 = CARTESIAN_POINT('',(75.006692401056,110.34908213705,
    2.596197140803));
#523 = CARTESIAN_POINT('',(74.970028681143,110.53820585467,
    2.300904531935));
#524 = CARTESIAN_POINT('',(74.932952368941,110.71865801557,
    2.000136273117));
#525 = CARTESIAN_POINT('',(74.895452393441,110.8907724177,1.694523399086
    ));
#526 = CARTESIAN_POINT('',(74.857518576158,111.05485300266,1.38460227703
    ));
#527 = CARTESIAN_POINT('',(74.819140078053,111.21118181582,
    1.070819520621));
#528 = CARTESIAN_POINT('',(74.745884942516,111.49194182345,
    0.472342623569));
#529 = CARTESIAN_POINT('',(74.711108380406,111.61797090701,
    0.188414420907));
#530 = CARTESIAN_POINT('',(74.675966384187,111.73829463956,
    -9.798671375432E-02));
#531 = CARTESIAN_POINT('',(74.640452827331,111.8530732761,
    -0.386628035946));
#532 = CARTESIAN_POINT('',(74.604562714796,111.96245003274,
    -0.677303702893));
#533 = CARTESIAN_POINT('',(74.568291665082,112.0665542153,
    -0.969833429512));
#534 = CARTESIAN_POINT('',(74.414479342482,112.48175544303,
    -2.204434225518));
#535 = CARTESIAN_POINT('',(74.293441988101,112.74521389913,
    -3.161720461299));
#536 = CARTESIAN_POINT('',(74.16831904337,112.95999145612,
    -4.131391007416));
#537 = CARTESIAN_POINT('',(74.03912333312,113.1282033275,-5.109787131131
    ));
#538 = CARTESIAN_POINT('',(73.905979623659,113.25128463389,
    -6.093847627787));
#539 = CARTESIAN_POINT('',(73.769095724921,113.32991390451,
    -7.081117639549));
#540 = CARTESIAN_POINT('',(73.487265554641,113.39830476711,
    -9.066005576704));
#541 = CARTESIAN_POINT('',(73.342349576335,113.38735300542,
    -10.06305064127));
#542 = CARTESIAN_POINT('',(73.194255006854,113.33108146206,
    -11.05887980824));
#543 = CARTESIAN_POINT('',(73.04346293435,113.22860041568,
    -12.05104187628));
#544 = CARTESIAN_POINT('',(72.890666234567,113.07839235361,
    -13.03664831716));
#545 = CARTESIAN_POINT('',(72.736786160942,112.87837209994,
    -14.01238084815));
#546 = CARTESIAN_POINT('',(72.52813929336,112.53481615532,
    -15.31801639409));
#547 = CARTESIAN_POINT('',(72.473255453447,112.43763856724,
    -15.65982563207));
#548 = CARTESIAN_POINT('',(72.418455518189,112.33355185287,
    -15.99965244862));
#549 = CARTESIAN_POINT('',(72.363806444956,112.22240053288,
    -16.33727718408));
#550 = CARTESIAN_POINT('',(72.309383877469,112.10401544234,
    -16.67245270739));
#551 = CARTESIAN_POINT('',(72.255272866306,111.97821163354,
    -17.00490381913));
#552 = CARTESIAN_POINT('',(72.186881677008,111.80829742081,
    -17.42441639906));
#553 = CARTESIAN_POINT('',(72.172225241684,111.77123865478,
    -17.51427932072));
#554 = CARTESIAN_POINT('',(72.157601252769,111.73360588399,
    -17.60390906225));
#555 = CARTESIAN_POINT('',(72.143011750903,111.69539493159,
    -17.6932990315));
#556 = CARTESIAN_POINT('',(72.128458848034,111.65660154049,
    -17.78244240149));
#557 = CARTESIAN_POINT('',(72.113944727415,111.61722137339,
    -17.87133211048));
#558 = CARTESIAN_POINT('',(72.088454784547,111.54682395583,
    -18.02742474845));
#559 = CARTESIAN_POINT('',(72.077461722833,111.51605540188,
    -18.09473731328));
#560 = CARTESIAN_POINT('',(72.066493319392,111.4849420246,
    -18.16189615993));
#561 = CARTESIAN_POINT('',(72.055550764757,111.45348230987,
    -18.22889694557));
#562 = CARTESIAN_POINT('',(72.044634958538,111.42167384146,
    -18.29573718298));
#563 = CARTESIAN_POINT('',(72.033747076013,111.38951486238,
    -18.36241277322));
#564 = CARTESIAN_POINT('',(71.986322779204,111.24752618079,
    -18.65287267066));
#565 = CARTESIAN_POINT('',(71.950086589478,111.1340511137,
    -18.87491777578));
#566 = CARTESIAN_POINT('',(71.914221161178,111.01649876359,
    -19.09492117419));
#567 = CARTESIAN_POINT('',(71.878772571452,110.89478787045,
    -19.31273230815));
#568 = CARTESIAN_POINT('',(71.843791424472,110.76883515131,
    -19.52818458664));
#569 = CARTESIAN_POINT('',(71.809332851441,110.63855530023,
    -19.74109538532));
#570 = CARTESIAN_POINT('',(71.712175122269,110.25224994965,
    -20.34386774405));
#571 = CARTESIAN_POINT('',(71.65093829071,109.98528216107,
    -20.72683093183));
#572 = CARTESIAN_POINT('',(71.592119256003,109.70233189268,
    -21.09896518284));
#573 = CARTESIAN_POINT('',(71.536181924827,109.40282640493,
    -21.45868856405));
#574 = CARTESIAN_POINT('',(71.483678881147,109.08628812305,
    -21.80406217608));
#575 = CARTESIAN_POINT('',(71.435248136865,108.75236143808,
    -22.13281145481));
#576 = CARTESIAN_POINT('',(71.361407204744,108.15753699068,
    -22.65654442781));
#577 = CARTESIAN_POINT('',(71.333506972792,107.90586694459,
    -22.86150045643));
#578 = CARTESIAN_POINT('',(71.308147108122,107.64576501522,
    -23.05632900676));
#579 = CARTESIAN_POINT('',(71.285592305261,107.37728909101,
    -23.24002585819));
#580 = CARTESIAN_POINT('',(71.266125977006,107.10062301886,
    -23.41148297137));
#581 = CARTESIAN_POINT('',(71.250037725717,106.8161053771,
    -23.56952985785));
#582 = CARTESIAN_POINT('',(71.231613279413,106.38361974564,
    -23.78212810803));
#583 = CARTESIAN_POINT('',(71.226470688395,106.24127453427,
    -23.8478772614));
#584 = CARTESIAN_POINT('',(71.222208351561,106.09729490656,
    -23.91010405236));
#585 = CARTESIAN_POINT('',(71.218856637521,105.95175487008,
    -23.96867536221));
#586 = CARTESIAN_POINT('',(71.216444507835,105.80474083514,
    -24.0234600764));
#587 = CARTESIAN_POINT('',(71.214998785332,105.65635261808,
    -24.07433156828));
#588 = CARTESIAN_POINT('',(71.21425789854,105.41286589713,
    -24.15054079428));
#589 = CARTESIAN_POINT('',(71.21436172376,105.31853170044,
    -24.17832597248));
#590 = CARTESIAN_POINT('',(71.214860893428,105.22372992045,
    -24.20449590797));
#591 = CARTESIAN_POINT('',(71.215760831407,105.12849056321,
    -24.22902243566));
#592 = CARTESIAN_POINT('',(71.217066390087,105.03284557502,
    -24.25187903494));
#593 = CARTESIAN_POINT('',(71.21878185038,104.93682884236,
    -24.27304082963));
#594 = CARTESIAN_POINT('',(71.225468667116,104.63420984316,
    -24.3341089253));
#595 = CARTESIAN_POINT('',(71.23192191665,104.42639342221,
    -24.36786268951));
#596 = CARTESIAN_POINT('',(71.240305966217,104.21739385392,
    -24.39351789291));
#597 = CARTESIAN_POINT('',(71.250641521452,104.00759694245,
    -24.41089685159));
#598 = CARTESIAN_POINT('',(71.262932743924,103.79740778077,
    -24.41987938588));
#599 = CARTESIAN_POINT('',(71.27716529733,103.58725116013,
    -24.42041002087));
#600 = CARTESIAN_POINT('',(71.314839219838,103.09779125945,
    -24.4019576717));
#601 = CARTESIAN_POINT('',(71.339773437709,102.81879574874,
    -24.37638944052));
#602 = CARTESIAN_POINT('',(71.368024275942,102.54167730291,
    -24.33583085927));
#603 = CARTESIAN_POINT('',(71.399454743056,102.26741292278,
    -24.28054903514));
#604 = CARTESIAN_POINT('',(71.433884921603,101.99687524099,
    -24.2109973535));
#605 = CARTESIAN_POINT('',(71.471101285004,101.73084022855,
    -24.12777937966));
#606 = CARTESIAN_POINT('',(71.53019214239,101.34319758049,
    -23.98488888573));
#607 = CARTESIAN_POINT('',(71.550123286678,101.21761962613,
    -23.93509117219));
#608 = CARTESIAN_POINT('',(71.570631016123,101.09333091778,
    -23.88231502317));
#609 = CARTESIAN_POINT('',(71.591688273383,100.97039515146,
    -23.8266459763));
#610 = CARTESIAN_POINT('',(71.613267704778,100.84886769773,
    -23.76817276348));
#611 = CARTESIAN_POINT('',(71.635341967484,100.72879623955,
    -23.70698600581));
#612 = CARTESIAN_POINT('',(71.700938190325,100.38374937908,
    -23.52130497484));
#613 = CARTESIAN_POINT('',(71.745698685583,100.16273937937,
    -23.38986731172));
#614 = CARTESIAN_POINT('',(71.791977664693,99.947466244528,
    -23.24949906044));
#615 = CARTESIAN_POINT('',(71.839593202725,99.738111047322,
    -23.10083685772));
#616 = CARTESIAN_POINT('',(71.888373249849,99.534775141242,
    -22.94450001319));
#617 = CARTESIAN_POINT('',(71.938159573569,99.337494201959,
    -22.78107168686));
#618 = CARTESIAN_POINT('',(72.077127015732,98.812807913954,
    -22.31468786568));
#619 = CARTESIAN_POINT('',(72.168051786245,98.497808130475,
    -21.99842183755));
#620 = CARTESIAN_POINT('',(72.260859152498,98.201046580199,
    -21.66502546513));
#621 = CARTESIAN_POINT('',(72.354924037766,97.922097784669,
    -21.31693863654));
#622 = CARTESIAN_POINT('',(72.449726715854,97.660371976228,
    -20.95625449697));
#623 = CARTESIAN_POINT('',(72.544856378373,97.415169949114,
    -20.58467630047));
#624 = CARTESIAN_POINT('',(72.681904728617,97.084738510768,
    -20.03566351352));
#625 = CARTESIAN_POINT('',(72.72379622812,96.986804376424,
    -19.86600335422));
#626 = CARTESIAN_POINT('',(72.765661187075,96.891876099422,
    -19.69461255553));
#627 = CARTESIAN_POINT('',(72.807473825814,96.799895241895,
    -19.5216013922));
#628 = CARTESIAN_POINT('',(72.849210598436,96.710804336215,
    -19.34707164214));
#629 = CARTESIAN_POINT('',(72.89085019281,96.624546884995,-19.1711165864
    ));
#630 = CARTESIAN_POINT('',(72.952171888683,96.501264248025,
    -18.90928631935));
#631 = CARTESIAN_POINT('',(72.971943763712,96.462092747362,
    -18.82444705952));
#632 = CARTESIAN_POINT('',(72.991687054575,96.423546893972,
    -18.73931253321));
#633 = CARTESIAN_POINT('',(73.011399745556,96.385620811359,
    -18.65389170965));
#634 = CARTESIAN_POINT('',(73.031079906312,96.348308711654,
    -18.56819322379));
#635 = CARTESIAN_POINT('',(73.050725691871,96.311604895613,
    -18.48222537628));
#636 = CARTESIAN_POINT('',(73.079770385051,96.258133922974,
    -18.35450746425));
#637 = CARTESIAN_POINT('',(73.090264007504,96.238939172783,
    -18.3082672361));
#638 = CARTESIAN_POINT('',(73.100783136055,96.219873073545,
    -18.26177570737));
#639 = CARTESIAN_POINT('',(73.110822670795,96.201832176643,
    -18.2172796306));
#640 = CARTESIAN_POINT('',(73.120400222238,96.184737574275,
    -18.17473787338));
#641 = CARTESIAN_POINT('',(73.13005084772,96.167616460371,
    -18.13178703919));
#642 = CARTESIAN_POINT('',(73.153314158587,96.126725065642,
    -18.02794277577));
#643 = CARTESIAN_POINT('',(73.165789879164,96.105008217527,
    -17.9720793019));
#644 = CARTESIAN_POINT('',(73.178248562658,96.083531655292,
    -17.91611844255));
#645 = CARTESIAN_POINT('',(73.19068983508,96.062293908541,
    -17.86006191638));
#646 = CARTESIAN_POINT('',(73.203113268993,96.041293633819,
    -17.8039116892));
#647 = CARTESIAN_POINT('',(73.215518437665,96.020529520909,
    -17.74766972994));
#648 = CARTESIAN_POINT('',(73.227905089738,96.,-17.69133721839));
#649 = ORIENTED_EDGE('',*,*,#413,.F.);
#650 = FACE_BOUND('',#651,.T.);
#651 = EDGE_LOOP('',(#652,#739));
#652 = ORIENTED_EDGE('',*,*,#653,.T.);
#653 = EDGE_CURVE('',#654,#656,#658,.T.);
#654 = VERTEX_POINT('',#655);
#655 = CARTESIAN_POINT('',(-71.2178634652,105.,-24.25819193806));
#656 = VERTEX_POINT('',#657);
#657 = CARTESIAN_POINT('',(-75.64907257107,105.,6.517298431364));
#658 = B_SPLINE_CURVE_WITH_KNOTS('',7,(#659,#660,#661,#662,#663,#664,
    #665,#666,#667,#668,#669,#670,#671,#672,#673,#674,#675,#676,#677,
    #678,#679,#680,#681,#682,#683,#684,#685,#686,#687,#688,#689,#690,
    #691,#692,#693,#694,#695,#696,#697,#698,#699,#700,#701,#702,#703,
    #704,#705,#706,#707,#708,#709,#710,#711,#712,#713,#714,#715,#716,
    #717,#718,#719,#720,#721,#722,#723,#724,#725,#726,#727,#728,#729,
    #730,#731,#732,#733,#734,#735,#736,#737,#738),.UNSPECIFIED.,.F.,.F.,
  (8,6,6,6,6,6,6,6,6,6,6,6,6,8),(0.,0.130234192588,0.228900353962,
    0.273315670511,0.282870003355,0.310356616668,0.371368517099,
    0.542178990631,0.716671236749,0.771577739405,0.832922506054,
    0.8980349294,0.941534884403,1.),.UNSPECIFIED.);
#659 = CARTESIAN_POINT('',(-71.2178634652,105.,-24.25819193806));
#660 = CARTESIAN_POINT('',(-71.20817157453,105.60167026493,
    -24.12091493731));
#661 = CARTESIAN_POINT('',(-71.21459105191,106.1886776786,
    -23.91700301159));
#662 = CARTESIAN_POINT('',(-71.23609360367,106.75229002594,
    -23.65258992305));
#663 = CARTESIAN_POINT('',(-71.27062190715,107.28782457533,
    -23.33659453174));
#664 = CARTESIAN_POINT('',(-71.31607844906,107.79294260076,
    -22.97743392382));
#665 = CARTESIAN_POINT('',(-71.37055417907,108.2672730223,
    -22.58242902246));
#666 = CARTESIAN_POINT('',(-71.47957622939,109.04847862722,
    -21.83412027642));
#667 = CARTESIAN_POINT('',(-71.53087581456,109.36787382914,
    -21.49411368028));
#668 = CARTESIAN_POINT('',(-71.58581875257,109.67027031458,
    -21.13901423234));
#669 = CARTESIAN_POINT('',(-71.64382240454,109.9560890901,
    -20.77087257888));
#670 = CARTESIAN_POINT('',(-71.70438438206,110.22583368871,
    -20.39143289212));
#671 = CARTESIAN_POINT('',(-71.76708285291,110.48007352726,
    -20.00212084675));
#672 = CARTESIAN_POINT('',(-71.86060985858,110.82714728463,
    -19.42480741334));
#673 = CARTESIAN_POINT('',(-71.8900042398,110.93185787718,
    -19.24382943787));
#674 = CARTESIAN_POINT('',(-71.91972794719,111.0335908727,
    -19.06119027919));
#675 = CARTESIAN_POINT('',(-71.94975067404,111.13239546286,
    -18.8769898512));
#676 = CARTESIAN_POINT('',(-71.98004421921,111.22831968732,
    -18.69132068811));
#677 = CARTESIAN_POINT('',(-72.01058248716,111.32141043368,
    -18.50426794446));
#678 = CARTESIAN_POINT('',(-72.04795813415,111.4311388543,
    -18.27539094088));
#679 = CARTESIAN_POINT('',(-72.05561772344,111.45346758872,
    -18.22848855107));
#680 = CARTESIAN_POINT('',(-72.06329423607,111.47559408393,
    -18.18148420277));
#681 = CARTESIAN_POINT('',(-72.0704805838,111.49609430425,
    -18.13748206478));
#682 = CARTESIAN_POINT('',(-72.07719644145,111.51511374759,
    -18.09636069945));
#683 = CARTESIAN_POINT('',(-72.0839960784,111.53425545801,
    -18.05472526467));
#684 = CARTESIAN_POINT('',(-72.114933926,111.62037048927,-17.86527951636
    ));
#685 = CARTESIAN_POINT('',(-72.13799737556,111.68277774289,
    -17.72403366242));
#686 = CARTESIAN_POINT('',(-72.16115743429,111.7437075528,
    -17.58215163302));
#687 = CARTESIAN_POINT('',(-72.18440543708,111.80317716229,
    -17.43966146781));
#688 = CARTESIAN_POINT('',(-72.20773315817,111.86120330408,
    -17.29658976711));
#689 = CARTESIAN_POINT('',(-72.23113281124,111.91780220035,
    -17.15296169185));
#690 = CARTESIAN_POINT('',(-72.30668050125,112.09548864796,
    -16.68880809136));
#691 = CARTESIAN_POINT('',(-72.35908147749,112.21103196761,
    -16.36619467937));
#692 = CARTESIAN_POINT('',(-72.41172016847,112.31979310924,
    -16.04121599896));
#693 = CARTESIAN_POINT('',(-72.46452493128,112.42193064062,
    -15.7141044821));
#694 = CARTESIAN_POINT('',(-72.51743173263,112.51758974652,
    -15.38507016381));
#695 = CARTESIAN_POINT('',(-72.57038359171,112.60690386548,
    -15.05430112461));
#696 = CARTESIAN_POINT('',(-72.77156023388,112.92262380936,
    -13.79154418148));
#697 = CARTESIAN_POINT('',(-72.91970483811,113.10641852469,
    -12.84910368296));
#698 = CARTESIAN_POINT('',(-73.0667128766,113.24420627671,
    -11.89796061616));
#699 = CARTESIAN_POINT('',(-73.211785148,113.33780042887,-10.94102436548
    ));
#700 = CARTESIAN_POINT('',(-73.35431603702,113.38851014254,
    -9.980849249742));
#701 = CARTESIAN_POINT('',(-73.49387947942,113.39710132201,
    -9.019629893486));
#702 = CARTESIAN_POINT('',(-73.76950234309,113.32940063447,
    -7.078041924346));
#703 = CARTESIAN_POINT('',(-73.90534496949,113.2512952574,
    -6.098244608847));
#704 = CARTESIAN_POINT('',(-74.03750288521,113.12940257337,
    -5.121619551142));
#705 = CARTESIAN_POINT('',(-74.16577316471,112.96306186379,
    -4.150566218792));
#706 = CARTESIAN_POINT('',(-74.29003389471,112.75087889955,
    -3.18806669091));
#707 = CARTESIAN_POINT('',(-74.41027208569,112.49079269302,
    -2.237678590966));
#708 = CARTESIAN_POINT('',(-74.56331470175,112.08065546164,
    -1.009932963046));
#709 = CARTESIAN_POINT('',(-74.5995614543,111.97736546074,-0.71774746433
    ));
#710 = CARTESIAN_POINT('',(-74.63542846374,111.86883488448,
    -0.427390517348));
#711 = CARTESIAN_POINT('',(-74.6709200434,111.75493610588,
    -0.139039444566));
#712 = CARTESIAN_POINT('',(-74.70604112599,111.63552769366,
    0.147103443327));
#713 = CARTESIAN_POINT('',(-74.74079777133,111.5104513298,0.430809529077
    ));
#714 = CARTESIAN_POINT('',(-74.81363126729,111.23325400456,
    1.025786685932));
#715 = CARTESIAN_POINT('',(-74.85161731685,111.07969073371,
    1.336371174699));
#716 = CARTESIAN_POINT('',(-74.88916828653,110.91858209446,
    1.643230724196));
#717 = CARTESIAN_POINT('',(-74.92629462261,110.74965751048,
    1.945940494335));
#718 = CARTESIAN_POINT('',(-74.96300620128,110.57262519762,
    2.243991472166));
#719 = CARTESIAN_POINT('',(-74.99931377611,110.38716471215,
    2.536785826467));
#720 = CARTESIAN_POINT('',(-75.07335292323,109.98674379175,
    3.128095899738));
#721 = CARTESIAN_POINT('',(-75.11102740952,109.77071309607,
    3.425795182466));
#722 = CARTESIAN_POINT('',(-75.14827469149,109.54437294726,
    3.715950092026));
#723 = CARTESIAN_POINT('',(-75.18510366718,109.30729557295,
    3.997527392425));
#724 = CARTESIAN_POINT('',(-75.22151322698,109.05909095905,
    4.269248549814));
#725 = CARTESIAN_POINT('',(-75.257494155,108.79941791562,4.529597652136)
  );
#726 = CARTESIAN_POINT('',(-75.31677223229,108.34666460956,
    4.941998673599));
#727 = CARTESIAN_POINT('',(-75.34031092882,108.16012148267,
    5.101282349595));
#728 = CARTESIAN_POINT('',(-75.36364150258,107.96829125564,5.25416194186
    ));
#729 = CARTESIAN_POINT('',(-75.38675129934,107.77115401268,
    5.400027488455));
#730 = CARTESIAN_POINT('',(-75.40962056986,107.56876032072,
    5.538202150234));
#731 = CARTESIAN_POINT('',(-75.4322224118,107.36124712125,5.667966880674
    ));
#732 = CARTESIAN_POINT('',(-75.4844948961,106.86339121048,5.950699581775
    ));
#733 = CARTESIAN_POINT('',(-75.51393254402,106.56901576471,
    6.096349538129));
#734 = CARTESIAN_POINT('',(-75.5427382813,106.26642960859,6.223662317986
    ));
#735 = CARTESIAN_POINT('',(-75.57079648402,105.95665191594,
    6.330798721962));
#736 = CARTESIAN_POINT('',(-75.59797445754,105.64106531631,
    6.416130063477));
#737 = CARTESIAN_POINT('',(-75.62412094075,105.32143581589,
    6.478453106203));
#738 = CARTESIAN_POINT('',(-75.64907257107,105.,6.517298431364));
#739 = ORIENTED_EDGE('',*,*,#740,.T.);
#740 = EDGE_CURVE('',#656,#654,#741,.T.);
#741 = B_SPLINE_CURVE_WITH_KNOTS('',8,(#742,#743,#744,#745,#746,#747,
    #748,#749,#750,#751,#752,#753,#754,#755,#756,#757,#758,#759,#760,
    #761,#762,#763,#764,#765,#766,#767,#768,#769,#770,#771,#772,#773,
    #774,#775,#776,#777,#778,#779,#780,#781,#782,#783,#784,#785,#786,
    #787,#788,#789,#790,#791,#792,#793,#794,#795,#796,#797,#798,#799,
    #800,#801,#802,#803,#804,#805,#806,#807,#808,#809,#810,#811,#812,
    #813,#814,#815,#816,#817,#818,#819,#820,#821,#822,#823,#824,#825,
    #826,#827,#828,#829,#830,#831,#832,#833,#834,#835,#836,#837,#838,
    #839,#840,#841,#842,#843,#844,#845,#846,#847,#848,#849,#850,#851,
    #852,#853,#854,#855,#856,#857,#858,#859,#860,#861,#862,#863,#864,
    #865,#866,#867,#868,#869,#870,#871,#872,#873,#874,#875,#876),
  .UNSPECIFIED.,.F.,.F.,(9,7,7,7,7,7,7,7,7,7,7,7,7,7,7,7,7,7,7,9),(0.,
    1.9910074188E-02,8.18959098665E-02,0.123721234489,0.186063171161,
    0.24382880045,0.295343954698,0.457420256592,0.622366617448,
    0.680523816927,0.697400862336,0.70990066472,0.728947948429,
    0.749687168509,0.827647426885,0.881640435708,0.90830072621,
    0.924781939587,0.960051529757,1.),.UNSPECIFIED.);
#742 = CARTESIAN_POINT('',(-75.64907257107,105.,6.517298431364));
#743 = CARTESIAN_POINT('',(-75.65691041897,104.89903005985,
    6.529500597146));
#744 = CARTESIAN_POINT('',(-75.66464272784,104.79775727465,
    6.539448929933));
#745 = CARTESIAN_POINT('',(-75.67226523408,104.69623310276,
    6.547121325315));
#746 = CARTESIAN_POINT('',(-75.67977369629,104.59451011565,6.55250040885
    ));
#747 = CARTESIAN_POINT('',(-75.68716389696,104.49264209555,
    6.555573776464));
#748 = CARTESIAN_POINT('',(-75.69443164423,104.39068413316,6.55633423485
    ));
#749 = CARTESIAN_POINT('',(-75.70157277368,104.28869272534,6.55478004187
    ));
#750 = CARTESIAN_POINT('',(-75.73040849079,103.86927348463,
    6.538882658293));
#751 = CARTESIAN_POINT('',(-75.75098093675,103.55184916421,
    6.504445499965));
#752 = CARTESIAN_POINT('',(-75.77015300057,103.23649540589,
    6.447684209999));
#753 = CARTESIAN_POINT('',(-75.78782028112,102.924912106,6.369313944538)
  );
#754 = CARTESIAN_POINT('',(-75.80390705148,102.61851913637,6.27048510212
    ));
#755 = CARTESIAN_POINT('',(-75.81836249274,102.31847954921,
    6.152637476423));
#756 = CARTESIAN_POINT('',(-75.83116051121,102.02570910411,
    6.017383691066));
#757 = CARTESIAN_POINT('',(-75.84980987167,101.54871961015,
    5.764518961326));
#758 = CARTESIAN_POINT('',(-75.85656935101,101.36009907704,
    5.655442420584));
#759 = CARTESIAN_POINT('',(-75.86257404099,101.17520318553,5.53964820636
    ));
#760 = CARTESIAN_POINT('',(-75.86782738526,100.99414228398,5.41761205994
    ));
#761 = CARTESIAN_POINT('',(-75.87233586011,100.81697836785,
    5.289791253731));
#762 = CARTESIAN_POINT('',(-75.87610810192,100.64373192514,
    5.156613099163));
#763 = CARTESIAN_POINT('',(-75.87915404592,100.4743873516,5.018466014114
    ));
#764 = CARTESIAN_POINT('',(-75.88495696502,100.06222848621,
    4.662885650405));
#765 = CARTESIAN_POINT('',(-75.88683875479,99.824186148326,
    4.439856423423));
#766 = CARTESIAN_POINT('',(-75.88716453953,99.59459826019,4.207743035506
    ));
#767 = CARTESIAN_POINT('',(-75.88597058093,99.373261267399,
    3.967562743785));
#768 = CARTESIAN_POINT('',(-75.88329299401,99.159943571896,
    3.720209337789));
#769 = CARTESIAN_POINT('',(-75.87916643275,98.95438938053,3.466449981321
    ));
#770 = CARTESIAN_POINT('',(-75.8736227758,98.756322553629,3.206922054319
    ));
#771 = CARTESIAN_POINT('',(-75.86026566567,98.388589922275,
    2.696775194412));
#772 = CARTESIAN_POINT('',(-75.85264964242,98.217936224672,
    2.446942705835));
#773 = CARTESIAN_POINT('',(-75.8438643978,98.053272492335,2.19305862544)
  );
#774 = CARTESIAN_POINT('',(-75.83393117231,97.894399467411,
    1.935502642509));
#775 = CARTESIAN_POINT('',(-75.822869666,97.741132656384,1.674609857934)
  );
#776 = CARTESIAN_POINT('',(-75.81069791315,97.59329948384,1.41067260297)
  );
#777 = CARTESIAN_POINT('',(-75.79743215678,97.450736446238,
    1.143942257991));
#778 = CARTESIAN_POINT('',(-75.7702934934,97.190708977929,0.63446033159)
  );
#779 = CARTESIAN_POINT('',(-75.7566421018,97.072203626037,0.392247336053
    ));
#780 = CARTESIAN_POINT('',(-75.74214293614,96.957662408549,0.14814775878
    ));
#781 = CARTESIAN_POINT('',(-75.72680577546,96.846987245779,
    -9.769639053309E-02));
#782 = CARTESIAN_POINT('',(-75.71063977004,96.740088632495,
    -0.345156246475));
#783 = CARTESIAN_POINT('',(-75.69365342128,96.636884490617,
    -0.59411556776));
#784 = CARTESIAN_POINT('',(-75.6758545616,96.537299021906,
    -0.844470217072));
#785 = CARTESIAN_POINT('',(-75.59871791191,96.139110219789,
    -1.887889095022));
#786 = CARTESIAN_POINT('',(-75.53223437698,95.872186195797,
    -2.692264340232));
#787 = CARTESIAN_POINT('',(-75.45800681582,95.63814723772,
    -3.506675069886));
#788 = CARTESIAN_POINT('',(-75.37620908257,95.435559248344,
    -4.328964996881));
#789 = CARTESIAN_POINT('',(-75.28700882713,95.263467644474,
    -5.157295733921));
#790 = CARTESIAN_POINT('',(-75.19056832857,95.121264010869,
    -5.990113161338));
#791 = CARTESIAN_POINT('',(-75.0870315333,95.008697981186,-6.8261476266)
  );
#792 = CARTESIAN_POINT('',(-74.86403070364,94.841604512729,
    -8.517519083528));
#793 = CARTESIAN_POINT('',(-74.74437067675,94.788180982256,
    -9.372529129739));
#794 = CARTESIAN_POINT('',(-74.61766400223,94.765698038233,
    -10.22835345983));
#795 = CARTESIAN_POINT('',(-74.48407695724,94.774679900246,
    -11.08371182916));
#796 = CARTESIAN_POINT('',(-74.34382207598,94.81601795025,
    -11.93713406099));
#797 = CARTESIAN_POINT('',(-74.19716877979,94.890935945348,
    -12.78696174004));
#798 = CARTESIAN_POINT('',(-74.04444657048,95.001058700529,
    -13.63134444395));
#799 = CARTESIAN_POINT('',(-73.83018466877,95.200687938288,
    -14.76329532243));
#800 = CARTESIAN_POINT('',(-73.77363084832,95.257378686181,
    -15.05740284705));
#801 = CARTESIAN_POINT('',(-73.71639466812,95.318818265598,
    -15.35044724113));
#802 = CARTESIAN_POINT('',(-73.6584978162,95.385109827992,
    -15.64231577956));
#803 = CARTESIAN_POINT('',(-73.59996475742,95.456364227536,
    -15.93288385025));
#804 = CARTESIAN_POINT('',(-73.54082286654,95.532700802607,
    -16.22201478788));
#805 = CARTESIAN_POINT('',(-73.48110256139,95.614248157251,
    -16.50955970774));
#806 = CARTESIAN_POINT('',(-73.40334867598,95.726362144406,
    -16.87829495318));
#807 = CARTESIAN_POINT('',(-73.38581408785,95.752029787635,
    -16.96108516119));
#808 = CARTESIAN_POINT('',(-73.36823451128,95.77815123512,
    -17.04372392886));
#809 = CARTESIAN_POINT('',(-73.35061081835,95.804729913955,
    -17.12620709037));
#810 = CARTESIAN_POINT('',(-73.33294391344,95.831769315564,
    -17.20853034876));
#811 = CARTESIAN_POINT('',(-73.31523473327,95.859272995695,
    -17.29068927592));
#812 = CARTESIAN_POINT('',(-73.29748424685,95.887244574428,
    -17.37267931257));
#813 = CARTESIAN_POINT('',(-73.26651689718,95.936753858987,
    -17.51509224712));
#814 = CARTESIAN_POINT('',(-73.25331823181,95.958078666822,
    -17.57559350076));
#815 = CARTESIAN_POINT('',(-73.24009786664,95.979663657028,
    -17.63599762222));
#816 = CARTESIAN_POINT('',(-73.22685622053,96.001510346091,
    -17.69630265773));
#817 = CARTESIAN_POINT('',(-73.213593724,96.023620269632,-17.75650660675
    ));
#818 = CARTESIAN_POINT('',(-73.20031081923,96.045994982407,
    -17.81660742195));
#819 = CARTESIAN_POINT('',(-73.18700796007,96.0686360583,-17.8766030092)
  );
#820 = CARTESIAN_POINT('',(-73.15338492767,96.126454029561,
    -18.02774930103));
#821 = CARTESIAN_POINT('',(-73.13303908606,96.161984994598,
    -18.11875763857));
#822 = CARTESIAN_POINT('',(-73.11264927167,96.198144427693,
    -18.20951074263));
#823 = CARTESIAN_POINT('',(-73.09221780276,96.234937048266,
    -18.29999804638));
#824 = CARTESIAN_POINT('',(-73.07174587337,96.272369721927,
    -18.39021408298));
#825 = CARTESIAN_POINT('',(-73.05123580284,96.310447617467,
    -18.48014836031));
#826 = CARTESIAN_POINT('',(-73.03068929008,96.349177196536,
    -18.5697932266));
#827 = CARTESIAN_POINT('',(-72.98769946196,96.431450378993,
    -18.75642157095));
#828 = CARTESIAN_POINT('',(-72.96524977271,96.475116025738,
    -18.85334962538));
#829 = CARTESIAN_POINT('',(-72.94276199416,96.51956931092,
    -18.94991165021));
#830 = CARTESIAN_POINT('',(-72.92023886915,96.564818275855,
    -19.04609542489));
#831 = CARTESIAN_POINT('',(-72.89768327747,96.610871072195,
    -19.14188819864));
#832 = CARTESIAN_POINT('',(-72.87509823585,96.657735961929,
    -19.23727669047));
#833 = CARTESIAN_POINT('',(-72.85248689795,96.705421317381,
    -19.33224708915));
#834 = CARTESIAN_POINT('',(-72.74476839245,96.936304444546,
    -19.78216024883));
#835 = CARTESIAN_POINT('',(-72.65937227257,97.130359021207,
    -20.13137005348));
#836 = CARTESIAN_POINT('',(-72.57382190415,97.336581169228,
    -20.47372905645));
#837 = CARTESIAN_POINT('',(-72.48832141855,97.555449995481,
    -20.80835913399));
#838 = CARTESIAN_POINT('',(-72.40312328643,97.787426441074,
    -21.13420035631));
#839 = CARTESIAN_POINT('',(-72.31852933402,98.032941251377,
    -21.45001926253));
#840 = CARTESIAN_POINT('',(-72.23489085856,98.29238637069,
    -21.75441450334));
#841 = CARTESIAN_POINT('',(-72.09562102393,98.755682687511,
    -22.24763866909));
#842 = CARTESIAN_POINT('',(-72.03929510685,98.95206837009,
    -22.44318874825));
#843 = CARTESIAN_POINT('',(-71.98376521715,99.155369827512,
    -22.63194409276));
#844 = CARTESIAN_POINT('',(-71.92918675494,99.365645671338,
    -22.81330981526));
#845 = CARTESIAN_POINT('',(-71.87573412627,99.582902061398,
    -22.98663157739));
#846 = CARTESIAN_POINT('',(-71.82359846333,99.807081842725,
    -23.15120833503));
#847 = CARTESIAN_POINT('',(-71.77298433327,100.03805086449,
    -23.30630838884));
#848 = CARTESIAN_POINT('',(-71.69997034962,100.39286767106,
    -23.52272677401));
#849 = CARTESIAN_POINT('',(-71.6762587425,100.5117516947,-23.5917719151)
  );
#850 = CARTESIAN_POINT('',(-71.65299661472,100.63220433391,
    -23.65823403362));
#851 = CARTESIAN_POINT('',(-71.63021058016,100.75419033217,
    -23.72202220676));
#852 = CARTESIAN_POINT('',(-71.60792764036,100.87766786378,
    -23.78304569715));
#853 = CARTESIAN_POINT('',(-71.58617495878,101.00258800316,
    -23.84121493146));
#854 = CARTESIAN_POINT('',(-71.56497963507,101.12889419424,
    -23.89644247882));
#855 = CARTESIAN_POINT('',(-71.53162681224,101.33542022429,
    -23.98091463139));
#856 = CARTESIAN_POINT('',(-71.51910831665,101.41482384408,
    -24.01202906561));
#857 = CARTESIAN_POINT('',(-71.50681937111,101.49471737729,
    -24.04196722771));
#858 = CARTESIAN_POINT('',(-71.49476622657,101.57508454493,
    -24.07070976737));
#859 = CARTESIAN_POINT('',(-71.48295500639,101.65590799085,
    -24.09823808829));
#860 = CARTESIAN_POINT('',(-71.47139170634,101.73716928177,
    -24.12453434822));
#861 = CARTESIAN_POINT('',(-71.46008219459,101.81884890725,
    -24.14958145891));
#862 = CARTESIAN_POINT('',(-71.42538534892,102.07657076899,
    -24.22425565894));
#863 = CARTESIAN_POINT('',(-71.40292578611,102.25404456876,
    -24.26935568678));
#864 = CARTESIAN_POINT('',(-71.38171060738,102.43313619403,
    -24.30850220984));
#865 = CARTESIAN_POINT('',(-71.36179126289,102.61362169083,
    -24.34155893502));
#866 = CARTESIAN_POINT('',(-71.34321288743,102.79526418004,
    -24.36841683523));
#867 = CARTESIAN_POINT('',(-71.32601361897,102.97781340121,
    -24.38899674866));
#868 = CARTESIAN_POINT('',(-71.3102239172,103.16100525637,
    -24.40325197805));
#869 = CARTESIAN_POINT('',(-71.27960307414,103.55246807567,
    -24.42014055249));
#870 = CARTESIAN_POINT('',(-71.26517496087,103.7608683529,
    -24.42098211694));
#871 = CARTESIAN_POINT('',(-71.252614583,103.96935293737,-24.41367691));
#872 = CARTESIAN_POINT('',(-71.24193776131,104.1775312075,
    -24.39826631743));
#873 = CARTESIAN_POINT('',(-71.23314459151,104.38503079965,
    -24.37484628523));
#874 = CARTESIAN_POINT('',(-71.22622093901,104.59149723949,
    -24.34356182074));
#875 = CARTESIAN_POINT('',(-71.2211399338,104.79659357343,
    -24.30460149384));
#876 = CARTESIAN_POINT('',(-71.2178634652,105.,-24.25819193806));
#877 = ( BOUNDED_SURFACE() B_SPLINE_SURFACE(2,2,(
    (#878,#879,#880,#881,#882)
    ,(#883,#884,#885,#886,#887)
    ,(#888,#889,#890,#891,#892)
    ,(#893,#894,#895,#896,#897)
    ,(#898,#899,#900,#901,#902)
    ,(#903,#904,#905,#906,#907)
    ,(#908,#909,#910,#911,#912
)),.UNSPECIFIED.,.T.,.F.,.F.) B_SPLINE_SURFACE_WITH_KNOTS((1,2,2,2,2,1),
  (3,2,3),(-2.094395102393,0.,2.094395102393,4.188790204786,
    6.28318530718,8.377580409573),(-1.570796326795,0.,1.570796326795),
.UNSPECIFIED.) GEOMETRIC_REPRESENTATION_ITEM() RATIONAL_B_SPLINE_SURFACE
((
    (1.,0.707106781187,1.,0.707106781187,1.)
    ,(0.5,0.353553390593,0.5,0.353553390593,0.5)
    ,(1.,0.707106781187,1.,0.707106781187,1.)
    ,(0.5,0.353553390593,0.5,0.353553390593,0.5)
    ,(1.,0.707106781187,1.,0.707106781187,1.)
    ,(0.5,0.353553390593,0.5,0.353553390593,0.5)
,(1.,0.707106781187,1.,0.707106781187,1.
))) REPRESENTATION_ITEM('') SURFACE() );
#878 = CARTESIAN_POINT('',(4.65E-15,96.,-88.));
#879 = CARTESIAN_POINT('',(76.,96.,-88.));
#880 = CARTESIAN_POINT('',(76.,96.,8.));
#881 = CARTESIAN_POINT('',(76.,96.,104.));
#882 = CARTESIAN_POINT('',(4.65E-15,96.,104.));
#883 = CARTESIAN_POINT('',(4.65E-15,96.,-88.));
#884 = CARTESIAN_POINT('',(76.,260.54482671904,-88.));
#885 = CARTESIAN_POINT('',(76.,260.54482671904,8.));
#886 = CARTESIAN_POINT('',(76.,260.54482671904,104.));
#887 = CARTESIAN_POINT('',(4.65E-15,96.,104.));
#888 = CARTESIAN_POINT('',(-2.33E-15,96.,-88.));
#889 = CARTESIAN_POINT('',(-38.,178.27241335952,-88.));
#890 = CARTESIAN_POINT('',(-38.,178.27241335952,8.));
#891 = CARTESIAN_POINT('',(-38.,178.27241335952,104.));
#892 = CARTESIAN_POINT('',(-2.33E-15,96.,104.));
#893 = CARTESIAN_POINT('',(-9.31E-15,96.,-88.));
#894 = CARTESIAN_POINT('',(-152.,96.,-88.));
#895 = CARTESIAN_POINT('',(-152.,96.,8.));
#896 = CARTESIAN_POINT('',(-152.,96.,104.));
#897 = CARTESIAN_POINT('',(-9.31E-15,96.,104.));
#898 = CARTESIAN_POINT('',(-2.33E-15,96.,-88.));
#899 = CARTESIAN_POINT('',(-38.,13.727586640478,-88.));
#900 = CARTESIAN_POINT('',(-38.,13.727586640478,8.));
#901 = CARTESIAN_POINT('',(-38.,13.727586640478,104.));
#902 = CARTESIAN_POINT('',(-2.33E-15,96.,104.));
#903 = CARTESIAN_POINT('',(4.65E-15,96.,-88.));
#904 = CARTESIAN_POINT('',(76.,-68.54482671904,-88.));
#905 = CARTESIAN_POINT('',(76.,-68.54482671904,8.));
#906 = CARTESIAN_POINT('',(76.,-68.54482671904,104.));
#907 = CARTESIAN_POINT('',(4.65E-15,96.,104.));
#908 = CARTESIAN_POINT('',(4.65E-15,96.,-88.));
#909 = CARTESIAN_POINT('',(76.,96.,-88.));
#910 = CARTESIAN_POINT('',(76.,96.,8.));
#911 = CARTESIAN_POINT('',(76.,96.,104.));
#912 = CARTESIAN_POINT('',(4.65E-15,96.,104.));
#913 = ADVANCED_FACE('',(#914),#929,.T.);
#914 = FACE_BOUND('',#915,.T.);
#915 = EDGE_LOOP('',(#916,#917,#927,#928));
#916 = ORIENTED_EDGE('',*,*,#359,.F.);
#917 = ORIENTED_EDGE('',*,*,#918,.F.);
#918 = EDGE_CURVE('',#919,#24,#921,.T.);
#919 = VERTEX_POINT('',#920);
#920 = CARTESIAN_POINT('',(4.E-15,55.,-115.));
#921 = ( BOUNDED_CURVE() B_SPLINE_CURVE(2,(#922,#923,#924,#925,#926),
.UNSPECIFIED.,.F.,.F.) B_SPLINE_CURVE_WITH_KNOTS((3,2,3),(4.712388980385
,6.28318530718,7.853981633974),.PIECEWISE_BEZIER_KNOTS.) CURVE() 
GEOMETRIC_REPRESENTATION_ITEM() RATIONAL_B_SPLINE_CURVE((1.,
0.707106781187,1.,0.707106781187,1.)) REPRESENTATION_ITEM('') );
#922 = CARTESIAN_POINT('',(-1.231E-14,55.,-115.));
#923 = CARTESIAN_POINT('',(67.,55.,-115.));
#924 = CARTESIAN_POINT('',(67.,55.,-45.));
#925 = CARTESIAN_POINT('',(67.,55.,25.));
#926 = CARTESIAN_POINT('',(2.051E-14,55.,25.));
#927 = ORIENTED_EDGE('',*,*,#918,.T.);
#928 = ORIENTED_EDGE('',*,*,#21,.F.);
#929 = ( BOUNDED_SURFACE() B_SPLINE_SURFACE(2,2,(
    (#930,#931,#932,#933,#934)
    ,(#935,#936,#937,#938,#939)
    ,(#940,#941,#942,#943,#944)
    ,(#945,#946,#947,#948,#949)
    ,(#950,#951,#952,#953,#954)
    ,(#955,#956,#957,#958,#959)
    ,(#960,#961,#962,#963,#964
)),.UNSPECIFIED.,.T.,.F.,.F.) B_SPLINE_SURFACE_WITH_KNOTS((1,2,2,2,2,1),
  (3,2,3),(-2.094395102393,0.,2.094395102393,4.188790204786,
    6.28318530718,8.377580409573),(-1.570796326795,0.,1.570796326795),
.UNSPECIFIED.) GEOMETRIC_REPRESENTATION_ITEM() RATIONAL_B_SPLINE_SURFACE
((
    (1.,0.707106781187,1.,0.707106781187,1.)
    ,(0.5,0.353553390593,0.5,0.353553390593,0.5)
    ,(1.,0.707106781187,1.,0.707106781187,1.)
    ,(0.5,0.353553390593,0.5,0.353553390593,0.5)
    ,(1.,0.707106781187,1.,0.707106781187,1.)
    ,(0.5,0.353553390593,0.5,0.353553390593,0.5)
,(1.,0.707106781187,1.,0.707106781187,1.
))) REPRESENTATION_ITEM('') SURFACE() );
#930 = CARTESIAN_POINT('',(4.1E-15,55.,-115.));
#931 = CARTESIAN_POINT('',(67.,55.,-115.));
#932 = CARTESIAN_POINT('',(67.,55.,-45.));
#933 = CARTESIAN_POINT('',(67.,55.,25.));
#934 = CARTESIAN_POINT('',(4.1E-15,55.,25.));
#935 = CARTESIAN_POINT('',(4.1E-15,55.,-115.));
#936 = CARTESIAN_POINT('',(67.,148.53074360871,-115.));
#937 = CARTESIAN_POINT('',(67.,148.53074360871,-45.));
#938 = CARTESIAN_POINT('',(67.,148.53074360871,25.));
#939 = CARTESIAN_POINT('',(4.1E-15,55.,25.));
#940 = CARTESIAN_POINT('',(-2.05E-15,55.,-115.));
#941 = CARTESIAN_POINT('',(-33.5,101.76537180436,-115.));
#942 = CARTESIAN_POINT('',(-33.5,101.76537180436,-45.));
#943 = CARTESIAN_POINT('',(-33.5,101.76537180436,25.));
#944 = CARTESIAN_POINT('',(-2.05E-15,55.,25.));
#945 = CARTESIAN_POINT('',(-8.21E-15,55.,-115.));
#946 = CARTESIAN_POINT('',(-134.,55.,-115.));
#947 = CARTESIAN_POINT('',(-134.,55.,-45.));
#948 = CARTESIAN_POINT('',(-134.,55.,25.));
#949 = CARTESIAN_POINT('',(-8.21E-15,55.,25.));
#950 = CARTESIAN_POINT('',(-2.05E-15,55.,-115.));
#951 = CARTESIAN_POINT('',(-33.5,8.23462819564,-115.));
#952 = CARTESIAN_POINT('',(-33.5,8.23462819564,-45.));
#953 = CARTESIAN_POINT('',(-33.5,8.23462819564,25.));
#954 = CARTESIAN_POINT('',(-2.05E-15,55.,25.));
#955 = CARTESIAN_POINT('',(4.1E-15,55.,-115.));
#956 = CARTESIAN_POINT('',(67.,-38.53074360871,-115.));
#957 = CARTESIAN_POINT('',(67.,-38.53074360871,-45.));
#958 = CARTESIAN_POINT('',(67.,-38.53074360871,25.));
#959 = CARTESIAN_POINT('',(4.1E-15,55.,25.));
#960 = CARTESIAN_POINT('',(4.1E-15,55.,-115.));
#961 = CARTESIAN_POINT('',(67.,55.,-115.));
#962 = CARTESIAN_POINT('',(67.,55.,-45.));
#963 = CARTESIAN_POINT('',(67.,55.,25.));
#964 = CARTESIAN_POINT('',(4.1E-15,55.,25.));
#965 = ADVANCED_FACE('',(#966,#970),#974,.T.);
#966 = FACE_BOUND('',#967,.T.);
#967 = VERTEX_LOOP('',#968);
#968 = VERTEX_POINT('',#969);
#969 = CARTESIAN_POINT('',(79.,105.,9.));
#970 = FACE_BOUND('',#971,.T.);
#971 = EDGE_LOOP('',(#972,#973));
#972 = ORIENTED_EDGE('',*,*,#459,.F.);
#973 = ORIENTED_EDGE('',*,*,#423,.F.);
#974 = ( BOUNDED_SURFACE() B_SPLINE_SURFACE(2,2,(
    (#975,#976,#977,#978,#979)
    ,(#980,#981,#982,#983,#984)
    ,(#985,#986,#987,#988,#989)
    ,(#990,#991,#992,#993,#994)
    ,(#995,#996,#997,#998,#999)
    ,(#1000,#1001,#1002,#1003,#1004)
    ,(#1005,#1006,#1007,#1008,#1009
)),.UNSPECIFIED.,.T.,.F.,.F.) B_SPLINE_SURFACE_WITH_KNOTS((1,2,2,2,2,1),
  (3,2,3),(-2.094395102393,0.,2.094395102393,4.188790204786,
    6.28318530718,8.377580409573),(-1.570796326795,0.,1.570796326795),
.UNSPECIFIED.) GEOMETRIC_REPRESENTATION_ITEM() RATIONAL_B_SPLINE_SURFACE
((
    (1.,0.707106781187,1.,0.707106781187,1.)
    ,(0.5,0.353553390593,0.5,0.353553390593,0.5)
    ,(1.,0.707106781187,1.,0.707106781187,1.)
    ,(0.5,0.353553390593,0.5,0.353553390593,0.5)
    ,(1.,0.707106781187,1.,0.707106781187,1.)
    ,(0.5,0.353553390593,0.5,0.353553390593,0.5)
,(1.,0.707106781187,1.,0.707106781187,1.
))) REPRESENTATION_ITEM('') SURFACE() );
#975 = CARTESIAN_POINT('',(79.,105.,-45.));
#976 = CARTESIAN_POINT('',(87.,105.,-45.));
#977 = CARTESIAN_POINT('',(87.,105.,-18.));
#978 = CARTESIAN_POINT('',(87.,105.,9.));
#979 = CARTESIAN_POINT('',(79.,105.,9.));
#980 = CARTESIAN_POINT('',(79.,105.,-45.));
#981 = CARTESIAN_POINT('',(87.,127.51666049839,-45.));
#982 = CARTESIAN_POINT('',(87.,127.51666049839,-18.));
#983 = CARTESIAN_POINT('',(87.,127.51666049839,9.));
#984 = CARTESIAN_POINT('',(79.,105.,9.));
#985 = CARTESIAN_POINT('',(79.,105.,-45.));
#986 = CARTESIAN_POINT('',(75.,116.25833024919,-45.));
#987 = CARTESIAN_POINT('',(75.,116.25833024919,-18.));
#988 = CARTESIAN_POINT('',(75.,116.25833024919,9.));
#989 = CARTESIAN_POINT('',(79.,105.,9.));
#990 = CARTESIAN_POINT('',(79.,105.,-45.));
#991 = CARTESIAN_POINT('',(63.,105.,-45.));
#992 = CARTESIAN_POINT('',(63.,105.,-18.));
#993 = CARTESIAN_POINT('',(63.,105.,9.));
#994 = CARTESIAN_POINT('',(79.,105.,9.));
#995 = CARTESIAN_POINT('',(79.,105.,-45.));
#996 = CARTESIAN_POINT('',(75.,93.741669750802,-45.));
#997 = CARTESIAN_POINT('',(75.,93.741669750802,-18.));
#998 = CARTESIAN_POINT('',(75.,93.741669750802,9.));
#999 = CARTESIAN_POINT('',(79.,105.,9.));
#1000 = CARTESIAN_POINT('',(79.,105.,-45.));
#1001 = CARTESIAN_POINT('',(87.,82.483339501605,-45.));
#1002 = CARTESIAN_POINT('',(87.,82.483339501605,-18.));
#1003 = CARTESIAN_POINT('',(87.,82.483339501605,9.));
#1004 = CARTESIAN_POINT('',(79.,105.,9.));
#1005 = CARTESIAN_POINT('',(79.,105.,-45.));
#1006 = CARTESIAN_POINT('',(87.,105.,-45.));
#1007 = CARTESIAN_POINT('',(87.,105.,-18.));
#1008 = CARTESIAN_POINT('',(87.,105.,9.));
#1009 = CARTESIAN_POINT('',(79.,105.,9.));
#1010 = ADVANCED_FACE('',(#1011),#1037,.T.);
#1011 = FACE_BOUND('',#1012,.T.);
#1012 = EDGE_LOOP('',(#1013,#1023,#1024,#1025,#1035,#1036));
#1013 = ORIENTED_EDGE('',*,*,#1014,.T.);
#1014 = EDGE_CURVE('',#656,#1015,#1017,.T.);
#1015 = VERTEX_POINT('',#1016);
#1016 = CARTESIAN_POINT('',(-79.,105.,9.));
#1017 = ( BOUNDED_CURVE() B_SPLINE_CURVE(2,(#1018,#1019,#1020,#1021,
#1022),.UNSPECIFIED.,.F.,.F.) B_SPLINE_CURVE_WITH_KNOTS((3,2,3),(
    4.712388980385,6.28318530718,7.853981633974),
.PIECEWISE_BEZIER_KNOTS.) CURVE() GEOMETRIC_REPRESENTATION_ITEM() 
RATIONAL_B_SPLINE_CURVE((1.,0.707106781187,1.,0.707106781187,1.)) 
REPRESENTATION_ITEM('') );
#1018 = CARTESIAN_POINT('',(-79.,105.,-45.));
#1019 = CARTESIAN_POINT('',(-71.,105.,-45.));
#1020 = CARTESIAN_POINT('',(-71.,105.,-18.));
#1021 = CARTESIAN_POINT('',(-71.,105.,9.));
#1022 = CARTESIAN_POINT('',(-79.,105.,9.));
#1023 = ORIENTED_EDGE('',*,*,#1014,.F.);
#1024 = ORIENTED_EDGE('',*,*,#653,.F.);
#1025 = ORIENTED_EDGE('',*,*,#1026,.F.);
#1026 = EDGE_CURVE('',#1027,#654,#1029,.T.);
#1027 = VERTEX_POINT('',#1028);
#1028 = CARTESIAN_POINT('',(-79.,105.,-45.));
#1029 = ( BOUNDED_CURVE() B_SPLINE_CURVE(2,(#1030,#1031,#1032,#1033,
#1034),.UNSPECIFIED.,.F.,.F.) B_SPLINE_CURVE_WITH_KNOTS((3,2,3),(
    4.712388980385,6.28318530718,7.853981633974),
.PIECEWISE_BEZIER_KNOTS.) CURVE() GEOMETRIC_REPRESENTATION_ITEM() 
RATIONAL_B_SPLINE_CURVE((1.,0.707106781187,1.,0.707106781187,1.)) 
REPRESENTATION_ITEM('') );
#1030 = CARTESIAN_POINT('',(-79.,105.,-45.));
#1031 = CARTESIAN_POINT('',(-71.,105.,-45.));
#1032 = CARTESIAN_POINT('',(-71.,105.,-18.));
#1033 = CARTESIAN_POINT('',(-71.,105.,9.));
#1034 = CARTESIAN_POINT('',(-79.,105.,9.));
#1035 = ORIENTED_EDGE('',*,*,#1026,.T.);
#1036 = ORIENTED_EDGE('',*,*,#740,.F.);
#1037 = ( BOUNDED_SURFACE() B_SPLINE_SURFACE(2,2,(
    (#1038,#1039,#1040,#1041,#1042)
    ,(#1043,#1044,#1045,#1046,#1047)
    ,(#1048,#1049,#1050,#1051,#1052)
    ,(#1053,#1054,#1055,#1056,#1057)
    ,(#1058,#1059,#1060,#1061,#1062)
    ,(#1063,#1064,#1065,#1066,#1067)
    ,(#1068,#1069,#1070,#1071,#1072
)),.UNSPECIFIED.,.T.,.F.,.F.) B_SPLINE_SURFACE_WITH_KNOTS((1,2,2,2,2,1),
  (3,2,3),(-2.094395102393,0.,2.094395102393,4.188790204786,
    6.28318530718,8.377580409573),(-1.570796326795,0.,1.570796326795),
.UNSPECIFIED.) GEOMETRIC_REPRESENTATION_ITEM() RATIONAL_B_SPLINE_SURFACE
((
    (1.,0.707106781187,1.,0.707106781187,1.)
    ,(0.5,0.353553390593,0.5,0.353553390593,0.5)
    ,(1.,0.707106781187,1.,0.707106781187,1.)
    ,(0.5,0.353553390593,0.5,0.353553390593,0.5)
    ,(1.,0.707106781187,1.,0.707106781187,1.)
    ,(0.5,0.353553390593,0.5,0.353553390593,0.5)
,(1.,0.707106781187,1.,0.707106781187,1.
))) REPRESENTATION_ITEM('') SURFACE() );
#1038 = CARTESIAN_POINT('',(-79.,105.,-45.));
#1039 = CARTESIAN_POINT('',(-71.,105.,-45.));
#1040 = CARTESIAN_POINT('',(-71.,105.,-18.));
#1041 = CARTESIAN_POINT('',(-71.,105.,9.));
#1042 = CARTESIAN_POINT('',(-79.,105.,9.));
#1043 = CARTESIAN_POINT('',(-79.,105.,-45.));
#1044 = CARTESIAN_POINT('',(-71.,127.51666049839,-45.));
#1045 = CARTESIAN_POINT('',(-71.,127.51666049839,-18.));
#1046 = CARTESIAN_POINT('',(-71.,127.51666049839,9.));
#1047 = CARTESIAN_POINT('',(-79.,105.,9.));
#1048 = CARTESIAN_POINT('',(-79.,105.,-45.));
#1049 = CARTESIAN_POINT('',(-83.,116.25833024919,-45.));
#1050 = CARTESIAN_POINT('',(-83.,116.25833024919,-18.));
#1051 = CARTESIAN_POINT('',(-83.,116.25833024919,9.));
#1052 = CARTESIAN_POINT('',(-79.,105.,9.));
#1053 = CARTESIAN_POINT('',(-79.,105.,-45.));
#1054 = CARTESIAN_POINT('',(-95.,105.,-45.));
#1055 = CARTESIAN_POINT('',(-95.,105.,-18.));
#1056 = CARTESIAN_POINT('',(-95.,105.,9.));
#1057 = CARTESIAN_POINT('',(-79.,105.,9.));
#1058 = CARTESIAN_POINT('',(-79.,105.,-45.));
#1059 = CARTESIAN_POINT('',(-83.,93.741669750802,-45.));
#1060 = CARTESIAN_POINT('',(-83.,93.741669750802,-18.));
#1061 = CARTESIAN_POINT('',(-83.,93.741669750802,9.));
#1062 = CARTESIAN_POINT('',(-79.,105.,9.));
#1063 = CARTESIAN_POINT('',(-79.,105.,-45.));
#1064 = CARTESIAN_POINT('',(-71.,82.483339501605,-45.));
#1065 = CARTESIAN_POINT('',(-71.,82.483339501605,-18.));
#1066 = CARTESIAN_POINT('',(-71.,82.483339501605,9.));
#1067 = CARTESIAN_POINT('',(-79.,105.,9.));
#1068 = CARTESIAN_POINT('',(-79.,105.,-45.));
#1069 = CARTESIAN_POINT('',(-71.,105.,-45.));
#1070 = CARTESIAN_POINT('',(-71.,105.,-18.));
#1071 = CARTESIAN_POINT('',(-71.,105.,9.));
#1072 = CARTESIAN_POINT('',(-79.,105.,9.));
#1073 = MANIFOLD_SOLID_BREP('',#1074);
#1074 = CLOSED_SHELL('',(#1075,#2177,#2229,#2282));
#1075 = ADVANCED_FACE('',(#1076,#1803),#2141,.T.);
#1076 = FACE_BOUND('',#1077,.T.);
#1077 = EDGE_LOOP('',(#1078,#1423,#1482,#1492,#1583,#1593,#1594,#1643,
    #1802));
#1078 = ORIENTED_EDGE('',*,*,#1079,.T.);
#1079 = EDGE_CURVE('',#1080,#1082,#1084,.T.);
#1080 = VERTEX_POINT('',#1081);
#1081 = CARTESIAN_POINT('',(36.423996191358,96.,-81.03381118158));
#1082 = VERTEX_POINT('',#1083);
#1083 = CARTESIAN_POINT('',(68.123450198325,55.,-24.14983532401));
#1084 = B_SPLINE_CURVE_WITH_KNOTS('',8,(#1085,#1086,#1087,#1088,#1089,
    #1090,#1091,#1092,#1093,#1094,#1095,#1096,#1097,#1098,#1099,#1100,
    #1101,#1102,#1103,#1104,#1105,#1106,#1107,#1108,#1109,#1110,#1111,
    #1112,#1113,#1114,#1115,#1116,#1117,#1118,#1119,#1120,#1121,#1122,
    #1123,#1124,#1125,#1126,#1127,#1128,#1129,#1130,#1131,#1132,#1133,
    #1134,#1135,#1136,#1137,#1138,#1139,#1140,#1141,#1142,#1143,#1144,
    #1145,#1146,#1147,#1148,#1149,#1150,#1151,#1152,#1153,#1154,#1155,
    #1156,#1157,#1158,#1159,#1160,#1161,#1162,#1163,#1164,#1165,#1166,
    #1167,#1168,#1169,#1170,#1171,#1172,#1173,#1174,#1175,#1176,#1177,
    #1178,#1179,#1180,#1181,#1182,#1183,#1184,#1185,#1186,#1187,#1188,
    #1189,#1190,#1191,#1192,#1193,#1194,#1195,#1196,#1197,#1198,#1199,
    #1200,#1201,#1202,#1203,#1204,#1205,#1206,#1207,#1208,#1209,#1210,
    #1211,#1212,#1213,#1214,#1215,#1216,#1217,#1218,#1219,#1220,#1221,
    #1222,#1223,#1224,#1225,#1226,#1227,#1228,#1229,#1230,#1231,#1232,
    #1233,#1234,#1235,#1236,#1237,#1238,#1239,#1240,#1241,#1242,#1243,
    #1244,#1245,#1246,#1247,#1248,#1249,#1250,#1251,#1252,#1253,#1254,
    #1255,#1256,#1257,#1258,#1259,#1260,#1261,#1262,#1263,#1264,#1265,
    #1266,#1267,#1268,#1269,#1270,#1271,#1272,#1273,#1274,#1275,#1276,
    #1277,#1278,#1279,#1280,#1281,#1282,#1283,#1284,#1285,#1286,#1287,
    #1288,#1289,#1290,#1291,#1292,#1293,#1294,#1295,#1296,#1297,#1298,
    #1299,#1300,#1301,#1302,#1303,#1304,#1305,#1306,#1307,#1308,#1309,
    #1310,#1311,#1312,#1313,#1314,#1315,#1316,#1317,#1318,#1319,#1320,
    #1321,#1322,#1323,#1324,#1325,#1326,#1327,#1328,#1329,#1330,#1331,
    #1332,#1333,#1334,#1335,#1336,#1337,#1338,#1339,#1340,#1341,#1342,
    #1343,#1344,#1345,#1346,#1347,#1348,#1349,#1350,#1351,#1352,#1353,
    #1354,#1355,#1356,#1357,#1358,#1359,#1360,#1361,#1362,#1363,#1364,
    #1365,#1366,#1367,#1368,#1369,#1370,#1371,#1372,#1373,#1374,#1375,
    #1376,#1377,#1378,#1379,#1380,#1381,#1382,#1383,#1384,#1385,#1386,
    #1387,#1388,#1389,#1390,#1391,#1392,#1393,#1394,#1395,#1396,#1397,
    #1398,#1399,#1400,#1401,#1402,#1403,#1404,#1405,#1406,#1407,#1408,
    #1409,#1410,#1411,#1412,#1413,#1414,#1415,#1416,#1417,#1418,#1419,
    #1420,#1421,#1422),.UNSPECIFIED.,.F.,.F.,(9,7,7,7,7,7,7,7,7,7,7,7,7,
    7,7,7,7,7,7,7,7,7,7,7,7,7,7,7,7,7,7,7,7,7,7,7,7,7,7,7,7,7,7,7,7,7,7,
    7,9),(0.,3.812662319919E-02,6.551317342012E-02,8.575701309423E-02,
    0.106223090571,0.115123222365,0.122885100997,0.129360343687,
    0.130416101204,0.134577831079,0.139604143702,0.143750561421,
    0.1480345652,0.153199726257,0.16383291244,0.192226238378,
    0.221043396227,0.230200808707,0.233755293588,0.25916406174,
    0.331095660958,0.403204392865,0.417248928564,0.424225107858,
    0.42729397914,0.430239161771,0.46041666576,0.486475668799,
    0.501142405201,0.530655723835,0.570231698645,0.590495640077,
    0.611526767065,0.625124981408,0.633695157716,0.636868974544,
    0.639745173275,0.650004521575,0.655254568818,0.657710750469,
    0.66050655277,0.701585210731,0.746845528005,0.792037947017,
    0.833409025902,0.906004422812,0.927653330725,0.96947144105,1.),
  .UNSPECIFIED.);
#1085 = CARTESIAN_POINT('',(36.423996191358,96.,-81.03381118158));
#1086 = CARTESIAN_POINT('',(35.232710343798,96.295112973671,
    -81.79530894739));
#1087 = CARTESIAN_POINT('',(34.022156625634,96.576245501688,
    -82.53207559047));
#1088 = CARTESIAN_POINT('',(32.792928744812,96.843598316803,
    -83.24315544908));
#1089 = CARTESIAN_POINT('',(31.545661034597,97.097363014591,
    -83.92760696036));
#1090 = CARTESIAN_POINT('',(30.281030951038,97.337721761992,
    -84.58450746082));
#1091 = CARTESIAN_POINT('',(28.999761883563,97.564846833486,
    -85.21295857108));
#1092 = CARTESIAN_POINT('',(27.702626278716,97.778899974906,
    -85.81209216483));
#1093 = CARTESIAN_POINT('',(25.447905421725,98.124505477126,
    -86.78978161144));
#1094 = CARTESIAN_POINT('',(24.497599594067,98.262312547438,
    -87.18293120641));
#1095 = CARTESIAN_POINT('',(23.539837490905,98.393508498666,
    -87.56021745731));
#1096 = CARTESIAN_POINT('',(22.574937504771,98.518146289268,
    -87.9213426463));
#1097 = CARTESIAN_POINT('',(21.603230898755,98.636275929493,
    -88.26602069944));
#1098 = CARTESIAN_POINT('',(20.625062315369,98.747944305705,
    -88.59397841516));
#1099 = CARTESIAN_POINT('',(19.640790419407,98.853195042851,
    -88.90495680893));
#1100 = CARTESIAN_POINT('',(17.918990166516,99.025154517615,
    -89.41585363647));
#1101 = CARTESIAN_POINT('',(17.18406099783,99.094756019013,
    -89.62358421329));
#1102 = CARTESIAN_POINT('',(16.446150984303,99.160889273649,
    -89.82180633532));
#1103 = CARTESIAN_POINT('',(15.705414524932,99.223569614079,
    -90.01042662714));
#1104 = CARTESIAN_POINT('',(14.962010673715,99.282811321764,
    -90.18935663036));
#1105 = CARTESIAN_POINT('',(14.216103471213,99.338627624291,
    -90.35851315924));
#1106 = CARTESIAN_POINT('',(13.467862536074,99.391030709048,
    -90.51781868893));
#1107 = CARTESIAN_POINT('',(11.958827387779,99.489570735382,
    -90.81822480395));
#1108 = CARTESIAN_POINT('',(11.19801622759,99.535630558273,
    -90.95910019736));
#1109 = CARTESIAN_POINT('',(10.435180594514,99.578225406034,
    -91.08976210032));
#1110 = CARTESIAN_POINT('',(9.670500275754,99.617365926408,
    -91.21014358658));
#1111 = CARTESIAN_POINT('',(8.904190656662,99.653060302816,
    -91.32018004053));
#1112 = CARTESIAN_POINT('',(8.136504696157,99.685315098662,
    -91.41981200487));
#1113 = CARTESIAN_POINT('',(7.367744067738,99.714136292531,
    -91.50898869222));
#1114 = CARTESIAN_POINT('',(6.263679447329,99.750574346897,
    -91.62189114806));
#1115 = CARTESIAN_POINT('',(5.928956209729,99.760969080328,
    -91.65412264439));
#1116 = CARTESIAN_POINT('',(5.594149140971,99.770716026187,
    -91.68436582534));
#1117 = CARTESIAN_POINT('',(5.25930267682,99.779815555192,
    -91.71261740756));
#1118 = CARTESIAN_POINT('',(4.924481603767,99.788267762432,
    -91.73887363716));
#1119 = CARTESIAN_POINT('',(4.589772673051,99.796072767811,
    -91.76313122337));
#1120 = CARTESIAN_POINT('',(4.255285685831,99.803231060198,
    -91.78538841426));
#1121 = CARTESIAN_POINT('',(3.629755084075,99.815423780225,
    -91.8233132299));
#1122 = CARTESIAN_POINT('',(3.338637344141,99.82061250406,
    -91.83945879621));
#1123 = CARTESIAN_POINT('',(3.047897434277,99.825310881727,
    -91.85408357708));
#1124 = CARTESIAN_POINT('',(2.757666669007,99.829519619626,
    -91.86718809375));
#1125 = CARTESIAN_POINT('',(2.468113781866,99.833240143949,
    -91.8787753419));
#1126 = CARTESIAN_POINT('',(2.179433723706,99.836475194945,
    -91.88885264618));
#1127 = CARTESIAN_POINT('',(1.891822550236,99.839229177073,
    -91.89743275254));
#1128 = CARTESIAN_POINT('',(1.366526277157,99.843409550155,
    -91.9104583686));
#1129 = CARTESIAN_POINT('',(1.12843837681,99.844980596225,
    -91.91535429877));
#1130 = CARTESIAN_POINT('',(0.891283569965,99.846224524478,
    -91.91923124054));
#1131 = CARTESIAN_POINT('',(0.65509865819,99.847146098045,-91.9221037176
    ));
#1132 = CARTESIAN_POINT('',(0.419822052185,99.847750476506,
    -91.92398759675));
#1133 = CARTESIAN_POINT('',(0.185293793421,99.848042153841,
    -91.92489677092));
#1134 = CARTESIAN_POINT('',(-4.871808233947E-02,99.848024079804,
    -91.92484041416));
#1135 = CARTESIAN_POINT('',(-0.320576136483,99.847643631525,
    -91.92365457106));
#1136 = CARTESIAN_POINT('',(-0.358680534121,99.847582083778,
    -91.92346272961));
#1137 = CARTESIAN_POINT('',(-0.396779148106,99.847512324967,
    -91.92324529543));
#1138 = CARTESIAN_POINT('',(-0.434873090456,99.847434357208,
    -91.9230022755));
#1139 = CARTESIAN_POINT('',(-0.47296346967,99.847348181252,
    -91.92273367258));
#1140 = CARTESIAN_POINT('',(-0.511051390736,99.847253796489,
    -91.92243948528));
#1141 = CARTESIAN_POINT('',(-0.549137955122,99.847151200946,
    -91.922119708));
#1142 = CARTESIAN_POINT('',(-0.737358087557,99.846603586908,
    -91.92041287745));
#1143 = CARTESIAN_POINT('',(-0.887486721264,99.846039146351,
    -91.91865363869));
#1144 = CARTESIAN_POINT('',(-1.037678421072,99.845346871859,
    -91.91649603672));
#1145 = CARTESIAN_POINT('',(-1.187995236167,99.844526238803,
    -91.91393849041));
#1146 = CARTESIAN_POINT('',(-1.338489439699,99.843576473986,
    -91.91097866017));
#1147 = CARTESIAN_POINT('',(-1.489201575873,99.842496638209,
    -91.9076137059));
#1148 = CARTESIAN_POINT('',(-1.6401601202,99.841285713105,
    -91.90384055834));
#1149 = CARTESIAN_POINT('',(-1.974021283042,99.838320662978,
    -91.89460256262));
#1150 = CARTESIAN_POINT('',(-2.157883768893,99.836498504597,
    -91.88892591038));
#1151 = CARTESIAN_POINT('',(-2.342763744303,99.834473490633,
    -91.88261797514));
#1152 = CARTESIAN_POINT('',(-2.528472073008,99.832243901954,
    -91.87567366752));
#1153 = CARTESIAN_POINT('',(-2.714844965012,99.829808780777,
    -91.86809031259));
#1154 = CARTESIAN_POINT('',(-2.901749104305,99.827167652483,
    -91.85986678213));
#1155 = CARTESIAN_POINT('',(-3.089083887891,99.824320215223,
    -91.85100252735));
#1156 = CARTESIAN_POINT('',(-3.431619872398,99.818746444815,
    -91.83365460134));
#1157 = CARTESIAN_POINT('',(-3.586696804327,99.816086314321,
    -91.82537639663));
#1158 = CARTESIAN_POINT('',(-3.741968439811,99.813285452318,
    -91.81666166284));
#1159 = CARTESIAN_POINT('',(-3.897397699212,99.810343805855,
    -91.80751049667));
#1160 = CARTESIAN_POINT('',(-4.05295338822,99.807261382215,
    -91.79792320105));
#1161 = CARTESIAN_POINT('',(-4.208610030692,99.804038208585,
    -91.78790015951));
#1162 = CARTESIAN_POINT('',(-4.364347701492,99.80067429172,
    -91.77744171058));
#1163 = CARTESIAN_POINT('',(-4.681125896804,99.793548570706,
    -91.7552928614));
#1164 = CARTESIAN_POINT('',(-4.842168113138,99.789777330596,
    -91.74357329338));
#1165 = CARTESIAN_POINT('',(-5.003260897585,99.785855844843,
    -91.73138965007));
#1166 = CARTESIAN_POINT('',(-5.164389060501,99.78178412381,
    -91.71874235522));
#1167 = CARTESIAN_POINT('',(-5.325539702728,99.77756218674,
    -91.7056318811));
#1168 = CARTESIAN_POINT('',(-5.486702084958,99.773190047846,
    -91.69205870515));
#1169 = CARTESIAN_POINT('',(-5.647867497102,99.76866770239,
    -91.67802326678));
#1170 = CARTESIAN_POINT('',(-6.003339362104,99.758361439794,
    -91.64604668976));
#1171 = CARTESIAN_POINT('',(-6.197642596451,99.752509404178,
    -91.62789613177));
#1172 = CARTESIAN_POINT('',(-6.391926227454,99.74643896899,
    -91.60907496756));
#1173 = CARTESIAN_POINT('',(-6.586179243188,99.740150104627,
    -91.58958398105));
#1174 = CARTESIAN_POINT('',(-6.780392112864,99.733642779163,
    -91.5694239924));
#1175 = CARTESIAN_POINT('',(-6.97455667666,99.72691694869,
    -91.54859582797));
#1176 = CARTESIAN_POINT('',(-7.168666035545,99.71997254766,
    -91.52710029013));
#1177 = CARTESIAN_POINT('',(-7.762189462925,99.698063329691,
    -91.45931430401));
#1178 = CARTESIAN_POINT('',(-8.161401299212,99.682390653133,
    -91.41086589771));
#1179 = CARTESIAN_POINT('',(-8.560300157695,99.665790647265,
    -91.35959956859));
#1180 = CARTESIAN_POINT('',(-8.958842697828,99.648262500527,
    -91.30552272096));
#1181 = CARTESIAN_POINT('',(-9.356990773403,99.629805328133,
    -91.24864329353));
#1182 = CARTESIAN_POINT('',(-9.754710556131,99.61041811237,
    -91.18896956534));
#1183 = CARTESIAN_POINT('',(-10.15197204017,99.59009964715,
    -91.12650997697));
#1184 = CARTESIAN_POINT('',(-11.60824466982,99.512102454434,
    -90.88707346898));
#1185 = CARTESIAN_POINT('',(-12.66425607665,99.448707602624,
    -90.69307496066));
#1186 = CARTESIAN_POINT('',(-13.71625720335,99.378638347257,
    -90.47944401754));
#1187 = CARTESIAN_POINT('',(-14.76376070756,99.301865414808,
    -90.2463730857));
#1188 = CARTESIAN_POINT('',(-15.80630129009,99.218355426619,
    -89.99407763853));
#1189 = CARTESIAN_POINT('',(-16.84343594278,99.128070772087,
    -89.72279397183));
#1190 = CARTESIAN_POINT('',(-17.87474030098,99.030969548741,
    -89.43277705136));
#1191 = CARTESIAN_POINT('',(-19.94017795416,98.821489713395,
    -88.81121540114));
#1192 = CARTESIAN_POINT('',(-20.97411972724,98.708905085877,
    -88.47911658065));
#1193 = CARTESIAN_POINT('',(-22.00120237377,98.589204227129,
    -88.12828855485));
#1194 = CARTESIAN_POINT('',(-23.02101236635,98.462335547116,
    -87.75903668947));
#1195 = CARTESIAN_POINT('',(-24.03315314029,98.328243468561,
    -87.37168341551));
#1196 = CARTESIAN_POINT('',(-25.03724433416,98.186868611444,
    -86.96656651692));
#1197 = CARTESIAN_POINT('',(-26.03292117189,98.038148024214,
    -86.5440375711));
#1198 = CARTESIAN_POINT('',(-27.3334515824,97.832400218647,-85.964773342
    ));
#1199 = CARTESIAN_POINT('',(-27.64618426278,97.782036486188,
    -85.82336454473));
#1200 = CARTESIAN_POINT('',(-27.95802084921,97.730922130195,
    -85.68024582135));
#1201 = CARTESIAN_POINT('',(-28.26895032507,97.679054981263,
    -85.53542895173));
#1202 = CARTESIAN_POINT('',(-28.57896183575,97.626432834703,
    -85.38892582456));
#1203 = CARTESIAN_POINT('',(-28.88804468869,97.573053450548,
    -85.24074843736));
#1204 = CARTESIAN_POINT('',(-29.19618835333,97.51891455355,
    -85.09090889646));
#1205 = CARTESIAN_POINT('',(-29.6226210354,97.442703907597,
    -84.88061819188));
#1206 = CARTESIAN_POINT('',(-29.74171659554,97.421279193894,
    -84.82156835472));
#1207 = CARTESIAN_POINT('',(-29.86066842572,97.399739577295,
    -84.76227067481));
#1208 = CARTESIAN_POINT('',(-29.9794759492,97.378084917222,
    -84.70272585503));
#1209 = CARTESIAN_POINT('',(-30.09813865771,97.35631506025,
    -84.64293456739));
#1210 = CARTESIAN_POINT('',(-30.21665604072,97.334429853067,
    -84.58289748857));
#1211 = CARTESIAN_POINT('',(-30.33502751482,97.312429155435,
    -84.52261533546));
#1212 = CARTESIAN_POINT('',(-31.29836707842,97.132217370704,
    -84.02942364137));
#1213 = CARTESIAN_POINT('',(-32.1359926552,96.968213902846,
    -83.58427386936));
#1214 = CARTESIAN_POINT('',(-32.96591357483,96.798251637134,
    -83.12690418249));
#1215 = CARTESIAN_POINT('',(-33.78792374995,96.622277761161,
    -82.65758442596));
#1216 = CARTESIAN_POINT('',(-34.60182612224,96.440237517232,
    -82.17658899999));
#1217 = CARTESIAN_POINT('',(-35.40743227026,96.252074257055,
    -81.68419616748));
#1218 = CARTESIAN_POINT('',(-36.20456201731,96.057729496415,
    -81.18068736156));
#1219 = CARTESIAN_POINT('',(-39.22521358561,95.28928759674,
    -79.21026023373));
#1220 = CARTESIAN_POINT('',(-41.38799024586,94.671427211285,
    -77.66741228689));
#1221 = CARTESIAN_POINT('',(-43.47757640624,94.002176621938,
    -76.0441905571));
#1222 = CARTESIAN_POINT('',(-45.49057015152,93.280038807527,
    -74.34717670865));
#1223 = CARTESIAN_POINT('',(-47.42391783394,92.503435177627,
    -72.58307949437));
#1224 = CARTESIAN_POINT('',(-49.27486202963,91.670711626326,
    -70.75867297422));
#1225 = CARTESIAN_POINT('',(-51.04088388236,90.780120379403,
    -68.88073962389));
#1226 = CARTESIAN_POINT('',(-54.40252962863,88.877094633068,
    -65.02655729209));
#1227 = CARTESIAN_POINT('',(-55.99751936533,87.86447860041,
    -63.05030986522));
#1228 = CARTESIAN_POINT('',(-57.50235374158,86.790016324077,
    -61.0340019624));
#1229 = CARTESIAN_POINT('',(-58.9146459324,85.651793692692,
    -58.98462129725));
#1230 = CARTESIAN_POINT('',(-60.23192889786,84.44793310924,
    -56.90943164076));
#1231 = CARTESIAN_POINT('',(-61.45167042113,83.176611378906,
    -54.81597437816));
#1232 = CARTESIAN_POINT('',(-62.5712518778,81.83605807187,
    -52.71205736912));
#1233 = CARTESIAN_POINT('',(-63.78592419425,80.149613448707,
    -50.19548435639));
#1234 = CARTESIAN_POINT('',(-63.9800300426,79.872004791307,
    -49.78515293649));
#1235 = CARTESIAN_POINT('',(-64.17020714908,79.591696872601,
    -49.3747982161));
#1236 = CARTESIAN_POINT('',(-64.35643407837,79.308678633799,
    -48.96448235249));
#1237 = CARTESIAN_POINT('',(-64.53868909228,79.02293947357,
    -48.55426829576));
#1238 = CARTESIAN_POINT('',(-64.71695014973,78.734469248044,
    -48.14421978882));
#1239 = CARTESIAN_POINT('',(-64.89119490682,78.443258270806,
    -47.73440136743));
#1240 = CARTESIAN_POINT('',(-65.14594507812,78.003281501975,
    -47.121460745));
#1241 = CARTESIAN_POINT('',(-65.22949291244,77.856587212466,
    -46.91811603065));
#1242 = CARTESIAN_POINT('',(-65.31204144319,77.709213323586,
    -46.71485223067));
#1243 = CARTESIAN_POINT('',(-65.3935878754,77.56115875258,
    -46.51167741262));
#1244 = CARTESIAN_POINT('',(-65.47412939557,77.412422454733,
    -46.30859969816));
#1245 = CARTESIAN_POINT('',(-65.55366317172,77.263003423365,
    -46.10562726299));
#1246 = CARTESIAN_POINT('',(-65.63218635339,77.112900689835,
    -45.90276833686));
#1247 = CARTESIAN_POINT('',(-65.74379290703,76.895780627169,
    -45.61084577972));
#1248 = CARTESIAN_POINT('',(-65.78141713529,76.822075963214,
    -45.51194807314));
#1249 = CARTESIAN_POINT('',(-65.81940646483,76.746937891157,
    -45.41140808462));
#1250 = CARTESIAN_POINT('',(-65.8559777314,76.673902807388,
    -45.31395469385));
#1251 = CARTESIAN_POINT('',(-65.89065741121,76.604059305193,
    -45.22098595792));
#1252 = CARTESIAN_POINT('',(-65.92421213413,76.536002534744,
    -45.13057940988));
#1253 = CARTESIAN_POINT('',(-65.95857919688,76.465788563089,
    -45.03750235723));
#1254 = CARTESIAN_POINT('',(-66.0334738427,76.31116822363,
    -44.83314517581));
#1255 = CARTESIAN_POINT('',(-66.07289449415,76.22910321724,
    -44.72493844577));
#1256 = CARTESIAN_POINT('',(-66.11265870038,76.145437928245,
    -44.61495382695));
#1257 = CARTESIAN_POINT('',(-66.15140382278,76.06303467707,
    -44.50695671125));
#1258 = CARTESIAN_POINT('',(-66.18874469757,75.982833351918,
    -44.40213524217));
#1259 = CARTESIAN_POINT('',(-66.22521341901,75.903810869392,
    -44.29910951107));
#1260 = CARTESIAN_POINT('',(-66.26219912257,75.82294063512,
    -44.19394075345));
#1261 = CARTESIAN_POINT('',(-66.70854930577,74.835631523643,
    -42.91410000033));
#1262 = CARTESIAN_POINT('',(-67.0807542387,73.913076341441,
    -41.75383178108));
#1263 = CARTESIAN_POINT('',(-67.41793842826,72.967338500208,
    -40.60097378386));
#1264 = CARTESIAN_POINT('',(-67.71950983614,71.998339041982,
    -39.45724834333));
#1265 = CARTESIAN_POINT('',(-67.98485810658,71.006077238512,
    -38.32445669253));
#1266 = CARTESIAN_POINT('',(-68.21336408317,69.990642376327,
    -37.20447115224));
#1267 = CARTESIAN_POINT('',(-68.40440926045,68.952228096781,
    -36.09922504958));
#1268 = CARTESIAN_POINT('',(-68.68948356037,66.974882135288,
    -34.07073302727));
#1269 = CARTESIAN_POINT('',(-68.79319365286,66.041723000204,
    -33.14324284505));
#1270 = CARTESIAN_POINT('',(-68.86812333549,65.091883176377,
    -32.22951382833));
#1271 = CARTESIAN_POINT('',(-68.91388711135,64.125652082947,
    -31.33086555126));
#1272 = CARTESIAN_POINT('',(-68.93011305506,63.143405394207,
    -30.44864447732));
#1273 = CARTESIAN_POINT('',(-68.91645157727,62.145615127251,
    -29.58421314901));
#1274 = CARTESIAN_POINT('',(-68.87258599741,61.132861690696,
    -28.73893724301));
#1275 = CARTESIAN_POINT('',(-68.75640371106,59.527815789003,
    -27.4499686611));
#1276 = CARTESIAN_POINT('',(-68.70490851311,58.945265159707,
    -26.99226269282));
#1277 = CARTESIAN_POINT('',(-68.64371104174,58.358321562574,
    -26.54129407521));
#1278 = CARTESIAN_POINT('',(-68.57276740227,57.767121475774,
    -26.09730209736));
#1279 = CARTESIAN_POINT('',(-68.49203881756,57.171812943888,
    -25.66052285209));
#1280 = CARTESIAN_POINT('',(-68.40149235108,56.572556222124,
    -25.23118823972));
#1281 = CARTESIAN_POINT('',(-68.30110162989,55.96952442054,
    -24.80952497179));
#1282 = CARTESIAN_POINT('',(-67.96898748088,54.142225152708,
    -23.56313702087));
#1283 = CARTESIAN_POINT('',(-67.70717859873,52.906957697263,
    -22.76243654342));
#1284 = CARTESIAN_POINT('',(-67.40527098964,51.658685766106,
    -21.99549813123));
#1285 = CARTESIAN_POINT('',(-67.06323481832,50.399135230545,
    -21.26399782721));
#1286 = CARTESIAN_POINT('',(-66.68116433935,49.130185119305,
    -20.56941928958));
#1287 = CARTESIAN_POINT('',(-66.25929222958,47.853877710613,
    -19.91302800416));
#1288 = CARTESIAN_POINT('',(-65.79801425939,46.572427446076,
    -19.29584214758));
#1289 = CARTESIAN_POINT('',(-64.62732747402,43.566178357804,
    -17.94454540147));
#1290 = CARTESIAN_POINT('',(-63.88677712018,41.838768344643,
    -17.24212955423));
#1291 = CARTESIAN_POINT('',(-63.0777356277,40.11198245427,
    -16.61328769291));
#1292 = CARTESIAN_POINT('',(-62.20205551997,38.391637005236,
    -16.05867058677));
#1293 = CARTESIAN_POINT('',(-61.26189287496,36.683385444799,
    -15.57776732716));
#1294 = CARTESIAN_POINT('',(-60.25966002375,34.992703938102,
    -15.16902532575));
#1295 = CARTESIAN_POINT('',(-59.19801753011,33.324857908995,
    -14.82996762552));
#1296 = CARTESIAN_POINT('',(-57.50740253272,30.845122098599,
    -14.41769842921));
#1297 = CARTESIAN_POINT('',(-56.92004914482,30.012626396602,
    -14.29548633492));
#1298 = CARTESIAN_POINT('',(-56.31820732953,29.187994637648,
    -14.1902279342));
#1299 = CARTESIAN_POINT('',(-55.70223747481,28.371819932673,
    -14.10142623496));
#1300 = CARTESIAN_POINT('',(-55.07249623094,27.564657134516,
    -14.02853792468));
#1301 = CARTESIAN_POINT('',(-54.42933442717,26.767023680026,
    -13.97098073481));
#1302 = CARTESIAN_POINT('',(-53.77309498847,25.979400432183,
    -13.92814080519));
#1303 = CARTESIAN_POINT('',(-52.40979921518,24.39564132037,
    -13.86953027334));
#1304 = CARTESIAN_POINT('',(-51.70176018782,23.600312648503,
    -13.85484599259));
#1305 = CARTESIAN_POINT('',(-50.98036238083,22.816739953578,
    -13.85461244196));
#1306 = CARTESIAN_POINT('',(-50.24596348866,22.045376420654,
    -13.86808737531));
#1307 = CARTESIAN_POINT('',(-49.4989085841,21.286636774529,
    -13.89450751259));
#1308 = CARTESIAN_POINT('',(-48.73952841285,20.54089908139,
    -13.9330949877));
#1309 = CARTESIAN_POINT('',(-47.9681376882,19.808506550467,
    -13.98306379645));
#1310 = CARTESIAN_POINT('',(-46.67869720861,18.625051372396,
    -14.08278439221));
#1311 = CARTESIAN_POINT('',(-46.1674654533,18.166043472308,
    -14.12637109726));
#1312 = CARTESIAN_POINT('',(-45.6514188343,17.712829870331,
    -14.17417315394));
#1313 = CARTESIAN_POINT('',(-45.1306361655,17.265490113103,
    -14.22597682272));
#1314 = CARTESIAN_POINT('',(-44.60519425625,16.824099235974,
    -14.28156828505));
#1315 = CARTESIAN_POINT('',(-44.0751678075,16.388727939997,
    -14.34073409833));
#1316 = CARTESIAN_POINT('',(-43.54062930798,15.959442768913,
    -14.40326165072));
#1317 = CARTESIAN_POINT('',(-42.66196044508,15.269627569788,
    -14.5103326573));
#1318 = CARTESIAN_POINT('',(-42.32050782871,15.005391343362,
    -14.5529770784));
#1319 = CARTESIAN_POINT('',(-41.97730875352,14.743613312724,
    -14.59681988244));
#1320 = CARTESIAN_POINT('',(-41.63238067085,14.484308701994,
    -14.64180831415));
#1321 = CARTESIAN_POINT('',(-41.285740811,14.227492253562,
    -14.68788985994));
#1322 = CARTESIAN_POINT('',(-40.93740618325,13.973178228082,
    -14.73501224784));
#1323 = CARTESIAN_POINT('',(-40.58739357584,13.721380404478,
    -14.7831234476));
#1324 = CARTESIAN_POINT('',(-40.10548308936,13.379799992825,
    -14.85033604239));
#1325 = CARTESIAN_POINT('',(-39.98076263306,13.291905195829,
    -14.86782706545));
#1326 = CARTESIAN_POINT('',(-39.85739062234,13.205398360908,
    -14.88521043637));
#1327 = CARTESIAN_POINT('',(-39.73275720698,13.118442625368,
    -14.90285026408));
#1328 = CARTESIAN_POINT('',(-39.60583125714,13.030356061072,
    -14.92089683154));
#1329 = CARTESIAN_POINT('',(-39.47718136916,12.941574143652,
    -14.93927435741));
#1330 = CARTESIAN_POINT('',(-39.3489968714,12.853612221716,
    -14.95766875769));
#1331 = CARTESIAN_POINT('',(-39.11283811763,12.692375518992,
    -14.99168868802));
#1332 = CARTESIAN_POINT('',(-39.00040552391,12.615977742473,
    -15.00794429538));
#1333 = CARTESIAN_POINT('',(-38.88781151815,12.539835024631,
    -15.02428062786));
#1334 = CARTESIAN_POINT('',(-38.77505658084,12.463947738701,
    -15.04069608547));
#1335 = CARTESIAN_POINT('',(-38.66214120375,12.388316263019,
    -15.0571890699));
#1336 = CARTESIAN_POINT('',(-38.54906588989,12.31294098103,
    -15.07375798442));
#1337 = CARTESIAN_POINT('',(-38.43583115358,12.237822281284,
    -15.09040123398));
#1338 = CARTESIAN_POINT('',(-37.91796450441,11.895930150076,
    -15.16674283486));
#1339 = CARTESIAN_POINT('',(-37.51146971986,11.632169306283,
    -15.22729403664));
#1340 = CARTESIAN_POINT('',(-37.10297610127,11.371695233858,
    -15.2886985589));
#1341 = CARTESIAN_POINT('',(-36.69250653032,11.114524705174,
    -15.35088477538));
#1342 = CARTESIAN_POINT('',(-36.28008383579,10.860674057173,
    -15.41378170515));
#1343 = CARTESIAN_POINT('',(-35.86573079363,10.610159191366,
    -15.47731901262));
#1344 = CARTESIAN_POINT('',(-35.44947012691,10.362995573833,
    -15.54142700752));
#1345 = CARTESIAN_POINT('',(-34.81734558594,9.994439091499,
    -15.63909954134));
#1346 = CARTESIAN_POINT('',(-34.60287307742,9.870561497615,-15.672293818
    ));
#1347 = CARTESIAN_POINT('',(-34.3879100269,9.747567476014,
    -15.70561023013));
#1348 = CARTESIAN_POINT('',(-34.17245948896,9.625459027786,-15.739039584
    ));
#1349 = CARTESIAN_POINT('',(-33.95652452613,9.504238132669,
    -15.77257273693));
#1350 = CARTESIAN_POINT('',(-33.74010820885,9.38390674905,
    -15.80620059726));
#1351 = CARTESIAN_POINT('',(-33.52321361549,9.264466813964,
    -15.83991412436));
#1352 = CARTESIAN_POINT('',(-33.20414957184,9.090459425371,
    -15.88951273526));
#1353 = CARTESIAN_POINT('',(-33.10235127121,9.035194124599,
    -15.90533793022));
#1354 = CARTESIAN_POINT('',(-33.00044928364,8.980124556515,
    -15.92117898748));
#1355 = CARTESIAN_POINT('',(-32.89844394334,8.92525092567,
    -15.93703498665));
#1356 = CARTESIAN_POINT('',(-32.79633556561,8.870573425427,
    -15.95290501297));
#1357 = CARTESIAN_POINT('',(-32.69412444677,8.816092237959,
    -15.96878815734));
#1358 = CARTESIAN_POINT('',(-32.59181086423,8.761807534255,
    -15.98468351629));
#1359 = CARTESIAN_POINT('',(-32.37281807347,8.646152560866,
    -16.01869631236));
#1360 = CARTESIAN_POINT('',(-32.25610865752,8.584840437612,
    -16.03681709391));
#1361 = CARTESIAN_POINT('',(-32.1392673005,8.523783389081,-16.0549511984
    ));
#1362 = CARTESIAN_POINT('',(-32.02229447514,8.462981698358,
    -16.07309729218));
#1363 = CARTESIAN_POINT('',(-31.90519065489,8.402435646887,
    -16.09125404625));
#1364 = CARTESIAN_POINT('',(-31.78795631395,8.34214551447,
    -16.10942013623));
#1365 = CARTESIAN_POINT('',(-31.67059192728,8.282111579267,
    -16.12759424238));
#1366 = CARTESIAN_POINT('',(-29.82676198051,7.344025340309,
    -16.41290527876));
#1367 = CARTESIAN_POINT('',(-28.07248782278,6.52110184488,
    -16.68147669192));
#1368 = CARTESIAN_POINT('',(-26.29173448884,5.754411931706,
    -16.9473269543));
#1369 = CARTESIAN_POINT('',(-24.48608292705,5.044781319502,
    -17.20650024369));
#1370 = CARTESIAN_POINT('',(-22.65724689082,4.392999815099,
    -17.45528918385));
#1371 = CARTESIAN_POINT('',(-20.80708350765,3.799809637136,
    -17.69027995388));
#1372 = CARTESIAN_POINT('',(-18.93760356917,3.265895393864,
    -17.9084005736));
#1373 = CARTESIAN_POINT('',(-14.97230818654,2.269602569569,
    -18.32575805345));
#1374 = CARTESIAN_POINT('',(-12.87275573474,1.820020212827,
    -18.52081907845));
#1375 = CARTESIAN_POINT('',(-10.75539086863,1.444005161465,
    -18.68855282084));
#1376 = CARTESIAN_POINT('',(-8.623446259907,1.142275537122,
    -18.82595032198));
#1377 = CARTESIAN_POINT('',(-6.480323393177,0.915401501431,
    -18.93067615578));
#1378 = CARTESIAN_POINT('',(-4.329596826599,0.763795694982,
    -19.00113215353));
#1379 = CARTESIAN_POINT('',(-2.175019890042,0.687683680259,
    -19.03650498149));
#1380 = CARTESIAN_POINT('',(2.13072414547,0.686425804363,-19.0370895889)
  );
#1381 = CARTESIAN_POINT('',(4.282135702014,0.76105354918,-19.00240656474
    ));
#1382 = CARTESIAN_POINT('',(6.429782522463,0.910952871592,
    -18.93273534154));
#1383 = CARTESIAN_POINT('',(8.569927560556,1.135903852285,
    -18.82887402716));
#1384 = CARTESIAN_POINT('',(10.699010071951,1.435500464928,
    -18.69240132517));
#1385 = CARTESIAN_POINT('',(12.813640056208,1.809179747209,
    -18.52562974656));
#1386 = CARTESIAN_POINT('',(14.910594118847,2.256231082026,
    -18.33154270236));
#1387 = CARTESIAN_POINT('',(18.887472344948,3.251408095053,
    -17.91430709519));
#1388 = CARTESIAN_POINT('',(20.770814029866,3.78780657735,
    -17.69499786552));
#1389 = CARTESIAN_POINT('',(22.634612413423,4.384352152026,
    -17.4585154057));
#1390 = CARTESIAN_POINT('',(24.476810885412,5.040347934585,
    -17.20799304137));
#1391 = CARTESIAN_POINT('',(26.295511236363,5.755037808271,
    -16.94691647552));
#1392 = CARTESIAN_POINT('',(28.08896298905,6.527616914787,
    -16.67907378641));
#1393 = CARTESIAN_POINT('',(29.855552445399,7.357243867162,
    -16.40850875438));
#1394 = CARTESIAN_POINT('',(34.643945174441,9.797420450453,
    -15.6673982989));
#1395 = CARTESIAN_POINT('',(37.605137140593,11.523934524327,
    -15.20030083476));
#1396 = CARTESIAN_POINT('',(40.47147890745,13.418614078288,
    -14.76086921372));
#1397 = CARTESIAN_POINT('',(43.235212702496,15.47653552565,
    -14.37416073817));
#1398 = CARTESIAN_POINT('',(45.887392707373,17.690866790023,
    -14.06716621626));
#1399 = CARTESIAN_POINT('',(48.418192842885,20.052311581849,
    -13.86774635642));
#1400 = CARTESIAN_POINT('',(50.816982691909,22.548807241566,
    -13.80311344018));
#1401 = CARTESIAN_POINT('',(53.744882652463,25.945595707824,
    -13.92633196482));
#1402 = CARTESIAN_POINT('',(54.404599753413,26.736437183043,
    -13.96882136626));
#1403 = CARTESIAN_POINT('',(55.051127495468,27.537391799288,
    -14.02614303515));
#1404 = CARTESIAN_POINT('',(55.684118667889,28.34797287693,
    -14.09891982452));
#1405 = CARTESIAN_POINT('',(56.303217984601,29.167656529645,
    -14.18774253293));
#1406 = CARTESIAN_POINT('',(56.908064212191,29.995880802642,
    -14.29316237885));
#1407 = CARTESIAN_POINT('',(57.498292297904,30.832044810897,
    -14.41568347498));
#1408 = CARTESIAN_POINT('',(59.184703790576,33.30478330014,
    -14.82632513999));
#1409 = CARTESIAN_POINT('',(60.240130497336,34.961541878163,
    -15.16242077037));
#1410 = CARTESIAN_POINT('',(61.236935791193,36.640881304903,
    -15.56726656472));
#1411 = CARTESIAN_POINT('',(62.172510677788,38.33764186602,
    -16.04329859172));
#1412 = CARTESIAN_POINT('',(63.044487154286,40.046457067609,
    -16.59205329126));
#1413 = CARTESIAN_POINT('',(63.850746067988,41.761785950529,
    -17.21405349133));
#1414 = CARTESIAN_POINT('',(64.589462674412,43.477927090802,
    -17.90869176819));
#1415 = CARTESIAN_POINT('',(65.748112418972,46.438162683211,
    -19.23289164957));
#1416 = CARTESIAN_POINT('',(66.20034999012,47.68482759256,
    -19.82948798539));
#1417 = CARTESIAN_POINT('',(66.615352352747,48.926807438817,
    -20.4632356994));
#1418 = CARTESIAN_POINT('',(66.992744942451,50.162057831384,
    -21.13321867942));
#1419 = CARTESIAN_POINT('',(67.332299047972,51.388685360035,
    -21.83829663668));
#1420 = CARTESIAN_POINT('',(67.63391074649,52.604940280759,
    -22.57712984975));
#1421 = CARTESIAN_POINT('',(67.897588612226,53.809208091816,
    -23.34820117512));
#1422 = CARTESIAN_POINT('',(68.123450198325,55.,-24.14983532401));
#1423 = ORIENTED_EDGE('',*,*,#1424,.T.);
#1424 = EDGE_CURVE('',#1082,#1080,#1425,.T.);
#1425 = B_SPLINE_CURVE_WITH_KNOTS('',7,(#1426,#1427,#1428,#1429,#1430,
    #1431,#1432,#1433,#1434,#1435,#1436,#1437,#1438,#1439,#1440,#1441,
    #1442,#1443,#1444,#1445,#1446,#1447,#1448,#1449,#1450,#1451,#1452,
    #1453,#1454,#1455,#1456,#1457,#1458,#1459,#1460,#1461,#1462,#1463,
    #1464,#1465,#1466,#1467,#1468,#1469,#1470,#1471,#1472,#1473,#1474,
    #1475,#1476,#1477,#1478,#1479,#1480,#1481),.UNSPECIFIED.,.F.,.F.,(8,
    6,6,6,6,6,6,6,6,8),(0.,0.241322663987,0.312826489445,0.346716816602,
    0.363573350755,0.371653710582,0.381033927433,0.478846400526,
    0.727982861202,1.),.UNSPECIFIED.);
#1426 = CARTESIAN_POINT('',(68.123450198325,55.,-24.14983532401));
#1427 = CARTESIAN_POINT('',(68.556656095686,57.283956346127,
    -25.68738130663));
#1428 = CARTESIAN_POINT('',(68.847918406238,59.517695341618,
    -27.33996633385));
#1429 = CARTESIAN_POINT('',(68.998057836594,61.69001994395,
    -29.0950505541));
#1430 = CARTESIAN_POINT('',(69.009870456627,63.79336378626,
    -30.93871164952));
#1431 = CARTESIAN_POINT('',(68.886922581334,65.82277114427,
    -32.85688391635));
#1432 = CARTESIAN_POINT('',(68.633247132311,67.775337804379,
    -34.83601174735));
#1433 = CARTESIAN_POINT('',(68.140140241759,70.205182008146,
    -37.46430033968));
#1434 = CARTESIAN_POINT('',(68.016303528102,70.753723606125,
    -38.06930921382));
#1435 = CARTESIAN_POINT('',(67.88144533764,71.295375925048,
    -38.67824381768));
#1436 = CARTESIAN_POINT('',(67.73566998128,71.83011681638,
    -39.29078406081));
#1437 = CARTESIAN_POINT('',(67.579081326237,72.357934150314,
    -39.90661656141));
#1438 = CARTESIAN_POINT('',(67.411782165407,72.878824954008,
    -40.52543524947));
#1439 = CARTESIAN_POINT('',(67.149551108772,73.636398273511,
    -41.4415145423));
#1440 = CARTESIAN_POINT('',(67.062845318737,73.878447108059,
    -41.73669086934));
#1441 = CARTESIAN_POINT('',(66.973767011074,74.11894160247,
    -42.03243913654));
#1442 = CARTESIAN_POINT('',(66.882326898249,74.357882656764,
    -42.32872787807));
#1443 = CARTESIAN_POINT('',(66.788535610765,74.595271521984,
    -42.62552597665));
#1444 = CARTESIAN_POINT('',(66.692403697158,74.831109800195,
    -42.92280266352));
#1445 = CARTESIAN_POINT('',(66.544968101682,75.181931612161,
    -43.36861130264));
#1446 = CARTESIAN_POINT('',(66.495134415068,75.298755139368,
    -43.5176635933));
#1447 = CARTESIAN_POINT('',(66.445237364484,75.413942588196,
    -43.66524200845));
#1448 = CARTESIAN_POINT('',(66.395555600902,75.526969448879,
    -43.81063059275));
#1449 = CARTESIAN_POINT('',(66.345781771783,75.638672829481,
    -43.95485504231));
#1450 = CARTESIAN_POINT('',(66.294954666911,75.751210145571,
    -44.10069792953));
#1451 = CARTESIAN_POINT('',(66.215715156471,75.924010790146,
    -44.32558441541));
#1452 = CARTESIAN_POINT('',(66.189902015178,75.979912075671,
    -44.39847711249));
#1453 = CARTESIAN_POINT('',(66.16395208838,76.035721704452,
    -44.4713915902));
#1454 = CARTESIAN_POINT('',(66.137865524136,76.091439714617,
    -44.54432741974));
#1455 = CARTESIAN_POINT('',(66.111642470538,76.147066144448,
    -44.61728417239));
#1456 = CARTESIAN_POINT('',(66.085283075706,76.202601032383,
    -44.69026141956));
#1457 = CARTESIAN_POINT('',(66.028029654526,76.322406769899,
    -44.84799884852));
#1458 = CARTESIAN_POINT('',(65.997088288584,76.386645806841,
    -44.93276599865));
#1459 = CARTESIAN_POINT('',(65.965963616343,76.450761599468,
    -45.01755952765));
#1460 = CARTESIAN_POINT('',(65.934655864836,76.514754218247,
    -45.1023787784));
#1461 = CARTESIAN_POINT('',(65.903165261753,76.578623732481,
    -45.18722309222));
#1462 = CARTESIAN_POINT('',(65.871492035441,76.642370210312,
    -45.27209180883));
#1463 = CARTESIAN_POINT('',(65.507461028463,77.369429633104,
    -46.242202729));
#1464 = CARTESIAN_POINT('',(65.155454112663,78.019493180967,
    -47.13000068975));
#1465 = CARTESIAN_POINT('',(64.783872657613,78.656265997686,
    -48.01963491911));
#1466 = CARTESIAN_POINT('',(64.392967334565,79.279844818471,
    -48.91038243568));
#1467 = CARTESIAN_POINT('',(63.98298143527,79.89033993775,
    -49.80154111577));
#1468 = CARTESIAN_POINT('',(63.55414981134,80.487873668569,
    -50.6924303031));
#1469 = CARTESIAN_POINT('',(61.967000433487,82.561871029363,
    -53.84919601696));
#1470 = CARTESIAN_POINT('',(60.706593812056,83.967815794173,
    -56.10979477917));
#1471 = CARTESIAN_POINT('',(59.329108102818,85.292791622893,
    -58.35355271619));
#1472 = CARTESIAN_POINT('',(57.837964981103,86.539209283558,
    -60.57020181316));
#1473 = CARTESIAN_POINT('',(56.236487017013,87.709556465358,
    -62.7498855636));
#1474 = CARTESIAN_POINT('',(54.527907530483,88.806385609025,
    -64.88316917688));
#1475 = CARTESIAN_POINT('',(50.736182844746,90.952319138345,
    -69.22969100145));
#1476 = CARTESIAN_POINT('',(48.633311875456,91.987641356933,
    -71.43197739891));
#1477 = CARTESIAN_POINT('',(46.410775839487,92.941530250827,
    -73.55605994508));
#1478 = CARTESIAN_POINT('',(44.073070259428,93.816975944727,
    -75.59000815798));
#1479 = CARTESIAN_POINT('',(41.625307587472,94.616811237183,
    -77.52195876685));
#1480 = CARTESIAN_POINT('',(39.073351516444,95.343684679329,
    -79.34028130665));
#1481 = CARTESIAN_POINT('',(36.423996191358,96.,-81.03381118158));
#1482 = ORIENTED_EDGE('',*,*,#1483,.T.);
#1483 = EDGE_CURVE('',#1080,#1484,#1486,.T.);
#1484 = VERTEX_POINT('',#1485);
#1485 = CARTESIAN_POINT('',(71.704660602916,96.,-36.34315138462));
#1486 = ( BOUNDED_CURVE() B_SPLINE_CURVE(2,(#1487,#1488,#1489,#1490,
#1491),.UNSPECIFIED.,.F.,.F.) B_SPLINE_CURVE_WITH_KNOTS((3,2,3),(
    4.712388980385,6.28318530718,7.853981633974),
.PIECEWISE_BEZIER_KNOTS.) CURVE() GEOMETRIC_REPRESENTATION_ITEM() 
RATIONAL_B_SPLINE_CURVE((1.,0.707106781187,1.,0.707106781187,1.)) 
REPRESENTATION_ITEM('') );
#1487 = CARTESIAN_POINT('',(-1.47E-14,96.,-92.));
#1488 = CARTESIAN_POINT('',(80.,96.,-92.));
#1489 = CARTESIAN_POINT('',(80.,96.,8.));
#1490 = CARTESIAN_POINT('',(80.,96.,108.));
#1491 = CARTESIAN_POINT('',(2.449E-14,96.,108.));
#1492 = ORIENTED_EDGE('',*,*,#1493,.T.);
#1493 = EDGE_CURVE('',#1484,#1494,#1496,.T.);
#1494 = VERTEX_POINT('',#1495);
#1495 = CARTESIAN_POINT('',(79.999881443877,96.,8.172159835));
#1496 = B_SPLINE_CURVE_WITH_KNOTS('',8,(#1497,#1498,#1499,#1500,#1501,
    #1502,#1503,#1504,#1505,#1506,#1507,#1508,#1509,#1510,#1511,#1512,
    #1513,#1514,#1515,#1516,#1517,#1518,#1519,#1520,#1521,#1522,#1523,
    #1524,#1525,#1526,#1527,#1528,#1529,#1530,#1531,#1532,#1533,#1534,
    #1535,#1536,#1537,#1538,#1539,#1540,#1541,#1542,#1543,#1544,#1545,
    #1546,#1547,#1548,#1549,#1550,#1551,#1552,#1553,#1554,#1555,#1556,
    #1557,#1558,#1559,#1560,#1561,#1562,#1563,#1564,#1565,#1566,#1567,
    #1568,#1569,#1570,#1571,#1572,#1573,#1574,#1575,#1576,#1577,#1578,
    #1579,#1580,#1581,#1582),.UNSPECIFIED.,.F.,.F.,(9,7,7,7,7,7,7,7,7,7,
    7,7,9),(0.,0.131119900232,0.157538835348,0.239513784539,
    0.327646120551,0.388935146023,0.411494091437,0.430707059448,
    0.58074373811,0.83237523636,0.909213598541,0.954412151433,1.),
  .UNSPECIFIED.);
#1497 = CARTESIAN_POINT('',(71.704660602916,96.,-36.34315138462));
#1498 = CARTESIAN_POINT('',(71.902691132098,95.371165002217,
    -35.84280245524));
#1499 = CARTESIAN_POINT('',(72.1086570574,94.775606079086,
    -35.30397362495));
#1500 = CARTESIAN_POINT('',(72.320757568632,94.213689454428,
    -34.73118313426));
#1501 = CARTESIAN_POINT('',(72.537349842278,93.68524574897,
    -34.12864689174));
#1502 = CARTESIAN_POINT('',(72.75698612747,93.189695861551,
    -33.50018201276));
#1503 = CARTESIAN_POINT('',(72.978436813036,92.72616138109,
    -32.84912031972));
#1504 = CARTESIAN_POINT('',(73.200699475612,92.293559529352,
    -32.17823180367));
#1505 = CARTESIAN_POINT('',(73.467783321214,91.809508295901,
    -31.35091946283));
#1506 = CARTESIAN_POINT('',(73.512571059408,91.729546026462,
    -31.21147215886));
#1507 = CARTESIAN_POINT('',(73.557354334917,91.650779722614,
    -31.07132236833));
#1508 = CARTESIAN_POINT('',(73.602114556596,91.573220714375,
    -30.93052639567));
#1509 = CARTESIAN_POINT('',(73.646866053051,91.496823944153,
    -30.7890369838));
#1510 = CARTESIAN_POINT('',(73.691581675673,91.42161675927,
    -30.64693739131));
#1511 = CARTESIAN_POINT('',(73.73626902589,91.347566273741,
    -30.50420195889));
#1512 = CARTESIAN_POINT('',(73.919450875046,91.048498673594,
    -29.91611346899));
#1513 = CARTESIAN_POINT('',(74.057609501299,90.833455647104,
    -29.46554874422));
#1514 = CARTESIAN_POINT('',(74.195219894814,90.629272041178,
    -29.00966144655));
#1515 = CARTESIAN_POINT('',(74.332126145402,90.435681515635,
    -28.54890247522));
#1516 = CARTESIAN_POINT('',(74.468187931202,90.252424739987,
    -28.08368447334));
#1517 = CARTESIAN_POINT('',(74.603279935832,90.079249594387,
    -27.61438165035));
#1518 = CARTESIAN_POINT('',(74.737291265557,89.91591137058,
    -27.14132960458));
#1519 = CARTESIAN_POINT('',(75.01293598373,89.596887019044,
    -26.15252892334));
#1520 = CARTESIAN_POINT('',(75.154381250355,89.442702388006,
    -25.63625840524));
#1521 = CARTESIAN_POINT('',(75.294338993661,89.299326188816,
    -25.1163860542));
#1522 = CARTESIAN_POINT('',(75.432699463974,89.166482702199,
    -24.5932560541));
#1523 = CARTESIAN_POINT('',(75.569364270582,89.043912549138,
    -24.06718440809));
#1524 = CARTESIAN_POINT('',(75.704245817706,88.931371859491,
    -23.53845903681));
#1525 = CARTESIAN_POINT('',(75.837266740478,88.82863144061,
    -23.00733987662));
#1526 = CARTESIAN_POINT('',(76.059523835922,88.670693857049,
    -22.10320453608));
#1527 = CARTESIAN_POINT('',(76.149754751049,88.610547762642,
    -21.73130841872));
#1528 = CARTESIAN_POINT('',(76.239028946713,88.554965999888,
    -21.35845063073));
#1529 = CARTESIAN_POINT('',(76.327324756768,88.503880433847,
    -20.98470747044));
#1530 = CARTESIAN_POINT('',(76.414621988511,88.457226457483,
    -20.61015152954));
#1531 = CARTESIAN_POINT('',(76.50090192268,88.414942991662,
    -20.23485169303));
#1532 = CARTESIAN_POINT('',(76.586147313451,88.37697248515,
    -19.85887313922));
#1533 = CARTESIAN_POINT('',(76.70133245106,88.330852620079,
    -19.34366190597));
#1534 = CARTESIAN_POINT('',(76.731992351406,88.319096153732,
    -19.20580331017));
#1535 = CARTESIAN_POINT('',(76.762509149971,88.307903341124,
    -19.06787924752));
#1536 = CARTESIAN_POINT('',(76.792954758591,88.297248590591,
    -18.92955894557));
#1537 = CARTESIAN_POINT('',(76.823290369652,88.287151620776,
    -18.79100547027));
#1538 = CARTESIAN_POINT('',(76.853370885302,88.277660188128,
    -18.65287803192));
#1539 = CARTESIAN_POINT('',(76.882949346648,88.26883281441,
    -18.51633429115));
#1540 = CARTESIAN_POINT('',(76.936151780726,88.253813429125,
    -18.26950252743));
#1541 = CARTESIAN_POINT('',(76.960524591952,88.247279428768,
    -18.15592797158));
#1542 = CARTESIAN_POINT('',(76.984799093657,88.241118289989,
    -18.04231206827));
#1543 = CARTESIAN_POINT('',(77.008975102075,88.23532868957,
    -17.92865547428));
#1544 = CARTESIAN_POINT('',(77.033052440228,88.229909336702,
    -17.81495882638));
#1545 = CARTESIAN_POINT('',(77.057030725968,88.224859025699,
    -17.70122373423));
#1546 = CARTESIAN_POINT('',(77.0809094605,88.220176608924,
    -17.58745237208));
#1547 = CARTESIAN_POINT('',(77.290381520499,88.18215887465,
    -16.5849136566));
#1548 = CARTESIAN_POINT('',(77.469982150883,88.170820684214,
    -15.6940632832));
#1549 = CARTESIAN_POINT('',(77.643335400199,88.181289629452,
    -14.8017561102));
#1550 = CARTESIAN_POINT('',(77.810303821124,88.213114484421,
    -13.90863282694));
#1551 = CARTESIAN_POINT('',(77.970767737227,88.265937744075,
    -13.01531294459));
#1552 = CARTESIAN_POINT('',(78.124624754602,88.33949205111,
    -12.12239471251));
#1553 = CARTESIAN_POINT('',(78.271788475263,88.433604791988,
    -11.23045525743));
#1554 = CARTESIAN_POINT('',(78.647652463051,88.74042040545,
    -8.846724280546));
#1555 = CARTESIAN_POINT('',(78.863991668301,88.99019530961,
    -7.358325742894));
#1556 = CARTESIAN_POINT('',(79.060976168165,89.297212847476,
    -5.876923710421));
#1557 = CARTESIAN_POINT('',(79.238308252778,89.662020799257,
    -4.405320263006));
#1558 = CARTESIAN_POINT('',(79.395696548981,90.085856317755,
    -2.947015701136));
#1559 = CARTESIAN_POINT('',(79.532889315804,90.570853899694,
    -1.506278182672));
#1560 = CARTESIAN_POINT('',(79.649713159645,91.120118248929,
    -8.817199765087E-02));
#1561 = CARTESIAN_POINT('',(79.775397054202,91.928057786986,
    1.725265319206));
#1562 = CARTESIAN_POINT('',(79.802878115604,92.123524529138,
    2.146719479589));
#1563 = CARTESIAN_POINT('',(79.828433673214,92.325599195512,
    2.565213657795));
#1564 = CARTESIAN_POINT('',(79.852057693473,92.534431916624,
    2.980521446121));
#1565 = CARTESIAN_POINT('',(79.873743928051,92.750184029197,
    3.392388918751));
#1566 = CARTESIAN_POINT('',(79.893486160438,92.973030286147,
    3.800533451138));
#1567 = CARTESIAN_POINT('',(79.911278452543,93.203161066565,
    4.20464253939));
#1568 = CARTESIAN_POINT('',(79.936431108806,93.58056159672,
    4.839505466025));
#1569 = CARTESIAN_POINT('',(79.945070168331,93.722929955166,
    5.073120118153));
#1570 = CARTESIAN_POINT('',(79.953031359329,93.867931327188,
    5.305146022315));
#1571 = CARTESIAN_POINT('',(79.960313518579,94.015608768722,
    5.53550668244));
#1572 = CARTESIAN_POINT('',(79.966915530167,94.166006725487,
    5.764119660108));
#1573 = CARTESIAN_POINT('',(79.972836325489,94.319171032985,
    5.990896574553));
#1574 = CARTESIAN_POINT('',(79.978074883249,94.475148916504,
    6.215743102659));
#1575 = CARTESIAN_POINT('',(79.987224827397,94.794197265469,
    6.663293893533));
#1576 = CARTESIAN_POINT('',(79.99112440425,94.957316442393,
    6.885961284621));
#1577 = CARTESIAN_POINT('',(79.994328036721,95.123396906069,
    7.106458179427));
#1578 = CARTESIAN_POINT('',(79.996834845425,95.292489214019,
    7.324672722325));
#1579 = CARTESIAN_POINT('',(79.998644068437,95.464644242936,
    7.540484277737));
#1580 = CARTESIAN_POINT('',(79.999755119814,95.639913180305,
    7.753763276655));
#1581 = CARTESIAN_POINT('',(80.000167627347,95.818347617496,
    7.96437104287));
#1582 = CARTESIAN_POINT('',(79.999881443877,96.,8.172159835));
#1583 = ORIENTED_EDGE('',*,*,#1584,.T.);
#1584 = EDGE_CURVE('',#1494,#1585,#1587,.T.);
#1585 = VERTEX_POINT('',#1586);
#1586 = CARTESIAN_POINT('',(5.E-15,96.,108.));
#1587 = ( BOUNDED_CURVE() B_SPLINE_CURVE(2,(#1588,#1589,#1590,#1591,
#1592),.UNSPECIFIED.,.F.,.F.) B_SPLINE_CURVE_WITH_KNOTS((3,2,3),(
    4.712388980385,6.28318530718,7.853981633974),
.PIECEWISE_BEZIER_KNOTS.) CURVE() GEOMETRIC_REPRESENTATION_ITEM() 
RATIONAL_B_SPLINE_CURVE((1.,0.707106781187,1.,0.707106781187,1.)) 
REPRESENTATION_ITEM('') );
#1588 = CARTESIAN_POINT('',(-1.47E-14,96.,-92.));
#1589 = CARTESIAN_POINT('',(80.,96.,-92.));
#1590 = CARTESIAN_POINT('',(80.,96.,8.));
#1591 = CARTESIAN_POINT('',(80.,96.,108.));
#1592 = CARTESIAN_POINT('',(2.449E-14,96.,108.));
#1593 = ORIENTED_EDGE('',*,*,#1584,.F.);
#1594 = ORIENTED_EDGE('',*,*,#1595,.T.);
#1595 = EDGE_CURVE('',#1494,#1596,#1598,.T.);
#1596 = VERTEX_POINT('',#1597);
#1597 = CARTESIAN_POINT('',(79.569657113529,105.,12.965050486267));
#1598 = B_SPLINE_CURVE_WITH_KNOTS('',8,(#1599,#1600,#1601,#1602,#1603,
    #1604,#1605,#1606,#1607,#1608,#1609,#1610,#1611,#1612,#1613,#1614,
    #1615,#1616,#1617,#1618,#1619,#1620,#1621,#1622,#1623,#1624,#1625,
    #1626,#1627,#1628,#1629,#1630,#1631,#1632,#1633,#1634,#1635,#1636,
    #1637,#1638,#1639,#1640,#1641,#1642),.UNSPECIFIED.,.F.,.F.,(9,7,7,7,
    7,7,9),(0.,0.364431236783,0.671242943405,0.780650807486,
    0.888374739491,0.924483952869,1.),.UNSPECIFIED.);
#1599 = CARTESIAN_POINT('',(79.999881443877,96.,8.172159834999));
#1600 = CARTESIAN_POINT('',(79.9993665693,96.326812119418,8.545994163184
    ));
#1601 = CARTESIAN_POINT('',(79.996590240471,96.664000977538,
    8.910659351536));
#1602 = CARTESIAN_POINT('',(79.991552494246,97.011901947181,
    9.265338213133));
#1603 = CARTESIAN_POINT('',(79.984254452526,97.370806419282,
    9.609046319104));
#1604 = CARTESIAN_POINT('',(79.974702042799,97.740951898435,
    9.940642357853));
#1605 = CARTESIAN_POINT('',(79.962908637397,98.12251210013,
    10.25883885183));
#1606 = CARTESIAN_POINT('',(79.948896500757,98.515584209025,
    10.5622154741));
#1607 = CARTESIAN_POINT('',(79.919058649317,99.260788347908,
    11.09087847274));
#1608 = CARTESIAN_POINT('',(79.903872528189,99.609503094124,
    11.320882288958));
#1609 = CARTESIAN_POINT('',(79.887157896275,99.966319405818,
    11.53834608718));
#1610 = CARTESIAN_POINT('',(79.868941404874,100.33112241998,
    11.742259861924));
#1611 = CARTESIAN_POINT('',(79.849259129248,100.70366692571,
    11.931536993947));
#1612 = CARTESIAN_POINT('',(79.828159918446,101.08353677854,
    12.105053792192));
#1613 = CARTESIAN_POINT('',(79.80570504576,101.47013684713,
    12.261697426029));
#1614 = CARTESIAN_POINT('',(79.773516232164,102.00249959452,
    12.449918750406));
#1615 = CARTESIAN_POINT('',(79.764894481412,102.14315666106,
    12.497111440696));
#1616 = CARTESIAN_POINT('',(79.756115451582,102.28450104933,
    12.541978531216));
#1617 = CARTESIAN_POINT('',(79.747183665281,102.42648038407,
    12.584473469243));
#1618 = CARTESIAN_POINT('',(79.738105005613,102.56902161087,
    12.624547487468));
#1619 = CARTESIAN_POINT('',(79.728887050935,102.71202761239,
    12.662152082524));
#1620 = CARTESIAN_POINT('',(79.719539616766,102.85537111991,
    12.697241897542));
#1621 = CARTESIAN_POINT('',(79.700757059233,103.14019183278,
    12.76181336462));
#1622 = CARTESIAN_POINT('',(79.691342260825,103.28140963528,
    12.791315379457));
#1623 = CARTESIAN_POINT('',(79.681826851632,103.42264060532,
    12.818322186254));
#1624 = CARTESIAN_POINT('',(79.67222452919,103.5637026494,
    12.842794867461));
#1625 = CARTESIAN_POINT('',(79.662571140657,103.70409757264,
    12.864659763752));
#1626 = CARTESIAN_POINT('',(79.652926802893,103.84300058753,
    12.883844188742));
#1627 = CARTESIAN_POINT('',(79.643384380555,103.97917741449,
    12.900341416149));
#1628 = CARTESIAN_POINT('',(79.630922057404,104.15552420419,
    12.918905453047));
#1629 = CARTESIAN_POINT('',(79.627818573492,104.199310791,12.92327201994
    ));
#1630 = CARTESIAN_POINT('',(79.624745484153,104.24254364277,
    12.927346721695));
#1631 = CARTESIAN_POINT('',(79.621708190092,104.28515273559,
    12.931133665487));
#1632 = CARTESIAN_POINT('',(79.618712079638,104.32706914819,
    12.93463894428));
#1633 = CARTESIAN_POINT('',(79.61576233565,104.36822761014,
    12.937870554907));
#1634 = CARTESIAN_POINT('',(79.612863742416,104.40856905011,
    12.940838316158));
#1635 = CARTESIAN_POINT('',(79.604074336447,104.53059624637,
    12.949232692737));
#1636 = CARTESIAN_POINT('',(79.598365319922,104.6094238694,
    12.953812415473));
#1637 = CARTESIAN_POINT('',(79.592937774563,104.68398100933,
    12.957389557222));
#1638 = CARTESIAN_POINT('',(79.587801349201,104.75421386772,
    12.960115285134));
#1639 = CARTESIAN_POINT('',(79.58293946771,104.82041921182,
    12.962139647987));
#1640 = CARTESIAN_POINT('',(79.578319127836,104.88309863201,
    12.963582020628));
#1641 = CARTESIAN_POINT('',(79.573902041067,104.94280769599,
    12.964527676214));
#1642 = CARTESIAN_POINT('',(79.569657113529,105.,12.965050486267));
#1643 = ORIENTED_EDGE('',*,*,#1644,.T.);
#1644 = EDGE_CURVE('',#1596,#1484,#1645,.T.);
#1645 = B_SPLINE_CURVE_WITH_KNOTS('',8,(#1646,#1647,#1648,#1649,#1650,
    #1651,#1652,#1653,#1654,#1655,#1656,#1657,#1658,#1659,#1660,#1661,
    #1662,#1663,#1664,#1665,#1666,#1667,#1668,#1669,#1670,#1671,#1672,
    #1673,#1674,#1675,#1676,#1677,#1678,#1679,#1680,#1681,#1682,#1683,
    #1684,#1685,#1686,#1687,#1688,#1689,#1690,#1691,#1692,#1693,#1694,
    #1695,#1696,#1697,#1698,#1699,#1700,#1701,#1702,#1703,#1704,#1705,
    #1706,#1707,#1708,#1709,#1710,#1711,#1712,#1713,#1714,#1715,#1716,
    #1717,#1718,#1719,#1720,#1721,#1722,#1723,#1724,#1725,#1726,#1727,
    #1728,#1729,#1730,#1731,#1732,#1733,#1734,#1735,#1736,#1737,#1738,
    #1739,#1740,#1741,#1742,#1743,#1744,#1745,#1746,#1747,#1748,#1749,
    #1750,#1751,#1752,#1753,#1754,#1755,#1756,#1757,#1758,#1759,#1760,
    #1761,#1762,#1763,#1764,#1765,#1766,#1767,#1768,#1769,#1770,#1771,
    #1772,#1773,#1774,#1775,#1776,#1777,#1778,#1779,#1780,#1781,#1782,
    #1783,#1784,#1785,#1786,#1787,#1788,#1789,#1790,#1791,#1792,#1793,
    #1794,#1795,#1796,#1797,#1798,#1799,#1800,#1801),.UNSPECIFIED.,.F.,
  .F.,(9,7,7,7,7,7,7,7,7,7,7,7,7,7,7,7,7,7,7,7,7,7,9),(0.,
    1.146830856665E-02,2.144607072943E-02,4.554344282951E-02,
    6.84008307793E-02,0.132893544158,0.146333307179,0.190464787716,
    0.242068613359,0.41585153223,0.49043605404,0.508962444076,
    0.522170752701,0.563890216783,0.590550180408,0.603383421405,
    0.617551315821,0.683828604499,0.761413999065,0.817366269097,
    0.862367263086,0.899614154538,1.),.UNSPECIFIED.);
#1646 = CARTESIAN_POINT('',(79.569657113529,105.,12.965050486267));
#1647 = CARTESIAN_POINT('',(79.563770087238,105.07931523696,
    12.965773182085));
#1648 = CARTESIAN_POINT('',(79.557695016474,105.1607806166,
    12.965738808676));
#1649 = CARTESIAN_POINT('',(79.551320666215,105.24585776722,
    12.964885039665));
#1650 = CARTESIAN_POINT('',(79.544545413684,105.33583995692,
    12.963070323954));
#1651 = CARTESIAN_POINT('',(79.53724110823,105.43233534974,
    12.960069542576));
#1652 = CARTESIAN_POINT('',(79.529296340459,105.53665671487,
    12.955514946582));
#1653 = CARTESIAN_POINT('',(79.520689975067,105.64886285989,
    12.948955461128));
#1654 = CARTESIAN_POINT('',(79.503590101536,105.87015124543,
    12.932596283936));
#1655 = CARTESIAN_POINT('',(79.495922158695,105.96875190103,
    12.923992885738));
#1656 = CARTESIAN_POINT('',(79.488521058139,106.06335887047,
    12.914562742547));
#1657 = CARTESIAN_POINT('',(79.481341109281,106.15463656022,
    12.904414500362));
#1658 = CARTESIAN_POINT('',(79.474310482923,106.24355391935,
    12.893563331163));
#1659 = CARTESIAN_POINT('',(79.467336867106,106.3313065569,
    12.881927673178));
#1660 = CARTESIAN_POINT('',(79.46031082573,106.41926811057,
    12.869324100299));
#1661 = CARTESIAN_POINT('',(79.435676686138,106.72597849394,
    12.821857364672));
#1662 = CARTESIAN_POINT('',(79.41783571782,106.94529204358,
    12.782027300088));
#1663 = CARTESIAN_POINT('',(79.3996989501,107.1652931256,12.735943809123
    ));
#1664 = CARTESIAN_POINT('',(79.381347779433,107.38489161594,
    12.68376843381));
#1665 = CARTESIAN_POINT('',(79.362832975955,107.60341836646,
    12.625708084173));
#1666 = CARTESIAN_POINT('',(79.344183626762,107.82048566274,
    12.561966664527));
#1667 = CARTESIAN_POINT('',(79.325406696103,108.03596722428,
    12.492693011983));
#1668 = CARTESIAN_POINT('',(79.288544600855,108.45291680586,
    12.347037434781));
#1669 = CARTESIAN_POINT('',(79.270492075561,108.65432591518,
    12.271277892782));
#1670 = CARTESIAN_POINT('',(79.252340045417,108.85403058737,
    12.190805642923));
#1671 = CARTESIAN_POINT('',(79.234095079806,109.05191388314,
    12.10577006528));
#1672 = CARTESIAN_POINT('',(79.215761999264,109.24788099499,
    12.016324062437));
#1673 = CARTESIAN_POINT('',(79.197344141046,109.44185560099,
    11.92262095574));
#1674 = CARTESIAN_POINT('',(79.178843507284,109.63377766883,
    11.824811840931));
#1675 = CARTESIAN_POINT('',(79.107829192743,110.35919898316,
    11.435901098843));
#1676 = CARTESIAN_POINT('',(79.054761480352,110.87792368355,
    11.117333033824));
#1677 = CARTESIAN_POINT('',(79.00106334503,111.37890496065,
    10.770609408429));
#1678 = CARTESIAN_POINT('',(78.946701670635,111.86177031031,
    10.398902378707));
#1679 = CARTESIAN_POINT('',(78.891624316149,112.32648179851,
    10.005119280982));
#1680 = CARTESIAN_POINT('',(78.835766032999,112.77328011966,
    9.591820730718));
#1681 = CARTESIAN_POINT('',(78.779047238009,113.20262016192,
    9.161150866967));
#1682 = CARTESIAN_POINT('',(78.709346113756,113.70109221388,
    8.621763906834));
#1683 = CARTESIAN_POINT('',(78.697284755734,113.78632003024,
    8.528067878321));
#1684 = CARTESIAN_POINT('',(78.685181553972,113.87081664754,
    8.433711979247));
#1685 = CARTESIAN_POINT('',(78.673035792369,113.95458659958,
    8.338712446462));
#1686 = CARTESIAN_POINT('',(78.660846757775,114.03763449749,
    8.243085005171));
#1687 = CARTESIAN_POINT('',(78.648613739986,114.1199650297,
    8.146844868935));
#1688 = CARTESIAN_POINT('',(78.636336031744,114.20158296199,
    8.050006739666));
#1689 = CARTESIAN_POINT('',(78.583548157423,114.5481737543,
    7.632685181985));
#1690 = CARTESIAN_POINT('',(78.542594992112,114.80621648034,
    7.306499363507));
#1691 = CARTESIAN_POINT('',(78.501127039987,115.05680121101,
    6.97451902021));
#1692 = CARTESIAN_POINT('',(78.459120121665,115.30010208629,
    6.637192505827));
#1693 = CARTESIAN_POINT('',(78.416551766725,115.53628847988,
    6.294925675413));
#1694 = CARTESIAN_POINT('',(78.373400709215,115.76552598842,
    5.948082700933));
#1695 = CARTESIAN_POINT('',(78.329646383175,115.98797742073,
    5.596986886865));
#1696 = CARTESIAN_POINT('',(78.233376363464,116.45617360372,
    4.826736217118));
#1697 = CARTESIAN_POINT('',(78.180634019554,116.69947316156,
    4.406143076808));
#1698 = CARTESIAN_POINT('',(78.127009399277,116.93395608597,
    3.980598574819));
#1699 = CARTESIAN_POINT('',(78.072474659208,117.15985462329,
    3.55051604233));
#1700 = CARTESIAN_POINT('',(78.017005299077,117.37738247026,
    3.116267239534));
#1701 = CARTESIAN_POINT('',(77.960579361215,117.58673760353,
    2.678183963417));
#1702 = CARTESIAN_POINT('',(77.903176629995,117.78810510929,
    2.236559655548));
#1703 = CARTESIAN_POINT('',(77.648111934437,118.63348170402,
    0.293360117057));
#1704 = CARTESIAN_POINT('',(77.44029628556,119.19621000543,
    -1.241062817813));
#1705 = CARTESIAN_POINT('',(77.220458195433,119.67725244655,
    -2.803017760879));
#1706 = CARTESIAN_POINT('',(76.988231312188,120.08062271698,
    -4.3856302229));
#1707 = CARTESIAN_POINT('',(76.743556650457,120.4092020119,
    -5.983116779514));
#1708 = CARTESIAN_POINT('',(76.486616063571,120.66469926729,
    -7.590781663132));
#1709 = CARTESIAN_POINT('',(76.217730827591,120.84799779262,
    -9.204902310243));
#1710 = CARTESIAN_POINT('',(75.816929934663,121.00635289807,
    -11.51716404167));
#1711 = CARTESIAN_POINT('',(75.694468421715,121.04054316507,
    -12.21207182928));
#1712 = CARTESIAN_POINT('',(75.569951282338,121.06135074927,
    -12.90722782107));
#1713 = CARTESIAN_POINT('',(75.443434643438,121.06872532197,
    -13.60233682735));
#1714 = CARTESIAN_POINT('',(75.314985119456,121.06258600154,
    -14.29709788552));
#1715 = CARTESIAN_POINT('',(75.184679906016,121.0428220134,
    -14.99120424135));
#1716 = CARTESIAN_POINT('',(75.052606873577,121.00929335006,
    -15.68434333033));
#1717 = CARTESIAN_POINT('',(74.885643824619,120.95004210418,
    -16.54804938963));
#1718 = CARTESIAN_POINT('',(74.852320088912,120.93739308619,
    -16.71982225052));
#1719 = CARTESIAN_POINT('',(74.818894995695,120.9238817895,
    -16.89151031284));
#1720 = CARTESIAN_POINT('',(74.785370138686,120.90950551608,
    -17.06310847934));
#1721 = CARTESIAN_POINT('',(74.751747163582,120.89426145753,
    -17.23461158428));
#1722 = CARTESIAN_POINT('',(74.718027768058,120.8781466951,
    -17.4060143935));
#1723 = CARTESIAN_POINT('',(74.684213701769,120.86115819969,
    -17.57731160435));
#1724 = CARTESIAN_POINT('',(74.626132964691,120.83055578874,
    -17.87054432579));
#1725 = CARTESIAN_POINT('',(74.60136588562,120.817085356,-17.99529139531
    ));
#1726 = CARTESIAN_POINT('',(74.576305329347,120.80300458621,
    -18.12120338567));
#1727 = CARTESIAN_POINT('',(74.551154613961,120.78841432724,
    -18.24725234028));
#1728 = CARTESIAN_POINT('',(74.526020994282,120.77338026863,
    -18.37290605777));
#1729 = CARTESIAN_POINT('',(74.500913095389,120.75791597278,
    -18.49812994102));
#1730 = CARTESIAN_POINT('',(74.475738280106,120.74196510514,
    -18.62338921753));
#1731 = CARTESIAN_POINT('',(74.369963118784,120.67301995902,
    -19.1484049368));
#1732 = CARTESIAN_POINT('',(74.289160645801,120.61577943592,
    -19.54643722551));
#1733 = CARTESIAN_POINT('',(74.207920873184,120.55361898833,
    -19.94366297429));
#1734 = CARTESIAN_POINT('',(74.126271337791,120.48648979568,
    -20.34000643353));
#1735 = CARTESIAN_POINT('',(74.044241690932,120.4143397373,
    -20.73538809236));
#1736 = CARTESIAN_POINT('',(73.961863698368,120.33711339242,
    -21.12972467864));
#1737 = CARTESIAN_POINT('',(73.879171240313,120.25475204022,
    -21.52292915894));
#1738 = CARTESIAN_POINT('',(73.743179469707,120.11124125107,
    -22.16539848525));
#1739 = CARTESIAN_POINT('',(73.690045055898,120.05316660186,
    -22.41538644228));
#1740 = CARTESIAN_POINT('',(73.636806511201,119.99295352339,
    -22.66485077488));
#1741 = CARTESIAN_POINT('',(73.583473738674,119.93058528904,
    -22.91376671465));
#1742 = CARTESIAN_POINT('',(73.530057103237,119.86604463434,
    -23.16210855961));
#1743 = CARTESIAN_POINT('',(73.47656743167,119.79931375689,
    -23.40984967413));
#1744 = CARTESIAN_POINT('',(73.423016012615,119.73037431645,
    -23.65696248902));
#1745 = CARTESIAN_POINT('',(73.343612618176,119.62495000666,
    -24.02205442504));
#1746 = CARTESIAN_POINT('',(73.317694846041,119.59003807304,
    -24.14101731483));
#1747 = CARTESIAN_POINT('',(73.291684404226,119.55449141748,
    -24.26020081262));
#1748 = CARTESIAN_POINT('',(73.265602931017,119.51832998342,
    -24.37950650551));
#1749 = CARTESIAN_POINT('',(73.23947069502,119.48157387758,
    -24.49884327009));
#1750 = CARTESIAN_POINT('',(73.213306711269,119.44424337311,
    -24.61812661681));
#1751 = CARTESIAN_POINT('',(73.187128857324,119.40635891279,
    -24.73727803415));
#1752 = CARTESIAN_POINT('',(73.132056942784,119.32552786595,
    -24.98754101122));
#1753 = CARTESIAN_POINT('',(73.103243830636,119.28258248541,
    -25.11824282443));
#1754 = CARTESIAN_POINT('',(73.074338713764,119.23884739476,
    -25.24913610828));
#1755 = CARTESIAN_POINT('',(73.045258653236,119.19417949928,
    -25.38059669886));
#1756 = CARTESIAN_POINT('',(73.016013801798,119.14856680939,
    -25.51257627701));
#1757 = CARTESIAN_POINT('',(72.986707589869,119.1021479858,
    -25.64460818348));
#1758 = CARTESIAN_POINT('',(72.957536712987,119.05523284283,
    -25.77581336106));
#1759 = CARTESIAN_POINT('',(72.794316683877,118.7888725949,
    -26.50880638414));
#1760 = CARTESIAN_POINT('',(72.660041877708,118.55466760541,
    -27.10735141897));
#1761 = CARTESIAN_POINT('',(72.5261915439,118.30535994808,
    -27.70002185613));
#1762 = CARTESIAN_POINT('',(72.393022120753,118.0405886109,
    -28.2862143755));
#1763 = CARTESIAN_POINT('',(72.260822376963,117.75998310993,
    -28.86524505281));
#1764 = CARTESIAN_POINT('',(72.129914898386,117.46316480373,
    -29.43635023428));
#1765 = CARTESIAN_POINT('',(72.000657834684,117.1497449126,
    -29.99868589792));
#1766 = CARTESIAN_POINT('',(71.724531491987,116.43251697855,
    -31.19825543781));
#1767 = CARTESIAN_POINT('',(71.578446970086,116.02248047263,
    -31.83178122799));
#1768 = CARTESIAN_POINT('',(71.435809423289,115.58853168512,
    -32.45049899084));
#1769 = CARTESIAN_POINT('',(71.297346360714,115.13004944227,
    -33.05266999216));
#1770 = CARTESIAN_POINT('',(71.163895563325,114.64650455287,
    -33.63624800051));
#1771 = CARTESIAN_POINT('',(71.03640150634,114.13748940422,
    -34.19890180954));
#1772 = CARTESIAN_POINT('',(70.915909358198,113.6027420378,
    -34.73803292686));
#1773 = CARTESIAN_POINT('',(70.722531094569,112.63789299074,
    -35.62057230745));
#1774 = CARTESIAN_POINT('',(70.645751308634,112.22025035507,
    -35.976581301));
#1775 = CARTESIAN_POINT('',(70.573646199602,111.78922811564,
    -36.31773197517));
#1776 = CARTESIAN_POINT('',(70.506679803459,111.34492912792,
    -36.64282209034));
#1777 = CARTESIAN_POINT('',(70.445344092554,110.88758344689,
    -36.95055155271));
#1778 = CARTESIAN_POINT('',(70.390148064311,110.41756842723,
    -37.23954936722));
#1779 = CARTESIAN_POINT('',(70.341603016918,109.93543326183,
    -37.508406593));
#1780 = CARTESIAN_POINT('',(70.266907828096,109.0450141551,
    -37.95461946261));
#1781 = CARTESIAN_POINT('',(70.238233955155,108.640745363,
    -38.13958540486));
#1782 = CARTESIAN_POINT('',(70.214442012691,108.22953727214,
    -38.30986799615));
#1783 = CARTESIAN_POINT('',(70.195782174331,107.81189018638,
    -38.46473156858));
#1784 = CARTESIAN_POINT('',(70.18248848732,107.3883943264,
    -38.60346470221));
#1785 = CARTESIAN_POINT('',(70.17477023703,106.95973696123,
    -38.72540032948));
#1786 = CARTESIAN_POINT('',(70.17280135649,106.52671136826,
    -38.82994116034));
#1787 = CARTESIAN_POINT('',(70.179941231411,105.72895425142,
    -38.98830941616));
#1788 = CARTESIAN_POINT('',(70.187200003491,105.36528220404,
    -39.0477767361));
#1789 = CARTESIAN_POINT('',(70.19855638851,104.99973477066,
    -39.09470753069));
#1790 = CARTESIAN_POINT('',(70.214060214825,104.6328533093,
    -39.12887130276));
#1791 = CARTESIAN_POINT('',(70.23373696005,104.26519748097,
    -39.15009694257));
#1792 = CARTESIAN_POINT('',(70.257585763308,103.89734548542,
    -39.15827775534));
#1793 = CARTESIAN_POINT('',(70.285577437486,103.52989429709,
    -39.15337648876));
#1794 = CARTESIAN_POINT('',(70.404099341941,102.17586532256,
    -39.08706349233));
#1795 = CARTESIAN_POINT('',(70.520356514674,101.19393928152,
    -38.94386201136));
#1796 = CARTESIAN_POINT('',(70.665235378909,100.23205406405,
    -38.70612306459));
#1797 = CARTESIAN_POINT('',(70.835963219174,99.30068819755,
    -38.37918746868));
#1798 = CARTESIAN_POINT('',(71.02902855511,98.407501085925,
    -37.97058605824));
#1799 = CARTESIAN_POINT('',(71.240620601719,97.557760626952,
    -37.48905863396));
#1800 = CARTESIAN_POINT('',(71.466983296816,96.754730633364,
    -36.94367287073));
#1801 = CARTESIAN_POINT('',(71.704660602916,96.,-36.34315138462));
#1802 = ORIENTED_EDGE('',*,*,#1483,.F.);
#1803 = FACE_BOUND('',#1804,.T.);
#1804 = EDGE_LOOP('',(#1805));
#1805 = ORIENTED_EDGE('',*,*,#1806,.T.);
#1806 = EDGE_CURVE('',#1807,#1807,#1809,.T.);
#1807 = VERTEX_POINT('',#1808);
#1808 = CARTESIAN_POINT('',(-70.20238347465,105.,-39.08258689019));
#1809 = B_SPLINE_CURVE_WITH_KNOTS('',8,(#1810,#1811,#1812,#1813,#1814,
    #1815,#1816,#1817,#1818,#1819,#1820,#1821,#1822,#1823,#1824,#1825,
    #1826,#1827,#1828,#1829,#1830,#1831,#1832,#1833,#1834,#1835,#1836,
    #1837,#1838,#1839,#1840,#1841,#1842,#1843,#1844,#1845,#1846,#1847,
    #1848,#1849,#1850,#1851,#1852,#1853,#1854,#1855,#1856,#1857,#1858,
    #1859,#1860,#1861,#1862,#1863,#1864,#1865,#1866,#1867,#1868,#1869,
    #1870,#1871,#1872,#1873,#1874,#1875,#1876,#1877,#1878,#1879,#1880,
    #1881,#1882,#1883,#1884,#1885,#1886,#1887,#1888,#1889,#1890,#1891,
    #1892,#1893,#1894,#1895,#1896,#1897,#1898,#1899,#1900,#1901,#1902,
    #1903,#1904,#1905,#1906,#1907,#1908,#1909,#1910,#1911,#1912,#1913,
    #1914,#1915,#1916,#1917,#1918,#1919,#1920,#1921,#1922,#1923,#1924,
    #1925,#1926,#1927,#1928,#1929,#1930,#1931,#1932,#1933,#1934,#1935,
    #1936,#1937,#1938,#1939,#1940,#1941,#1942,#1943,#1944,#1945,#1946,
    #1947,#1948,#1949,#1950,#1951,#1952,#1953,#1954,#1955,#1956,#1957,
    #1958,#1959,#1960,#1961,#1962,#1963,#1964,#1965,#1966,#1967,#1968,
    #1969,#1970,#1971,#1972,#1973,#1974,#1975,#1976,#1977,#1978,#1979,
    #1980,#1981,#1982,#1983,#1984,#1985,#1986,#1987,#1988,#1989,#1990,
    #1991,#1992,#1993,#1994,#1995,#1996,#1997,#1998,#1999,#2000,#2001,
    #2002,#2003,#2004,#2005,#2006,#2007,#2008,#2009,#2010,#2011,#2012,
    #2013,#2014,#2015,#2016,#2017,#2018,#2019,#2020,#2021,#2022,#2023,
    #2024,#2025,#2026,#2027,#2028,#2029,#2030,#2031,#2032,#2033,#2034,
    #2035,#2036,#2037,#2038,#2039,#2040,#2041,#2042,#2043,#2044,#2045,
    #2046,#2047,#2048,#2049,#2050,#2051,#2052,#2053,#2054,#2055,#2056,
    #2057,#2058,#2059,#2060,#2061,#2062,#2063,#2064,#2065,#2066,#2067,
    #2068,#2069,#2070,#2071,#2072,#2073,#2074,#2075,#2076,#2077,#2078,
    #2079,#2080,#2081,#2082,#2083,#2084,#2085,#2086,#2087,#2088,#2089,
    #2090,#2091,#2092,#2093,#2094,#2095,#2096,#2097,#2098,#2099,#2100,
    #2101,#2102,#2103,#2104,#2105,#2106,#2107,#2108,#2109,#2110,#2111,
    #2112,#2113,#2114,#2115,#2116,#2117,#2118,#2119,#2120,#2121,#2122,
    #2123,#2124,#2125,#2126,#2127,#2128,#2129,#2130,#2131,#2132,#2133,
    #2134,#2135,#2136,#2137,#2138,#2139,#2140),.UNSPECIFIED.,.T.,.F.,(9,
    7,7,7,7,7,7,7,7,7,7,7,7,7,7,7,7,7,7,7,7,7,7,7,7,7,7,7,7,7,7,7,7,7,7,
    7,7,7,7,7,7,7,7,7,7,7,7,9),(0.,3.696136512317E-02,6.779569591747E-02
    ,0.112086747239,0.149719913881,0.180112957035,0.200342704815,
    0.207680395817,0.214135368491,0.260688532495,0.347173010202,
    0.374073221358,0.404411808785,0.413150194466,0.437711598682,
    0.457120432054,0.47318471196,0.479110720402,0.479661041677,
    0.481242879197,0.487812482393,0.489387804549,0.491763185733,
    0.493587978062,0.497367720369,0.505230967905,0.505917459636,
    0.510701803234,0.520687481966,0.531139250429,0.565573846301,
    0.57291894844,0.596425329303,0.623899652756,0.715600319722,
    0.755485040953,0.765199094521,0.768875619801,0.772136964489,
    0.783530811721,0.795455754648,0.82562400044,0.863113110937,
    0.907522653552,0.939204740524,0.955047439219,0.98659155795,1.),
  .UNSPECIFIED.);
#1810 = CARTESIAN_POINT('',(-70.20238347465,105.,-39.08258689019));
#1811 = CARTESIAN_POINT('',(-70.17822766468,105.63346482321,
    -39.0153165958));
#1812 = CARTESIAN_POINT('',(-70.16645630172,106.26374133974,
    -38.90974507864));
#1813 = CARTESIAN_POINT('',(-70.16696181087,106.88765600275,
    -38.76673820685));
#1814 = CARTESIAN_POINT('',(-70.17936577258,107.5025418606,
    -38.58777469396));
#1815 = CARTESIAN_POINT('',(-70.20310771786,108.10616945322,
    -38.3747081877));
#1816 = CARTESIAN_POINT('',(-70.2375077769,108.69670307543,
    -38.12961934755));
#1817 = CARTESIAN_POINT('',(-70.28181347043,109.27266966804,
    -37.85471443362));
#1818 = CARTESIAN_POINT('',(-70.37981177789,110.300312386,
    -37.29988242967));
#1819 = CARTESIAN_POINT('',(-70.43073514381,110.75680924265,
    -37.02831790529));
#1820 = CARTESIAN_POINT('',(-70.48756498454,111.20182895336,
    -36.73878350952));
#1821 = CARTESIAN_POINT('',(-70.54984716695,111.63494445011,
    -36.43251813264));
#1822 = CARTESIAN_POINT('',(-70.61713340499,112.05586800634,
    -36.11072017115));
#1823 = CARTESIAN_POINT('',(-70.68899236148,112.46443172967,
    -35.77452257736));
#1824 = CARTESIAN_POINT('',(-70.76501791788,112.86057135232,
    -35.42497218941));
#1825 = CARTESIAN_POINT('',(-70.95948494401,113.79552787883,
    -34.5430882924));
#1826 = CARTESIAN_POINT('',(-71.08193360071,114.32104664851,
    -33.99766967609));
#1827 = CARTESIAN_POINT('',(-71.21107412011,114.82101855203,
    -33.42952162307));
#1828 = CARTESIAN_POINT('',(-71.34589248149,115.29574116814,
    -32.84115750991));
#1829 = CARTESIAN_POINT('',(-71.4854740422,115.74564447143,
    -32.23482943671));
#1830 = CARTESIAN_POINT('',(-71.62900838139,116.17126887881,
    -31.61251279036));
#1831 = CARTESIAN_POINT('',(-71.77579205103,116.57323760206,
    -30.97588589421));
#1832 = CARTESIAN_POINT('',(-72.05220283972,117.27423943091,
    -29.77436942961));
#1833 = CARTESIAN_POINT('',(-72.18107337035,117.57961558372,
    -29.21316339576));
#1834 = CARTESIAN_POINT('',(-72.31146418447,117.86874705937,
    -28.64356767734));
#1835 = CARTESIAN_POINT('',(-72.44303426506,118.14201318127,
    -28.06638551118));
#1836 = CARTESIAN_POINT('',(-72.57547629143,118.39978233412,
    -27.48234436046));
#1837 = CARTESIAN_POINT('',(-72.70851495759,118.64241392064,
    -26.89209655256));
#1838 = CARTESIAN_POINT('',(-72.8419055371,118.87025724217,
    -26.29621853032));
#1839 = CARTESIAN_POINT('',(-73.08327099594,119.25598389534,
    -25.20982522684));
#1840 = CARTESIAN_POINT('',(-73.19119476468,119.41888807497,
    -24.7211108004));
#1841 = CARTESIAN_POINT('',(-73.29908873157,119.57253408989,
    -24.22933660504));
#1842 = CARTESIAN_POINT('',(-73.40684661027,119.71708661228,
    -23.73475660739));
#1843 = CARTESIAN_POINT('',(-73.51437071428,119.85270117639,
    -23.23760762712));
#1844 = CARTESIAN_POINT('',(-73.62157157406,119.97952461623,
    -22.73810939099));
#1845 = CARTESIAN_POINT('',(-73.72836755425,120.0976955033,-22.236464587
    ));
#1846 = CARTESIAN_POINT('',(-73.90544951511,120.28032744718,
    -21.397656685));
#1847 = CARTESIAN_POINT('',(-73.97600187451,120.34953446538,
    -21.06158762611));
#1848 = CARTESIAN_POINT('',(-74.04631954662,120.41500380611,
    -20.72470747514));
#1849 = CARTESIAN_POINT('',(-74.11638165598,120.47677186794,
    -20.38706996157));
#1850 = CARTESIAN_POINT('',(-74.18616845401,120.53487328081,
    -20.04872681102));
#1851 = CARTESIAN_POINT('',(-74.25566131901,120.58934090605,
    -19.70972774523));
#1852 = CARTESIAN_POINT('',(-74.32484275618,120.64020583637,
    -19.37012048204));
#1853 = CARTESIAN_POINT('',(-74.4186708373,120.70465089649,
    -18.90656508959));
#1854 = CARTESIAN_POINT('',(-74.44360213561,120.72133426945,
    -18.78310548515));
#1855 = CARTESIAN_POINT('',(-74.4684895048,120.73754891435,
    -18.65957412267));
#1856 = CARTESIAN_POINT('',(-74.49333217342,120.75329620029,
    -18.53597317756));
#1857 = CARTESIAN_POINT('',(-74.51812938632,120.76857746586,
    -18.41230480011));
#1858 = CARTESIAN_POINT('',(-74.54288040462,120.78339401916,
    -18.28857111549));
#1859 = CARTESIAN_POINT('',(-74.56758450573,120.79774713777,
    -18.16477422372));
#1860 = CARTESIAN_POINT('',(-74.61393130646,120.82385793192,
    -17.9319581964));
#1861 = CARTESIAN_POINT('',(-74.63558478892,120.83572012911,
    -17.82295281428));
#1862 = CARTESIAN_POINT('',(-74.65720115434,120.84722562007,
    -17.71390043444));
#1863 = CARTESIAN_POINT('',(-74.67877963013,120.85837506143,
    -17.60480396404));
#1864 = CARTESIAN_POINT('',(-74.70032007813,120.86916944394,
    -17.49566315533));
#1865 = CARTESIAN_POINT('',(-74.72182178475,120.87960941084,
    -17.38648068424));
#1866 = CARTESIAN_POINT('',(-74.74328445421,120.88969581761,
    -17.27725715957));
#1867 = CARTESIAN_POINT('',(-74.9192109193,120.96962771105,
    -16.37999164973));
#1868 = CARTESIAN_POINT('',(-75.0716559481,121.02147299018,
    -15.58995002706));
#1869 = CARTESIAN_POINT('',(-75.22188299059,121.05525055725,
    -14.79835500645));
#1870 = CARTESIAN_POINT('',(-75.36975161842,121.07119216482,
    -14.00568013826));
#1871 = CARTESIAN_POINT('',(-75.51514008891,121.06948060235,
    -13.21238688388));
#1872 = CARTESIAN_POINT('',(-75.65794496884,121.05025057034,
    -12.41892462234));
#1873 = CARTESIAN_POINT('',(-75.79808095402,121.01358580778,
    -11.62573065805));
#1874 = CARTESIAN_POINT('',(-76.19073659398,120.85905741883,
    -9.360956809592));
#1875 = CARTESIAN_POINT('',(-76.43645882887,120.6985559023,
    -7.891600153837));
#1876 = CARTESIAN_POINT('',(-76.67231823235,120.47821789589,
    -6.427365590496));
#1877 = CARTESIAN_POINT('',(-76.89805221686,120.19748860651,
    -4.971081742506));
#1878 = CARTESIAN_POINT('',(-77.11350592627,119.85521272749,
    -3.526175795642));
#1879 = CARTESIAN_POINT('',(-77.31868639167,119.44947309369,
    -2.096724686142));
#1880 = CARTESIAN_POINT('',(-77.51380554311,118.97752031251,
    -0.687480634978));
#1881 = CARTESIAN_POINT('',(-77.75710607246,118.26580845563,
    1.12611122617));
#1882 = CARTESIAN_POINT('',(-77.81389728804,118.0901206588,1.55381270971
    ));
#1883 = CARTESIAN_POINT('',(-77.86977061046,117.90746639473,
    1.978753609035));
#1884 = CARTESIAN_POINT('',(-77.924740266,117.71770639845,2.40071768131)
  );
#1885 = CARTESIAN_POINT('',(-77.97882195137,117.52069064309,
    2.819463767867));
#1886 = CARTESIAN_POINT('',(-78.03203336553,117.31625635514,
    3.234724783238));
#1887 = CARTESIAN_POINT('',(-78.08439474152,117.10422602981,
    3.646206704195));
#1888 = CARTESIAN_POINT('',(-78.1940511564,116.63648737091,
    4.513039650195));
#1889 = CARTESIAN_POINT('',(-78.25111787918,116.37867442008,
    4.967247499063));
#1890 = CARTESIAN_POINT('',(-78.30716531803,116.11068003877,
    5.415766535001));
#1891 = CARTESIAN_POINT('',(-78.3622292992,115.83220561523,
    5.858067029147));
#1892 = CARTESIAN_POINT('',(-78.41634748163,115.54294158818,
    6.293534530296));
#1893 = CARTESIAN_POINT('',(-78.46956095559,115.24256519995,
    6.721468079816));
#1894 = CARTESIAN_POINT('',(-78.52191566225,114.93073489556,
    7.141076205363));
#1895 = CARTESIAN_POINT('',(-78.58831093263,114.51385983635,7.6696761025
    ));
#1896 = CARTESIAN_POINT('',(-78.60309107258,114.4196588855,
    7.787115292517));
#1897 = CARTESIAN_POINT('',(-78.61780521921,114.32447024598,
    7.903766420931));
#1898 = CARTESIAN_POINT('',(-78.63245453206,114.22828579867,
    8.019606607326));
#1899 = CARTESIAN_POINT('',(-78.64704018934,114.13109744027,
    8.134612098745));
#1900 = CARTESIAN_POINT('',(-78.66156337928,114.03289716415,
    8.248758178383));
#1901 = CARTESIAN_POINT('',(-78.67602529202,113.9336771345,8.36201908058
    ));
#1902 = CARTESIAN_POINT('',(-78.73090713401,113.55165872336,
    8.790153210314));
#1903 = CARTESIAN_POINT('',(-78.77091032639,113.26178581847,
    9.098716809535));
#1904 = CARTESIAN_POINT('',(-78.81046664645,112.96361934267,
    9.399490436145));
#1905 = CARTESIAN_POINT('',(-78.84960316177,112.65699575138,
    9.691815681404));
#1906 = CARTESIAN_POINT('',(-78.88834509738,112.34178398366,
    9.97494908958));
#1907 = CARTESIAN_POINT('',(-78.92671617472,112.01789130554,
    10.248068216285));
#1908 = CARTESIAN_POINT('',(-78.96473827575,111.68527044305,
    10.510278919989));
#1909 = CARTESIAN_POINT('',(-79.03221540436,111.07419349827,
    10.958450691098));
#1910 = CARTESIAN_POINT('',(-79.06179194071,110.79903460777,
    11.148852107538));
#1911 = CARTESIAN_POINT('',(-79.09116931389,110.518457772,
    11.331356964121));
#1912 = CARTESIAN_POINT('',(-79.12035318606,110.23251292024,
    11.505453469756));
#1913 = CARTESIAN_POINT('',(-79.14934542761,109.94130076464,
    11.670598483093));
#1914 = CARTESIAN_POINT('',(-79.17814371894,109.64497887109,
    11.826228089399));
#1915 = CARTESIAN_POINT('',(-79.20674060835,109.34377211333,
    11.971771135038));
#1916 = CARTESIAN_POINT('',(-79.25861212672,108.78490630673,
    12.218318089636));
#1917 = CARTESIAN_POINT('',(-79.28193227168,108.52892931041,
    12.322568785965));
#1918 = CARTESIAN_POINT('',(-79.30509799397,108.2699956427,
    12.419236665909));
#1919 = CARTESIAN_POINT('',(-79.32810407926,108.0082479586,
    12.508030436098));
#1920 = CARTESIAN_POINT('',(-79.35092704517,107.74402925718,
    12.588590557337));
#1921 = CARTESIAN_POINT('',(-79.37351756194,107.4780129526,
    12.660548273109));
#1922 = CARTESIAN_POINT('',(-79.39580562799,107.21114758442,
    12.723571913762));
#1923 = CARTESIAN_POINT('',(-79.42571845237,106.84720096695,
    12.797354198252));
#1924 = CARTESIAN_POINT('',(-79.43370705436,106.74941770145,
    12.815963553704));
#1925 = CARTESIAN_POINT('',(-79.44162039866,106.6519775439,
    12.833305114163));
#1926 = CARTESIAN_POINT('',(-79.44944410432,106.55507071715,
    12.849360115589));
#1927 = CARTESIAN_POINT('',(-79.45715264456,106.45903034334,
    12.864097389615));
#1928 = CARTESIAN_POINT('',(-79.46470916423,106.36434305228,
    12.877489804483));
#1929 = CARTESIAN_POINT('',(-79.47206712581,106.27163464601,
    12.889530355893));
#1930 = CARTESIAN_POINT('',(-79.47983635133,106.1732355039,
    12.901238263249));
#1931 = CARTESIAN_POINT('',(-79.48049395183,106.16490267958,
    12.902221033926));
#1932 = CARTESIAN_POINT('',(-79.48115172377,106.15656356091,
    12.903195910476));
#1933 = CARTESIAN_POINT('',(-79.48180592527,106.1482655695,
    12.904157308224));
#1934 = CARTESIAN_POINT('',(-79.48246033231,106.13996091173,
    12.905110972109));
#1935 = CARTESIAN_POINT('',(-79.48311202178,106.13168664049,
    12.906052553595));
#1936 = CARTESIAN_POINT('',(-79.48376261837,106.12342220985,
    12.906984558105));
#1937 = CARTESIAN_POINT('',(-79.48627646667,106.09147354343,
    12.910554747622));
#1938 = CARTESIAN_POINT('',(-79.48812813818,106.06790714205,
    12.913118304115));
#1939 = CARTESIAN_POINT('',(-79.48996607266,106.0444826874,
    12.915597518282));
#1940 = CARTESIAN_POINT('',(-79.49178990119,106.02120563963,
    12.917993297412));
#1941 = CARTESIAN_POINT('',(-79.49359928345,105.99808111996,
    12.920306646852));
#1942 = CARTESIAN_POINT('',(-79.49539390771,105.97511391075,
    12.922538670009));
#1943 = CARTESIAN_POINT('',(-79.4971734908,105.95230845546,
    12.924690568352));
#1944 = CARTESIAN_POINT('',(-79.50626512079,105.83564328832,
    12.935373366127));
#1945 = CARTESIAN_POINT('',(-79.51333400764,105.74440953127,
    12.942629685957));
#1946 = CARTESIAN_POINT('',(-79.52011790394,105.65636565883,
    12.948610981044));
#1947 = CARTESIAN_POINT('',(-79.5266144037,105.57160990997,
    12.953446113488));
#1948 = CARTESIAN_POINT('',(-79.53284547205,105.4899185371,
    12.957276071864));
#1949 = CARTESIAN_POINT('',(-79.53885133839,105.41081404658,
    12.960225417093));
#1950 = CARTESIAN_POINT('',(-79.54468321251,105.33365492437,
    12.962385272299));
#1951 = CARTESIAN_POINT('',(-79.5517708204,105.23945944952,
    12.964151134449));
#1952 = CARTESIAN_POINT('',(-79.55313508315,105.22130818887,
    12.964450380071));
#1953 = CARTESIAN_POINT('',(-79.55449361116,105.20321342675,
    12.964708075641));
#1954 = CARTESIAN_POINT('',(-79.55584724105,105.18516424015,
    12.964924821609));
#1955 = CARTESIAN_POINT('',(-79.55719681881,105.16714951114,
    12.965101079399));
#1956 = CARTESIAN_POINT('',(-79.55854319982,105.14915792691,
    12.965237171408));
#1957 = CARTESIAN_POINT('',(-79.55988724883,105.13117797973,
    12.965333281008));
#1958 = CARTESIAN_POINT('',(-79.56325429279,105.08608644312,
    12.965474142005));
#1959 = CARTESIAN_POINT('',(-79.56527534839,105.05897587976,
    12.965468031988));
#1960 = CARTESIAN_POINT('',(-79.56729605947,105.0318253914,
    12.965371237667));
#1961 = CARTESIAN_POINT('',(-79.56931939054,105.00459490799,
    12.965183136144));
#1962 = CARTESIAN_POINT('',(-79.57134821798,104.97724517488,
    12.964902366454));
#1963 = CARTESIAN_POINT('',(-79.57338533006,104.94973775281,
    12.964526829565));
#1964 = CARTESIAN_POINT('',(-79.57543342691,104.92203501791,
    12.964053688377));
#1965 = CARTESIAN_POINT('',(-79.57907893456,104.87264031717,
    12.963038160598));
#1966 = CARTESIAN_POINT('',(-79.58067071102,104.85104433911,
    12.962537296252));
#1967 = CARTESIAN_POINT('',(-79.58227161824,104.82929574122,
    12.961975129992));
#1968 = CARTESIAN_POINT('',(-79.58388273234,104.80737917601,
    12.961349822967));
#1969 = CARTESIAN_POINT('',(-79.58550503719,104.78528043488,
    12.960659342158));
#1970 = CARTESIAN_POINT('',(-79.58713942446,104.76298644802,
    12.959901460383));
#1971 = CARTESIAN_POINT('',(-79.58878669362,104.74048528452,
    12.959073756294));
#1972 = CARTESIAN_POINT('',(-79.5938877341,104.67070739074,
    12.956309152126));
#1973 = CARTESIAN_POINT('',(-79.5973865401,104.62270911813,
    12.954133841831));
#1974 = CARTESIAN_POINT('',(-79.6009494805,104.57368617858,
    12.95162520024));
#1975 = CARTESIAN_POINT('',(-79.60458025,104.52357647972,12.948758235131
    ));
#1976 = CARTESIAN_POINT('',(-79.60828025454,104.47234798149,
    12.945506812371));
#1977 = CARTESIAN_POINT('',(-79.61204834765,104.42000306887,
    12.941845398102));
#1978 = CARTESIAN_POINT('',(-79.61588077626,104.36658030859,
    12.93775117604));
#1979 = CARTESIAN_POINT('',(-79.62786512376,104.19892609164,
    12.923752037422));
#1980 = CARTESIAN_POINT('',(-79.63621653424,104.08126901136,
    12.912340956082));
#1981 = CARTESIAN_POINT('',(-79.64476962995,103.95984644559,
    12.898810425775));
#1982 = CARTESIAN_POINT('',(-79.65345484585,103.83553018,12.883052792893
    ));
#1983 = CARTESIAN_POINT('',(-79.66220669645,103.7091713709,
    12.865034967791));
#1984 = CARTESIAN_POINT('',(-79.67097353277,103.58145791905,
    12.844773273989));
#1985 = CARTESIAN_POINT('',(-79.67972043805,103.45285651302,
    12.82229357609));
#1986 = CARTESIAN_POINT('',(-79.68918641118,103.31235707458,
    12.795451183493));
#1987 = CARTESIAN_POINT('',(-79.68994616696,103.30107100589,
    12.79327906195));
#1988 = CARTESIAN_POINT('',(-79.69070567059,103.28977931209,
    12.791089908938));
#1989 = CARTESIAN_POINT('',(-79.69146494859,103.27848156779,
    12.788883608893));
#1990 = CARTESIAN_POINT('',(-79.69222400224,103.26717772352,
    12.786660120513));
#1991 = CARTESIAN_POINT('',(-79.69298280757,103.25586810575,
    12.78441947676));
#1992 = CARTESIAN_POINT('',(-79.69374131538,103.24455341687,
    12.782161784861));
#1993 = CARTESIAN_POINT('',(-79.6997831033,103.15435182352,
    12.764035256384));
#1994 = CARTESIAN_POINT('',(-79.70505088168,103.07524245327,
    12.747357882961));
#1995 = CARTESIAN_POINT('',(-79.71029606304,102.99599739751,
    12.729864215017));
#1996 = CARTESIAN_POINT('',(-79.71551317532,102.91669115646,
    12.711564751731));
#1997 = CARTESIAN_POINT('',(-79.72069786646,102.83738329712,
    12.692470535526));
#1998 = CARTESIAN_POINT('',(-79.72584677321,102.75811979287,
    12.67259230511));
#1999 = CARTESIAN_POINT('',(-79.73095738998,102.67893436299,
    12.651939648515));
#2000 = CARTESIAN_POINT('',(-79.7466109704,102.43478789026,
    12.585814327601));
#2001 = CARTESIAN_POINT('',(-79.75701794046,102.27018910205,
    12.537774619646));
#2002 = CARTESIAN_POINT('',(-79.76723306884,102.10625631233,
    12.486471845391));
#2003 = CARTESIAN_POINT('',(-79.77724456825,101.94313946271,
    12.431984131109));
#2004 = CARTESIAN_POINT('',(-79.78704326808,101.78095252786,
    12.374392579335));
#2005 = CARTESIAN_POINT('',(-79.79662199154,101.61978062044,
    12.313777678693));
#2006 = CARTESIAN_POINT('',(-79.80597525508,101.459682753,
    12.250216174902));
#2007 = CARTESIAN_POINT('',(-79.82464831788,101.13428792699,
    12.114239013397));
#2008 = CARTESIAN_POINT('',(-79.83394520595,100.969114034,
    12.041555649115));
#2009 = CARTESIAN_POINT('',(-79.84298382881,100.80523291227,
    11.965816698055));
#2010 = CARTESIAN_POINT('',(-79.85175919059,100.64269346219,
    11.88711202784));
#2011 = CARTESIAN_POINT('',(-79.86026689821,100.48153603953,
    11.805531626681));
#2012 = CARTESIAN_POINT('',(-79.86850308357,100.321793509,
    11.721164643526));
#2013 = CARTESIAN_POINT('',(-79.87646434526,100.16349196966,
    11.634098541928));
#2014 = CARTESIAN_POINT('',(-79.9094614688,99.48992040237,
    11.248956354122));
#2015 = CARTESIAN_POINT('',(-79.9317517304,98.989188953358,
    10.925201941813));
#2016 = CARTESIAN_POINT('',(-79.95092209701,98.505003239156,
    10.576141199232));
#2017 = CARTESIAN_POINT('',(-79.96690457902,98.037530273174,
    10.204613275991));
#2018 = CARTESIAN_POINT('',(-79.97965654019,97.586678720876,
    9.813198016661));
#2019 = CARTESIAN_POINT('',(-79.98915808167,97.152141536023,
    9.404156334314));
#2020 = CARTESIAN_POINT('',(-79.99540308583,96.733443874087,
    8.97938011248));
#2021 = CARTESIAN_POINT('',(-79.99902431963,96.243911728074,
    8.446705148066));
#2022 = CARTESIAN_POINT('',(-79.99951257238,96.158546466548,
    8.352414215609));
#2023 = CARTESIAN_POINT('',(-79.99985242618,96.073873615223,
    8.257495445308));
#2024 = CARTESIAN_POINT('',(-80.00004387493,95.989888334135,
    8.16196423152));
#2025 = CARTESIAN_POINT('',(-80.00008692468,95.90658573177,
    8.065835475558));
#2026 = CARTESIAN_POINT('',(-79.99998159362,95.823960865077,
    7.969123585687));
#2027 = CARTESIAN_POINT('',(-79.99972791211,95.742008739455,
    7.871842477131));
#2028 = CARTESIAN_POINT('',(-79.99803942276,95.400591477544,
    7.460900051848));
#2029 = CARTESIAN_POINT('',(-79.99523405978,95.147302620938,
    7.142109456491));
#2030 = CARTESIAN_POINT('',(-79.99091104845,94.900685475672,
    6.818065052976));
#2031 = CARTESIAN_POINT('',(-79.98507263034,94.66057449568,
    6.489160433969));
#2032 = CARTESIAN_POINT('',(-79.97772178693,94.426809774954,
    6.155752340485));
#2033 = CARTESIAN_POINT('',(-79.96886195262,94.199235970396,
    5.818161484547));
#2034 = CARTESIAN_POINT('',(-79.95849672779,93.977701224671,
    5.476673371851));
#2035 = CARTESIAN_POINT('',(-79.93275920874,93.510009684741,
    4.728145111336));
#2036 = CARTESIAN_POINT('',(-79.91683762203,93.266019131954,
    4.319786563123));
#2037 = CARTESIAN_POINT('',(-79.89887039943,93.029848998179,
    3.906867280719));
#2038 = CARTESIAN_POINT('',(-79.87886379059,92.801283828904,
    3.489753174282));
#2039 = CARTESIAN_POINT('',(-79.85682442006,92.580125544608,
    3.068773719964));
#2040 = CARTESIAN_POINT('',(-79.83275898019,92.366190837767,
    2.644223416669));
#2041 = CARTESIAN_POINT('',(-79.80667392404,92.159308569851,
    2.216363242821));
#2042 = CARTESIAN_POINT('',(-79.6847902174,91.291809302172,
    0.347075606167));
#2043 = CARTESIAN_POINT('',(-79.56863199885,90.701500303777,
    -1.12466910906));
#2044 = CARTESIAN_POINT('',(-79.43029567991,90.181769687739,
    -2.622297708586));
#2045 = CARTESIAN_POINT('',(-79.26996760433,89.728937478904,
    -4.139833280073));
#2046 = CARTESIAN_POINT('',(-79.0879345581,89.340440445949,
    -5.672283309446));
#2047 = CARTESIAN_POINT('',(-78.88452827147,89.014798325345,
    -7.215620386422));
#2048 = CARTESIAN_POINT('',(-78.6600837392,88.751323821849,
    -8.76668300998));
#2049 = CARTESIAN_POINT('',(-78.30816931798,88.46297951866,
    -11.00024126339));
#2050 = CARTESIAN_POINT('',(-78.19758715806,88.387425693749,
    -11.67815469308));
#2051 = CARTESIAN_POINT('',(-78.08312389802,88.323748709036,
    -12.35671820366));
#2052 = CARTESIAN_POINT('',(-77.96481675956,88.272012277493,
    -13.03567608598));
#2053 = CARTESIAN_POINT('',(-77.84270773754,88.232312429136,
    -13.71476852813));
#2054 = CARTESIAN_POINT('',(-77.71684375693,88.204777083722,
    -14.39373158757));
#2055 = CARTESIAN_POINT('',(-77.58727682976,88.189565623444,
    -15.0722971631));
#2056 = CARTESIAN_POINT('',(-77.42161984208,88.186211604362,
    -15.91529669403));
#2057 = CARTESIAN_POINT('',(-77.388959292,88.186297108076,
    -16.08036029229));
#2058 = CARTESIAN_POINT('',(-77.35608341383,88.18712774076,
    -16.24537969816));
#2059 = CARTESIAN_POINT('',(-77.32299308702,88.188706380787,
    -16.410350793));
#2060 = CARTESIAN_POINT('',(-77.28968921847,88.191036020919,
    -16.57526940306));
#2061 = CARTESIAN_POINT('',(-77.25617274259,88.194119768302,
    -16.74013129954));
#2062 = CARTESIAN_POINT('',(-77.22244462122,88.19796084447,
    -16.90493219853));
#2063 = CARTESIAN_POINT('',(-77.17566085267,88.204304278825,
    -17.13201602889));
#2064 = CARTESIAN_POINT('',(-77.16334121791,88.206079386722,
    -17.19165881896));
#2065 = CARTESIAN_POINT('',(-77.15122087471,88.207917090832,
    -17.25020135071));
#2066 = CARTESIAN_POINT('',(-77.13907250042,88.209847658526,
    -17.30874811379));
#2067 = CARTESIAN_POINT('',(-77.12676933091,88.211895169976,
    -17.36790446679));
#2068 = CARTESIAN_POINT('',(-77.11428697696,88.214070245384,
    -17.42777823593));
#2069 = CARTESIAN_POINT('',(-77.10170524068,88.216362772211,
    -17.48798131376));
#2070 = CARTESIAN_POINT('',(-77.07812568031,88.220838663448,
    -17.60054508437));
#2071 = CARTESIAN_POINT('',(-77.06673722395,88.223075700716,
    -17.65480057215));
#2072 = CARTESIAN_POINT('',(-77.05521880869,88.225419719408,
    -17.70955580534));
#2073 = CARTESIAN_POINT('',(-77.04368939994,88.227848298134,
    -17.76424285371));
#2074 = CARTESIAN_POINT('',(-77.03221166404,88.230346310743,
    -17.8185675137));
#2075 = CARTESIAN_POINT('',(-77.02079094958,88.232909618161,
    -17.87250904935));
#2076 = CARTESIAN_POINT('',(-77.00937426871,88.235548760212,
    -17.92631993338));
#2077 = CARTESIAN_POINT('',(-76.95758552445,88.247878721256,
    -18.16989868567));
#2078 = CARTESIAN_POINT('',(-76.9170476761,88.258493979021,
    -18.35916166415));
#2079 = CARTESIAN_POINT('',(-76.87623734521,88.270144181908,
    -18.54830781849));
#2080 = CARTESIAN_POINT('',(-76.83515637098,88.282835259339,
    -18.73732952034));
#2081 = CARTESIAN_POINT('',(-76.79380644814,88.296573399008,
    -18.92621997221));
#2082 = CARTESIAN_POINT('',(-76.75218954046,88.311364950768,
    -19.11497126956));
#2083 = CARTESIAN_POINT('',(-76.71030753503,88.327216512221,
    -19.30357603073));
#2084 = CARTESIAN_POINT('',(-76.62405290292,88.361841853793,
    -19.68926083827));
#2085 = CARTESIAN_POINT('',(-76.57965518736,88.380717407977,
    -19.88632613481));
#2086 = CARTESIAN_POINT('',(-76.53497161489,88.400769333437,
    -20.08321332938));
#2087 = CARTESIAN_POINT('',(-76.49000458368,88.422005682872,
    -20.27991325101));
#2088 = CARTESIAN_POINT('',(-76.44475659154,88.444434771294,
    -20.47641648203));
#2089 = CARTESIAN_POINT('',(-76.39923023595,88.468065176033,
    -20.67271335805));
#2090 = CARTESIAN_POINT('',(-76.35342821402,88.492905736734,
    -20.86879396801));
#2091 = CARTESIAN_POINT('',(-76.19079103092,88.584892891238,
    -21.5601286912));
#2092 = CARTESIAN_POINT('',(-76.07248322132,88.658622988397,
    -22.05415653813));
#2093 = CARTESIAN_POINT('',(-75.95247424856,88.740304168447,
    -22.54657143821));
#2094 = CARTESIAN_POINT('',(-75.83081399291,88.830094920315,
    -23.0371974101));
#2095 = CARTESIAN_POINT('',(-75.70755815724,88.928164472329,
    -23.52584270049));
#2096 = CARTESIAN_POINT('',(-75.58276856409,89.034693364306,
    -24.01229973695));
#2097 = CARTESIAN_POINT('',(-75.45651345278,89.149874019644,
    -24.49634508063));
#2098 = CARTESIAN_POINT('',(-75.17024658875,89.428048535835,
    -25.57595260457));
#2099 = CARTESIAN_POINT('',(-75.00948452589,89.595856513758,
    -26.17004743856));
#2100 = CARTESIAN_POINT('',(-74.84672147597,89.777731162061,
    -26.75958083577));
#2101 = CARTESIAN_POINT('',(-74.6821223426,89.974093272079,
    -27.34403492147));
#2102 = CARTESIAN_POINT('',(-74.51587889053,90.18538509317,
    -27.92281867016));
#2103 = CARTESIAN_POINT('',(-74.34821136257,90.412069809554,
    -28.49526847353));
#2104 = CARTESIAN_POINT('',(-74.17936986774,90.654633916401,
    -29.06064759741));
#2105 = CARTESIAN_POINT('',(-73.80856852383,91.22035442137,
    -30.27855453971));
#2106 = CARTESIAN_POINT('',(-73.6062843215,91.550068114442,
    -30.92778619891));
#2107 = CARTESIAN_POINT('',(-73.40322802502,91.903610899586,
    -31.56457330614));
#2108 = CARTESIAN_POINT('',(-73.19995639864,92.2818531258,
    -32.18732459547));
#2109 = CARTESIAN_POINT('',(-72.99714334125,92.685625117388,
    -32.79414619025));
#2110 = CARTESIAN_POINT('',(-72.79558221299,93.115688058108,
    -33.38286054742));
#2111 = CARTESIAN_POINT('',(-72.59618502675,93.572708807998,
    -33.95102189035));
#2112 = CARTESIAN_POINT('',(-72.26000337008,94.402905803987,
    -34.88466809442));
#2113 = CARTESIAN_POINT('',(-72.12167306952,94.762521740652,
    -35.26151418457));
#2114 = CARTESIAN_POINT('',(-71.9853668132,95.136262601661,
    -35.62547090388));
#2115 = CARTESIAN_POINT('',(-71.85151253198,95.524219315644,
    -35.97542569296));
#2116 = CARTESIAN_POINT('',(-71.72058338613,95.926380974632,
    -36.31016674738));
#2117 = CARTESIAN_POINT('',(-71.59309160687,96.342613312464,
    -36.62840584912));
#2118 = CARTESIAN_POINT('',(-71.46957967076,96.772632287989,
    -36.92880621189));
#2119 = CARTESIAN_POINT('',(-71.29111714476,97.437666142381,
    -37.35063464572));
#2120 = CARTESIAN_POINT('',(-71.23276184204,97.662687444298,
    -37.48645313747));
#2121 = CARTESIAN_POINT('',(-71.17561367046,97.89097538607,
    -37.61730046647));
#2122 = CARTESIAN_POINT('',(-71.1197446373,98.122456857852,
    -37.74300532527));
#2123 = CARTESIAN_POINT('',(-71.06522738689,98.357045915405,
    -37.86339714824));
#2124 = CARTESIAN_POINT('',(-71.01213460204,98.594642762769,
    -37.97830781142));
#2125 = CARTESIAN_POINT('',(-70.96053840544,98.835132734949,
    -38.08757333251));
#2126 = CARTESIAN_POINT('',(-70.81089860262,99.562721163425,
    -38.39703737015));
#2127 = CARTESIAN_POINT('',(-70.71748294422,100.05809967816,
    -38.58007213579));
#2128 = CARTESIAN_POINT('',(-70.63084897664,100.56338867481,
    -38.73883055591));
#2129 = CARTESIAN_POINT('',(-70.55153122998,101.07730500239,
    -38.87218066326));
#2130 = CARTESIAN_POINT('',(-70.4800001619,101.59840904677,
    -38.97918719463));
#2131 = CARTESIAN_POINT('',(-70.41664663195,102.12509549406,
    -39.05914706685));
#2132 = CARTESIAN_POINT('',(-70.36176326174,102.65558031931,
    -39.11164096907));
#2133 = CARTESIAN_POINT('',(-70.29586713886,103.41415002918,
    -39.14721109928));
#2134 = CARTESIAN_POINT('',(-70.27777153314,103.64076610236,
    -39.15284675855));
#2135 = CARTESIAN_POINT('',(-70.26124842983,103.86759062434,
    -39.15350261611));
#2136 = CARTESIAN_POINT('',(-70.24630644074,104.09448365479,
    -39.14918312701));
#2137 = CARTESIAN_POINT('',(-70.23295022372,104.32130690896,
    -39.13990263446));
#2138 = CARTESIAN_POINT('',(-70.22118048271,104.54792375768,
    -39.12568536981));
#2139 = CARTESIAN_POINT('',(-70.21099396768,104.77419922737,
    -39.10656545252));
#2140 = CARTESIAN_POINT('',(-70.20238347465,105.,-39.08258689019));
#2141 = ( BOUNDED_SURFACE() B_SPLINE_SURFACE(2,2,(
    (#2142,#2143,#2144,#2145,#2146)
    ,(#2147,#2148,#2149,#2150,#2151)
    ,(#2152,#2153,#2154,#2155,#2156)
    ,(#2157,#2158,#2159,#2160,#2161)
    ,(#2162,#2163,#2164,#2165,#2166)
    ,(#2167,#2168,#2169,#2170,#2171)
    ,(#2172,#2173,#2174,#2175,#2176
)),.UNSPECIFIED.,.T.,.F.,.F.) B_SPLINE_SURFACE_WITH_KNOTS((1,2,2,2,2,1),
  (3,2,3),(-2.094395102393,0.,2.094395102393,4.188790204786,
    6.28318530718,8.377580409573),(-1.570796326795,0.,1.570796326795),
.UNSPECIFIED.) GEOMETRIC_REPRESENTATION_ITEM() RATIONAL_B_SPLINE_SURFACE
((
    (1.,0.707106781187,1.,0.707106781187,1.)
    ,(0.5,0.353553390593,0.5,0.353553390593,0.5)
    ,(1.,0.707106781187,1.,0.707106781187,1.)
    ,(0.5,0.353553390593,0.5,0.353553390593,0.5)
    ,(1.,0.707106781187,1.,0.707106781187,1.)
    ,(0.5,0.353553390593,0.5,0.353553390593,0.5)
,(1.,0.707106781187,1.,0.707106781187,1.
))) REPRESENTATION_ITEM('') SURFACE() );
#2142 = CARTESIAN_POINT('',(4.9E-15,96.,-92.));
#2143 = CARTESIAN_POINT('',(80.,96.,-92.));
#2144 = CARTESIAN_POINT('',(80.,96.,8.));
#2145 = CARTESIAN_POINT('',(80.,96.,108.));
#2146 = CARTESIAN_POINT('',(4.9E-15,96.,108.));
#2147 = CARTESIAN_POINT('',(4.9E-15,96.,-92.));
#2148 = CARTESIAN_POINT('',(80.,267.47302994931,-92.));
#2149 = CARTESIAN_POINT('',(80.,267.47302994931,8.));
#2150 = CARTESIAN_POINT('',(80.,267.47302994931,108.));
#2151 = CARTESIAN_POINT('',(4.9E-15,96.,108.));
#2152 = CARTESIAN_POINT('',(-2.45E-15,96.,-92.));
#2153 = CARTESIAN_POINT('',(-40.,181.73651497465,-92.));
#2154 = CARTESIAN_POINT('',(-40.,181.73651497465,8.));
#2155 = CARTESIAN_POINT('',(-40.,181.73651497465,108.));
#2156 = CARTESIAN_POINT('',(-2.45E-15,96.,108.));
#2157 = CARTESIAN_POINT('',(-9.8E-15,96.,-92.));
#2158 = CARTESIAN_POINT('',(-160.,96.,-92.));
#2159 = CARTESIAN_POINT('',(-160.,96.,8.));
#2160 = CARTESIAN_POINT('',(-160.,96.,108.));
#2161 = CARTESIAN_POINT('',(-9.8E-15,96.,108.));
#2162 = CARTESIAN_POINT('',(-2.45E-15,96.,-92.));
#2163 = CARTESIAN_POINT('',(-40.,10.263485025341,-92.));
#2164 = CARTESIAN_POINT('',(-40.,10.263485025341,8.));
#2165 = CARTESIAN_POINT('',(-40.,10.263485025341,108.));
#2166 = CARTESIAN_POINT('',(-2.45E-15,96.,108.));
#2167 = CARTESIAN_POINT('',(4.9E-15,96.,-92.));
#2168 = CARTESIAN_POINT('',(80.,-75.47302994931,-92.));
#2169 = CARTESIAN_POINT('',(80.,-75.47302994931,8.));
#2170 = CARTESIAN_POINT('',(80.,-75.47302994931,108.));
#2171 = CARTESIAN_POINT('',(4.9E-15,96.,108.));
#2172 = CARTESIAN_POINT('',(4.9E-15,96.,-92.));
#2173 = CARTESIAN_POINT('',(80.,96.,-92.));
#2174 = CARTESIAN_POINT('',(80.,96.,8.));
#2175 = CARTESIAN_POINT('',(80.,96.,108.));
#2176 = CARTESIAN_POINT('',(4.9E-15,96.,108.));
#2177 = ADVANCED_FACE('',(#2178),#2193,.T.);
#2178 = FACE_BOUND('',#2179,.T.);
#2179 = EDGE_LOOP('',(#2180,#2181,#2191,#2192));
#2180 = ORIENTED_EDGE('',*,*,#1424,.F.);
#2181 = ORIENTED_EDGE('',*,*,#2182,.F.);
#2182 = EDGE_CURVE('',#2183,#1082,#2185,.T.);
#2183 = VERTEX_POINT('',#2184);
#2184 = CARTESIAN_POINT('',(4.E-15,55.,-119.));
#2185 = ( BOUNDED_CURVE() B_SPLINE_CURVE(2,(#2186,#2187,#2188,#2189,
#2190),.UNSPECIFIED.,.F.,.F.) B_SPLINE_CURVE_WITH_KNOTS((3,2,3),(
    4.712388980385,6.28318530718,7.853981633974),
.PIECEWISE_BEZIER_KNOTS.) CURVE() GEOMETRIC_REPRESENTATION_ITEM() 
RATIONAL_B_SPLINE_CURVE((1.,0.707106781187,1.,0.707106781187,1.)) 
REPRESENTATION_ITEM('') );
#2186 = CARTESIAN_POINT('',(-1.304E-14,55.,-119.));
#2187 = CARTESIAN_POINT('',(71.,55.,-119.));
#2188 = CARTESIAN_POINT('',(71.,55.,-45.));
#2189 = CARTESIAN_POINT('',(71.,55.,29.));
#2190 = CARTESIAN_POINT('',(2.174E-14,55.,29.));
#2191 = ORIENTED_EDGE('',*,*,#2182,.T.);
#2192 = ORIENTED_EDGE('',*,*,#1079,.F.);
#2193 = ( BOUNDED_SURFACE() B_SPLINE_SURFACE(2,2,(
    (#2194,#2195,#2196,#2197,#2198)
    ,(#2199,#2200,#2201,#2202,#2203)
    ,(#2204,#2205,#2206,#2207,#2208)
    ,(#2209,#2210,#2211,#2212,#2213)
    ,(#2214,#2215,#2216,#2217,#2218)
    ,(#2219,#2220,#2221,#2222,#2223)
    ,(#2224,#2225,#2226,#2227,#2228
)),.UNSPECIFIED.,.T.,.F.,.F.) B_SPLINE_SURFACE_WITH_KNOTS((1,2,2,2,2,1),
  (3,2,3),(-2.094395102393,0.,2.094395102393,4.188790204786,
    6.28318530718,8.377580409573),(-1.570796326795,0.,1.570796326795),
.UNSPECIFIED.) GEOMETRIC_REPRESENTATION_ITEM() RATIONAL_B_SPLINE_SURFACE
((
    (1.,0.707106781187,1.,0.707106781187,1.)
    ,(0.5,0.353553390593,0.5,0.353553390593,0.5)
    ,(1.,0.707106781187,1.,0.707106781187,1.)
    ,(0.5,0.353553390593,0.5,0.353553390593,0.5)
    ,(1.,0.707106781187,1.,0.707106781187,1.)
    ,(0.5,0.353553390593,0.5,0.353553390593,0.5)
,(1.,0.707106781187,1.,0.707106781187,1.
))) REPRESENTATION_ITEM('') SURFACE() );
#2194 = CARTESIAN_POINT('',(4.35E-15,55.,-119.));
#2195 = CARTESIAN_POINT('',(71.,55.,-119.));
#2196 = CARTESIAN_POINT('',(71.,55.,-45.));
#2197 = CARTESIAN_POINT('',(71.,55.,29.));
#2198 = CARTESIAN_POINT('',(4.35E-15,55.,29.));
#2199 = CARTESIAN_POINT('',(4.35E-15,55.,-119.));
#2200 = CARTESIAN_POINT('',(71.,155.45894683899,-119.));
#2201 = CARTESIAN_POINT('',(71.,155.45894683899,-45.));
#2202 = CARTESIAN_POINT('',(71.,155.45894683899,29.));
#2203 = CARTESIAN_POINT('',(4.35E-15,55.,29.));
#2204 = CARTESIAN_POINT('',(-2.17E-15,55.,-119.));
#2205 = CARTESIAN_POINT('',(-35.5,105.22947341949,-119.));
#2206 = CARTESIAN_POINT('',(-35.5,105.22947341949,-45.));
#2207 = CARTESIAN_POINT('',(-35.5,105.22947341949,29.));
#2208 = CARTESIAN_POINT('',(-2.17E-15,55.,29.));
#2209 = CARTESIAN_POINT('',(-8.69E-15,55.,-119.));
#2210 = CARTESIAN_POINT('',(-142.,55.,-119.));
#2211 = CARTESIAN_POINT('',(-142.,55.,-45.));
#2212 = CARTESIAN_POINT('',(-142.,55.,29.));
#2213 = CARTESIAN_POINT('',(-8.69E-15,55.,29.));
#2214 = CARTESIAN_POINT('',(-2.17E-15,55.,-119.));
#2215 = CARTESIAN_POINT('',(-35.5,4.770526580503,-119.));
#2216 = CARTESIAN_POINT('',(-35.5,4.770526580503,-45.));
#2217 = CARTESIAN_POINT('',(-35.5,4.770526580503,29.));
#2218 = CARTESIAN_POINT('',(-2.17E-15,55.,29.));
#2219 = CARTESIAN_POINT('',(4.35E-15,55.,-119.));
#2220 = CARTESIAN_POINT('',(71.,-45.45894683899,-119.));
#2221 = CARTESIAN_POINT('',(71.,-45.45894683899,-45.));
#2222 = CARTESIAN_POINT('',(71.,-45.45894683899,29.));
#2223 = CARTESIAN_POINT('',(4.35E-15,55.,29.));
#2224 = CARTESIAN_POINT('',(4.35E-15,55.,-119.));
#2225 = CARTESIAN_POINT('',(71.,55.,-119.));
#2226 = CARTESIAN_POINT('',(71.,55.,-45.));
#2227 = CARTESIAN_POINT('',(71.,55.,29.));
#2228 = CARTESIAN_POINT('',(4.35E-15,55.,29.));
#2229 = ADVANCED_FACE('',(#2230),#2246,.T.);
#2230 = FACE_BOUND('',#2231,.T.);
#2231 = EDGE_LOOP('',(#2232,#2233,#2243,#2244,#2245));
#2232 = ORIENTED_EDGE('',*,*,#1644,.F.);
#2233 = ORIENTED_EDGE('',*,*,#2234,.F.);
#2234 = EDGE_CURVE('',#2235,#1596,#2237,.T.);
#2235 = VERTEX_POINT('',#2236);
#2236 = CARTESIAN_POINT('',(79.,105.,-49.));
#2237 = ( BOUNDED_CURVE() B_SPLINE_CURVE(2,(#2238,#2239,#2240,#2241,
#2242),.UNSPECIFIED.,.F.,.F.) B_SPLINE_CURVE_WITH_KNOTS((3,2,3),(
    4.712388980385,6.28318530718,7.853981633974),
.PIECEWISE_BEZIER_KNOTS.) CURVE() GEOMETRIC_REPRESENTATION_ITEM() 
RATIONAL_B_SPLINE_CURVE((1.,0.707106781187,1.,0.707106781187,1.)) 
REPRESENTATION_ITEM('') );
#2238 = CARTESIAN_POINT('',(79.,105.,-49.));
#2239 = CARTESIAN_POINT('',(91.,105.,-49.));
#2240 = CARTESIAN_POINT('',(91.,105.,-18.));
#2241 = CARTESIAN_POINT('',(91.,105.,13.));
#2242 = CARTESIAN_POINT('',(79.,105.,13.));
#2243 = ORIENTED_EDGE('',*,*,#2234,.T.);
#2244 = ORIENTED_EDGE('',*,*,#1595,.F.);
#2245 = ORIENTED_EDGE('',*,*,#1493,.F.);
#2246 = ( BOUNDED_SURFACE() B_SPLINE_SURFACE(2,2,(
    (#2247,#2248,#2249,#2250,#2251)
    ,(#2252,#2253,#2254,#2255,#2256)
    ,(#2257,#2258,#2259,#2260,#2261)
    ,(#2262,#2263,#2264,#2265,#2266)
    ,(#2267,#2268,#2269,#2270,#2271)
    ,(#2272,#2273,#2274,#2275,#2276)
    ,(#2277,#2278,#2279,#2280,#2281
)),.UNSPECIFIED.,.T.,.F.,.F.) B_SPLINE_SURFACE_WITH_KNOTS((1,2,2,2,2,1),
  (3,2,3),(-2.094395102393,0.,2.094395102393,4.188790204786,
    6.28318530718,8.377580409573),(-1.570796326795,0.,1.570796326795),
.UNSPECIFIED.) GEOMETRIC_REPRESENTATION_ITEM() RATIONAL_B_SPLINE_SURFACE
((
    (1.,0.707106781187,1.,0.707106781187,1.)
    ,(0.5,0.353553390593,0.5,0.353553390593,0.5)
    ,(1.,0.707106781187,1.,0.707106781187,1.)
    ,(0.5,0.353553390593,0.5,0.353553390593,0.5)
    ,(1.,0.707106781187,1.,0.707106781187,1.)
    ,(0.5,0.353553390593,0.5,0.353553390593,0.5)
,(1.,0.707106781187,1.,0.707106781187,1.
))) REPRESENTATION_ITEM('') SURFACE() );
#2247 = CARTESIAN_POINT('',(79.,105.,-49.));
#2248 = CARTESIAN_POINT('',(91.,105.,-49.));
#2249 = CARTESIAN_POINT('',(91.,105.,-18.));
#2250 = CARTESIAN_POINT('',(91.,105.,13.));
#2251 = CARTESIAN_POINT('',(79.,105.,13.));
#2252 = CARTESIAN_POINT('',(79.,105.,-49.));
#2253 = CARTESIAN_POINT('',(91.,134.44486372867,-49.));
#2254 = CARTESIAN_POINT('',(91.,134.44486372867,-18.));
#2255 = CARTESIAN_POINT('',(91.,134.44486372867,13.));
#2256 = CARTESIAN_POINT('',(79.,105.,13.));
#2257 = CARTESIAN_POINT('',(79.,105.,-49.));
#2258 = CARTESIAN_POINT('',(73.,119.72243186433,-49.));
#2259 = CARTESIAN_POINT('',(73.,119.72243186433,-18.));
#2260 = CARTESIAN_POINT('',(73.,119.72243186433,13.));
#2261 = CARTESIAN_POINT('',(79.,105.,13.));
#2262 = CARTESIAN_POINT('',(79.,105.,-49.));
#2263 = CARTESIAN_POINT('',(55.,105.,-49.));
#2264 = CARTESIAN_POINT('',(55.,105.,-18.));
#2265 = CARTESIAN_POINT('',(55.,105.,13.));
#2266 = CARTESIAN_POINT('',(79.,105.,13.));
#2267 = CARTESIAN_POINT('',(79.,105.,-49.));
#2268 = CARTESIAN_POINT('',(73.,90.277568135665,-49.));
#2269 = CARTESIAN_POINT('',(73.,90.277568135665,-18.));
#2270 = CARTESIAN_POINT('',(73.,90.277568135665,13.));
#2271 = CARTESIAN_POINT('',(79.,105.,13.));
#2272 = CARTESIAN_POINT('',(79.,105.,-49.));
#2273 = CARTESIAN_POINT('',(91.,75.555136271329,-49.));
#2274 = CARTESIAN_POINT('',(91.,75.555136271329,-18.));
#2275 = CARTESIAN_POINT('',(91.,75.555136271329,13.));
#2276 = CARTESIAN_POINT('',(79.,105.,13.));
#2277 = CARTESIAN_POINT('',(79.,105.,-49.));
#2278 = CARTESIAN_POINT('',(91.,105.,-49.));
#2279 = CARTESIAN_POINT('',(91.,105.,-18.));
#2280 = CARTESIAN_POINT('',(91.,105.,13.));
#2281 = CARTESIAN_POINT('',(79.,105.,13.));
#2282 = ADVANCED_FACE('',(#2283),#2297,.T.);
#2283 = FACE_BOUND('',#2284,.T.);
#2284 = EDGE_LOOP('',(#2285,#2286,#2296));
#2285 = ORIENTED_EDGE('',*,*,#1806,.F.);
#2286 = ORIENTED_EDGE('',*,*,#2287,.F.);
#2287 = EDGE_CURVE('',#2288,#1807,#2290,.T.);
#2288 = VERTEX_POINT('',#2289);
#2289 = CARTESIAN_POINT('',(-79.,105.,-49.));
#2290 = ( BOUNDED_CURVE() B_SPLINE_CURVE(2,(#2291,#2292,#2293,#2294,
#2295),.UNSPECIFIED.,.F.,.F.) B_SPLINE_CURVE_WITH_KNOTS((3,2,3),(
    4.712388980385,6.28318530718,7.853981633974),
.PIECEWISE_BEZIER_KNOTS.) CURVE() GEOMETRIC_REPRESENTATION_ITEM() 
RATIONAL_B_SPLINE_CURVE((1.,0.707106781187,1.,0.707106781187,1.)) 
REPRESENTATION_ITEM('') );
#2291 = CARTESIAN_POINT('',(-79.,105.,-49.));
#2292 = CARTESIAN_POINT('',(-67.,105.,-49.));
#2293 = CARTESIAN_POINT('',(-67.,105.,-18.));
#2294 = CARTESIAN_POINT('',(-67.,105.,13.));
#2295 = CARTESIAN_POINT('',(-79.,105.,13.));
#2296 = ORIENTED_EDGE('',*,*,#2287,.T.);
#2297 = ( BOUNDED_SURFACE() B_SPLINE_SURFACE(2,2,(
    (#2298,#2299,#2300,#2301,#2302)
    ,(#2303,#2304,#2305,#2306,#2307)
    ,(#2308,#2309,#2310,#2311,#2312)
    ,(#2313,#2314,#2315,#2316,#2317)
    ,(#2318,#2319,#2320,#2321,#2322)
    ,(#2323,#2324,#2325,#2326,#2327)
    ,(#2328,#2329,#2330,#2331,#2332
)),.UNSPECIFIED.,.T.,.F.,.F.) B_SPLINE_SURFACE_WITH_KNOTS((1,2,2,2,2,1),
  (3,2,3),(-2.094395102393,0.,2.094395102393,4.188790204786,
    6.28318530718,8.377580409573),(-1.570796326795,0.,1.570796326795),
.UNSPECIFIED.) GEOMETRIC_REPRESENTATION_ITEM() RATIONAL_B_SPLINE_SURFACE
((
    (1.,0.707106781187,1.,0.707106781187,1.)
    ,(0.5,0.353553390593,0.5,0.353553390593,0.5)
    ,(1.,0.707106781187,1.,0.707106781187,1.)
    ,(0.5,0.353553390593,0.5,0.353553390593,0.5)
    ,(1.,0.707106781187,1.,0.707106781187,1.)
    ,(0.5,0.353553390593,0.5,0.353553390593,0.5)
,(1.,0.707106781187,1.,0.707106781187,1.
))) REPRESENTATION_ITEM('') SURFACE() );
#2298 = CARTESIAN_POINT('',(-79.,105.,-49.));
#2299 = CARTESIAN_POINT('',(-67.,105.,-49.));
#2300 = CARTESIAN_POINT('',(-67.,105.,-18.));
#2301 = CARTESIAN_POINT('',(-67.,105.,13.));
#2302 = CARTESIAN_POINT('',(-79.,105.,13.));
#2303 = CARTESIAN_POINT('',(-79.,105.,-49.));
#2304 = CARTESIAN_POINT('',(-67.,134.44486372867,-49.));
#2305 = CARTESIAN_POINT('',(-67.,134.44486372867,-18.));
#2306 = CARTESIAN_POINT('',(-67.,134.44486372867,13.));
#2307 = CARTESIAN_POINT('',(-79.,105.,13.));
#2308 = CARTESIAN_POINT('',(-79.,105.,-49.));
#2309 = CARTESIAN_POINT('',(-85.,119.72243186433,-49.));
#2310 = CARTESIAN_POINT('',(-85.,119.72243186433,-18.));
#2311 = CARTESIAN_POINT('',(-85.,119.72243186433,13.));
#2312 = CARTESIAN_POINT('',(-79.,105.,13.));
#2313 = CARTESIAN_POINT('',(-79.,105.,-49.));
#2314 = CARTESIAN_POINT('',(-103.,105.,-49.));
#2315 = CARTESIAN_POINT('',(-103.,105.,-18.));
#2316 = CARTESIAN_POINT('',(-103.,105.,13.));
#2317 = CARTESIAN_POINT('',(-79.,105.,13.));
#2318 = CARTESIAN_POINT('',(-79.,105.,-49.));
#2319 = CARTESIAN_POINT('',(-85.,90.277568135665,-49.));
#2320 = CARTESIAN_POINT('',(-85.,90.277568135665,-18.));
#2321 = CARTESIAN_POINT('',(-85.,90.277568135665,13.));
#2322 = CARTESIAN_POINT('',(-79.,105.,13.));
#2323 = CARTESIAN_POINT('',(-79.,105.,-49.));
#2324 = CARTESIAN_POINT('',(-67.,75.555136271329,-49.));
#2325 = CARTESIAN_POINT('',(-67.,75.555136271329,-18.));
#2326 = CARTESIAN_POINT('',(-67.,75.555136271329,13.));
#2327 = CARTESIAN_POINT('',(-79.,105.,13.));
#2328 = CARTESIAN_POINT('',(-79.,105.,-49.));
#2329 = CARTESIAN_POINT('',(-67.,105.,-49.));
#2330 = CARTESIAN_POINT('',(-67.,105.,-18.));
#2331 = CARTESIAN_POINT('',(-67.,105.,13.));
#2332 = CARTESIAN_POINT('',(-79.,105.,13.));
#2333 = MANIFOLD_SOLID_BREP('',#2334);
#2334 = CLOSED_SHELL('',(#2335,#2375,#2408,#2441,#2474,#2507,#2524,#2541
    ,#2583,#2614,#2631,#2662,#2679,#2780,#2798,#2816,#2849,#2875,#2893,
    #2924,#2942,#2973,#3002,#3035,#3061,#3087,#3112,#3137,#3163,#3189,
    #3206,#3217,#3228,#3240,#3265,#3276,#3287,#3318,#3343,#3368,#3392,
    #3416,#3441,#3466,#3483,#3509,#3542,#3559,#3576,#3601,#3626,#3643,
    #3660,#3677));
#2335 = ADVANCED_FACE('',(#2336),#2370,.F.);
#2336 = FACE_BOUND('',#2337,.F.);
#2337 = EDGE_LOOP('',(#2338,#2348,#2356,#2364));
#2338 = ORIENTED_EDGE('',*,*,#2339,.F.);
#2339 = EDGE_CURVE('',#2340,#2342,#2344,.T.);
#2340 = VERTEX_POINT('',#2341);
#2341 = CARTESIAN_POINT('',(58.,1.7,3.7));
#2342 = VERTEX_POINT('',#2343);
#2343 = CARTESIAN_POINT('',(58.,1.7,26.3));
#2344 = LINE('',#2345,#2346);
#2345 = CARTESIAN_POINT('',(58.,1.7,3.));
#2346 = VECTOR('',#2347,1.);
#2347 = DIRECTION('',(0.,0.,1.));
#2348 = ORIENTED_EDGE('',*,*,#2349,.T.);
#2349 = EDGE_CURVE('',#2340,#2350,#2352,.T.);
#2350 = VERTEX_POINT('',#2351);
#2351 = CARTESIAN_POINT('',(58.,17.3,3.7));
#2352 = LINE('',#2353,#2354);
#2353 = CARTESIAN_POINT('',(58.,1.,3.7));
#2354 = VECTOR('',#2355,1.);
#2355 = DIRECTION('',(0.,1.,0.));
#2356 = ORIENTED_EDGE('',*,*,#2357,.T.);
#2357 = EDGE_CURVE('',#2350,#2358,#2360,.T.);
#2358 = VERTEX_POINT('',#2359);
#2359 = CARTESIAN_POINT('',(58.,17.3,26.3));
#2360 = LINE('',#2361,#2362);
#2361 = CARTESIAN_POINT('',(58.,17.3,3.));
#2362 = VECTOR('',#2363,1.);
#2363 = DIRECTION('',(0.,0.,1.));
#2364 = ORIENTED_EDGE('',*,*,#2365,.F.);
#2365 = EDGE_CURVE('',#2342,#2358,#2366,.T.);
#2366 = LINE('',#2367,#2368);
#2367 = CARTESIAN_POINT('',(58.,1.,26.3));
#2368 = VECTOR('',#2369,1.);
#2369 = DIRECTION('',(0.,1.,0.));
#2370 = PLANE('',#2371);
#2371 = AXIS2_PLACEMENT_3D('',#2372,#2373,#2374);
#2372 = CARTESIAN_POINT('',(58.,1.,3.));
#2373 = DIRECTION('',(1.,0.,0.));
#2374 = DIRECTION('',(0.,0.,1.));
#2375 = ADVANCED_FACE('',(#2376),#2403,.T.);
#2376 = FACE_BOUND('',#2377,.T.);
#2377 = EDGE_LOOP('',(#2378,#2379,#2388,#2396));
#2378 = ORIENTED_EDGE('',*,*,#2339,.F.);
#2379 = ORIENTED_EDGE('',*,*,#2380,.T.);
#2380 = EDGE_CURVE('',#2340,#2381,#2383,.T.);
#2381 = VERTEX_POINT('',#2382);
#2382 = CARTESIAN_POINT('',(58.7,1.,3.7));
#2383 = CIRCLE('',#2384,0.7);
#2384 = AXIS2_PLACEMENT_3D('',#2385,#2386,#2387);
#2385 = CARTESIAN_POINT('',(58.7,1.7,3.7));
#2386 = DIRECTION('',(0.,0.,1.));
#2387 = DIRECTION('',(-1.,0.,0.));
#2388 = ORIENTED_EDGE('',*,*,#2389,.T.);
#2389 = EDGE_CURVE('',#2381,#2390,#2392,.T.);
#2390 = VERTEX_POINT('',#2391);
#2391 = CARTESIAN_POINT('',(58.7,1.,26.3));
#2392 = LINE('',#2393,#2394);
#2393 = CARTESIAN_POINT('',(58.7,1.,3.));
#2394 = VECTOR('',#2395,1.);
#2395 = DIRECTION('',(0.,0.,1.));
#2396 = ORIENTED_EDGE('',*,*,#2397,.F.);
#2397 = EDGE_CURVE('',#2342,#2390,#2398,.T.);
#2398 = CIRCLE('',#2399,0.7);
#2399 = AXIS2_PLACEMENT_3D('',#2400,#2401,#2402);
#2400 = CARTESIAN_POINT('',(58.7,1.7,26.3));
#2401 = DIRECTION('',(0.,0.,1.));
#2402 = DIRECTION('',(-1.,0.,0.));
#2403 = CYLINDRICAL_SURFACE('',#2404,0.7);
#2404 = AXIS2_PLACEMENT_3D('',#2405,#2406,#2407);
#2405 = CARTESIAN_POINT('',(58.7,1.7,3.));
#2406 = DIRECTION('',(0.,0.,1.));
#2407 = DIRECTION('',(-1.,0.,0.));
#2408 = ADVANCED_FACE('',(#2409),#2436,.T.);
#2409 = FACE_BOUND('',#2410,.F.);
#2410 = EDGE_LOOP('',(#2411,#2420,#2428,#2435));
#2411 = ORIENTED_EDGE('',*,*,#2412,.F.);
#2412 = EDGE_CURVE('',#2413,#2340,#2415,.T.);
#2413 = VERTEX_POINT('',#2414);
#2414 = CARTESIAN_POINT('',(58.7,1.7,3.));
#2415 = CIRCLE('',#2416,0.7);
#2416 = AXIS2_PLACEMENT_3D('',#2417,#2418,#2419);
#2417 = CARTESIAN_POINT('',(58.7,1.7,3.7));
#2418 = DIRECTION('',(0.,1.,-0.));
#2419 = DIRECTION('',(-1.,0.,0.));
#2420 = ORIENTED_EDGE('',*,*,#2421,.T.);
#2421 = EDGE_CURVE('',#2413,#2422,#2424,.T.);
#2422 = VERTEX_POINT('',#2423);
#2423 = CARTESIAN_POINT('',(58.7,17.3,3.));
#2424 = LINE('',#2425,#2426);
#2425 = CARTESIAN_POINT('',(58.7,1.,3.));
#2426 = VECTOR('',#2427,1.);
#2427 = DIRECTION('',(0.,1.,0.));
#2428 = ORIENTED_EDGE('',*,*,#2429,.T.);
#2429 = EDGE_CURVE('',#2422,#2350,#2430,.T.);
#2430 = CIRCLE('',#2431,0.7);
#2431 = AXIS2_PLACEMENT_3D('',#2432,#2433,#2434);
#2432 = CARTESIAN_POINT('',(58.7,17.3,3.7));
#2433 = DIRECTION('',(0.,1.,-0.));
#2434 = DIRECTION('',(-1.,0.,0.));
#2435 = ORIENTED_EDGE('',*,*,#2349,.F.);
#2436 = CYLINDRICAL_SURFACE('',#2437,0.7);
#2437 = AXIS2_PLACEMENT_3D('',#2438,#2439,#2440);
#2438 = CARTESIAN_POINT('',(58.7,1.,3.7));
#2439 = DIRECTION('',(0.,1.,0.));
#2440 = DIRECTION('',(-1.,0.,0.));
#2441 = ADVANCED_FACE('',(#2442),#2469,.T.);
#2442 = FACE_BOUND('',#2443,.T.);
#2443 = EDGE_LOOP('',(#2444,#2453,#2461,#2468));
#2444 = ORIENTED_EDGE('',*,*,#2445,.F.);
#2445 = EDGE_CURVE('',#2446,#2342,#2448,.T.);
#2446 = VERTEX_POINT('',#2447);
#2447 = CARTESIAN_POINT('',(58.7,1.7,27.));
#2448 = CIRCLE('',#2449,0.7);
#2449 = AXIS2_PLACEMENT_3D('',#2450,#2451,#2452);
#2450 = CARTESIAN_POINT('',(58.7,1.7,26.3));
#2451 = DIRECTION('',(0.,-1.,0.));
#2452 = DIRECTION('',(-1.,0.,0.));
#2453 = ORIENTED_EDGE('',*,*,#2454,.T.);
#2454 = EDGE_CURVE('',#2446,#2455,#2457,.T.);
#2455 = VERTEX_POINT('',#2456);
#2456 = CARTESIAN_POINT('',(58.7,17.3,27.));
#2457 = LINE('',#2458,#2459);
#2458 = CARTESIAN_POINT('',(58.7,1.,27.));
#2459 = VECTOR('',#2460,1.);
#2460 = DIRECTION('',(0.,1.,0.));
#2461 = ORIENTED_EDGE('',*,*,#2462,.F.);
#2462 = EDGE_CURVE('',#2358,#2455,#2463,.T.);
#2463 = CIRCLE('',#2464,0.7);
#2464 = AXIS2_PLACEMENT_3D('',#2465,#2466,#2467);
#2465 = CARTESIAN_POINT('',(58.7,17.3,26.3));
#2466 = DIRECTION('',(0.,1.,-0.));
#2467 = DIRECTION('',(-1.,0.,0.));
#2468 = ORIENTED_EDGE('',*,*,#2365,.F.);
#2469 = CYLINDRICAL_SURFACE('',#2470,0.7);
#2470 = AXIS2_PLACEMENT_3D('',#2471,#2472,#2473);
#2471 = CARTESIAN_POINT('',(58.7,1.,26.3));
#2472 = DIRECTION('',(0.,1.,0.));
#2473 = DIRECTION('',(-1.,0.,0.));
#2474 = ADVANCED_FACE('',(#2475),#2502,.T.);
#2475 = FACE_BOUND('',#2476,.F.);
#2476 = EDGE_LOOP('',(#2477,#2478,#2487,#2495));
#2477 = ORIENTED_EDGE('',*,*,#2357,.F.);
#2478 = ORIENTED_EDGE('',*,*,#2479,.T.);
#2479 = EDGE_CURVE('',#2350,#2480,#2482,.T.);
#2480 = VERTEX_POINT('',#2481);
#2481 = CARTESIAN_POINT('',(58.7,18.,3.7));
#2482 = CIRCLE('',#2483,0.7);
#2483 = AXIS2_PLACEMENT_3D('',#2484,#2485,#2486);
#2484 = CARTESIAN_POINT('',(58.7,17.3,3.7));
#2485 = DIRECTION('',(0.,0.,-1.));
#2486 = DIRECTION('',(-1.,0.,0.));
#2487 = ORIENTED_EDGE('',*,*,#2488,.T.);
#2488 = EDGE_CURVE('',#2480,#2489,#2491,.T.);
#2489 = VERTEX_POINT('',#2490);
#2490 = CARTESIAN_POINT('',(58.7,18.,26.3));
#2491 = LINE('',#2492,#2493);
#2492 = CARTESIAN_POINT('',(58.7,18.,3.));
#2493 = VECTOR('',#2494,1.);
#2494 = DIRECTION('',(0.,0.,1.));
#2495 = ORIENTED_EDGE('',*,*,#2496,.T.);
#2496 = EDGE_CURVE('',#2489,#2358,#2497,.T.);
#2497 = CIRCLE('',#2498,0.7);
#2498 = AXIS2_PLACEMENT_3D('',#2499,#2500,#2501);
#2499 = CARTESIAN_POINT('',(58.7,17.3,26.3));
#2500 = DIRECTION('',(0.,0.,1.));
#2501 = DIRECTION('',(-1.,0.,0.));
#2502 = CYLINDRICAL_SURFACE('',#2503,0.7);
#2503 = AXIS2_PLACEMENT_3D('',#2504,#2505,#2506);
#2504 = CARTESIAN_POINT('',(58.7,17.3,3.));
#2505 = DIRECTION('',(0.,0.,1.));
#2506 = DIRECTION('',(-1.,0.,0.));
#2507 = ADVANCED_FACE('',(#2508),#2519,.T.);
#2508 = FACE_BOUND('',#2509,.T.);
#2509 = EDGE_LOOP('',(#2510,#2511,#2518));
#2510 = ORIENTED_EDGE('',*,*,#2412,.F.);
#2511 = ORIENTED_EDGE('',*,*,#2512,.T.);
#2512 = EDGE_CURVE('',#2413,#2381,#2513,.T.);
#2513 = CIRCLE('',#2514,0.7);
#2514 = AXIS2_PLACEMENT_3D('',#2515,#2516,#2517);
#2515 = CARTESIAN_POINT('',(58.7,1.7,3.7));
#2516 = DIRECTION('',(-1.,6.123233995737E-17,0.));
#2517 = DIRECTION('',(-6.123233995737E-17,-1.,0.));
#2518 = ORIENTED_EDGE('',*,*,#2380,.F.);
#2519 = SPHERICAL_SURFACE('',#2520,0.7);
#2520 = AXIS2_PLACEMENT_3D('',#2521,#2522,#2523);
#2521 = CARTESIAN_POINT('',(58.7,1.7,3.7));
#2522 = DIRECTION('',(0.,0.,1.));
#2523 = DIRECTION('',(-1.,0.,0.));
#2524 = ADVANCED_FACE('',(#2525),#2536,.T.);
#2525 = FACE_BOUND('',#2526,.F.);
#2526 = EDGE_LOOP('',(#2527,#2528,#2535));
#2527 = ORIENTED_EDGE('',*,*,#2445,.F.);
#2528 = ORIENTED_EDGE('',*,*,#2529,.T.);
#2529 = EDGE_CURVE('',#2446,#2390,#2530,.T.);
#2530 = CIRCLE('',#2531,0.7);
#2531 = AXIS2_PLACEMENT_3D('',#2532,#2533,#2534);
#2532 = CARTESIAN_POINT('',(58.7,1.7,26.3));
#2533 = DIRECTION('',(1.,-6.123233995737E-17,0.));
#2534 = DIRECTION('',(-6.123233995737E-17,-1.,0.));
#2535 = ORIENTED_EDGE('',*,*,#2397,.F.);
#2536 = SPHERICAL_SURFACE('',#2537,0.7);
#2537 = AXIS2_PLACEMENT_3D('',#2538,#2539,#2540);
#2538 = CARTESIAN_POINT('',(58.7,1.7,26.3));
#2539 = DIRECTION('',(-0.,-0.,-1.));
#2540 = DIRECTION('',(-1.,0.,0.));
#2541 = ADVANCED_FACE('',(#2542,#2567),#2578,.F.);
#2542 = FACE_BOUND('',#2543,.F.);
#2543 = EDGE_LOOP('',(#2544,#2545,#2553,#2561));
#2544 = ORIENTED_EDGE('',*,*,#2389,.T.);
#2545 = ORIENTED_EDGE('',*,*,#2546,.T.);
#2546 = EDGE_CURVE('',#2390,#2547,#2549,.T.);
#2547 = VERTEX_POINT('',#2548);
#2548 = CARTESIAN_POINT('',(81.3,1.,26.3));
#2549 = LINE('',#2550,#2551);
#2550 = CARTESIAN_POINT('',(58.,1.,26.3));
#2551 = VECTOR('',#2552,1.);
#2552 = DIRECTION('',(1.,0.,0.));
#2553 = ORIENTED_EDGE('',*,*,#2554,.F.);
#2554 = EDGE_CURVE('',#2555,#2547,#2557,.T.);
#2555 = VERTEX_POINT('',#2556);
#2556 = CARTESIAN_POINT('',(81.3,1.,3.7));
#2557 = LINE('',#2558,#2559);
#2558 = CARTESIAN_POINT('',(81.3,1.,3.));
#2559 = VECTOR('',#2560,1.);
#2560 = DIRECTION('',(0.,0.,1.));
#2561 = ORIENTED_EDGE('',*,*,#2562,.F.);
#2562 = EDGE_CURVE('',#2381,#2555,#2563,.T.);
#2563 = LINE('',#2564,#2565);
#2564 = CARTESIAN_POINT('',(58.,1.,3.7));
#2565 = VECTOR('',#2566,1.);
#2566 = DIRECTION('',(1.,0.,0.));
#2567 = FACE_BOUND('',#2568,.F.);
#2568 = EDGE_LOOP('',(#2569));
#2569 = ORIENTED_EDGE('',*,*,#2570,.F.);
#2570 = EDGE_CURVE('',#2571,#2571,#2573,.T.);
#2571 = VERTEX_POINT('',#2572);
#2572 = CARTESIAN_POINT('',(70.,1.,21.2));
#2573 = CIRCLE('',#2574,6.2);
#2574 = AXIS2_PLACEMENT_3D('',#2575,#2576,#2577);
#2575 = CARTESIAN_POINT('',(70.,1.,15.));
#2576 = DIRECTION('',(0.,1.,0.));
#2577 = DIRECTION('',(0.,0.,1.));
#2578 = PLANE('',#2579);
#2579 = AXIS2_PLACEMENT_3D('',#2580,#2581,#2582);
#2580 = CARTESIAN_POINT('',(58.,1.,3.));
#2581 = DIRECTION('',(0.,1.,0.));
#2582 = DIRECTION('',(0.,0.,1.));
#2583 = ADVANCED_FACE('',(#2584),#2609,.F.);
#2584 = FACE_BOUND('',#2585,.F.);
#2585 = EDGE_LOOP('',(#2586,#2587,#2595,#2603));
#2586 = ORIENTED_EDGE('',*,*,#2421,.F.);
#2587 = ORIENTED_EDGE('',*,*,#2588,.T.);
#2588 = EDGE_CURVE('',#2413,#2589,#2591,.T.);
#2589 = VERTEX_POINT('',#2590);
#2590 = CARTESIAN_POINT('',(81.3,1.7,3.));
#2591 = LINE('',#2592,#2593);
#2592 = CARTESIAN_POINT('',(58.,1.7,3.));
#2593 = VECTOR('',#2594,1.);
#2594 = DIRECTION('',(1.,0.,0.));
#2595 = ORIENTED_EDGE('',*,*,#2596,.T.);
#2596 = EDGE_CURVE('',#2589,#2597,#2599,.T.);
#2597 = VERTEX_POINT('',#2598);
#2598 = CARTESIAN_POINT('',(81.3,17.3,3.));
#2599 = LINE('',#2600,#2601);
#2600 = CARTESIAN_POINT('',(81.3,1.,3.));
#2601 = VECTOR('',#2602,1.);
#2602 = DIRECTION('',(0.,1.,0.));
#2603 = ORIENTED_EDGE('',*,*,#2604,.F.);
#2604 = EDGE_CURVE('',#2422,#2597,#2605,.T.);
#2605 = LINE('',#2606,#2607);
#2606 = CARTESIAN_POINT('',(58.,17.3,3.));
#2607 = VECTOR('',#2608,1.);
#2608 = DIRECTION('',(1.,0.,0.));
#2609 = PLANE('',#2610);
#2610 = AXIS2_PLACEMENT_3D('',#2611,#2612,#2613);
#2611 = CARTESIAN_POINT('',(58.,1.,3.));
#2612 = DIRECTION('',(0.,0.,1.));
#2613 = DIRECTION('',(1.,0.,0.));
#2614 = ADVANCED_FACE('',(#2615),#2626,.T.);
#2615 = FACE_BOUND('',#2616,.F.);
#2616 = EDGE_LOOP('',(#2617,#2618,#2625));
#2617 = ORIENTED_EDGE('',*,*,#2429,.F.);
#2618 = ORIENTED_EDGE('',*,*,#2619,.T.);
#2619 = EDGE_CURVE('',#2422,#2480,#2620,.T.);
#2620 = CIRCLE('',#2621,0.7);
#2621 = AXIS2_PLACEMENT_3D('',#2622,#2623,#2624);
#2622 = CARTESIAN_POINT('',(58.7,17.3,3.7));
#2623 = DIRECTION('',(1.,6.123233995737E-17,-0.));
#2624 = DIRECTION('',(-6.123233995737E-17,1.,0.));
#2625 = ORIENTED_EDGE('',*,*,#2479,.F.);
#2626 = SPHERICAL_SURFACE('',#2627,0.7);
#2627 = AXIS2_PLACEMENT_3D('',#2628,#2629,#2630);
#2628 = CARTESIAN_POINT('',(58.7,17.3,3.7));
#2629 = DIRECTION('',(0.,0.,1.));
#2630 = DIRECTION('',(-1.,0.,0.));
#2631 = ADVANCED_FACE('',(#2632),#2657,.T.);
#2632 = FACE_BOUND('',#2633,.T.);
#2633 = EDGE_LOOP('',(#2634,#2635,#2643,#2651));
#2634 = ORIENTED_EDGE('',*,*,#2454,.F.);
#2635 = ORIENTED_EDGE('',*,*,#2636,.T.);
#2636 = EDGE_CURVE('',#2446,#2637,#2639,.T.);
#2637 = VERTEX_POINT('',#2638);
#2638 = CARTESIAN_POINT('',(81.3,1.7,27.));
#2639 = LINE('',#2640,#2641);
#2640 = CARTESIAN_POINT('',(58.,1.7,27.));
#2641 = VECTOR('',#2642,1.);
#2642 = DIRECTION('',(1.,0.,0.));
#2643 = ORIENTED_EDGE('',*,*,#2644,.T.);
#2644 = EDGE_CURVE('',#2637,#2645,#2647,.T.);
#2645 = VERTEX_POINT('',#2646);
#2646 = CARTESIAN_POINT('',(81.3,17.3,27.));
#2647 = LINE('',#2648,#2649);
#2648 = CARTESIAN_POINT('',(81.3,1.,27.));
#2649 = VECTOR('',#2650,1.);
#2650 = DIRECTION('',(0.,1.,0.));
#2651 = ORIENTED_EDGE('',*,*,#2652,.F.);
#2652 = EDGE_CURVE('',#2455,#2645,#2653,.T.);
#2653 = LINE('',#2654,#2655);
#2654 = CARTESIAN_POINT('',(58.,17.3,27.));
#2655 = VECTOR('',#2656,1.);
#2656 = DIRECTION('',(1.,0.,0.));
#2657 = PLANE('',#2658);
#2658 = AXIS2_PLACEMENT_3D('',#2659,#2660,#2661);
#2659 = CARTESIAN_POINT('',(58.,1.,27.));
#2660 = DIRECTION('',(0.,0.,1.));
#2661 = DIRECTION('',(1.,0.,0.));
#2662 = ADVANCED_FACE('',(#2663),#2674,.T.);
#2663 = FACE_BOUND('',#2664,.F.);
#2664 = EDGE_LOOP('',(#2665,#2666,#2673));
#2665 = ORIENTED_EDGE('',*,*,#2496,.F.);
#2666 = ORIENTED_EDGE('',*,*,#2667,.T.);
#2667 = EDGE_CURVE('',#2489,#2455,#2668,.T.);
#2668 = CIRCLE('',#2669,0.7);
#2669 = AXIS2_PLACEMENT_3D('',#2670,#2671,#2672);
#2670 = CARTESIAN_POINT('',(58.7,17.3,26.3));
#2671 = DIRECTION('',(1.,0.,6.123233995737E-17));
#2672 = DIRECTION('',(-6.123233995737E-17,0.,1.));
#2673 = ORIENTED_EDGE('',*,*,#2462,.F.);
#2674 = SPHERICAL_SURFACE('',#2675,0.7);
#2675 = AXIS2_PLACEMENT_3D('',#2676,#2677,#2678);
#2676 = CARTESIAN_POINT('',(58.7,17.3,26.3));
#2677 = DIRECTION('',(-0.,-1.,-0.));
#2678 = DIRECTION('',(-1.,0.,0.));
#2679 = ADVANCED_FACE('',(#2680,#2705),#2775,.T.);
#2680 = FACE_BOUND('',#2681,.T.);
#2681 = EDGE_LOOP('',(#2682,#2683,#2691,#2699));
#2682 = ORIENTED_EDGE('',*,*,#2488,.T.);
#2683 = ORIENTED_EDGE('',*,*,#2684,.T.);
#2684 = EDGE_CURVE('',#2489,#2685,#2687,.T.);
#2685 = VERTEX_POINT('',#2686);
#2686 = CARTESIAN_POINT('',(81.3,18.,26.3));
#2687 = LINE('',#2688,#2689);
#2688 = CARTESIAN_POINT('',(58.,18.,26.3));
#2689 = VECTOR('',#2690,1.);
#2690 = DIRECTION('',(1.,0.,0.));
#2691 = ORIENTED_EDGE('',*,*,#2692,.F.);
#2692 = EDGE_CURVE('',#2693,#2685,#2695,.T.);
#2693 = VERTEX_POINT('',#2694);
#2694 = CARTESIAN_POINT('',(81.3,18.,3.7));
#2695 = LINE('',#2696,#2697);
#2696 = CARTESIAN_POINT('',(81.3,18.,3.));
#2697 = VECTOR('',#2698,1.);
#2698 = DIRECTION('',(0.,0.,1.));
#2699 = ORIENTED_EDGE('',*,*,#2700,.F.);
#2700 = EDGE_CURVE('',#2480,#2693,#2701,.T.);
#2701 = LINE('',#2702,#2703);
#2702 = CARTESIAN_POINT('',(58.,18.,3.7));
#2703 = VECTOR('',#2704,1.);
#2704 = DIRECTION('',(1.,0.,0.));
#2705 = FACE_BOUND('',#2706,.T.);
#2706 = EDGE_LOOP('',(#2707,#2717,#2726,#2734,#2743,#2751,#2760,#2768));
#2707 = ORIENTED_EDGE('',*,*,#2708,.F.);
#2708 = EDGE_CURVE('',#2709,#2711,#2713,.T.);
#2709 = VERTEX_POINT('',#2710);
#2710 = CARTESIAN_POINT('',(60.7,18.,25.7));
#2711 = VERTEX_POINT('',#2712);
#2712 = CARTESIAN_POINT('',(79.3,18.,25.7));
#2713 = LINE('',#2714,#2715);
#2714 = CARTESIAN_POINT('',(60.,18.,25.7));
#2715 = VECTOR('',#2716,1.);
#2716 = DIRECTION('',(1.,0.,0.));
#2717 = ORIENTED_EDGE('',*,*,#2718,.T.);
#2718 = EDGE_CURVE('',#2709,#2719,#2721,.T.);
#2719 = VERTEX_POINT('',#2720);
#2720 = CARTESIAN_POINT('',(59.3,18.,24.3));
#2721 = CIRCLE('',#2722,1.4);
#2722 = AXIS2_PLACEMENT_3D('',#2723,#2724,#2725);
#2723 = CARTESIAN_POINT('',(60.7,18.,24.3));
#2724 = DIRECTION('',(0.,-1.,0.));
#2725 = DIRECTION('',(0.,0.,1.));
#2726 = ORIENTED_EDGE('',*,*,#2727,.T.);
#2727 = EDGE_CURVE('',#2719,#2728,#2730,.T.);
#2728 = VERTEX_POINT('',#2729);
#2729 = CARTESIAN_POINT('',(59.3,18.,5.7));
#2730 = LINE('',#2731,#2732);
#2731 = CARTESIAN_POINT('',(59.3,18.,25.));
#2732 = VECTOR('',#2733,1.);
#2733 = DIRECTION('',(0.,0.,-1.));
#2734 = ORIENTED_EDGE('',*,*,#2735,.F.);
#2735 = EDGE_CURVE('',#2736,#2728,#2738,.T.);
#2736 = VERTEX_POINT('',#2737);
#2737 = CARTESIAN_POINT('',(60.7,18.,4.3));
#2738 = CIRCLE('',#2739,1.4);
#2739 = AXIS2_PLACEMENT_3D('',#2740,#2741,#2742);
#2740 = CARTESIAN_POINT('',(60.7,18.,5.7));
#2741 = DIRECTION('',(0.,1.,0.));
#2742 = DIRECTION('',(0.,0.,-1.));
#2743 = ORIENTED_EDGE('',*,*,#2744,.T.);
#2744 = EDGE_CURVE('',#2736,#2745,#2747,.T.);
#2745 = VERTEX_POINT('',#2746);
#2746 = CARTESIAN_POINT('',(79.3,18.,4.3));
#2747 = LINE('',#2748,#2749);
#2748 = CARTESIAN_POINT('',(60.,18.,4.3));
#2749 = VECTOR('',#2750,1.);
#2750 = DIRECTION('',(1.,0.,0.));
#2751 = ORIENTED_EDGE('',*,*,#2752,.F.);
#2752 = EDGE_CURVE('',#2753,#2745,#2755,.T.);
#2753 = VERTEX_POINT('',#2754);
#2754 = CARTESIAN_POINT('',(80.7,18.,5.7));
#2755 = CIRCLE('',#2756,1.4);
#2756 = AXIS2_PLACEMENT_3D('',#2757,#2758,#2759);
#2757 = CARTESIAN_POINT('',(79.3,18.,5.7));
#2758 = DIRECTION('',(-0.,1.,0.));
#2759 = DIRECTION('',(1.,0.,0.));
#2760 = ORIENTED_EDGE('',*,*,#2761,.F.);
#2761 = EDGE_CURVE('',#2762,#2753,#2764,.T.);
#2762 = VERTEX_POINT('',#2763);
#2763 = CARTESIAN_POINT('',(80.7,18.,24.3));
#2764 = LINE('',#2765,#2766);
#2765 = CARTESIAN_POINT('',(80.7,18.,25.));
#2766 = VECTOR('',#2767,1.);
#2767 = DIRECTION('',(0.,0.,-1.));
#2768 = ORIENTED_EDGE('',*,*,#2769,.F.);
#2769 = EDGE_CURVE('',#2711,#2762,#2770,.T.);
#2770 = CIRCLE('',#2771,1.4);
#2771 = AXIS2_PLACEMENT_3D('',#2772,#2773,#2774);
#2772 = CARTESIAN_POINT('',(79.3,18.,24.3));
#2773 = DIRECTION('',(0.,1.,0.));
#2774 = DIRECTION('',(0.,0.,1.));
#2775 = PLANE('',#2776);
#2776 = AXIS2_PLACEMENT_3D('',#2777,#2778,#2779);
#2777 = CARTESIAN_POINT('',(58.,18.,3.));
#2778 = DIRECTION('',(0.,1.,0.));
#2779 = DIRECTION('',(0.,0.,1.));
#2780 = ADVANCED_FACE('',(#2781),#2793,.T.);
#2781 = FACE_BOUND('',#2782,.T.);
#2782 = EDGE_LOOP('',(#2783,#2784,#2785,#2792));
#2783 = ORIENTED_EDGE('',*,*,#2512,.F.);
#2784 = ORIENTED_EDGE('',*,*,#2588,.T.);
#2785 = ORIENTED_EDGE('',*,*,#2786,.F.);
#2786 = EDGE_CURVE('',#2555,#2589,#2787,.T.);
#2787 = CIRCLE('',#2788,0.7);
#2788 = AXIS2_PLACEMENT_3D('',#2789,#2790,#2791);
#2789 = CARTESIAN_POINT('',(81.3,1.7,3.7));
#2790 = DIRECTION('',(1.,0.,0.));
#2791 = DIRECTION('',(0.,-1.,0.));
#2792 = ORIENTED_EDGE('',*,*,#2562,.F.);
#2793 = CYLINDRICAL_SURFACE('',#2794,0.7);
#2794 = AXIS2_PLACEMENT_3D('',#2795,#2796,#2797);
#2795 = CARTESIAN_POINT('',(58.,1.7,3.7));
#2796 = DIRECTION('',(1.,0.,0.));
#2797 = DIRECTION('',(0.,-1.,0.));
#2798 = ADVANCED_FACE('',(#2799),#2811,.T.);
#2799 = FACE_BOUND('',#2800,.F.);
#2800 = EDGE_LOOP('',(#2801,#2802,#2803,#2810));
#2801 = ORIENTED_EDGE('',*,*,#2529,.F.);
#2802 = ORIENTED_EDGE('',*,*,#2636,.T.);
#2803 = ORIENTED_EDGE('',*,*,#2804,.T.);
#2804 = EDGE_CURVE('',#2637,#2547,#2805,.T.);
#2805 = CIRCLE('',#2806,0.7);
#2806 = AXIS2_PLACEMENT_3D('',#2807,#2808,#2809);
#2807 = CARTESIAN_POINT('',(81.3,1.7,26.3));
#2808 = DIRECTION('',(1.,0.,0.));
#2809 = DIRECTION('',(0.,-1.,0.));
#2810 = ORIENTED_EDGE('',*,*,#2546,.F.);
#2811 = CYLINDRICAL_SURFACE('',#2812,0.7);
#2812 = AXIS2_PLACEMENT_3D('',#2813,#2814,#2815);
#2813 = CARTESIAN_POINT('',(58.,1.7,26.3));
#2814 = DIRECTION('',(1.,0.,0.));
#2815 = DIRECTION('',(0.,-1.,0.));
#2816 = ADVANCED_FACE('',(#2817),#2844,.T.);
#2817 = FACE_BOUND('',#2818,.T.);
#2818 = EDGE_LOOP('',(#2819,#2828,#2836,#2843));
#2819 = ORIENTED_EDGE('',*,*,#2820,.F.);
#2820 = EDGE_CURVE('',#2821,#2555,#2823,.T.);
#2821 = VERTEX_POINT('',#2822);
#2822 = CARTESIAN_POINT('',(82.,1.7,3.7));
#2823 = CIRCLE('',#2824,0.7);
#2824 = AXIS2_PLACEMENT_3D('',#2825,#2826,#2827);
#2825 = CARTESIAN_POINT('',(81.3,1.7,3.7));
#2826 = DIRECTION('',(-0.,-0.,-1.));
#2827 = DIRECTION('',(0.,-1.,0.));
#2828 = ORIENTED_EDGE('',*,*,#2829,.T.);
#2829 = EDGE_CURVE('',#2821,#2830,#2832,.T.);
#2830 = VERTEX_POINT('',#2831);
#2831 = CARTESIAN_POINT('',(82.,1.7,26.3));
#2832 = LINE('',#2833,#2834);
#2833 = CARTESIAN_POINT('',(82.,1.7,3.));
#2834 = VECTOR('',#2835,1.);
#2835 = DIRECTION('',(0.,0.,1.));
#2836 = ORIENTED_EDGE('',*,*,#2837,.F.);
#2837 = EDGE_CURVE('',#2547,#2830,#2838,.T.);
#2838 = CIRCLE('',#2839,0.7);
#2839 = AXIS2_PLACEMENT_3D('',#2840,#2841,#2842);
#2840 = CARTESIAN_POINT('',(81.3,1.7,26.3));
#2841 = DIRECTION('',(-0.,0.,1.));
#2842 = DIRECTION('',(0.,-1.,0.));
#2843 = ORIENTED_EDGE('',*,*,#2554,.F.);
#2844 = CYLINDRICAL_SURFACE('',#2845,0.7);
#2845 = AXIS2_PLACEMENT_3D('',#2846,#2847,#2848);
#2846 = CARTESIAN_POINT('',(81.3,1.7,3.));
#2847 = DIRECTION('',(0.,0.,1.));
#2848 = DIRECTION('',(0.,-1.,0.));
#2849 = ADVANCED_FACE('',(#2850),#2870,.T.);
#2850 = FACE_BOUND('',#2851,.F.);
#2851 = EDGE_LOOP('',(#2852,#2861,#2862,#2863));
#2852 = ORIENTED_EDGE('',*,*,#2853,.F.);
#2853 = EDGE_CURVE('',#2571,#2854,#2856,.T.);
#2854 = VERTEX_POINT('',#2855);
#2855 = CARTESIAN_POINT('',(70.,1.7,20.5));
#2856 = CIRCLE('',#2857,0.7);
#2857 = AXIS2_PLACEMENT_3D('',#2858,#2859,#2860);
#2858 = CARTESIAN_POINT('',(70.,1.7,21.2));
#2859 = DIRECTION('',(1.,0.,-0.));
#2860 = DIRECTION('',(0.,0.,1.));
#2861 = ORIENTED_EDGE('',*,*,#2570,.F.);
#2862 = ORIENTED_EDGE('',*,*,#2853,.T.);
#2863 = ORIENTED_EDGE('',*,*,#2864,.T.);
#2864 = EDGE_CURVE('',#2854,#2854,#2865,.T.);
#2865 = CIRCLE('',#2866,5.5);
#2866 = AXIS2_PLACEMENT_3D('',#2867,#2868,#2869);
#2867 = CARTESIAN_POINT('',(70.,1.7,15.));
#2868 = DIRECTION('',(0.,1.,0.));
#2869 = DIRECTION('',(0.,0.,1.));
#2870 = TOROIDAL_SURFACE('',#2871,6.2,0.7);
#2871 = AXIS2_PLACEMENT_3D('',#2872,#2873,#2874);
#2872 = CARTESIAN_POINT('',(70.,1.7,15.));
#2873 = DIRECTION('',(-0.,-1.,-0.));
#2874 = DIRECTION('',(0.,0.,1.));
#2875 = ADVANCED_FACE('',(#2876),#2888,.T.);
#2876 = FACE_BOUND('',#2877,.F.);
#2877 = EDGE_LOOP('',(#2878,#2879,#2880,#2887));
#2878 = ORIENTED_EDGE('',*,*,#2619,.F.);
#2879 = ORIENTED_EDGE('',*,*,#2604,.T.);
#2880 = ORIENTED_EDGE('',*,*,#2881,.F.);
#2881 = EDGE_CURVE('',#2693,#2597,#2882,.T.);
#2882 = CIRCLE('',#2883,0.7);
#2883 = AXIS2_PLACEMENT_3D('',#2884,#2885,#2886);
#2884 = CARTESIAN_POINT('',(81.3,17.3,3.7));
#2885 = DIRECTION('',(-1.,0.,0.));
#2886 = DIRECTION('',(0.,1.,0.));
#2887 = ORIENTED_EDGE('',*,*,#2700,.F.);
#2888 = CYLINDRICAL_SURFACE('',#2889,0.7);
#2889 = AXIS2_PLACEMENT_3D('',#2890,#2891,#2892);
#2890 = CARTESIAN_POINT('',(58.,17.3,3.7));
#2891 = DIRECTION('',(1.,0.,0.));
#2892 = DIRECTION('',(0.,1.,0.));
#2893 = ADVANCED_FACE('',(#2894),#2919,.T.);
#2894 = FACE_BOUND('',#2895,.F.);
#2895 = EDGE_LOOP('',(#2896,#2903,#2911,#2918));
#2896 = ORIENTED_EDGE('',*,*,#2897,.F.);
#2897 = EDGE_CURVE('',#2821,#2589,#2898,.T.);
#2898 = CIRCLE('',#2899,0.7);
#2899 = AXIS2_PLACEMENT_3D('',#2900,#2901,#2902);
#2900 = CARTESIAN_POINT('',(81.3,1.7,3.7));
#2901 = DIRECTION('',(0.,1.,-6.123233995737E-17));
#2902 = DIRECTION('',(0.,-6.123233995737E-17,-1.));
#2903 = ORIENTED_EDGE('',*,*,#2904,.T.);
#2904 = EDGE_CURVE('',#2821,#2905,#2907,.T.);
#2905 = VERTEX_POINT('',#2906);
#2906 = CARTESIAN_POINT('',(82.,17.3,3.7));
#2907 = LINE('',#2908,#2909);
#2908 = CARTESIAN_POINT('',(82.,1.,3.7));
#2909 = VECTOR('',#2910,1.);
#2910 = DIRECTION('',(0.,1.,0.));
#2911 = ORIENTED_EDGE('',*,*,#2912,.T.);
#2912 = EDGE_CURVE('',#2905,#2597,#2913,.T.);
#2913 = CIRCLE('',#2914,0.7);
#2914 = AXIS2_PLACEMENT_3D('',#2915,#2916,#2917);
#2915 = CARTESIAN_POINT('',(81.3,17.3,3.7));
#2916 = DIRECTION('',(0.,1.,6.123233995737E-17));
#2917 = DIRECTION('',(0.,6.123233995737E-17,-1.));
#2918 = ORIENTED_EDGE('',*,*,#2596,.F.);
#2919 = CYLINDRICAL_SURFACE('',#2920,0.7);
#2920 = AXIS2_PLACEMENT_3D('',#2921,#2922,#2923);
#2921 = CARTESIAN_POINT('',(81.3,1.,3.7));
#2922 = DIRECTION('',(0.,1.,0.));
#2923 = DIRECTION('',(0.,0.,-1.));
#2924 = ADVANCED_FACE('',(#2925),#2937,.T.);
#2925 = FACE_BOUND('',#2926,.F.);
#2926 = EDGE_LOOP('',(#2927,#2928,#2929,#2936));
#2927 = ORIENTED_EDGE('',*,*,#2667,.F.);
#2928 = ORIENTED_EDGE('',*,*,#2684,.T.);
#2929 = ORIENTED_EDGE('',*,*,#2930,.F.);
#2930 = EDGE_CURVE('',#2645,#2685,#2931,.T.);
#2931 = CIRCLE('',#2932,0.7);
#2932 = AXIS2_PLACEMENT_3D('',#2933,#2934,#2935);
#2933 = CARTESIAN_POINT('',(81.3,17.3,26.3));
#2934 = DIRECTION('',(-1.,0.,0.));
#2935 = DIRECTION('',(0.,0.,1.));
#2936 = ORIENTED_EDGE('',*,*,#2652,.F.);
#2937 = CYLINDRICAL_SURFACE('',#2938,0.7);
#2938 = AXIS2_PLACEMENT_3D('',#2939,#2940,#2941);
#2939 = CARTESIAN_POINT('',(58.,17.3,26.3));
#2940 = DIRECTION('',(1.,0.,0.));
#2941 = DIRECTION('',(0.,0.,1.));
#2942 = ADVANCED_FACE('',(#2943),#2968,.T.);
#2943 = FACE_BOUND('',#2944,.T.);
#2944 = EDGE_LOOP('',(#2945,#2952,#2960,#2967));
#2945 = ORIENTED_EDGE('',*,*,#2946,.T.);
#2946 = EDGE_CURVE('',#2637,#2830,#2947,.T.);
#2947 = CIRCLE('',#2948,0.7);
#2948 = AXIS2_PLACEMENT_3D('',#2949,#2950,#2951);
#2949 = CARTESIAN_POINT('',(81.3,1.7,26.3));
#2950 = DIRECTION('',(6.123233995737E-17,1.,0.));
#2951 = DIRECTION('',(1.,-6.123233995737E-17,0.));
#2952 = ORIENTED_EDGE('',*,*,#2953,.T.);
#2953 = EDGE_CURVE('',#2830,#2954,#2956,.T.);
#2954 = VERTEX_POINT('',#2955);
#2955 = CARTESIAN_POINT('',(82.,17.3,26.3));
#2956 = LINE('',#2957,#2958);
#2957 = CARTESIAN_POINT('',(82.,1.,26.3));
#2958 = VECTOR('',#2959,1.);
#2959 = DIRECTION('',(0.,1.,0.));
#2960 = ORIENTED_EDGE('',*,*,#2961,.T.);
#2961 = EDGE_CURVE('',#2954,#2645,#2962,.T.);
#2962 = CIRCLE('',#2963,0.7);
#2963 = AXIS2_PLACEMENT_3D('',#2964,#2965,#2966);
#2964 = CARTESIAN_POINT('',(81.3,17.3,26.3));
#2965 = DIRECTION('',(0.,-1.,0.));
#2966 = DIRECTION('',(0.,0.,1.));
#2967 = ORIENTED_EDGE('',*,*,#2644,.F.);
#2968 = CYLINDRICAL_SURFACE('',#2969,0.7);
#2969 = AXIS2_PLACEMENT_3D('',#2970,#2971,#2972);
#2970 = CARTESIAN_POINT('',(81.3,1.,26.3));
#2971 = DIRECTION('',(0.,1.,0.));
#2972 = DIRECTION('',(0.,0.,1.));
#2973 = ADVANCED_FACE('',(#2974),#2997,.T.);
#2974 = FACE_BOUND('',#2975,.F.);
#2975 = EDGE_LOOP('',(#2976,#2983,#2989,#2996));
#2976 = ORIENTED_EDGE('',*,*,#2977,.F.);
#2977 = EDGE_CURVE('',#2905,#2693,#2978,.T.);
#2978 = CIRCLE('',#2979,0.7);
#2979 = AXIS2_PLACEMENT_3D('',#2980,#2981,#2982);
#2980 = CARTESIAN_POINT('',(81.3,17.3,3.7));
#2981 = DIRECTION('',(0.,-0.,1.));
#2982 = DIRECTION('',(0.,1.,0.));
#2983 = ORIENTED_EDGE('',*,*,#2984,.T.);
#2984 = EDGE_CURVE('',#2905,#2954,#2985,.T.);
#2985 = LINE('',#2986,#2987);
#2986 = CARTESIAN_POINT('',(82.,17.3,3.));
#2987 = VECTOR('',#2988,1.);
#2988 = DIRECTION('',(0.,0.,1.));
#2989 = ORIENTED_EDGE('',*,*,#2990,.T.);
#2990 = EDGE_CURVE('',#2954,#2685,#2991,.T.);
#2991 = CIRCLE('',#2992,0.7);
#2992 = AXIS2_PLACEMENT_3D('',#2993,#2994,#2995);
#2993 = CARTESIAN_POINT('',(81.3,17.3,26.3));
#2994 = DIRECTION('',(0.,-6.123233995737E-17,1.));
#2995 = DIRECTION('',(0.,1.,6.123233995737E-17));
#2996 = ORIENTED_EDGE('',*,*,#2692,.F.);
#2997 = CYLINDRICAL_SURFACE('',#2998,0.7);
#2998 = AXIS2_PLACEMENT_3D('',#2999,#3000,#3001);
#2999 = CARTESIAN_POINT('',(81.3,17.3,3.));
#3000 = DIRECTION('',(0.,0.,1.));
#3001 = DIRECTION('',(0.,1.,0.));
#3002 = ADVANCED_FACE('',(#3003),#3030,.T.);
#3003 = FACE_BOUND('',#3004,.F.);
#3004 = EDGE_LOOP('',(#3005,#3014,#3022,#3029));
#3005 = ORIENTED_EDGE('',*,*,#3006,.T.);
#3006 = EDGE_CURVE('',#2709,#3007,#3009,.T.);
#3007 = VERTEX_POINT('',#3008);
#3008 = CARTESIAN_POINT('',(60.7,17.3,25.));
#3009 = CIRCLE('',#3010,0.7);
#3010 = AXIS2_PLACEMENT_3D('',#3011,#3012,#3013);
#3011 = CARTESIAN_POINT('',(60.7,17.3,25.7));
#3012 = DIRECTION('',(-1.,0.,0.));
#3013 = DIRECTION('',(0.,0.,1.));
#3014 = ORIENTED_EDGE('',*,*,#3015,.T.);
#3015 = EDGE_CURVE('',#3007,#3016,#3018,.T.);
#3016 = VERTEX_POINT('',#3017);
#3017 = CARTESIAN_POINT('',(79.3,17.3,25.));
#3018 = LINE('',#3019,#3020);
#3019 = CARTESIAN_POINT('',(60.,17.3,25.));
#3020 = VECTOR('',#3021,1.);
#3021 = DIRECTION('',(1.,0.,0.));
#3022 = ORIENTED_EDGE('',*,*,#3023,.F.);
#3023 = EDGE_CURVE('',#2711,#3016,#3024,.T.);
#3024 = CIRCLE('',#3025,0.7);
#3025 = AXIS2_PLACEMENT_3D('',#3026,#3027,#3028);
#3026 = CARTESIAN_POINT('',(79.3,17.3,25.7));
#3027 = DIRECTION('',(-1.,0.,0.));
#3028 = DIRECTION('',(0.,0.,1.));
#3029 = ORIENTED_EDGE('',*,*,#2708,.F.);
#3030 = CYLINDRICAL_SURFACE('',#3031,0.7);
#3031 = AXIS2_PLACEMENT_3D('',#3032,#3033,#3034);
#3032 = CARTESIAN_POINT('',(60.,17.3,25.7));
#3033 = DIRECTION('',(1.,0.,0.));
#3034 = DIRECTION('',(0.,1.,0.));
#3035 = ADVANCED_FACE('',(#3036),#3056,.T.);
#3036 = FACE_BOUND('',#3037,.F.);
#3037 = EDGE_LOOP('',(#3038,#3039,#3040,#3049));
#3038 = ORIENTED_EDGE('',*,*,#3006,.F.);
#3039 = ORIENTED_EDGE('',*,*,#2718,.T.);
#3040 = ORIENTED_EDGE('',*,*,#3041,.T.);
#3041 = EDGE_CURVE('',#2719,#3042,#3044,.T.);
#3042 = VERTEX_POINT('',#3043);
#3043 = CARTESIAN_POINT('',(60.,17.3,24.3));
#3044 = CIRCLE('',#3045,0.7);
#3045 = AXIS2_PLACEMENT_3D('',#3046,#3047,#3048);
#3046 = CARTESIAN_POINT('',(59.3,17.3,24.3));
#3047 = DIRECTION('',(-6.123233995737E-17,0.,-1.));
#3048 = DIRECTION('',(-1.,0.,6.123233995737E-17));
#3049 = ORIENTED_EDGE('',*,*,#3050,.F.);
#3050 = EDGE_CURVE('',#3007,#3042,#3051,.T.);
#3051 = CIRCLE('',#3052,0.7);
#3052 = AXIS2_PLACEMENT_3D('',#3053,#3054,#3055);
#3053 = CARTESIAN_POINT('',(60.7,17.3,24.3));
#3054 = DIRECTION('',(0.,-1.,0.));
#3055 = DIRECTION('',(0.,0.,1.));
#3056 = TOROIDAL_SURFACE('',#3057,1.4,0.7);
#3057 = AXIS2_PLACEMENT_3D('',#3058,#3059,#3060);
#3058 = CARTESIAN_POINT('',(60.7,17.3,24.3));
#3059 = DIRECTION('',(0.,1.,0.));
#3060 = DIRECTION('',(0.,0.,1.));
#3061 = ADVANCED_FACE('',(#3062),#3082,.T.);
#3062 = FACE_BOUND('',#3063,.T.);
#3063 = EDGE_LOOP('',(#3064,#3065,#3066,#3075));
#3064 = ORIENTED_EDGE('',*,*,#3023,.F.);
#3065 = ORIENTED_EDGE('',*,*,#2769,.T.);
#3066 = ORIENTED_EDGE('',*,*,#3067,.T.);
#3067 = EDGE_CURVE('',#2762,#3068,#3070,.T.);
#3068 = VERTEX_POINT('',#3069);
#3069 = CARTESIAN_POINT('',(80.,17.3,24.3));
#3070 = CIRCLE('',#3071,0.7);
#3071 = AXIS2_PLACEMENT_3D('',#3072,#3073,#3074);
#3072 = CARTESIAN_POINT('',(80.7,17.3,24.3));
#3073 = DIRECTION('',(-6.123233995737E-17,0.,1.));
#3074 = DIRECTION('',(1.,0.,6.123233995737E-17));
#3075 = ORIENTED_EDGE('',*,*,#3076,.F.);
#3076 = EDGE_CURVE('',#3016,#3068,#3077,.T.);
#3077 = CIRCLE('',#3078,0.7);
#3078 = AXIS2_PLACEMENT_3D('',#3079,#3080,#3081);
#3079 = CARTESIAN_POINT('',(79.3,17.3,24.3));
#3080 = DIRECTION('',(0.,1.,0.));
#3081 = DIRECTION('',(0.,0.,1.));
#3082 = TOROIDAL_SURFACE('',#3083,1.4,0.7);
#3083 = AXIS2_PLACEMENT_3D('',#3084,#3085,#3086);
#3084 = CARTESIAN_POINT('',(79.3,17.3,24.3));
#3085 = DIRECTION('',(0.,1.,0.));
#3086 = DIRECTION('',(0.,0.,1.));
#3087 = ADVANCED_FACE('',(#3088),#3107,.T.);
#3088 = FACE_BOUND('',#3089,.T.);
#3089 = EDGE_LOOP('',(#3090,#3091,#3099,#3106));
#3090 = ORIENTED_EDGE('',*,*,#3041,.T.);
#3091 = ORIENTED_EDGE('',*,*,#3092,.T.);
#3092 = EDGE_CURVE('',#3042,#3093,#3095,.T.);
#3093 = VERTEX_POINT('',#3094);
#3094 = CARTESIAN_POINT('',(60.,17.3,5.7));
#3095 = LINE('',#3096,#3097);
#3096 = CARTESIAN_POINT('',(60.,17.3,25.));
#3097 = VECTOR('',#3098,1.);
#3098 = DIRECTION('',(0.,0.,-1.));
#3099 = ORIENTED_EDGE('',*,*,#3100,.F.);
#3100 = EDGE_CURVE('',#2728,#3093,#3101,.T.);
#3101 = CIRCLE('',#3102,0.7);
#3102 = AXIS2_PLACEMENT_3D('',#3103,#3104,#3105);
#3103 = CARTESIAN_POINT('',(59.3,17.3,5.7));
#3104 = DIRECTION('',(6.123233995737E-17,0.,-1.));
#3105 = DIRECTION('',(-1.,0.,-6.123233995737E-17));
#3106 = ORIENTED_EDGE('',*,*,#2727,.F.);
#3107 = CYLINDRICAL_SURFACE('',#3108,0.7);
#3108 = AXIS2_PLACEMENT_3D('',#3109,#3110,#3111);
#3109 = CARTESIAN_POINT('',(59.3,17.3,25.));
#3110 = DIRECTION('',(0.,0.,-1.));
#3111 = DIRECTION('',(0.,1.,0.));
#3112 = ADVANCED_FACE('',(#3113),#3132,.T.);
#3113 = FACE_BOUND('',#3114,.F.);
#3114 = EDGE_LOOP('',(#3115,#3116,#3124,#3131));
#3115 = ORIENTED_EDGE('',*,*,#3067,.T.);
#3116 = ORIENTED_EDGE('',*,*,#3117,.T.);
#3117 = EDGE_CURVE('',#3068,#3118,#3120,.T.);
#3118 = VERTEX_POINT('',#3119);
#3119 = CARTESIAN_POINT('',(80.,17.3,5.7));
#3120 = LINE('',#3121,#3122);
#3121 = CARTESIAN_POINT('',(80.,17.3,25.));
#3122 = VECTOR('',#3123,1.);
#3123 = DIRECTION('',(0.,0.,-1.));
#3124 = ORIENTED_EDGE('',*,*,#3125,.F.);
#3125 = EDGE_CURVE('',#2753,#3118,#3126,.T.);
#3126 = CIRCLE('',#3127,0.7);
#3127 = AXIS2_PLACEMENT_3D('',#3128,#3129,#3130);
#3128 = CARTESIAN_POINT('',(80.7,17.3,5.7));
#3129 = DIRECTION('',(0.,0.,1.));
#3130 = DIRECTION('',(1.,0.,0.));
#3131 = ORIENTED_EDGE('',*,*,#2761,.F.);
#3132 = CYLINDRICAL_SURFACE('',#3133,0.7);
#3133 = AXIS2_PLACEMENT_3D('',#3134,#3135,#3136);
#3134 = CARTESIAN_POINT('',(80.7,17.3,25.));
#3135 = DIRECTION('',(0.,0.,-1.));
#3136 = DIRECTION('',(0.,1.,0.));
#3137 = ADVANCED_FACE('',(#3138),#3158,.T.);
#3138 = FACE_BOUND('',#3139,.T.);
#3139 = EDGE_LOOP('',(#3140,#3149,#3150,#3151));
#3140 = ORIENTED_EDGE('',*,*,#3141,.F.);
#3141 = EDGE_CURVE('',#2736,#3142,#3144,.T.);
#3142 = VERTEX_POINT('',#3143);
#3143 = CARTESIAN_POINT('',(60.7,17.3,5.));
#3144 = CIRCLE('',#3145,0.7);
#3145 = AXIS2_PLACEMENT_3D('',#3146,#3147,#3148);
#3146 = CARTESIAN_POINT('',(60.7,17.3,4.3));
#3147 = DIRECTION('',(1.,-0.,0.));
#3148 = DIRECTION('',(0.,0.,-1.));
#3149 = ORIENTED_EDGE('',*,*,#2735,.T.);
#3150 = ORIENTED_EDGE('',*,*,#3100,.T.);
#3151 = ORIENTED_EDGE('',*,*,#3152,.F.);
#3152 = EDGE_CURVE('',#3142,#3093,#3153,.T.);
#3153 = CIRCLE('',#3154,0.7);
#3154 = AXIS2_PLACEMENT_3D('',#3155,#3156,#3157);
#3155 = CARTESIAN_POINT('',(60.7,17.3,5.7));
#3156 = DIRECTION('',(0.,1.,0.));
#3157 = DIRECTION('',(0.,0.,-1.));
#3158 = TOROIDAL_SURFACE('',#3159,1.4,0.7);
#3159 = AXIS2_PLACEMENT_3D('',#3160,#3161,#3162);
#3160 = CARTESIAN_POINT('',(60.7,17.3,5.7));
#3161 = DIRECTION('',(0.,1.,0.));
#3162 = DIRECTION('',(0.,0.,-1.));
#3163 = ADVANCED_FACE('',(#3164),#3184,.T.);
#3164 = FACE_BOUND('',#3165,.T.);
#3165 = EDGE_LOOP('',(#3166,#3167,#3168,#3177));
#3166 = ORIENTED_EDGE('',*,*,#3125,.F.);
#3167 = ORIENTED_EDGE('',*,*,#2752,.T.);
#3168 = ORIENTED_EDGE('',*,*,#3169,.T.);
#3169 = EDGE_CURVE('',#2745,#3170,#3172,.T.);
#3170 = VERTEX_POINT('',#3171);
#3171 = CARTESIAN_POINT('',(79.3,17.3,5.));
#3172 = CIRCLE('',#3173,0.7);
#3173 = AXIS2_PLACEMENT_3D('',#3174,#3175,#3176);
#3174 = CARTESIAN_POINT('',(79.3,17.3,4.3));
#3175 = DIRECTION('',(1.,-0.,1.171455364583E-15));
#3176 = DIRECTION('',(1.171455364583E-15,0.,-1.));
#3177 = ORIENTED_EDGE('',*,*,#3178,.F.);
#3178 = EDGE_CURVE('',#3118,#3170,#3179,.T.);
#3179 = CIRCLE('',#3180,0.7);
#3180 = AXIS2_PLACEMENT_3D('',#3181,#3182,#3183);
#3181 = CARTESIAN_POINT('',(79.3,17.3,5.7));
#3182 = DIRECTION('',(-0.,1.,0.));
#3183 = DIRECTION('',(1.,0.,0.));
#3184 = TOROIDAL_SURFACE('',#3185,1.4,0.7);
#3185 = AXIS2_PLACEMENT_3D('',#3186,#3187,#3188);
#3186 = CARTESIAN_POINT('',(79.3,17.3,5.7));
#3187 = DIRECTION('',(0.,1.,0.));
#3188 = DIRECTION('',(1.,0.,0.));
#3189 = ADVANCED_FACE('',(#3190),#3201,.T.);
#3190 = FACE_BOUND('',#3191,.T.);
#3191 = EDGE_LOOP('',(#3192,#3193,#3199,#3200));
#3192 = ORIENTED_EDGE('',*,*,#3141,.T.);
#3193 = ORIENTED_EDGE('',*,*,#3194,.T.);
#3194 = EDGE_CURVE('',#3142,#3170,#3195,.T.);
#3195 = LINE('',#3196,#3197);
#3196 = CARTESIAN_POINT('',(60.,17.3,5.));
#3197 = VECTOR('',#3198,1.);
#3198 = DIRECTION('',(1.,0.,0.));
#3199 = ORIENTED_EDGE('',*,*,#3169,.F.);
#3200 = ORIENTED_EDGE('',*,*,#2744,.F.);
#3201 = CYLINDRICAL_SURFACE('',#3202,0.7);
#3202 = AXIS2_PLACEMENT_3D('',#3203,#3204,#3205);
#3203 = CARTESIAN_POINT('',(60.,17.3,4.3));
#3204 = DIRECTION('',(1.,0.,0.));
#3205 = DIRECTION('',(0.,1.,0.));
#3206 = ADVANCED_FACE('',(#3207),#3212,.T.);
#3207 = FACE_BOUND('',#3208,.F.);
#3208 = EDGE_LOOP('',(#3209,#3210,#3211));
#3209 = ORIENTED_EDGE('',*,*,#2820,.F.);
#3210 = ORIENTED_EDGE('',*,*,#2897,.T.);
#3211 = ORIENTED_EDGE('',*,*,#2786,.F.);
#3212 = SPHERICAL_SURFACE('',#3213,0.7);
#3213 = AXIS2_PLACEMENT_3D('',#3214,#3215,#3216);
#3214 = CARTESIAN_POINT('',(81.3,1.7,3.7));
#3215 = DIRECTION('',(-1.,0.,0.));
#3216 = DIRECTION('',(0.,-1.,0.));
#3217 = ADVANCED_FACE('',(#3218),#3223,.T.);
#3218 = FACE_BOUND('',#3219,.F.);
#3219 = EDGE_LOOP('',(#3220,#3221,#3222));
#3220 = ORIENTED_EDGE('',*,*,#2804,.F.);
#3221 = ORIENTED_EDGE('',*,*,#2946,.T.);
#3222 = ORIENTED_EDGE('',*,*,#2837,.F.);
#3223 = SPHERICAL_SURFACE('',#3224,0.7);
#3224 = AXIS2_PLACEMENT_3D('',#3225,#3226,#3227);
#3225 = CARTESIAN_POINT('',(81.3,1.7,26.3));
#3226 = DIRECTION('',(-0.,-0.,-1.));
#3227 = DIRECTION('',(0.,-1.,0.));
#3228 = ADVANCED_FACE('',(#3229),#3235,.T.);
#3229 = FACE_BOUND('',#3230,.T.);
#3230 = EDGE_LOOP('',(#3231,#3232,#3233,#3234));
#3231 = ORIENTED_EDGE('',*,*,#2829,.F.);
#3232 = ORIENTED_EDGE('',*,*,#2904,.T.);
#3233 = ORIENTED_EDGE('',*,*,#2984,.T.);
#3234 = ORIENTED_EDGE('',*,*,#2953,.F.);
#3235 = PLANE('',#3236);
#3236 = AXIS2_PLACEMENT_3D('',#3237,#3238,#3239);
#3237 = CARTESIAN_POINT('',(82.,1.,3.));
#3238 = DIRECTION('',(1.,0.,0.));
#3239 = DIRECTION('',(0.,0.,1.));
#3240 = ADVANCED_FACE('',(#3241),#3260,.F.);
#3241 = FACE_BOUND('',#3242,.F.);
#3242 = EDGE_LOOP('',(#3243,#3251,#3258,#3259));
#3243 = ORIENTED_EDGE('',*,*,#3244,.T.);
#3244 = EDGE_CURVE('',#2854,#3245,#3247,.T.);
#3245 = VERTEX_POINT('',#3246);
#3246 = CARTESIAN_POINT('',(70.,2.1,20.5));
#3247 = LINE('',#3248,#3249);
#3248 = CARTESIAN_POINT('',(70.,0.,20.5));
#3249 = VECTOR('',#3250,1.);
#3250 = DIRECTION('',(0.,1.,0.));
#3251 = ORIENTED_EDGE('',*,*,#3252,.F.);
#3252 = EDGE_CURVE('',#3245,#3245,#3253,.T.);
#3253 = CIRCLE('',#3254,5.5);
#3254 = AXIS2_PLACEMENT_3D('',#3255,#3256,#3257);
#3255 = CARTESIAN_POINT('',(70.,2.1,15.));
#3256 = DIRECTION('',(0.,1.,0.));
#3257 = DIRECTION('',(0.,0.,1.));
#3258 = ORIENTED_EDGE('',*,*,#3244,.F.);
#3259 = ORIENTED_EDGE('',*,*,#2864,.T.);
#3260 = CYLINDRICAL_SURFACE('',#3261,5.5);
#3261 = AXIS2_PLACEMENT_3D('',#3262,#3263,#3264);
#3262 = CARTESIAN_POINT('',(70.,0.,15.));
#3263 = DIRECTION('',(0.,1.,0.));
#3264 = DIRECTION('',(0.,0.,1.));
#3265 = ADVANCED_FACE('',(#3266),#3271,.T.);
#3266 = FACE_BOUND('',#3267,.T.);
#3267 = EDGE_LOOP('',(#3268,#3269,#3270));
#3268 = ORIENTED_EDGE('',*,*,#2977,.F.);
#3269 = ORIENTED_EDGE('',*,*,#2912,.T.);
#3270 = ORIENTED_EDGE('',*,*,#2881,.F.);
#3271 = SPHERICAL_SURFACE('',#3272,0.7);
#3272 = AXIS2_PLACEMENT_3D('',#3273,#3274,#3275);
#3273 = CARTESIAN_POINT('',(81.3,17.3,3.7));
#3274 = DIRECTION('',(-1.,0.,0.));
#3275 = DIRECTION('',(0.,1.,0.));
#3276 = ADVANCED_FACE('',(#3277),#3282,.T.);
#3277 = FACE_BOUND('',#3278,.T.);
#3278 = EDGE_LOOP('',(#3279,#3280,#3281));
#3279 = ORIENTED_EDGE('',*,*,#2961,.F.);
#3280 = ORIENTED_EDGE('',*,*,#2990,.T.);
#3281 = ORIENTED_EDGE('',*,*,#2930,.F.);
#3282 = SPHERICAL_SURFACE('',#3283,0.7);
#3283 = AXIS2_PLACEMENT_3D('',#3284,#3285,#3286);
#3284 = CARTESIAN_POINT('',(81.3,17.3,26.3));
#3285 = DIRECTION('',(-1.,0.,0.));
#3286 = DIRECTION('',(0.,0.,1.));
#3287 = ADVANCED_FACE('',(#3288),#3313,.F.);
#3288 = FACE_BOUND('',#3289,.F.);
#3289 = EDGE_LOOP('',(#3290,#3291,#3299,#3307));
#3290 = ORIENTED_EDGE('',*,*,#3015,.F.);
#3291 = ORIENTED_EDGE('',*,*,#3292,.F.);
#3292 = EDGE_CURVE('',#3293,#3007,#3295,.T.);
#3293 = VERTEX_POINT('',#3294);
#3294 = CARTESIAN_POINT('',(60.7,3.5,25.));
#3295 = LINE('',#3296,#3297);
#3296 = CARTESIAN_POINT('',(60.7,2.8,25.));
#3297 = VECTOR('',#3298,1.);
#3298 = DIRECTION('',(0.,1.,0.));
#3299 = ORIENTED_EDGE('',*,*,#3300,.T.);
#3300 = EDGE_CURVE('',#3293,#3301,#3303,.T.);
#3301 = VERTEX_POINT('',#3302);
#3302 = CARTESIAN_POINT('',(79.3,3.5,25.));
#3303 = LINE('',#3304,#3305);
#3304 = CARTESIAN_POINT('',(60.,3.5,25.));
#3305 = VECTOR('',#3306,1.);
#3306 = DIRECTION('',(1.,0.,0.));
#3307 = ORIENTED_EDGE('',*,*,#3308,.T.);
#3308 = EDGE_CURVE('',#3301,#3016,#3309,.T.);
#3309 = LINE('',#3310,#3311);
#3310 = CARTESIAN_POINT('',(79.3,2.8,25.));
#3311 = VECTOR('',#3312,1.);
#3312 = DIRECTION('',(0.,1.,0.));
#3313 = PLANE('',#3314);
#3314 = AXIS2_PLACEMENT_3D('',#3315,#3316,#3317);
#3315 = CARTESIAN_POINT('',(60.,2.8,25.));
#3316 = DIRECTION('',(0.,0.,1.));
#3317 = DIRECTION('',(1.,0.,0.));
#3318 = ADVANCED_FACE('',(#3319),#3338,.F.);
#3319 = FACE_BOUND('',#3320,.T.);
#3320 = EDGE_LOOP('',(#3321,#3322,#3331,#3337));
#3321 = ORIENTED_EDGE('',*,*,#3292,.F.);
#3322 = ORIENTED_EDGE('',*,*,#3323,.T.);
#3323 = EDGE_CURVE('',#3293,#3324,#3326,.T.);
#3324 = VERTEX_POINT('',#3325);
#3325 = CARTESIAN_POINT('',(60.,3.5,24.3));
#3326 = CIRCLE('',#3327,0.7);
#3327 = AXIS2_PLACEMENT_3D('',#3328,#3329,#3330);
#3328 = CARTESIAN_POINT('',(60.7,3.5,24.3));
#3329 = DIRECTION('',(0.,-1.,0.));
#3330 = DIRECTION('',(0.,0.,1.));
#3331 = ORIENTED_EDGE('',*,*,#3332,.T.);
#3332 = EDGE_CURVE('',#3324,#3042,#3333,.T.);
#3333 = LINE('',#3334,#3335);
#3334 = CARTESIAN_POINT('',(60.,2.8,24.3));
#3335 = VECTOR('',#3336,1.);
#3336 = DIRECTION('',(0.,1.,0.));
#3337 = ORIENTED_EDGE('',*,*,#3050,.F.);
#3338 = CYLINDRICAL_SURFACE('',#3339,0.7);
#3339 = AXIS2_PLACEMENT_3D('',#3340,#3341,#3342);
#3340 = CARTESIAN_POINT('',(60.7,2.8,24.3));
#3341 = DIRECTION('',(0.,1.,0.));
#3342 = DIRECTION('',(0.,0.,1.));
#3343 = ADVANCED_FACE('',(#3344),#3363,.F.);
#3344 = FACE_BOUND('',#3345,.F.);
#3345 = EDGE_LOOP('',(#3346,#3347,#3356,#3362));
#3346 = ORIENTED_EDGE('',*,*,#3308,.F.);
#3347 = ORIENTED_EDGE('',*,*,#3348,.T.);
#3348 = EDGE_CURVE('',#3301,#3349,#3351,.T.);
#3349 = VERTEX_POINT('',#3350);
#3350 = CARTESIAN_POINT('',(80.,3.5,24.3));
#3351 = CIRCLE('',#3352,0.7);
#3352 = AXIS2_PLACEMENT_3D('',#3353,#3354,#3355);
#3353 = CARTESIAN_POINT('',(79.3,3.5,24.3));
#3354 = DIRECTION('',(0.,1.,0.));
#3355 = DIRECTION('',(0.,0.,1.));
#3356 = ORIENTED_EDGE('',*,*,#3357,.T.);
#3357 = EDGE_CURVE('',#3349,#3068,#3358,.T.);
#3358 = LINE('',#3359,#3360);
#3359 = CARTESIAN_POINT('',(80.,2.8,24.3));
#3360 = VECTOR('',#3361,1.);
#3361 = DIRECTION('',(0.,1.,0.));
#3362 = ORIENTED_EDGE('',*,*,#3076,.F.);
#3363 = CYLINDRICAL_SURFACE('',#3364,0.7);
#3364 = AXIS2_PLACEMENT_3D('',#3365,#3366,#3367);
#3365 = CARTESIAN_POINT('',(79.3,2.8,24.3));
#3366 = DIRECTION('',(0.,1.,0.));
#3367 = DIRECTION('',(0.,0.,1.));
#3368 = ADVANCED_FACE('',(#3369),#3387,.T.);
#3369 = FACE_BOUND('',#3370,.T.);
#3370 = EDGE_LOOP('',(#3371,#3372,#3373,#3381));
#3371 = ORIENTED_EDGE('',*,*,#3092,.F.);
#3372 = ORIENTED_EDGE('',*,*,#3332,.F.);
#3373 = ORIENTED_EDGE('',*,*,#3374,.F.);
#3374 = EDGE_CURVE('',#3375,#3324,#3377,.T.);
#3375 = VERTEX_POINT('',#3376);
#3376 = CARTESIAN_POINT('',(60.,3.5,5.7));
#3377 = LINE('',#3378,#3379);
#3378 = CARTESIAN_POINT('',(60.,3.5,5.));
#3379 = VECTOR('',#3380,1.);
#3380 = DIRECTION('',(0.,0.,1.));
#3381 = ORIENTED_EDGE('',*,*,#3382,.T.);
#3382 = EDGE_CURVE('',#3375,#3093,#3383,.T.);
#3383 = LINE('',#3384,#3385);
#3384 = CARTESIAN_POINT('',(60.,2.8,5.7));
#3385 = VECTOR('',#3386,1.);
#3386 = DIRECTION('',(0.,1.,0.));
#3387 = PLANE('',#3388);
#3388 = AXIS2_PLACEMENT_3D('',#3389,#3390,#3391);
#3389 = CARTESIAN_POINT('',(60.,2.8,5.));
#3390 = DIRECTION('',(1.,0.,0.));
#3391 = DIRECTION('',(0.,0.,1.));
#3392 = ADVANCED_FACE('',(#3393),#3411,.F.);
#3393 = FACE_BOUND('',#3394,.F.);
#3394 = EDGE_LOOP('',(#3395,#3396,#3397,#3405));
#3395 = ORIENTED_EDGE('',*,*,#3117,.F.);
#3396 = ORIENTED_EDGE('',*,*,#3357,.F.);
#3397 = ORIENTED_EDGE('',*,*,#3398,.F.);
#3398 = EDGE_CURVE('',#3399,#3349,#3401,.T.);
#3399 = VERTEX_POINT('',#3400);
#3400 = CARTESIAN_POINT('',(80.,3.5,5.7));
#3401 = LINE('',#3402,#3403);
#3402 = CARTESIAN_POINT('',(80.,3.5,5.));
#3403 = VECTOR('',#3404,1.);
#3404 = DIRECTION('',(0.,0.,1.));
#3405 = ORIENTED_EDGE('',*,*,#3406,.T.);
#3406 = EDGE_CURVE('',#3399,#3118,#3407,.T.);
#3407 = LINE('',#3408,#3409);
#3408 = CARTESIAN_POINT('',(80.,2.8,5.7));
#3409 = VECTOR('',#3410,1.);
#3410 = DIRECTION('',(0.,1.,0.));
#3411 = PLANE('',#3412);
#3412 = AXIS2_PLACEMENT_3D('',#3413,#3414,#3415);
#3413 = CARTESIAN_POINT('',(80.,2.8,5.));
#3414 = DIRECTION('',(1.,0.,0.));
#3415 = DIRECTION('',(0.,0.,1.));
#3416 = ADVANCED_FACE('',(#3417),#3436,.F.);
#3417 = FACE_BOUND('',#3418,.F.);
#3418 = EDGE_LOOP('',(#3419,#3427,#3434,#3435));
#3419 = ORIENTED_EDGE('',*,*,#3420,.F.);
#3420 = EDGE_CURVE('',#3421,#3142,#3423,.T.);
#3421 = VERTEX_POINT('',#3422);
#3422 = CARTESIAN_POINT('',(60.7,3.5,5.));
#3423 = LINE('',#3424,#3425);
#3424 = CARTESIAN_POINT('',(60.7,2.8,5.));
#3425 = VECTOR('',#3426,1.);
#3426 = DIRECTION('',(0.,1.,0.));
#3427 = ORIENTED_EDGE('',*,*,#3428,.T.);
#3428 = EDGE_CURVE('',#3421,#3375,#3429,.T.);
#3429 = CIRCLE('',#3430,0.7);
#3430 = AXIS2_PLACEMENT_3D('',#3431,#3432,#3433);
#3431 = CARTESIAN_POINT('',(60.7,3.5,5.7));
#3432 = DIRECTION('',(0.,1.,0.));
#3433 = DIRECTION('',(0.,0.,-1.));
#3434 = ORIENTED_EDGE('',*,*,#3382,.T.);
#3435 = ORIENTED_EDGE('',*,*,#3152,.F.);
#3436 = CYLINDRICAL_SURFACE('',#3437,0.7);
#3437 = AXIS2_PLACEMENT_3D('',#3438,#3439,#3440);
#3438 = CARTESIAN_POINT('',(60.7,2.8,5.7));
#3439 = DIRECTION('',(0.,1.,0.));
#3440 = DIRECTION('',(0.,0.,-1.));
#3441 = ADVANCED_FACE('',(#3442),#3461,.F.);
#3442 = FACE_BOUND('',#3443,.F.);
#3443 = EDGE_LOOP('',(#3444,#3445,#3454,#3460));
#3444 = ORIENTED_EDGE('',*,*,#3406,.F.);
#3445 = ORIENTED_EDGE('',*,*,#3446,.T.);
#3446 = EDGE_CURVE('',#3399,#3447,#3449,.T.);
#3447 = VERTEX_POINT('',#3448);
#3448 = CARTESIAN_POINT('',(79.3,3.5,5.));
#3449 = CIRCLE('',#3450,0.7);
#3450 = AXIS2_PLACEMENT_3D('',#3451,#3452,#3453);
#3451 = CARTESIAN_POINT('',(79.3,3.5,5.7));
#3452 = DIRECTION('',(-0.,1.,0.));
#3453 = DIRECTION('',(1.,0.,0.));
#3454 = ORIENTED_EDGE('',*,*,#3455,.T.);
#3455 = EDGE_CURVE('',#3447,#3170,#3456,.T.);
#3456 = LINE('',#3457,#3458);
#3457 = CARTESIAN_POINT('',(79.3,2.8,5.));
#3458 = VECTOR('',#3459,1.);
#3459 = DIRECTION('',(0.,1.,0.));
#3460 = ORIENTED_EDGE('',*,*,#3178,.F.);
#3461 = CYLINDRICAL_SURFACE('',#3462,0.7);
#3462 = AXIS2_PLACEMENT_3D('',#3463,#3464,#3465);
#3463 = CARTESIAN_POINT('',(79.3,2.8,5.7));
#3464 = DIRECTION('',(0.,1.,0.));
#3465 = DIRECTION('',(1.,0.,0.));
#3466 = ADVANCED_FACE('',(#3467),#3478,.T.);
#3467 = FACE_BOUND('',#3468,.T.);
#3468 = EDGE_LOOP('',(#3469,#3470,#3471,#3477));
#3469 = ORIENTED_EDGE('',*,*,#3194,.F.);
#3470 = ORIENTED_EDGE('',*,*,#3420,.F.);
#3471 = ORIENTED_EDGE('',*,*,#3472,.T.);
#3472 = EDGE_CURVE('',#3421,#3447,#3473,.T.);
#3473 = LINE('',#3474,#3475);
#3474 = CARTESIAN_POINT('',(60.,3.5,5.));
#3475 = VECTOR('',#3476,1.);
#3476 = DIRECTION('',(1.,0.,0.));
#3477 = ORIENTED_EDGE('',*,*,#3455,.T.);
#3478 = PLANE('',#3479);
#3479 = AXIS2_PLACEMENT_3D('',#3480,#3481,#3482);
#3480 = CARTESIAN_POINT('',(60.,2.8,5.));
#3481 = DIRECTION('',(0.,0.,1.));
#3482 = DIRECTION('',(1.,0.,0.));
#3483 = ADVANCED_FACE('',(#3484),#3504,.T.);
#3484 = FACE_BOUND('',#3485,.F.);
#3485 = EDGE_LOOP('',(#3486,#3495,#3496,#3497));
#3486 = ORIENTED_EDGE('',*,*,#3487,.F.);
#3487 = EDGE_CURVE('',#3245,#3488,#3490,.T.);
#3488 = VERTEX_POINT('',#3489);
#3489 = CARTESIAN_POINT('',(70.,2.8,21.2));
#3490 = CIRCLE('',#3491,0.7);
#3491 = AXIS2_PLACEMENT_3D('',#3492,#3493,#3494);
#3492 = CARTESIAN_POINT('',(70.,2.1,21.2));
#3493 = DIRECTION('',(1.,0.,-0.));
#3494 = DIRECTION('',(0.,0.,1.));
#3495 = ORIENTED_EDGE('',*,*,#3252,.F.);
#3496 = ORIENTED_EDGE('',*,*,#3487,.T.);
#3497 = ORIENTED_EDGE('',*,*,#3498,.T.);
#3498 = EDGE_CURVE('',#3488,#3488,#3499,.T.);
#3499 = CIRCLE('',#3500,6.2);
#3500 = AXIS2_PLACEMENT_3D('',#3501,#3502,#3503);
#3501 = CARTESIAN_POINT('',(70.,2.8,15.));
#3502 = DIRECTION('',(0.,1.,0.));
#3503 = DIRECTION('',(0.,0.,1.));
#3504 = TOROIDAL_SURFACE('',#3505,6.2,0.7);
#3505 = AXIS2_PLACEMENT_3D('',#3506,#3507,#3508);
#3506 = CARTESIAN_POINT('',(70.,2.1,15.));
#3507 = DIRECTION('',(-0.,-1.,-0.));
#3508 = DIRECTION('',(0.,0.,1.));
#3509 = ADVANCED_FACE('',(#3510),#3537,.F.);
#3510 = FACE_BOUND('',#3511,.F.);
#3511 = EDGE_LOOP('',(#3512,#3521,#3529,#3536));
#3512 = ORIENTED_EDGE('',*,*,#3513,.F.);
#3513 = EDGE_CURVE('',#3514,#3293,#3516,.T.);
#3514 = VERTEX_POINT('',#3515);
#3515 = CARTESIAN_POINT('',(60.7,2.8,24.3));
#3516 = CIRCLE('',#3517,0.7);
#3517 = AXIS2_PLACEMENT_3D('',#3518,#3519,#3520);
#3518 = CARTESIAN_POINT('',(60.7,3.5,24.3));
#3519 = DIRECTION('',(-1.,0.,0.));
#3520 = DIRECTION('',(0.,0.,1.));
#3521 = ORIENTED_EDGE('',*,*,#3522,.T.);
#3522 = EDGE_CURVE('',#3514,#3523,#3525,.T.);
#3523 = VERTEX_POINT('',#3524);
#3524 = CARTESIAN_POINT('',(79.3,2.8,24.3));
#3525 = LINE('',#3526,#3527);
#3526 = CARTESIAN_POINT('',(60.,2.8,24.3));
#3527 = VECTOR('',#3528,1.);
#3528 = DIRECTION('',(1.,0.,0.));
#3529 = ORIENTED_EDGE('',*,*,#3530,.T.);
#3530 = EDGE_CURVE('',#3523,#3301,#3531,.T.);
#3531 = CIRCLE('',#3532,0.7);
#3532 = AXIS2_PLACEMENT_3D('',#3533,#3534,#3535);
#3533 = CARTESIAN_POINT('',(79.3,3.5,24.3));
#3534 = DIRECTION('',(-1.,0.,0.));
#3535 = DIRECTION('',(0.,0.,1.));
#3536 = ORIENTED_EDGE('',*,*,#3300,.F.);
#3537 = CYLINDRICAL_SURFACE('',#3538,0.7);
#3538 = AXIS2_PLACEMENT_3D('',#3539,#3540,#3541);
#3539 = CARTESIAN_POINT('',(60.,3.5,24.3));
#3540 = DIRECTION('',(1.,0.,0.));
#3541 = DIRECTION('',(0.,0.,1.));
#3542 = ADVANCED_FACE('',(#3543),#3554,.F.);
#3543 = FACE_BOUND('',#3544,.T.);
#3544 = EDGE_LOOP('',(#3545,#3546,#3553));
#3545 = ORIENTED_EDGE('',*,*,#3513,.F.);
#3546 = ORIENTED_EDGE('',*,*,#3547,.T.);
#3547 = EDGE_CURVE('',#3514,#3324,#3548,.T.);
#3548 = CIRCLE('',#3549,0.7);
#3549 = AXIS2_PLACEMENT_3D('',#3550,#3551,#3552);
#3550 = CARTESIAN_POINT('',(60.7,3.5,24.3));
#3551 = DIRECTION('',(-6.123233995737E-17,0.,-1.));
#3552 = DIRECTION('',(-1.,0.,6.123233995737E-17));
#3553 = ORIENTED_EDGE('',*,*,#3323,.F.);
#3554 = SPHERICAL_SURFACE('',#3555,0.7);
#3555 = AXIS2_PLACEMENT_3D('',#3556,#3557,#3558);
#3556 = CARTESIAN_POINT('',(60.7,3.5,24.3));
#3557 = DIRECTION('',(0.,1.,0.));
#3558 = DIRECTION('',(0.,0.,1.));
#3559 = ADVANCED_FACE('',(#3560),#3571,.F.);
#3560 = FACE_BOUND('',#3561,.F.);
#3561 = EDGE_LOOP('',(#3562,#3563,#3570));
#3562 = ORIENTED_EDGE('',*,*,#3530,.F.);
#3563 = ORIENTED_EDGE('',*,*,#3564,.T.);
#3564 = EDGE_CURVE('',#3523,#3349,#3565,.T.);
#3565 = CIRCLE('',#3566,0.7);
#3566 = AXIS2_PLACEMENT_3D('',#3567,#3568,#3569);
#3567 = CARTESIAN_POINT('',(79.3,3.5,24.3));
#3568 = DIRECTION('',(-6.123233995737E-17,0.,1.));
#3569 = DIRECTION('',(1.,0.,6.123233995737E-17));
#3570 = ORIENTED_EDGE('',*,*,#3348,.F.);
#3571 = SPHERICAL_SURFACE('',#3572,0.7);
#3572 = AXIS2_PLACEMENT_3D('',#3573,#3574,#3575);
#3573 = CARTESIAN_POINT('',(79.3,3.5,24.3));
#3574 = DIRECTION('',(0.,1.,0.));
#3575 = DIRECTION('',(0.,0.,1.));
#3576 = ADVANCED_FACE('',(#3577),#3596,.F.);
#3577 = FACE_BOUND('',#3578,.F.);
#3578 = EDGE_LOOP('',(#3579,#3588,#3594,#3595));
#3579 = ORIENTED_EDGE('',*,*,#3580,.F.);
#3580 = EDGE_CURVE('',#3581,#3375,#3583,.T.);
#3581 = VERTEX_POINT('',#3582);
#3582 = CARTESIAN_POINT('',(60.7,2.8,5.7));
#3583 = CIRCLE('',#3584,0.7);
#3584 = AXIS2_PLACEMENT_3D('',#3585,#3586,#3587);
#3585 = CARTESIAN_POINT('',(60.7,3.5,5.7));
#3586 = DIRECTION('',(6.123233995737E-17,0.,-1.));
#3587 = DIRECTION('',(-1.,0.,-6.123233995737E-17));
#3588 = ORIENTED_EDGE('',*,*,#3589,.T.);
#3589 = EDGE_CURVE('',#3581,#3514,#3590,.T.);
#3590 = LINE('',#3591,#3592);
#3591 = CARTESIAN_POINT('',(60.7,2.8,5.));
#3592 = VECTOR('',#3593,1.);
#3593 = DIRECTION('',(0.,0.,1.));
#3594 = ORIENTED_EDGE('',*,*,#3547,.T.);
#3595 = ORIENTED_EDGE('',*,*,#3374,.F.);
#3596 = CYLINDRICAL_SURFACE('',#3597,0.7);
#3597 = AXIS2_PLACEMENT_3D('',#3598,#3599,#3600);
#3598 = CARTESIAN_POINT('',(60.7,3.5,5.));
#3599 = DIRECTION('',(0.,0.,1.));
#3600 = DIRECTION('',(-1.,0.,0.));
#3601 = ADVANCED_FACE('',(#3602),#3621,.F.);
#3602 = FACE_BOUND('',#3603,.T.);
#3603 = EDGE_LOOP('',(#3604,#3613,#3619,#3620));
#3604 = ORIENTED_EDGE('',*,*,#3605,.F.);
#3605 = EDGE_CURVE('',#3606,#3399,#3608,.T.);
#3606 = VERTEX_POINT('',#3607);
#3607 = CARTESIAN_POINT('',(79.3,2.8,5.7));
#3608 = CIRCLE('',#3609,0.7);
#3609 = AXIS2_PLACEMENT_3D('',#3610,#3611,#3612);
#3610 = CARTESIAN_POINT('',(79.3,3.5,5.7));
#3611 = DIRECTION('',(0.,0.,1.));
#3612 = DIRECTION('',(1.,0.,0.));
#3613 = ORIENTED_EDGE('',*,*,#3614,.T.);
#3614 = EDGE_CURVE('',#3606,#3523,#3615,.T.);
#3615 = LINE('',#3616,#3617);
#3616 = CARTESIAN_POINT('',(79.3,2.8,5.));
#3617 = VECTOR('',#3618,1.);
#3618 = DIRECTION('',(0.,0.,1.));
#3619 = ORIENTED_EDGE('',*,*,#3564,.T.);
#3620 = ORIENTED_EDGE('',*,*,#3398,.F.);
#3621 = CYLINDRICAL_SURFACE('',#3622,0.7);
#3622 = AXIS2_PLACEMENT_3D('',#3623,#3624,#3625);
#3623 = CARTESIAN_POINT('',(79.3,3.5,5.));
#3624 = DIRECTION('',(0.,0.,1.));
#3625 = DIRECTION('',(1.,0.,0.));
#3626 = ADVANCED_FACE('',(#3627),#3638,.F.);
#3627 = FACE_BOUND('',#3628,.F.);
#3628 = EDGE_LOOP('',(#3629,#3636,#3637));
#3629 = ORIENTED_EDGE('',*,*,#3630,.F.);
#3630 = EDGE_CURVE('',#3581,#3421,#3631,.T.);
#3631 = CIRCLE('',#3632,0.7);
#3632 = AXIS2_PLACEMENT_3D('',#3633,#3634,#3635);
#3633 = CARTESIAN_POINT('',(60.7,3.5,5.7));
#3634 = DIRECTION('',(1.,-0.,0.));
#3635 = DIRECTION('',(0.,0.,-1.));
#3636 = ORIENTED_EDGE('',*,*,#3580,.T.);
#3637 = ORIENTED_EDGE('',*,*,#3428,.F.);
#3638 = SPHERICAL_SURFACE('',#3639,0.7);
#3639 = AXIS2_PLACEMENT_3D('',#3640,#3641,#3642);
#3640 = CARTESIAN_POINT('',(60.7,3.5,5.7));
#3641 = DIRECTION('',(0.,1.,0.));
#3642 = DIRECTION('',(0.,0.,-1.));
#3643 = ADVANCED_FACE('',(#3644),#3655,.F.);
#3644 = FACE_BOUND('',#3645,.F.);
#3645 = EDGE_LOOP('',(#3646,#3647,#3654));
#3646 = ORIENTED_EDGE('',*,*,#3605,.F.);
#3647 = ORIENTED_EDGE('',*,*,#3648,.T.);
#3648 = EDGE_CURVE('',#3606,#3447,#3649,.T.);
#3649 = CIRCLE('',#3650,0.7);
#3650 = AXIS2_PLACEMENT_3D('',#3651,#3652,#3653);
#3651 = CARTESIAN_POINT('',(79.3,3.5,5.7));
#3652 = DIRECTION('',(1.,-0.,6.123233995737E-17));
#3653 = DIRECTION('',(6.123233995737E-17,0.,-1.));
#3654 = ORIENTED_EDGE('',*,*,#3446,.F.);
#3655 = SPHERICAL_SURFACE('',#3656,0.7);
#3656 = AXIS2_PLACEMENT_3D('',#3657,#3658,#3659);
#3657 = CARTESIAN_POINT('',(79.3,3.5,5.7));
#3658 = DIRECTION('',(0.,1.,0.));
#3659 = DIRECTION('',(1.,0.,0.));
#3660 = ADVANCED_FACE('',(#3661),#3672,.F.);
#3661 = FACE_BOUND('',#3662,.T.);
#3662 = EDGE_LOOP('',(#3663,#3664,#3670,#3671));
#3663 = ORIENTED_EDGE('',*,*,#3630,.F.);
#3664 = ORIENTED_EDGE('',*,*,#3665,.T.);
#3665 = EDGE_CURVE('',#3581,#3606,#3666,.T.);
#3666 = LINE('',#3667,#3668);
#3667 = CARTESIAN_POINT('',(60.,2.8,5.7));
#3668 = VECTOR('',#3669,1.);
#3669 = DIRECTION('',(1.,0.,0.));
#3670 = ORIENTED_EDGE('',*,*,#3648,.T.);
#3671 = ORIENTED_EDGE('',*,*,#3472,.F.);
#3672 = CYLINDRICAL_SURFACE('',#3673,0.7);
#3673 = AXIS2_PLACEMENT_3D('',#3674,#3675,#3676);
#3674 = CARTESIAN_POINT('',(60.,3.5,5.7));
#3675 = DIRECTION('',(1.,0.,0.));
#3676 = DIRECTION('',(0.,0.,-1.));
#3677 = ADVANCED_FACE('',(#3678,#3681),#3687,.T.);
#3678 = FACE_BOUND('',#3679,.T.);
#3679 = EDGE_LOOP('',(#3680));
#3680 = ORIENTED_EDGE('',*,*,#3498,.F.);
#3681 = FACE_BOUND('',#3682,.T.);
#3682 = EDGE_LOOP('',(#3683,#3684,#3685,#3686));
#3683 = ORIENTED_EDGE('',*,*,#3522,.T.);
#3684 = ORIENTED_EDGE('',*,*,#3614,.F.);
#3685 = ORIENTED_EDGE('',*,*,#3665,.F.);
#3686 = ORIENTED_EDGE('',*,*,#3589,.T.);
#3687 = PLANE('',#3688);
#3688 = AXIS2_PLACEMENT_3D('',#3689,#3690,#3691);
#3689 = CARTESIAN_POINT('',(60.,2.8,5.));
#3690 = DIRECTION('',(0.,1.,0.));
#3691 = DIRECTION('',(0.,0.,1.));
#3692 = MANIFOLD_SOLID_BREP('',#3693);
#3693 = CLOSED_SHELL('',(#3694,#3734,#3774,#3796,#3818,#3830));
#3694 = ADVANCED_FACE('',(#3695),#3729,.F.);
#3695 = FACE_BOUND('',#3696,.F.);
#3696 = EDGE_LOOP('',(#3697,#3707,#3715,#3723));
#3697 = ORIENTED_EDGE('',*,*,#3698,.F.);
#3698 = EDGE_CURVE('',#3699,#3701,#3703,.T.);
#3699 = VERTEX_POINT('',#3700);
#3700 = CARTESIAN_POINT('',(61.,3.,6.));
#3701 = VERTEX_POINT('',#3702);
#3702 = CARTESIAN_POINT('',(61.,3.,24.));
#3703 = LINE('',#3704,#3705);
#3704 = CARTESIAN_POINT('',(61.,3.,6.));
#3705 = VECTOR('',#3706,1.);
#3706 = DIRECTION('',(0.,0.,1.));
#3707 = ORIENTED_EDGE('',*,*,#3708,.T.);
#3708 = EDGE_CURVE('',#3699,#3709,#3711,.T.);
#3709 = VERTEX_POINT('',#3710);
#3710 = CARTESIAN_POINT('',(61.,15.,6.));
#3711 = LINE('',#3712,#3713);
#3712 = CARTESIAN_POINT('',(61.,3.,6.));
#3713 = VECTOR('',#3714,1.);
#3714 = DIRECTION('',(0.,1.,0.));
#3715 = ORIENTED_EDGE('',*,*,#3716,.T.);
#3716 = EDGE_CURVE('',#3709,#3717,#3719,.T.);
#3717 = VERTEX_POINT('',#3718);
#3718 = CARTESIAN_POINT('',(61.,15.,24.));
#3719 = LINE('',#3720,#3721);
#3720 = CARTESIAN_POINT('',(61.,15.,6.));
#3721 = VECTOR('',#3722,1.);
#3722 = DIRECTION('',(0.,0.,1.));
#3723 = ORIENTED_EDGE('',*,*,#3724,.F.);
#3724 = EDGE_CURVE('',#3701,#3717,#3725,.T.);
#3725 = LINE('',#3726,#3727);
#3726 = CARTESIAN_POINT('',(61.,3.,24.));
#3727 = VECTOR('',#3728,1.);
#3728 = DIRECTION('',(0.,1.,0.));
#3729 = PLANE('',#3730);
#3730 = AXIS2_PLACEMENT_3D('',#3731,#3732,#3733);
#3731 = CARTESIAN_POINT('',(61.,3.,6.));
#3732 = DIRECTION('',(1.,0.,0.));
#3733 = DIRECTION('',(0.,0.,1.));
#3734 = ADVANCED_FACE('',(#3735),#3769,.T.);
#3735 = FACE_BOUND('',#3736,.T.);
#3736 = EDGE_LOOP('',(#3737,#3747,#3755,#3763));
#3737 = ORIENTED_EDGE('',*,*,#3738,.F.);
#3738 = EDGE_CURVE('',#3739,#3741,#3743,.T.);
#3739 = VERTEX_POINT('',#3740);
#3740 = CARTESIAN_POINT('',(79.,3.,6.));
#3741 = VERTEX_POINT('',#3742);
#3742 = CARTESIAN_POINT('',(79.,3.,24.));
#3743 = LINE('',#3744,#3745);
#3744 = CARTESIAN_POINT('',(79.,3.,6.));
#3745 = VECTOR('',#3746,1.);
#3746 = DIRECTION('',(0.,0.,1.));
#3747 = ORIENTED_EDGE('',*,*,#3748,.T.);
#3748 = EDGE_CURVE('',#3739,#3749,#3751,.T.);
#3749 = VERTEX_POINT('',#3750);
#3750 = CARTESIAN_POINT('',(79.,15.,6.));
#3751 = LINE('',#3752,#3753);
#3752 = CARTESIAN_POINT('',(79.,3.,6.));
#3753 = VECTOR('',#3754,1.);
#3754 = DIRECTION('',(0.,1.,0.));
#3755 = ORIENTED_EDGE('',*,*,#3756,.T.);
#3756 = EDGE_CURVE('',#3749,#3757,#3759,.T.);
#3757 = VERTEX_POINT('',#3758);
#3758 = CARTESIAN_POINT('',(79.,15.,24.));
#3759 = LINE('',#3760,#3761);
#3760 = CARTESIAN_POINT('',(79.,15.,6.));
#3761 = VECTOR('',#3762,1.);
#3762 = DIRECTION('',(0.,0.,1.));
#3763 = ORIENTED_EDGE('',*,*,#3764,.F.);
#3764 = EDGE_CURVE('',#3741,#3757,#3765,.T.);
#3765 = LINE('',#3766,#3767);
#3766 = CARTESIAN_POINT('',(79.,3.,24.));
#3767 = VECTOR('',#3768,1.);
#3768 = DIRECTION('',(0.,1.,0.));
#3769 = PLANE('',#3770);
#3770 = AXIS2_PLACEMENT_3D('',#3771,#3772,#3773);
#3771 = CARTESIAN_POINT('',(79.,3.,6.));
#3772 = DIRECTION('',(1.,0.,0.));
#3773 = DIRECTION('',(0.,0.,1.));
#3774 = ADVANCED_FACE('',(#3775),#3791,.F.);
#3775 = FACE_BOUND('',#3776,.F.);
#3776 = EDGE_LOOP('',(#3777,#3783,#3784,#3790));
#3777 = ORIENTED_EDGE('',*,*,#3778,.F.);
#3778 = EDGE_CURVE('',#3699,#3739,#3779,.T.);
#3779 = LINE('',#3780,#3781);
#3780 = CARTESIAN_POINT('',(61.,3.,6.));
#3781 = VECTOR('',#3782,1.);
#3782 = DIRECTION('',(1.,0.,0.));
#3783 = ORIENTED_EDGE('',*,*,#3698,.T.);
#3784 = ORIENTED_EDGE('',*,*,#3785,.T.);
#3785 = EDGE_CURVE('',#3701,#3741,#3786,.T.);
#3786 = LINE('',#3787,#3788);
#3787 = CARTESIAN_POINT('',(61.,3.,24.));
#3788 = VECTOR('',#3789,1.);
#3789 = DIRECTION('',(1.,0.,0.));
#3790 = ORIENTED_EDGE('',*,*,#3738,.F.);
#3791 = PLANE('',#3792);
#3792 = AXIS2_PLACEMENT_3D('',#3793,#3794,#3795);
#3793 = CARTESIAN_POINT('',(61.,3.,6.));
#3794 = DIRECTION('',(0.,1.,0.));
#3795 = DIRECTION('',(0.,0.,1.));
#3796 = ADVANCED_FACE('',(#3797),#3813,.T.);
#3797 = FACE_BOUND('',#3798,.T.);
#3798 = EDGE_LOOP('',(#3799,#3805,#3806,#3812));
#3799 = ORIENTED_EDGE('',*,*,#3800,.F.);
#3800 = EDGE_CURVE('',#3709,#3749,#3801,.T.);
#3801 = LINE('',#3802,#3803);
#3802 = CARTESIAN_POINT('',(61.,15.,6.));
#3803 = VECTOR('',#3804,1.);
#3804 = DIRECTION('',(1.,0.,0.));
#3805 = ORIENTED_EDGE('',*,*,#3716,.T.);
#3806 = ORIENTED_EDGE('',*,*,#3807,.T.);
#3807 = EDGE_CURVE('',#3717,#3757,#3808,.T.);
#3808 = LINE('',#3809,#3810);
#3809 = CARTESIAN_POINT('',(61.,15.,24.));
#3810 = VECTOR('',#3811,1.);
#3811 = DIRECTION('',(1.,0.,0.));
#3812 = ORIENTED_EDGE('',*,*,#3756,.F.);
#3813 = PLANE('',#3814);
#3814 = AXIS2_PLACEMENT_3D('',#3815,#3816,#3817);
#3815 = CARTESIAN_POINT('',(61.,15.,6.));
#3816 = DIRECTION('',(0.,1.,0.));
#3817 = DIRECTION('',(0.,0.,1.));
#3818 = ADVANCED_FACE('',(#3819),#3825,.F.);
#3819 = FACE_BOUND('',#3820,.F.);
#3820 = EDGE_LOOP('',(#3821,#3822,#3823,#3824));
#3821 = ORIENTED_EDGE('',*,*,#3708,.F.);
#3822 = ORIENTED_EDGE('',*,*,#3778,.T.);
#3823 = ORIENTED_EDGE('',*,*,#3748,.T.);
#3824 = ORIENTED_EDGE('',*,*,#3800,.F.);
#3825 = PLANE('',#3826);
#3826 = AXIS2_PLACEMENT_3D('',#3827,#3828,#3829);
#3827 = CARTESIAN_POINT('',(61.,3.,6.));
#3828 = DIRECTION('',(0.,0.,1.));
#3829 = DIRECTION('',(1.,0.,0.));
#3830 = ADVANCED_FACE('',(#3831),#3837,.T.);
#3831 = FACE_BOUND('',#3832,.T.);
#3832 = EDGE_LOOP('',(#3833,#3834,#3835,#3836));
#3833 = ORIENTED_EDGE('',*,*,#3724,.F.);
#3834 = ORIENTED_EDGE('',*,*,#3785,.T.);
#3835 = ORIENTED_EDGE('',*,*,#3764,.T.);
#3836 = ORIENTED_EDGE('',*,*,#3807,.F.);
#3837 = PLANE('',#3838);
#3838 = AXIS2_PLACEMENT_3D('',#3839,#3840,#3841);
#3839 = CARTESIAN_POINT('',(61.,3.,24.));
#3840 = DIRECTION('',(0.,0.,1.));
#3841 = DIRECTION('',(1.,0.,0.));
#3842 = MANIFOLD_SOLID_BREP('',#3843);
#3843 = CLOSED_SHELL('',(#3844,#3884,#3917,#3950,#3983,#4016,#4033,#4050
    ,#4081,#4112,#4129,#4160,#4177,#4278,#4296,#4314,#4347,#4365,#4396,
    #4414,#4445,#4474,#4507,#4533,#4559,#4584,#4609,#4635,#4661,#4678,
    #4689,#4700,#4712,#4723,#4734,#4765,#4790,#4815,#4839,#4863,#4888,
    #4913,#4930,#4963,#4980,#4997,#5022,#5047,#5064,#5081,#5098));
#3844 = ADVANCED_FACE('',(#3845),#3879,.F.);
#3845 = FACE_BOUND('',#3846,.F.);
#3846 = EDGE_LOOP('',(#3847,#3857,#3865,#3873));
#3847 = ORIENTED_EDGE('',*,*,#3848,.F.);
#3848 = EDGE_CURVE('',#3849,#3851,#3853,.T.);
#3849 = VERTEX_POINT('',#3850);
#3850 = CARTESIAN_POINT('',(80.,24.7,-8.2));
#3851 = VERTEX_POINT('',#3852);
#3852 = CARTESIAN_POINT('',(80.,24.7,13.2));
#3853 = LINE('',#3854,#3855);
#3854 = CARTESIAN_POINT('',(80.,24.7,-8.9));
#3855 = VECTOR('',#3856,1.);
#3856 = DIRECTION('',(0.,0.,1.));
#3857 = ORIENTED_EDGE('',*,*,#3858,.T.);
#3858 = EDGE_CURVE('',#3849,#3859,#3861,.T.);
#3859 = VERTEX_POINT('',#3860);
#3860 = CARTESIAN_POINT('',(80.,49.3,-8.2));
#3861 = LINE('',#3862,#3863);
#3862 = CARTESIAN_POINT('',(80.,24.,-8.2));
#3863 = VECTOR('',#3864,1.);
#3864 = DIRECTION('',(0.,1.,0.));
#3865 = ORIENTED_EDGE('',*,*,#3866,.T.);
#3866 = EDGE_CURVE('',#3859,#3867,#3869,.T.);
#3867 = VERTEX_POINT('',#3868);
#3868 = CARTESIAN_POINT('',(80.,49.3,13.2));
#3869 = LINE('',#3870,#3871);
#3870 = CARTESIAN_POINT('',(80.,49.3,-8.9));
#3871 = VECTOR('',#3872,1.);
#3872 = DIRECTION('',(0.,0.,1.));
#3873 = ORIENTED_EDGE('',*,*,#3874,.F.);
#3874 = EDGE_CURVE('',#3851,#3867,#3875,.T.);
#3875 = LINE('',#3876,#3877);
#3876 = CARTESIAN_POINT('',(80.,24.,13.2));
#3877 = VECTOR('',#3878,1.);
#3878 = DIRECTION('',(0.,1.,0.));
#3879 = PLANE('',#3880);
#3880 = AXIS2_PLACEMENT_3D('',#3881,#3882,#3883);
#3881 = CARTESIAN_POINT('',(80.,24.,-8.9));
#3882 = DIRECTION('',(1.,0.,0.));
#3883 = DIRECTION('',(0.,0.,1.));
#3884 = ADVANCED_FACE('',(#3885),#3912,.T.);
#3885 = FACE_BOUND('',#3886,.T.);
#3886 = EDGE_LOOP('',(#3887,#3888,#3897,#3905));
#3887 = ORIENTED_EDGE('',*,*,#3848,.F.);
#3888 = ORIENTED_EDGE('',*,*,#3889,.T.);
#3889 = EDGE_CURVE('',#3849,#3890,#3892,.T.);
#3890 = VERTEX_POINT('',#3891);
#3891 = CARTESIAN_POINT('',(80.7,24.,-8.2));
#3892 = CIRCLE('',#3893,0.7);
#3893 = AXIS2_PLACEMENT_3D('',#3894,#3895,#3896);
#3894 = CARTESIAN_POINT('',(80.7,24.7,-8.2));
#3895 = DIRECTION('',(0.,0.,1.));
#3896 = DIRECTION('',(-1.,0.,0.));
#3897 = ORIENTED_EDGE('',*,*,#3898,.T.);
#3898 = EDGE_CURVE('',#3890,#3899,#3901,.T.);
#3899 = VERTEX_POINT('',#3900);
#3900 = CARTESIAN_POINT('',(80.7,24.,13.2));
#3901 = LINE('',#3902,#3903);
#3902 = CARTESIAN_POINT('',(80.7,24.,-8.9));
#3903 = VECTOR('',#3904,1.);
#3904 = DIRECTION('',(0.,0.,1.));
#3905 = ORIENTED_EDGE('',*,*,#3906,.F.);
#3906 = EDGE_CURVE('',#3851,#3899,#3907,.T.);
#3907 = CIRCLE('',#3908,0.7);
#3908 = AXIS2_PLACEMENT_3D('',#3909,#3910,#3911);
#3909 = CARTESIAN_POINT('',(80.7,24.7,13.2));
#3910 = DIRECTION('',(0.,0.,1.));
#3911 = DIRECTION('',(-1.,0.,0.));
#3912 = CYLINDRICAL_SURFACE('',#3913,0.7);
#3913 = AXIS2_PLACEMENT_3D('',#3914,#3915,#3916);
#3914 = CARTESIAN_POINT('',(80.7,24.7,-8.9));
#3915 = DIRECTION('',(0.,0.,1.));
#3916 = DIRECTION('',(-1.,0.,0.));
#3917 = ADVANCED_FACE('',(#3918),#3945,.T.);
#3918 = FACE_BOUND('',#3919,.F.);
#3919 = EDGE_LOOP('',(#3920,#3929,#3937,#3944));
#3920 = ORIENTED_EDGE('',*,*,#3921,.F.);
#3921 = EDGE_CURVE('',#3922,#3849,#3924,.T.);
#3922 = VERTEX_POINT('',#3923);
#3923 = CARTESIAN_POINT('',(80.7,24.7,-8.9));
#3924 = CIRCLE('',#3925,0.7);
#3925 = AXIS2_PLACEMENT_3D('',#3926,#3927,#3928);
#3926 = CARTESIAN_POINT('',(80.7,24.7,-8.2));
#3927 = DIRECTION('',(0.,1.,-0.));
#3928 = DIRECTION('',(-1.,0.,0.));
#3929 = ORIENTED_EDGE('',*,*,#3930,.T.);
#3930 = EDGE_CURVE('',#3922,#3931,#3933,.T.);
#3931 = VERTEX_POINT('',#3932);
#3932 = CARTESIAN_POINT('',(80.7,49.3,-8.9));
#3933 = LINE('',#3934,#3935);
#3934 = CARTESIAN_POINT('',(80.7,24.,-8.9));
#3935 = VECTOR('',#3936,1.);
#3936 = DIRECTION('',(0.,1.,0.));
#3937 = ORIENTED_EDGE('',*,*,#3938,.T.);
#3938 = EDGE_CURVE('',#3931,#3859,#3939,.T.);
#3939 = CIRCLE('',#3940,0.7);
#3940 = AXIS2_PLACEMENT_3D('',#3941,#3942,#3943);
#3941 = CARTESIAN_POINT('',(80.7,49.3,-8.2));
#3942 = DIRECTION('',(0.,1.,-0.));
#3943 = DIRECTION('',(-1.,0.,0.));
#3944 = ORIENTED_EDGE('',*,*,#3858,.F.);
#3945 = CYLINDRICAL_SURFACE('',#3946,0.7);
#3946 = AXIS2_PLACEMENT_3D('',#3947,#3948,#3949);
#3947 = CARTESIAN_POINT('',(80.7,24.,-8.2));
#3948 = DIRECTION('',(0.,1.,0.));
#3949 = DIRECTION('',(-1.,0.,0.));
#3950 = ADVANCED_FACE('',(#3951),#3978,.T.);
#3951 = FACE_BOUND('',#3952,.T.);
#3952 = EDGE_LOOP('',(#3953,#3962,#3970,#3977));
#3953 = ORIENTED_EDGE('',*,*,#3954,.F.);
#3954 = EDGE_CURVE('',#3955,#3851,#3957,.T.);
#3955 = VERTEX_POINT('',#3956);
#3956 = CARTESIAN_POINT('',(80.7,24.7,13.9));
#3957 = CIRCLE('',#3958,0.7);
#3958 = AXIS2_PLACEMENT_3D('',#3959,#3960,#3961);
#3959 = CARTESIAN_POINT('',(80.7,24.7,13.2));
#3960 = DIRECTION('',(0.,-1.,0.));
#3961 = DIRECTION('',(-1.,0.,0.));
#3962 = ORIENTED_EDGE('',*,*,#3963,.T.);
#3963 = EDGE_CURVE('',#3955,#3964,#3966,.T.);
#3964 = VERTEX_POINT('',#3965);
#3965 = CARTESIAN_POINT('',(80.7,49.3,13.9));
#3966 = LINE('',#3967,#3968);
#3967 = CARTESIAN_POINT('',(80.7,24.,13.9));
#3968 = VECTOR('',#3969,1.);
#3969 = DIRECTION('',(0.,1.,0.));
#3970 = ORIENTED_EDGE('',*,*,#3971,.F.);
#3971 = EDGE_CURVE('',#3867,#3964,#3972,.T.);
#3972 = CIRCLE('',#3973,0.7);
#3973 = AXIS2_PLACEMENT_3D('',#3974,#3975,#3976);
#3974 = CARTESIAN_POINT('',(80.7,49.3,13.2));
#3975 = DIRECTION('',(0.,1.,-0.));
#3976 = DIRECTION('',(-1.,0.,0.));
#3977 = ORIENTED_EDGE('',*,*,#3874,.F.);
#3978 = CYLINDRICAL_SURFACE('',#3979,0.7);
#3979 = AXIS2_PLACEMENT_3D('',#3980,#3981,#3982);
#3980 = CARTESIAN_POINT('',(80.7,24.,13.2));
#3981 = DIRECTION('',(0.,1.,0.));
#3982 = DIRECTION('',(-1.,0.,0.));
#3983 = ADVANCED_FACE('',(#3984),#4011,.T.);
#3984 = FACE_BOUND('',#3985,.F.);
#3985 = EDGE_LOOP('',(#3986,#3987,#3996,#4004));
#3986 = ORIENTED_EDGE('',*,*,#3866,.F.);
#3987 = ORIENTED_EDGE('',*,*,#3988,.T.);
#3988 = EDGE_CURVE('',#3859,#3989,#3991,.T.);
#3989 = VERTEX_POINT('',#3990);
#3990 = CARTESIAN_POINT('',(80.7,50.,-8.2));
#3991 = CIRCLE('',#3992,0.7);
#3992 = AXIS2_PLACEMENT_3D('',#3993,#3994,#3995);
#3993 = CARTESIAN_POINT('',(80.7,49.3,-8.2));
#3994 = DIRECTION('',(0.,0.,-1.));
#3995 = DIRECTION('',(-1.,0.,0.));
#3996 = ORIENTED_EDGE('',*,*,#3997,.T.);
#3997 = EDGE_CURVE('',#3989,#3998,#4000,.T.);
#3998 = VERTEX_POINT('',#3999);
#3999 = CARTESIAN_POINT('',(80.7,50.,13.2));
#4000 = LINE('',#4001,#4002);
#4001 = CARTESIAN_POINT('',(80.7,50.,-8.9));
#4002 = VECTOR('',#4003,1.);
#4003 = DIRECTION('',(0.,0.,1.));
#4004 = ORIENTED_EDGE('',*,*,#4005,.T.);
#4005 = EDGE_CURVE('',#3998,#3867,#4006,.T.);
#4006 = CIRCLE('',#4007,0.7);
#4007 = AXIS2_PLACEMENT_3D('',#4008,#4009,#4010);
#4008 = CARTESIAN_POINT('',(80.7,49.3,13.2));
#4009 = DIRECTION('',(0.,0.,1.));
#4010 = DIRECTION('',(-1.,0.,0.));
#4011 = CYLINDRICAL_SURFACE('',#4012,0.7);
#4012 = AXIS2_PLACEMENT_3D('',#4013,#4014,#4015);
#4013 = CARTESIAN_POINT('',(80.7,49.3,-8.9));
#4014 = DIRECTION('',(0.,0.,1.));
#4015 = DIRECTION('',(-1.,0.,0.));
#4016 = ADVANCED_FACE('',(#4017),#4028,.T.);
#4017 = FACE_BOUND('',#4018,.T.);
#4018 = EDGE_LOOP('',(#4019,#4020,#4027));
#4019 = ORIENTED_EDGE('',*,*,#3921,.F.);
#4020 = ORIENTED_EDGE('',*,*,#4021,.T.);
#4021 = EDGE_CURVE('',#3922,#3890,#4022,.T.);
#4022 = CIRCLE('',#4023,0.7);
#4023 = AXIS2_PLACEMENT_3D('',#4024,#4025,#4026);
#4024 = CARTESIAN_POINT('',(80.7,24.7,-8.2));
#4025 = DIRECTION('',(-1.,6.123233995737E-17,0.));
#4026 = DIRECTION('',(-6.123233995737E-17,-1.,0.));
#4027 = ORIENTED_EDGE('',*,*,#3889,.F.);
#4028 = SPHERICAL_SURFACE('',#4029,0.7);
#4029 = AXIS2_PLACEMENT_3D('',#4030,#4031,#4032);
#4030 = CARTESIAN_POINT('',(80.7,24.7,-8.2));
#4031 = DIRECTION('',(0.,0.,1.));
#4032 = DIRECTION('',(-1.,0.,0.));
#4033 = ADVANCED_FACE('',(#4034),#4045,.T.);
#4034 = FACE_BOUND('',#4035,.F.);
#4035 = EDGE_LOOP('',(#4036,#4037,#4044));
#4036 = ORIENTED_EDGE('',*,*,#3954,.F.);
#4037 = ORIENTED_EDGE('',*,*,#4038,.T.);
#4038 = EDGE_CURVE('',#3955,#3899,#4039,.T.);
#4039 = CIRCLE('',#4040,0.7);
#4040 = AXIS2_PLACEMENT_3D('',#4041,#4042,#4043);
#4041 = CARTESIAN_POINT('',(80.7,24.7,13.2));
#4042 = DIRECTION('',(1.,-6.123233995737E-17,0.));
#4043 = DIRECTION('',(-6.123233995737E-17,-1.,0.));
#4044 = ORIENTED_EDGE('',*,*,#3906,.F.);
#4045 = SPHERICAL_SURFACE('',#4046,0.7);
#4046 = AXIS2_PLACEMENT_3D('',#4047,#4048,#4049);
#4047 = CARTESIAN_POINT('',(80.7,24.7,13.2));
#4048 = DIRECTION('',(-0.,-0.,-1.));
#4049 = DIRECTION('',(-1.,0.,0.));
#4050 = ADVANCED_FACE('',(#4051),#4076,.F.);
#4051 = FACE_BOUND('',#4052,.F.);
#4052 = EDGE_LOOP('',(#4053,#4054,#4062,#4070));
#4053 = ORIENTED_EDGE('',*,*,#3898,.T.);
#4054 = ORIENTED_EDGE('',*,*,#4055,.T.);
#4055 = EDGE_CURVE('',#3899,#4056,#4058,.T.);
#4056 = VERTEX_POINT('',#4057);
#4057 = CARTESIAN_POINT('',(96.3,24.,13.2));
#4058 = LINE('',#4059,#4060);
#4059 = CARTESIAN_POINT('',(80.,24.,13.2));
#4060 = VECTOR('',#4061,1.);
#4061 = DIRECTION('',(1.,0.,0.));
#4062 = ORIENTED_EDGE('',*,*,#4063,.F.);
#4063 = EDGE_CURVE('',#4064,#4056,#4066,.T.);
#4064 = VERTEX_POINT('',#4065);
#4065 = CARTESIAN_POINT('',(96.3,24.,-8.2));
#4066 = LINE('',#4067,#4068);
#4067 = CARTESIAN_POINT('',(96.3,24.,-8.9));
#4068 = VECTOR('',#4069,1.);
#4069 = DIRECTION('',(0.,0.,1.));
#4070 = ORIENTED_EDGE('',*,*,#4071,.F.);
#4071 = EDGE_CURVE('',#3890,#4064,#4072,.T.);
#4072 = LINE('',#4073,#4074);
#4073 = CARTESIAN_POINT('',(80.,24.,-8.2));
#4074 = VECTOR('',#4075,1.);
#4075 = DIRECTION('',(1.,0.,0.));
#4076 = PLANE('',#4077);
#4077 = AXIS2_PLACEMENT_3D('',#4078,#4079,#4080);
#4078 = CARTESIAN_POINT('',(80.,24.,-8.9));
#4079 = DIRECTION('',(0.,1.,0.));
#4080 = DIRECTION('',(0.,0.,1.));
#4081 = ADVANCED_FACE('',(#4082),#4107,.F.);
#4082 = FACE_BOUND('',#4083,.F.);
#4083 = EDGE_LOOP('',(#4084,#4085,#4093,#4101));
#4084 = ORIENTED_EDGE('',*,*,#3930,.F.);
#4085 = ORIENTED_EDGE('',*,*,#4086,.T.);
#4086 = EDGE_CURVE('',#3922,#4087,#4089,.T.);
#4087 = VERTEX_POINT('',#4088);
#4088 = CARTESIAN_POINT('',(96.3,24.7,-8.9));
#4089 = LINE('',#4090,#4091);
#4090 = CARTESIAN_POINT('',(80.,24.7,-8.9));
#4091 = VECTOR('',#4092,1.);
#4092 = DIRECTION('',(1.,0.,0.));
#4093 = ORIENTED_EDGE('',*,*,#4094,.T.);
#4094 = EDGE_CURVE('',#4087,#4095,#4097,.T.);
#4095 = VERTEX_POINT('',#4096);
#4096 = CARTESIAN_POINT('',(96.3,49.3,-8.9));
#4097 = LINE('',#4098,#4099);
#4098 = CARTESIAN_POINT('',(96.3,24.,-8.9));
#4099 = VECTOR('',#4100,1.);
#4100 = DIRECTION('',(0.,1.,0.));
#4101 = ORIENTED_EDGE('',*,*,#4102,.F.);
#4102 = EDGE_CURVE('',#3931,#4095,#4103,.T.);
#4103 = LINE('',#4104,#4105);
#4104 = CARTESIAN_POINT('',(80.,49.3,-8.9));
#4105 = VECTOR('',#4106,1.);
#4106 = DIRECTION('',(1.,0.,0.));
#4107 = PLANE('',#4108);
#4108 = AXIS2_PLACEMENT_3D('',#4109,#4110,#4111);
#4109 = CARTESIAN_POINT('',(80.,24.,-8.9));
#4110 = DIRECTION('',(0.,0.,1.));
#4111 = DIRECTION('',(1.,0.,0.));
#4112 = ADVANCED_FACE('',(#4113),#4124,.T.);
#4113 = FACE_BOUND('',#4114,.F.);
#4114 = EDGE_LOOP('',(#4115,#4116,#4123));
#4115 = ORIENTED_EDGE('',*,*,#3938,.F.);
#4116 = ORIENTED_EDGE('',*,*,#4117,.T.);
#4117 = EDGE_CURVE('',#3931,#3989,#4118,.T.);
#4118 = CIRCLE('',#4119,0.7);
#4119 = AXIS2_PLACEMENT_3D('',#4120,#4121,#4122);
#4120 = CARTESIAN_POINT('',(80.7,49.3,-8.2));
#4121 = DIRECTION('',(1.,6.123233995737E-17,-0.));
#4122 = DIRECTION('',(-6.123233995737E-17,1.,0.));
#4123 = ORIENTED_EDGE('',*,*,#3988,.F.);
#4124 = SPHERICAL_SURFACE('',#4125,0.7);
#4125 = AXIS2_PLACEMENT_3D('',#4126,#4127,#4128);
#4126 = CARTESIAN_POINT('',(80.7,49.3,-8.2));
#4127 = DIRECTION('',(0.,0.,1.));
#4128 = DIRECTION('',(-1.,0.,0.));
#4129 = ADVANCED_FACE('',(#4130),#4155,.T.);
#4130 = FACE_BOUND('',#4131,.T.);
#4131 = EDGE_LOOP('',(#4132,#4133,#4141,#4149));
#4132 = ORIENTED_EDGE('',*,*,#3963,.F.);
#4133 = ORIENTED_EDGE('',*,*,#4134,.T.);
#4134 = EDGE_CURVE('',#3955,#4135,#4137,.T.);
#4135 = VERTEX_POINT('',#4136);
#4136 = CARTESIAN_POINT('',(96.3,24.7,13.9));
#4137 = LINE('',#4138,#4139);
#4138 = CARTESIAN_POINT('',(80.,24.7,13.9));
#4139 = VECTOR('',#4140,1.);
#4140 = DIRECTION('',(1.,0.,0.));
#4141 = ORIENTED_EDGE('',*,*,#4142,.T.);
#4142 = EDGE_CURVE('',#4135,#4143,#4145,.T.);
#4143 = VERTEX_POINT('',#4144);
#4144 = CARTESIAN_POINT('',(96.3,49.3,13.9));
#4145 = LINE('',#4146,#4147);
#4146 = CARTESIAN_POINT('',(96.3,24.,13.9));
#4147 = VECTOR('',#4148,1.);
#4148 = DIRECTION('',(0.,1.,0.));
#4149 = ORIENTED_EDGE('',*,*,#4150,.F.);
#4150 = EDGE_CURVE('',#3964,#4143,#4151,.T.);
#4151 = LINE('',#4152,#4153);
#4152 = CARTESIAN_POINT('',(80.,49.3,13.9));
#4153 = VECTOR('',#4154,1.);
#4154 = DIRECTION('',(1.,0.,0.));
#4155 = PLANE('',#4156);
#4156 = AXIS2_PLACEMENT_3D('',#4157,#4158,#4159);
#4157 = CARTESIAN_POINT('',(80.,24.,13.9));
#4158 = DIRECTION('',(0.,0.,1.));
#4159 = DIRECTION('',(1.,0.,0.));
#4160 = ADVANCED_FACE('',(#4161),#4172,.T.);
#4161 = FACE_BOUND('',#4162,.F.);
#4162 = EDGE_LOOP('',(#4163,#4164,#4171));
#4163 = ORIENTED_EDGE('',*,*,#4005,.F.);
#4164 = ORIENTED_EDGE('',*,*,#4165,.T.);
#4165 = EDGE_CURVE('',#3998,#3964,#4166,.T.);
#4166 = CIRCLE('',#4167,0.7);
#4167 = AXIS2_PLACEMENT_3D('',#4168,#4169,#4170);
#4168 = CARTESIAN_POINT('',(80.7,49.3,13.2));
#4169 = DIRECTION('',(1.,0.,6.123233995737E-17));
#4170 = DIRECTION('',(-6.123233995737E-17,0.,1.));
#4171 = ORIENTED_EDGE('',*,*,#3971,.F.);
#4172 = SPHERICAL_SURFACE('',#4173,0.7);
#4173 = AXIS2_PLACEMENT_3D('',#4174,#4175,#4176);
#4174 = CARTESIAN_POINT('',(80.7,49.3,13.2));
#4175 = DIRECTION('',(-0.,-1.,-0.));
#4176 = DIRECTION('',(-1.,0.,0.));
#4177 = ADVANCED_FACE('',(#4178,#4203),#4273,.T.);
#4178 = FACE_BOUND('',#4179,.T.);
#4179 = EDGE_LOOP('',(#4180,#4181,#4189,#4197));
#4180 = ORIENTED_EDGE('',*,*,#3997,.T.);
#4181 = ORIENTED_EDGE('',*,*,#4182,.T.);
#4182 = EDGE_CURVE('',#3998,#4183,#4185,.T.);
#4183 = VERTEX_POINT('',#4184);
#4184 = CARTESIAN_POINT('',(96.3,50.,13.2));
#4185 = LINE('',#4186,#4187);
#4186 = CARTESIAN_POINT('',(80.,50.,13.2));
#4187 = VECTOR('',#4188,1.);
#4188 = DIRECTION('',(1.,0.,0.));
#4189 = ORIENTED_EDGE('',*,*,#4190,.F.);
#4190 = EDGE_CURVE('',#4191,#4183,#4193,.T.);
#4191 = VERTEX_POINT('',#4192);
#4192 = CARTESIAN_POINT('',(96.3,50.,-8.2));
#4193 = LINE('',#4194,#4195);
#4194 = CARTESIAN_POINT('',(96.3,50.,-8.9));
#4195 = VECTOR('',#4196,1.);
#4196 = DIRECTION('',(0.,0.,1.));
#4197 = ORIENTED_EDGE('',*,*,#4198,.F.);
#4198 = EDGE_CURVE('',#3989,#4191,#4199,.T.);
#4199 = LINE('',#4200,#4201);
#4200 = CARTESIAN_POINT('',(80.,50.,-8.2));
#4201 = VECTOR('',#4202,1.);
#4202 = DIRECTION('',(1.,0.,0.));
#4203 = FACE_BOUND('',#4204,.T.);
#4204 = EDGE_LOOP('',(#4205,#4215,#4224,#4232,#4241,#4249,#4258,#4266));
#4205 = ORIENTED_EDGE('',*,*,#4206,.F.);
#4206 = EDGE_CURVE('',#4207,#4209,#4211,.T.);
#4207 = VERTEX_POINT('',#4208);
#4208 = CARTESIAN_POINT('',(81.1,50.,-6.4));
#4209 = VERTEX_POINT('',#4210);
#4210 = CARTESIAN_POINT('',(81.1,50.,11.4));
#4211 = LINE('',#4212,#4213);
#4212 = CARTESIAN_POINT('',(81.1,50.,-7.1));
#4213 = VECTOR('',#4214,1.);
#4214 = DIRECTION('',(0.,0.,1.));
#4215 = ORIENTED_EDGE('',*,*,#4216,.T.);
#4216 = EDGE_CURVE('',#4207,#4217,#4219,.T.);
#4217 = VERTEX_POINT('',#4218);
#4218 = CARTESIAN_POINT('',(82.5,50.,-7.8));
#4219 = CIRCLE('',#4220,1.4);
#4220 = AXIS2_PLACEMENT_3D('',#4221,#4222,#4223);
#4221 = CARTESIAN_POINT('',(82.5,50.,-6.4));
#4222 = DIRECTION('',(-0.,-1.,-0.));
#4223 = DIRECTION('',(-1.,0.,0.));
#4224 = ORIENTED_EDGE('',*,*,#4225,.T.);
#4225 = EDGE_CURVE('',#4217,#4226,#4228,.T.);
#4226 = VERTEX_POINT('',#4227);
#4227 = CARTESIAN_POINT('',(94.5,50.,-7.8));
#4228 = LINE('',#4229,#4230);
#4229 = CARTESIAN_POINT('',(81.8,50.,-7.8));
#4230 = VECTOR('',#4231,1.);
#4231 = DIRECTION('',(1.,0.,0.));
#4232 = ORIENTED_EDGE('',*,*,#4233,.F.);
#4233 = EDGE_CURVE('',#4234,#4226,#4236,.T.);
#4234 = VERTEX_POINT('',#4235);
#4235 = CARTESIAN_POINT('',(95.9,50.,-6.4));
#4236 = CIRCLE('',#4237,1.4);
#4237 = AXIS2_PLACEMENT_3D('',#4238,#4239,#4240);
#4238 = CARTESIAN_POINT('',(94.5,50.,-6.4));
#4239 = DIRECTION('',(-0.,1.,0.));
#4240 = DIRECTION('',(1.,0.,0.));
#4241 = ORIENTED_EDGE('',*,*,#4242,.T.);
#4242 = EDGE_CURVE('',#4234,#4243,#4245,.T.);
#4243 = VERTEX_POINT('',#4244);
#4244 = CARTESIAN_POINT('',(95.9,50.,11.4));
#4245 = LINE('',#4246,#4247);
#4246 = CARTESIAN_POINT('',(95.9,50.,-7.1));
#4247 = VECTOR('',#4248,1.);
#4248 = DIRECTION('',(0.,0.,1.));
#4249 = ORIENTED_EDGE('',*,*,#4250,.F.);
#4250 = EDGE_CURVE('',#4251,#4243,#4253,.T.);
#4251 = VERTEX_POINT('',#4252);
#4252 = CARTESIAN_POINT('',(94.5,50.,12.8));
#4253 = CIRCLE('',#4254,1.4);
#4254 = AXIS2_PLACEMENT_3D('',#4255,#4256,#4257);
#4255 = CARTESIAN_POINT('',(94.5,50.,11.4));
#4256 = DIRECTION('',(0.,1.,0.));
#4257 = DIRECTION('',(0.,0.,1.));
#4258 = ORIENTED_EDGE('',*,*,#4259,.F.);
#4259 = EDGE_CURVE('',#4260,#4251,#4262,.T.);
#4260 = VERTEX_POINT('',#4261);
#4261 = CARTESIAN_POINT('',(82.5,50.,12.8));
#4262 = LINE('',#4263,#4264);
#4263 = CARTESIAN_POINT('',(81.8,50.,12.8));
#4264 = VECTOR('',#4265,1.);
#4265 = DIRECTION('',(1.,0.,0.));
#4266 = ORIENTED_EDGE('',*,*,#4267,.F.);
#4267 = EDGE_CURVE('',#4209,#4260,#4268,.T.);
#4268 = CIRCLE('',#4269,1.4);
#4269 = AXIS2_PLACEMENT_3D('',#4270,#4271,#4272);
#4270 = CARTESIAN_POINT('',(82.5,50.,11.4));
#4271 = DIRECTION('',(0.,1.,-0.));
#4272 = DIRECTION('',(-1.,0.,0.));
#4273 = PLANE('',#4274);
#4274 = AXIS2_PLACEMENT_3D('',#4275,#4276,#4277);
#4275 = CARTESIAN_POINT('',(80.,50.,-8.9));
#4276 = DIRECTION('',(0.,1.,0.));
#4277 = DIRECTION('',(0.,0.,1.));
#4278 = ADVANCED_FACE('',(#4279),#4291,.T.);
#4279 = FACE_BOUND('',#4280,.T.);
#4280 = EDGE_LOOP('',(#4281,#4282,#4283,#4290));
#4281 = ORIENTED_EDGE('',*,*,#4021,.F.);
#4282 = ORIENTED_EDGE('',*,*,#4086,.T.);
#4283 = ORIENTED_EDGE('',*,*,#4284,.F.);
#4284 = EDGE_CURVE('',#4064,#4087,#4285,.T.);
#4285 = CIRCLE('',#4286,0.7);
#4286 = AXIS2_PLACEMENT_3D('',#4287,#4288,#4289);
#4287 = CARTESIAN_POINT('',(96.3,24.7,-8.2));
#4288 = DIRECTION('',(1.,0.,0.));
#4289 = DIRECTION('',(0.,-1.,0.));
#4290 = ORIENTED_EDGE('',*,*,#4071,.F.);
#4291 = CYLINDRICAL_SURFACE('',#4292,0.7);
#4292 = AXIS2_PLACEMENT_3D('',#4293,#4294,#4295);
#4293 = CARTESIAN_POINT('',(80.,24.7,-8.2));
#4294 = DIRECTION('',(1.,0.,0.));
#4295 = DIRECTION('',(0.,-1.,0.));
#4296 = ADVANCED_FACE('',(#4297),#4309,.T.);
#4297 = FACE_BOUND('',#4298,.F.);
#4298 = EDGE_LOOP('',(#4299,#4300,#4301,#4308));
#4299 = ORIENTED_EDGE('',*,*,#4038,.F.);
#4300 = ORIENTED_EDGE('',*,*,#4134,.T.);
#4301 = ORIENTED_EDGE('',*,*,#4302,.T.);
#4302 = EDGE_CURVE('',#4135,#4056,#4303,.T.);
#4303 = CIRCLE('',#4304,0.7);
#4304 = AXIS2_PLACEMENT_3D('',#4305,#4306,#4307);
#4305 = CARTESIAN_POINT('',(96.3,24.7,13.2));
#4306 = DIRECTION('',(1.,0.,0.));
#4307 = DIRECTION('',(0.,-1.,0.));
#4308 = ORIENTED_EDGE('',*,*,#4055,.F.);
#4309 = CYLINDRICAL_SURFACE('',#4310,0.7);
#4310 = AXIS2_PLACEMENT_3D('',#4311,#4312,#4313);
#4311 = CARTESIAN_POINT('',(80.,24.7,13.2));
#4312 = DIRECTION('',(1.,0.,0.));
#4313 = DIRECTION('',(0.,-1.,0.));
#4314 = ADVANCED_FACE('',(#4315),#4342,.T.);
#4315 = FACE_BOUND('',#4316,.T.);
#4316 = EDGE_LOOP('',(#4317,#4326,#4334,#4341));
#4317 = ORIENTED_EDGE('',*,*,#4318,.F.);
#4318 = EDGE_CURVE('',#4319,#4064,#4321,.T.);
#4319 = VERTEX_POINT('',#4320);
#4320 = CARTESIAN_POINT('',(97.,24.7,-8.2));
#4321 = CIRCLE('',#4322,0.7);
#4322 = AXIS2_PLACEMENT_3D('',#4323,#4324,#4325);
#4323 = CARTESIAN_POINT('',(96.3,24.7,-8.2));
#4324 = DIRECTION('',(-0.,-0.,-1.));
#4325 = DIRECTION('',(0.,-1.,0.));
#4326 = ORIENTED_EDGE('',*,*,#4327,.T.);
#4327 = EDGE_CURVE('',#4319,#4328,#4330,.T.);
#4328 = VERTEX_POINT('',#4329);
#4329 = CARTESIAN_POINT('',(97.,24.7,13.2));
#4330 = LINE('',#4331,#4332);
#4331 = CARTESIAN_POINT('',(97.,24.7,-8.9));
#4332 = VECTOR('',#4333,1.);
#4333 = DIRECTION('',(0.,0.,1.));
#4334 = ORIENTED_EDGE('',*,*,#4335,.F.);
#4335 = EDGE_CURVE('',#4056,#4328,#4336,.T.);
#4336 = CIRCLE('',#4337,0.7);
#4337 = AXIS2_PLACEMENT_3D('',#4338,#4339,#4340);
#4338 = CARTESIAN_POINT('',(96.3,24.7,13.2));
#4339 = DIRECTION('',(-0.,0.,1.));
#4340 = DIRECTION('',(0.,-1.,0.));
#4341 = ORIENTED_EDGE('',*,*,#4063,.F.);
#4342 = CYLINDRICAL_SURFACE('',#4343,0.7);
#4343 = AXIS2_PLACEMENT_3D('',#4344,#4345,#4346);
#4344 = CARTESIAN_POINT('',(96.3,24.7,-8.9));
#4345 = DIRECTION('',(0.,0.,1.));
#4346 = DIRECTION('',(0.,-1.,0.));
#4347 = ADVANCED_FACE('',(#4348),#4360,.T.);
#4348 = FACE_BOUND('',#4349,.F.);
#4349 = EDGE_LOOP('',(#4350,#4351,#4352,#4359));
#4350 = ORIENTED_EDGE('',*,*,#4117,.F.);
#4351 = ORIENTED_EDGE('',*,*,#4102,.T.);
#4352 = ORIENTED_EDGE('',*,*,#4353,.F.);
#4353 = EDGE_CURVE('',#4191,#4095,#4354,.T.);
#4354 = CIRCLE('',#4355,0.7);
#4355 = AXIS2_PLACEMENT_3D('',#4356,#4357,#4358);
#4356 = CARTESIAN_POINT('',(96.3,49.3,-8.2));
#4357 = DIRECTION('',(-1.,0.,0.));
#4358 = DIRECTION('',(0.,1.,0.));
#4359 = ORIENTED_EDGE('',*,*,#4198,.F.);
#4360 = CYLINDRICAL_SURFACE('',#4361,0.7);
#4361 = AXIS2_PLACEMENT_3D('',#4362,#4363,#4364);
#4362 = CARTESIAN_POINT('',(80.,49.3,-8.2));
#4363 = DIRECTION('',(1.,0.,0.));
#4364 = DIRECTION('',(0.,1.,0.));
#4365 = ADVANCED_FACE('',(#4366),#4391,.T.);
#4366 = FACE_BOUND('',#4367,.F.);
#4367 = EDGE_LOOP('',(#4368,#4375,#4383,#4390));
#4368 = ORIENTED_EDGE('',*,*,#4369,.F.);
#4369 = EDGE_CURVE('',#4319,#4087,#4370,.T.);
#4370 = CIRCLE('',#4371,0.7);
#4371 = AXIS2_PLACEMENT_3D('',#4372,#4373,#4374);
#4372 = CARTESIAN_POINT('',(96.3,24.7,-8.2));
#4373 = DIRECTION('',(0.,1.,-6.123233995737E-17));
#4374 = DIRECTION('',(0.,-6.123233995737E-17,-1.));
#4375 = ORIENTED_EDGE('',*,*,#4376,.T.);
#4376 = EDGE_CURVE('',#4319,#4377,#4379,.T.);
#4377 = VERTEX_POINT('',#4378);
#4378 = CARTESIAN_POINT('',(97.,49.3,-8.2));
#4379 = LINE('',#4380,#4381);
#4380 = CARTESIAN_POINT('',(97.,24.,-8.2));
#4381 = VECTOR('',#4382,1.);
#4382 = DIRECTION('',(0.,1.,0.));
#4383 = ORIENTED_EDGE('',*,*,#4384,.T.);
#4384 = EDGE_CURVE('',#4377,#4095,#4385,.T.);
#4385 = CIRCLE('',#4386,0.7);
#4386 = AXIS2_PLACEMENT_3D('',#4387,#4388,#4389);
#4387 = CARTESIAN_POINT('',(96.3,49.3,-8.2));
#4388 = DIRECTION('',(0.,1.,6.123233995737E-17));
#4389 = DIRECTION('',(0.,6.123233995737E-17,-1.));
#4390 = ORIENTED_EDGE('',*,*,#4094,.F.);
#4391 = CYLINDRICAL_SURFACE('',#4392,0.7);
#4392 = AXIS2_PLACEMENT_3D('',#4393,#4394,#4395);
#4393 = CARTESIAN_POINT('',(96.3,24.,-8.2));
#4394 = DIRECTION('',(0.,1.,0.));
#4395 = DIRECTION('',(0.,0.,-1.));
#4396 = ADVANCED_FACE('',(#4397),#4409,.T.);
#4397 = FACE_BOUND('',#4398,.F.);
#4398 = EDGE_LOOP('',(#4399,#4400,#4401,#4408));
#4399 = ORIENTED_EDGE('',*,*,#4165,.F.);
#4400 = ORIENTED_EDGE('',*,*,#4182,.T.);
#4401 = ORIENTED_EDGE('',*,*,#4402,.F.);
#4402 = EDGE_CURVE('',#4143,#4183,#4403,.T.);
#4403 = CIRCLE('',#4404,0.7);
#4404 = AXIS2_PLACEMENT_3D('',#4405,#4406,#4407);
#4405 = CARTESIAN_POINT('',(96.3,49.3,13.2));
#4406 = DIRECTION('',(-1.,0.,0.));
#4407 = DIRECTION('',(0.,0.,1.));
#4408 = ORIENTED_EDGE('',*,*,#4150,.F.);
#4409 = CYLINDRICAL_SURFACE('',#4410,0.7);
#4410 = AXIS2_PLACEMENT_3D('',#4411,#4412,#4413);
#4411 = CARTESIAN_POINT('',(80.,49.3,13.2));
#4412 = DIRECTION('',(1.,0.,0.));
#4413 = DIRECTION('',(0.,0.,1.));
#4414 = ADVANCED_FACE('',(#4415),#4440,.T.);
#4415 = FACE_BOUND('',#4416,.T.);
#4416 = EDGE_LOOP('',(#4417,#4424,#4432,#4439));
#4417 = ORIENTED_EDGE('',*,*,#4418,.T.);
#4418 = EDGE_CURVE('',#4135,#4328,#4419,.T.);
#4419 = CIRCLE('',#4420,0.7);
#4420 = AXIS2_PLACEMENT_3D('',#4421,#4422,#4423);
#4421 = CARTESIAN_POINT('',(96.3,24.7,13.2));
#4422 = DIRECTION('',(6.123233995737E-17,1.,0.));
#4423 = DIRECTION('',(1.,-6.123233995737E-17,0.));
#4424 = ORIENTED_EDGE('',*,*,#4425,.T.);
#4425 = EDGE_CURVE('',#4328,#4426,#4428,.T.);
#4426 = VERTEX_POINT('',#4427);
#4427 = CARTESIAN_POINT('',(97.,49.3,13.2));
#4428 = LINE('',#4429,#4430);
#4429 = CARTESIAN_POINT('',(97.,24.,13.2));
#4430 = VECTOR('',#4431,1.);
#4431 = DIRECTION('',(0.,1.,0.));
#4432 = ORIENTED_EDGE('',*,*,#4433,.T.);
#4433 = EDGE_CURVE('',#4426,#4143,#4434,.T.);
#4434 = CIRCLE('',#4435,0.7);
#4435 = AXIS2_PLACEMENT_3D('',#4436,#4437,#4438);
#4436 = CARTESIAN_POINT('',(96.3,49.3,13.2));
#4437 = DIRECTION('',(0.,-1.,0.));
#4438 = DIRECTION('',(0.,0.,1.));
#4439 = ORIENTED_EDGE('',*,*,#4142,.F.);
#4440 = CYLINDRICAL_SURFACE('',#4441,0.7);
#4441 = AXIS2_PLACEMENT_3D('',#4442,#4443,#4444);
#4442 = CARTESIAN_POINT('',(96.3,24.,13.2));
#4443 = DIRECTION('',(0.,1.,0.));
#4444 = DIRECTION('',(0.,0.,1.));
#4445 = ADVANCED_FACE('',(#4446),#4469,.T.);
#4446 = FACE_BOUND('',#4447,.F.);
#4447 = EDGE_LOOP('',(#4448,#4455,#4461,#4468));
#4448 = ORIENTED_EDGE('',*,*,#4449,.F.);
#4449 = EDGE_CURVE('',#4377,#4191,#4450,.T.);
#4450 = CIRCLE('',#4451,0.7);
#4451 = AXIS2_PLACEMENT_3D('',#4452,#4453,#4454);
#4452 = CARTESIAN_POINT('',(96.3,49.3,-8.2));
#4453 = DIRECTION('',(0.,-0.,1.));
#4454 = DIRECTION('',(0.,1.,0.));
#4455 = ORIENTED_EDGE('',*,*,#4456,.T.);
#4456 = EDGE_CURVE('',#4377,#4426,#4457,.T.);
#4457 = LINE('',#4458,#4459);
#4458 = CARTESIAN_POINT('',(97.,49.3,-8.9));
#4459 = VECTOR('',#4460,1.);
#4460 = DIRECTION('',(0.,0.,1.));
#4461 = ORIENTED_EDGE('',*,*,#4462,.T.);
#4462 = EDGE_CURVE('',#4426,#4183,#4463,.T.);
#4463 = CIRCLE('',#4464,0.7);
#4464 = AXIS2_PLACEMENT_3D('',#4465,#4466,#4467);
#4465 = CARTESIAN_POINT('',(96.3,49.3,13.2));
#4466 = DIRECTION('',(0.,-6.123233995737E-17,1.));
#4467 = DIRECTION('',(0.,1.,6.123233995737E-17));
#4468 = ORIENTED_EDGE('',*,*,#4190,.F.);
#4469 = CYLINDRICAL_SURFACE('',#4470,0.7);
#4470 = AXIS2_PLACEMENT_3D('',#4471,#4472,#4473);
#4471 = CARTESIAN_POINT('',(96.3,49.3,-8.9));
#4472 = DIRECTION('',(0.,0.,1.));
#4473 = DIRECTION('',(0.,1.,0.));
#4474 = ADVANCED_FACE('',(#4475),#4502,.T.);
#4475 = FACE_BOUND('',#4476,.F.);
#4476 = EDGE_LOOP('',(#4477,#4486,#4494,#4501));
#4477 = ORIENTED_EDGE('',*,*,#4478,.T.);
#4478 = EDGE_CURVE('',#4207,#4479,#4481,.T.);
#4479 = VERTEX_POINT('',#4480);
#4480 = CARTESIAN_POINT('',(81.8,49.3,-6.4));
#4481 = CIRCLE('',#4482,0.7);
#4482 = AXIS2_PLACEMENT_3D('',#4483,#4484,#4485);
#4483 = CARTESIAN_POINT('',(81.1,49.3,-6.4));
#4484 = DIRECTION('',(0.,0.,-1.));
#4485 = DIRECTION('',(-1.,0.,0.));
#4486 = ORIENTED_EDGE('',*,*,#4487,.T.);
#4487 = EDGE_CURVE('',#4479,#4488,#4490,.T.);
#4488 = VERTEX_POINT('',#4489);
#4489 = CARTESIAN_POINT('',(81.8,49.3,11.4));
#4490 = LINE('',#4491,#4492);
#4491 = CARTESIAN_POINT('',(81.8,49.3,-7.1));
#4492 = VECTOR('',#4493,1.);
#4493 = DIRECTION('',(0.,0.,1.));
#4494 = ORIENTED_EDGE('',*,*,#4495,.F.);
#4495 = EDGE_CURVE('',#4209,#4488,#4496,.T.);
#4496 = CIRCLE('',#4497,0.7);
#4497 = AXIS2_PLACEMENT_3D('',#4498,#4499,#4500);
#4498 = CARTESIAN_POINT('',(81.1,49.3,11.4));
#4499 = DIRECTION('',(0.,0.,-1.));
#4500 = DIRECTION('',(-1.,0.,0.));
#4501 = ORIENTED_EDGE('',*,*,#4206,.F.);
#4502 = CYLINDRICAL_SURFACE('',#4503,0.7);
#4503 = AXIS2_PLACEMENT_3D('',#4504,#4505,#4506);
#4504 = CARTESIAN_POINT('',(81.1,49.3,-7.1));
#4505 = DIRECTION('',(0.,0.,1.));
#4506 = DIRECTION('',(0.,1.,0.));
#4507 = ADVANCED_FACE('',(#4508),#4528,.T.);
#4508 = FACE_BOUND('',#4509,.F.);
#4509 = EDGE_LOOP('',(#4510,#4511,#4512,#4521));
#4510 = ORIENTED_EDGE('',*,*,#4478,.F.);
#4511 = ORIENTED_EDGE('',*,*,#4216,.T.);
#4512 = ORIENTED_EDGE('',*,*,#4513,.T.);
#4513 = EDGE_CURVE('',#4217,#4514,#4516,.T.);
#4514 = VERTEX_POINT('',#4515);
#4515 = CARTESIAN_POINT('',(82.5,49.3,-7.1));
#4516 = CIRCLE('',#4517,0.7);
#4517 = AXIS2_PLACEMENT_3D('',#4518,#4519,#4520);
#4518 = CARTESIAN_POINT('',(82.5,49.3,-7.8));
#4519 = DIRECTION('',(1.,0.,-6.123233995737E-17));
#4520 = DIRECTION('',(-6.123233995737E-17,0.,-1.));
#4521 = ORIENTED_EDGE('',*,*,#4522,.F.);
#4522 = EDGE_CURVE('',#4479,#4514,#4523,.T.);
#4523 = CIRCLE('',#4524,0.7);
#4524 = AXIS2_PLACEMENT_3D('',#4525,#4526,#4527);
#4525 = CARTESIAN_POINT('',(82.5,49.3,-6.4));
#4526 = DIRECTION('',(-0.,-1.,-0.));
#4527 = DIRECTION('',(-1.,0.,0.));
#4528 = TOROIDAL_SURFACE('',#4529,1.4,0.7);
#4529 = AXIS2_PLACEMENT_3D('',#4530,#4531,#4532);
#4530 = CARTESIAN_POINT('',(82.5,49.3,-6.4));
#4531 = DIRECTION('',(0.,1.,0.));
#4532 = DIRECTION('',(-1.,0.,0.));
#4533 = ADVANCED_FACE('',(#4534),#4554,.T.);
#4534 = FACE_BOUND('',#4535,.T.);
#4535 = EDGE_LOOP('',(#4536,#4537,#4538,#4547));
#4536 = ORIENTED_EDGE('',*,*,#4495,.F.);
#4537 = ORIENTED_EDGE('',*,*,#4267,.T.);
#4538 = ORIENTED_EDGE('',*,*,#4539,.T.);
#4539 = EDGE_CURVE('',#4260,#4540,#4542,.T.);
#4540 = VERTEX_POINT('',#4541);
#4541 = CARTESIAN_POINT('',(82.5,49.3,12.1));
#4542 = CIRCLE('',#4543,0.7);
#4543 = AXIS2_PLACEMENT_3D('',#4544,#4545,#4546);
#4544 = CARTESIAN_POINT('',(82.5,49.3,12.8));
#4545 = DIRECTION('',(-1.,0.,-6.123233995737E-17));
#4546 = DIRECTION('',(-6.123233995737E-17,0.,1.));
#4547 = ORIENTED_EDGE('',*,*,#4548,.F.);
#4548 = EDGE_CURVE('',#4488,#4540,#4549,.T.);
#4549 = CIRCLE('',#4550,0.7);
#4550 = AXIS2_PLACEMENT_3D('',#4551,#4552,#4553);
#4551 = CARTESIAN_POINT('',(82.5,49.3,11.4));
#4552 = DIRECTION('',(0.,1.,-0.));
#4553 = DIRECTION('',(-1.,0.,0.));
#4554 = TOROIDAL_SURFACE('',#4555,1.4,0.7);
#4555 = AXIS2_PLACEMENT_3D('',#4556,#4557,#4558);
#4556 = CARTESIAN_POINT('',(82.5,49.3,11.4));
#4557 = DIRECTION('',(0.,1.,0.));
#4558 = DIRECTION('',(-1.,0.,0.));
#4559 = ADVANCED_FACE('',(#4560),#4579,.T.);
#4560 = FACE_BOUND('',#4561,.T.);
#4561 = EDGE_LOOP('',(#4562,#4563,#4571,#4578));
#4562 = ORIENTED_EDGE('',*,*,#4513,.T.);
#4563 = ORIENTED_EDGE('',*,*,#4564,.T.);
#4564 = EDGE_CURVE('',#4514,#4565,#4567,.T.);
#4565 = VERTEX_POINT('',#4566);
#4566 = CARTESIAN_POINT('',(94.5,49.3,-7.1));
#4567 = LINE('',#4568,#4569);
#4568 = CARTESIAN_POINT('',(81.8,49.3,-7.1));
#4569 = VECTOR('',#4570,1.);
#4570 = DIRECTION('',(1.,0.,0.));
#4571 = ORIENTED_EDGE('',*,*,#4572,.F.);
#4572 = EDGE_CURVE('',#4226,#4565,#4573,.T.);
#4573 = CIRCLE('',#4574,0.7);
#4574 = AXIS2_PLACEMENT_3D('',#4575,#4576,#4577);
#4575 = CARTESIAN_POINT('',(94.5,49.3,-7.8));
#4576 = DIRECTION('',(1.,-0.,6.123233995737E-17));
#4577 = DIRECTION('',(6.123233995737E-17,0.,-1.));
#4578 = ORIENTED_EDGE('',*,*,#4225,.F.);
#4579 = CYLINDRICAL_SURFACE('',#4580,0.7);
#4580 = AXIS2_PLACEMENT_3D('',#4581,#4582,#4583);
#4581 = CARTESIAN_POINT('',(81.8,49.3,-7.8));
#4582 = DIRECTION('',(1.,0.,0.));
#4583 = DIRECTION('',(0.,1.,0.));
#4584 = ADVANCED_FACE('',(#4585),#4604,.T.);
#4585 = FACE_BOUND('',#4586,.F.);
#4586 = EDGE_LOOP('',(#4587,#4588,#4596,#4603));
#4587 = ORIENTED_EDGE('',*,*,#4539,.T.);
#4588 = ORIENTED_EDGE('',*,*,#4589,.T.);
#4589 = EDGE_CURVE('',#4540,#4590,#4592,.T.);
#4590 = VERTEX_POINT('',#4591);
#4591 = CARTESIAN_POINT('',(94.5,49.3,12.1));
#4592 = LINE('',#4593,#4594);
#4593 = CARTESIAN_POINT('',(81.8,49.3,12.1));
#4594 = VECTOR('',#4595,1.);
#4595 = DIRECTION('',(1.,0.,0.));
#4596 = ORIENTED_EDGE('',*,*,#4597,.F.);
#4597 = EDGE_CURVE('',#4251,#4590,#4598,.T.);
#4598 = CIRCLE('',#4599,0.7);
#4599 = AXIS2_PLACEMENT_3D('',#4600,#4601,#4602);
#4600 = CARTESIAN_POINT('',(94.5,49.3,12.8));
#4601 = DIRECTION('',(-1.,0.,0.));
#4602 = DIRECTION('',(0.,0.,1.));
#4603 = ORIENTED_EDGE('',*,*,#4259,.F.);
#4604 = CYLINDRICAL_SURFACE('',#4605,0.7);
#4605 = AXIS2_PLACEMENT_3D('',#4606,#4607,#4608);
#4606 = CARTESIAN_POINT('',(81.8,49.3,12.8));
#4607 = DIRECTION('',(1.,0.,0.));
#4608 = DIRECTION('',(0.,1.,0.));
#4609 = ADVANCED_FACE('',(#4610),#4630,.T.);
#4610 = FACE_BOUND('',#4611,.T.);
#4611 = EDGE_LOOP('',(#4612,#4621,#4622,#4623));
#4612 = ORIENTED_EDGE('',*,*,#4613,.F.);
#4613 = EDGE_CURVE('',#4234,#4614,#4616,.T.);
#4614 = VERTEX_POINT('',#4615);
#4615 = CARTESIAN_POINT('',(95.2,49.3,-6.4));
#4616 = CIRCLE('',#4617,0.7);
#4617 = AXIS2_PLACEMENT_3D('',#4618,#4619,#4620);
#4618 = CARTESIAN_POINT('',(95.9,49.3,-6.4));
#4619 = DIRECTION('',(0.,0.,1.));
#4620 = DIRECTION('',(1.,0.,0.));
#4621 = ORIENTED_EDGE('',*,*,#4233,.T.);
#4622 = ORIENTED_EDGE('',*,*,#4572,.T.);
#4623 = ORIENTED_EDGE('',*,*,#4624,.F.);
#4624 = EDGE_CURVE('',#4614,#4565,#4625,.T.);
#4625 = CIRCLE('',#4626,0.7);
#4626 = AXIS2_PLACEMENT_3D('',#4627,#4628,#4629);
#4627 = CARTESIAN_POINT('',(94.5,49.3,-6.4));
#4628 = DIRECTION('',(-0.,1.,0.));
#4629 = DIRECTION('',(1.,0.,0.));
#4630 = TOROIDAL_SURFACE('',#4631,1.4,0.7);
#4631 = AXIS2_PLACEMENT_3D('',#4632,#4633,#4634);
#4632 = CARTESIAN_POINT('',(94.5,49.3,-6.4));
#4633 = DIRECTION('',(0.,1.,0.));
#4634 = DIRECTION('',(1.,0.,0.));
#4635 = ADVANCED_FACE('',(#4636),#4656,.T.);
#4636 = FACE_BOUND('',#4637,.T.);
#4637 = EDGE_LOOP('',(#4638,#4639,#4640,#4649));
#4638 = ORIENTED_EDGE('',*,*,#4597,.F.);
#4639 = ORIENTED_EDGE('',*,*,#4250,.T.);
#4640 = ORIENTED_EDGE('',*,*,#4641,.T.);
#4641 = EDGE_CURVE('',#4243,#4642,#4644,.T.);
#4642 = VERTEX_POINT('',#4643);
#4643 = CARTESIAN_POINT('',(95.2,49.3,11.4));
#4644 = CIRCLE('',#4645,0.7);
#4645 = AXIS2_PLACEMENT_3D('',#4646,#4647,#4648);
#4646 = CARTESIAN_POINT('',(95.9,49.3,11.4));
#4647 = DIRECTION('',(-6.123233995737E-17,0.,1.));
#4648 = DIRECTION('',(1.,0.,6.123233995737E-17));
#4649 = ORIENTED_EDGE('',*,*,#4650,.F.);
#4650 = EDGE_CURVE('',#4590,#4642,#4651,.T.);
#4651 = CIRCLE('',#4652,0.7);
#4652 = AXIS2_PLACEMENT_3D('',#4653,#4654,#4655);
#4653 = CARTESIAN_POINT('',(94.5,49.3,11.4));
#4654 = DIRECTION('',(0.,1.,0.));
#4655 = DIRECTION('',(0.,0.,1.));
#4656 = TOROIDAL_SURFACE('',#4657,1.4,0.7);
#4657 = AXIS2_PLACEMENT_3D('',#4658,#4659,#4660);
#4658 = CARTESIAN_POINT('',(94.5,49.3,11.4));
#4659 = DIRECTION('',(0.,1.,0.));
#4660 = DIRECTION('',(0.,0.,1.));
#4661 = ADVANCED_FACE('',(#4662),#4673,.T.);
#4662 = FACE_BOUND('',#4663,.T.);
#4663 = EDGE_LOOP('',(#4664,#4665,#4671,#4672));
#4664 = ORIENTED_EDGE('',*,*,#4613,.T.);
#4665 = ORIENTED_EDGE('',*,*,#4666,.T.);
#4666 = EDGE_CURVE('',#4614,#4642,#4667,.T.);
#4667 = LINE('',#4668,#4669);
#4668 = CARTESIAN_POINT('',(95.2,49.3,-7.1));
#4669 = VECTOR('',#4670,1.);
#4670 = DIRECTION('',(0.,0.,1.));
#4671 = ORIENTED_EDGE('',*,*,#4641,.F.);
#4672 = ORIENTED_EDGE('',*,*,#4242,.F.);
#4673 = CYLINDRICAL_SURFACE('',#4674,0.7);
#4674 = AXIS2_PLACEMENT_3D('',#4675,#4676,#4677);
#4675 = CARTESIAN_POINT('',(95.9,49.3,-7.1));
#4676 = DIRECTION('',(0.,0.,1.));
#4677 = DIRECTION('',(0.,1.,0.));
#4678 = ADVANCED_FACE('',(#4679),#4684,.T.);
#4679 = FACE_BOUND('',#4680,.F.);
#4680 = EDGE_LOOP('',(#4681,#4682,#4683));
#4681 = ORIENTED_EDGE('',*,*,#4318,.F.);
#4682 = ORIENTED_EDGE('',*,*,#4369,.T.);
#4683 = ORIENTED_EDGE('',*,*,#4284,.F.);
#4684 = SPHERICAL_SURFACE('',#4685,0.7);
#4685 = AXIS2_PLACEMENT_3D('',#4686,#4687,#4688);
#4686 = CARTESIAN_POINT('',(96.3,24.7,-8.2));
#4687 = DIRECTION('',(-1.,0.,0.));
#4688 = DIRECTION('',(0.,-1.,0.));
#4689 = ADVANCED_FACE('',(#4690),#4695,.T.);
#4690 = FACE_BOUND('',#4691,.F.);
#4691 = EDGE_LOOP('',(#4692,#4693,#4694));
#4692 = ORIENTED_EDGE('',*,*,#4302,.F.);
#4693 = ORIENTED_EDGE('',*,*,#4418,.T.);
#4694 = ORIENTED_EDGE('',*,*,#4335,.F.);
#4695 = SPHERICAL_SURFACE('',#4696,0.7);
#4696 = AXIS2_PLACEMENT_3D('',#4697,#4698,#4699);
#4697 = CARTESIAN_POINT('',(96.3,24.7,13.2));
#4698 = DIRECTION('',(-0.,-0.,-1.));
#4699 = DIRECTION('',(0.,-1.,0.));
#4700 = ADVANCED_FACE('',(#4701),#4707,.T.);
#4701 = FACE_BOUND('',#4702,.T.);
#4702 = EDGE_LOOP('',(#4703,#4704,#4705,#4706));
#4703 = ORIENTED_EDGE('',*,*,#4327,.F.);
#4704 = ORIENTED_EDGE('',*,*,#4376,.T.);
#4705 = ORIENTED_EDGE('',*,*,#4456,.T.);
#4706 = ORIENTED_EDGE('',*,*,#4425,.F.);
#4707 = PLANE('',#4708);
#4708 = AXIS2_PLACEMENT_3D('',#4709,#4710,#4711);
#4709 = CARTESIAN_POINT('',(97.,24.,-8.9));
#4710 = DIRECTION('',(1.,0.,0.));
#4711 = DIRECTION('',(0.,0.,1.));
#4712 = ADVANCED_FACE('',(#4713),#4718,.T.);
#4713 = FACE_BOUND('',#4714,.T.);
#4714 = EDGE_LOOP('',(#4715,#4716,#4717));
#4715 = ORIENTED_EDGE('',*,*,#4449,.F.);
#4716 = ORIENTED_EDGE('',*,*,#4384,.T.);
#4717 = ORIENTED_EDGE('',*,*,#4353,.F.);
#4718 = SPHERICAL_SURFACE('',#4719,0.7);
#4719 = AXIS2_PLACEMENT_3D('',#4720,#4721,#4722);
#4720 = CARTESIAN_POINT('',(96.3,49.3,-8.2));
#4721 = DIRECTION('',(-1.,0.,0.));
#4722 = DIRECTION('',(0.,1.,0.));
#4723 = ADVANCED_FACE('',(#4724),#4729,.T.);
#4724 = FACE_BOUND('',#4725,.T.);
#4725 = EDGE_LOOP('',(#4726,#4727,#4728));
#4726 = ORIENTED_EDGE('',*,*,#4433,.F.);
#4727 = ORIENTED_EDGE('',*,*,#4462,.T.);
#4728 = ORIENTED_EDGE('',*,*,#4402,.F.);
#4729 = SPHERICAL_SURFACE('',#4730,0.7);
#4730 = AXIS2_PLACEMENT_3D('',#4731,#4732,#4733);
#4731 = CARTESIAN_POINT('',(96.3,49.3,13.2));
#4732 = DIRECTION('',(-1.,0.,0.));
#4733 = DIRECTION('',(0.,0.,1.));
#4734 = ADVANCED_FACE('',(#4735),#4760,.T.);
#4735 = FACE_BOUND('',#4736,.T.);
#4736 = EDGE_LOOP('',(#4737,#4738,#4746,#4754));
#4737 = ORIENTED_EDGE('',*,*,#4487,.T.);
#4738 = ORIENTED_EDGE('',*,*,#4739,.F.);
#4739 = EDGE_CURVE('',#4740,#4488,#4742,.T.);
#4740 = VERTEX_POINT('',#4741);
#4741 = CARTESIAN_POINT('',(81.8,26.5,11.4));
#4742 = LINE('',#4743,#4744);
#4743 = CARTESIAN_POINT('',(81.8,25.8,11.4));
#4744 = VECTOR('',#4745,1.);
#4745 = DIRECTION('',(0.,1.,0.));
#4746 = ORIENTED_EDGE('',*,*,#4747,.F.);
#4747 = EDGE_CURVE('',#4748,#4740,#4750,.T.);
#4748 = VERTEX_POINT('',#4749);
#4749 = CARTESIAN_POINT('',(81.8,26.5,-6.4));
#4750 = LINE('',#4751,#4752);
#4751 = CARTESIAN_POINT('',(81.8,26.5,-7.1));
#4752 = VECTOR('',#4753,1.);
#4753 = DIRECTION('',(0.,0.,1.));
#4754 = ORIENTED_EDGE('',*,*,#4755,.T.);
#4755 = EDGE_CURVE('',#4748,#4479,#4756,.T.);
#4756 = LINE('',#4757,#4758);
#4757 = CARTESIAN_POINT('',(81.8,25.8,-6.4));
#4758 = VECTOR('',#4759,1.);
#4759 = DIRECTION('',(0.,1.,0.));
#4760 = PLANE('',#4761);
#4761 = AXIS2_PLACEMENT_3D('',#4762,#4763,#4764);
#4762 = CARTESIAN_POINT('',(81.8,25.8,-7.1));
#4763 = DIRECTION('',(1.,0.,0.));
#4764 = DIRECTION('',(0.,0.,1.));
#4765 = ADVANCED_FACE('',(#4766),#4785,.F.);
#4766 = FACE_BOUND('',#4767,.T.);
#4767 = EDGE_LOOP('',(#4768,#4777,#4783,#4784));
#4768 = ORIENTED_EDGE('',*,*,#4769,.F.);
#4769 = EDGE_CURVE('',#4770,#4748,#4772,.T.);
#4770 = VERTEX_POINT('',#4771);
#4771 = CARTESIAN_POINT('',(82.5,26.5,-7.1));
#4772 = CIRCLE('',#4773,0.7);
#4773 = AXIS2_PLACEMENT_3D('',#4774,#4775,#4776);
#4774 = CARTESIAN_POINT('',(82.5,26.5,-6.4));
#4775 = DIRECTION('',(0.,1.,-0.));
#4776 = DIRECTION('',(-1.,0.,0.));
#4777 = ORIENTED_EDGE('',*,*,#4778,.T.);
#4778 = EDGE_CURVE('',#4770,#4514,#4779,.T.);
#4779 = LINE('',#4780,#4781);
#4780 = CARTESIAN_POINT('',(82.5,25.8,-7.1));
#4781 = VECTOR('',#4782,1.);
#4782 = DIRECTION('',(0.,1.,0.));
#4783 = ORIENTED_EDGE('',*,*,#4522,.F.);
#4784 = ORIENTED_EDGE('',*,*,#4755,.F.);
#4785 = CYLINDRICAL_SURFACE('',#4786,0.7);
#4786 = AXIS2_PLACEMENT_3D('',#4787,#4788,#4789);
#4787 = CARTESIAN_POINT('',(82.5,25.8,-6.4));
#4788 = DIRECTION('',(0.,1.,0.));
#4789 = DIRECTION('',(-1.,0.,0.));
#4790 = ADVANCED_FACE('',(#4791),#4810,.F.);
#4791 = FACE_BOUND('',#4792,.F.);
#4792 = EDGE_LOOP('',(#4793,#4802,#4808,#4809));
#4793 = ORIENTED_EDGE('',*,*,#4794,.F.);
#4794 = EDGE_CURVE('',#4795,#4740,#4797,.T.);
#4795 = VERTEX_POINT('',#4796);
#4796 = CARTESIAN_POINT('',(82.5,26.5,12.1));
#4797 = CIRCLE('',#4798,0.7);
#4798 = AXIS2_PLACEMENT_3D('',#4799,#4800,#4801);
#4799 = CARTESIAN_POINT('',(82.5,26.5,11.4));
#4800 = DIRECTION('',(0.,-1.,0.));
#4801 = DIRECTION('',(-1.,0.,0.));
#4802 = ORIENTED_EDGE('',*,*,#4803,.T.);
#4803 = EDGE_CURVE('',#4795,#4540,#4804,.T.);
#4804 = LINE('',#4805,#4806);
#4805 = CARTESIAN_POINT('',(82.5,25.8,12.1));
#4806 = VECTOR('',#4807,1.);
#4807 = DIRECTION('',(0.,1.,0.));
#4808 = ORIENTED_EDGE('',*,*,#4548,.F.);
#4809 = ORIENTED_EDGE('',*,*,#4739,.F.);
#4810 = CYLINDRICAL_SURFACE('',#4811,0.7);
#4811 = AXIS2_PLACEMENT_3D('',#4812,#4813,#4814);
#4812 = CARTESIAN_POINT('',(82.5,25.8,11.4));
#4813 = DIRECTION('',(0.,1.,0.));
#4814 = DIRECTION('',(-1.,0.,0.));
#4815 = ADVANCED_FACE('',(#4816),#4834,.T.);
#4816 = FACE_BOUND('',#4817,.T.);
#4817 = EDGE_LOOP('',(#4818,#4819,#4820,#4828));
#4818 = ORIENTED_EDGE('',*,*,#4564,.F.);
#4819 = ORIENTED_EDGE('',*,*,#4778,.F.);
#4820 = ORIENTED_EDGE('',*,*,#4821,.T.);
#4821 = EDGE_CURVE('',#4770,#4822,#4824,.T.);
#4822 = VERTEX_POINT('',#4823);
#4823 = CARTESIAN_POINT('',(94.5,26.5,-7.1));
#4824 = LINE('',#4825,#4826);
#4825 = CARTESIAN_POINT('',(81.8,26.5,-7.1));
#4826 = VECTOR('',#4827,1.);
#4827 = DIRECTION('',(1.,0.,0.));
#4828 = ORIENTED_EDGE('',*,*,#4829,.T.);
#4829 = EDGE_CURVE('',#4822,#4565,#4830,.T.);
#4830 = LINE('',#4831,#4832);
#4831 = CARTESIAN_POINT('',(94.5,25.8,-7.1));
#4832 = VECTOR('',#4833,1.);
#4833 = DIRECTION('',(0.,1.,0.));
#4834 = PLANE('',#4835);
#4835 = AXIS2_PLACEMENT_3D('',#4836,#4837,#4838);
#4836 = CARTESIAN_POINT('',(81.8,25.8,-7.1));
#4837 = DIRECTION('',(0.,0.,1.));
#4838 = DIRECTION('',(1.,0.,0.));
#4839 = ADVANCED_FACE('',(#4840),#4858,.F.);
#4840 = FACE_BOUND('',#4841,.F.);
#4841 = EDGE_LOOP('',(#4842,#4843,#4844,#4852));
#4842 = ORIENTED_EDGE('',*,*,#4589,.F.);
#4843 = ORIENTED_EDGE('',*,*,#4803,.F.);
#4844 = ORIENTED_EDGE('',*,*,#4845,.T.);
#4845 = EDGE_CURVE('',#4795,#4846,#4848,.T.);
#4846 = VERTEX_POINT('',#4847);
#4847 = CARTESIAN_POINT('',(94.5,26.5,12.1));
#4848 = LINE('',#4849,#4850);
#4849 = CARTESIAN_POINT('',(81.8,26.5,12.1));
#4850 = VECTOR('',#4851,1.);
#4851 = DIRECTION('',(1.,0.,0.));
#4852 = ORIENTED_EDGE('',*,*,#4853,.T.);
#4853 = EDGE_CURVE('',#4846,#4590,#4854,.T.);
#4854 = LINE('',#4855,#4856);
#4855 = CARTESIAN_POINT('',(94.5,25.8,12.1));
#4856 = VECTOR('',#4857,1.);
#4857 = DIRECTION('',(0.,1.,0.));
#4858 = PLANE('',#4859);
#4859 = AXIS2_PLACEMENT_3D('',#4860,#4861,#4862);
#4860 = CARTESIAN_POINT('',(81.8,25.8,12.1));
#4861 = DIRECTION('',(0.,0.,1.));
#4862 = DIRECTION('',(1.,0.,0.));
#4863 = ADVANCED_FACE('',(#4864),#4883,.F.);
#4864 = FACE_BOUND('',#4865,.F.);
#4865 = EDGE_LOOP('',(#4866,#4875,#4876,#4877));
#4866 = ORIENTED_EDGE('',*,*,#4867,.F.);
#4867 = EDGE_CURVE('',#4822,#4868,#4870,.T.);
#4868 = VERTEX_POINT('',#4869);
#4869 = CARTESIAN_POINT('',(95.2,26.5,-6.4));
#4870 = CIRCLE('',#4871,0.7);
#4871 = AXIS2_PLACEMENT_3D('',#4872,#4873,#4874);
#4872 = CARTESIAN_POINT('',(94.5,26.5,-6.4));
#4873 = DIRECTION('',(0.,-1.,0.));
#4874 = DIRECTION('',(1.,0.,0.));
#4875 = ORIENTED_EDGE('',*,*,#4829,.T.);
#4876 = ORIENTED_EDGE('',*,*,#4624,.F.);
#4877 = ORIENTED_EDGE('',*,*,#4878,.F.);
#4878 = EDGE_CURVE('',#4868,#4614,#4879,.T.);
#4879 = LINE('',#4880,#4881);
#4880 = CARTESIAN_POINT('',(95.2,25.8,-6.4));
#4881 = VECTOR('',#4882,1.);
#4882 = DIRECTION('',(0.,1.,0.));
#4883 = CYLINDRICAL_SURFACE('',#4884,0.7);
#4884 = AXIS2_PLACEMENT_3D('',#4885,#4886,#4887);
#4885 = CARTESIAN_POINT('',(94.5,25.8,-6.4));
#4886 = DIRECTION('',(0.,1.,0.));
#4887 = DIRECTION('',(1.,0.,0.));
#4888 = ADVANCED_FACE('',(#4889),#4908,.F.);
#4889 = FACE_BOUND('',#4890,.F.);
#4890 = EDGE_LOOP('',(#4891,#4892,#4901,#4907));
#4891 = ORIENTED_EDGE('',*,*,#4853,.F.);
#4892 = ORIENTED_EDGE('',*,*,#4893,.T.);
#4893 = EDGE_CURVE('',#4846,#4894,#4896,.T.);
#4894 = VERTEX_POINT('',#4895);
#4895 = CARTESIAN_POINT('',(95.2,26.5,11.4));
#4896 = CIRCLE('',#4897,0.7);
#4897 = AXIS2_PLACEMENT_3D('',#4898,#4899,#4900);
#4898 = CARTESIAN_POINT('',(94.5,26.5,11.4));
#4899 = DIRECTION('',(0.,1.,0.));
#4900 = DIRECTION('',(0.,0.,1.));
#4901 = ORIENTED_EDGE('',*,*,#4902,.T.);
#4902 = EDGE_CURVE('',#4894,#4642,#4903,.T.);
#4903 = LINE('',#4904,#4905);
#4904 = CARTESIAN_POINT('',(95.2,25.8,11.4));
#4905 = VECTOR('',#4906,1.);
#4906 = DIRECTION('',(0.,1.,0.));
#4907 = ORIENTED_EDGE('',*,*,#4650,.F.);
#4908 = CYLINDRICAL_SURFACE('',#4909,0.7);
#4909 = AXIS2_PLACEMENT_3D('',#4910,#4911,#4912);
#4910 = CARTESIAN_POINT('',(94.5,25.8,11.4));
#4911 = DIRECTION('',(0.,1.,0.));
#4912 = DIRECTION('',(0.,0.,1.));
#4913 = ADVANCED_FACE('',(#4914),#4925,.F.);
#4914 = FACE_BOUND('',#4915,.F.);
#4915 = EDGE_LOOP('',(#4916,#4917,#4918,#4924));
#4916 = ORIENTED_EDGE('',*,*,#4666,.T.);
#4917 = ORIENTED_EDGE('',*,*,#4902,.F.);
#4918 = ORIENTED_EDGE('',*,*,#4919,.F.);
#4919 = EDGE_CURVE('',#4868,#4894,#4920,.T.);
#4920 = LINE('',#4921,#4922);
#4921 = CARTESIAN_POINT('',(95.2,26.5,-7.1));
#4922 = VECTOR('',#4923,1.);
#4923 = DIRECTION('',(0.,0.,1.));
#4924 = ORIENTED_EDGE('',*,*,#4878,.T.);
#4925 = PLANE('',#4926);
#4926 = AXIS2_PLACEMENT_3D('',#4927,#4928,#4929);
#4927 = CARTESIAN_POINT('',(95.2,25.8,-7.1));
#4928 = DIRECTION('',(1.,0.,0.));
#4929 = DIRECTION('',(0.,0.,1.));
#4930 = ADVANCED_FACE('',(#4931),#4958,.F.);
#4931 = FACE_BOUND('',#4932,.F.);
#4932 = EDGE_LOOP('',(#4933,#4934,#4943,#4951));
#4933 = ORIENTED_EDGE('',*,*,#4747,.F.);
#4934 = ORIENTED_EDGE('',*,*,#4935,.T.);
#4935 = EDGE_CURVE('',#4748,#4936,#4938,.T.);
#4936 = VERTEX_POINT('',#4937);
#4937 = CARTESIAN_POINT('',(82.5,25.8,-6.4));
#4938 = CIRCLE('',#4939,0.7);
#4939 = AXIS2_PLACEMENT_3D('',#4940,#4941,#4942);
#4940 = CARTESIAN_POINT('',(82.5,26.5,-6.4));
#4941 = DIRECTION('',(0.,0.,1.));
#4942 = DIRECTION('',(-1.,0.,0.));
#4943 = ORIENTED_EDGE('',*,*,#4944,.T.);
#4944 = EDGE_CURVE('',#4936,#4945,#4947,.T.);
#4945 = VERTEX_POINT('',#4946);
#4946 = CARTESIAN_POINT('',(82.5,25.8,11.4));
#4947 = LINE('',#4948,#4949);
#4948 = CARTESIAN_POINT('',(82.5,25.8,-7.1));
#4949 = VECTOR('',#4950,1.);
#4950 = DIRECTION('',(0.,0.,1.));
#4951 = ORIENTED_EDGE('',*,*,#4952,.F.);
#4952 = EDGE_CURVE('',#4740,#4945,#4953,.T.);
#4953 = CIRCLE('',#4954,0.7);
#4954 = AXIS2_PLACEMENT_3D('',#4955,#4956,#4957);
#4955 = CARTESIAN_POINT('',(82.5,26.5,11.4));
#4956 = DIRECTION('',(0.,0.,1.));
#4957 = DIRECTION('',(-1.,0.,0.));
#4958 = CYLINDRICAL_SURFACE('',#4959,0.7);
#4959 = AXIS2_PLACEMENT_3D('',#4960,#4961,#4962);
#4960 = CARTESIAN_POINT('',(82.5,26.5,-7.1));
#4961 = DIRECTION('',(0.,0.,1.));
#4962 = DIRECTION('',(-1.,0.,0.));
#4963 = ADVANCED_FACE('',(#4964),#4975,.F.);
#4964 = FACE_BOUND('',#4965,.F.);
#4965 = EDGE_LOOP('',(#4966,#4967,#4974));
#4966 = ORIENTED_EDGE('',*,*,#4769,.F.);
#4967 = ORIENTED_EDGE('',*,*,#4968,.T.);
#4968 = EDGE_CURVE('',#4770,#4936,#4969,.T.);
#4969 = CIRCLE('',#4970,0.7);
#4970 = AXIS2_PLACEMENT_3D('',#4971,#4972,#4973);
#4971 = CARTESIAN_POINT('',(82.5,26.5,-6.4));
#4972 = DIRECTION('',(-1.,6.123233995737E-17,0.));
#4973 = DIRECTION('',(-6.123233995737E-17,-1.,0.));
#4974 = ORIENTED_EDGE('',*,*,#4935,.F.);
#4975 = SPHERICAL_SURFACE('',#4976,0.7);
#4976 = AXIS2_PLACEMENT_3D('',#4977,#4978,#4979);
#4977 = CARTESIAN_POINT('',(82.5,26.5,-6.4));
#4978 = DIRECTION('',(0.,0.,1.));
#4979 = DIRECTION('',(-1.,0.,0.));
#4980 = ADVANCED_FACE('',(#4981),#4992,.F.);
#4981 = FACE_BOUND('',#4982,.T.);
#4982 = EDGE_LOOP('',(#4983,#4984,#4991));
#4983 = ORIENTED_EDGE('',*,*,#4794,.F.);
#4984 = ORIENTED_EDGE('',*,*,#4985,.T.);
#4985 = EDGE_CURVE('',#4795,#4945,#4986,.T.);
#4986 = CIRCLE('',#4987,0.7);
#4987 = AXIS2_PLACEMENT_3D('',#4988,#4989,#4990);
#4988 = CARTESIAN_POINT('',(82.5,26.5,11.4));
#4989 = DIRECTION('',(1.,-6.123233995737E-17,0.));
#4990 = DIRECTION('',(-6.123233995737E-17,-1.,0.));
#4991 = ORIENTED_EDGE('',*,*,#4952,.F.);
#4992 = SPHERICAL_SURFACE('',#4993,0.7);
#4993 = AXIS2_PLACEMENT_3D('',#4994,#4995,#4996);
#4994 = CARTESIAN_POINT('',(82.5,26.5,11.4));
#4995 = DIRECTION('',(-0.,-0.,-1.));
#4996 = DIRECTION('',(-1.,0.,0.));
#4997 = ADVANCED_FACE('',(#4998),#5017,.F.);
#4998 = FACE_BOUND('',#4999,.T.);
#4999 = EDGE_LOOP('',(#5000,#5001,#5009,#5016));
#5000 = ORIENTED_EDGE('',*,*,#4968,.T.);
#5001 = ORIENTED_EDGE('',*,*,#5002,.T.);
#5002 = EDGE_CURVE('',#4936,#5003,#5005,.T.);
#5003 = VERTEX_POINT('',#5004);
#5004 = CARTESIAN_POINT('',(94.5,25.8,-6.4));
#5005 = LINE('',#5006,#5007);
#5006 = CARTESIAN_POINT('',(81.8,25.8,-6.4));
#5007 = VECTOR('',#5008,1.);
#5008 = DIRECTION('',(1.,0.,0.));
#5009 = ORIENTED_EDGE('',*,*,#5010,.F.);
#5010 = EDGE_CURVE('',#4822,#5003,#5011,.T.);
#5011 = CIRCLE('',#5012,0.7);
#5012 = AXIS2_PLACEMENT_3D('',#5013,#5014,#5015);
#5013 = CARTESIAN_POINT('',(94.5,26.5,-6.4));
#5014 = DIRECTION('',(-1.,-6.123233995737E-17,0.));
#5015 = DIRECTION('',(6.123233995737E-17,-1.,0.));
#5016 = ORIENTED_EDGE('',*,*,#4821,.F.);
#5017 = CYLINDRICAL_SURFACE('',#5018,0.7);
#5018 = AXIS2_PLACEMENT_3D('',#5019,#5020,#5021);
#5019 = CARTESIAN_POINT('',(81.8,26.5,-6.4));
#5020 = DIRECTION('',(1.,0.,0.));
#5021 = DIRECTION('',(0.,0.,-1.));
#5022 = ADVANCED_FACE('',(#5023),#5042,.F.);
#5023 = FACE_BOUND('',#5024,.F.);
#5024 = EDGE_LOOP('',(#5025,#5026,#5034,#5041));
#5025 = ORIENTED_EDGE('',*,*,#4985,.T.);
#5026 = ORIENTED_EDGE('',*,*,#5027,.T.);
#5027 = EDGE_CURVE('',#4945,#5028,#5030,.T.);
#5028 = VERTEX_POINT('',#5029);
#5029 = CARTESIAN_POINT('',(94.5,25.8,11.4));
#5030 = LINE('',#5031,#5032);
#5031 = CARTESIAN_POINT('',(81.8,25.8,11.4));
#5032 = VECTOR('',#5033,1.);
#5033 = DIRECTION('',(1.,0.,0.));
#5034 = ORIENTED_EDGE('',*,*,#5035,.T.);
#5035 = EDGE_CURVE('',#5028,#4846,#5036,.T.);
#5036 = CIRCLE('',#5037,0.7);
#5037 = AXIS2_PLACEMENT_3D('',#5038,#5039,#5040);
#5038 = CARTESIAN_POINT('',(94.5,26.5,11.4));
#5039 = DIRECTION('',(-1.,0.,0.));
#5040 = DIRECTION('',(0.,0.,1.));
#5041 = ORIENTED_EDGE('',*,*,#4845,.F.);
#5042 = CYLINDRICAL_SURFACE('',#5043,0.7);
#5043 = AXIS2_PLACEMENT_3D('',#5044,#5045,#5046);
#5044 = CARTESIAN_POINT('',(81.8,26.5,11.4));
#5045 = DIRECTION('',(1.,0.,0.));
#5046 = DIRECTION('',(0.,0.,1.));
#5047 = ADVANCED_FACE('',(#5048),#5059,.F.);
#5048 = FACE_BOUND('',#5049,.T.);
#5049 = EDGE_LOOP('',(#5050,#5051,#5052));
#5050 = ORIENTED_EDGE('',*,*,#4867,.F.);
#5051 = ORIENTED_EDGE('',*,*,#5010,.T.);
#5052 = ORIENTED_EDGE('',*,*,#5053,.F.);
#5053 = EDGE_CURVE('',#4868,#5003,#5054,.T.);
#5054 = CIRCLE('',#5055,0.7);
#5055 = AXIS2_PLACEMENT_3D('',#5056,#5057,#5058);
#5056 = CARTESIAN_POINT('',(94.5,26.5,-6.4));
#5057 = DIRECTION('',(0.,0.,-1.));
#5058 = DIRECTION('',(1.,0.,0.));
#5059 = SPHERICAL_SURFACE('',#5060,0.7);
#5060 = AXIS2_PLACEMENT_3D('',#5061,#5062,#5063);
#5061 = CARTESIAN_POINT('',(94.5,26.5,-6.4));
#5062 = DIRECTION('',(0.,0.,1.));
#5063 = DIRECTION('',(1.,0.,0.));
#5064 = ADVANCED_FACE('',(#5065),#5076,.F.);
#5065 = FACE_BOUND('',#5066,.F.);
#5066 = EDGE_LOOP('',(#5067,#5068,#5075));
#5067 = ORIENTED_EDGE('',*,*,#5035,.F.);
#5068 = ORIENTED_EDGE('',*,*,#5069,.T.);
#5069 = EDGE_CURVE('',#5028,#4894,#5070,.T.);
#5070 = CIRCLE('',#5071,0.7);
#5071 = AXIS2_PLACEMENT_3D('',#5072,#5073,#5074);
#5072 = CARTESIAN_POINT('',(94.5,26.5,11.4));
#5073 = DIRECTION('',(-6.123233995737E-17,0.,1.));
#5074 = DIRECTION('',(1.,0.,6.123233995737E-17));
#5075 = ORIENTED_EDGE('',*,*,#4893,.F.);
#5076 = SPHERICAL_SURFACE('',#5077,0.7);
#5077 = AXIS2_PLACEMENT_3D('',#5078,#5079,#5080);
#5078 = CARTESIAN_POINT('',(94.5,26.5,11.4));
#5079 = DIRECTION('',(0.,1.,0.));
#5080 = DIRECTION('',(0.,0.,1.));
#5081 = ADVANCED_FACE('',(#5082),#5093,.F.);
#5082 = FACE_BOUND('',#5083,.T.);
#5083 = EDGE_LOOP('',(#5084,#5085,#5086,#5092));
#5084 = ORIENTED_EDGE('',*,*,#4919,.F.);
#5085 = ORIENTED_EDGE('',*,*,#5053,.T.);
#5086 = ORIENTED_EDGE('',*,*,#5087,.T.);
#5087 = EDGE_CURVE('',#5003,#5028,#5088,.T.);
#5088 = LINE('',#5089,#5090);
#5089 = CARTESIAN_POINT('',(94.5,25.8,-7.1));
#5090 = VECTOR('',#5091,1.);
#5091 = DIRECTION('',(0.,0.,1.));
#5092 = ORIENTED_EDGE('',*,*,#5069,.T.);
#5093 = CYLINDRICAL_SURFACE('',#5094,0.7);
#5094 = AXIS2_PLACEMENT_3D('',#5095,#5096,#5097);
#5095 = CARTESIAN_POINT('',(94.5,26.5,-7.1));
#5096 = DIRECTION('',(0.,0.,1.));
#5097 = DIRECTION('',(1.,0.,0.));
#5098 = ADVANCED_FACE('',(#5099),#5105,.T.);
#5099 = FACE_BOUND('',#5100,.T.);
#5100 = EDGE_LOOP('',(#5101,#5102,#5103,#5104));
#5101 = ORIENTED_EDGE('',*,*,#4944,.T.);
#5102 = ORIENTED_EDGE('',*,*,#5027,.T.);
#5103 = ORIENTED_EDGE('',*,*,#5087,.F.);
#5104 = ORIENTED_EDGE('',*,*,#5002,.F.);
#5105 = PLANE('',#5106);
#5106 = AXIS2_PLACEMENT_3D('',#5107,#5108,#5109);
#5107 = CARTESIAN_POINT('',(81.8,25.8,-7.1));
#5108 = DIRECTION('',(0.,1.,0.));
#5109 = DIRECTION('',(0.,0.,1.));
#5110 = MANIFOLD_SOLID_BREP('',#5111);
#5111 = CLOSED_SHELL('',(#5112,#5152,#5192,#5214,#5236,#5248));
#5112 = ADVANCED_FACE('',(#5113),#5147,.F.);
#5113 = FACE_BOUND('',#5114,.F.);
#5114 = EDGE_LOOP('',(#5115,#5125,#5133,#5141));
#5115 = ORIENTED_EDGE('',*,*,#5116,.F.);
#5116 = EDGE_CURVE('',#5117,#5119,#5121,.T.);
#5117 = VERTEX_POINT('',#5118);
#5118 = CARTESIAN_POINT('',(82.5,26.5,-6.4));
#5119 = VERTEX_POINT('',#5120);
#5120 = CARTESIAN_POINT('',(82.5,26.5,11.4));
#5121 = LINE('',#5122,#5123);
#5122 = CARTESIAN_POINT('',(82.5,26.5,-6.4));
#5123 = VECTOR('',#5124,1.);
#5124 = DIRECTION('',(0.,0.,1.));
#5125 = ORIENTED_EDGE('',*,*,#5126,.T.);
#5126 = EDGE_CURVE('',#5117,#5127,#5129,.T.);
#5127 = VERTEX_POINT('',#5128);
#5128 = CARTESIAN_POINT('',(82.5,47.5,-6.4));
#5129 = LINE('',#5130,#5131);
#5130 = CARTESIAN_POINT('',(82.5,26.5,-6.4));
#5131 = VECTOR('',#5132,1.);
#5132 = DIRECTION('',(0.,1.,0.));
#5133 = ORIENTED_EDGE('',*,*,#5134,.T.);
#5134 = EDGE_CURVE('',#5127,#5135,#5137,.T.);
#5135 = VERTEX_POINT('',#5136);
#5136 = CARTESIAN_POINT('',(82.5,47.5,11.4));
#5137 = LINE('',#5138,#5139);
#5138 = CARTESIAN_POINT('',(82.5,47.5,-6.4));
#5139 = VECTOR('',#5140,1.);
#5140 = DIRECTION('',(0.,0.,1.));
#5141 = ORIENTED_EDGE('',*,*,#5142,.F.);
#5142 = EDGE_CURVE('',#5119,#5135,#5143,.T.);
#5143 = LINE('',#5144,#5145);
#5144 = CARTESIAN_POINT('',(82.5,26.5,11.4));
#5145 = VECTOR('',#5146,1.);
#5146 = DIRECTION('',(0.,1.,0.));
#5147 = PLANE('',#5148);
#5148 = AXIS2_PLACEMENT_3D('',#5149,#5150,#5151);
#5149 = CARTESIAN_POINT('',(82.5,26.5,-6.4));
#5150 = DIRECTION('',(1.,0.,0.));
#5151 = DIRECTION('',(0.,0.,1.));
#5152 = ADVANCED_FACE('',(#5153),#5187,.T.);
#5153 = FACE_BOUND('',#5154,.T.);
#5154 = EDGE_LOOP('',(#5155,#5165,#5173,#5181));
#5155 = ORIENTED_EDGE('',*,*,#5156,.F.);
#5156 = EDGE_CURVE('',#5157,#5159,#5161,.T.);
#5157 = VERTEX_POINT('',#5158);
#5158 = CARTESIAN_POINT('',(94.5,26.5,-6.4));
#5159 = VERTEX_POINT('',#5160);
#5160 = CARTESIAN_POINT('',(94.5,26.5,11.4));
#5161 = LINE('',#5162,#5163);
#5162 = CARTESIAN_POINT('',(94.5,26.5,-6.4));
#5163 = VECTOR('',#5164,1.);
#5164 = DIRECTION('',(0.,0.,1.));
#5165 = ORIENTED_EDGE('',*,*,#5166,.T.);
#5166 = EDGE_CURVE('',#5157,#5167,#5169,.T.);
#5167 = VERTEX_POINT('',#5168);
#5168 = CARTESIAN_POINT('',(94.5,47.5,-6.4));
#5169 = LINE('',#5170,#5171);
#5170 = CARTESIAN_POINT('',(94.5,26.5,-6.4));
#5171 = VECTOR('',#5172,1.);
#5172 = DIRECTION('',(0.,1.,0.));
#5173 = ORIENTED_EDGE('',*,*,#5174,.T.);
#5174 = EDGE_CURVE('',#5167,#5175,#5177,.T.);
#5175 = VERTEX_POINT('',#5176);
#5176 = CARTESIAN_POINT('',(94.5,47.5,11.4));
#5177 = LINE('',#5178,#5179);
#5178 = CARTESIAN_POINT('',(94.5,47.5,-6.4));
#5179 = VECTOR('',#5180,1.);
#5180 = DIRECTION('',(0.,0.,1.));
#5181 = ORIENTED_EDGE('',*,*,#5182,.F.);
#5182 = EDGE_CURVE('',#5159,#5175,#5183,.T.);
#5183 = LINE('',#5184,#5185);
#5184 = CARTESIAN_POINT('',(94.5,26.5,11.4));
#5185 = VECTOR('',#5186,1.);
#5186 = DIRECTION('',(0.,1.,0.));
#5187 = PLANE('',#5188);
#5188 = AXIS2_PLACEMENT_3D('',#5189,#5190,#5191);
#5189 = CARTESIAN_POINT('',(94.5,26.5,-6.4));
#5190 = DIRECTION('',(1.,0.,0.));
#5191 = DIRECTION('',(0.,0.,1.));
#5192 = ADVANCED_FACE('',(#5193),#5209,.F.);
#5193 = FACE_BOUND('',#5194,.F.);
#5194 = EDGE_LOOP('',(#5195,#5201,#5202,#5208));
#5195 = ORIENTED_EDGE('',*,*,#5196,.F.);
#5196 = EDGE_CURVE('',#5117,#5157,#5197,.T.);
#5197 = LINE('',#5198,#5199);
#5198 = CARTESIAN_POINT('',(82.5,26.5,-6.4));
#5199 = VECTOR('',#5200,1.);
#5200 = DIRECTION('',(1.,0.,0.));
#5201 = ORIENTED_EDGE('',*,*,#5116,.T.);
#5202 = ORIENTED_EDGE('',*,*,#5203,.T.);
#5203 = EDGE_CURVE('',#5119,#5159,#5204,.T.);
#5204 = LINE('',#5205,#5206);
#5205 = CARTESIAN_POINT('',(82.5,26.5,11.4));
#5206 = VECTOR('',#5207,1.);
#5207 = DIRECTION('',(1.,0.,0.));
#5208 = ORIENTED_EDGE('',*,*,#5156,.F.);
#5209 = PLANE('',#5210);
#5210 = AXIS2_PLACEMENT_3D('',#5211,#5212,#5213);
#5211 = CARTESIAN_POINT('',(82.5,26.5,-6.4));
#5212 = DIRECTION('',(0.,1.,0.));
#5213 = DIRECTION('',(0.,0.,1.));
#5214 = ADVANCED_FACE('',(#5215),#5231,.T.);
#5215 = FACE_BOUND('',#5216,.T.);
#5216 = EDGE_LOOP('',(#5217,#5223,#5224,#5230));
#5217 = ORIENTED_EDGE('',*,*,#5218,.F.);
#5218 = EDGE_CURVE('',#5127,#5167,#5219,.T.);
#5219 = LINE('',#5220,#5221);
#5220 = CARTESIAN_POINT('',(82.5,47.5,-6.4));
#5221 = VECTOR('',#5222,1.);
#5222 = DIRECTION('',(1.,0.,0.));
#5223 = ORIENTED_EDGE('',*,*,#5134,.T.);
#5224 = ORIENTED_EDGE('',*,*,#5225,.T.);
#5225 = EDGE_CURVE('',#5135,#5175,#5226,.T.);
#5226 = LINE('',#5227,#5228);
#5227 = CARTESIAN_POINT('',(82.5,47.5,11.4));
#5228 = VECTOR('',#5229,1.);
#5229 = DIRECTION('',(1.,0.,0.));
#5230 = ORIENTED_EDGE('',*,*,#5174,.F.);
#5231 = PLANE('',#5232);
#5232 = AXIS2_PLACEMENT_3D('',#5233,#5234,#5235);
#5233 = CARTESIAN_POINT('',(82.5,47.5,-6.4));
#5234 = DIRECTION('',(0.,1.,0.));
#5235 = DIRECTION('',(0.,0.,1.));
#5236 = ADVANCED_FACE('',(#5237),#5243,.F.);
#5237 = FACE_BOUND('',#5238,.F.);
#5238 = EDGE_LOOP('',(#5239,#5240,#5241,#5242));
#5239 = ORIENTED_EDGE('',*,*,#5126,.F.);
#5240 = ORIENTED_EDGE('',*,*,#5196,.T.);
#5241 = ORIENTED_EDGE('',*,*,#5166,.T.);
#5242 = ORIENTED_EDGE('',*,*,#5218,.F.);
#5243 = PLANE('',#5244);
#5244 = AXIS2_PLACEMENT_3D('',#5245,#5246,#5247);
#5245 = CARTESIAN_POINT('',(82.5,26.5,-6.4));
#5246 = DIRECTION('',(0.,0.,1.));
#5247 = DIRECTION('',(1.,0.,0.));
#5248 = ADVANCED_FACE('',(#5249),#5255,.T.);
#5249 = FACE_BOUND('',#5250,.T.);
#5250 = EDGE_LOOP('',(#5251,#5252,#5253,#5254));
#5251 = ORIENTED_EDGE('',*,*,#5142,.F.);
#5252 = ORIENTED_EDGE('',*,*,#5203,.T.);
#5253 = ORIENTED_EDGE('',*,*,#5182,.T.);
#5254 = ORIENTED_EDGE('',*,*,#5225,.F.);
#5255 = PLANE('',#5256);
#5256 = AXIS2_PLACEMENT_3D('',#5257,#5258,#5259);
#5257 = CARTESIAN_POINT('',(82.5,26.5,11.4));
#5258 = DIRECTION('',(0.,0.,1.));
#5259 = DIRECTION('',(1.,0.,0.));
#5260 = MANIFOLD_SOLID_BREP('',#5261);
#5261 = CLOSED_SHELL('',(#5262,#5302,#5335,#5368,#5401,#5434,#5451,#5468
    ,#5499,#5530,#5547,#5578,#5595,#5696,#5714,#5732,#5765,#5783,#5814,
    #5832,#5863,#5892,#5925,#5951,#5977,#6002,#6027,#6053,#6079,#6096,
    #6107,#6118,#6130,#6141,#6152,#6183,#6208,#6233,#6257,#6281,#6306,
    #6331,#6348,#6381,#6398,#6415,#6440,#6465,#6482,#6499,#6516));
#5262 = ADVANCED_FACE('',(#5263),#5297,.F.);
#5263 = FACE_BOUND('',#5264,.F.);
#5264 = EDGE_LOOP('',(#5265,#5275,#5283,#5291));
#5265 = ORIENTED_EDGE('',*,*,#5266,.F.);
#5266 = EDGE_CURVE('',#5267,#5269,#5271,.T.);
#5267 = VERTEX_POINT('',#5268);
#5268 = CARTESIAN_POINT('',(80.,48.7,-7.3));
#5269 = VERTEX_POINT('',#5270);
#5270 = CARTESIAN_POINT('',(80.,48.7,12.3));
#5271 = LINE('',#5272,#5273);
#5272 = CARTESIAN_POINT('',(80.,48.7,-8.));
#5273 = VECTOR('',#5274,1.);
#5274 = DIRECTION('',(0.,0.,1.));
#5275 = ORIENTED_EDGE('',*,*,#5276,.T.);
#5276 = EDGE_CURVE('',#5267,#5277,#5279,.T.);
#5277 = VERTEX_POINT('',#5278);
#5278 = CARTESIAN_POINT('',(80.,102.3,-7.3));
#5279 = LINE('',#5280,#5281);
#5280 = CARTESIAN_POINT('',(80.,48.,-7.3));
#5281 = VECTOR('',#5282,1.);
#5282 = DIRECTION('',(0.,1.,0.));
#5283 = ORIENTED_EDGE('',*,*,#5284,.T.);
#5284 = EDGE_CURVE('',#5277,#5285,#5287,.T.);
#5285 = VERTEX_POINT('',#5286);
#5286 = CARTESIAN_POINT('',(80.,102.3,12.3));
#5287 = LINE('',#5288,#5289);
#5288 = CARTESIAN_POINT('',(80.,102.3,-8.));
#5289 = VECTOR('',#5290,1.);
#5290 = DIRECTION('',(0.,0.,1.));
#5291 = ORIENTED_EDGE('',*,*,#5292,.F.);
#5292 = EDGE_CURVE('',#5269,#5285,#5293,.T.);
#5293 = LINE('',#5294,#5295);
#5294 = CARTESIAN_POINT('',(80.,48.,12.3));
#5295 = VECTOR('',#5296,1.);
#5296 = DIRECTION('',(0.,1.,0.));
#5297 = PLANE('',#5298);
#5298 = AXIS2_PLACEMENT_3D('',#5299,#5300,#5301);
#5299 = CARTESIAN_POINT('',(80.,48.,-8.));
#5300 = DIRECTION('',(1.,0.,0.));
#5301 = DIRECTION('',(0.,0.,1.));
#5302 = ADVANCED_FACE('',(#5303),#5330,.T.);
#5303 = FACE_BOUND('',#5304,.T.);
#5304 = EDGE_LOOP('',(#5305,#5306,#5315,#5323));
#5305 = ORIENTED_EDGE('',*,*,#5266,.F.);
#5306 = ORIENTED_EDGE('',*,*,#5307,.T.);
#5307 = EDGE_CURVE('',#5267,#5308,#5310,.T.);
#5308 = VERTEX_POINT('',#5309);
#5309 = CARTESIAN_POINT('',(80.7,48.,-7.3));
#5310 = CIRCLE('',#5311,0.7);
#5311 = AXIS2_PLACEMENT_3D('',#5312,#5313,#5314);
#5312 = CARTESIAN_POINT('',(80.7,48.7,-7.3));
#5313 = DIRECTION('',(0.,0.,1.));
#5314 = DIRECTION('',(-1.,0.,0.));
#5315 = ORIENTED_EDGE('',*,*,#5316,.T.);
#5316 = EDGE_CURVE('',#5308,#5317,#5319,.T.);
#5317 = VERTEX_POINT('',#5318);
#5318 = CARTESIAN_POINT('',(80.7,48.,12.3));
#5319 = LINE('',#5320,#5321);
#5320 = CARTESIAN_POINT('',(80.7,48.,-8.));
#5321 = VECTOR('',#5322,1.);
#5322 = DIRECTION('',(0.,0.,1.));
#5323 = ORIENTED_EDGE('',*,*,#5324,.F.);
#5324 = EDGE_CURVE('',#5269,#5317,#5325,.T.);
#5325 = CIRCLE('',#5326,0.7);
#5326 = AXIS2_PLACEMENT_3D('',#5327,#5328,#5329);
#5327 = CARTESIAN_POINT('',(80.7,48.7,12.3));
#5328 = DIRECTION('',(0.,0.,1.));
#5329 = DIRECTION('',(-1.,0.,0.));
#5330 = CYLINDRICAL_SURFACE('',#5331,0.7);
#5331 = AXIS2_PLACEMENT_3D('',#5332,#5333,#5334);
#5332 = CARTESIAN_POINT('',(80.7,48.7,-8.));
#5333 = DIRECTION('',(0.,0.,1.));
#5334 = DIRECTION('',(-1.,0.,0.));
#5335 = ADVANCED_FACE('',(#5336),#5363,.T.);
#5336 = FACE_BOUND('',#5337,.F.);
#5337 = EDGE_LOOP('',(#5338,#5347,#5355,#5362));
#5338 = ORIENTED_EDGE('',*,*,#5339,.F.);
#5339 = EDGE_CURVE('',#5340,#5267,#5342,.T.);
#5340 = VERTEX_POINT('',#5341);
#5341 = CARTESIAN_POINT('',(80.7,48.7,-8.));
#5342 = CIRCLE('',#5343,0.7);
#5343 = AXIS2_PLACEMENT_3D('',#5344,#5345,#5346);
#5344 = CARTESIAN_POINT('',(80.7,48.7,-7.3));
#5345 = DIRECTION('',(0.,1.,-0.));
#5346 = DIRECTION('',(-1.,0.,0.));
#5347 = ORIENTED_EDGE('',*,*,#5348,.T.);
#5348 = EDGE_CURVE('',#5340,#5349,#5351,.T.);
#5349 = VERTEX_POINT('',#5350);
#5350 = CARTESIAN_POINT('',(80.7,102.3,-8.));
#5351 = LINE('',#5352,#5353);
#5352 = CARTESIAN_POINT('',(80.7,48.,-8.));
#5353 = VECTOR('',#5354,1.);
#5354 = DIRECTION('',(0.,1.,0.));
#5355 = ORIENTED_EDGE('',*,*,#5356,.T.);
#5356 = EDGE_CURVE('',#5349,#5277,#5357,.T.);
#5357 = CIRCLE('',#5358,0.7);
#5358 = AXIS2_PLACEMENT_3D('',#5359,#5360,#5361);
#5359 = CARTESIAN_POINT('',(80.7,102.3,-7.3));
#5360 = DIRECTION('',(0.,1.,-0.));
#5361 = DIRECTION('',(-1.,0.,0.));
#5362 = ORIENTED_EDGE('',*,*,#5276,.F.);
#5363 = CYLINDRICAL_SURFACE('',#5364,0.7);
#5364 = AXIS2_PLACEMENT_3D('',#5365,#5366,#5367);
#5365 = CARTESIAN_POINT('',(80.7,48.,-7.3));
#5366 = DIRECTION('',(0.,1.,0.));
#5367 = DIRECTION('',(-1.,0.,0.));
#5368 = ADVANCED_FACE('',(#5369),#5396,.T.);
#5369 = FACE_BOUND('',#5370,.T.);
#5370 = EDGE_LOOP('',(#5371,#5380,#5388,#5395));
#5371 = ORIENTED_EDGE('',*,*,#5372,.F.);
#5372 = EDGE_CURVE('',#5373,#5269,#5375,.T.);
#5373 = VERTEX_POINT('',#5374);
#5374 = CARTESIAN_POINT('',(80.7,48.7,13.));
#5375 = CIRCLE('',#5376,0.7);
#5376 = AXIS2_PLACEMENT_3D('',#5377,#5378,#5379);
#5377 = CARTESIAN_POINT('',(80.7,48.7,12.3));
#5378 = DIRECTION('',(0.,-1.,0.));
#5379 = DIRECTION('',(-1.,0.,0.));
#5380 = ORIENTED_EDGE('',*,*,#5381,.T.);
#5381 = EDGE_CURVE('',#5373,#5382,#5384,.T.);
#5382 = VERTEX_POINT('',#5383);
#5383 = CARTESIAN_POINT('',(80.7,102.3,13.));
#5384 = LINE('',#5385,#5386);
#5385 = CARTESIAN_POINT('',(80.7,48.,13.));
#5386 = VECTOR('',#5387,1.);
#5387 = DIRECTION('',(0.,1.,0.));
#5388 = ORIENTED_EDGE('',*,*,#5389,.F.);
#5389 = EDGE_CURVE('',#5285,#5382,#5390,.T.);
#5390 = CIRCLE('',#5391,0.7);
#5391 = AXIS2_PLACEMENT_3D('',#5392,#5393,#5394);
#5392 = CARTESIAN_POINT('',(80.7,102.3,12.3));
#5393 = DIRECTION('',(0.,1.,-0.));
#5394 = DIRECTION('',(-1.,0.,0.));
#5395 = ORIENTED_EDGE('',*,*,#5292,.F.);
#5396 = CYLINDRICAL_SURFACE('',#5397,0.7);
#5397 = AXIS2_PLACEMENT_3D('',#5398,#5399,#5400);
#5398 = CARTESIAN_POINT('',(80.7,48.,12.3));
#5399 = DIRECTION('',(0.,1.,0.));
#5400 = DIRECTION('',(-1.,0.,0.));
#5401 = ADVANCED_FACE('',(#5402),#5429,.T.);
#5402 = FACE_BOUND('',#5403,.F.);
#5403 = EDGE_LOOP('',(#5404,#5405,#5414,#5422));
#5404 = ORIENTED_EDGE('',*,*,#5284,.F.);
#5405 = ORIENTED_EDGE('',*,*,#5406,.T.);
#5406 = EDGE_CURVE('',#5277,#5407,#5409,.T.);
#5407 = VERTEX_POINT('',#5408);
#5408 = CARTESIAN_POINT('',(80.7,103.,-7.3));
#5409 = CIRCLE('',#5410,0.7);
#5410 = AXIS2_PLACEMENT_3D('',#5411,#5412,#5413);
#5411 = CARTESIAN_POINT('',(80.7,102.3,-7.3));
#5412 = DIRECTION('',(0.,0.,-1.));
#5413 = DIRECTION('',(-1.,0.,0.));
#5414 = ORIENTED_EDGE('',*,*,#5415,.T.);
#5415 = EDGE_CURVE('',#5407,#5416,#5418,.T.);
#5416 = VERTEX_POINT('',#5417);
#5417 = CARTESIAN_POINT('',(80.7,103.,12.3));
#5418 = LINE('',#5419,#5420);
#5419 = CARTESIAN_POINT('',(80.7,103.,-8.));
#5420 = VECTOR('',#5421,1.);
#5421 = DIRECTION('',(0.,0.,1.));
#5422 = ORIENTED_EDGE('',*,*,#5423,.T.);
#5423 = EDGE_CURVE('',#5416,#5285,#5424,.T.);
#5424 = CIRCLE('',#5425,0.7);
#5425 = AXIS2_PLACEMENT_3D('',#5426,#5427,#5428);
#5426 = CARTESIAN_POINT('',(80.7,102.3,12.3));
#5427 = DIRECTION('',(0.,0.,1.));
#5428 = DIRECTION('',(-1.,0.,0.));
#5429 = CYLINDRICAL_SURFACE('',#5430,0.7);
#5430 = AXIS2_PLACEMENT_3D('',#5431,#5432,#5433);
#5431 = CARTESIAN_POINT('',(80.7,102.3,-8.));
#5432 = DIRECTION('',(0.,0.,1.));
#5433 = DIRECTION('',(-1.,0.,0.));
#5434 = ADVANCED_FACE('',(#5435),#5446,.T.);
#5435 = FACE_BOUND('',#5436,.T.);
#5436 = EDGE_LOOP('',(#5437,#5438,#5445));
#5437 = ORIENTED_EDGE('',*,*,#5339,.F.);
#5438 = ORIENTED_EDGE('',*,*,#5439,.T.);
#5439 = EDGE_CURVE('',#5340,#5308,#5440,.T.);
#5440 = CIRCLE('',#5441,0.7);
#5441 = AXIS2_PLACEMENT_3D('',#5442,#5443,#5444);
#5442 = CARTESIAN_POINT('',(80.7,48.7,-7.3));
#5443 = DIRECTION('',(-1.,6.123233995737E-17,0.));
#5444 = DIRECTION('',(-6.123233995737E-17,-1.,0.));
#5445 = ORIENTED_EDGE('',*,*,#5307,.F.);
#5446 = SPHERICAL_SURFACE('',#5447,0.7);
#5447 = AXIS2_PLACEMENT_3D('',#5448,#5449,#5450);
#5448 = CARTESIAN_POINT('',(80.7,48.7,-7.3));
#5449 = DIRECTION('',(0.,0.,1.));
#5450 = DIRECTION('',(-1.,0.,0.));
#5451 = ADVANCED_FACE('',(#5452),#5463,.T.);
#5452 = FACE_BOUND('',#5453,.F.);
#5453 = EDGE_LOOP('',(#5454,#5455,#5462));
#5454 = ORIENTED_EDGE('',*,*,#5372,.F.);
#5455 = ORIENTED_EDGE('',*,*,#5456,.T.);
#5456 = EDGE_CURVE('',#5373,#5317,#5457,.T.);
#5457 = CIRCLE('',#5458,0.7);
#5458 = AXIS2_PLACEMENT_3D('',#5459,#5460,#5461);
#5459 = CARTESIAN_POINT('',(80.7,48.7,12.3));
#5460 = DIRECTION('',(1.,-6.123233995737E-17,0.));
#5461 = DIRECTION('',(-6.123233995737E-17,-1.,0.));
#5462 = ORIENTED_EDGE('',*,*,#5324,.F.);
#5463 = SPHERICAL_SURFACE('',#5464,0.7);
#5464 = AXIS2_PLACEMENT_3D('',#5465,#5466,#5467);
#5465 = CARTESIAN_POINT('',(80.7,48.7,12.3));
#5466 = DIRECTION('',(-0.,-0.,-1.));
#5467 = DIRECTION('',(-1.,0.,0.));
#5468 = ADVANCED_FACE('',(#5469),#5494,.F.);
#5469 = FACE_BOUND('',#5470,.F.);
#5470 = EDGE_LOOP('',(#5471,#5472,#5480,#5488));
#5471 = ORIENTED_EDGE('',*,*,#5316,.T.);
#5472 = ORIENTED_EDGE('',*,*,#5473,.T.);
#5473 = EDGE_CURVE('',#5317,#5474,#5476,.T.);
#5474 = VERTEX_POINT('',#5475);
#5475 = CARTESIAN_POINT('',(92.3,48.,12.3));
#5476 = LINE('',#5477,#5478);
#5477 = CARTESIAN_POINT('',(80.,48.,12.3));
#5478 = VECTOR('',#5479,1.);
#5479 = DIRECTION('',(1.,0.,0.));
#5480 = ORIENTED_EDGE('',*,*,#5481,.F.);
#5481 = EDGE_CURVE('',#5482,#5474,#5484,.T.);
#5482 = VERTEX_POINT('',#5483);
#5483 = CARTESIAN_POINT('',(92.3,48.,-7.3));
#5484 = LINE('',#5485,#5486);
#5485 = CARTESIAN_POINT('',(92.3,48.,-8.));
#5486 = VECTOR('',#5487,1.);
#5487 = DIRECTION('',(0.,0.,1.));
#5488 = ORIENTED_EDGE('',*,*,#5489,.F.);
#5489 = EDGE_CURVE('',#5308,#5482,#5490,.T.);
#5490 = LINE('',#5491,#5492);
#5491 = CARTESIAN_POINT('',(80.,48.,-7.3));
#5492 = VECTOR('',#5493,1.);
#5493 = DIRECTION('',(1.,0.,0.));
#5494 = PLANE('',#5495);
#5495 = AXIS2_PLACEMENT_3D('',#5496,#5497,#5498);
#5496 = CARTESIAN_POINT('',(80.,48.,-8.));
#5497 = DIRECTION('',(0.,1.,0.));
#5498 = DIRECTION('',(0.,0.,1.));
#5499 = ADVANCED_FACE('',(#5500),#5525,.F.);
#5500 = FACE_BOUND('',#5501,.F.);
#5501 = EDGE_LOOP('',(#5502,#5503,#5511,#5519));
#5502 = ORIENTED_EDGE('',*,*,#5348,.F.);
#5503 = ORIENTED_EDGE('',*,*,#5504,.T.);
#5504 = EDGE_CURVE('',#5340,#5505,#5507,.T.);
#5505 = VERTEX_POINT('',#5506);
#5506 = CARTESIAN_POINT('',(92.3,48.7,-8.));
#5507 = LINE('',#5508,#5509);
#5508 = CARTESIAN_POINT('',(80.,48.7,-8.));
#5509 = VECTOR('',#5510,1.);
#5510 = DIRECTION('',(1.,0.,0.));
#5511 = ORIENTED_EDGE('',*,*,#5512,.T.);
#5512 = EDGE_CURVE('',#5505,#5513,#5515,.T.);
#5513 = VERTEX_POINT('',#5514);
#5514 = CARTESIAN_POINT('',(92.3,102.3,-8.));
#5515 = LINE('',#5516,#5517);
#5516 = CARTESIAN_POINT('',(92.3,48.,-8.));
#5517 = VECTOR('',#5518,1.);
#5518 = DIRECTION('',(0.,1.,0.));
#5519 = ORIENTED_EDGE('',*,*,#5520,.F.);
#5520 = EDGE_CURVE('',#5349,#5513,#5521,.T.);
#5521 = LINE('',#5522,#5523);
#5522 = CARTESIAN_POINT('',(80.,102.3,-8.));
#5523 = VECTOR('',#5524,1.);
#5524 = DIRECTION('',(1.,0.,0.));
#5525 = PLANE('',#5526);
#5526 = AXIS2_PLACEMENT_3D('',#5527,#5528,#5529);
#5527 = CARTESIAN_POINT('',(80.,48.,-8.));
#5528 = DIRECTION('',(0.,0.,1.));
#5529 = DIRECTION('',(1.,0.,0.));
#5530 = ADVANCED_FACE('',(#5531),#5542,.T.);
#5531 = FACE_BOUND('',#5532,.F.);
#5532 = EDGE_LOOP('',(#5533,#5534,#5541));
#5533 = ORIENTED_EDGE('',*,*,#5356,.F.);
#5534 = ORIENTED_EDGE('',*,*,#5535,.T.);
#5535 = EDGE_CURVE('',#5349,#5407,#5536,.T.);
#5536 = CIRCLE('',#5537,0.7);
#5537 = AXIS2_PLACEMENT_3D('',#5538,#5539,#5540);
#5538 = CARTESIAN_POINT('',(80.7,102.3,-7.3));
#5539 = DIRECTION('',(1.,6.123233995737E-17,-0.));
#5540 = DIRECTION('',(-6.123233995737E-17,1.,0.));
#5541 = ORIENTED_EDGE('',*,*,#5406,.F.);
#5542 = SPHERICAL_SURFACE('',#5543,0.7);
#5543 = AXIS2_PLACEMENT_3D('',#5544,#5545,#5546);
#5544 = CARTESIAN_POINT('',(80.7,102.3,-7.3));
#5545 = DIRECTION('',(0.,0.,1.));
#5546 = DIRECTION('',(-1.,0.,0.));
#5547 = ADVANCED_FACE('',(#5548),#5573,.T.);
#5548 = FACE_BOUND('',#5549,.T.);
#5549 = EDGE_LOOP('',(#5550,#5551,#5559,#5567));
#5550 = ORIENTED_EDGE('',*,*,#5381,.F.);
#5551 = ORIENTED_EDGE('',*,*,#5552,.T.);
#5552 = EDGE_CURVE('',#5373,#5553,#5555,.T.);
#5553 = VERTEX_POINT('',#5554);
#5554 = CARTESIAN_POINT('',(92.3,48.7,13.));
#5555 = LINE('',#5556,#5557);
#5556 = CARTESIAN_POINT('',(80.,48.7,13.));
#5557 = VECTOR('',#5558,1.);
#5558 = DIRECTION('',(1.,0.,0.));
#5559 = ORIENTED_EDGE('',*,*,#5560,.T.);
#5560 = EDGE_CURVE('',#5553,#5561,#5563,.T.);
#5561 = VERTEX_POINT('',#5562);
#5562 = CARTESIAN_POINT('',(92.3,102.3,13.));
#5563 = LINE('',#5564,#5565);
#5564 = CARTESIAN_POINT('',(92.3,48.,13.));
#5565 = VECTOR('',#5566,1.);
#5566 = DIRECTION('',(0.,1.,0.));
#5567 = ORIENTED_EDGE('',*,*,#5568,.F.);
#5568 = EDGE_CURVE('',#5382,#5561,#5569,.T.);
#5569 = LINE('',#5570,#5571);
#5570 = CARTESIAN_POINT('',(80.,102.3,13.));
#5571 = VECTOR('',#5572,1.);
#5572 = DIRECTION('',(1.,0.,0.));
#5573 = PLANE('',#5574);
#5574 = AXIS2_PLACEMENT_3D('',#5575,#5576,#5577);
#5575 = CARTESIAN_POINT('',(80.,48.,13.));
#5576 = DIRECTION('',(0.,0.,1.));
#5577 = DIRECTION('',(1.,0.,0.));
#5578 = ADVANCED_FACE('',(#5579),#5590,.T.);
#5579 = FACE_BOUND('',#5580,.F.);
#5580 = EDGE_LOOP('',(#5581,#5582,#5589));
#5581 = ORIENTED_EDGE('',*,*,#5423,.F.);
#5582 = ORIENTED_EDGE('',*,*,#5583,.T.);
#5583 = EDGE_CURVE('',#5416,#5382,#5584,.T.);
#5584 = CIRCLE('',#5585,0.7);
#5585 = AXIS2_PLACEMENT_3D('',#5586,#5587,#5588);
#5586 = CARTESIAN_POINT('',(80.7,102.3,12.3));
#5587 = DIRECTION('',(1.,0.,6.123233995737E-17));
#5588 = DIRECTION('',(-6.123233995737E-17,0.,1.));
#5589 = ORIENTED_EDGE('',*,*,#5389,.F.);
#5590 = SPHERICAL_SURFACE('',#5591,0.7);
#5591 = AXIS2_PLACEMENT_3D('',#5592,#5593,#5594);
#5592 = CARTESIAN_POINT('',(80.7,102.3,12.3));
#5593 = DIRECTION('',(-0.,-1.,-0.));
#5594 = DIRECTION('',(-1.,0.,0.));
#5595 = ADVANCED_FACE('',(#5596,#5621),#5691,.T.);
#5596 = FACE_BOUND('',#5597,.T.);
#5597 = EDGE_LOOP('',(#5598,#5599,#5607,#5615));
#5598 = ORIENTED_EDGE('',*,*,#5415,.T.);
#5599 = ORIENTED_EDGE('',*,*,#5600,.T.);
#5600 = EDGE_CURVE('',#5416,#5601,#5603,.T.);
#5601 = VERTEX_POINT('',#5602);
#5602 = CARTESIAN_POINT('',(92.3,103.,12.3));
#5603 = LINE('',#5604,#5605);
#5604 = CARTESIAN_POINT('',(80.,103.,12.3));
#5605 = VECTOR('',#5606,1.);
#5606 = DIRECTION('',(1.,0.,0.));
#5607 = ORIENTED_EDGE('',*,*,#5608,.F.);
#5608 = EDGE_CURVE('',#5609,#5601,#5611,.T.);
#5609 = VERTEX_POINT('',#5610);
#5610 = CARTESIAN_POINT('',(92.3,103.,-7.3));
#5611 = LINE('',#5612,#5613);
#5612 = CARTESIAN_POINT('',(92.3,103.,-8.));
#5613 = VECTOR('',#5614,1.);
#5614 = DIRECTION('',(0.,0.,1.));
#5615 = ORIENTED_EDGE('',*,*,#5616,.F.);
#5616 = EDGE_CURVE('',#5407,#5609,#5617,.T.);
#5617 = LINE('',#5618,#5619);
#5618 = CARTESIAN_POINT('',(80.,103.,-7.3));
#5619 = VECTOR('',#5620,1.);
#5620 = DIRECTION('',(1.,0.,0.));
#5621 = FACE_BOUND('',#5622,.T.);
#5622 = EDGE_LOOP('',(#5623,#5633,#5642,#5650,#5659,#5667,#5676,#5684));
#5623 = ORIENTED_EDGE('',*,*,#5624,.F.);
#5624 = EDGE_CURVE('',#5625,#5627,#5629,.T.);
#5625 = VERTEX_POINT('',#5626);
#5626 = CARTESIAN_POINT('',(81.1,103.,-5.5));
#5627 = VERTEX_POINT('',#5628);
#5628 = CARTESIAN_POINT('',(81.1,103.,10.5));
#5629 = LINE('',#5630,#5631);
#5630 = CARTESIAN_POINT('',(81.1,103.,-6.2));
#5631 = VECTOR('',#5632,1.);
#5632 = DIRECTION('',(0.,0.,1.));
#5633 = ORIENTED_EDGE('',*,*,#5634,.T.);
#5634 = EDGE_CURVE('',#5625,#5635,#5637,.T.);
#5635 = VERTEX_POINT('',#5636);
#5636 = CARTESIAN_POINT('',(82.5,103.,-6.9));
#5637 = CIRCLE('',#5638,1.4);
#5638 = AXIS2_PLACEMENT_3D('',#5639,#5640,#5641);
#5639 = CARTESIAN_POINT('',(82.5,103.,-5.5));
#5640 = DIRECTION('',(-0.,-1.,-0.));
#5641 = DIRECTION('',(-1.,0.,0.));
#5642 = ORIENTED_EDGE('',*,*,#5643,.T.);
#5643 = EDGE_CURVE('',#5635,#5644,#5646,.T.);
#5644 = VERTEX_POINT('',#5645);
#5645 = CARTESIAN_POINT('',(90.5,103.,-6.9));
#5646 = LINE('',#5647,#5648);
#5647 = CARTESIAN_POINT('',(81.8,103.,-6.9));
#5648 = VECTOR('',#5649,1.);
#5649 = DIRECTION('',(1.,0.,0.));
#5650 = ORIENTED_EDGE('',*,*,#5651,.F.);
#5651 = EDGE_CURVE('',#5652,#5644,#5654,.T.);
#5652 = VERTEX_POINT('',#5653);
#5653 = CARTESIAN_POINT('',(91.9,103.,-5.5));
#5654 = CIRCLE('',#5655,1.4);
#5655 = AXIS2_PLACEMENT_3D('',#5656,#5657,#5658);
#5656 = CARTESIAN_POINT('',(90.5,103.,-5.5));
#5657 = DIRECTION('',(-0.,1.,0.));
#5658 = DIRECTION('',(1.,0.,0.));
#5659 = ORIENTED_EDGE('',*,*,#5660,.T.);
#5660 = EDGE_CURVE('',#5652,#5661,#5663,.T.);
#5661 = VERTEX_POINT('',#5662);
#5662 = CARTESIAN_POINT('',(91.9,103.,10.5));
#5663 = LINE('',#5664,#5665);
#5664 = CARTESIAN_POINT('',(91.9,103.,-6.2));
#5665 = VECTOR('',#5666,1.);
#5666 = DIRECTION('',(0.,0.,1.));
#5667 = ORIENTED_EDGE('',*,*,#5668,.F.);
#5668 = EDGE_CURVE('',#5669,#5661,#5671,.T.);
#5669 = VERTEX_POINT('',#5670);
#5670 = CARTESIAN_POINT('',(90.5,103.,11.9));
#5671 = CIRCLE('',#5672,1.4);
#5672 = AXIS2_PLACEMENT_3D('',#5673,#5674,#5675);
#5673 = CARTESIAN_POINT('',(90.5,103.,10.5));
#5674 = DIRECTION('',(0.,1.,0.));
#5675 = DIRECTION('',(0.,0.,1.));
#5676 = ORIENTED_EDGE('',*,*,#5677,.F.);
#5677 = EDGE_CURVE('',#5678,#5669,#5680,.T.);
#5678 = VERTEX_POINT('',#5679);
#5679 = CARTESIAN_POINT('',(82.5,103.,11.9));
#5680 = LINE('',#5681,#5682);
#5681 = CARTESIAN_POINT('',(81.8,103.,11.9));
#5682 = VECTOR('',#5683,1.);
#5683 = DIRECTION('',(1.,0.,0.));
#5684 = ORIENTED_EDGE('',*,*,#5685,.F.);
#5685 = EDGE_CURVE('',#5627,#5678,#5686,.T.);
#5686 = CIRCLE('',#5687,1.4);
#5687 = AXIS2_PLACEMENT_3D('',#5688,#5689,#5690);
#5688 = CARTESIAN_POINT('',(82.5,103.,10.5));
#5689 = DIRECTION('',(0.,1.,-0.));
#5690 = DIRECTION('',(-1.,0.,0.));
#5691 = PLANE('',#5692);
#5692 = AXIS2_PLACEMENT_3D('',#5693,#5694,#5695);
#5693 = CARTESIAN_POINT('',(80.,103.,-8.));
#5694 = DIRECTION('',(0.,1.,0.));
#5695 = DIRECTION('',(0.,0.,1.));
#5696 = ADVANCED_FACE('',(#5697),#5709,.T.);
#5697 = FACE_BOUND('',#5698,.T.);
#5698 = EDGE_LOOP('',(#5699,#5700,#5701,#5708));
#5699 = ORIENTED_EDGE('',*,*,#5439,.F.);
#5700 = ORIENTED_EDGE('',*,*,#5504,.T.);
#5701 = ORIENTED_EDGE('',*,*,#5702,.F.);
#5702 = EDGE_CURVE('',#5482,#5505,#5703,.T.);
#5703 = CIRCLE('',#5704,0.7);
#5704 = AXIS2_PLACEMENT_3D('',#5705,#5706,#5707);
#5705 = CARTESIAN_POINT('',(92.3,48.7,-7.3));
#5706 = DIRECTION('',(1.,0.,0.));
#5707 = DIRECTION('',(0.,-1.,0.));
#5708 = ORIENTED_EDGE('',*,*,#5489,.F.);
#5709 = CYLINDRICAL_SURFACE('',#5710,0.7);
#5710 = AXIS2_PLACEMENT_3D('',#5711,#5712,#5713);
#5711 = CARTESIAN_POINT('',(80.,48.7,-7.3));
#5712 = DIRECTION('',(1.,0.,0.));
#5713 = DIRECTION('',(0.,-1.,0.));
#5714 = ADVANCED_FACE('',(#5715),#5727,.T.);
#5715 = FACE_BOUND('',#5716,.F.);
#5716 = EDGE_LOOP('',(#5717,#5718,#5719,#5726));
#5717 = ORIENTED_EDGE('',*,*,#5456,.F.);
#5718 = ORIENTED_EDGE('',*,*,#5552,.T.);
#5719 = ORIENTED_EDGE('',*,*,#5720,.T.);
#5720 = EDGE_CURVE('',#5553,#5474,#5721,.T.);
#5721 = CIRCLE('',#5722,0.7);
#5722 = AXIS2_PLACEMENT_3D('',#5723,#5724,#5725);
#5723 = CARTESIAN_POINT('',(92.3,48.7,12.3));
#5724 = DIRECTION('',(1.,0.,0.));
#5725 = DIRECTION('',(0.,-1.,0.));
#5726 = ORIENTED_EDGE('',*,*,#5473,.F.);
#5727 = CYLINDRICAL_SURFACE('',#5728,0.7);
#5728 = AXIS2_PLACEMENT_3D('',#5729,#5730,#5731);
#5729 = CARTESIAN_POINT('',(80.,48.7,12.3));
#5730 = DIRECTION('',(1.,0.,0.));
#5731 = DIRECTION('',(0.,-1.,0.));
#5732 = ADVANCED_FACE('',(#5733),#5760,.T.);
#5733 = FACE_BOUND('',#5734,.T.);
#5734 = EDGE_LOOP('',(#5735,#5744,#5752,#5759));
#5735 = ORIENTED_EDGE('',*,*,#5736,.F.);
#5736 = EDGE_CURVE('',#5737,#5482,#5739,.T.);
#5737 = VERTEX_POINT('',#5738);
#5738 = CARTESIAN_POINT('',(93.,48.7,-7.3));
#5739 = CIRCLE('',#5740,0.7);
#5740 = AXIS2_PLACEMENT_3D('',#5741,#5742,#5743);
#5741 = CARTESIAN_POINT('',(92.3,48.7,-7.3));
#5742 = DIRECTION('',(-0.,-0.,-1.));
#5743 = DIRECTION('',(0.,-1.,0.));
#5744 = ORIENTED_EDGE('',*,*,#5745,.T.);
#5745 = EDGE_CURVE('',#5737,#5746,#5748,.T.);
#5746 = VERTEX_POINT('',#5747);
#5747 = CARTESIAN_POINT('',(93.,48.7,12.3));
#5748 = LINE('',#5749,#5750);
#5749 = CARTESIAN_POINT('',(93.,48.7,-8.));
#5750 = VECTOR('',#5751,1.);
#5751 = DIRECTION('',(0.,0.,1.));
#5752 = ORIENTED_EDGE('',*,*,#5753,.F.);
#5753 = EDGE_CURVE('',#5474,#5746,#5754,.T.);
#5754 = CIRCLE('',#5755,0.7);
#5755 = AXIS2_PLACEMENT_3D('',#5756,#5757,#5758);
#5756 = CARTESIAN_POINT('',(92.3,48.7,12.3));
#5757 = DIRECTION('',(-0.,0.,1.));
#5758 = DIRECTION('',(0.,-1.,0.));
#5759 = ORIENTED_EDGE('',*,*,#5481,.F.);
#5760 = CYLINDRICAL_SURFACE('',#5761,0.7);
#5761 = AXIS2_PLACEMENT_3D('',#5762,#5763,#5764);
#5762 = CARTESIAN_POINT('',(92.3,48.7,-8.));
#5763 = DIRECTION('',(0.,0.,1.));
#5764 = DIRECTION('',(0.,-1.,0.));
#5765 = ADVANCED_FACE('',(#5766),#5778,.T.);
#5766 = FACE_BOUND('',#5767,.F.);
#5767 = EDGE_LOOP('',(#5768,#5769,#5770,#5777));
#5768 = ORIENTED_EDGE('',*,*,#5535,.F.);
#5769 = ORIENTED_EDGE('',*,*,#5520,.T.);
#5770 = ORIENTED_EDGE('',*,*,#5771,.F.);
#5771 = EDGE_CURVE('',#5609,#5513,#5772,.T.);
#5772 = CIRCLE('',#5773,0.7);
#5773 = AXIS2_PLACEMENT_3D('',#5774,#5775,#5776);
#5774 = CARTESIAN_POINT('',(92.3,102.3,-7.3));
#5775 = DIRECTION('',(-1.,0.,0.));
#5776 = DIRECTION('',(0.,1.,0.));
#5777 = ORIENTED_EDGE('',*,*,#5616,.F.);
#5778 = CYLINDRICAL_SURFACE('',#5779,0.7);
#5779 = AXIS2_PLACEMENT_3D('',#5780,#5781,#5782);
#5780 = CARTESIAN_POINT('',(80.,102.3,-7.3));
#5781 = DIRECTION('',(1.,0.,0.));
#5782 = DIRECTION('',(0.,1.,0.));
#5783 = ADVANCED_FACE('',(#5784),#5809,.T.);
#5784 = FACE_BOUND('',#5785,.F.);
#5785 = EDGE_LOOP('',(#5786,#5793,#5801,#5808));
#5786 = ORIENTED_EDGE('',*,*,#5787,.F.);
#5787 = EDGE_CURVE('',#5737,#5505,#5788,.T.);
#5788 = CIRCLE('',#5789,0.7);
#5789 = AXIS2_PLACEMENT_3D('',#5790,#5791,#5792);
#5790 = CARTESIAN_POINT('',(92.3,48.7,-7.3));
#5791 = DIRECTION('',(0.,1.,-6.123233995737E-17));
#5792 = DIRECTION('',(0.,-6.123233995737E-17,-1.));
#5793 = ORIENTED_EDGE('',*,*,#5794,.T.);
#5794 = EDGE_CURVE('',#5737,#5795,#5797,.T.);
#5795 = VERTEX_POINT('',#5796);
#5796 = CARTESIAN_POINT('',(93.,102.3,-7.3));
#5797 = LINE('',#5798,#5799);
#5798 = CARTESIAN_POINT('',(93.,48.,-7.3));
#5799 = VECTOR('',#5800,1.);
#5800 = DIRECTION('',(0.,1.,0.));
#5801 = ORIENTED_EDGE('',*,*,#5802,.T.);
#5802 = EDGE_CURVE('',#5795,#5513,#5803,.T.);
#5803 = CIRCLE('',#5804,0.7);
#5804 = AXIS2_PLACEMENT_3D('',#5805,#5806,#5807);
#5805 = CARTESIAN_POINT('',(92.3,102.3,-7.3));
#5806 = DIRECTION('',(0.,1.,6.123233995737E-17));
#5807 = DIRECTION('',(0.,6.123233995737E-17,-1.));
#5808 = ORIENTED_EDGE('',*,*,#5512,.F.);
#5809 = CYLINDRICAL_SURFACE('',#5810,0.7);
#5810 = AXIS2_PLACEMENT_3D('',#5811,#5812,#5813);
#5811 = CARTESIAN_POINT('',(92.3,48.,-7.3));
#5812 = DIRECTION('',(0.,1.,0.));
#5813 = DIRECTION('',(0.,0.,-1.));
#5814 = ADVANCED_FACE('',(#5815),#5827,.T.);
#5815 = FACE_BOUND('',#5816,.F.);
#5816 = EDGE_LOOP('',(#5817,#5818,#5819,#5826));
#5817 = ORIENTED_EDGE('',*,*,#5583,.F.);
#5818 = ORIENTED_EDGE('',*,*,#5600,.T.);
#5819 = ORIENTED_EDGE('',*,*,#5820,.F.);
#5820 = EDGE_CURVE('',#5561,#5601,#5821,.T.);
#5821 = CIRCLE('',#5822,0.7);
#5822 = AXIS2_PLACEMENT_3D('',#5823,#5824,#5825);
#5823 = CARTESIAN_POINT('',(92.3,102.3,12.3));
#5824 = DIRECTION('',(-1.,0.,0.));
#5825 = DIRECTION('',(0.,0.,1.));
#5826 = ORIENTED_EDGE('',*,*,#5568,.F.);
#5827 = CYLINDRICAL_SURFACE('',#5828,0.7);
#5828 = AXIS2_PLACEMENT_3D('',#5829,#5830,#5831);
#5829 = CARTESIAN_POINT('',(80.,102.3,12.3));
#5830 = DIRECTION('',(1.,0.,0.));
#5831 = DIRECTION('',(0.,0.,1.));
#5832 = ADVANCED_FACE('',(#5833),#5858,.T.);
#5833 = FACE_BOUND('',#5834,.T.);
#5834 = EDGE_LOOP('',(#5835,#5842,#5850,#5857));
#5835 = ORIENTED_EDGE('',*,*,#5836,.T.);
#5836 = EDGE_CURVE('',#5553,#5746,#5837,.T.);
#5837 = CIRCLE('',#5838,0.7);
#5838 = AXIS2_PLACEMENT_3D('',#5839,#5840,#5841);
#5839 = CARTESIAN_POINT('',(92.3,48.7,12.3));
#5840 = DIRECTION('',(6.123233995737E-17,1.,0.));
#5841 = DIRECTION('',(1.,-6.123233995737E-17,0.));
#5842 = ORIENTED_EDGE('',*,*,#5843,.T.);
#5843 = EDGE_CURVE('',#5746,#5844,#5846,.T.);
#5844 = VERTEX_POINT('',#5845);
#5845 = CARTESIAN_POINT('',(93.,102.3,12.3));
#5846 = LINE('',#5847,#5848);
#5847 = CARTESIAN_POINT('',(93.,48.,12.3));
#5848 = VECTOR('',#5849,1.);
#5849 = DIRECTION('',(0.,1.,0.));
#5850 = ORIENTED_EDGE('',*,*,#5851,.T.);
#5851 = EDGE_CURVE('',#5844,#5561,#5852,.T.);
#5852 = CIRCLE('',#5853,0.7);
#5853 = AXIS2_PLACEMENT_3D('',#5854,#5855,#5856);
#5854 = CARTESIAN_POINT('',(92.3,102.3,12.3));
#5855 = DIRECTION('',(0.,-1.,0.));
#5856 = DIRECTION('',(0.,0.,1.));
#5857 = ORIENTED_EDGE('',*,*,#5560,.F.);
#5858 = CYLINDRICAL_SURFACE('',#5859,0.7);
#5859 = AXIS2_PLACEMENT_3D('',#5860,#5861,#5862);
#5860 = CARTESIAN_POINT('',(92.3,48.,12.3));
#5861 = DIRECTION('',(0.,1.,0.));
#5862 = DIRECTION('',(0.,0.,1.));
#5863 = ADVANCED_FACE('',(#5864),#5887,.T.);
#5864 = FACE_BOUND('',#5865,.F.);
#5865 = EDGE_LOOP('',(#5866,#5873,#5879,#5886));
#5866 = ORIENTED_EDGE('',*,*,#5867,.F.);
#5867 = EDGE_CURVE('',#5795,#5609,#5868,.T.);
#5868 = CIRCLE('',#5869,0.7);
#5869 = AXIS2_PLACEMENT_3D('',#5870,#5871,#5872);
#5870 = CARTESIAN_POINT('',(92.3,102.3,-7.3));
#5871 = DIRECTION('',(0.,-0.,1.));
#5872 = DIRECTION('',(0.,1.,0.));
#5873 = ORIENTED_EDGE('',*,*,#5874,.T.);
#5874 = EDGE_CURVE('',#5795,#5844,#5875,.T.);
#5875 = LINE('',#5876,#5877);
#5876 = CARTESIAN_POINT('',(93.,102.3,-8.));
#5877 = VECTOR('',#5878,1.);
#5878 = DIRECTION('',(0.,0.,1.));
#5879 = ORIENTED_EDGE('',*,*,#5880,.T.);
#5880 = EDGE_CURVE('',#5844,#5601,#5881,.T.);
#5881 = CIRCLE('',#5882,0.7);
#5882 = AXIS2_PLACEMENT_3D('',#5883,#5884,#5885);
#5883 = CARTESIAN_POINT('',(92.3,102.3,12.3));
#5884 = DIRECTION('',(0.,-6.123233995737E-17,1.));
#5885 = DIRECTION('',(0.,1.,6.123233995737E-17));
#5886 = ORIENTED_EDGE('',*,*,#5608,.F.);
#5887 = CYLINDRICAL_SURFACE('',#5888,0.7);
#5888 = AXIS2_PLACEMENT_3D('',#5889,#5890,#5891);
#5889 = CARTESIAN_POINT('',(92.3,102.3,-8.));
#5890 = DIRECTION('',(0.,0.,1.));
#5891 = DIRECTION('',(0.,1.,0.));
#5892 = ADVANCED_FACE('',(#5893),#5920,.T.);
#5893 = FACE_BOUND('',#5894,.F.);
#5894 = EDGE_LOOP('',(#5895,#5904,#5912,#5919));
#5895 = ORIENTED_EDGE('',*,*,#5896,.T.);
#5896 = EDGE_CURVE('',#5625,#5897,#5899,.T.);
#5897 = VERTEX_POINT('',#5898);
#5898 = CARTESIAN_POINT('',(81.8,102.3,-5.5));
#5899 = CIRCLE('',#5900,0.7);
#5900 = AXIS2_PLACEMENT_3D('',#5901,#5902,#5903);
#5901 = CARTESIAN_POINT('',(81.1,102.3,-5.5));
#5902 = DIRECTION('',(0.,0.,-1.));
#5903 = DIRECTION('',(-1.,0.,0.));
#5904 = ORIENTED_EDGE('',*,*,#5905,.T.);
#5905 = EDGE_CURVE('',#5897,#5906,#5908,.T.);
#5906 = VERTEX_POINT('',#5907);
#5907 = CARTESIAN_POINT('',(81.8,102.3,10.5));
#5908 = LINE('',#5909,#5910);
#5909 = CARTESIAN_POINT('',(81.8,102.3,-6.2));
#5910 = VECTOR('',#5911,1.);
#5911 = DIRECTION('',(0.,0.,1.));
#5912 = ORIENTED_EDGE('',*,*,#5913,.F.);
#5913 = EDGE_CURVE('',#5627,#5906,#5914,.T.);
#5914 = CIRCLE('',#5915,0.7);
#5915 = AXIS2_PLACEMENT_3D('',#5916,#5917,#5918);
#5916 = CARTESIAN_POINT('',(81.1,102.3,10.5));
#5917 = DIRECTION('',(0.,0.,-1.));
#5918 = DIRECTION('',(-1.,0.,0.));
#5919 = ORIENTED_EDGE('',*,*,#5624,.F.);
#5920 = CYLINDRICAL_SURFACE('',#5921,0.7);
#5921 = AXIS2_PLACEMENT_3D('',#5922,#5923,#5924);
#5922 = CARTESIAN_POINT('',(81.1,102.3,-6.2));
#5923 = DIRECTION('',(0.,0.,1.));
#5924 = DIRECTION('',(0.,1.,0.));
#5925 = ADVANCED_FACE('',(#5926),#5946,.T.);
#5926 = FACE_BOUND('',#5927,.F.);
#5927 = EDGE_LOOP('',(#5928,#5929,#5930,#5939));
#5928 = ORIENTED_EDGE('',*,*,#5896,.F.);
#5929 = ORIENTED_EDGE('',*,*,#5634,.T.);
#5930 = ORIENTED_EDGE('',*,*,#5931,.T.);
#5931 = EDGE_CURVE('',#5635,#5932,#5934,.T.);
#5932 = VERTEX_POINT('',#5933);
#5933 = CARTESIAN_POINT('',(82.5,102.3,-6.2));
#5934 = CIRCLE('',#5935,0.7);
#5935 = AXIS2_PLACEMENT_3D('',#5936,#5937,#5938);
#5936 = CARTESIAN_POINT('',(82.5,102.3,-6.9));
#5937 = DIRECTION('',(1.,0.,-6.123233995737E-17));
#5938 = DIRECTION('',(-6.123233995737E-17,0.,-1.));
#5939 = ORIENTED_EDGE('',*,*,#5940,.F.);
#5940 = EDGE_CURVE('',#5897,#5932,#5941,.T.);
#5941 = CIRCLE('',#5942,0.7);
#5942 = AXIS2_PLACEMENT_3D('',#5943,#5944,#5945);
#5943 = CARTESIAN_POINT('',(82.5,102.3,-5.5));
#5944 = DIRECTION('',(-0.,-1.,-0.));
#5945 = DIRECTION('',(-1.,0.,0.));
#5946 = TOROIDAL_SURFACE('',#5947,1.4,0.7);
#5947 = AXIS2_PLACEMENT_3D('',#5948,#5949,#5950);
#5948 = CARTESIAN_POINT('',(82.5,102.3,-5.5));
#5949 = DIRECTION('',(0.,1.,0.));
#5950 = DIRECTION('',(-1.,0.,0.));
#5951 = ADVANCED_FACE('',(#5952),#5972,.T.);
#5952 = FACE_BOUND('',#5953,.T.);
#5953 = EDGE_LOOP('',(#5954,#5955,#5956,#5965));
#5954 = ORIENTED_EDGE('',*,*,#5913,.F.);
#5955 = ORIENTED_EDGE('',*,*,#5685,.T.);
#5956 = ORIENTED_EDGE('',*,*,#5957,.T.);
#5957 = EDGE_CURVE('',#5678,#5958,#5960,.T.);
#5958 = VERTEX_POINT('',#5959);
#5959 = CARTESIAN_POINT('',(82.5,102.3,11.2));
#5960 = CIRCLE('',#5961,0.7);
#5961 = AXIS2_PLACEMENT_3D('',#5962,#5963,#5964);
#5962 = CARTESIAN_POINT('',(82.5,102.3,11.9));
#5963 = DIRECTION('',(-1.,0.,-6.123233995737E-17));
#5964 = DIRECTION('',(-6.123233995737E-17,0.,1.));
#5965 = ORIENTED_EDGE('',*,*,#5966,.F.);
#5966 = EDGE_CURVE('',#5906,#5958,#5967,.T.);
#5967 = CIRCLE('',#5968,0.7);
#5968 = AXIS2_PLACEMENT_3D('',#5969,#5970,#5971);
#5969 = CARTESIAN_POINT('',(82.5,102.3,10.5));
#5970 = DIRECTION('',(0.,1.,-0.));
#5971 = DIRECTION('',(-1.,0.,0.));
#5972 = TOROIDAL_SURFACE('',#5973,1.4,0.7);
#5973 = AXIS2_PLACEMENT_3D('',#5974,#5975,#5976);
#5974 = CARTESIAN_POINT('',(82.5,102.3,10.5));
#5975 = DIRECTION('',(0.,1.,0.));
#5976 = DIRECTION('',(-1.,0.,0.));
#5977 = ADVANCED_FACE('',(#5978),#5997,.T.);
#5978 = FACE_BOUND('',#5979,.T.);
#5979 = EDGE_LOOP('',(#5980,#5981,#5989,#5996));
#5980 = ORIENTED_EDGE('',*,*,#5931,.T.);
#5981 = ORIENTED_EDGE('',*,*,#5982,.T.);
#5982 = EDGE_CURVE('',#5932,#5983,#5985,.T.);
#5983 = VERTEX_POINT('',#5984);
#5984 = CARTESIAN_POINT('',(90.5,102.3,-6.2));
#5985 = LINE('',#5986,#5987);
#5986 = CARTESIAN_POINT('',(81.8,102.3,-6.2));
#5987 = VECTOR('',#5988,1.);
#5988 = DIRECTION('',(1.,0.,0.));
#5989 = ORIENTED_EDGE('',*,*,#5990,.F.);
#5990 = EDGE_CURVE('',#5644,#5983,#5991,.T.);
#5991 = CIRCLE('',#5992,0.7);
#5992 = AXIS2_PLACEMENT_3D('',#5993,#5994,#5995);
#5993 = CARTESIAN_POINT('',(90.5,102.3,-6.9));
#5994 = DIRECTION('',(1.,-0.,6.123233995737E-17));
#5995 = DIRECTION('',(6.123233995737E-17,0.,-1.));
#5996 = ORIENTED_EDGE('',*,*,#5643,.F.);
#5997 = CYLINDRICAL_SURFACE('',#5998,0.7);
#5998 = AXIS2_PLACEMENT_3D('',#5999,#6000,#6001);
#5999 = CARTESIAN_POINT('',(81.8,102.3,-6.9));
#6000 = DIRECTION('',(1.,0.,0.));
#6001 = DIRECTION('',(0.,1.,0.));
#6002 = ADVANCED_FACE('',(#6003),#6022,.T.);
#6003 = FACE_BOUND('',#6004,.F.);
#6004 = EDGE_LOOP('',(#6005,#6006,#6014,#6021));
#6005 = ORIENTED_EDGE('',*,*,#5957,.T.);
#6006 = ORIENTED_EDGE('',*,*,#6007,.T.);
#6007 = EDGE_CURVE('',#5958,#6008,#6010,.T.);
#6008 = VERTEX_POINT('',#6009);
#6009 = CARTESIAN_POINT('',(90.5,102.3,11.2));
#6010 = LINE('',#6011,#6012);
#6011 = CARTESIAN_POINT('',(81.8,102.3,11.2));
#6012 = VECTOR('',#6013,1.);
#6013 = DIRECTION('',(1.,0.,0.));
#6014 = ORIENTED_EDGE('',*,*,#6015,.F.);
#6015 = EDGE_CURVE('',#5669,#6008,#6016,.T.);
#6016 = CIRCLE('',#6017,0.7);
#6017 = AXIS2_PLACEMENT_3D('',#6018,#6019,#6020);
#6018 = CARTESIAN_POINT('',(90.5,102.3,11.9));
#6019 = DIRECTION('',(-1.,0.,0.));
#6020 = DIRECTION('',(0.,0.,1.));
#6021 = ORIENTED_EDGE('',*,*,#5677,.F.);
#6022 = CYLINDRICAL_SURFACE('',#6023,0.7);
#6023 = AXIS2_PLACEMENT_3D('',#6024,#6025,#6026);
#6024 = CARTESIAN_POINT('',(81.8,102.3,11.9));
#6025 = DIRECTION('',(1.,0.,0.));
#6026 = DIRECTION('',(0.,1.,0.));
#6027 = ADVANCED_FACE('',(#6028),#6048,.T.);
#6028 = FACE_BOUND('',#6029,.T.);
#6029 = EDGE_LOOP('',(#6030,#6039,#6040,#6041));
#6030 = ORIENTED_EDGE('',*,*,#6031,.F.);
#6031 = EDGE_CURVE('',#5652,#6032,#6034,.T.);
#6032 = VERTEX_POINT('',#6033);
#6033 = CARTESIAN_POINT('',(91.2,102.3,-5.5));
#6034 = CIRCLE('',#6035,0.7);
#6035 = AXIS2_PLACEMENT_3D('',#6036,#6037,#6038);
#6036 = CARTESIAN_POINT('',(91.9,102.3,-5.5));
#6037 = DIRECTION('',(0.,0.,1.));
#6038 = DIRECTION('',(1.,0.,0.));
#6039 = ORIENTED_EDGE('',*,*,#5651,.T.);
#6040 = ORIENTED_EDGE('',*,*,#5990,.T.);
#6041 = ORIENTED_EDGE('',*,*,#6042,.F.);
#6042 = EDGE_CURVE('',#6032,#5983,#6043,.T.);
#6043 = CIRCLE('',#6044,0.7);
#6044 = AXIS2_PLACEMENT_3D('',#6045,#6046,#6047);
#6045 = CARTESIAN_POINT('',(90.5,102.3,-5.5));
#6046 = DIRECTION('',(-0.,1.,0.));
#6047 = DIRECTION('',(1.,0.,0.));
#6048 = TOROIDAL_SURFACE('',#6049,1.4,0.7);
#6049 = AXIS2_PLACEMENT_3D('',#6050,#6051,#6052);
#6050 = CARTESIAN_POINT('',(90.5,102.3,-5.5));
#6051 = DIRECTION('',(0.,1.,0.));
#6052 = DIRECTION('',(1.,0.,0.));
#6053 = ADVANCED_FACE('',(#6054),#6074,.T.);
#6054 = FACE_BOUND('',#6055,.T.);
#6055 = EDGE_LOOP('',(#6056,#6057,#6058,#6067));
#6056 = ORIENTED_EDGE('',*,*,#6015,.F.);
#6057 = ORIENTED_EDGE('',*,*,#5668,.T.);
#6058 = ORIENTED_EDGE('',*,*,#6059,.T.);
#6059 = EDGE_CURVE('',#5661,#6060,#6062,.T.);
#6060 = VERTEX_POINT('',#6061);
#6061 = CARTESIAN_POINT('',(91.2,102.3,10.5));
#6062 = CIRCLE('',#6063,0.7);
#6063 = AXIS2_PLACEMENT_3D('',#6064,#6065,#6066);
#6064 = CARTESIAN_POINT('',(91.9,102.3,10.5));
#6065 = DIRECTION('',(-6.123233995737E-17,0.,1.));
#6066 = DIRECTION('',(1.,0.,6.123233995737E-17));
#6067 = ORIENTED_EDGE('',*,*,#6068,.F.);
#6068 = EDGE_CURVE('',#6008,#6060,#6069,.T.);
#6069 = CIRCLE('',#6070,0.7);
#6070 = AXIS2_PLACEMENT_3D('',#6071,#6072,#6073);
#6071 = CARTESIAN_POINT('',(90.5,102.3,10.5));
#6072 = DIRECTION('',(0.,1.,0.));
#6073 = DIRECTION('',(0.,0.,1.));
#6074 = TOROIDAL_SURFACE('',#6075,1.4,0.7);
#6075 = AXIS2_PLACEMENT_3D('',#6076,#6077,#6078);
#6076 = CARTESIAN_POINT('',(90.5,102.3,10.5));
#6077 = DIRECTION('',(0.,1.,0.));
#6078 = DIRECTION('',(0.,0.,1.));
#6079 = ADVANCED_FACE('',(#6080),#6091,.T.);
#6080 = FACE_BOUND('',#6081,.T.);
#6081 = EDGE_LOOP('',(#6082,#6083,#6089,#6090));
#6082 = ORIENTED_EDGE('',*,*,#6031,.T.);
#6083 = ORIENTED_EDGE('',*,*,#6084,.T.);
#6084 = EDGE_CURVE('',#6032,#6060,#6085,.T.);
#6085 = LINE('',#6086,#6087);
#6086 = CARTESIAN_POINT('',(91.2,102.3,-6.2));
#6087 = VECTOR('',#6088,1.);
#6088 = DIRECTION('',(0.,0.,1.));
#6089 = ORIENTED_EDGE('',*,*,#6059,.F.);
#6090 = ORIENTED_EDGE('',*,*,#5660,.F.);
#6091 = CYLINDRICAL_SURFACE('',#6092,0.7);
#6092 = AXIS2_PLACEMENT_3D('',#6093,#6094,#6095);
#6093 = CARTESIAN_POINT('',(91.9,102.3,-6.2));
#6094 = DIRECTION('',(0.,0.,1.));
#6095 = DIRECTION('',(0.,1.,0.));
#6096 = ADVANCED_FACE('',(#6097),#6102,.T.);
#6097 = FACE_BOUND('',#6098,.F.);
#6098 = EDGE_LOOP('',(#6099,#6100,#6101));
#6099 = ORIENTED_EDGE('',*,*,#5736,.F.);
#6100 = ORIENTED_EDGE('',*,*,#5787,.T.);
#6101 = ORIENTED_EDGE('',*,*,#5702,.F.);
#6102 = SPHERICAL_SURFACE('',#6103,0.7);
#6103 = AXIS2_PLACEMENT_3D('',#6104,#6105,#6106);
#6104 = CARTESIAN_POINT('',(92.3,48.7,-7.3));
#6105 = DIRECTION('',(-1.,0.,0.));
#6106 = DIRECTION('',(0.,-1.,0.));
#6107 = ADVANCED_FACE('',(#6108),#6113,.T.);
#6108 = FACE_BOUND('',#6109,.F.);
#6109 = EDGE_LOOP('',(#6110,#6111,#6112));
#6110 = ORIENTED_EDGE('',*,*,#5720,.F.);
#6111 = ORIENTED_EDGE('',*,*,#5836,.T.);
#6112 = ORIENTED_EDGE('',*,*,#5753,.F.);
#6113 = SPHERICAL_SURFACE('',#6114,0.7);
#6114 = AXIS2_PLACEMENT_3D('',#6115,#6116,#6117);
#6115 = CARTESIAN_POINT('',(92.3,48.7,12.3));
#6116 = DIRECTION('',(-0.,-0.,-1.));
#6117 = DIRECTION('',(0.,-1.,0.));
#6118 = ADVANCED_FACE('',(#6119),#6125,.T.);
#6119 = FACE_BOUND('',#6120,.T.);
#6120 = EDGE_LOOP('',(#6121,#6122,#6123,#6124));
#6121 = ORIENTED_EDGE('',*,*,#5745,.F.);
#6122 = ORIENTED_EDGE('',*,*,#5794,.T.);
#6123 = ORIENTED_EDGE('',*,*,#5874,.T.);
#6124 = ORIENTED_EDGE('',*,*,#5843,.F.);
#6125 = PLANE('',#6126);
#6126 = AXIS2_PLACEMENT_3D('',#6127,#6128,#6129);
#6127 = CARTESIAN_POINT('',(93.,48.,-8.));
#6128 = DIRECTION('',(1.,0.,0.));
#6129 = DIRECTION('',(0.,0.,1.));
#6130 = ADVANCED_FACE('',(#6131),#6136,.T.);
#6131 = FACE_BOUND('',#6132,.T.);
#6132 = EDGE_LOOP('',(#6133,#6134,#6135));
#6133 = ORIENTED_EDGE('',*,*,#5867,.F.);
#6134 = ORIENTED_EDGE('',*,*,#5802,.T.);
#6135 = ORIENTED_EDGE('',*,*,#5771,.F.);
#6136 = SPHERICAL_SURFACE('',#6137,0.7);
#6137 = AXIS2_PLACEMENT_3D('',#6138,#6139,#6140);
#6138 = CARTESIAN_POINT('',(92.3,102.3,-7.3));
#6139 = DIRECTION('',(-1.,0.,0.));
#6140 = DIRECTION('',(0.,1.,0.));
#6141 = ADVANCED_FACE('',(#6142),#6147,.T.);
#6142 = FACE_BOUND('',#6143,.T.);
#6143 = EDGE_LOOP('',(#6144,#6145,#6146));
#6144 = ORIENTED_EDGE('',*,*,#5851,.F.);
#6145 = ORIENTED_EDGE('',*,*,#5880,.T.);
#6146 = ORIENTED_EDGE('',*,*,#5820,.F.);
#6147 = SPHERICAL_SURFACE('',#6148,0.7);
#6148 = AXIS2_PLACEMENT_3D('',#6149,#6150,#6151);
#6149 = CARTESIAN_POINT('',(92.3,102.3,12.3));
#6150 = DIRECTION('',(-1.,0.,0.));
#6151 = DIRECTION('',(0.,0.,1.));
#6152 = ADVANCED_FACE('',(#6153),#6178,.T.);
#6153 = FACE_BOUND('',#6154,.T.);
#6154 = EDGE_LOOP('',(#6155,#6156,#6164,#6172));
#6155 = ORIENTED_EDGE('',*,*,#5905,.T.);
#6156 = ORIENTED_EDGE('',*,*,#6157,.F.);
#6157 = EDGE_CURVE('',#6158,#5906,#6160,.T.);
#6158 = VERTEX_POINT('',#6159);
#6159 = CARTESIAN_POINT('',(81.8,50.5,10.5));
#6160 = LINE('',#6161,#6162);
#6161 = CARTESIAN_POINT('',(81.8,49.8,10.5));
#6162 = VECTOR('',#6163,1.);
#6163 = DIRECTION('',(0.,1.,0.));
#6164 = ORIENTED_EDGE('',*,*,#6165,.F.);
#6165 = EDGE_CURVE('',#6166,#6158,#6168,.T.);
#6166 = VERTEX_POINT('',#6167);
#6167 = CARTESIAN_POINT('',(81.8,50.5,-5.5));
#6168 = LINE('',#6169,#6170);
#6169 = CARTESIAN_POINT('',(81.8,50.5,-6.2));
#6170 = VECTOR('',#6171,1.);
#6171 = DIRECTION('',(0.,0.,1.));
#6172 = ORIENTED_EDGE('',*,*,#6173,.T.);
#6173 = EDGE_CURVE('',#6166,#5897,#6174,.T.);
#6174 = LINE('',#6175,#6176);
#6175 = CARTESIAN_POINT('',(81.8,49.8,-5.5));
#6176 = VECTOR('',#6177,1.);
#6177 = DIRECTION('',(0.,1.,0.));
#6178 = PLANE('',#6179);
#6179 = AXIS2_PLACEMENT_3D('',#6180,#6181,#6182);
#6180 = CARTESIAN_POINT('',(81.8,49.8,-6.2));
#6181 = DIRECTION('',(1.,0.,0.));
#6182 = DIRECTION('',(0.,0.,1.));
#6183 = ADVANCED_FACE('',(#6184),#6203,.F.);
#6184 = FACE_BOUND('',#6185,.T.);
#6185 = EDGE_LOOP('',(#6186,#6195,#6201,#6202));
#6186 = ORIENTED_EDGE('',*,*,#6187,.F.);
#6187 = EDGE_CURVE('',#6188,#6166,#6190,.T.);
#6188 = VERTEX_POINT('',#6189);
#6189 = CARTESIAN_POINT('',(82.5,50.5,-6.2));
#6190 = CIRCLE('',#6191,0.7);
#6191 = AXIS2_PLACEMENT_3D('',#6192,#6193,#6194);
#6192 = CARTESIAN_POINT('',(82.5,50.5,-5.5));
#6193 = DIRECTION('',(0.,1.,-0.));
#6194 = DIRECTION('',(-1.,0.,0.));
#6195 = ORIENTED_EDGE('',*,*,#6196,.T.);
#6196 = EDGE_CURVE('',#6188,#5932,#6197,.T.);
#6197 = LINE('',#6198,#6199);
#6198 = CARTESIAN_POINT('',(82.5,49.8,-6.2));
#6199 = VECTOR('',#6200,1.);
#6200 = DIRECTION('',(0.,1.,0.));
#6201 = ORIENTED_EDGE('',*,*,#5940,.F.);
#6202 = ORIENTED_EDGE('',*,*,#6173,.F.);
#6203 = CYLINDRICAL_SURFACE('',#6204,0.7);
#6204 = AXIS2_PLACEMENT_3D('',#6205,#6206,#6207);
#6205 = CARTESIAN_POINT('',(82.5,49.8,-5.5));
#6206 = DIRECTION('',(0.,1.,0.));
#6207 = DIRECTION('',(-1.,0.,0.));
#6208 = ADVANCED_FACE('',(#6209),#6228,.F.);
#6209 = FACE_BOUND('',#6210,.F.);
#6210 = EDGE_LOOP('',(#6211,#6220,#6226,#6227));
#6211 = ORIENTED_EDGE('',*,*,#6212,.F.);
#6212 = EDGE_CURVE('',#6213,#6158,#6215,.T.);
#6213 = VERTEX_POINT('',#6214);
#6214 = CARTESIAN_POINT('',(82.5,50.5,11.2));
#6215 = CIRCLE('',#6216,0.7);
#6216 = AXIS2_PLACEMENT_3D('',#6217,#6218,#6219);
#6217 = CARTESIAN_POINT('',(82.5,50.5,10.5));
#6218 = DIRECTION('',(0.,-1.,0.));
#6219 = DIRECTION('',(-1.,0.,0.));
#6220 = ORIENTED_EDGE('',*,*,#6221,.T.);
#6221 = EDGE_CURVE('',#6213,#5958,#6222,.T.);
#6222 = LINE('',#6223,#6224);
#6223 = CARTESIAN_POINT('',(82.5,49.8,11.2));
#6224 = VECTOR('',#6225,1.);
#6225 = DIRECTION('',(0.,1.,0.));
#6226 = ORIENTED_EDGE('',*,*,#5966,.F.);
#6227 = ORIENTED_EDGE('',*,*,#6157,.F.);
#6228 = CYLINDRICAL_SURFACE('',#6229,0.7);
#6229 = AXIS2_PLACEMENT_3D('',#6230,#6231,#6232);
#6230 = CARTESIAN_POINT('',(82.5,49.8,10.5));
#6231 = DIRECTION('',(0.,1.,0.));
#6232 = DIRECTION('',(-1.,0.,0.));
#6233 = ADVANCED_FACE('',(#6234),#6252,.T.);
#6234 = FACE_BOUND('',#6235,.T.);
#6235 = EDGE_LOOP('',(#6236,#6237,#6238,#6246));
#6236 = ORIENTED_EDGE('',*,*,#5982,.F.);
#6237 = ORIENTED_EDGE('',*,*,#6196,.F.);
#6238 = ORIENTED_EDGE('',*,*,#6239,.T.);
#6239 = EDGE_CURVE('',#6188,#6240,#6242,.T.);
#6240 = VERTEX_POINT('',#6241);
#6241 = CARTESIAN_POINT('',(90.5,50.5,-6.2));
#6242 = LINE('',#6243,#6244);
#6243 = CARTESIAN_POINT('',(81.8,50.5,-6.2));
#6244 = VECTOR('',#6245,1.);
#6245 = DIRECTION('',(1.,0.,0.));
#6246 = ORIENTED_EDGE('',*,*,#6247,.T.);
#6247 = EDGE_CURVE('',#6240,#5983,#6248,.T.);
#6248 = LINE('',#6249,#6250);
#6249 = CARTESIAN_POINT('',(90.5,49.8,-6.2));
#6250 = VECTOR('',#6251,1.);
#6251 = DIRECTION('',(0.,1.,0.));
#6252 = PLANE('',#6253);
#6253 = AXIS2_PLACEMENT_3D('',#6254,#6255,#6256);
#6254 = CARTESIAN_POINT('',(81.8,49.8,-6.2));
#6255 = DIRECTION('',(0.,0.,1.));
#6256 = DIRECTION('',(1.,0.,0.));
#6257 = ADVANCED_FACE('',(#6258),#6276,.F.);
#6258 = FACE_BOUND('',#6259,.F.);
#6259 = EDGE_LOOP('',(#6260,#6261,#6262,#6270));
#6260 = ORIENTED_EDGE('',*,*,#6007,.F.);
#6261 = ORIENTED_EDGE('',*,*,#6221,.F.);
#6262 = ORIENTED_EDGE('',*,*,#6263,.T.);
#6263 = EDGE_CURVE('',#6213,#6264,#6266,.T.);
#6264 = VERTEX_POINT('',#6265);
#6265 = CARTESIAN_POINT('',(90.5,50.5,11.2));
#6266 = LINE('',#6267,#6268);
#6267 = CARTESIAN_POINT('',(81.8,50.5,11.2));
#6268 = VECTOR('',#6269,1.);
#6269 = DIRECTION('',(1.,0.,0.));
#6270 = ORIENTED_EDGE('',*,*,#6271,.T.);
#6271 = EDGE_CURVE('',#6264,#6008,#6272,.T.);
#6272 = LINE('',#6273,#6274);
#6273 = CARTESIAN_POINT('',(90.5,49.8,11.2));
#6274 = VECTOR('',#6275,1.);
#6275 = DIRECTION('',(0.,1.,0.));
#6276 = PLANE('',#6277);
#6277 = AXIS2_PLACEMENT_3D('',#6278,#6279,#6280);
#6278 = CARTESIAN_POINT('',(81.8,49.8,11.2));
#6279 = DIRECTION('',(0.,0.,1.));
#6280 = DIRECTION('',(1.,0.,0.));
#6281 = ADVANCED_FACE('',(#6282),#6301,.F.);
#6282 = FACE_BOUND('',#6283,.F.);
#6283 = EDGE_LOOP('',(#6284,#6293,#6294,#6295));
#6284 = ORIENTED_EDGE('',*,*,#6285,.F.);
#6285 = EDGE_CURVE('',#6240,#6286,#6288,.T.);
#6286 = VERTEX_POINT('',#6287);
#6287 = CARTESIAN_POINT('',(91.2,50.5,-5.5));
#6288 = CIRCLE('',#6289,0.7);
#6289 = AXIS2_PLACEMENT_3D('',#6290,#6291,#6292);
#6290 = CARTESIAN_POINT('',(90.5,50.5,-5.5));
#6291 = DIRECTION('',(0.,-1.,0.));
#6292 = DIRECTION('',(1.,0.,0.));
#6293 = ORIENTED_EDGE('',*,*,#6247,.T.);
#6294 = ORIENTED_EDGE('',*,*,#6042,.F.);
#6295 = ORIENTED_EDGE('',*,*,#6296,.F.);
#6296 = EDGE_CURVE('',#6286,#6032,#6297,.T.);
#6297 = LINE('',#6298,#6299);
#6298 = CARTESIAN_POINT('',(91.2,49.8,-5.5));
#6299 = VECTOR('',#6300,1.);
#6300 = DIRECTION('',(0.,1.,0.));
#6301 = CYLINDRICAL_SURFACE('',#6302,0.7);
#6302 = AXIS2_PLACEMENT_3D('',#6303,#6304,#6305);
#6303 = CARTESIAN_POINT('',(90.5,49.8,-5.5));
#6304 = DIRECTION('',(0.,1.,0.));
#6305 = DIRECTION('',(1.,0.,0.));
#6306 = ADVANCED_FACE('',(#6307),#6326,.F.);
#6307 = FACE_BOUND('',#6308,.F.);
#6308 = EDGE_LOOP('',(#6309,#6310,#6319,#6325));
#6309 = ORIENTED_EDGE('',*,*,#6271,.F.);
#6310 = ORIENTED_EDGE('',*,*,#6311,.T.);
#6311 = EDGE_CURVE('',#6264,#6312,#6314,.T.);
#6312 = VERTEX_POINT('',#6313);
#6313 = CARTESIAN_POINT('',(91.2,50.5,10.5));
#6314 = CIRCLE('',#6315,0.7);
#6315 = AXIS2_PLACEMENT_3D('',#6316,#6317,#6318);
#6316 = CARTESIAN_POINT('',(90.5,50.5,10.5));
#6317 = DIRECTION('',(0.,1.,0.));
#6318 = DIRECTION('',(0.,0.,1.));
#6319 = ORIENTED_EDGE('',*,*,#6320,.T.);
#6320 = EDGE_CURVE('',#6312,#6060,#6321,.T.);
#6321 = LINE('',#6322,#6323);
#6322 = CARTESIAN_POINT('',(91.2,49.8,10.5));
#6323 = VECTOR('',#6324,1.);
#6324 = DIRECTION('',(0.,1.,0.));
#6325 = ORIENTED_EDGE('',*,*,#6068,.F.);
#6326 = CYLINDRICAL_SURFACE('',#6327,0.7);
#6327 = AXIS2_PLACEMENT_3D('',#6328,#6329,#6330);
#6328 = CARTESIAN_POINT('',(90.5,49.8,10.5));
#6329 = DIRECTION('',(0.,1.,0.));
#6330 = DIRECTION('',(0.,0.,1.));
#6331 = ADVANCED_FACE('',(#6332),#6343,.F.);
#6332 = FACE_BOUND('',#6333,.F.);
#6333 = EDGE_LOOP('',(#6334,#6335,#6336,#6342));
#6334 = ORIENTED_EDGE('',*,*,#6084,.T.);
#6335 = ORIENTED_EDGE('',*,*,#6320,.F.);
#6336 = ORIENTED_EDGE('',*,*,#6337,.F.);
#6337 = EDGE_CURVE('',#6286,#6312,#6338,.T.);
#6338 = LINE('',#6339,#6340);
#6339 = CARTESIAN_POINT('',(91.2,50.5,-6.2));
#6340 = VECTOR('',#6341,1.);
#6341 = DIRECTION('',(0.,0.,1.));
#6342 = ORIENTED_EDGE('',*,*,#6296,.T.);
#6343 = PLANE('',#6344);
#6344 = AXIS2_PLACEMENT_3D('',#6345,#6346,#6347);
#6345 = CARTESIAN_POINT('',(91.2,49.8,-6.2));
#6346 = DIRECTION('',(1.,0.,0.));
#6347 = DIRECTION('',(0.,0.,1.));
#6348 = ADVANCED_FACE('',(#6349),#6376,.F.);
#6349 = FACE_BOUND('',#6350,.F.);
#6350 = EDGE_LOOP('',(#6351,#6352,#6361,#6369));
#6351 = ORIENTED_EDGE('',*,*,#6165,.F.);
#6352 = ORIENTED_EDGE('',*,*,#6353,.T.);
#6353 = EDGE_CURVE('',#6166,#6354,#6356,.T.);
#6354 = VERTEX_POINT('',#6355);
#6355 = CARTESIAN_POINT('',(82.5,49.8,-5.5));
#6356 = CIRCLE('',#6357,0.7);
#6357 = AXIS2_PLACEMENT_3D('',#6358,#6359,#6360);
#6358 = CARTESIAN_POINT('',(82.5,50.5,-5.5));
#6359 = DIRECTION('',(0.,0.,1.));
#6360 = DIRECTION('',(-1.,0.,0.));
#6361 = ORIENTED_EDGE('',*,*,#6362,.T.);
#6362 = EDGE_CURVE('',#6354,#6363,#6365,.T.);
#6363 = VERTEX_POINT('',#6364);
#6364 = CARTESIAN_POINT('',(82.5,49.8,10.5));
#6365 = LINE('',#6366,#6367);
#6366 = CARTESIAN_POINT('',(82.5,49.8,-6.2));
#6367 = VECTOR('',#6368,1.);
#6368 = DIRECTION('',(0.,0.,1.));
#6369 = ORIENTED_EDGE('',*,*,#6370,.F.);
#6370 = EDGE_CURVE('',#6158,#6363,#6371,.T.);
#6371 = CIRCLE('',#6372,0.7);
#6372 = AXIS2_PLACEMENT_3D('',#6373,#6374,#6375);
#6373 = CARTESIAN_POINT('',(82.5,50.5,10.5));
#6374 = DIRECTION('',(0.,0.,1.));
#6375 = DIRECTION('',(-1.,0.,0.));
#6376 = CYLINDRICAL_SURFACE('',#6377,0.7);
#6377 = AXIS2_PLACEMENT_3D('',#6378,#6379,#6380);
#6378 = CARTESIAN_POINT('',(82.5,50.5,-6.2));
#6379 = DIRECTION('',(0.,0.,1.));
#6380 = DIRECTION('',(-1.,0.,0.));
#6381 = ADVANCED_FACE('',(#6382),#6393,.F.);
#6382 = FACE_BOUND('',#6383,.F.);
#6383 = EDGE_LOOP('',(#6384,#6385,#6392));
#6384 = ORIENTED_EDGE('',*,*,#6187,.F.);
#6385 = ORIENTED_EDGE('',*,*,#6386,.T.);
#6386 = EDGE_CURVE('',#6188,#6354,#6387,.T.);
#6387 = CIRCLE('',#6388,0.7);
#6388 = AXIS2_PLACEMENT_3D('',#6389,#6390,#6391);
#6389 = CARTESIAN_POINT('',(82.5,50.5,-5.5));
#6390 = DIRECTION('',(-1.,6.123233995737E-17,0.));
#6391 = DIRECTION('',(-6.123233995737E-17,-1.,0.));
#6392 = ORIENTED_EDGE('',*,*,#6353,.F.);
#6393 = SPHERICAL_SURFACE('',#6394,0.7);
#6394 = AXIS2_PLACEMENT_3D('',#6395,#6396,#6397);
#6395 = CARTESIAN_POINT('',(82.5,50.5,-5.5));
#6396 = DIRECTION('',(0.,0.,1.));
#6397 = DIRECTION('',(-1.,0.,0.));
#6398 = ADVANCED_FACE('',(#6399),#6410,.F.);
#6399 = FACE_BOUND('',#6400,.T.);
#6400 = EDGE_LOOP('',(#6401,#6402,#6409));
#6401 = ORIENTED_EDGE('',*,*,#6212,.F.);
#6402 = ORIENTED_EDGE('',*,*,#6403,.T.);
#6403 = EDGE_CURVE('',#6213,#6363,#6404,.T.);
#6404 = CIRCLE('',#6405,0.7);
#6405 = AXIS2_PLACEMENT_3D('',#6406,#6407,#6408);
#6406 = CARTESIAN_POINT('',(82.5,50.5,10.5));
#6407 = DIRECTION('',(1.,-6.123233995737E-17,0.));
#6408 = DIRECTION('',(-6.123233995737E-17,-1.,0.));
#6409 = ORIENTED_EDGE('',*,*,#6370,.F.);
#6410 = SPHERICAL_SURFACE('',#6411,0.7);
#6411 = AXIS2_PLACEMENT_3D('',#6412,#6413,#6414);
#6412 = CARTESIAN_POINT('',(82.5,50.5,10.5));
#6413 = DIRECTION('',(-0.,-0.,-1.));
#6414 = DIRECTION('',(-1.,0.,0.));
#6415 = ADVANCED_FACE('',(#6416),#6435,.F.);
#6416 = FACE_BOUND('',#6417,.T.);
#6417 = EDGE_LOOP('',(#6418,#6419,#6427,#6434));
#6418 = ORIENTED_EDGE('',*,*,#6386,.T.);
#6419 = ORIENTED_EDGE('',*,*,#6420,.T.);
#6420 = EDGE_CURVE('',#6354,#6421,#6423,.T.);
#6421 = VERTEX_POINT('',#6422);
#6422 = CARTESIAN_POINT('',(90.5,49.8,-5.5));
#6423 = LINE('',#6424,#6425);
#6424 = CARTESIAN_POINT('',(81.8,49.8,-5.5));
#6425 = VECTOR('',#6426,1.);
#6426 = DIRECTION('',(1.,0.,0.));
#6427 = ORIENTED_EDGE('',*,*,#6428,.F.);
#6428 = EDGE_CURVE('',#6240,#6421,#6429,.T.);
#6429 = CIRCLE('',#6430,0.7);
#6430 = AXIS2_PLACEMENT_3D('',#6431,#6432,#6433);
#6431 = CARTESIAN_POINT('',(90.5,50.5,-5.5));
#6432 = DIRECTION('',(-1.,-6.123233995737E-17,0.));
#6433 = DIRECTION('',(6.123233995737E-17,-1.,0.));
#6434 = ORIENTED_EDGE('',*,*,#6239,.F.);
#6435 = CYLINDRICAL_SURFACE('',#6436,0.7);
#6436 = AXIS2_PLACEMENT_3D('',#6437,#6438,#6439);
#6437 = CARTESIAN_POINT('',(81.8,50.5,-5.5));
#6438 = DIRECTION('',(1.,0.,0.));
#6439 = DIRECTION('',(0.,0.,-1.));
#6440 = ADVANCED_FACE('',(#6441),#6460,.F.);
#6441 = FACE_BOUND('',#6442,.F.);
#6442 = EDGE_LOOP('',(#6443,#6444,#6452,#6459));
#6443 = ORIENTED_EDGE('',*,*,#6403,.T.);
#6444 = ORIENTED_EDGE('',*,*,#6445,.T.);
#6445 = EDGE_CURVE('',#6363,#6446,#6448,.T.);
#6446 = VERTEX_POINT('',#6447);
#6447 = CARTESIAN_POINT('',(90.5,49.8,10.5));
#6448 = LINE('',#6449,#6450);
#6449 = CARTESIAN_POINT('',(81.8,49.8,10.5));
#6450 = VECTOR('',#6451,1.);
#6451 = DIRECTION('',(1.,0.,0.));
#6452 = ORIENTED_EDGE('',*,*,#6453,.T.);
#6453 = EDGE_CURVE('',#6446,#6264,#6454,.T.);
#6454 = CIRCLE('',#6455,0.7);
#6455 = AXIS2_PLACEMENT_3D('',#6456,#6457,#6458);
#6456 = CARTESIAN_POINT('',(90.5,50.5,10.5));
#6457 = DIRECTION('',(-1.,0.,0.));
#6458 = DIRECTION('',(0.,0.,1.));
#6459 = ORIENTED_EDGE('',*,*,#6263,.F.);
#6460 = CYLINDRICAL_SURFACE('',#6461,0.7);
#6461 = AXIS2_PLACEMENT_3D('',#6462,#6463,#6464);
#6462 = CARTESIAN_POINT('',(81.8,50.5,10.5));
#6463 = DIRECTION('',(1.,0.,0.));
#6464 = DIRECTION('',(0.,0.,1.));
#6465 = ADVANCED_FACE('',(#6466),#6477,.F.);
#6466 = FACE_BOUND('',#6467,.T.);
#6467 = EDGE_LOOP('',(#6468,#6469,#6470));
#6468 = ORIENTED_EDGE('',*,*,#6285,.F.);
#6469 = ORIENTED_EDGE('',*,*,#6428,.T.);
#6470 = ORIENTED_EDGE('',*,*,#6471,.F.);
#6471 = EDGE_CURVE('',#6286,#6421,#6472,.T.);
#6472 = CIRCLE('',#6473,0.7);
#6473 = AXIS2_PLACEMENT_3D('',#6474,#6475,#6476);
#6474 = CARTESIAN_POINT('',(90.5,50.5,-5.5));
#6475 = DIRECTION('',(0.,0.,-1.));
#6476 = DIRECTION('',(1.,0.,0.));
#6477 = SPHERICAL_SURFACE('',#6478,0.7);
#6478 = AXIS2_PLACEMENT_3D('',#6479,#6480,#6481);
#6479 = CARTESIAN_POINT('',(90.5,50.5,-5.5));
#6480 = DIRECTION('',(0.,0.,1.));
#6481 = DIRECTION('',(1.,0.,0.));
#6482 = ADVANCED_FACE('',(#6483),#6494,.F.);
#6483 = FACE_BOUND('',#6484,.F.);
#6484 = EDGE_LOOP('',(#6485,#6486,#6493));
#6485 = ORIENTED_EDGE('',*,*,#6453,.F.);
#6486 = ORIENTED_EDGE('',*,*,#6487,.T.);
#6487 = EDGE_CURVE('',#6446,#6312,#6488,.T.);
#6488 = CIRCLE('',#6489,0.7);
#6489 = AXIS2_PLACEMENT_3D('',#6490,#6491,#6492);
#6490 = CARTESIAN_POINT('',(90.5,50.5,10.5));
#6491 = DIRECTION('',(-6.123233995737E-17,0.,1.));
#6492 = DIRECTION('',(1.,0.,6.123233995737E-17));
#6493 = ORIENTED_EDGE('',*,*,#6311,.F.);
#6494 = SPHERICAL_SURFACE('',#6495,0.7);
#6495 = AXIS2_PLACEMENT_3D('',#6496,#6497,#6498);
#6496 = CARTESIAN_POINT('',(90.5,50.5,10.5));
#6497 = DIRECTION('',(0.,1.,0.));
#6498 = DIRECTION('',(0.,0.,1.));
#6499 = ADVANCED_FACE('',(#6500),#6511,.F.);
#6500 = FACE_BOUND('',#6501,.T.);
#6501 = EDGE_LOOP('',(#6502,#6503,#6504,#6510));
#6502 = ORIENTED_EDGE('',*,*,#6337,.F.);
#6503 = ORIENTED_EDGE('',*,*,#6471,.T.);
#6504 = ORIENTED_EDGE('',*,*,#6505,.T.);
#6505 = EDGE_CURVE('',#6421,#6446,#6506,.T.);
#6506 = LINE('',#6507,#6508);
#6507 = CARTESIAN_POINT('',(90.5,49.8,-6.2));
#6508 = VECTOR('',#6509,1.);
#6509 = DIRECTION('',(0.,0.,1.));
#6510 = ORIENTED_EDGE('',*,*,#6487,.T.);
#6511 = CYLINDRICAL_SURFACE('',#6512,0.7);
#6512 = AXIS2_PLACEMENT_3D('',#6513,#6514,#6515);
#6513 = CARTESIAN_POINT('',(90.5,50.5,-6.2));
#6514 = DIRECTION('',(0.,0.,1.));
#6515 = DIRECTION('',(1.,0.,0.));
#6516 = ADVANCED_FACE('',(#6517),#6523,.T.);
#6517 = FACE_BOUND('',#6518,.T.);
#6518 = EDGE_LOOP('',(#6519,#6520,#6521,#6522));
#6519 = ORIENTED_EDGE('',*,*,#6362,.T.);
#6520 = ORIENTED_EDGE('',*,*,#6445,.T.);
#6521 = ORIENTED_EDGE('',*,*,#6505,.F.);
#6522 = ORIENTED_EDGE('',*,*,#6420,.F.);
#6523 = PLANE('',#6524);
#6524 = AXIS2_PLACEMENT_3D('',#6525,#6526,#6527);
#6525 = CARTESIAN_POINT('',(81.8,49.8,-6.2));
#6526 = DIRECTION('',(0.,1.,0.));
#6527 = DIRECTION('',(0.,0.,1.));
#6528 = MANIFOLD_SOLID_BREP('',#6529);
#6529 = CLOSED_SHELL('',(#6530,#6570,#6610,#6632,#6654,#6666));
#6530 = ADVANCED_FACE('',(#6531),#6565,.F.);
#6531 = FACE_BOUND('',#6532,.F.);
#6532 = EDGE_LOOP('',(#6533,#6543,#6551,#6559));
#6533 = ORIENTED_EDGE('',*,*,#6534,.F.);
#6534 = EDGE_CURVE('',#6535,#6537,#6539,.T.);
#6535 = VERTEX_POINT('',#6536);
#6536 = CARTESIAN_POINT('',(82.5,50.5,-5.5));
#6537 = VERTEX_POINT('',#6538);
#6538 = CARTESIAN_POINT('',(82.5,50.5,10.5));
#6539 = LINE('',#6540,#6541);
#6540 = CARTESIAN_POINT('',(82.5,50.5,-5.5));
#6541 = VECTOR('',#6542,1.);
#6542 = DIRECTION('',(0.,0.,1.));
#6543 = ORIENTED_EDGE('',*,*,#6544,.T.);
#6544 = EDGE_CURVE('',#6535,#6545,#6547,.T.);
#6545 = VERTEX_POINT('',#6546);
#6546 = CARTESIAN_POINT('',(82.5,100.5,-5.5));
#6547 = LINE('',#6548,#6549);
#6548 = CARTESIAN_POINT('',(82.5,50.5,-5.5));
#6549 = VECTOR('',#6550,1.);
#6550 = DIRECTION('',(0.,1.,0.));
#6551 = ORIENTED_EDGE('',*,*,#6552,.T.);
#6552 = EDGE_CURVE('',#6545,#6553,#6555,.T.);
#6553 = VERTEX_POINT('',#6554);
#6554 = CARTESIAN_POINT('',(82.5,100.5,10.5));
#6555 = LINE('',#6556,#6557);
#6556 = CARTESIAN_POINT('',(82.5,100.5,-5.5));
#6557 = VECTOR('',#6558,1.);
#6558 = DIRECTION('',(0.,0.,1.));
#6559 = ORIENTED_EDGE('',*,*,#6560,.F.);
#6560 = EDGE_CURVE('',#6537,#6553,#6561,.T.);
#6561 = LINE('',#6562,#6563);
#6562 = CARTESIAN_POINT('',(82.5,50.5,10.5));
#6563 = VECTOR('',#6564,1.);
#6564 = DIRECTION('',(0.,1.,0.));
#6565 = PLANE('',#6566);
#6566 = AXIS2_PLACEMENT_3D('',#6567,#6568,#6569);
#6567 = CARTESIAN_POINT('',(82.5,50.5,-5.5));
#6568 = DIRECTION('',(1.,0.,0.));
#6569 = DIRECTION('',(0.,0.,1.));
#6570 = ADVANCED_FACE('',(#6571),#6605,.T.);
#6571 = FACE_BOUND('',#6572,.T.);
#6572 = EDGE_LOOP('',(#6573,#6583,#6591,#6599));
#6573 = ORIENTED_EDGE('',*,*,#6574,.F.);
#6574 = EDGE_CURVE('',#6575,#6577,#6579,.T.);
#6575 = VERTEX_POINT('',#6576);
#6576 = CARTESIAN_POINT('',(90.5,50.5,-5.5));
#6577 = VERTEX_POINT('',#6578);
#6578 = CARTESIAN_POINT('',(90.5,50.5,10.5));
#6579 = LINE('',#6580,#6581);
#6580 = CARTESIAN_POINT('',(90.5,50.5,-5.5));
#6581 = VECTOR('',#6582,1.);
#6582 = DIRECTION('',(0.,0.,1.));
#6583 = ORIENTED_EDGE('',*,*,#6584,.T.);
#6584 = EDGE_CURVE('',#6575,#6585,#6587,.T.);
#6585 = VERTEX_POINT('',#6586);
#6586 = CARTESIAN_POINT('',(90.5,100.5,-5.5));
#6587 = LINE('',#6588,#6589);
#6588 = CARTESIAN_POINT('',(90.5,50.5,-5.5));
#6589 = VECTOR('',#6590,1.);
#6590 = DIRECTION('',(0.,1.,0.));
#6591 = ORIENTED_EDGE('',*,*,#6592,.T.);
#6592 = EDGE_CURVE('',#6585,#6593,#6595,.T.);
#6593 = VERTEX_POINT('',#6594);
#6594 = CARTESIAN_POINT('',(90.5,100.5,10.5));
#6595 = LINE('',#6596,#6597);
#6596 = CARTESIAN_POINT('',(90.5,100.5,-5.5));
#6597 = VECTOR('',#6598,1.);
#6598 = DIRECTION('',(0.,0.,1.));
#6599 = ORIENTED_EDGE('',*,*,#6600,.F.);
#6600 = EDGE_CURVE('',#6577,#6593,#6601,.T.);
#6601 = LINE('',#6602,#6603);
#6602 = CARTESIAN_POINT('',(90.5,50.5,10.5));
#6603 = VECTOR('',#6604,1.);
#6604 = DIRECTION('',(0.,1.,0.));
#6605 = PLANE('',#6606);
#6606 = AXIS2_PLACEMENT_3D('',#6607,#6608,#6609);
#6607 = CARTESIAN_POINT('',(90.5,50.5,-5.5));
#6608 = DIRECTION('',(1.,0.,0.));
#6609 = DIRECTION('',(0.,0.,1.));
#6610 = ADVANCED_FACE('',(#6611),#6627,.F.);
#6611 = FACE_BOUND('',#6612,.F.);
#6612 = EDGE_LOOP('',(#6613,#6619,#6620,#6626));
#6613 = ORIENTED_EDGE('',*,*,#6614,.F.);
#6614 = EDGE_CURVE('',#6535,#6575,#6615,.T.);
#6615 = LINE('',#6616,#6617);
#6616 = CARTESIAN_POINT('',(82.5,50.5,-5.5));
#6617 = VECTOR('',#6618,1.);
#6618 = DIRECTION('',(1.,0.,0.));
#6619 = ORIENTED_EDGE('',*,*,#6534,.T.);
#6620 = ORIENTED_EDGE('',*,*,#6621,.T.);
#6621 = EDGE_CURVE('',#6537,#6577,#6622,.T.);
#6622 = LINE('',#6623,#6624);
#6623 = CARTESIAN_POINT('',(82.5,50.5,10.5));
#6624 = VECTOR('',#6625,1.);
#6625 = DIRECTION('',(1.,0.,0.));
#6626 = ORIENTED_EDGE('',*,*,#6574,.F.);
#6627 = PLANE('',#6628);
#6628 = AXIS2_PLACEMENT_3D('',#6629,#6630,#6631);
#6629 = CARTESIAN_POINT('',(82.5,50.5,-5.5));
#6630 = DIRECTION('',(0.,1.,0.));
#6631 = DIRECTION('',(0.,0.,1.));
#6632 = ADVANCED_FACE('',(#6633),#6649,.T.);
#6633 = FACE_BOUND('',#6634,.T.);
#6634 = EDGE_LOOP('',(#6635,#6641,#6642,#6648));
#6635 = ORIENTED_EDGE('',*,*,#6636,.F.);
#6636 = EDGE_CURVE('',#6545,#6585,#6637,.T.);
#6637 = LINE('',#6638,#6639);
#6638 = CARTESIAN_POINT('',(82.5,100.5,-5.5));
#6639 = VECTOR('',#6640,1.);
#6640 = DIRECTION('',(1.,0.,0.));
#6641 = ORIENTED_EDGE('',*,*,#6552,.T.);
#6642 = ORIENTED_EDGE('',*,*,#6643,.T.);
#6643 = EDGE_CURVE('',#6553,#6593,#6644,.T.);
#6644 = LINE('',#6645,#6646);
#6645 = CARTESIAN_POINT('',(82.5,100.5,10.5));
#6646 = VECTOR('',#6647,1.);
#6647 = DIRECTION('',(1.,0.,0.));
#6648 = ORIENTED_EDGE('',*,*,#6592,.F.);
#6649 = PLANE('',#6650);
#6650 = AXIS2_PLACEMENT_3D('',#6651,#6652,#6653);
#6651 = CARTESIAN_POINT('',(82.5,100.5,-5.5));
#6652 = DIRECTION('',(0.,1.,0.));
#6653 = DIRECTION('',(0.,0.,1.));
#6654 = ADVANCED_FACE('',(#6655),#6661,.F.);
#6655 = FACE_BOUND('',#6656,.F.);
#6656 = EDGE_LOOP('',(#6657,#6658,#6659,#6660));
#6657 = ORIENTED_EDGE('',*,*,#6544,.F.);
#6658 = ORIENTED_EDGE('',*,*,#6614,.T.);
#6659 = ORIENTED_EDGE('',*,*,#6584,.T.);
#6660 = ORIENTED_EDGE('',*,*,#6636,.F.);
#6661 = PLANE('',#6662);
#6662 = AXIS2_PLACEMENT_3D('',#6663,#6664,#6665);
#6663 = CARTESIAN_POINT('',(82.5,50.5,-5.5));
#6664 = DIRECTION('',(0.,0.,1.));
#6665 = DIRECTION('',(1.,0.,0.));
#6666 = ADVANCED_FACE('',(#6667),#6673,.T.);
#6667 = FACE_BOUND('',#6668,.T.);
#6668 = EDGE_LOOP('',(#6669,#6670,#6671,#6672));
#6669 = ORIENTED_EDGE('',*,*,#6560,.F.);
#6670 = ORIENTED_EDGE('',*,*,#6621,.T.);
#6671 = ORIENTED_EDGE('',*,*,#6600,.T.);
#6672 = ORIENTED_EDGE('',*,*,#6643,.F.);
#6673 = PLANE('',#6674);
#6674 = AXIS2_PLACEMENT_3D('',#6675,#6676,#6677);
#6675 = CARTESIAN_POINT('',(82.5,50.5,10.5));
#6676 = DIRECTION('',(0.,0.,1.));
#6677 = DIRECTION('',(1.,0.,0.));
#6678 = MANIFOLD_SOLID_BREP('',#6679);
#6679 = CLOSED_SHELL('',(#6680,#6720,#6760,#6782,#6804,#6816));
#6680 = ADVANCED_FACE('',(#6681),#6715,.F.);
#6681 = FACE_BOUND('',#6682,.F.);
#6682 = EDGE_LOOP('',(#6683,#6693,#6701,#6709));
#6683 = ORIENTED_EDGE('',*,*,#6684,.F.);
#6684 = EDGE_CURVE('',#6685,#6687,#6689,.T.);
#6685 = VERTEX_POINT('',#6686);
#6686 = CARTESIAN_POINT('',(90.8,50.,2.));
#6687 = VERTEX_POINT('',#6688);
#6688 = CARTESIAN_POINT('',(90.8,50.,10.));
#6689 = LINE('',#6690,#6691);
#6690 = CARTESIAN_POINT('',(90.8,50.,2.));
#6691 = VECTOR('',#6692,1.);
#6692 = DIRECTION('',(0.,0.,1.));
#6693 = ORIENTED_EDGE('',*,*,#6694,.T.);
#6694 = EDGE_CURVE('',#6685,#6695,#6697,.T.);
#6695 = VERTEX_POINT('',#6696);
#6696 = CARTESIAN_POINT('',(90.8,55.8,2.));
#6697 = LINE('',#6698,#6699);
#6698 = CARTESIAN_POINT('',(90.8,50.,2.));
#6699 = VECTOR('',#6700,1.);
#6700 = DIRECTION('',(0.,1.,0.));
#6701 = ORIENTED_EDGE('',*,*,#6702,.T.);
#6702 = EDGE_CURVE('',#6695,#6703,#6705,.T.);
#6703 = VERTEX_POINT('',#6704);
#6704 = CARTESIAN_POINT('',(90.8,55.8,10.));
#6705 = LINE('',#6706,#6707);
#6706 = CARTESIAN_POINT('',(90.8,55.8,2.));
#6707 = VECTOR('',#6708,1.);
#6708 = DIRECTION('',(0.,0.,1.));
#6709 = ORIENTED_EDGE('',*,*,#6710,.F.);
#6710 = EDGE_CURVE('',#6687,#6703,#6711,.T.);
#6711 = LINE('',#6712,#6713);
#6712 = CARTESIAN_POINT('',(90.8,50.,10.));
#6713 = VECTOR('',#6714,1.);
#6714 = DIRECTION('',(0.,1.,0.));
#6715 = PLANE('',#6716);
#6716 = AXIS2_PLACEMENT_3D('',#6717,#6718,#6719);
#6717 = CARTESIAN_POINT('',(90.8,50.,2.));
#6718 = DIRECTION('',(1.,0.,0.));
#6719 = DIRECTION('',(0.,0.,1.));
#6720 = ADVANCED_FACE('',(#6721),#6755,.T.);
#6721 = FACE_BOUND('',#6722,.T.);
#6722 = EDGE_LOOP('',(#6723,#6733,#6741,#6749));
#6723 = ORIENTED_EDGE('',*,*,#6724,.F.);
#6724 = EDGE_CURVE('',#6725,#6727,#6729,.T.);
#6725 = VERTEX_POINT('',#6726);
#6726 = CARTESIAN_POINT('',(96.6,50.,2.));
#6727 = VERTEX_POINT('',#6728);
#6728 = CARTESIAN_POINT('',(96.6,50.,10.));
#6729 = LINE('',#6730,#6731);
#6730 = CARTESIAN_POINT('',(96.6,50.,2.));
#6731 = VECTOR('',#6732,1.);
#6732 = DIRECTION('',(0.,0.,1.));
#6733 = ORIENTED_EDGE('',*,*,#6734,.T.);
#6734 = EDGE_CURVE('',#6725,#6735,#6737,.T.);
#6735 = VERTEX_POINT('',#6736);
#6736 = CARTESIAN_POINT('',(96.6,55.8,2.));
#6737 = LINE('',#6738,#6739);
#6738 = CARTESIAN_POINT('',(96.6,50.,2.));
#6739 = VECTOR('',#6740,1.);
#6740 = DIRECTION('',(0.,1.,0.));
#6741 = ORIENTED_EDGE('',*,*,#6742,.T.);
#6742 = EDGE_CURVE('',#6735,#6743,#6745,.T.);
#6743 = VERTEX_POINT('',#6744);
#6744 = CARTESIAN_POINT('',(96.6,55.8,10.));
#6745 = LINE('',#6746,#6747);
#6746 = CARTESIAN_POINT('',(96.6,55.8,2.));
#6747 = VECTOR('',#6748,1.);
#6748 = DIRECTION('',(0.,0.,1.));
#6749 = ORIENTED_EDGE('',*,*,#6750,.F.);
#6750 = EDGE_CURVE('',#6727,#6743,#6751,.T.);
#6751 = LINE('',#6752,#6753);
#6752 = CARTESIAN_POINT('',(96.6,50.,10.));
#6753 = VECTOR('',#6754,1.);
#6754 = DIRECTION('',(0.,1.,0.));
#6755 = PLANE('',#6756);
#6756 = AXIS2_PLACEMENT_3D('',#6757,#6758,#6759);
#6757 = CARTESIAN_POINT('',(96.6,50.,2.));
#6758 = DIRECTION('',(1.,0.,0.));
#6759 = DIRECTION('',(0.,0.,1.));
#6760 = ADVANCED_FACE('',(#6761),#6777,.F.);
#6761 = FACE_BOUND('',#6762,.F.);
#6762 = EDGE_LOOP('',(#6763,#6769,#6770,#6776));
#6763 = ORIENTED_EDGE('',*,*,#6764,.F.);
#6764 = EDGE_CURVE('',#6685,#6725,#6765,.T.);
#6765 = LINE('',#6766,#6767);
#6766 = CARTESIAN_POINT('',(90.8,50.,2.));
#6767 = VECTOR('',#6768,1.);
#6768 = DIRECTION('',(1.,0.,0.));
#6769 = ORIENTED_EDGE('',*,*,#6684,.T.);
#6770 = ORIENTED_EDGE('',*,*,#6771,.T.);
#6771 = EDGE_CURVE('',#6687,#6727,#6772,.T.);
#6772 = LINE('',#6773,#6774);
#6773 = CARTESIAN_POINT('',(90.8,50.,10.));
#6774 = VECTOR('',#6775,1.);
#6775 = DIRECTION('',(1.,0.,0.));
#6776 = ORIENTED_EDGE('',*,*,#6724,.F.);
#6777 = PLANE('',#6778);
#6778 = AXIS2_PLACEMENT_3D('',#6779,#6780,#6781);
#6779 = CARTESIAN_POINT('',(90.8,50.,2.));
#6780 = DIRECTION('',(0.,1.,0.));
#6781 = DIRECTION('',(0.,0.,1.));
#6782 = ADVANCED_FACE('',(#6783),#6799,.T.);
#6783 = FACE_BOUND('',#6784,.T.);
#6784 = EDGE_LOOP('',(#6785,#6791,#6792,#6798));
#6785 = ORIENTED_EDGE('',*,*,#6786,.F.);
#6786 = EDGE_CURVE('',#6695,#6735,#6787,.T.);
#6787 = LINE('',#6788,#6789);
#6788 = CARTESIAN_POINT('',(90.8,55.8,2.));
#6789 = VECTOR('',#6790,1.);
#6790 = DIRECTION('',(1.,0.,0.));
#6791 = ORIENTED_EDGE('',*,*,#6702,.T.);
#6792 = ORIENTED_EDGE('',*,*,#6793,.T.);
#6793 = EDGE_CURVE('',#6703,#6743,#6794,.T.);
#6794 = LINE('',#6795,#6796);
#6795 = CARTESIAN_POINT('',(90.8,55.8,10.));
#6796 = VECTOR('',#6797,1.);
#6797 = DIRECTION('',(1.,0.,0.));
#6798 = ORIENTED_EDGE('',*,*,#6742,.F.);
#6799 = PLANE('',#6800);
#6800 = AXIS2_PLACEMENT_3D('',#6801,#6802,#6803);
#6801 = CARTESIAN_POINT('',(90.8,55.8,2.));
#6802 = DIRECTION('',(0.,1.,0.));
#6803 = DIRECTION('',(0.,0.,1.));
#6804 = ADVANCED_FACE('',(#6805),#6811,.F.);
#6805 = FACE_BOUND('',#6806,.F.);
#6806 = EDGE_LOOP('',(#6807,#6808,#6809,#6810));
#6807 = ORIENTED_EDGE('',*,*,#6694,.F.);
#6808 = ORIENTED_EDGE('',*,*,#6764,.T.);
#6809 = ORIENTED_EDGE('',*,*,#6734,.T.);
#6810 = ORIENTED_EDGE('',*,*,#6786,.F.);
#6811 = PLANE('',#6812);
#6812 = AXIS2_PLACEMENT_3D('',#6813,#6814,#6815);
#6813 = CARTESIAN_POINT('',(90.8,50.,2.));
#6814 = DIRECTION('',(0.,0.,1.));
#6815 = DIRECTION('',(1.,0.,0.));
#6816 = ADVANCED_FACE('',(#6817),#6823,.T.);
#6817 = FACE_BOUND('',#6818,.T.);
#6818 = EDGE_LOOP('',(#6819,#6820,#6821,#6822));
#6819 = ORIENTED_EDGE('',*,*,#6710,.F.);
#6820 = ORIENTED_EDGE('',*,*,#6771,.T.);
#6821 = ORIENTED_EDGE('',*,*,#6750,.T.);
#6822 = ORIENTED_EDGE('',*,*,#6793,.F.);
#6823 = PLANE('',#6824);
#6824 = AXIS2_PLACEMENT_3D('',#6825,#6826,#6827);
#6825 = CARTESIAN_POINT('',(90.8,50.,10.));
#6826 = DIRECTION('',(0.,0.,1.));
#6827 = DIRECTION('',(1.,0.,0.));
#6828 = MANIFOLD_SOLID_BREP('',#6829);
#6829 = CLOSED_SHELL('',(#6830,#6870,#6903,#6936,#6969,#7002,#7019,#7036
    ,#7067,#7098,#7115,#7146,#7163,#7264,#7282,#7300,#7333,#7351,#7382,
    #7400,#7431,#7460,#7493,#7519,#7545,#7570,#7595,#7621,#7647,#7664,
    #7675,#7686,#7698,#7709,#7720,#7751,#7776,#7801,#7825,#7849,#7874,
    #7899,#7916,#7949,#7966,#7983,#8008,#8033,#8050,#8067,#8084));
#6830 = ADVANCED_FACE('',(#6831),#6865,.F.);
#6831 = FACE_BOUND('',#6832,.F.);
#6832 = EDGE_LOOP('',(#6833,#6843,#6851,#6859));
#6833 = ORIENTED_EDGE('',*,*,#6834,.F.);
#6834 = EDGE_CURVE('',#6835,#6837,#6839,.T.);
#6835 = VERTEX_POINT('',#6836);
#6836 = CARTESIAN_POINT('',(91.,101.7,2.7));
#6837 = VERTEX_POINT('',#6838);
#6838 = CARTESIAN_POINT('',(91.,101.7,24.3));
#6839 = LINE('',#6840,#6841);
#6840 = CARTESIAN_POINT('',(91.,101.7,2.));
#6841 = VECTOR('',#6842,1.);
#6842 = DIRECTION('',(0.,0.,1.));
#6843 = ORIENTED_EDGE('',*,*,#6844,.T.);
#6844 = EDGE_CURVE('',#6835,#6845,#6847,.T.);
#6845 = VERTEX_POINT('',#6846);
#6846 = CARTESIAN_POINT('',(91.,125.3,2.7));
#6847 = LINE('',#6848,#6849);
#6848 = CARTESIAN_POINT('',(91.,101.,2.7));
#6849 = VECTOR('',#6850,1.);
#6850 = DIRECTION('',(0.,1.,0.));
#6851 = ORIENTED_EDGE('',*,*,#6852,.T.);
#6852 = EDGE_CURVE('',#6845,#6853,#6855,.T.);
#6853 = VERTEX_POINT('',#6854);
#6854 = CARTESIAN_POINT('',(91.,125.3,24.3));
#6855 = LINE('',#6856,#6857);
#6856 = CARTESIAN_POINT('',(91.,125.3,2.));
#6857 = VECTOR('',#6858,1.);
#6858 = DIRECTION('',(0.,0.,1.));
#6859 = ORIENTED_EDGE('',*,*,#6860,.F.);
#6860 = EDGE_CURVE('',#6837,#6853,#6861,.T.);
#6861 = LINE('',#6862,#6863);
#6862 = CARTESIAN_POINT('',(91.,101.,24.3));
#6863 = VECTOR('',#6864,1.);
#6864 = DIRECTION('',(0.,1.,0.));
#6865 = PLANE('',#6866);
#6866 = AXIS2_PLACEMENT_3D('',#6867,#6868,#6869);
#6867 = CARTESIAN_POINT('',(91.,101.,2.));
#6868 = DIRECTION('',(1.,0.,0.));
#6869 = DIRECTION('',(0.,0.,1.));
#6870 = ADVANCED_FACE('',(#6871),#6898,.T.);
#6871 = FACE_BOUND('',#6872,.T.);
#6872 = EDGE_LOOP('',(#6873,#6874,#6883,#6891));
#6873 = ORIENTED_EDGE('',*,*,#6834,.F.);
#6874 = ORIENTED_EDGE('',*,*,#6875,.T.);
#6875 = EDGE_CURVE('',#6835,#6876,#6878,.T.);
#6876 = VERTEX_POINT('',#6877);
#6877 = CARTESIAN_POINT('',(91.7,101.,2.7));
#6878 = CIRCLE('',#6879,0.7);
#6879 = AXIS2_PLACEMENT_3D('',#6880,#6881,#6882);
#6880 = CARTESIAN_POINT('',(91.7,101.7,2.7));
#6881 = DIRECTION('',(0.,0.,1.));
#6882 = DIRECTION('',(-1.,0.,0.));
#6883 = ORIENTED_EDGE('',*,*,#6884,.T.);
#6884 = EDGE_CURVE('',#6876,#6885,#6887,.T.);
#6885 = VERTEX_POINT('',#6886);
#6886 = CARTESIAN_POINT('',(91.7,101.,24.3));
#6887 = LINE('',#6888,#6889);
#6888 = CARTESIAN_POINT('',(91.7,101.,2.));
#6889 = VECTOR('',#6890,1.);
#6890 = DIRECTION('',(0.,0.,1.));
#6891 = ORIENTED_EDGE('',*,*,#6892,.F.);
#6892 = EDGE_CURVE('',#6837,#6885,#6893,.T.);
#6893 = CIRCLE('',#6894,0.7);
#6894 = AXIS2_PLACEMENT_3D('',#6895,#6896,#6897);
#6895 = CARTESIAN_POINT('',(91.7,101.7,24.3));
#6896 = DIRECTION('',(0.,0.,1.));
#6897 = DIRECTION('',(-1.,0.,0.));
#6898 = CYLINDRICAL_SURFACE('',#6899,0.7);
#6899 = AXIS2_PLACEMENT_3D('',#6900,#6901,#6902);
#6900 = CARTESIAN_POINT('',(91.7,101.7,2.));
#6901 = DIRECTION('',(0.,0.,1.));
#6902 = DIRECTION('',(-1.,0.,0.));
#6903 = ADVANCED_FACE('',(#6904),#6931,.T.);
#6904 = FACE_BOUND('',#6905,.F.);
#6905 = EDGE_LOOP('',(#6906,#6915,#6923,#6930));
#6906 = ORIENTED_EDGE('',*,*,#6907,.F.);
#6907 = EDGE_CURVE('',#6908,#6835,#6910,.T.);
#6908 = VERTEX_POINT('',#6909);
#6909 = CARTESIAN_POINT('',(91.7,101.7,2.));
#6910 = CIRCLE('',#6911,0.7);
#6911 = AXIS2_PLACEMENT_3D('',#6912,#6913,#6914);
#6912 = CARTESIAN_POINT('',(91.7,101.7,2.7));
#6913 = DIRECTION('',(0.,1.,-0.));
#6914 = DIRECTION('',(-1.,0.,0.));
#6915 = ORIENTED_EDGE('',*,*,#6916,.T.);
#6916 = EDGE_CURVE('',#6908,#6917,#6919,.T.);
#6917 = VERTEX_POINT('',#6918);
#6918 = CARTESIAN_POINT('',(91.7,125.3,2.));
#6919 = LINE('',#6920,#6921);
#6920 = CARTESIAN_POINT('',(91.7,101.,2.));
#6921 = VECTOR('',#6922,1.);
#6922 = DIRECTION('',(0.,1.,0.));
#6923 = ORIENTED_EDGE('',*,*,#6924,.T.);
#6924 = EDGE_CURVE('',#6917,#6845,#6925,.T.);
#6925 = CIRCLE('',#6926,0.7);
#6926 = AXIS2_PLACEMENT_3D('',#6927,#6928,#6929);
#6927 = CARTESIAN_POINT('',(91.7,125.3,2.7));
#6928 = DIRECTION('',(0.,1.,-0.));
#6929 = DIRECTION('',(-1.,0.,0.));
#6930 = ORIENTED_EDGE('',*,*,#6844,.F.);
#6931 = CYLINDRICAL_SURFACE('',#6932,0.7);
#6932 = AXIS2_PLACEMENT_3D('',#6933,#6934,#6935);
#6933 = CARTESIAN_POINT('',(91.7,101.,2.7));
#6934 = DIRECTION('',(0.,1.,0.));
#6935 = DIRECTION('',(-1.,0.,0.));
#6936 = ADVANCED_FACE('',(#6937),#6964,.T.);
#6937 = FACE_BOUND('',#6938,.T.);
#6938 = EDGE_LOOP('',(#6939,#6948,#6956,#6963));
#6939 = ORIENTED_EDGE('',*,*,#6940,.F.);
#6940 = EDGE_CURVE('',#6941,#6837,#6943,.T.);
#6941 = VERTEX_POINT('',#6942);
#6942 = CARTESIAN_POINT('',(91.7,101.7,25.));
#6943 = CIRCLE('',#6944,0.7);
#6944 = AXIS2_PLACEMENT_3D('',#6945,#6946,#6947);
#6945 = CARTESIAN_POINT('',(91.7,101.7,24.3));
#6946 = DIRECTION('',(0.,-1.,0.));
#6947 = DIRECTION('',(-1.,0.,0.));
#6948 = ORIENTED_EDGE('',*,*,#6949,.T.);
#6949 = EDGE_CURVE('',#6941,#6950,#6952,.T.);
#6950 = VERTEX_POINT('',#6951);
#6951 = CARTESIAN_POINT('',(91.7,125.3,25.));
#6952 = LINE('',#6953,#6954);
#6953 = CARTESIAN_POINT('',(91.7,101.,25.));
#6954 = VECTOR('',#6955,1.);
#6955 = DIRECTION('',(0.,1.,0.));
#6956 = ORIENTED_EDGE('',*,*,#6957,.F.);
#6957 = EDGE_CURVE('',#6853,#6950,#6958,.T.);
#6958 = CIRCLE('',#6959,0.7);
#6959 = AXIS2_PLACEMENT_3D('',#6960,#6961,#6962);
#6960 = CARTESIAN_POINT('',(91.7,125.3,24.3));
#6961 = DIRECTION('',(0.,1.,-0.));
#6962 = DIRECTION('',(-1.,0.,0.));
#6963 = ORIENTED_EDGE('',*,*,#6860,.F.);
#6964 = CYLINDRICAL_SURFACE('',#6965,0.7);
#6965 = AXIS2_PLACEMENT_3D('',#6966,#6967,#6968);
#6966 = CARTESIAN_POINT('',(91.7,101.,24.3));
#6967 = DIRECTION('',(0.,1.,0.));
#6968 = DIRECTION('',(-1.,0.,0.));
#6969 = ADVANCED_FACE('',(#6970),#6997,.T.);
#6970 = FACE_BOUND('',#6971,.F.);
#6971 = EDGE_LOOP('',(#6972,#6973,#6982,#6990));
#6972 = ORIENTED_EDGE('',*,*,#6852,.F.);
#6973 = ORIENTED_EDGE('',*,*,#6974,.T.);
#6974 = EDGE_CURVE('',#6845,#6975,#6977,.T.);
#6975 = VERTEX_POINT('',#6976);
#6976 = CARTESIAN_POINT('',(91.7,126.,2.7));
#6977 = CIRCLE('',#6978,0.7);
#6978 = AXIS2_PLACEMENT_3D('',#6979,#6980,#6981);
#6979 = CARTESIAN_POINT('',(91.7,125.3,2.7));
#6980 = DIRECTION('',(0.,0.,-1.));
#6981 = DIRECTION('',(-1.,0.,0.));
#6982 = ORIENTED_EDGE('',*,*,#6983,.T.);
#6983 = EDGE_CURVE('',#6975,#6984,#6986,.T.);
#6984 = VERTEX_POINT('',#6985);
#6985 = CARTESIAN_POINT('',(91.7,126.,24.3));
#6986 = LINE('',#6987,#6988);
#6987 = CARTESIAN_POINT('',(91.7,126.,2.));
#6988 = VECTOR('',#6989,1.);
#6989 = DIRECTION('',(0.,0.,1.));
#6990 = ORIENTED_EDGE('',*,*,#6991,.T.);
#6991 = EDGE_CURVE('',#6984,#6853,#6992,.T.);
#6992 = CIRCLE('',#6993,0.7);
#6993 = AXIS2_PLACEMENT_3D('',#6994,#6995,#6996);
#6994 = CARTESIAN_POINT('',(91.7,125.3,24.3));
#6995 = DIRECTION('',(0.,0.,1.));
#6996 = DIRECTION('',(-1.,0.,0.));
#6997 = CYLINDRICAL_SURFACE('',#6998,0.7);
#6998 = AXIS2_PLACEMENT_3D('',#6999,#7000,#7001);
#6999 = CARTESIAN_POINT('',(91.7,125.3,2.));
#7000 = DIRECTION('',(0.,0.,1.));
#7001 = DIRECTION('',(-1.,0.,0.));
#7002 = ADVANCED_FACE('',(#7003),#7014,.T.);
#7003 = FACE_BOUND('',#7004,.T.);
#7004 = EDGE_LOOP('',(#7005,#7006,#7013));
#7005 = ORIENTED_EDGE('',*,*,#6907,.F.);
#7006 = ORIENTED_EDGE('',*,*,#7007,.T.);
#7007 = EDGE_CURVE('',#6908,#6876,#7008,.T.);
#7008 = CIRCLE('',#7009,0.7);
#7009 = AXIS2_PLACEMENT_3D('',#7010,#7011,#7012);
#7010 = CARTESIAN_POINT('',(91.7,101.7,2.7));
#7011 = DIRECTION('',(-1.,6.123233995737E-17,0.));
#7012 = DIRECTION('',(-6.123233995737E-17,-1.,0.));
#7013 = ORIENTED_EDGE('',*,*,#6875,.F.);
#7014 = SPHERICAL_SURFACE('',#7015,0.7);
#7015 = AXIS2_PLACEMENT_3D('',#7016,#7017,#7018);
#7016 = CARTESIAN_POINT('',(91.7,101.7,2.7));
#7017 = DIRECTION('',(0.,0.,1.));
#7018 = DIRECTION('',(-1.,0.,0.));
#7019 = ADVANCED_FACE('',(#7020),#7031,.T.);
#7020 = FACE_BOUND('',#7021,.F.);
#7021 = EDGE_LOOP('',(#7022,#7023,#7030));
#7022 = ORIENTED_EDGE('',*,*,#6940,.F.);
#7023 = ORIENTED_EDGE('',*,*,#7024,.T.);
#7024 = EDGE_CURVE('',#6941,#6885,#7025,.T.);
#7025 = CIRCLE('',#7026,0.7);
#7026 = AXIS2_PLACEMENT_3D('',#7027,#7028,#7029);
#7027 = CARTESIAN_POINT('',(91.7,101.7,24.3));
#7028 = DIRECTION('',(1.,-6.123233995737E-17,0.));
#7029 = DIRECTION('',(-6.123233995737E-17,-1.,0.));
#7030 = ORIENTED_EDGE('',*,*,#6892,.F.);
#7031 = SPHERICAL_SURFACE('',#7032,0.7);
#7032 = AXIS2_PLACEMENT_3D('',#7033,#7034,#7035);
#7033 = CARTESIAN_POINT('',(91.7,101.7,24.3));
#7034 = DIRECTION('',(-0.,-0.,-1.));
#7035 = DIRECTION('',(-1.,0.,0.));
#7036 = ADVANCED_FACE('',(#7037),#7062,.F.);
#7037 = FACE_BOUND('',#7038,.F.);
#7038 = EDGE_LOOP('',(#7039,#7040,#7048,#7056));
#7039 = ORIENTED_EDGE('',*,*,#6884,.T.);
#7040 = ORIENTED_EDGE('',*,*,#7041,.T.);
#7041 = EDGE_CURVE('',#6885,#7042,#7044,.T.);
#7042 = VERTEX_POINT('',#7043);
#7043 = CARTESIAN_POINT('',(99.3,101.,24.3));
#7044 = LINE('',#7045,#7046);
#7045 = CARTESIAN_POINT('',(91.,101.,24.3));
#7046 = VECTOR('',#7047,1.);
#7047 = DIRECTION('',(1.,0.,0.));
#7048 = ORIENTED_EDGE('',*,*,#7049,.F.);
#7049 = EDGE_CURVE('',#7050,#7042,#7052,.T.);
#7050 = VERTEX_POINT('',#7051);
#7051 = CARTESIAN_POINT('',(99.3,101.,2.7));
#7052 = LINE('',#7053,#7054);
#7053 = CARTESIAN_POINT('',(99.3,101.,2.));
#7054 = VECTOR('',#7055,1.);
#7055 = DIRECTION('',(0.,0.,1.));
#7056 = ORIENTED_EDGE('',*,*,#7057,.F.);
#7057 = EDGE_CURVE('',#6876,#7050,#7058,.T.);
#7058 = LINE('',#7059,#7060);
#7059 = CARTESIAN_POINT('',(91.,101.,2.7));
#7060 = VECTOR('',#7061,1.);
#7061 = DIRECTION('',(1.,0.,0.));
#7062 = PLANE('',#7063);
#7063 = AXIS2_PLACEMENT_3D('',#7064,#7065,#7066);
#7064 = CARTESIAN_POINT('',(91.,101.,2.));
#7065 = DIRECTION('',(0.,1.,0.));
#7066 = DIRECTION('',(0.,0.,1.));
#7067 = ADVANCED_FACE('',(#7068),#7093,.F.);
#7068 = FACE_BOUND('',#7069,.F.);
#7069 = EDGE_LOOP('',(#7070,#7071,#7079,#7087));
#7070 = ORIENTED_EDGE('',*,*,#6916,.F.);
#7071 = ORIENTED_EDGE('',*,*,#7072,.T.);
#7072 = EDGE_CURVE('',#6908,#7073,#7075,.T.);
#7073 = VERTEX_POINT('',#7074);
#7074 = CARTESIAN_POINT('',(99.3,101.7,2.));
#7075 = LINE('',#7076,#7077);
#7076 = CARTESIAN_POINT('',(91.,101.7,2.));
#7077 = VECTOR('',#7078,1.);
#7078 = DIRECTION('',(1.,0.,0.));
#7079 = ORIENTED_EDGE('',*,*,#7080,.T.);
#7080 = EDGE_CURVE('',#7073,#7081,#7083,.T.);
#7081 = VERTEX_POINT('',#7082);
#7082 = CARTESIAN_POINT('',(99.3,125.3,2.));
#7083 = LINE('',#7084,#7085);
#7084 = CARTESIAN_POINT('',(99.3,101.,2.));
#7085 = VECTOR('',#7086,1.);
#7086 = DIRECTION('',(0.,1.,0.));
#7087 = ORIENTED_EDGE('',*,*,#7088,.F.);
#7088 = EDGE_CURVE('',#6917,#7081,#7089,.T.);
#7089 = LINE('',#7090,#7091);
#7090 = CARTESIAN_POINT('',(91.,125.3,2.));
#7091 = VECTOR('',#7092,1.);
#7092 = DIRECTION('',(1.,0.,0.));
#7093 = PLANE('',#7094);
#7094 = AXIS2_PLACEMENT_3D('',#7095,#7096,#7097);
#7095 = CARTESIAN_POINT('',(91.,101.,2.));
#7096 = DIRECTION('',(0.,0.,1.));
#7097 = DIRECTION('',(1.,0.,0.));
#7098 = ADVANCED_FACE('',(#7099),#7110,.T.);
#7099 = FACE_BOUND('',#7100,.F.);
#7100 = EDGE_LOOP('',(#7101,#7102,#7109));
#7101 = ORIENTED_EDGE('',*,*,#6924,.F.);
#7102 = ORIENTED_EDGE('',*,*,#7103,.T.);
#7103 = EDGE_CURVE('',#6917,#6975,#7104,.T.);
#7104 = CIRCLE('',#7105,0.7);
#7105 = AXIS2_PLACEMENT_3D('',#7106,#7107,#7108);
#7106 = CARTESIAN_POINT('',(91.7,125.3,2.7));
#7107 = DIRECTION('',(1.,6.123233995737E-17,-0.));
#7108 = DIRECTION('',(-6.123233995737E-17,1.,0.));
#7109 = ORIENTED_EDGE('',*,*,#6974,.F.);
#7110 = SPHERICAL_SURFACE('',#7111,0.7);
#7111 = AXIS2_PLACEMENT_3D('',#7112,#7113,#7114);
#7112 = CARTESIAN_POINT('',(91.7,125.3,2.7));
#7113 = DIRECTION('',(0.,0.,1.));
#7114 = DIRECTION('',(-1.,0.,0.));
#7115 = ADVANCED_FACE('',(#7116),#7141,.T.);
#7116 = FACE_BOUND('',#7117,.T.);
#7117 = EDGE_LOOP('',(#7118,#7119,#7127,#7135));
#7118 = ORIENTED_EDGE('',*,*,#6949,.F.);
#7119 = ORIENTED_EDGE('',*,*,#7120,.T.);
#7120 = EDGE_CURVE('',#6941,#7121,#7123,.T.);
#7121 = VERTEX_POINT('',#7122);
#7122 = CARTESIAN_POINT('',(99.3,101.7,25.));
#7123 = LINE('',#7124,#7125);
#7124 = CARTESIAN_POINT('',(91.,101.7,25.));
#7125 = VECTOR('',#7126,1.);
#7126 = DIRECTION('',(1.,0.,0.));
#7127 = ORIENTED_EDGE('',*,*,#7128,.T.);
#7128 = EDGE_CURVE('',#7121,#7129,#7131,.T.);
#7129 = VERTEX_POINT('',#7130);
#7130 = CARTESIAN_POINT('',(99.3,125.3,25.));
#7131 = LINE('',#7132,#7133);
#7132 = CARTESIAN_POINT('',(99.3,101.,25.));
#7133 = VECTOR('',#7134,1.);
#7134 = DIRECTION('',(0.,1.,0.));
#7135 = ORIENTED_EDGE('',*,*,#7136,.F.);
#7136 = EDGE_CURVE('',#6950,#7129,#7137,.T.);
#7137 = LINE('',#7138,#7139);
#7138 = CARTESIAN_POINT('',(91.,125.3,25.));
#7139 = VECTOR('',#7140,1.);
#7140 = DIRECTION('',(1.,0.,0.));
#7141 = PLANE('',#7142);
#7142 = AXIS2_PLACEMENT_3D('',#7143,#7144,#7145);
#7143 = CARTESIAN_POINT('',(91.,101.,25.));
#7144 = DIRECTION('',(0.,0.,1.));
#7145 = DIRECTION('',(1.,0.,0.));
#7146 = ADVANCED_FACE('',(#7147),#7158,.T.);
#7147 = FACE_BOUND('',#7148,.F.);
#7148 = EDGE_LOOP('',(#7149,#7150,#7157));
#7149 = ORIENTED_EDGE('',*,*,#6991,.F.);
#7150 = ORIENTED_EDGE('',*,*,#7151,.T.);
#7151 = EDGE_CURVE('',#6984,#6950,#7152,.T.);
#7152 = CIRCLE('',#7153,0.7);
#7153 = AXIS2_PLACEMENT_3D('',#7154,#7155,#7156);
#7154 = CARTESIAN_POINT('',(91.7,125.3,24.3));
#7155 = DIRECTION('',(1.,0.,6.123233995737E-17));
#7156 = DIRECTION('',(-6.123233995737E-17,0.,1.));
#7157 = ORIENTED_EDGE('',*,*,#6957,.F.);
#7158 = SPHERICAL_SURFACE('',#7159,0.7);
#7159 = AXIS2_PLACEMENT_3D('',#7160,#7161,#7162);
#7160 = CARTESIAN_POINT('',(91.7,125.3,24.3));
#7161 = DIRECTION('',(-0.,-1.,-0.));
#7162 = DIRECTION('',(-1.,0.,0.));
#7163 = ADVANCED_FACE('',(#7164,#7189),#7259,.T.);
#7164 = FACE_BOUND('',#7165,.T.);
#7165 = EDGE_LOOP('',(#7166,#7167,#7175,#7183));
#7166 = ORIENTED_EDGE('',*,*,#6983,.T.);
#7167 = ORIENTED_EDGE('',*,*,#7168,.T.);
#7168 = EDGE_CURVE('',#6984,#7169,#7171,.T.);
#7169 = VERTEX_POINT('',#7170);
#7170 = CARTESIAN_POINT('',(99.3,126.,24.3));
#7171 = LINE('',#7172,#7173);
#7172 = CARTESIAN_POINT('',(91.,126.,24.3));
#7173 = VECTOR('',#7174,1.);
#7174 = DIRECTION('',(1.,0.,0.));
#7175 = ORIENTED_EDGE('',*,*,#7176,.F.);
#7176 = EDGE_CURVE('',#7177,#7169,#7179,.T.);
#7177 = VERTEX_POINT('',#7178);
#7178 = CARTESIAN_POINT('',(99.3,126.,2.7));
#7179 = LINE('',#7180,#7181);
#7180 = CARTESIAN_POINT('',(99.3,126.,2.));
#7181 = VECTOR('',#7182,1.);
#7182 = DIRECTION('',(0.,0.,1.));
#7183 = ORIENTED_EDGE('',*,*,#7184,.F.);
#7184 = EDGE_CURVE('',#6975,#7177,#7185,.T.);
#7185 = LINE('',#7186,#7187);
#7186 = CARTESIAN_POINT('',(91.,126.,2.7));
#7187 = VECTOR('',#7188,1.);
#7188 = DIRECTION('',(1.,0.,0.));
#7189 = FACE_BOUND('',#7190,.T.);
#7190 = EDGE_LOOP('',(#7191,#7201,#7210,#7218,#7227,#7235,#7244,#7252));
#7191 = ORIENTED_EDGE('',*,*,#7192,.F.);
#7192 = EDGE_CURVE('',#7193,#7195,#7197,.T.);
#7193 = VERTEX_POINT('',#7194);
#7194 = CARTESIAN_POINT('',(92.1,126.,4.5));
#7195 = VERTEX_POINT('',#7196);
#7196 = CARTESIAN_POINT('',(92.1,126.,22.5));
#7197 = LINE('',#7198,#7199);
#7198 = CARTESIAN_POINT('',(92.1,126.,3.8));
#7199 = VECTOR('',#7200,1.);
#7200 = DIRECTION('',(0.,0.,1.));
#7201 = ORIENTED_EDGE('',*,*,#7202,.T.);
#7202 = EDGE_CURVE('',#7193,#7203,#7205,.T.);
#7203 = VERTEX_POINT('',#7204);
#7204 = CARTESIAN_POINT('',(93.5,126.,3.1));
#7205 = CIRCLE('',#7206,1.4);
#7206 = AXIS2_PLACEMENT_3D('',#7207,#7208,#7209);
#7207 = CARTESIAN_POINT('',(93.5,126.,4.5));
#7208 = DIRECTION('',(-0.,-1.,-0.));
#7209 = DIRECTION('',(-1.,0.,0.));
#7210 = ORIENTED_EDGE('',*,*,#7211,.T.);
#7211 = EDGE_CURVE('',#7203,#7212,#7214,.T.);
#7212 = VERTEX_POINT('',#7213);
#7213 = CARTESIAN_POINT('',(97.5,126.,3.1));
#7214 = LINE('',#7215,#7216);
#7215 = CARTESIAN_POINT('',(92.8,126.,3.1));
#7216 = VECTOR('',#7217,1.);
#7217 = DIRECTION('',(1.,0.,0.));
#7218 = ORIENTED_EDGE('',*,*,#7219,.F.);
#7219 = EDGE_CURVE('',#7220,#7212,#7222,.T.);
#7220 = VERTEX_POINT('',#7221);
#7221 = CARTESIAN_POINT('',(98.9,126.,4.5));
#7222 = CIRCLE('',#7223,1.4);
#7223 = AXIS2_PLACEMENT_3D('',#7224,#7225,#7226);
#7224 = CARTESIAN_POINT('',(97.5,126.,4.5));
#7225 = DIRECTION('',(-0.,1.,0.));
#7226 = DIRECTION('',(1.,0.,0.));
#7227 = ORIENTED_EDGE('',*,*,#7228,.T.);
#7228 = EDGE_CURVE('',#7220,#7229,#7231,.T.);
#7229 = VERTEX_POINT('',#7230);
#7230 = CARTESIAN_POINT('',(98.9,126.,22.5));
#7231 = LINE('',#7232,#7233);
#7232 = CARTESIAN_POINT('',(98.9,126.,3.8));
#7233 = VECTOR('',#7234,1.);
#7234 = DIRECTION('',(0.,0.,1.));
#7235 = ORIENTED_EDGE('',*,*,#7236,.F.);
#7236 = EDGE_CURVE('',#7237,#7229,#7239,.T.);
#7237 = VERTEX_POINT('',#7238);
#7238 = CARTESIAN_POINT('',(97.5,126.,23.9));
#7239 = CIRCLE('',#7240,1.4);
#7240 = AXIS2_PLACEMENT_3D('',#7241,#7242,#7243);
#7241 = CARTESIAN_POINT('',(97.5,126.,22.5));
#7242 = DIRECTION('',(0.,1.,0.));
#7243 = DIRECTION('',(0.,0.,1.));
#7244 = ORIENTED_EDGE('',*,*,#7245,.F.);
#7245 = EDGE_CURVE('',#7246,#7237,#7248,.T.);
#7246 = VERTEX_POINT('',#7247);
#7247 = CARTESIAN_POINT('',(93.5,126.,23.9));
#7248 = LINE('',#7249,#7250);
#7249 = CARTESIAN_POINT('',(92.8,126.,23.9));
#7250 = VECTOR('',#7251,1.);
#7251 = DIRECTION('',(1.,0.,0.));
#7252 = ORIENTED_EDGE('',*,*,#7253,.F.);
#7253 = EDGE_CURVE('',#7195,#7246,#7254,.T.);
#7254 = CIRCLE('',#7255,1.4);
#7255 = AXIS2_PLACEMENT_3D('',#7256,#7257,#7258);
#7256 = CARTESIAN_POINT('',(93.5,126.,22.5));
#7257 = DIRECTION('',(0.,1.,-0.));
#7258 = DIRECTION('',(-1.,0.,0.));
#7259 = PLANE('',#7260);
#7260 = AXIS2_PLACEMENT_3D('',#7261,#7262,#7263);
#7261 = CARTESIAN_POINT('',(91.,126.,2.));
#7262 = DIRECTION('',(0.,1.,0.));
#7263 = DIRECTION('',(0.,0.,1.));
#7264 = ADVANCED_FACE('',(#7265),#7277,.T.);
#7265 = FACE_BOUND('',#7266,.T.);
#7266 = EDGE_LOOP('',(#7267,#7268,#7269,#7276));
#7267 = ORIENTED_EDGE('',*,*,#7007,.F.);
#7268 = ORIENTED_EDGE('',*,*,#7072,.T.);
#7269 = ORIENTED_EDGE('',*,*,#7270,.F.);
#7270 = EDGE_CURVE('',#7050,#7073,#7271,.T.);
#7271 = CIRCLE('',#7272,0.7);
#7272 = AXIS2_PLACEMENT_3D('',#7273,#7274,#7275);
#7273 = CARTESIAN_POINT('',(99.3,101.7,2.7));
#7274 = DIRECTION('',(1.,0.,0.));
#7275 = DIRECTION('',(0.,-1.,0.));
#7276 = ORIENTED_EDGE('',*,*,#7057,.F.);
#7277 = CYLINDRICAL_SURFACE('',#7278,0.7);
#7278 = AXIS2_PLACEMENT_3D('',#7279,#7280,#7281);
#7279 = CARTESIAN_POINT('',(91.,101.7,2.7));
#7280 = DIRECTION('',(1.,0.,0.));
#7281 = DIRECTION('',(0.,-1.,0.));
#7282 = ADVANCED_FACE('',(#7283),#7295,.T.);
#7283 = FACE_BOUND('',#7284,.F.);
#7284 = EDGE_LOOP('',(#7285,#7286,#7287,#7294));
#7285 = ORIENTED_EDGE('',*,*,#7024,.F.);
#7286 = ORIENTED_EDGE('',*,*,#7120,.T.);
#7287 = ORIENTED_EDGE('',*,*,#7288,.T.);
#7288 = EDGE_CURVE('',#7121,#7042,#7289,.T.);
#7289 = CIRCLE('',#7290,0.7);
#7290 = AXIS2_PLACEMENT_3D('',#7291,#7292,#7293);
#7291 = CARTESIAN_POINT('',(99.3,101.7,24.3));
#7292 = DIRECTION('',(1.,0.,0.));
#7293 = DIRECTION('',(0.,-1.,0.));
#7294 = ORIENTED_EDGE('',*,*,#7041,.F.);
#7295 = CYLINDRICAL_SURFACE('',#7296,0.7);
#7296 = AXIS2_PLACEMENT_3D('',#7297,#7298,#7299);
#7297 = CARTESIAN_POINT('',(91.,101.7,24.3));
#7298 = DIRECTION('',(1.,0.,0.));
#7299 = DIRECTION('',(0.,-1.,0.));
#7300 = ADVANCED_FACE('',(#7301),#7328,.T.);
#7301 = FACE_BOUND('',#7302,.T.);
#7302 = EDGE_LOOP('',(#7303,#7312,#7320,#7327));
#7303 = ORIENTED_EDGE('',*,*,#7304,.F.);
#7304 = EDGE_CURVE('',#7305,#7050,#7307,.T.);
#7305 = VERTEX_POINT('',#7306);
#7306 = CARTESIAN_POINT('',(100.,101.7,2.7));
#7307 = CIRCLE('',#7308,0.7);
#7308 = AXIS2_PLACEMENT_3D('',#7309,#7310,#7311);
#7309 = CARTESIAN_POINT('',(99.3,101.7,2.7));
#7310 = DIRECTION('',(-0.,-0.,-1.));
#7311 = DIRECTION('',(0.,-1.,0.));
#7312 = ORIENTED_EDGE('',*,*,#7313,.T.);
#7313 = EDGE_CURVE('',#7305,#7314,#7316,.T.);
#7314 = VERTEX_POINT('',#7315);
#7315 = CARTESIAN_POINT('',(100.,101.7,24.3));
#7316 = LINE('',#7317,#7318);
#7317 = CARTESIAN_POINT('',(100.,101.7,2.));
#7318 = VECTOR('',#7319,1.);
#7319 = DIRECTION('',(0.,0.,1.));
#7320 = ORIENTED_EDGE('',*,*,#7321,.F.);
#7321 = EDGE_CURVE('',#7042,#7314,#7322,.T.);
#7322 = CIRCLE('',#7323,0.7);
#7323 = AXIS2_PLACEMENT_3D('',#7324,#7325,#7326);
#7324 = CARTESIAN_POINT('',(99.3,101.7,24.3));
#7325 = DIRECTION('',(-0.,0.,1.));
#7326 = DIRECTION('',(0.,-1.,0.));
#7327 = ORIENTED_EDGE('',*,*,#7049,.F.);
#7328 = CYLINDRICAL_SURFACE('',#7329,0.7);
#7329 = AXIS2_PLACEMENT_3D('',#7330,#7331,#7332);
#7330 = CARTESIAN_POINT('',(99.3,101.7,2.));
#7331 = DIRECTION('',(0.,0.,1.));
#7332 = DIRECTION('',(0.,-1.,0.));
#7333 = ADVANCED_FACE('',(#7334),#7346,.T.);
#7334 = FACE_BOUND('',#7335,.F.);
#7335 = EDGE_LOOP('',(#7336,#7337,#7338,#7345));
#7336 = ORIENTED_EDGE('',*,*,#7103,.F.);
#7337 = ORIENTED_EDGE('',*,*,#7088,.T.);
#7338 = ORIENTED_EDGE('',*,*,#7339,.F.);
#7339 = EDGE_CURVE('',#7177,#7081,#7340,.T.);
#7340 = CIRCLE('',#7341,0.7);
#7341 = AXIS2_PLACEMENT_3D('',#7342,#7343,#7344);
#7342 = CARTESIAN_POINT('',(99.3,125.3,2.7));
#7343 = DIRECTION('',(-1.,0.,0.));
#7344 = DIRECTION('',(0.,1.,0.));
#7345 = ORIENTED_EDGE('',*,*,#7184,.F.);
#7346 = CYLINDRICAL_SURFACE('',#7347,0.7);
#7347 = AXIS2_PLACEMENT_3D('',#7348,#7349,#7350);
#7348 = CARTESIAN_POINT('',(91.,125.3,2.7));
#7349 = DIRECTION('',(1.,0.,0.));
#7350 = DIRECTION('',(0.,1.,0.));
#7351 = ADVANCED_FACE('',(#7352),#7377,.T.);
#7352 = FACE_BOUND('',#7353,.F.);
#7353 = EDGE_LOOP('',(#7354,#7361,#7369,#7376));
#7354 = ORIENTED_EDGE('',*,*,#7355,.F.);
#7355 = EDGE_CURVE('',#7305,#7073,#7356,.T.);
#7356 = CIRCLE('',#7357,0.7);
#7357 = AXIS2_PLACEMENT_3D('',#7358,#7359,#7360);
#7358 = CARTESIAN_POINT('',(99.3,101.7,2.7));
#7359 = DIRECTION('',(0.,1.,-6.123233995737E-17));
#7360 = DIRECTION('',(0.,-6.123233995737E-17,-1.));
#7361 = ORIENTED_EDGE('',*,*,#7362,.T.);
#7362 = EDGE_CURVE('',#7305,#7363,#7365,.T.);
#7363 = VERTEX_POINT('',#7364);
#7364 = CARTESIAN_POINT('',(100.,125.3,2.7));
#7365 = LINE('',#7366,#7367);
#7366 = CARTESIAN_POINT('',(100.,101.,2.7));
#7367 = VECTOR('',#7368,1.);
#7368 = DIRECTION('',(0.,1.,0.));
#7369 = ORIENTED_EDGE('',*,*,#7370,.T.);
#7370 = EDGE_CURVE('',#7363,#7081,#7371,.T.);
#7371 = CIRCLE('',#7372,0.7);
#7372 = AXIS2_PLACEMENT_3D('',#7373,#7374,#7375);
#7373 = CARTESIAN_POINT('',(99.3,125.3,2.7));
#7374 = DIRECTION('',(0.,1.,6.123233995737E-17));
#7375 = DIRECTION('',(0.,6.123233995737E-17,-1.));
#7376 = ORIENTED_EDGE('',*,*,#7080,.F.);
#7377 = CYLINDRICAL_SURFACE('',#7378,0.7);
#7378 = AXIS2_PLACEMENT_3D('',#7379,#7380,#7381);
#7379 = CARTESIAN_POINT('',(99.3,101.,2.7));
#7380 = DIRECTION('',(0.,1.,0.));
#7381 = DIRECTION('',(0.,0.,-1.));
#7382 = ADVANCED_FACE('',(#7383),#7395,.T.);
#7383 = FACE_BOUND('',#7384,.F.);
#7384 = EDGE_LOOP('',(#7385,#7386,#7387,#7394));
#7385 = ORIENTED_EDGE('',*,*,#7151,.F.);
#7386 = ORIENTED_EDGE('',*,*,#7168,.T.);
#7387 = ORIENTED_EDGE('',*,*,#7388,.F.);
#7388 = EDGE_CURVE('',#7129,#7169,#7389,.T.);
#7389 = CIRCLE('',#7390,0.7);
#7390 = AXIS2_PLACEMENT_3D('',#7391,#7392,#7393);
#7391 = CARTESIAN_POINT('',(99.3,125.3,24.3));
#7392 = DIRECTION('',(-1.,0.,0.));
#7393 = DIRECTION('',(0.,0.,1.));
#7394 = ORIENTED_EDGE('',*,*,#7136,.F.);
#7395 = CYLINDRICAL_SURFACE('',#7396,0.7);
#7396 = AXIS2_PLACEMENT_3D('',#7397,#7398,#7399);
#7397 = CARTESIAN_POINT('',(91.,125.3,24.3));
#7398 = DIRECTION('',(1.,0.,0.));
#7399 = DIRECTION('',(0.,0.,1.));
#7400 = ADVANCED_FACE('',(#7401),#7426,.T.);
#7401 = FACE_BOUND('',#7402,.T.);
#7402 = EDGE_LOOP('',(#7403,#7410,#7418,#7425));
#7403 = ORIENTED_EDGE('',*,*,#7404,.T.);
#7404 = EDGE_CURVE('',#7121,#7314,#7405,.T.);
#7405 = CIRCLE('',#7406,0.7);
#7406 = AXIS2_PLACEMENT_3D('',#7407,#7408,#7409);
#7407 = CARTESIAN_POINT('',(99.3,101.7,24.3));
#7408 = DIRECTION('',(6.123233995737E-17,1.,0.));
#7409 = DIRECTION('',(1.,-6.123233995737E-17,0.));
#7410 = ORIENTED_EDGE('',*,*,#7411,.T.);
#7411 = EDGE_CURVE('',#7314,#7412,#7414,.T.);
#7412 = VERTEX_POINT('',#7413);
#7413 = CARTESIAN_POINT('',(100.,125.3,24.3));
#7414 = LINE('',#7415,#7416);
#7415 = CARTESIAN_POINT('',(100.,101.,24.3));
#7416 = VECTOR('',#7417,1.);
#7417 = DIRECTION('',(0.,1.,0.));
#7418 = ORIENTED_EDGE('',*,*,#7419,.T.);
#7419 = EDGE_CURVE('',#7412,#7129,#7420,.T.);
#7420 = CIRCLE('',#7421,0.7);
#7421 = AXIS2_PLACEMENT_3D('',#7422,#7423,#7424);
#7422 = CARTESIAN_POINT('',(99.3,125.3,24.3));
#7423 = DIRECTION('',(0.,-1.,0.));
#7424 = DIRECTION('',(0.,0.,1.));
#7425 = ORIENTED_EDGE('',*,*,#7128,.F.);
#7426 = CYLINDRICAL_SURFACE('',#7427,0.7);
#7427 = AXIS2_PLACEMENT_3D('',#7428,#7429,#7430);
#7428 = CARTESIAN_POINT('',(99.3,101.,24.3));
#7429 = DIRECTION('',(0.,1.,0.));
#7430 = DIRECTION('',(0.,0.,1.));
#7431 = ADVANCED_FACE('',(#7432),#7455,.T.);
#7432 = FACE_BOUND('',#7433,.F.);
#7433 = EDGE_LOOP('',(#7434,#7441,#7447,#7454));
#7434 = ORIENTED_EDGE('',*,*,#7435,.F.);
#7435 = EDGE_CURVE('',#7363,#7177,#7436,.T.);
#7436 = CIRCLE('',#7437,0.7);
#7437 = AXIS2_PLACEMENT_3D('',#7438,#7439,#7440);
#7438 = CARTESIAN_POINT('',(99.3,125.3,2.7));
#7439 = DIRECTION('',(0.,-0.,1.));
#7440 = DIRECTION('',(0.,1.,0.));
#7441 = ORIENTED_EDGE('',*,*,#7442,.T.);
#7442 = EDGE_CURVE('',#7363,#7412,#7443,.T.);
#7443 = LINE('',#7444,#7445);
#7444 = CARTESIAN_POINT('',(100.,125.3,2.));
#7445 = VECTOR('',#7446,1.);
#7446 = DIRECTION('',(0.,0.,1.));
#7447 = ORIENTED_EDGE('',*,*,#7448,.T.);
#7448 = EDGE_CURVE('',#7412,#7169,#7449,.T.);
#7449 = CIRCLE('',#7450,0.7);
#7450 = AXIS2_PLACEMENT_3D('',#7451,#7452,#7453);
#7451 = CARTESIAN_POINT('',(99.3,125.3,24.3));
#7452 = DIRECTION('',(0.,-6.123233995737E-17,1.));
#7453 = DIRECTION('',(0.,1.,6.123233995737E-17));
#7454 = ORIENTED_EDGE('',*,*,#7176,.F.);
#7455 = CYLINDRICAL_SURFACE('',#7456,0.7);
#7456 = AXIS2_PLACEMENT_3D('',#7457,#7458,#7459);
#7457 = CARTESIAN_POINT('',(99.3,125.3,2.));
#7458 = DIRECTION('',(0.,0.,1.));
#7459 = DIRECTION('',(0.,1.,0.));
#7460 = ADVANCED_FACE('',(#7461),#7488,.T.);
#7461 = FACE_BOUND('',#7462,.F.);
#7462 = EDGE_LOOP('',(#7463,#7472,#7480,#7487));
#7463 = ORIENTED_EDGE('',*,*,#7464,.T.);
#7464 = EDGE_CURVE('',#7193,#7465,#7467,.T.);
#7465 = VERTEX_POINT('',#7466);
#7466 = CARTESIAN_POINT('',(92.8,125.3,4.5));
#7467 = CIRCLE('',#7468,0.7);
#7468 = AXIS2_PLACEMENT_3D('',#7469,#7470,#7471);
#7469 = CARTESIAN_POINT('',(92.1,125.3,4.5));
#7470 = DIRECTION('',(0.,0.,-1.));
#7471 = DIRECTION('',(-1.,0.,0.));
#7472 = ORIENTED_EDGE('',*,*,#7473,.T.);
#7473 = EDGE_CURVE('',#7465,#7474,#7476,.T.);
#7474 = VERTEX_POINT('',#7475);
#7475 = CARTESIAN_POINT('',(92.8,125.3,22.5));
#7476 = LINE('',#7477,#7478);
#7477 = CARTESIAN_POINT('',(92.8,125.3,3.8));
#7478 = VECTOR('',#7479,1.);
#7479 = DIRECTION('',(0.,0.,1.));
#7480 = ORIENTED_EDGE('',*,*,#7481,.F.);
#7481 = EDGE_CURVE('',#7195,#7474,#7482,.T.);
#7482 = CIRCLE('',#7483,0.7);
#7483 = AXIS2_PLACEMENT_3D('',#7484,#7485,#7486);
#7484 = CARTESIAN_POINT('',(92.1,125.3,22.5));
#7485 = DIRECTION('',(0.,0.,-1.));
#7486 = DIRECTION('',(-1.,0.,0.));
#7487 = ORIENTED_EDGE('',*,*,#7192,.F.);
#7488 = CYLINDRICAL_SURFACE('',#7489,0.7);
#7489 = AXIS2_PLACEMENT_3D('',#7490,#7491,#7492);
#7490 = CARTESIAN_POINT('',(92.1,125.3,3.8));
#7491 = DIRECTION('',(0.,0.,1.));
#7492 = DIRECTION('',(0.,1.,0.));
#7493 = ADVANCED_FACE('',(#7494),#7514,.T.);
#7494 = FACE_BOUND('',#7495,.F.);
#7495 = EDGE_LOOP('',(#7496,#7497,#7498,#7507));
#7496 = ORIENTED_EDGE('',*,*,#7464,.F.);
#7497 = ORIENTED_EDGE('',*,*,#7202,.T.);
#7498 = ORIENTED_EDGE('',*,*,#7499,.T.);
#7499 = EDGE_CURVE('',#7203,#7500,#7502,.T.);
#7500 = VERTEX_POINT('',#7501);
#7501 = CARTESIAN_POINT('',(93.5,125.3,3.8));
#7502 = CIRCLE('',#7503,0.7);
#7503 = AXIS2_PLACEMENT_3D('',#7504,#7505,#7506);
#7504 = CARTESIAN_POINT('',(93.5,125.3,3.1));
#7505 = DIRECTION('',(1.,0.,-6.123233995737E-17));
#7506 = DIRECTION('',(-6.123233995737E-17,0.,-1.));
#7507 = ORIENTED_EDGE('',*,*,#7508,.F.);
#7508 = EDGE_CURVE('',#7465,#7500,#7509,.T.);
#7509 = CIRCLE('',#7510,0.7);
#7510 = AXIS2_PLACEMENT_3D('',#7511,#7512,#7513);
#7511 = CARTESIAN_POINT('',(93.5,125.3,4.5));
#7512 = DIRECTION('',(-0.,-1.,-0.));
#7513 = DIRECTION('',(-1.,0.,0.));
#7514 = TOROIDAL_SURFACE('',#7515,1.4,0.7);
#7515 = AXIS2_PLACEMENT_3D('',#7516,#7517,#7518);
#7516 = CARTESIAN_POINT('',(93.5,125.3,4.5));
#7517 = DIRECTION('',(0.,1.,0.));
#7518 = DIRECTION('',(-1.,0.,0.));
#7519 = ADVANCED_FACE('',(#7520),#7540,.T.);
#7520 = FACE_BOUND('',#7521,.T.);
#7521 = EDGE_LOOP('',(#7522,#7523,#7524,#7533));
#7522 = ORIENTED_EDGE('',*,*,#7481,.F.);
#7523 = ORIENTED_EDGE('',*,*,#7253,.T.);
#7524 = ORIENTED_EDGE('',*,*,#7525,.T.);
#7525 = EDGE_CURVE('',#7246,#7526,#7528,.T.);
#7526 = VERTEX_POINT('',#7527);
#7527 = CARTESIAN_POINT('',(93.5,125.3,23.2));
#7528 = CIRCLE('',#7529,0.7);
#7529 = AXIS2_PLACEMENT_3D('',#7530,#7531,#7532);
#7530 = CARTESIAN_POINT('',(93.5,125.3,23.9));
#7531 = DIRECTION('',(-1.,0.,-6.123233995737E-17));
#7532 = DIRECTION('',(-6.123233995737E-17,0.,1.));
#7533 = ORIENTED_EDGE('',*,*,#7534,.F.);
#7534 = EDGE_CURVE('',#7474,#7526,#7535,.T.);
#7535 = CIRCLE('',#7536,0.7);
#7536 = AXIS2_PLACEMENT_3D('',#7537,#7538,#7539);
#7537 = CARTESIAN_POINT('',(93.5,125.3,22.5));
#7538 = DIRECTION('',(0.,1.,-0.));
#7539 = DIRECTION('',(-1.,0.,0.));
#7540 = TOROIDAL_SURFACE('',#7541,1.4,0.7);
#7541 = AXIS2_PLACEMENT_3D('',#7542,#7543,#7544);
#7542 = CARTESIAN_POINT('',(93.5,125.3,22.5));
#7543 = DIRECTION('',(0.,1.,0.));
#7544 = DIRECTION('',(-1.,0.,0.));
#7545 = ADVANCED_FACE('',(#7546),#7565,.T.);
#7546 = FACE_BOUND('',#7547,.T.);
#7547 = EDGE_LOOP('',(#7548,#7549,#7557,#7564));
#7548 = ORIENTED_EDGE('',*,*,#7499,.T.);
#7549 = ORIENTED_EDGE('',*,*,#7550,.T.);
#7550 = EDGE_CURVE('',#7500,#7551,#7553,.T.);
#7551 = VERTEX_POINT('',#7552);
#7552 = CARTESIAN_POINT('',(97.5,125.3,3.8));
#7553 = LINE('',#7554,#7555);
#7554 = CARTESIAN_POINT('',(92.8,125.3,3.8));
#7555 = VECTOR('',#7556,1.);
#7556 = DIRECTION('',(1.,0.,0.));
#7557 = ORIENTED_EDGE('',*,*,#7558,.F.);
#7558 = EDGE_CURVE('',#7212,#7551,#7559,.T.);
#7559 = CIRCLE('',#7560,0.7);
#7560 = AXIS2_PLACEMENT_3D('',#7561,#7562,#7563);
#7561 = CARTESIAN_POINT('',(97.5,125.3,3.1));
#7562 = DIRECTION('',(1.,-0.,6.123233995737E-17));
#7563 = DIRECTION('',(6.123233995737E-17,0.,-1.));
#7564 = ORIENTED_EDGE('',*,*,#7211,.F.);
#7565 = CYLINDRICAL_SURFACE('',#7566,0.7);
#7566 = AXIS2_PLACEMENT_3D('',#7567,#7568,#7569);
#7567 = CARTESIAN_POINT('',(92.8,125.3,3.1));
#7568 = DIRECTION('',(1.,0.,0.));
#7569 = DIRECTION('',(0.,1.,0.));
#7570 = ADVANCED_FACE('',(#7571),#7590,.T.);
#7571 = FACE_BOUND('',#7572,.F.);
#7572 = EDGE_LOOP('',(#7573,#7574,#7582,#7589));
#7573 = ORIENTED_EDGE('',*,*,#7525,.T.);
#7574 = ORIENTED_EDGE('',*,*,#7575,.T.);
#7575 = EDGE_CURVE('',#7526,#7576,#7578,.T.);
#7576 = VERTEX_POINT('',#7577);
#7577 = CARTESIAN_POINT('',(97.5,125.3,23.2));
#7578 = LINE('',#7579,#7580);
#7579 = CARTESIAN_POINT('',(92.8,125.3,23.2));
#7580 = VECTOR('',#7581,1.);
#7581 = DIRECTION('',(1.,0.,0.));
#7582 = ORIENTED_EDGE('',*,*,#7583,.F.);
#7583 = EDGE_CURVE('',#7237,#7576,#7584,.T.);
#7584 = CIRCLE('',#7585,0.7);
#7585 = AXIS2_PLACEMENT_3D('',#7586,#7587,#7588);
#7586 = CARTESIAN_POINT('',(97.5,125.3,23.9));
#7587 = DIRECTION('',(-1.,0.,0.));
#7588 = DIRECTION('',(0.,0.,1.));
#7589 = ORIENTED_EDGE('',*,*,#7245,.F.);
#7590 = CYLINDRICAL_SURFACE('',#7591,0.7);
#7591 = AXIS2_PLACEMENT_3D('',#7592,#7593,#7594);
#7592 = CARTESIAN_POINT('',(92.8,125.3,23.9));
#7593 = DIRECTION('',(1.,0.,0.));
#7594 = DIRECTION('',(0.,1.,0.));
#7595 = ADVANCED_FACE('',(#7596),#7616,.T.);
#7596 = FACE_BOUND('',#7597,.T.);
#7597 = EDGE_LOOP('',(#7598,#7607,#7608,#7609));
#7598 = ORIENTED_EDGE('',*,*,#7599,.F.);
#7599 = EDGE_CURVE('',#7220,#7600,#7602,.T.);
#7600 = VERTEX_POINT('',#7601);
#7601 = CARTESIAN_POINT('',(98.2,125.3,4.5));
#7602 = CIRCLE('',#7603,0.7);
#7603 = AXIS2_PLACEMENT_3D('',#7604,#7605,#7606);
#7604 = CARTESIAN_POINT('',(98.9,125.3,4.5));
#7605 = DIRECTION('',(0.,0.,1.));
#7606 = DIRECTION('',(1.,0.,0.));
#7607 = ORIENTED_EDGE('',*,*,#7219,.T.);
#7608 = ORIENTED_EDGE('',*,*,#7558,.T.);
#7609 = ORIENTED_EDGE('',*,*,#7610,.F.);
#7610 = EDGE_CURVE('',#7600,#7551,#7611,.T.);
#7611 = CIRCLE('',#7612,0.7);
#7612 = AXIS2_PLACEMENT_3D('',#7613,#7614,#7615);
#7613 = CARTESIAN_POINT('',(97.5,125.3,4.5));
#7614 = DIRECTION('',(-0.,1.,0.));
#7615 = DIRECTION('',(1.,0.,0.));
#7616 = TOROIDAL_SURFACE('',#7617,1.4,0.7);
#7617 = AXIS2_PLACEMENT_3D('',#7618,#7619,#7620);
#7618 = CARTESIAN_POINT('',(97.5,125.3,4.5));
#7619 = DIRECTION('',(0.,1.,0.));
#7620 = DIRECTION('',(1.,0.,0.));
#7621 = ADVANCED_FACE('',(#7622),#7642,.T.);
#7622 = FACE_BOUND('',#7623,.T.);
#7623 = EDGE_LOOP('',(#7624,#7625,#7626,#7635));
#7624 = ORIENTED_EDGE('',*,*,#7583,.F.);
#7625 = ORIENTED_EDGE('',*,*,#7236,.T.);
#7626 = ORIENTED_EDGE('',*,*,#7627,.T.);
#7627 = EDGE_CURVE('',#7229,#7628,#7630,.T.);
#7628 = VERTEX_POINT('',#7629);
#7629 = CARTESIAN_POINT('',(98.2,125.3,22.5));
#7630 = CIRCLE('',#7631,0.7);
#7631 = AXIS2_PLACEMENT_3D('',#7632,#7633,#7634);
#7632 = CARTESIAN_POINT('',(98.9,125.3,22.5));
#7633 = DIRECTION('',(-6.123233995737E-17,0.,1.));
#7634 = DIRECTION('',(1.,0.,6.123233995737E-17));
#7635 = ORIENTED_EDGE('',*,*,#7636,.F.);
#7636 = EDGE_CURVE('',#7576,#7628,#7637,.T.);
#7637 = CIRCLE('',#7638,0.7);
#7638 = AXIS2_PLACEMENT_3D('',#7639,#7640,#7641);
#7639 = CARTESIAN_POINT('',(97.5,125.3,22.5));
#7640 = DIRECTION('',(0.,1.,0.));
#7641 = DIRECTION('',(0.,0.,1.));
#7642 = TOROIDAL_SURFACE('',#7643,1.4,0.7);
#7643 = AXIS2_PLACEMENT_3D('',#7644,#7645,#7646);
#7644 = CARTESIAN_POINT('',(97.5,125.3,22.5));
#7645 = DIRECTION('',(0.,1.,0.));
#7646 = DIRECTION('',(0.,0.,1.));
#7647 = ADVANCED_FACE('',(#7648),#7659,.T.);
#7648 = FACE_BOUND('',#7649,.T.);
#7649 = EDGE_LOOP('',(#7650,#7651,#7657,#7658));
#7650 = ORIENTED_EDGE('',*,*,#7599,.T.);
#7651 = ORIENTED_EDGE('',*,*,#7652,.T.);
#7652 = EDGE_CURVE('',#7600,#7628,#7653,.T.);
#7653 = LINE('',#7654,#7655);
#7654 = CARTESIAN_POINT('',(98.2,125.3,3.8));
#7655 = VECTOR('',#7656,1.);
#7656 = DIRECTION('',(0.,0.,1.));
#7657 = ORIENTED_EDGE('',*,*,#7627,.F.);
#7658 = ORIENTED_EDGE('',*,*,#7228,.F.);
#7659 = CYLINDRICAL_SURFACE('',#7660,0.7);
#7660 = AXIS2_PLACEMENT_3D('',#7661,#7662,#7663);
#7661 = CARTESIAN_POINT('',(98.9,125.3,3.8));
#7662 = DIRECTION('',(0.,0.,1.));
#7663 = DIRECTION('',(0.,1.,0.));
#7664 = ADVANCED_FACE('',(#7665),#7670,.T.);
#7665 = FACE_BOUND('',#7666,.F.);
#7666 = EDGE_LOOP('',(#7667,#7668,#7669));
#7667 = ORIENTED_EDGE('',*,*,#7304,.F.);
#7668 = ORIENTED_EDGE('',*,*,#7355,.T.);
#7669 = ORIENTED_EDGE('',*,*,#7270,.F.);
#7670 = SPHERICAL_SURFACE('',#7671,0.7);
#7671 = AXIS2_PLACEMENT_3D('',#7672,#7673,#7674);
#7672 = CARTESIAN_POINT('',(99.3,101.7,2.7));
#7673 = DIRECTION('',(-1.,0.,0.));
#7674 = DIRECTION('',(0.,-1.,0.));
#7675 = ADVANCED_FACE('',(#7676),#7681,.T.);
#7676 = FACE_BOUND('',#7677,.F.);
#7677 = EDGE_LOOP('',(#7678,#7679,#7680));
#7678 = ORIENTED_EDGE('',*,*,#7288,.F.);
#7679 = ORIENTED_EDGE('',*,*,#7404,.T.);
#7680 = ORIENTED_EDGE('',*,*,#7321,.F.);
#7681 = SPHERICAL_SURFACE('',#7682,0.7);
#7682 = AXIS2_PLACEMENT_3D('',#7683,#7684,#7685);
#7683 = CARTESIAN_POINT('',(99.3,101.7,24.3));
#7684 = DIRECTION('',(-0.,-0.,-1.));
#7685 = DIRECTION('',(0.,-1.,0.));
#7686 = ADVANCED_FACE('',(#7687),#7693,.T.);
#7687 = FACE_BOUND('',#7688,.T.);
#7688 = EDGE_LOOP('',(#7689,#7690,#7691,#7692));
#7689 = ORIENTED_EDGE('',*,*,#7313,.F.);
#7690 = ORIENTED_EDGE('',*,*,#7362,.T.);
#7691 = ORIENTED_EDGE('',*,*,#7442,.T.);
#7692 = ORIENTED_EDGE('',*,*,#7411,.F.);
#7693 = PLANE('',#7694);
#7694 = AXIS2_PLACEMENT_3D('',#7695,#7696,#7697);
#7695 = CARTESIAN_POINT('',(100.,101.,2.));
#7696 = DIRECTION('',(1.,0.,0.));
#7697 = DIRECTION('',(0.,0.,1.));
#7698 = ADVANCED_FACE('',(#7699),#7704,.T.);
#7699 = FACE_BOUND('',#7700,.T.);
#7700 = EDGE_LOOP('',(#7701,#7702,#7703));
#7701 = ORIENTED_EDGE('',*,*,#7435,.F.);
#7702 = ORIENTED_EDGE('',*,*,#7370,.T.);
#7703 = ORIENTED_EDGE('',*,*,#7339,.F.);
#7704 = SPHERICAL_SURFACE('',#7705,0.7);
#7705 = AXIS2_PLACEMENT_3D('',#7706,#7707,#7708);
#7706 = CARTESIAN_POINT('',(99.3,125.3,2.7));
#7707 = DIRECTION('',(-1.,0.,0.));
#7708 = DIRECTION('',(0.,1.,0.));
#7709 = ADVANCED_FACE('',(#7710),#7715,.T.);
#7710 = FACE_BOUND('',#7711,.T.);
#7711 = EDGE_LOOP('',(#7712,#7713,#7714));
#7712 = ORIENTED_EDGE('',*,*,#7419,.F.);
#7713 = ORIENTED_EDGE('',*,*,#7448,.T.);
#7714 = ORIENTED_EDGE('',*,*,#7388,.F.);
#7715 = SPHERICAL_SURFACE('',#7716,0.7);
#7716 = AXIS2_PLACEMENT_3D('',#7717,#7718,#7719);
#7717 = CARTESIAN_POINT('',(99.3,125.3,24.3));
#7718 = DIRECTION('',(-1.,0.,0.));
#7719 = DIRECTION('',(0.,0.,1.));
#7720 = ADVANCED_FACE('',(#7721),#7746,.T.);
#7721 = FACE_BOUND('',#7722,.T.);
#7722 = EDGE_LOOP('',(#7723,#7724,#7732,#7740));
#7723 = ORIENTED_EDGE('',*,*,#7473,.T.);
#7724 = ORIENTED_EDGE('',*,*,#7725,.F.);
#7725 = EDGE_CURVE('',#7726,#7474,#7728,.T.);
#7726 = VERTEX_POINT('',#7727);
#7727 = CARTESIAN_POINT('',(92.8,103.5,22.5));
#7728 = LINE('',#7729,#7730);
#7729 = CARTESIAN_POINT('',(92.8,102.8,22.5));
#7730 = VECTOR('',#7731,1.);
#7731 = DIRECTION('',(0.,1.,0.));
#7732 = ORIENTED_EDGE('',*,*,#7733,.F.);
#7733 = EDGE_CURVE('',#7734,#7726,#7736,.T.);
#7734 = VERTEX_POINT('',#7735);
#7735 = CARTESIAN_POINT('',(92.8,103.5,4.5));
#7736 = LINE('',#7737,#7738);
#7737 = CARTESIAN_POINT('',(92.8,103.5,3.8));
#7738 = VECTOR('',#7739,1.);
#7739 = DIRECTION('',(0.,0.,1.));
#7740 = ORIENTED_EDGE('',*,*,#7741,.T.);
#7741 = EDGE_CURVE('',#7734,#7465,#7742,.T.);
#7742 = LINE('',#7743,#7744);
#7743 = CARTESIAN_POINT('',(92.8,102.8,4.5));
#7744 = VECTOR('',#7745,1.);
#7745 = DIRECTION('',(0.,1.,0.));
#7746 = PLANE('',#7747);
#7747 = AXIS2_PLACEMENT_3D('',#7748,#7749,#7750);
#7748 = CARTESIAN_POINT('',(92.8,102.8,3.8));
#7749 = DIRECTION('',(1.,0.,0.));
#7750 = DIRECTION('',(0.,0.,1.));
#7751 = ADVANCED_FACE('',(#7752),#7771,.F.);
#7752 = FACE_BOUND('',#7753,.T.);
#7753 = EDGE_LOOP('',(#7754,#7763,#7769,#7770));
#7754 = ORIENTED_EDGE('',*,*,#7755,.F.);
#7755 = EDGE_CURVE('',#7756,#7734,#7758,.T.);
#7756 = VERTEX_POINT('',#7757);
#7757 = CARTESIAN_POINT('',(93.5,103.5,3.8));
#7758 = CIRCLE('',#7759,0.7);
#7759 = AXIS2_PLACEMENT_3D('',#7760,#7761,#7762);
#7760 = CARTESIAN_POINT('',(93.5,103.5,4.5));
#7761 = DIRECTION('',(0.,1.,-0.));
#7762 = DIRECTION('',(-1.,0.,0.));
#7763 = ORIENTED_EDGE('',*,*,#7764,.T.);
#7764 = EDGE_CURVE('',#7756,#7500,#7765,.T.);
#7765 = LINE('',#7766,#7767);
#7766 = CARTESIAN_POINT('',(93.5,102.8,3.8));
#7767 = VECTOR('',#7768,1.);
#7768 = DIRECTION('',(0.,1.,0.));
#7769 = ORIENTED_EDGE('',*,*,#7508,.F.);
#7770 = ORIENTED_EDGE('',*,*,#7741,.F.);
#7771 = CYLINDRICAL_SURFACE('',#7772,0.7);
#7772 = AXIS2_PLACEMENT_3D('',#7773,#7774,#7775);
#7773 = CARTESIAN_POINT('',(93.5,102.8,4.5));
#7774 = DIRECTION('',(0.,1.,0.));
#7775 = DIRECTION('',(-1.,0.,0.));
#7776 = ADVANCED_FACE('',(#7777),#7796,.F.);
#7777 = FACE_BOUND('',#7778,.F.);
#7778 = EDGE_LOOP('',(#7779,#7788,#7794,#7795));
#7779 = ORIENTED_EDGE('',*,*,#7780,.F.);
#7780 = EDGE_CURVE('',#7781,#7726,#7783,.T.);
#7781 = VERTEX_POINT('',#7782);
#7782 = CARTESIAN_POINT('',(93.5,103.5,23.2));
#7783 = CIRCLE('',#7784,0.7);
#7784 = AXIS2_PLACEMENT_3D('',#7785,#7786,#7787);
#7785 = CARTESIAN_POINT('',(93.5,103.5,22.5));
#7786 = DIRECTION('',(0.,-1.,0.));
#7787 = DIRECTION('',(-1.,0.,0.));
#7788 = ORIENTED_EDGE('',*,*,#7789,.T.);
#7789 = EDGE_CURVE('',#7781,#7526,#7790,.T.);
#7790 = LINE('',#7791,#7792);
#7791 = CARTESIAN_POINT('',(93.5,102.8,23.2));
#7792 = VECTOR('',#7793,1.);
#7793 = DIRECTION('',(0.,1.,0.));
#7794 = ORIENTED_EDGE('',*,*,#7534,.F.);
#7795 = ORIENTED_EDGE('',*,*,#7725,.F.);
#7796 = CYLINDRICAL_SURFACE('',#7797,0.7);
#7797 = AXIS2_PLACEMENT_3D('',#7798,#7799,#7800);
#7798 = CARTESIAN_POINT('',(93.5,102.8,22.5));
#7799 = DIRECTION('',(0.,1.,0.));
#7800 = DIRECTION('',(-1.,0.,0.));
#7801 = ADVANCED_FACE('',(#7802),#7820,.T.);
#7802 = FACE_BOUND('',#7803,.T.);
#7803 = EDGE_LOOP('',(#7804,#7805,#7806,#7814));
#7804 = ORIENTED_EDGE('',*,*,#7550,.F.);
#7805 = ORIENTED_EDGE('',*,*,#7764,.F.);
#7806 = ORIENTED_EDGE('',*,*,#7807,.T.);
#7807 = EDGE_CURVE('',#7756,#7808,#7810,.T.);
#7808 = VERTEX_POINT('',#7809);
#7809 = CARTESIAN_POINT('',(97.5,103.5,3.8));
#7810 = LINE('',#7811,#7812);
#7811 = CARTESIAN_POINT('',(92.8,103.5,3.8));
#7812 = VECTOR('',#7813,1.);
#7813 = DIRECTION('',(1.,0.,0.));
#7814 = ORIENTED_EDGE('',*,*,#7815,.T.);
#7815 = EDGE_CURVE('',#7808,#7551,#7816,.T.);
#7816 = LINE('',#7817,#7818);
#7817 = CARTESIAN_POINT('',(97.5,102.8,3.8));
#7818 = VECTOR('',#7819,1.);
#7819 = DIRECTION('',(0.,1.,0.));
#7820 = PLANE('',#7821);
#7821 = AXIS2_PLACEMENT_3D('',#7822,#7823,#7824);
#7822 = CARTESIAN_POINT('',(92.8,102.8,3.8));
#7823 = DIRECTION('',(0.,0.,1.));
#7824 = DIRECTION('',(1.,0.,0.));
#7825 = ADVANCED_FACE('',(#7826),#7844,.F.);
#7826 = FACE_BOUND('',#7827,.F.);
#7827 = EDGE_LOOP('',(#7828,#7829,#7830,#7838));
#7828 = ORIENTED_EDGE('',*,*,#7575,.F.);
#7829 = ORIENTED_EDGE('',*,*,#7789,.F.);
#7830 = ORIENTED_EDGE('',*,*,#7831,.T.);
#7831 = EDGE_CURVE('',#7781,#7832,#7834,.T.);
#7832 = VERTEX_POINT('',#7833);
#7833 = CARTESIAN_POINT('',(97.5,103.5,23.2));
#7834 = LINE('',#7835,#7836);
#7835 = CARTESIAN_POINT('',(92.8,103.5,23.2));
#7836 = VECTOR('',#7837,1.);
#7837 = DIRECTION('',(1.,0.,0.));
#7838 = ORIENTED_EDGE('',*,*,#7839,.T.);
#7839 = EDGE_CURVE('',#7832,#7576,#7840,.T.);
#7840 = LINE('',#7841,#7842);
#7841 = CARTESIAN_POINT('',(97.5,102.8,23.2));
#7842 = VECTOR('',#7843,1.);
#7843 = DIRECTION('',(0.,1.,0.));
#7844 = PLANE('',#7845);
#7845 = AXIS2_PLACEMENT_3D('',#7846,#7847,#7848);
#7846 = CARTESIAN_POINT('',(92.8,102.8,23.2));
#7847 = DIRECTION('',(0.,0.,1.));
#7848 = DIRECTION('',(1.,0.,0.));
#7849 = ADVANCED_FACE('',(#7850),#7869,.F.);
#7850 = FACE_BOUND('',#7851,.F.);
#7851 = EDGE_LOOP('',(#7852,#7861,#7862,#7863));
#7852 = ORIENTED_EDGE('',*,*,#7853,.F.);
#7853 = EDGE_CURVE('',#7808,#7854,#7856,.T.);
#7854 = VERTEX_POINT('',#7855);
#7855 = CARTESIAN_POINT('',(98.2,103.5,4.5));
#7856 = CIRCLE('',#7857,0.7);
#7857 = AXIS2_PLACEMENT_3D('',#7858,#7859,#7860);
#7858 = CARTESIAN_POINT('',(97.5,103.5,4.5));
#7859 = DIRECTION('',(0.,-1.,0.));
#7860 = DIRECTION('',(1.,0.,0.));
#7861 = ORIENTED_EDGE('',*,*,#7815,.T.);
#7862 = ORIENTED_EDGE('',*,*,#7610,.F.);
#7863 = ORIENTED_EDGE('',*,*,#7864,.F.);
#7864 = EDGE_CURVE('',#7854,#7600,#7865,.T.);
#7865 = LINE('',#7866,#7867);
#7866 = CARTESIAN_POINT('',(98.2,102.8,4.5));
#7867 = VECTOR('',#7868,1.);
#7868 = DIRECTION('',(0.,1.,0.));
#7869 = CYLINDRICAL_SURFACE('',#7870,0.7);
#7870 = AXIS2_PLACEMENT_3D('',#7871,#7872,#7873);
#7871 = CARTESIAN_POINT('',(97.5,102.8,4.5));
#7872 = DIRECTION('',(0.,1.,0.));
#7873 = DIRECTION('',(1.,0.,0.));
#7874 = ADVANCED_FACE('',(#7875),#7894,.F.);
#7875 = FACE_BOUND('',#7876,.F.);
#7876 = EDGE_LOOP('',(#7877,#7878,#7887,#7893));
#7877 = ORIENTED_EDGE('',*,*,#7839,.F.);
#7878 = ORIENTED_EDGE('',*,*,#7879,.T.);
#7879 = EDGE_CURVE('',#7832,#7880,#7882,.T.);
#7880 = VERTEX_POINT('',#7881);
#7881 = CARTESIAN_POINT('',(98.2,103.5,22.5));
#7882 = CIRCLE('',#7883,0.7);
#7883 = AXIS2_PLACEMENT_3D('',#7884,#7885,#7886);
#7884 = CARTESIAN_POINT('',(97.5,103.5,22.5));
#7885 = DIRECTION('',(0.,1.,0.));
#7886 = DIRECTION('',(0.,0.,1.));
#7887 = ORIENTED_EDGE('',*,*,#7888,.T.);
#7888 = EDGE_CURVE('',#7880,#7628,#7889,.T.);
#7889 = LINE('',#7890,#7891);
#7890 = CARTESIAN_POINT('',(98.2,102.8,22.5));
#7891 = VECTOR('',#7892,1.);
#7892 = DIRECTION('',(0.,1.,0.));
#7893 = ORIENTED_EDGE('',*,*,#7636,.F.);
#7894 = CYLINDRICAL_SURFACE('',#7895,0.7);
#7895 = AXIS2_PLACEMENT_3D('',#7896,#7897,#7898);
#7896 = CARTESIAN_POINT('',(97.5,102.8,22.5));
#7897 = DIRECTION('',(0.,1.,0.));
#7898 = DIRECTION('',(0.,0.,1.));
#7899 = ADVANCED_FACE('',(#7900),#7911,.F.);
#7900 = FACE_BOUND('',#7901,.F.);
#7901 = EDGE_LOOP('',(#7902,#7903,#7904,#7910));
#7902 = ORIENTED_EDGE('',*,*,#7652,.T.);
#7903 = ORIENTED_EDGE('',*,*,#7888,.F.);
#7904 = ORIENTED_EDGE('',*,*,#7905,.F.);
#7905 = EDGE_CURVE('',#7854,#7880,#7906,.T.);
#7906 = LINE('',#7907,#7908);
#7907 = CARTESIAN_POINT('',(98.2,103.5,3.8));
#7908 = VECTOR('',#7909,1.);
#7909 = DIRECTION('',(0.,0.,1.));
#7910 = ORIENTED_EDGE('',*,*,#7864,.T.);
#7911 = PLANE('',#7912);
#7912 = AXIS2_PLACEMENT_3D('',#7913,#7914,#7915);
#7913 = CARTESIAN_POINT('',(98.2,102.8,3.8));
#7914 = DIRECTION('',(1.,0.,0.));
#7915 = DIRECTION('',(0.,0.,1.));
#7916 = ADVANCED_FACE('',(#7917),#7944,.F.);
#7917 = FACE_BOUND('',#7918,.F.);
#7918 = EDGE_LOOP('',(#7919,#7920,#7929,#7937));
#7919 = ORIENTED_EDGE('',*,*,#7733,.F.);
#7920 = ORIENTED_EDGE('',*,*,#7921,.T.);
#7921 = EDGE_CURVE('',#7734,#7922,#7924,.T.);
#7922 = VERTEX_POINT('',#7923);
#7923 = CARTESIAN_POINT('',(93.5,102.8,4.5));
#7924 = CIRCLE('',#7925,0.7);
#7925 = AXIS2_PLACEMENT_3D('',#7926,#7927,#7928);
#7926 = CARTESIAN_POINT('',(93.5,103.5,4.5));
#7927 = DIRECTION('',(0.,0.,1.));
#7928 = DIRECTION('',(-1.,0.,0.));
#7929 = ORIENTED_EDGE('',*,*,#7930,.T.);
#7930 = EDGE_CURVE('',#7922,#7931,#7933,.T.);
#7931 = VERTEX_POINT('',#7932);
#7932 = CARTESIAN_POINT('',(93.5,102.8,22.5));
#7933 = LINE('',#7934,#7935);
#7934 = CARTESIAN_POINT('',(93.5,102.8,3.8));
#7935 = VECTOR('',#7936,1.);
#7936 = DIRECTION('',(0.,0.,1.));
#7937 = ORIENTED_EDGE('',*,*,#7938,.F.);
#7938 = EDGE_CURVE('',#7726,#7931,#7939,.T.);
#7939 = CIRCLE('',#7940,0.7);
#7940 = AXIS2_PLACEMENT_3D('',#7941,#7942,#7943);
#7941 = CARTESIAN_POINT('',(93.5,103.5,22.5));
#7942 = DIRECTION('',(0.,0.,1.));
#7943 = DIRECTION('',(-1.,0.,0.));
#7944 = CYLINDRICAL_SURFACE('',#7945,0.7);
#7945 = AXIS2_PLACEMENT_3D('',#7946,#7947,#7948);
#7946 = CARTESIAN_POINT('',(93.5,103.5,3.8));
#7947 = DIRECTION('',(0.,0.,1.));
#7948 = DIRECTION('',(-1.,0.,0.));
#7949 = ADVANCED_FACE('',(#7950),#7961,.F.);
#7950 = FACE_BOUND('',#7951,.F.);
#7951 = EDGE_LOOP('',(#7952,#7953,#7960));
#7952 = ORIENTED_EDGE('',*,*,#7755,.F.);
#7953 = ORIENTED_EDGE('',*,*,#7954,.T.);
#7954 = EDGE_CURVE('',#7756,#7922,#7955,.T.);
#7955 = CIRCLE('',#7956,0.7);
#7956 = AXIS2_PLACEMENT_3D('',#7957,#7958,#7959);
#7957 = CARTESIAN_POINT('',(93.5,103.5,4.5));
#7958 = DIRECTION('',(-1.,6.123233995737E-17,0.));
#7959 = DIRECTION('',(-6.123233995737E-17,-1.,0.));
#7960 = ORIENTED_EDGE('',*,*,#7921,.F.);
#7961 = SPHERICAL_SURFACE('',#7962,0.7);
#7962 = AXIS2_PLACEMENT_3D('',#7963,#7964,#7965);
#7963 = CARTESIAN_POINT('',(93.5,103.5,4.5));
#7964 = DIRECTION('',(0.,0.,1.));
#7965 = DIRECTION('',(-1.,0.,0.));
#7966 = ADVANCED_FACE('',(#7967),#7978,.F.);
#7967 = FACE_BOUND('',#7968,.T.);
#7968 = EDGE_LOOP('',(#7969,#7970,#7977));
#7969 = ORIENTED_EDGE('',*,*,#7780,.F.);
#7970 = ORIENTED_EDGE('',*,*,#7971,.T.);
#7971 = EDGE_CURVE('',#7781,#7931,#7972,.T.);
#7972 = CIRCLE('',#7973,0.7);
#7973 = AXIS2_PLACEMENT_3D('',#7974,#7975,#7976);
#7974 = CARTESIAN_POINT('',(93.5,103.5,22.5));
#7975 = DIRECTION('',(1.,-6.123233995737E-17,0.));
#7976 = DIRECTION('',(-6.123233995737E-17,-1.,0.));
#7977 = ORIENTED_EDGE('',*,*,#7938,.F.);
#7978 = SPHERICAL_SURFACE('',#7979,0.7);
#7979 = AXIS2_PLACEMENT_3D('',#7980,#7981,#7982);
#7980 = CARTESIAN_POINT('',(93.5,103.5,22.5));
#7981 = DIRECTION('',(-0.,-0.,-1.));
#7982 = DIRECTION('',(-1.,0.,0.));
#7983 = ADVANCED_FACE('',(#7984),#8003,.F.);
#7984 = FACE_BOUND('',#7985,.T.);
#7985 = EDGE_LOOP('',(#7986,#7987,#7995,#8002));
#7986 = ORIENTED_EDGE('',*,*,#7954,.T.);
#7987 = ORIENTED_EDGE('',*,*,#7988,.T.);
#7988 = EDGE_CURVE('',#7922,#7989,#7991,.T.);
#7989 = VERTEX_POINT('',#7990);
#7990 = CARTESIAN_POINT('',(97.5,102.8,4.5));
#7991 = LINE('',#7992,#7993);
#7992 = CARTESIAN_POINT('',(92.8,102.8,4.5));
#7993 = VECTOR('',#7994,1.);
#7994 = DIRECTION('',(1.,0.,0.));
#7995 = ORIENTED_EDGE('',*,*,#7996,.F.);
#7996 = EDGE_CURVE('',#7808,#7989,#7997,.T.);
#7997 = CIRCLE('',#7998,0.7);
#7998 = AXIS2_PLACEMENT_3D('',#7999,#8000,#8001);
#7999 = CARTESIAN_POINT('',(97.5,103.5,4.5));
#8000 = DIRECTION('',(-1.,-6.123233995737E-17,0.));
#8001 = DIRECTION('',(6.123233995737E-17,-1.,0.));
#8002 = ORIENTED_EDGE('',*,*,#7807,.F.);
#8003 = CYLINDRICAL_SURFACE('',#8004,0.7);
#8004 = AXIS2_PLACEMENT_3D('',#8005,#8006,#8007);
#8005 = CARTESIAN_POINT('',(92.8,103.5,4.5));
#8006 = DIRECTION('',(1.,0.,0.));
#8007 = DIRECTION('',(0.,0.,-1.));
#8008 = ADVANCED_FACE('',(#8009),#8028,.F.);
#8009 = FACE_BOUND('',#8010,.F.);
#8010 = EDGE_LOOP('',(#8011,#8012,#8020,#8027));
#8011 = ORIENTED_EDGE('',*,*,#7971,.T.);
#8012 = ORIENTED_EDGE('',*,*,#8013,.T.);
#8013 = EDGE_CURVE('',#7931,#8014,#8016,.T.);
#8014 = VERTEX_POINT('',#8015);
#8015 = CARTESIAN_POINT('',(97.5,102.8,22.5));
#8016 = LINE('',#8017,#8018);
#8017 = CARTESIAN_POINT('',(92.8,102.8,22.5));
#8018 = VECTOR('',#8019,1.);
#8019 = DIRECTION('',(1.,0.,0.));
#8020 = ORIENTED_EDGE('',*,*,#8021,.T.);
#8021 = EDGE_CURVE('',#8014,#7832,#8022,.T.);
#8022 = CIRCLE('',#8023,0.7);
#8023 = AXIS2_PLACEMENT_3D('',#8024,#8025,#8026);
#8024 = CARTESIAN_POINT('',(97.5,103.5,22.5));
#8025 = DIRECTION('',(-1.,0.,0.));
#8026 = DIRECTION('',(0.,0.,1.));
#8027 = ORIENTED_EDGE('',*,*,#7831,.F.);
#8028 = CYLINDRICAL_SURFACE('',#8029,0.7);
#8029 = AXIS2_PLACEMENT_3D('',#8030,#8031,#8032);
#8030 = CARTESIAN_POINT('',(92.8,103.5,22.5));
#8031 = DIRECTION('',(1.,0.,0.));
#8032 = DIRECTION('',(0.,0.,1.));
#8033 = ADVANCED_FACE('',(#8034),#8045,.F.);
#8034 = FACE_BOUND('',#8035,.T.);
#8035 = EDGE_LOOP('',(#8036,#8037,#8038));
#8036 = ORIENTED_EDGE('',*,*,#7853,.F.);
#8037 = ORIENTED_EDGE('',*,*,#7996,.T.);
#8038 = ORIENTED_EDGE('',*,*,#8039,.F.);
#8039 = EDGE_CURVE('',#7854,#7989,#8040,.T.);
#8040 = CIRCLE('',#8041,0.7);
#8041 = AXIS2_PLACEMENT_3D('',#8042,#8043,#8044);
#8042 = CARTESIAN_POINT('',(97.5,103.5,4.5));
#8043 = DIRECTION('',(0.,0.,-1.));
#8044 = DIRECTION('',(1.,0.,0.));
#8045 = SPHERICAL_SURFACE('',#8046,0.7);
#8046 = AXIS2_PLACEMENT_3D('',#8047,#8048,#8049);
#8047 = CARTESIAN_POINT('',(97.5,103.5,4.5));
#8048 = DIRECTION('',(0.,0.,1.));
#8049 = DIRECTION('',(1.,0.,0.));
#8050 = ADVANCED_FACE('',(#8051),#8062,.F.);
#8051 = FACE_BOUND('',#8052,.F.);
#8052 = EDGE_LOOP('',(#8053,#8054,#8061));
#8053 = ORIENTED_EDGE('',*,*,#8021,.F.);
#8054 = ORIENTED_EDGE('',*,*,#8055,.T.);
#8055 = EDGE_CURVE('',#8014,#7880,#8056,.T.);
#8056 = CIRCLE('',#8057,0.7);
#8057 = AXIS2_PLACEMENT_3D('',#8058,#8059,#8060);
#8058 = CARTESIAN_POINT('',(97.5,103.5,22.5));
#8059 = DIRECTION('',(-6.123233995737E-17,0.,1.));
#8060 = DIRECTION('',(1.,0.,6.123233995737E-17));
#8061 = ORIENTED_EDGE('',*,*,#7879,.F.);
#8062 = SPHERICAL_SURFACE('',#8063,0.7);
#8063 = AXIS2_PLACEMENT_3D('',#8064,#8065,#8066);
#8064 = CARTESIAN_POINT('',(97.5,103.5,22.5));
#8065 = DIRECTION('',(0.,1.,0.));
#8066 = DIRECTION('',(0.,0.,1.));
#8067 = ADVANCED_FACE('',(#8068),#8079,.F.);
#8068 = FACE_BOUND('',#8069,.T.);
#8069 = EDGE_LOOP('',(#8070,#8071,#8072,#8078));
#8070 = ORIENTED_EDGE('',*,*,#7905,.F.);
#8071 = ORIENTED_EDGE('',*,*,#8039,.T.);
#8072 = ORIENTED_EDGE('',*,*,#8073,.T.);
#8073 = EDGE_CURVE('',#7989,#8014,#8074,.T.);
#8074 = LINE('',#8075,#8076);
#8075 = CARTESIAN_POINT('',(97.5,102.8,3.8));
#8076 = VECTOR('',#8077,1.);
#8077 = DIRECTION('',(0.,0.,1.));
#8078 = ORIENTED_EDGE('',*,*,#8055,.T.);
#8079 = CYLINDRICAL_SURFACE('',#8080,0.7);
#8080 = AXIS2_PLACEMENT_3D('',#8081,#8082,#8083);
#8081 = CARTESIAN_POINT('',(97.5,103.5,3.8));
#8082 = DIRECTION('',(0.,0.,1.));
#8083 = DIRECTION('',(1.,0.,0.));
#8084 = ADVANCED_FACE('',(#8085),#8091,.T.);
#8085 = FACE_BOUND('',#8086,.T.);
#8086 = EDGE_LOOP('',(#8087,#8088,#8089,#8090));
#8087 = ORIENTED_EDGE('',*,*,#7930,.T.);
#8088 = ORIENTED_EDGE('',*,*,#8013,.T.);
#8089 = ORIENTED_EDGE('',*,*,#8073,.F.);
#8090 = ORIENTED_EDGE('',*,*,#7988,.F.);
#8091 = PLANE('',#8092);
#8092 = AXIS2_PLACEMENT_3D('',#8093,#8094,#8095);
#8093 = CARTESIAN_POINT('',(92.8,102.8,3.8));
#8094 = DIRECTION('',(0.,1.,0.));
#8095 = DIRECTION('',(0.,0.,1.));
#8096 = MANIFOLD_SOLID_BREP('',#8097);
#8097 = CLOSED_SHELL('',(#8098,#8138,#8178,#8200,#8222,#8234));
#8098 = ADVANCED_FACE('',(#8099),#8133,.F.);
#8099 = FACE_BOUND('',#8100,.F.);
#8100 = EDGE_LOOP('',(#8101,#8111,#8119,#8127));
#8101 = ORIENTED_EDGE('',*,*,#8102,.F.);
#8102 = EDGE_CURVE('',#8103,#8105,#8107,.T.);
#8103 = VERTEX_POINT('',#8104);
#8104 = CARTESIAN_POINT('',(93.5,103.5,4.5));
#8105 = VERTEX_POINT('',#8106);
#8106 = CARTESIAN_POINT('',(93.5,103.5,22.5));
#8107 = LINE('',#8108,#8109);
#8108 = CARTESIAN_POINT('',(93.5,103.5,4.5));
#8109 = VECTOR('',#8110,1.);
#8110 = DIRECTION('',(0.,0.,1.));
#8111 = ORIENTED_EDGE('',*,*,#8112,.T.);
#8112 = EDGE_CURVE('',#8103,#8113,#8115,.T.);
#8113 = VERTEX_POINT('',#8114);
#8114 = CARTESIAN_POINT('',(93.5,123.5,4.5));
#8115 = LINE('',#8116,#8117);
#8116 = CARTESIAN_POINT('',(93.5,103.5,4.5));
#8117 = VECTOR('',#8118,1.);
#8118 = DIRECTION('',(0.,1.,0.));
#8119 = ORIENTED_EDGE('',*,*,#8120,.T.);
#8120 = EDGE_CURVE('',#8113,#8121,#8123,.T.);
#8121 = VERTEX_POINT('',#8122);
#8122 = CARTESIAN_POINT('',(93.5,123.5,22.5));
#8123 = LINE('',#8124,#8125);
#8124 = CARTESIAN_POINT('',(93.5,123.5,4.5));
#8125 = VECTOR('',#8126,1.);
#8126 = DIRECTION('',(0.,0.,1.));
#8127 = ORIENTED_EDGE('',*,*,#8128,.F.);
#8128 = EDGE_CURVE('',#8105,#8121,#8129,.T.);
#8129 = LINE('',#8130,#8131);
#8130 = CARTESIAN_POINT('',(93.5,103.5,22.5));
#8131 = VECTOR('',#8132,1.);
#8132 = DIRECTION('',(0.,1.,0.));
#8133 = PLANE('',#8134);
#8134 = AXIS2_PLACEMENT_3D('',#8135,#8136,#8137);
#8135 = CARTESIAN_POINT('',(93.5,103.5,4.5));
#8136 = DIRECTION('',(1.,0.,0.));
#8137 = DIRECTION('',(0.,0.,1.));
#8138 = ADVANCED_FACE('',(#8139),#8173,.T.);
#8139 = FACE_BOUND('',#8140,.T.);
#8140 = EDGE_LOOP('',(#8141,#8151,#8159,#8167));
#8141 = ORIENTED_EDGE('',*,*,#8142,.F.);
#8142 = EDGE_CURVE('',#8143,#8145,#8147,.T.);
#8143 = VERTEX_POINT('',#8144);
#8144 = CARTESIAN_POINT('',(97.5,103.5,4.5));
#8145 = VERTEX_POINT('',#8146);
#8146 = CARTESIAN_POINT('',(97.5,103.5,22.5));
#8147 = LINE('',#8148,#8149);
#8148 = CARTESIAN_POINT('',(97.5,103.5,4.5));
#8149 = VECTOR('',#8150,1.);
#8150 = DIRECTION('',(0.,0.,1.));
#8151 = ORIENTED_EDGE('',*,*,#8152,.T.);
#8152 = EDGE_CURVE('',#8143,#8153,#8155,.T.);
#8153 = VERTEX_POINT('',#8154);
#8154 = CARTESIAN_POINT('',(97.5,123.5,4.5));
#8155 = LINE('',#8156,#8157);
#8156 = CARTESIAN_POINT('',(97.5,103.5,4.5));
#8157 = VECTOR('',#8158,1.);
#8158 = DIRECTION('',(0.,1.,0.));
#8159 = ORIENTED_EDGE('',*,*,#8160,.T.);
#8160 = EDGE_CURVE('',#8153,#8161,#8163,.T.);
#8161 = VERTEX_POINT('',#8162);
#8162 = CARTESIAN_POINT('',(97.5,123.5,22.5));
#8163 = LINE('',#8164,#8165);
#8164 = CARTESIAN_POINT('',(97.5,123.5,4.5));
#8165 = VECTOR('',#8166,1.);
#8166 = DIRECTION('',(0.,0.,1.));
#8167 = ORIENTED_EDGE('',*,*,#8168,.F.);
#8168 = EDGE_CURVE('',#8145,#8161,#8169,.T.);
#8169 = LINE('',#8170,#8171);
#8170 = CARTESIAN_POINT('',(97.5,103.5,22.5));
#8171 = VECTOR('',#8172,1.);
#8172 = DIRECTION('',(0.,1.,0.));
#8173 = PLANE('',#8174);
#8174 = AXIS2_PLACEMENT_3D('',#8175,#8176,#8177);
#8175 = CARTESIAN_POINT('',(97.5,103.5,4.5));
#8176 = DIRECTION('',(1.,0.,0.));
#8177 = DIRECTION('',(0.,0.,1.));
#8178 = ADVANCED_FACE('',(#8179),#8195,.F.);
#8179 = FACE_BOUND('',#8180,.F.);
#8180 = EDGE_LOOP('',(#8181,#8187,#8188,#8194));
#8181 = ORIENTED_EDGE('',*,*,#8182,.F.);
#8182 = EDGE_CURVE('',#8103,#8143,#8183,.T.);
#8183 = LINE('',#8184,#8185);
#8184 = CARTESIAN_POINT('',(93.5,103.5,4.5));
#8185 = VECTOR('',#8186,1.);
#8186 = DIRECTION('',(1.,0.,0.));
#8187 = ORIENTED_EDGE('',*,*,#8102,.T.);
#8188 = ORIENTED_EDGE('',*,*,#8189,.T.);
#8189 = EDGE_CURVE('',#8105,#8145,#8190,.T.);
#8190 = LINE('',#8191,#8192);
#8191 = CARTESIAN_POINT('',(93.5,103.5,22.5));
#8192 = VECTOR('',#8193,1.);
#8193 = DIRECTION('',(1.,0.,0.));
#8194 = ORIENTED_EDGE('',*,*,#8142,.F.);
#8195 = PLANE('',#8196);
#8196 = AXIS2_PLACEMENT_3D('',#8197,#8198,#8199);
#8197 = CARTESIAN_POINT('',(93.5,103.5,4.5));
#8198 = DIRECTION('',(0.,1.,0.));
#8199 = DIRECTION('',(0.,0.,1.));
#8200 = ADVANCED_FACE('',(#8201),#8217,.T.);
#8201 = FACE_BOUND('',#8202,.T.);
#8202 = EDGE_LOOP('',(#8203,#8209,#8210,#8216));
#8203 = ORIENTED_EDGE('',*,*,#8204,.F.);
#8204 = EDGE_CURVE('',#8113,#8153,#8205,.T.);
#8205 = LINE('',#8206,#8207);
#8206 = CARTESIAN_POINT('',(93.5,123.5,4.5));
#8207 = VECTOR('',#8208,1.);
#8208 = DIRECTION('',(1.,0.,0.));
#8209 = ORIENTED_EDGE('',*,*,#8120,.T.);
#8210 = ORIENTED_EDGE('',*,*,#8211,.T.);
#8211 = EDGE_CURVE('',#8121,#8161,#8212,.T.);
#8212 = LINE('',#8213,#8214);
#8213 = CARTESIAN_POINT('',(93.5,123.5,22.5));
#8214 = VECTOR('',#8215,1.);
#8215 = DIRECTION('',(1.,0.,0.));
#8216 = ORIENTED_EDGE('',*,*,#8160,.F.);
#8217 = PLANE('',#8218);
#8218 = AXIS2_PLACEMENT_3D('',#8219,#8220,#8221);
#8219 = CARTESIAN_POINT('',(93.5,123.5,4.5));
#8220 = DIRECTION('',(0.,1.,0.));
#8221 = DIRECTION('',(0.,0.,1.));
#8222 = ADVANCED_FACE('',(#8223),#8229,.F.);
#8223 = FACE_BOUND('',#8224,.F.);
#8224 = EDGE_LOOP('',(#8225,#8226,#8227,#8228));
#8225 = ORIENTED_EDGE('',*,*,#8112,.F.);
#8226 = ORIENTED_EDGE('',*,*,#8182,.T.);
#8227 = ORIENTED_EDGE('',*,*,#8152,.T.);
#8228 = ORIENTED_EDGE('',*,*,#8204,.F.);
#8229 = PLANE('',#8230);
#8230 = AXIS2_PLACEMENT_3D('',#8231,#8232,#8233);
#8231 = CARTESIAN_POINT('',(93.5,103.5,4.5));
#8232 = DIRECTION('',(0.,0.,1.));
#8233 = DIRECTION('',(1.,0.,0.));
#8234 = ADVANCED_FACE('',(#8235),#8241,.T.);
#8235 = FACE_BOUND('',#8236,.T.);
#8236 = EDGE_LOOP('',(#8237,#8238,#8239,#8240));
#8237 = ORIENTED_EDGE('',*,*,#8128,.F.);
#8238 = ORIENTED_EDGE('',*,*,#8189,.T.);
#8239 = ORIENTED_EDGE('',*,*,#8168,.T.);
#8240 = ORIENTED_EDGE('',*,*,#8211,.F.);
#8241 = PLANE('',#8242);
#8242 = AXIS2_PLACEMENT_3D('',#8243,#8244,#8245);
#8243 = CARTESIAN_POINT('',(93.5,103.5,22.5));
#8244 = DIRECTION('',(0.,0.,1.));
#8245 = DIRECTION('',(1.,0.,0.));
#8246 = MANIFOLD_SOLID_BREP('',#8247);
#8247 = CLOSED_SHELL('',(#8248,#8321,#8354,#8387,#8420,#8453,#8479,#8505
    ,#8531,#8548,#8565,#8596,#8627,#8644,#8675,#8692,#8793,#8818,#8843,
    #8868,#8886,#8904,#8937,#8955,#8986,#9004,#9035,#9064,#9097,#9123,
    #9149,#9174,#9199,#9225,#9251,#9268,#9294,#9320,#9346,#9357,#9368,
    #9380,#9391,#9402,#9442,#9467,#9492,#9516,#9540,#9565,#9590,#9607,
    #9640,#9657,#9674,#9699,#9724,#9741,#9758,#9775));
#8248 = ADVANCED_FACE('',(#8249,#8283,#8294,#8305),#8316,.F.);
#8249 = FACE_BOUND('',#8250,.F.);
#8250 = EDGE_LOOP('',(#8251,#8261,#8269,#8277));
#8251 = ORIENTED_EDGE('',*,*,#8252,.F.);
#8252 = EDGE_CURVE('',#8253,#8255,#8257,.T.);
#8253 = VERTEX_POINT('',#8254);
#8254 = CARTESIAN_POINT('',(91.,102.7,-25.3));
#8255 = VERTEX_POINT('',#8256);
#8256 = CARTESIAN_POINT('',(91.,102.7,3.3));
#8257 = LINE('',#8258,#8259);
#8258 = CARTESIAN_POINT('',(91.,102.7,-26.));
#8259 = VECTOR('',#8260,1.);
#8260 = DIRECTION('',(0.,0.,1.));
#8261 = ORIENTED_EDGE('',*,*,#8262,.T.);
#8262 = EDGE_CURVE('',#8253,#8263,#8265,.T.);
#8263 = VERTEX_POINT('',#8264);
#8264 = CARTESIAN_POINT('',(91.,144.3,-25.3));
#8265 = LINE('',#8266,#8267);
#8266 = CARTESIAN_POINT('',(91.,102.,-25.3));
#8267 = VECTOR('',#8268,1.);
#8268 = DIRECTION('',(0.,1.,0.));
#8269 = ORIENTED_EDGE('',*,*,#8270,.T.);
#8270 = EDGE_CURVE('',#8263,#8271,#8273,.T.);
#8271 = VERTEX_POINT('',#8272);
#8272 = CARTESIAN_POINT('',(91.,144.3,3.3));
#8273 = LINE('',#8274,#8275);
#8274 = CARTESIAN_POINT('',(91.,144.3,-26.));
#8275 = VECTOR('',#8276,1.);
#8276 = DIRECTION('',(0.,0.,1.));
#8277 = ORIENTED_EDGE('',*,*,#8278,.F.);
#8278 = EDGE_CURVE('',#8255,#8271,#8279,.T.);
#8279 = LINE('',#8280,#8281);
#8280 = CARTESIAN_POINT('',(91.,102.,3.3));
#8281 = VECTOR('',#8282,1.);
#8282 = DIRECTION('',(0.,1.,0.));
#8283 = FACE_BOUND('',#8284,.F.);
#8284 = EDGE_LOOP('',(#8285));
#8285 = ORIENTED_EDGE('',*,*,#8286,.F.);
#8286 = EDGE_CURVE('',#8287,#8287,#8289,.T.);
#8287 = VERTEX_POINT('',#8288);
#8288 = CARTESIAN_POINT('',(91.,112.,-15.05));
#8289 = CIRCLE('',#8290,1.95);
#8290 = AXIS2_PLACEMENT_3D('',#8291,#8292,#8293);
#8291 = CARTESIAN_POINT('',(91.,112.,-17.));
#8292 = DIRECTION('',(1.,0.,-0.));
#8293 = DIRECTION('',(0.,0.,1.));
#8294 = FACE_BOUND('',#8295,.F.);
#8295 = EDGE_LOOP('',(#8296));
#8296 = ORIENTED_EDGE('',*,*,#8297,.F.);
#8297 = EDGE_CURVE('',#8298,#8298,#8300,.T.);
#8298 = VERTEX_POINT('',#8299);
#8299 = CARTESIAN_POINT('',(91.,112.,-9.05));
#8300 = CIRCLE('',#8301,1.95);
#8301 = AXIS2_PLACEMENT_3D('',#8302,#8303,#8304);
#8302 = CARTESIAN_POINT('',(91.,112.,-11.));
#8303 = DIRECTION('',(1.,0.,-0.));
#8304 = DIRECTION('',(0.,0.,1.));
#8305 = FACE_BOUND('',#8306,.F.);
#8306 = EDGE_LOOP('',(#8307));
#8307 = ORIENTED_EDGE('',*,*,#8308,.F.);
#8308 = EDGE_CURVE('',#8309,#8309,#8311,.T.);
#8309 = VERTEX_POINT('',#8310);
#8310 = CARTESIAN_POINT('',(91.,112.,-3.05));
#8311 = CIRCLE('',#8312,1.95);
#8312 = AXIS2_PLACEMENT_3D('',#8313,#8314,#8315);
#8313 = CARTESIAN_POINT('',(91.,112.,-5.));
#8314 = DIRECTION('',(1.,0.,-0.));
#8315 = DIRECTION('',(0.,0.,1.));
#8316 = PLANE('',#8317);
#8317 = AXIS2_PLACEMENT_3D('',#8318,#8319,#8320);
#8318 = CARTESIAN_POINT('',(91.,102.,-26.));
#8319 = DIRECTION('',(1.,0.,0.));
#8320 = DIRECTION('',(0.,0.,1.));
#8321 = ADVANCED_FACE('',(#8322),#8349,.T.);
#8322 = FACE_BOUND('',#8323,.T.);
#8323 = EDGE_LOOP('',(#8324,#8325,#8334,#8342));
#8324 = ORIENTED_EDGE('',*,*,#8252,.F.);
#8325 = ORIENTED_EDGE('',*,*,#8326,.T.);
#8326 = EDGE_CURVE('',#8253,#8327,#8329,.T.);
#8327 = VERTEX_POINT('',#8328);
#8328 = CARTESIAN_POINT('',(91.7,102.,-25.3));
#8329 = CIRCLE('',#8330,0.7);
#8330 = AXIS2_PLACEMENT_3D('',#8331,#8332,#8333);
#8331 = CARTESIAN_POINT('',(91.7,102.7,-25.3));
#8332 = DIRECTION('',(0.,0.,1.));
#8333 = DIRECTION('',(-1.,0.,0.));
#8334 = ORIENTED_EDGE('',*,*,#8335,.T.);
#8335 = EDGE_CURVE('',#8327,#8336,#8338,.T.);
#8336 = VERTEX_POINT('',#8337);
#8337 = CARTESIAN_POINT('',(91.7,102.,3.3));
#8338 = LINE('',#8339,#8340);
#8339 = CARTESIAN_POINT('',(91.7,102.,-26.));
#8340 = VECTOR('',#8341,1.);
#8341 = DIRECTION('',(0.,0.,1.));
#8342 = ORIENTED_EDGE('',*,*,#8343,.F.);
#8343 = EDGE_CURVE('',#8255,#8336,#8344,.T.);
#8344 = CIRCLE('',#8345,0.7);
#8345 = AXIS2_PLACEMENT_3D('',#8346,#8347,#8348);
#8346 = CARTESIAN_POINT('',(91.7,102.7,3.3));
#8347 = DIRECTION('',(0.,0.,1.));
#8348 = DIRECTION('',(-1.,0.,0.));
#8349 = CYLINDRICAL_SURFACE('',#8350,0.7);
#8350 = AXIS2_PLACEMENT_3D('',#8351,#8352,#8353);
#8351 = CARTESIAN_POINT('',(91.7,102.7,-26.));
#8352 = DIRECTION('',(0.,0.,1.));
#8353 = DIRECTION('',(-1.,0.,0.));
#8354 = ADVANCED_FACE('',(#8355),#8382,.T.);
#8355 = FACE_BOUND('',#8356,.F.);
#8356 = EDGE_LOOP('',(#8357,#8366,#8374,#8381));
#8357 = ORIENTED_EDGE('',*,*,#8358,.F.);
#8358 = EDGE_CURVE('',#8359,#8253,#8361,.T.);
#8359 = VERTEX_POINT('',#8360);
#8360 = CARTESIAN_POINT('',(91.7,102.7,-26.));
#8361 = CIRCLE('',#8362,0.7);
#8362 = AXIS2_PLACEMENT_3D('',#8363,#8364,#8365);
#8363 = CARTESIAN_POINT('',(91.7,102.7,-25.3));
#8364 = DIRECTION('',(0.,1.,-0.));
#8365 = DIRECTION('',(-1.,0.,0.));
#8366 = ORIENTED_EDGE('',*,*,#8367,.T.);
#8367 = EDGE_CURVE('',#8359,#8368,#8370,.T.);
#8368 = VERTEX_POINT('',#8369);
#8369 = CARTESIAN_POINT('',(91.7,144.3,-26.));
#8370 = LINE('',#8371,#8372);
#8371 = CARTESIAN_POINT('',(91.7,102.,-26.));
#8372 = VECTOR('',#8373,1.);
#8373 = DIRECTION('',(0.,1.,0.));
#8374 = ORIENTED_EDGE('',*,*,#8375,.F.);
#8375 = EDGE_CURVE('',#8263,#8368,#8376,.T.);
#8376 = CIRCLE('',#8377,0.7);
#8377 = AXIS2_PLACEMENT_3D('',#8378,#8379,#8380);
#8378 = CARTESIAN_POINT('',(91.7,144.3,-25.3));
#8379 = DIRECTION('',(-0.,-1.,-0.));
#8380 = DIRECTION('',(-1.,0.,0.));
#8381 = ORIENTED_EDGE('',*,*,#8262,.F.);
#8382 = CYLINDRICAL_SURFACE('',#8383,0.7);
#8383 = AXIS2_PLACEMENT_3D('',#8384,#8385,#8386);
#8384 = CARTESIAN_POINT('',(91.7,102.,-25.3));
#8385 = DIRECTION('',(0.,1.,0.));
#8386 = DIRECTION('',(-1.,0.,0.));
#8387 = ADVANCED_FACE('',(#8388),#8415,.T.);
#8388 = FACE_BOUND('',#8389,.T.);
#8389 = EDGE_LOOP('',(#8390,#8399,#8407,#8414));
#8390 = ORIENTED_EDGE('',*,*,#8391,.F.);
#8391 = EDGE_CURVE('',#8392,#8255,#8394,.T.);
#8392 = VERTEX_POINT('',#8393);
#8393 = CARTESIAN_POINT('',(91.7,102.7,4.));
#8394 = CIRCLE('',#8395,0.7);
#8395 = AXIS2_PLACEMENT_3D('',#8396,#8397,#8398);
#8396 = CARTESIAN_POINT('',(91.7,102.7,3.3));
#8397 = DIRECTION('',(0.,-1.,0.));
#8398 = DIRECTION('',(-1.,0.,0.));
#8399 = ORIENTED_EDGE('',*,*,#8400,.T.);
#8400 = EDGE_CURVE('',#8392,#8401,#8403,.T.);
#8401 = VERTEX_POINT('',#8402);
#8402 = CARTESIAN_POINT('',(91.7,144.3,4.));
#8403 = LINE('',#8404,#8405);
#8404 = CARTESIAN_POINT('',(91.7,102.,4.));
#8405 = VECTOR('',#8406,1.);
#8406 = DIRECTION('',(0.,1.,0.));
#8407 = ORIENTED_EDGE('',*,*,#8408,.F.);
#8408 = EDGE_CURVE('',#8271,#8401,#8409,.T.);
#8409 = CIRCLE('',#8410,0.7);
#8410 = AXIS2_PLACEMENT_3D('',#8411,#8412,#8413);
#8411 = CARTESIAN_POINT('',(91.7,144.3,3.3));
#8412 = DIRECTION('',(0.,1.,0.));
#8413 = DIRECTION('',(-1.,0.,-6.344131569287E-16));
#8414 = ORIENTED_EDGE('',*,*,#8278,.F.);
#8415 = CYLINDRICAL_SURFACE('',#8416,0.7);
#8416 = AXIS2_PLACEMENT_3D('',#8417,#8418,#8419);
#8417 = CARTESIAN_POINT('',(91.7,102.,3.3));
#8418 = DIRECTION('',(0.,1.,0.));
#8419 = DIRECTION('',(-1.,0.,0.));
#8420 = ADVANCED_FACE('',(#8421),#8448,.T.);
#8421 = FACE_BOUND('',#8422,.F.);
#8422 = EDGE_LOOP('',(#8423,#8432,#8440,#8447));
#8423 = ORIENTED_EDGE('',*,*,#8424,.F.);
#8424 = EDGE_CURVE('',#8425,#8263,#8427,.T.);
#8425 = VERTEX_POINT('',#8426);
#8426 = CARTESIAN_POINT('',(91.7,145.,-25.3));
#8427 = CIRCLE('',#8428,0.7);
#8428 = AXIS2_PLACEMENT_3D('',#8429,#8430,#8431);
#8429 = CARTESIAN_POINT('',(91.7,144.3,-25.3));
#8430 = DIRECTION('',(0.,0.,1.));
#8431 = DIRECTION('',(-1.,0.,0.));
#8432 = ORIENTED_EDGE('',*,*,#8433,.T.);
#8433 = EDGE_CURVE('',#8425,#8434,#8436,.T.);
#8434 = VERTEX_POINT('',#8435);
#8435 = CARTESIAN_POINT('',(91.7,145.,3.3));
#8436 = LINE('',#8437,#8438);
#8437 = CARTESIAN_POINT('',(91.7,145.,-26.));
#8438 = VECTOR('',#8439,1.);
#8439 = DIRECTION('',(0.,0.,1.));
#8440 = ORIENTED_EDGE('',*,*,#8441,.T.);
#8441 = EDGE_CURVE('',#8434,#8271,#8442,.T.);
#8442 = CIRCLE('',#8443,0.7);
#8443 = AXIS2_PLACEMENT_3D('',#8444,#8445,#8446);
#8444 = CARTESIAN_POINT('',(91.7,144.3,3.3));
#8445 = DIRECTION('',(-6.344131569287E-16,0.,1.));
#8446 = DIRECTION('',(-1.,0.,-6.344131569287E-16));
#8447 = ORIENTED_EDGE('',*,*,#8270,.F.);
#8448 = CYLINDRICAL_SURFACE('',#8449,0.7);
#8449 = AXIS2_PLACEMENT_3D('',#8450,#8451,#8452);
#8450 = CARTESIAN_POINT('',(91.7,144.3,-26.));
#8451 = DIRECTION('',(0.,0.,1.));
#8452 = DIRECTION('',(-1.,0.,0.));
#8453 = ADVANCED_FACE('',(#8454),#8474,.T.);
#8454 = FACE_BOUND('',#8455,.F.);
#8455 = EDGE_LOOP('',(#8456,#8465,#8466,#8467));
#8456 = ORIENTED_EDGE('',*,*,#8457,.F.);
#8457 = EDGE_CURVE('',#8287,#8458,#8460,.T.);
#8458 = VERTEX_POINT('',#8459);
#8459 = CARTESIAN_POINT('',(91.7,112.,-15.75));
#8460 = CIRCLE('',#8461,0.7);
#8461 = AXIS2_PLACEMENT_3D('',#8462,#8463,#8464);
#8462 = CARTESIAN_POINT('',(91.7,112.,-15.05));
#8463 = DIRECTION('',(0.,-1.,0.));
#8464 = DIRECTION('',(0.,0.,1.));
#8465 = ORIENTED_EDGE('',*,*,#8286,.F.);
#8466 = ORIENTED_EDGE('',*,*,#8457,.T.);
#8467 = ORIENTED_EDGE('',*,*,#8468,.T.);
#8468 = EDGE_CURVE('',#8458,#8458,#8469,.T.);
#8469 = CIRCLE('',#8470,1.25);
#8470 = AXIS2_PLACEMENT_3D('',#8471,#8472,#8473);
#8471 = CARTESIAN_POINT('',(91.7,112.,-17.));
#8472 = DIRECTION('',(1.,0.,-0.));
#8473 = DIRECTION('',(0.,0.,1.));
#8474 = TOROIDAL_SURFACE('',#8475,1.95,0.7);
#8475 = AXIS2_PLACEMENT_3D('',#8476,#8477,#8478);
#8476 = CARTESIAN_POINT('',(91.7,112.,-17.));
#8477 = DIRECTION('',(-1.,0.,0.));
#8478 = DIRECTION('',(0.,0.,1.));
#8479 = ADVANCED_FACE('',(#8480),#8500,.T.);
#8480 = FACE_BOUND('',#8481,.F.);
#8481 = EDGE_LOOP('',(#8482,#8491,#8492,#8493));
#8482 = ORIENTED_EDGE('',*,*,#8483,.F.);
#8483 = EDGE_CURVE('',#8298,#8484,#8486,.T.);
#8484 = VERTEX_POINT('',#8485);
#8485 = CARTESIAN_POINT('',(91.7,112.,-9.75));
#8486 = CIRCLE('',#8487,0.7);
#8487 = AXIS2_PLACEMENT_3D('',#8488,#8489,#8490);
#8488 = CARTESIAN_POINT('',(91.7,112.,-9.05));
#8489 = DIRECTION('',(0.,-1.,0.));
#8490 = DIRECTION('',(0.,0.,1.));
#8491 = ORIENTED_EDGE('',*,*,#8297,.F.);
#8492 = ORIENTED_EDGE('',*,*,#8483,.T.);
#8493 = ORIENTED_EDGE('',*,*,#8494,.T.);
#8494 = EDGE_CURVE('',#8484,#8484,#8495,.T.);
#8495 = CIRCLE('',#8496,1.25);
#8496 = AXIS2_PLACEMENT_3D('',#8497,#8498,#8499);
#8497 = CARTESIAN_POINT('',(91.7,112.,-11.));
#8498 = DIRECTION('',(1.,0.,-0.));
#8499 = DIRECTION('',(0.,0.,1.));
#8500 = TOROIDAL_SURFACE('',#8501,1.95,0.7);
#8501 = AXIS2_PLACEMENT_3D('',#8502,#8503,#8504);
#8502 = CARTESIAN_POINT('',(91.7,112.,-11.));
#8503 = DIRECTION('',(-1.,0.,0.));
#8504 = DIRECTION('',(0.,0.,1.));
#8505 = ADVANCED_FACE('',(#8506),#8526,.T.);
#8506 = FACE_BOUND('',#8507,.F.);
#8507 = EDGE_LOOP('',(#8508,#8517,#8518,#8519));
#8508 = ORIENTED_EDGE('',*,*,#8509,.F.);
#8509 = EDGE_CURVE('',#8309,#8510,#8512,.T.);
#8510 = VERTEX_POINT('',#8511);
#8511 = CARTESIAN_POINT('',(91.7,112.,-3.75));
#8512 = CIRCLE('',#8513,0.7);
#8513 = AXIS2_PLACEMENT_3D('',#8514,#8515,#8516);
#8514 = CARTESIAN_POINT('',(91.7,112.,-3.05));
#8515 = DIRECTION('',(0.,-1.,0.));
#8516 = DIRECTION('',(0.,0.,1.));
#8517 = ORIENTED_EDGE('',*,*,#8308,.F.);
#8518 = ORIENTED_EDGE('',*,*,#8509,.T.);
#8519 = ORIENTED_EDGE('',*,*,#8520,.T.);
#8520 = EDGE_CURVE('',#8510,#8510,#8521,.T.);
#8521 = CIRCLE('',#8522,1.25);
#8522 = AXIS2_PLACEMENT_3D('',#8523,#8524,#8525);
#8523 = CARTESIAN_POINT('',(91.7,112.,-5.));
#8524 = DIRECTION('',(1.,0.,-0.));
#8525 = DIRECTION('',(0.,0.,1.));
#8526 = TOROIDAL_SURFACE('',#8527,1.95,0.7);
#8527 = AXIS2_PLACEMENT_3D('',#8528,#8529,#8530);
#8528 = CARTESIAN_POINT('',(91.7,112.,-5.));
#8529 = DIRECTION('',(-1.,0.,0.));
#8530 = DIRECTION('',(0.,0.,1.));
#8531 = ADVANCED_FACE('',(#8532),#8543,.T.);
#8532 = FACE_BOUND('',#8533,.T.);
#8533 = EDGE_LOOP('',(#8534,#8535,#8542));
#8534 = ORIENTED_EDGE('',*,*,#8358,.F.);
#8535 = ORIENTED_EDGE('',*,*,#8536,.T.);
#8536 = EDGE_CURVE('',#8359,#8327,#8537,.T.);
#8537 = CIRCLE('',#8538,0.7);
#8538 = AXIS2_PLACEMENT_3D('',#8539,#8540,#8541);
#8539 = CARTESIAN_POINT('',(91.7,102.7,-25.3));
#8540 = DIRECTION('',(-1.,6.123233995737E-17,0.));
#8541 = DIRECTION('',(-6.123233995737E-17,-1.,0.));
#8542 = ORIENTED_EDGE('',*,*,#8326,.F.);
#8543 = SPHERICAL_SURFACE('',#8544,0.7);
#8544 = AXIS2_PLACEMENT_3D('',#8545,#8546,#8547);
#8545 = CARTESIAN_POINT('',(91.7,102.7,-25.3));
#8546 = DIRECTION('',(0.,0.,1.));
#8547 = DIRECTION('',(-1.,0.,0.));
#8548 = ADVANCED_FACE('',(#8549),#8560,.T.);
#8549 = FACE_BOUND('',#8550,.F.);
#8550 = EDGE_LOOP('',(#8551,#8552,#8559));
#8551 = ORIENTED_EDGE('',*,*,#8391,.F.);
#8552 = ORIENTED_EDGE('',*,*,#8553,.T.);
#8553 = EDGE_CURVE('',#8392,#8336,#8554,.T.);
#8554 = CIRCLE('',#8555,0.7);
#8555 = AXIS2_PLACEMENT_3D('',#8556,#8557,#8558);
#8556 = CARTESIAN_POINT('',(91.7,102.7,3.3));
#8557 = DIRECTION('',(1.,-6.123233995737E-17,0.));
#8558 = DIRECTION('',(-6.123233995737E-17,-1.,0.));
#8559 = ORIENTED_EDGE('',*,*,#8343,.F.);
#8560 = SPHERICAL_SURFACE('',#8561,0.7);
#8561 = AXIS2_PLACEMENT_3D('',#8562,#8563,#8564);
#8562 = CARTESIAN_POINT('',(91.7,102.7,3.3));
#8563 = DIRECTION('',(-0.,-0.,-1.));
#8564 = DIRECTION('',(-1.,0.,0.));
#8565 = ADVANCED_FACE('',(#8566),#8591,.F.);
#8566 = FACE_BOUND('',#8567,.F.);
#8567 = EDGE_LOOP('',(#8568,#8569,#8577,#8585));
#8568 = ORIENTED_EDGE('',*,*,#8335,.T.);
#8569 = ORIENTED_EDGE('',*,*,#8570,.T.);
#8570 = EDGE_CURVE('',#8336,#8571,#8573,.T.);
#8571 = VERTEX_POINT('',#8572);
#8572 = CARTESIAN_POINT('',(102.3,102.,3.3));
#8573 = LINE('',#8574,#8575);
#8574 = CARTESIAN_POINT('',(91.,102.,3.3));
#8575 = VECTOR('',#8576,1.);
#8576 = DIRECTION('',(1.,0.,0.));
#8577 = ORIENTED_EDGE('',*,*,#8578,.F.);
#8578 = EDGE_CURVE('',#8579,#8571,#8581,.T.);
#8579 = VERTEX_POINT('',#8580);
#8580 = CARTESIAN_POINT('',(102.3,102.,-25.3));
#8581 = LINE('',#8582,#8583);
#8582 = CARTESIAN_POINT('',(102.3,102.,-26.));
#8583 = VECTOR('',#8584,1.);
#8584 = DIRECTION('',(0.,0.,1.));
#8585 = ORIENTED_EDGE('',*,*,#8586,.F.);
#8586 = EDGE_CURVE('',#8327,#8579,#8587,.T.);
#8587 = LINE('',#8588,#8589);
#8588 = CARTESIAN_POINT('',(91.,102.,-25.3));
#8589 = VECTOR('',#8590,1.);
#8590 = DIRECTION('',(1.,0.,0.));
#8591 = PLANE('',#8592);
#8592 = AXIS2_PLACEMENT_3D('',#8593,#8594,#8595);
#8593 = CARTESIAN_POINT('',(91.,102.,-26.));
#8594 = DIRECTION('',(0.,1.,0.));
#8595 = DIRECTION('',(0.,0.,1.));
#8596 = ADVANCED_FACE('',(#8597),#8622,.F.);
#8597 = FACE_BOUND('',#8598,.F.);
#8598 = EDGE_LOOP('',(#8599,#8600,#8608,#8616));
#8599 = ORIENTED_EDGE('',*,*,#8367,.F.);
#8600 = ORIENTED_EDGE('',*,*,#8601,.T.);
#8601 = EDGE_CURVE('',#8359,#8602,#8604,.T.);
#8602 = VERTEX_POINT('',#8603);
#8603 = CARTESIAN_POINT('',(102.3,102.7,-26.));
#8604 = LINE('',#8605,#8606);
#8605 = CARTESIAN_POINT('',(91.,102.7,-26.));
#8606 = VECTOR('',#8607,1.);
#8607 = DIRECTION('',(1.,0.,0.));
#8608 = ORIENTED_EDGE('',*,*,#8609,.T.);
#8609 = EDGE_CURVE('',#8602,#8610,#8612,.T.);
#8610 = VERTEX_POINT('',#8611);
#8611 = CARTESIAN_POINT('',(102.3,144.3,-26.));
#8612 = LINE('',#8613,#8614);
#8613 = CARTESIAN_POINT('',(102.3,102.,-26.));
#8614 = VECTOR('',#8615,1.);
#8615 = DIRECTION('',(0.,1.,0.));
#8616 = ORIENTED_EDGE('',*,*,#8617,.F.);
#8617 = EDGE_CURVE('',#8368,#8610,#8618,.T.);
#8618 = LINE('',#8619,#8620);
#8619 = CARTESIAN_POINT('',(91.,144.3,-26.));
#8620 = VECTOR('',#8621,1.);
#8621 = DIRECTION('',(1.,0.,0.));
#8622 = PLANE('',#8623);
#8623 = AXIS2_PLACEMENT_3D('',#8624,#8625,#8626);
#8624 = CARTESIAN_POINT('',(91.,102.,-26.));
#8625 = DIRECTION('',(0.,0.,1.));
#8626 = DIRECTION('',(1.,0.,0.));
#8627 = ADVANCED_FACE('',(#8628),#8639,.T.);
#8628 = FACE_BOUND('',#8629,.T.);
#8629 = EDGE_LOOP('',(#8630,#8631,#8638));
#8630 = ORIENTED_EDGE('',*,*,#8424,.F.);
#8631 = ORIENTED_EDGE('',*,*,#8632,.T.);
#8632 = EDGE_CURVE('',#8425,#8368,#8633,.T.);
#8633 = CIRCLE('',#8634,0.7);
#8634 = AXIS2_PLACEMENT_3D('',#8635,#8636,#8637);
#8635 = CARTESIAN_POINT('',(91.7,144.3,-25.3));
#8636 = DIRECTION('',(-1.,0.,6.123233995737E-17));
#8637 = DIRECTION('',(-6.123233995737E-17,0.,-1.));
#8638 = ORIENTED_EDGE('',*,*,#8375,.F.);
#8639 = SPHERICAL_SURFACE('',#8640,0.7);
#8640 = AXIS2_PLACEMENT_3D('',#8641,#8642,#8643);
#8641 = CARTESIAN_POINT('',(91.7,144.3,-25.3));
#8642 = DIRECTION('',(-0.,-1.,-0.));
#8643 = DIRECTION('',(-1.,0.,0.));
#8644 = ADVANCED_FACE('',(#8645),#8670,.T.);
#8645 = FACE_BOUND('',#8646,.T.);
#8646 = EDGE_LOOP('',(#8647,#8648,#8656,#8664));
#8647 = ORIENTED_EDGE('',*,*,#8400,.F.);
#8648 = ORIENTED_EDGE('',*,*,#8649,.T.);
#8649 = EDGE_CURVE('',#8392,#8650,#8652,.T.);
#8650 = VERTEX_POINT('',#8651);
#8651 = CARTESIAN_POINT('',(102.3,102.7,4.));
#8652 = LINE('',#8653,#8654);
#8653 = CARTESIAN_POINT('',(91.,102.7,4.));
#8654 = VECTOR('',#8655,1.);
#8655 = DIRECTION('',(1.,0.,0.));
#8656 = ORIENTED_EDGE('',*,*,#8657,.T.);
#8657 = EDGE_CURVE('',#8650,#8658,#8660,.T.);
#8658 = VERTEX_POINT('',#8659);
#8659 = CARTESIAN_POINT('',(102.3,144.3,4.));
#8660 = LINE('',#8661,#8662);
#8661 = CARTESIAN_POINT('',(102.3,102.,4.));
#8662 = VECTOR('',#8663,1.);
#8663 = DIRECTION('',(0.,1.,0.));
#8664 = ORIENTED_EDGE('',*,*,#8665,.F.);
#8665 = EDGE_CURVE('',#8401,#8658,#8666,.T.);
#8666 = LINE('',#8667,#8668);
#8667 = CARTESIAN_POINT('',(91.,144.3,4.));
#8668 = VECTOR('',#8669,1.);
#8669 = DIRECTION('',(1.,0.,0.));
#8670 = PLANE('',#8671);
#8671 = AXIS2_PLACEMENT_3D('',#8672,#8673,#8674);
#8672 = CARTESIAN_POINT('',(91.,102.,4.));
#8673 = DIRECTION('',(0.,0.,1.));
#8674 = DIRECTION('',(1.,0.,0.));
#8675 = ADVANCED_FACE('',(#8676),#8687,.T.);
#8676 = FACE_BOUND('',#8677,.F.);
#8677 = EDGE_LOOP('',(#8678,#8679,#8686));
#8678 = ORIENTED_EDGE('',*,*,#8441,.F.);
#8679 = ORIENTED_EDGE('',*,*,#8680,.T.);
#8680 = EDGE_CURVE('',#8434,#8401,#8681,.T.);
#8681 = CIRCLE('',#8682,0.7);
#8682 = AXIS2_PLACEMENT_3D('',#8683,#8684,#8685);
#8683 = CARTESIAN_POINT('',(91.7,144.3,3.3));
#8684 = DIRECTION('',(1.,0.,2.951168211093E-17));
#8685 = DIRECTION('',(-2.951168211093E-17,0.,1.));
#8686 = ORIENTED_EDGE('',*,*,#8408,.F.);
#8687 = SPHERICAL_SURFACE('',#8688,0.7);
#8688 = AXIS2_PLACEMENT_3D('',#8689,#8690,#8691);
#8689 = CARTESIAN_POINT('',(91.7,144.3,3.3));
#8690 = DIRECTION('',(-0.,-1.,-0.));
#8691 = DIRECTION('',(-1.,0.,-6.344131569287E-16));
#8692 = ADVANCED_FACE('',(#8693,#8718),#8788,.T.);
#8693 = FACE_BOUND('',#8694,.T.);
#8694 = EDGE_LOOP('',(#8695,#8696,#8704,#8712));
#8695 = ORIENTED_EDGE('',*,*,#8433,.T.);
#8696 = ORIENTED_EDGE('',*,*,#8697,.T.);
#8697 = EDGE_CURVE('',#8434,#8698,#8700,.T.);
#8698 = VERTEX_POINT('',#8699);
#8699 = CARTESIAN_POINT('',(102.3,145.,3.3));
#8700 = LINE('',#8701,#8702);
#8701 = CARTESIAN_POINT('',(91.,145.,3.3));
#8702 = VECTOR('',#8703,1.);
#8703 = DIRECTION('',(1.,0.,0.));
#8704 = ORIENTED_EDGE('',*,*,#8705,.F.);
#8705 = EDGE_CURVE('',#8706,#8698,#8708,.T.);
#8706 = VERTEX_POINT('',#8707);
#8707 = CARTESIAN_POINT('',(102.3,145.,-25.3));
#8708 = LINE('',#8709,#8710);
#8709 = CARTESIAN_POINT('',(102.3,145.,-26.));
#8710 = VECTOR('',#8711,1.);
#8711 = DIRECTION('',(0.,0.,1.));
#8712 = ORIENTED_EDGE('',*,*,#8713,.F.);
#8713 = EDGE_CURVE('',#8425,#8706,#8714,.T.);
#8714 = LINE('',#8715,#8716);
#8715 = CARTESIAN_POINT('',(91.,145.,-25.3));
#8716 = VECTOR('',#8717,1.);
#8717 = DIRECTION('',(1.,0.,0.));
#8718 = FACE_BOUND('',#8719,.T.);
#8719 = EDGE_LOOP('',(#8720,#8730,#8739,#8747,#8756,#8764,#8773,#8781));
#8720 = ORIENTED_EDGE('',*,*,#8721,.F.);
#8721 = EDGE_CURVE('',#8722,#8724,#8726,.T.);
#8722 = VERTEX_POINT('',#8723);
#8723 = CARTESIAN_POINT('',(92.1,145.,-23.5));
#8724 = VERTEX_POINT('',#8725);
#8725 = CARTESIAN_POINT('',(92.1,145.,1.5));
#8726 = LINE('',#8727,#8728);
#8727 = CARTESIAN_POINT('',(92.1,145.,-24.2));
#8728 = VECTOR('',#8729,1.);
#8729 = DIRECTION('',(0.,0.,1.));
#8730 = ORIENTED_EDGE('',*,*,#8731,.T.);
#8731 = EDGE_CURVE('',#8722,#8732,#8734,.T.);
#8732 = VERTEX_POINT('',#8733);
#8733 = CARTESIAN_POINT('',(93.5,145.,-24.9));
#8734 = CIRCLE('',#8735,1.4);
#8735 = AXIS2_PLACEMENT_3D('',#8736,#8737,#8738);
#8736 = CARTESIAN_POINT('',(93.5,145.,-23.5));
#8737 = DIRECTION('',(-0.,-1.,-0.));
#8738 = DIRECTION('',(-1.,0.,0.));
#8739 = ORIENTED_EDGE('',*,*,#8740,.T.);
#8740 = EDGE_CURVE('',#8732,#8741,#8743,.T.);
#8741 = VERTEX_POINT('',#8742);
#8742 = CARTESIAN_POINT('',(100.5,145.,-24.9));
#8743 = LINE('',#8744,#8745);
#8744 = CARTESIAN_POINT('',(92.8,145.,-24.9));
#8745 = VECTOR('',#8746,1.);
#8746 = DIRECTION('',(1.,0.,0.));
#8747 = ORIENTED_EDGE('',*,*,#8748,.F.);
#8748 = EDGE_CURVE('',#8749,#8741,#8751,.T.);
#8749 = VERTEX_POINT('',#8750);
#8750 = CARTESIAN_POINT('',(101.9,145.,-23.5));
#8751 = CIRCLE('',#8752,1.4);
#8752 = AXIS2_PLACEMENT_3D('',#8753,#8754,#8755);
#8753 = CARTESIAN_POINT('',(100.5,145.,-23.5));
#8754 = DIRECTION('',(-0.,1.,0.));
#8755 = DIRECTION('',(1.,0.,0.));
#8756 = ORIENTED_EDGE('',*,*,#8757,.T.);
#8757 = EDGE_CURVE('',#8749,#8758,#8760,.T.);
#8758 = VERTEX_POINT('',#8759);
#8759 = CARTESIAN_POINT('',(101.9,145.,1.5));
#8760 = LINE('',#8761,#8762);
#8761 = CARTESIAN_POINT('',(101.9,145.,-24.2));
#8762 = VECTOR('',#8763,1.);
#8763 = DIRECTION('',(0.,0.,1.));
#8764 = ORIENTED_EDGE('',*,*,#8765,.F.);
#8765 = EDGE_CURVE('',#8766,#8758,#8768,.T.);
#8766 = VERTEX_POINT('',#8767);
#8767 = CARTESIAN_POINT('',(100.5,145.,2.9));
#8768 = CIRCLE('',#8769,1.4);
#8769 = AXIS2_PLACEMENT_3D('',#8770,#8771,#8772);
#8770 = CARTESIAN_POINT('',(100.5,145.,1.5));
#8771 = DIRECTION('',(0.,1.,0.));
#8772 = DIRECTION('',(0.,0.,1.));
#8773 = ORIENTED_EDGE('',*,*,#8774,.F.);
#8774 = EDGE_CURVE('',#8775,#8766,#8777,.T.);
#8775 = VERTEX_POINT('',#8776);
#8776 = CARTESIAN_POINT('',(93.5,145.,2.9));
#8777 = LINE('',#8778,#8779);
#8778 = CARTESIAN_POINT('',(92.8,145.,2.9));
#8779 = VECTOR('',#8780,1.);
#8780 = DIRECTION('',(1.,0.,0.));
#8781 = ORIENTED_EDGE('',*,*,#8782,.F.);
#8782 = EDGE_CURVE('',#8724,#8775,#8783,.T.);
#8783 = CIRCLE('',#8784,1.4);
#8784 = AXIS2_PLACEMENT_3D('',#8785,#8786,#8787);
#8785 = CARTESIAN_POINT('',(93.5,145.,1.5));
#8786 = DIRECTION('',(0.,1.,0.));
#8787 = DIRECTION('',(-1.,0.,-6.344131569287E-16));
#8788 = PLANE('',#8789);
#8789 = AXIS2_PLACEMENT_3D('',#8790,#8791,#8792);
#8790 = CARTESIAN_POINT('',(91.,145.,-26.));
#8791 = DIRECTION('',(0.,1.,0.));
#8792 = DIRECTION('',(0.,0.,1.));
#8793 = ADVANCED_FACE('',(#8794),#8813,.F.);
#8794 = FACE_BOUND('',#8795,.F.);
#8795 = EDGE_LOOP('',(#8796,#8804,#8811,#8812));
#8796 = ORIENTED_EDGE('',*,*,#8797,.T.);
#8797 = EDGE_CURVE('',#8458,#8798,#8800,.T.);
#8798 = VERTEX_POINT('',#8799);
#8799 = CARTESIAN_POINT('',(92.1,112.,-15.75));
#8800 = LINE('',#8801,#8802);
#8801 = CARTESIAN_POINT('',(90.,112.,-15.75));
#8802 = VECTOR('',#8803,1.);
#8803 = DIRECTION('',(1.,0.,0.));
#8804 = ORIENTED_EDGE('',*,*,#8805,.F.);
#8805 = EDGE_CURVE('',#8798,#8798,#8806,.T.);
#8806 = CIRCLE('',#8807,1.25);
#8807 = AXIS2_PLACEMENT_3D('',#8808,#8809,#8810);
#8808 = CARTESIAN_POINT('',(92.1,112.,-17.));
#8809 = DIRECTION('',(1.,0.,-0.));
#8810 = DIRECTION('',(0.,0.,1.));
#8811 = ORIENTED_EDGE('',*,*,#8797,.F.);
#8812 = ORIENTED_EDGE('',*,*,#8468,.T.);
#8813 = CYLINDRICAL_SURFACE('',#8814,1.25);
#8814 = AXIS2_PLACEMENT_3D('',#8815,#8816,#8817);
#8815 = CARTESIAN_POINT('',(90.,112.,-17.));
#8816 = DIRECTION('',(1.,0.,0.));
#8817 = DIRECTION('',(0.,0.,1.));
#8818 = ADVANCED_FACE('',(#8819),#8838,.F.);
#8819 = FACE_BOUND('',#8820,.F.);
#8820 = EDGE_LOOP('',(#8821,#8829,#8836,#8837));
#8821 = ORIENTED_EDGE('',*,*,#8822,.T.);
#8822 = EDGE_CURVE('',#8484,#8823,#8825,.T.);
#8823 = VERTEX_POINT('',#8824);
#8824 = CARTESIAN_POINT('',(92.1,112.,-9.75));
#8825 = LINE('',#8826,#8827);
#8826 = CARTESIAN_POINT('',(90.,112.,-9.75));
#8827 = VECTOR('',#8828,1.);
#8828 = DIRECTION('',(1.,0.,0.));
#8829 = ORIENTED_EDGE('',*,*,#8830,.F.);
#8830 = EDGE_CURVE('',#8823,#8823,#8831,.T.);
#8831 = CIRCLE('',#8832,1.25);
#8832 = AXIS2_PLACEMENT_3D('',#8833,#8834,#8835);
#8833 = CARTESIAN_POINT('',(92.1,112.,-11.));
#8834 = DIRECTION('',(1.,0.,-0.));
#8835 = DIRECTION('',(0.,0.,1.));
#8836 = ORIENTED_EDGE('',*,*,#8822,.F.);
#8837 = ORIENTED_EDGE('',*,*,#8494,.T.);
#8838 = CYLINDRICAL_SURFACE('',#8839,1.25);
#8839 = AXIS2_PLACEMENT_3D('',#8840,#8841,#8842);
#8840 = CARTESIAN_POINT('',(90.,112.,-11.));
#8841 = DIRECTION('',(1.,0.,0.));
#8842 = DIRECTION('',(0.,0.,1.));
#8843 = ADVANCED_FACE('',(#8844),#8863,.F.);
#8844 = FACE_BOUND('',#8845,.F.);
#8845 = EDGE_LOOP('',(#8846,#8854,#8861,#8862));
#8846 = ORIENTED_EDGE('',*,*,#8847,.T.);
#8847 = EDGE_CURVE('',#8510,#8848,#8850,.T.);
#8848 = VERTEX_POINT('',#8849);
#8849 = CARTESIAN_POINT('',(92.1,112.,-3.75));
#8850 = LINE('',#8851,#8852);
#8851 = CARTESIAN_POINT('',(90.,112.,-3.75));
#8852 = VECTOR('',#8853,1.);
#8853 = DIRECTION('',(1.,0.,0.));
#8854 = ORIENTED_EDGE('',*,*,#8855,.F.);
#8855 = EDGE_CURVE('',#8848,#8848,#8856,.T.);
#8856 = CIRCLE('',#8857,1.25);
#8857 = AXIS2_PLACEMENT_3D('',#8858,#8859,#8860);
#8858 = CARTESIAN_POINT('',(92.1,112.,-5.));
#8859 = DIRECTION('',(1.,0.,-0.));
#8860 = DIRECTION('',(0.,0.,1.));
#8861 = ORIENTED_EDGE('',*,*,#8847,.F.);
#8862 = ORIENTED_EDGE('',*,*,#8520,.T.);
#8863 = CYLINDRICAL_SURFACE('',#8864,1.25);
#8864 = AXIS2_PLACEMENT_3D('',#8865,#8866,#8867);
#8865 = CARTESIAN_POINT('',(90.,112.,-5.));
#8866 = DIRECTION('',(1.,0.,0.));
#8867 = DIRECTION('',(0.,0.,1.));
#8868 = ADVANCED_FACE('',(#8869),#8881,.T.);
#8869 = FACE_BOUND('',#8870,.T.);
#8870 = EDGE_LOOP('',(#8871,#8872,#8873,#8880));
#8871 = ORIENTED_EDGE('',*,*,#8536,.F.);
#8872 = ORIENTED_EDGE('',*,*,#8601,.T.);
#8873 = ORIENTED_EDGE('',*,*,#8874,.F.);
#8874 = EDGE_CURVE('',#8579,#8602,#8875,.T.);
#8875 = CIRCLE('',#8876,0.7);
#8876 = AXIS2_PLACEMENT_3D('',#8877,#8878,#8879);
#8877 = CARTESIAN_POINT('',(102.3,102.7,-25.3));
#8878 = DIRECTION('',(1.,0.,0.));
#8879 = DIRECTION('',(0.,-1.,0.));
#8880 = ORIENTED_EDGE('',*,*,#8586,.F.);
#8881 = CYLINDRICAL_SURFACE('',#8882,0.7);
#8882 = AXIS2_PLACEMENT_3D('',#8883,#8884,#8885);
#8883 = CARTESIAN_POINT('',(91.,102.7,-25.3));
#8884 = DIRECTION('',(1.,0.,0.));
#8885 = DIRECTION('',(0.,-1.,0.));
#8886 = ADVANCED_FACE('',(#8887),#8899,.T.);
#8887 = FACE_BOUND('',#8888,.F.);
#8888 = EDGE_LOOP('',(#8889,#8890,#8891,#8898));
#8889 = ORIENTED_EDGE('',*,*,#8553,.F.);
#8890 = ORIENTED_EDGE('',*,*,#8649,.T.);
#8891 = ORIENTED_EDGE('',*,*,#8892,.T.);
#8892 = EDGE_CURVE('',#8650,#8571,#8893,.T.);
#8893 = CIRCLE('',#8894,0.7);
#8894 = AXIS2_PLACEMENT_3D('',#8895,#8896,#8897);
#8895 = CARTESIAN_POINT('',(102.3,102.7,3.3));
#8896 = DIRECTION('',(1.,0.,0.));
#8897 = DIRECTION('',(0.,-1.,0.));
#8898 = ORIENTED_EDGE('',*,*,#8570,.F.);
#8899 = CYLINDRICAL_SURFACE('',#8900,0.7);
#8900 = AXIS2_PLACEMENT_3D('',#8901,#8902,#8903);
#8901 = CARTESIAN_POINT('',(91.,102.7,3.3));
#8902 = DIRECTION('',(1.,0.,0.));
#8903 = DIRECTION('',(0.,-1.,0.));
#8904 = ADVANCED_FACE('',(#8905),#8932,.T.);
#8905 = FACE_BOUND('',#8906,.T.);
#8906 = EDGE_LOOP('',(#8907,#8916,#8924,#8931));
#8907 = ORIENTED_EDGE('',*,*,#8908,.F.);
#8908 = EDGE_CURVE('',#8909,#8579,#8911,.T.);
#8909 = VERTEX_POINT('',#8910);
#8910 = CARTESIAN_POINT('',(103.,102.7,-25.3));
#8911 = CIRCLE('',#8912,0.7);
#8912 = AXIS2_PLACEMENT_3D('',#8913,#8914,#8915);
#8913 = CARTESIAN_POINT('',(102.3,102.7,-25.3));
#8914 = DIRECTION('',(-0.,-0.,-1.));
#8915 = DIRECTION('',(0.,-1.,0.));
#8916 = ORIENTED_EDGE('',*,*,#8917,.T.);
#8917 = EDGE_CURVE('',#8909,#8918,#8920,.T.);
#8918 = VERTEX_POINT('',#8919);
#8919 = CARTESIAN_POINT('',(103.,102.7,3.3));
#8920 = LINE('',#8921,#8922);
#8921 = CARTESIAN_POINT('',(103.,102.7,-26.));
#8922 = VECTOR('',#8923,1.);
#8923 = DIRECTION('',(0.,0.,1.));
#8924 = ORIENTED_EDGE('',*,*,#8925,.F.);
#8925 = EDGE_CURVE('',#8571,#8918,#8926,.T.);
#8926 = CIRCLE('',#8927,0.7);
#8927 = AXIS2_PLACEMENT_3D('',#8928,#8929,#8930);
#8928 = CARTESIAN_POINT('',(102.3,102.7,3.3));
#8929 = DIRECTION('',(-0.,0.,1.));
#8930 = DIRECTION('',(0.,-1.,0.));
#8931 = ORIENTED_EDGE('',*,*,#8578,.F.);
#8932 = CYLINDRICAL_SURFACE('',#8933,0.7);
#8933 = AXIS2_PLACEMENT_3D('',#8934,#8935,#8936);
#8934 = CARTESIAN_POINT('',(102.3,102.7,-26.));
#8935 = DIRECTION('',(0.,0.,1.));
#8936 = DIRECTION('',(0.,-1.,0.));
#8937 = ADVANCED_FACE('',(#8938),#8950,.T.);
#8938 = FACE_BOUND('',#8939,.T.);
#8939 = EDGE_LOOP('',(#8940,#8941,#8942,#8949));
#8940 = ORIENTED_EDGE('',*,*,#8632,.F.);
#8941 = ORIENTED_EDGE('',*,*,#8713,.T.);
#8942 = ORIENTED_EDGE('',*,*,#8943,.F.);
#8943 = EDGE_CURVE('',#8610,#8706,#8944,.T.);
#8944 = CIRCLE('',#8945,0.7);
#8945 = AXIS2_PLACEMENT_3D('',#8946,#8947,#8948);
#8946 = CARTESIAN_POINT('',(102.3,144.3,-25.3));
#8947 = DIRECTION('',(1.,-0.,0.));
#8948 = DIRECTION('',(0.,0.,-1.));
#8949 = ORIENTED_EDGE('',*,*,#8617,.F.);
#8950 = CYLINDRICAL_SURFACE('',#8951,0.7);
#8951 = AXIS2_PLACEMENT_3D('',#8952,#8953,#8954);
#8952 = CARTESIAN_POINT('',(91.,144.3,-25.3));
#8953 = DIRECTION('',(1.,0.,0.));
#8954 = DIRECTION('',(0.,0.,-1.));
#8955 = ADVANCED_FACE('',(#8956),#8981,.T.);
#8956 = FACE_BOUND('',#8957,.F.);
#8957 = EDGE_LOOP('',(#8958,#8965,#8973,#8980));
#8958 = ORIENTED_EDGE('',*,*,#8959,.F.);
#8959 = EDGE_CURVE('',#8909,#8602,#8960,.T.);
#8960 = CIRCLE('',#8961,0.7);
#8961 = AXIS2_PLACEMENT_3D('',#8962,#8963,#8964);
#8962 = CARTESIAN_POINT('',(102.3,102.7,-25.3));
#8963 = DIRECTION('',(0.,1.,-6.123233995737E-17));
#8964 = DIRECTION('',(0.,-6.123233995737E-17,-1.));
#8965 = ORIENTED_EDGE('',*,*,#8966,.T.);
#8966 = EDGE_CURVE('',#8909,#8967,#8969,.T.);
#8967 = VERTEX_POINT('',#8968);
#8968 = CARTESIAN_POINT('',(103.,144.3,-25.3));
#8969 = LINE('',#8970,#8971);
#8970 = CARTESIAN_POINT('',(103.,102.,-25.3));
#8971 = VECTOR('',#8972,1.);
#8972 = DIRECTION('',(0.,1.,0.));
#8973 = ORIENTED_EDGE('',*,*,#8974,.T.);
#8974 = EDGE_CURVE('',#8967,#8610,#8975,.T.);
#8975 = CIRCLE('',#8976,0.7);
#8976 = AXIS2_PLACEMENT_3D('',#8977,#8978,#8979);
#8977 = CARTESIAN_POINT('',(102.3,144.3,-25.3));
#8978 = DIRECTION('',(0.,1.,0.));
#8979 = DIRECTION('',(0.,0.,-1.));
#8980 = ORIENTED_EDGE('',*,*,#8609,.F.);
#8981 = CYLINDRICAL_SURFACE('',#8982,0.7);
#8982 = AXIS2_PLACEMENT_3D('',#8983,#8984,#8985);
#8983 = CARTESIAN_POINT('',(102.3,102.,-25.3));
#8984 = DIRECTION('',(0.,1.,0.));
#8985 = DIRECTION('',(0.,0.,-1.));
#8986 = ADVANCED_FACE('',(#8987),#8999,.T.);
#8987 = FACE_BOUND('',#8988,.F.);
#8988 = EDGE_LOOP('',(#8989,#8990,#8991,#8998));
#8989 = ORIENTED_EDGE('',*,*,#8680,.F.);
#8990 = ORIENTED_EDGE('',*,*,#8697,.T.);
#8991 = ORIENTED_EDGE('',*,*,#8992,.F.);
#8992 = EDGE_CURVE('',#8658,#8698,#8993,.T.);
#8993 = CIRCLE('',#8994,0.7);
#8994 = AXIS2_PLACEMENT_3D('',#8995,#8996,#8997);
#8995 = CARTESIAN_POINT('',(102.3,144.3,3.3));
#8996 = DIRECTION('',(-1.,0.,0.));
#8997 = DIRECTION('',(0.,0.,1.));
#8998 = ORIENTED_EDGE('',*,*,#8665,.F.);
#8999 = CYLINDRICAL_SURFACE('',#9000,0.7);
#9000 = AXIS2_PLACEMENT_3D('',#9001,#9002,#9003);
#9001 = CARTESIAN_POINT('',(91.,144.3,3.3));
#9002 = DIRECTION('',(1.,0.,0.));
#9003 = DIRECTION('',(0.,0.,1.));
#9004 = ADVANCED_FACE('',(#9005),#9030,.T.);
#9005 = FACE_BOUND('',#9006,.T.);
#9006 = EDGE_LOOP('',(#9007,#9014,#9022,#9029));
#9007 = ORIENTED_EDGE('',*,*,#9008,.T.);
#9008 = EDGE_CURVE('',#8650,#8918,#9009,.T.);
#9009 = CIRCLE('',#9010,0.7);
#9010 = AXIS2_PLACEMENT_3D('',#9011,#9012,#9013);
#9011 = CARTESIAN_POINT('',(102.3,102.7,3.3));
#9012 = DIRECTION('',(6.123233995737E-17,1.,0.));
#9013 = DIRECTION('',(1.,-6.123233995737E-17,0.));
#9014 = ORIENTED_EDGE('',*,*,#9015,.T.);
#9015 = EDGE_CURVE('',#8918,#9016,#9018,.T.);
#9016 = VERTEX_POINT('',#9017);
#9017 = CARTESIAN_POINT('',(103.,144.3,3.3));
#9018 = LINE('',#9019,#9020);
#9019 = CARTESIAN_POINT('',(103.,102.,3.3));
#9020 = VECTOR('',#9021,1.);
#9021 = DIRECTION('',(0.,1.,0.));
#9022 = ORIENTED_EDGE('',*,*,#9023,.T.);
#9023 = EDGE_CURVE('',#9016,#8658,#9024,.T.);
#9024 = CIRCLE('',#9025,0.7);
#9025 = AXIS2_PLACEMENT_3D('',#9026,#9027,#9028);
#9026 = CARTESIAN_POINT('',(102.3,144.3,3.3));
#9027 = DIRECTION('',(0.,-1.,0.));
#9028 = DIRECTION('',(0.,0.,1.));
#9029 = ORIENTED_EDGE('',*,*,#8657,.F.);
#9030 = CYLINDRICAL_SURFACE('',#9031,0.7);
#9031 = AXIS2_PLACEMENT_3D('',#9032,#9033,#9034);
#9032 = CARTESIAN_POINT('',(102.3,102.,3.3));
#9033 = DIRECTION('',(0.,1.,0.));
#9034 = DIRECTION('',(0.,0.,1.));
#9035 = ADVANCED_FACE('',(#9036),#9059,.T.);
#9036 = FACE_BOUND('',#9037,.F.);
#9037 = EDGE_LOOP('',(#9038,#9045,#9051,#9058));
#9038 = ORIENTED_EDGE('',*,*,#9039,.F.);
#9039 = EDGE_CURVE('',#8967,#8706,#9040,.T.);
#9040 = CIRCLE('',#9041,0.7);
#9041 = AXIS2_PLACEMENT_3D('',#9042,#9043,#9044);
#9042 = CARTESIAN_POINT('',(102.3,144.3,-25.3));
#9043 = DIRECTION('',(0.,6.123233995737E-17,1.));
#9044 = DIRECTION('',(0.,1.,-6.123233995737E-17));
#9045 = ORIENTED_EDGE('',*,*,#9046,.T.);
#9046 = EDGE_CURVE('',#8967,#9016,#9047,.T.);
#9047 = LINE('',#9048,#9049);
#9048 = CARTESIAN_POINT('',(103.,144.3,-26.));
#9049 = VECTOR('',#9050,1.);
#9050 = DIRECTION('',(0.,0.,1.));
#9051 = ORIENTED_EDGE('',*,*,#9052,.T.);
#9052 = EDGE_CURVE('',#9016,#8698,#9053,.T.);
#9053 = CIRCLE('',#9054,0.7);
#9054 = AXIS2_PLACEMENT_3D('',#9055,#9056,#9057);
#9055 = CARTESIAN_POINT('',(102.3,144.3,3.3));
#9056 = DIRECTION('',(0.,-7.273661547325E-16,1.));
#9057 = DIRECTION('',(0.,1.,7.273661547325E-16));
#9058 = ORIENTED_EDGE('',*,*,#8705,.F.);
#9059 = CYLINDRICAL_SURFACE('',#9060,0.7);
#9060 = AXIS2_PLACEMENT_3D('',#9061,#9062,#9063);
#9061 = CARTESIAN_POINT('',(102.3,144.3,-26.));
#9062 = DIRECTION('',(0.,0.,1.));
#9063 = DIRECTION('',(0.,1.,0.));
#9064 = ADVANCED_FACE('',(#9065),#9092,.T.);
#9065 = FACE_BOUND('',#9066,.F.);
#9066 = EDGE_LOOP('',(#9067,#9076,#9084,#9091));
#9067 = ORIENTED_EDGE('',*,*,#9068,.T.);
#9068 = EDGE_CURVE('',#8722,#9069,#9071,.T.);
#9069 = VERTEX_POINT('',#9070);
#9070 = CARTESIAN_POINT('',(92.8,144.3,-23.5));
#9071 = CIRCLE('',#9072,0.7);
#9072 = AXIS2_PLACEMENT_3D('',#9073,#9074,#9075);
#9073 = CARTESIAN_POINT('',(92.1,144.3,-23.5));
#9074 = DIRECTION('',(0.,0.,-1.));
#9075 = DIRECTION('',(-1.,0.,0.));
#9076 = ORIENTED_EDGE('',*,*,#9077,.T.);
#9077 = EDGE_CURVE('',#9069,#9078,#9080,.T.);
#9078 = VERTEX_POINT('',#9079);
#9079 = CARTESIAN_POINT('',(92.8,144.3,1.5));
#9080 = LINE('',#9081,#9082);
#9081 = CARTESIAN_POINT('',(92.8,144.3,-24.2));
#9082 = VECTOR('',#9083,1.);
#9083 = DIRECTION('',(0.,0.,1.));
#9084 = ORIENTED_EDGE('',*,*,#9085,.F.);
#9085 = EDGE_CURVE('',#8724,#9078,#9086,.T.);
#9086 = CIRCLE('',#9087,0.7);
#9087 = AXIS2_PLACEMENT_3D('',#9088,#9089,#9090);
#9088 = CARTESIAN_POINT('',(92.1,144.3,1.5));
#9089 = DIRECTION('',(6.344131569287E-16,0.,-1.));
#9090 = DIRECTION('',(-1.,0.,-6.344131569287E-16));
#9091 = ORIENTED_EDGE('',*,*,#8721,.F.);
#9092 = CYLINDRICAL_SURFACE('',#9093,0.7);
#9093 = AXIS2_PLACEMENT_3D('',#9094,#9095,#9096);
#9094 = CARTESIAN_POINT('',(92.1,144.3,-24.2));
#9095 = DIRECTION('',(0.,0.,1.));
#9096 = DIRECTION('',(0.,1.,0.));
#9097 = ADVANCED_FACE('',(#9098),#9118,.T.);
#9098 = FACE_BOUND('',#9099,.F.);
#9099 = EDGE_LOOP('',(#9100,#9101,#9102,#9111));
#9100 = ORIENTED_EDGE('',*,*,#9068,.F.);
#9101 = ORIENTED_EDGE('',*,*,#8731,.T.);
#9102 = ORIENTED_EDGE('',*,*,#9103,.T.);
#9103 = EDGE_CURVE('',#8732,#9104,#9106,.T.);
#9104 = VERTEX_POINT('',#9105);
#9105 = CARTESIAN_POINT('',(93.5,144.3,-24.2));
#9106 = CIRCLE('',#9107,0.7);
#9107 = AXIS2_PLACEMENT_3D('',#9108,#9109,#9110);
#9108 = CARTESIAN_POINT('',(93.5,144.3,-24.9));
#9109 = DIRECTION('',(1.,0.,-6.123233995737E-17));
#9110 = DIRECTION('',(-6.123233995737E-17,0.,-1.));
#9111 = ORIENTED_EDGE('',*,*,#9112,.F.);
#9112 = EDGE_CURVE('',#9069,#9104,#9113,.T.);
#9113 = CIRCLE('',#9114,0.7);
#9114 = AXIS2_PLACEMENT_3D('',#9115,#9116,#9117);
#9115 = CARTESIAN_POINT('',(93.5,144.3,-23.5));
#9116 = DIRECTION('',(-0.,-1.,-0.));
#9117 = DIRECTION('',(-1.,0.,0.));
#9118 = TOROIDAL_SURFACE('',#9119,1.4,0.7);
#9119 = AXIS2_PLACEMENT_3D('',#9120,#9121,#9122);
#9120 = CARTESIAN_POINT('',(93.5,144.3,-23.5));
#9121 = DIRECTION('',(0.,1.,0.));
#9122 = DIRECTION('',(-1.,0.,0.));
#9123 = ADVANCED_FACE('',(#9124),#9144,.T.);
#9124 = FACE_BOUND('',#9125,.T.);
#9125 = EDGE_LOOP('',(#9126,#9127,#9128,#9137));
#9126 = ORIENTED_EDGE('',*,*,#9085,.F.);
#9127 = ORIENTED_EDGE('',*,*,#8782,.T.);
#9128 = ORIENTED_EDGE('',*,*,#9129,.T.);
#9129 = EDGE_CURVE('',#8775,#9130,#9132,.T.);
#9130 = VERTEX_POINT('',#9131);
#9131 = CARTESIAN_POINT('',(93.5,144.3,2.2));
#9132 = CIRCLE('',#9133,0.7);
#9133 = AXIS2_PLACEMENT_3D('',#9134,#9135,#9136);
#9134 = CARTESIAN_POINT('',(93.5,144.3,2.9));
#9135 = DIRECTION('',(-1.,0.,-1.361779311661E-15));
#9136 = DIRECTION('',(-1.361779311661E-15,0.,1.));
#9137 = ORIENTED_EDGE('',*,*,#9138,.F.);
#9138 = EDGE_CURVE('',#9078,#9130,#9139,.T.);
#9139 = CIRCLE('',#9140,0.7);
#9140 = AXIS2_PLACEMENT_3D('',#9141,#9142,#9143);
#9141 = CARTESIAN_POINT('',(93.5,144.3,1.5));
#9142 = DIRECTION('',(0.,1.,0.));
#9143 = DIRECTION('',(-1.,0.,-6.344131569287E-16));
#9144 = TOROIDAL_SURFACE('',#9145,1.4,0.7);
#9145 = AXIS2_PLACEMENT_3D('',#9146,#9147,#9148);
#9146 = CARTESIAN_POINT('',(93.5,144.3,1.5));
#9147 = DIRECTION('',(0.,1.,0.));
#9148 = DIRECTION('',(-1.,0.,-6.344131569287E-16));
#9149 = ADVANCED_FACE('',(#9150),#9169,.T.);
#9150 = FACE_BOUND('',#9151,.T.);
#9151 = EDGE_LOOP('',(#9152,#9153,#9161,#9168));
#9152 = ORIENTED_EDGE('',*,*,#9103,.T.);
#9153 = ORIENTED_EDGE('',*,*,#9154,.T.);
#9154 = EDGE_CURVE('',#9104,#9155,#9157,.T.);
#9155 = VERTEX_POINT('',#9156);
#9156 = CARTESIAN_POINT('',(100.5,144.3,-24.2));
#9157 = LINE('',#9158,#9159);
#9158 = CARTESIAN_POINT('',(92.8,144.3,-24.2));
#9159 = VECTOR('',#9160,1.);
#9160 = DIRECTION('',(1.,0.,0.));
#9161 = ORIENTED_EDGE('',*,*,#9162,.F.);
#9162 = EDGE_CURVE('',#8741,#9155,#9163,.T.);
#9163 = CIRCLE('',#9164,0.7);
#9164 = AXIS2_PLACEMENT_3D('',#9165,#9166,#9167);
#9165 = CARTESIAN_POINT('',(100.5,144.3,-24.9));
#9166 = DIRECTION('',(1.,-0.,6.123233995737E-17));
#9167 = DIRECTION('',(6.123233995737E-17,0.,-1.));
#9168 = ORIENTED_EDGE('',*,*,#8740,.F.);
#9169 = CYLINDRICAL_SURFACE('',#9170,0.7);
#9170 = AXIS2_PLACEMENT_3D('',#9171,#9172,#9173);
#9171 = CARTESIAN_POINT('',(92.8,144.3,-24.9));
#9172 = DIRECTION('',(1.,0.,0.));
#9173 = DIRECTION('',(0.,1.,0.));
#9174 = ADVANCED_FACE('',(#9175),#9194,.T.);
#9175 = FACE_BOUND('',#9176,.F.);
#9176 = EDGE_LOOP('',(#9177,#9178,#9186,#9193));
#9177 = ORIENTED_EDGE('',*,*,#9129,.T.);
#9178 = ORIENTED_EDGE('',*,*,#9179,.T.);
#9179 = EDGE_CURVE('',#9130,#9180,#9182,.T.);
#9180 = VERTEX_POINT('',#9181);
#9181 = CARTESIAN_POINT('',(100.5,144.3,2.2));
#9182 = LINE('',#9183,#9184);
#9183 = CARTESIAN_POINT('',(92.8,144.3,2.2));
#9184 = VECTOR('',#9185,1.);
#9185 = DIRECTION('',(1.,0.,0.));
#9186 = ORIENTED_EDGE('',*,*,#9187,.F.);
#9187 = EDGE_CURVE('',#8766,#9180,#9188,.T.);
#9188 = CIRCLE('',#9189,0.7);
#9189 = AXIS2_PLACEMENT_3D('',#9190,#9191,#9192);
#9190 = CARTESIAN_POINT('',(100.5,144.3,2.9));
#9191 = DIRECTION('',(-1.,0.,0.));
#9192 = DIRECTION('',(0.,0.,1.));
#9193 = ORIENTED_EDGE('',*,*,#8774,.F.);
#9194 = CYLINDRICAL_SURFACE('',#9195,0.7);
#9195 = AXIS2_PLACEMENT_3D('',#9196,#9197,#9198);
#9196 = CARTESIAN_POINT('',(92.8,144.3,2.9));
#9197 = DIRECTION('',(1.,0.,0.));
#9198 = DIRECTION('',(0.,1.,0.));
#9199 = ADVANCED_FACE('',(#9200),#9220,.T.);
#9200 = FACE_BOUND('',#9201,.T.);
#9201 = EDGE_LOOP('',(#9202,#9211,#9212,#9213));
#9202 = ORIENTED_EDGE('',*,*,#9203,.F.);
#9203 = EDGE_CURVE('',#8749,#9204,#9206,.T.);
#9204 = VERTEX_POINT('',#9205);
#9205 = CARTESIAN_POINT('',(101.2,144.3,-23.5));
#9206 = CIRCLE('',#9207,0.7);
#9207 = AXIS2_PLACEMENT_3D('',#9208,#9209,#9210);
#9208 = CARTESIAN_POINT('',(101.9,144.3,-23.5));
#9209 = DIRECTION('',(0.,0.,1.));
#9210 = DIRECTION('',(1.,0.,0.));
#9211 = ORIENTED_EDGE('',*,*,#8748,.T.);
#9212 = ORIENTED_EDGE('',*,*,#9162,.T.);
#9213 = ORIENTED_EDGE('',*,*,#9214,.F.);
#9214 = EDGE_CURVE('',#9204,#9155,#9215,.T.);
#9215 = CIRCLE('',#9216,0.7);
#9216 = AXIS2_PLACEMENT_3D('',#9217,#9218,#9219);
#9217 = CARTESIAN_POINT('',(100.5,144.3,-23.5));
#9218 = DIRECTION('',(-0.,1.,0.));
#9219 = DIRECTION('',(1.,0.,0.));
#9220 = TOROIDAL_SURFACE('',#9221,1.4,0.7);
#9221 = AXIS2_PLACEMENT_3D('',#9222,#9223,#9224);
#9222 = CARTESIAN_POINT('',(100.5,144.3,-23.5));
#9223 = DIRECTION('',(0.,1.,0.));
#9224 = DIRECTION('',(1.,0.,0.));
#9225 = ADVANCED_FACE('',(#9226),#9246,.T.);
#9226 = FACE_BOUND('',#9227,.T.);
#9227 = EDGE_LOOP('',(#9228,#9229,#9230,#9239));
#9228 = ORIENTED_EDGE('',*,*,#9187,.F.);
#9229 = ORIENTED_EDGE('',*,*,#8765,.T.);
#9230 = ORIENTED_EDGE('',*,*,#9231,.T.);
#9231 = EDGE_CURVE('',#8758,#9232,#9234,.T.);
#9232 = VERTEX_POINT('',#9233);
#9233 = CARTESIAN_POINT('',(101.2,144.3,1.5));
#9234 = CIRCLE('',#9235,0.7);
#9235 = AXIS2_PLACEMENT_3D('',#9236,#9237,#9238);
#9236 = CARTESIAN_POINT('',(101.9,144.3,1.5));
#9237 = DIRECTION('',(-2.832769448824E-16,0.,1.));
#9238 = DIRECTION('',(1.,0.,2.832769448824E-16));
#9239 = ORIENTED_EDGE('',*,*,#9240,.F.);
#9240 = EDGE_CURVE('',#9180,#9232,#9241,.T.);
#9241 = CIRCLE('',#9242,0.7);
#9242 = AXIS2_PLACEMENT_3D('',#9243,#9244,#9245);
#9243 = CARTESIAN_POINT('',(100.5,144.3,1.5));
#9244 = DIRECTION('',(0.,1.,0.));
#9245 = DIRECTION('',(0.,0.,1.));
#9246 = TOROIDAL_SURFACE('',#9247,1.4,0.7);
#9247 = AXIS2_PLACEMENT_3D('',#9248,#9249,#9250);
#9248 = CARTESIAN_POINT('',(100.5,144.3,1.5));
#9249 = DIRECTION('',(0.,1.,0.));
#9250 = DIRECTION('',(0.,0.,1.));
#9251 = ADVANCED_FACE('',(#9252),#9263,.T.);
#9252 = FACE_BOUND('',#9253,.T.);
#9253 = EDGE_LOOP('',(#9254,#9255,#9261,#9262));
#9254 = ORIENTED_EDGE('',*,*,#9203,.T.);
#9255 = ORIENTED_EDGE('',*,*,#9256,.T.);
#9256 = EDGE_CURVE('',#9204,#9232,#9257,.T.);
#9257 = LINE('',#9258,#9259);
#9258 = CARTESIAN_POINT('',(101.2,144.3,-24.2));
#9259 = VECTOR('',#9260,1.);
#9260 = DIRECTION('',(0.,0.,1.));
#9261 = ORIENTED_EDGE('',*,*,#9231,.F.);
#9262 = ORIENTED_EDGE('',*,*,#8757,.F.);
#9263 = CYLINDRICAL_SURFACE('',#9264,0.7);
#9264 = AXIS2_PLACEMENT_3D('',#9265,#9266,#9267);
#9265 = CARTESIAN_POINT('',(101.9,144.3,-24.2));
#9266 = DIRECTION('',(0.,0.,1.));
#9267 = DIRECTION('',(0.,1.,0.));
#9268 = ADVANCED_FACE('',(#9269),#9289,.T.);
#9269 = FACE_BOUND('',#9270,.F.);
#9270 = EDGE_LOOP('',(#9271,#9280,#9281,#9282));
#9271 = ORIENTED_EDGE('',*,*,#9272,.F.);
#9272 = EDGE_CURVE('',#8798,#9273,#9275,.T.);
#9273 = VERTEX_POINT('',#9274);
#9274 = CARTESIAN_POINT('',(92.8,112.,-15.05));
#9275 = CIRCLE('',#9276,0.7);
#9276 = AXIS2_PLACEMENT_3D('',#9277,#9278,#9279);
#9277 = CARTESIAN_POINT('',(92.1,112.,-15.05));
#9278 = DIRECTION('',(0.,-1.,0.));
#9279 = DIRECTION('',(0.,0.,1.));
#9280 = ORIENTED_EDGE('',*,*,#8805,.F.);
#9281 = ORIENTED_EDGE('',*,*,#9272,.T.);
#9282 = ORIENTED_EDGE('',*,*,#9283,.T.);
#9283 = EDGE_CURVE('',#9273,#9273,#9284,.T.);
#9284 = CIRCLE('',#9285,1.95);
#9285 = AXIS2_PLACEMENT_3D('',#9286,#9287,#9288);
#9286 = CARTESIAN_POINT('',(92.8,112.,-17.));
#9287 = DIRECTION('',(1.,0.,-0.));
#9288 = DIRECTION('',(0.,0.,1.));
#9289 = TOROIDAL_SURFACE('',#9290,1.95,0.7);
#9290 = AXIS2_PLACEMENT_3D('',#9291,#9292,#9293);
#9291 = CARTESIAN_POINT('',(92.1,112.,-17.));
#9292 = DIRECTION('',(-1.,0.,0.));
#9293 = DIRECTION('',(0.,0.,1.));
#9294 = ADVANCED_FACE('',(#9295),#9315,.T.);
#9295 = FACE_BOUND('',#9296,.F.);
#9296 = EDGE_LOOP('',(#9297,#9306,#9307,#9308));
#9297 = ORIENTED_EDGE('',*,*,#9298,.F.);
#9298 = EDGE_CURVE('',#8823,#9299,#9301,.T.);
#9299 = VERTEX_POINT('',#9300);
#9300 = CARTESIAN_POINT('',(92.8,112.,-9.05));
#9301 = CIRCLE('',#9302,0.7);
#9302 = AXIS2_PLACEMENT_3D('',#9303,#9304,#9305);
#9303 = CARTESIAN_POINT('',(92.1,112.,-9.05));
#9304 = DIRECTION('',(0.,-1.,0.));
#9305 = DIRECTION('',(0.,0.,1.));
#9306 = ORIENTED_EDGE('',*,*,#8830,.F.);
#9307 = ORIENTED_EDGE('',*,*,#9298,.T.);
#9308 = ORIENTED_EDGE('',*,*,#9309,.T.);
#9309 = EDGE_CURVE('',#9299,#9299,#9310,.T.);
#9310 = CIRCLE('',#9311,1.95);
#9311 = AXIS2_PLACEMENT_3D('',#9312,#9313,#9314);
#9312 = CARTESIAN_POINT('',(92.8,112.,-11.));
#9313 = DIRECTION('',(1.,0.,-0.));
#9314 = DIRECTION('',(0.,0.,1.));
#9315 = TOROIDAL_SURFACE('',#9316,1.95,0.7);
#9316 = AXIS2_PLACEMENT_3D('',#9317,#9318,#9319);
#9317 = CARTESIAN_POINT('',(92.1,112.,-11.));
#9318 = DIRECTION('',(-1.,0.,0.));
#9319 = DIRECTION('',(0.,0.,1.));
#9320 = ADVANCED_FACE('',(#9321),#9341,.T.);
#9321 = FACE_BOUND('',#9322,.F.);
#9322 = EDGE_LOOP('',(#9323,#9332,#9333,#9334));
#9323 = ORIENTED_EDGE('',*,*,#9324,.F.);
#9324 = EDGE_CURVE('',#8848,#9325,#9327,.T.);
#9325 = VERTEX_POINT('',#9326);
#9326 = CARTESIAN_POINT('',(92.8,112.,-3.05));
#9327 = CIRCLE('',#9328,0.7);
#9328 = AXIS2_PLACEMENT_3D('',#9329,#9330,#9331);
#9329 = CARTESIAN_POINT('',(92.1,112.,-3.05));
#9330 = DIRECTION('',(0.,-1.,0.));
#9331 = DIRECTION('',(0.,0.,1.));
#9332 = ORIENTED_EDGE('',*,*,#8855,.F.);
#9333 = ORIENTED_EDGE('',*,*,#9324,.T.);
#9334 = ORIENTED_EDGE('',*,*,#9335,.T.);
#9335 = EDGE_CURVE('',#9325,#9325,#9336,.T.);
#9336 = CIRCLE('',#9337,1.95);
#9337 = AXIS2_PLACEMENT_3D('',#9338,#9339,#9340);
#9338 = CARTESIAN_POINT('',(92.8,112.,-5.));
#9339 = DIRECTION('',(1.,0.,-0.));
#9340 = DIRECTION('',(0.,0.,1.));
#9341 = TOROIDAL_SURFACE('',#9342,1.95,0.7);
#9342 = AXIS2_PLACEMENT_3D('',#9343,#9344,#9345);
#9343 = CARTESIAN_POINT('',(92.1,112.,-5.));
#9344 = DIRECTION('',(-1.,0.,0.));
#9345 = DIRECTION('',(0.,0.,1.));
#9346 = ADVANCED_FACE('',(#9347),#9352,.T.);
#9347 = FACE_BOUND('',#9348,.F.);
#9348 = EDGE_LOOP('',(#9349,#9350,#9351));
#9349 = ORIENTED_EDGE('',*,*,#8908,.F.);
#9350 = ORIENTED_EDGE('',*,*,#8959,.T.);
#9351 = ORIENTED_EDGE('',*,*,#8874,.F.);
#9352 = SPHERICAL_SURFACE('',#9353,0.7);
#9353 = AXIS2_PLACEMENT_3D('',#9354,#9355,#9356);
#9354 = CARTESIAN_POINT('',(102.3,102.7,-25.3));
#9355 = DIRECTION('',(-1.,0.,0.));
#9356 = DIRECTION('',(0.,-1.,0.));
#9357 = ADVANCED_FACE('',(#9358),#9363,.T.);
#9358 = FACE_BOUND('',#9359,.F.);
#9359 = EDGE_LOOP('',(#9360,#9361,#9362));
#9360 = ORIENTED_EDGE('',*,*,#8892,.F.);
#9361 = ORIENTED_EDGE('',*,*,#9008,.T.);
#9362 = ORIENTED_EDGE('',*,*,#8925,.F.);
#9363 = SPHERICAL_SURFACE('',#9364,0.7);
#9364 = AXIS2_PLACEMENT_3D('',#9365,#9366,#9367);
#9365 = CARTESIAN_POINT('',(102.3,102.7,3.3));
#9366 = DIRECTION('',(-0.,-0.,-1.));
#9367 = DIRECTION('',(0.,-1.,0.));
#9368 = ADVANCED_FACE('',(#9369),#9375,.T.);
#9369 = FACE_BOUND('',#9370,.T.);
#9370 = EDGE_LOOP('',(#9371,#9372,#9373,#9374));
#9371 = ORIENTED_EDGE('',*,*,#8917,.F.);
#9372 = ORIENTED_EDGE('',*,*,#8966,.T.);
#9373 = ORIENTED_EDGE('',*,*,#9046,.T.);
#9374 = ORIENTED_EDGE('',*,*,#9015,.F.);
#9375 = PLANE('',#9376);
#9376 = AXIS2_PLACEMENT_3D('',#9377,#9378,#9379);
#9377 = CARTESIAN_POINT('',(103.,102.,-26.));
#9378 = DIRECTION('',(1.,0.,0.));
#9379 = DIRECTION('',(0.,0.,1.));
#9380 = ADVANCED_FACE('',(#9381),#9386,.T.);
#9381 = FACE_BOUND('',#9382,.F.);
#9382 = EDGE_LOOP('',(#9383,#9384,#9385));
#9383 = ORIENTED_EDGE('',*,*,#8974,.F.);
#9384 = ORIENTED_EDGE('',*,*,#9039,.T.);
#9385 = ORIENTED_EDGE('',*,*,#8943,.F.);
#9386 = SPHERICAL_SURFACE('',#9387,0.7);
#9387 = AXIS2_PLACEMENT_3D('',#9388,#9389,#9390);
#9388 = CARTESIAN_POINT('',(102.3,144.3,-25.3));
#9389 = DIRECTION('',(-1.,0.,0.));
#9390 = DIRECTION('',(0.,0.,-1.));
#9391 = ADVANCED_FACE('',(#9392),#9397,.T.);
#9392 = FACE_BOUND('',#9393,.T.);
#9393 = EDGE_LOOP('',(#9394,#9395,#9396));
#9394 = ORIENTED_EDGE('',*,*,#9023,.F.);
#9395 = ORIENTED_EDGE('',*,*,#9052,.T.);
#9396 = ORIENTED_EDGE('',*,*,#8992,.F.);
#9397 = SPHERICAL_SURFACE('',#9398,0.7);
#9398 = AXIS2_PLACEMENT_3D('',#9399,#9400,#9401);
#9399 = CARTESIAN_POINT('',(102.3,144.3,3.3));
#9400 = DIRECTION('',(-1.,0.,0.));
#9401 = DIRECTION('',(0.,0.,1.));
#9402 = ADVANCED_FACE('',(#9403,#9428,#9431,#9434),#9437,.T.);
#9403 = FACE_BOUND('',#9404,.T.);
#9404 = EDGE_LOOP('',(#9405,#9406,#9414,#9422));
#9405 = ORIENTED_EDGE('',*,*,#9077,.T.);
#9406 = ORIENTED_EDGE('',*,*,#9407,.F.);
#9407 = EDGE_CURVE('',#9408,#9078,#9410,.T.);
#9408 = VERTEX_POINT('',#9409);
#9409 = CARTESIAN_POINT('',(92.8,104.5,1.5));
#9410 = LINE('',#9411,#9412);
#9411 = CARTESIAN_POINT('',(92.8,103.8,1.5));
#9412 = VECTOR('',#9413,1.);
#9413 = DIRECTION('',(0.,1.,0.));
#9414 = ORIENTED_EDGE('',*,*,#9415,.F.);
#9415 = EDGE_CURVE('',#9416,#9408,#9418,.T.);
#9416 = VERTEX_POINT('',#9417);
#9417 = CARTESIAN_POINT('',(92.8,104.5,-23.5));
#9418 = LINE('',#9419,#9420);
#9419 = CARTESIAN_POINT('',(92.8,104.5,-24.2));
#9420 = VECTOR('',#9421,1.);
#9421 = DIRECTION('',(0.,0.,1.));
#9422 = ORIENTED_EDGE('',*,*,#9423,.T.);
#9423 = EDGE_CURVE('',#9416,#9069,#9424,.T.);
#9424 = LINE('',#9425,#9426);
#9425 = CARTESIAN_POINT('',(92.8,103.8,-23.5));
#9426 = VECTOR('',#9427,1.);
#9427 = DIRECTION('',(0.,1.,0.));
#9428 = FACE_BOUND('',#9429,.T.);
#9429 = EDGE_LOOP('',(#9430));
#9430 = ORIENTED_EDGE('',*,*,#9283,.F.);
#9431 = FACE_BOUND('',#9432,.T.);
#9432 = EDGE_LOOP('',(#9433));
#9433 = ORIENTED_EDGE('',*,*,#9309,.F.);
#9434 = FACE_BOUND('',#9435,.T.);
#9435 = EDGE_LOOP('',(#9436));
#9436 = ORIENTED_EDGE('',*,*,#9335,.F.);
#9437 = PLANE('',#9438);
#9438 = AXIS2_PLACEMENT_3D('',#9439,#9440,#9441);
#9439 = CARTESIAN_POINT('',(92.8,103.8,-24.2));
#9440 = DIRECTION('',(1.,0.,0.));
#9441 = DIRECTION('',(0.,0.,1.));
#9442 = ADVANCED_FACE('',(#9443),#9462,.F.);
#9443 = FACE_BOUND('',#9444,.T.);
#9444 = EDGE_LOOP('',(#9445,#9454,#9460,#9461));
#9445 = ORIENTED_EDGE('',*,*,#9446,.F.);
#9446 = EDGE_CURVE('',#9447,#9416,#9449,.T.);
#9447 = VERTEX_POINT('',#9448);
#9448 = CARTESIAN_POINT('',(93.5,104.5,-24.2));
#9449 = CIRCLE('',#9450,0.7);
#9450 = AXIS2_PLACEMENT_3D('',#9451,#9452,#9453);
#9451 = CARTESIAN_POINT('',(93.5,104.5,-23.5));
#9452 = DIRECTION('',(0.,1.,-0.));
#9453 = DIRECTION('',(-1.,0.,0.));
#9454 = ORIENTED_EDGE('',*,*,#9455,.T.);
#9455 = EDGE_CURVE('',#9447,#9104,#9456,.T.);
#9456 = LINE('',#9457,#9458);
#9457 = CARTESIAN_POINT('',(93.5,103.8,-24.2));
#9458 = VECTOR('',#9459,1.);
#9459 = DIRECTION('',(0.,1.,0.));
#9460 = ORIENTED_EDGE('',*,*,#9112,.F.);
#9461 = ORIENTED_EDGE('',*,*,#9423,.F.);
#9462 = CYLINDRICAL_SURFACE('',#9463,0.7);
#9463 = AXIS2_PLACEMENT_3D('',#9464,#9465,#9466);
#9464 = CARTESIAN_POINT('',(93.5,103.8,-23.5));
#9465 = DIRECTION('',(0.,1.,0.));
#9466 = DIRECTION('',(-1.,0.,0.));
#9467 = ADVANCED_FACE('',(#9468),#9487,.F.);
#9468 = FACE_BOUND('',#9469,.F.);
#9469 = EDGE_LOOP('',(#9470,#9479,#9485,#9486));
#9470 = ORIENTED_EDGE('',*,*,#9471,.F.);
#9471 = EDGE_CURVE('',#9472,#9408,#9474,.T.);
#9472 = VERTEX_POINT('',#9473);
#9473 = CARTESIAN_POINT('',(93.5,104.5,2.2));
#9474 = CIRCLE('',#9475,0.7);
#9475 = AXIS2_PLACEMENT_3D('',#9476,#9477,#9478);
#9476 = CARTESIAN_POINT('',(93.5,104.5,1.5));
#9477 = DIRECTION('',(0.,-1.,0.));
#9478 = DIRECTION('',(-1.,0.,0.));
#9479 = ORIENTED_EDGE('',*,*,#9480,.T.);
#9480 = EDGE_CURVE('',#9472,#9130,#9481,.T.);
#9481 = LINE('',#9482,#9483);
#9482 = CARTESIAN_POINT('',(93.5,103.8,2.2));
#9483 = VECTOR('',#9484,1.);
#9484 = DIRECTION('',(0.,1.,0.));
#9485 = ORIENTED_EDGE('',*,*,#9138,.F.);
#9486 = ORIENTED_EDGE('',*,*,#9407,.F.);
#9487 = CYLINDRICAL_SURFACE('',#9488,0.7);
#9488 = AXIS2_PLACEMENT_3D('',#9489,#9490,#9491);
#9489 = CARTESIAN_POINT('',(93.5,103.8,1.5));
#9490 = DIRECTION('',(0.,1.,0.));
#9491 = DIRECTION('',(-1.,0.,0.));
#9492 = ADVANCED_FACE('',(#9493),#9511,.T.);
#9493 = FACE_BOUND('',#9494,.T.);
#9494 = EDGE_LOOP('',(#9495,#9496,#9497,#9505));
#9495 = ORIENTED_EDGE('',*,*,#9154,.F.);
#9496 = ORIENTED_EDGE('',*,*,#9455,.F.);
#9497 = ORIENTED_EDGE('',*,*,#9498,.T.);
#9498 = EDGE_CURVE('',#9447,#9499,#9501,.T.);
#9499 = VERTEX_POINT('',#9500);
#9500 = CARTESIAN_POINT('',(100.5,104.5,-24.2));
#9501 = LINE('',#9502,#9503);
#9502 = CARTESIAN_POINT('',(92.8,104.5,-24.2));
#9503 = VECTOR('',#9504,1.);
#9504 = DIRECTION('',(1.,0.,0.));
#9505 = ORIENTED_EDGE('',*,*,#9506,.T.);
#9506 = EDGE_CURVE('',#9499,#9155,#9507,.T.);
#9507 = LINE('',#9508,#9509);
#9508 = CARTESIAN_POINT('',(100.5,103.8,-24.2));
#9509 = VECTOR('',#9510,1.);
#9510 = DIRECTION('',(0.,1.,0.));
#9511 = PLANE('',#9512);
#9512 = AXIS2_PLACEMENT_3D('',#9513,#9514,#9515);
#9513 = CARTESIAN_POINT('',(92.8,103.8,-24.2));
#9514 = DIRECTION('',(0.,0.,1.));
#9515 = DIRECTION('',(1.,0.,0.));
#9516 = ADVANCED_FACE('',(#9517),#9535,.F.);
#9517 = FACE_BOUND('',#9518,.F.);
#9518 = EDGE_LOOP('',(#9519,#9520,#9521,#9529));
#9519 = ORIENTED_EDGE('',*,*,#9179,.F.);
#9520 = ORIENTED_EDGE('',*,*,#9480,.F.);
#9521 = ORIENTED_EDGE('',*,*,#9522,.T.);
#9522 = EDGE_CURVE('',#9472,#9523,#9525,.T.);
#9523 = VERTEX_POINT('',#9524);
#9524 = CARTESIAN_POINT('',(100.5,104.5,2.2));
#9525 = LINE('',#9526,#9527);
#9526 = CARTESIAN_POINT('',(92.8,104.5,2.2));
#9527 = VECTOR('',#9528,1.);
#9528 = DIRECTION('',(1.,0.,0.));
#9529 = ORIENTED_EDGE('',*,*,#9530,.T.);
#9530 = EDGE_CURVE('',#9523,#9180,#9531,.T.);
#9531 = LINE('',#9532,#9533);
#9532 = CARTESIAN_POINT('',(100.5,103.8,2.2));
#9533 = VECTOR('',#9534,1.);
#9534 = DIRECTION('',(0.,1.,0.));
#9535 = PLANE('',#9536);
#9536 = AXIS2_PLACEMENT_3D('',#9537,#9538,#9539);
#9537 = CARTESIAN_POINT('',(92.8,103.8,2.2));
#9538 = DIRECTION('',(0.,0.,1.));
#9539 = DIRECTION('',(1.,0.,0.));
#9540 = ADVANCED_FACE('',(#9541),#9560,.F.);
#9541 = FACE_BOUND('',#9542,.F.);
#9542 = EDGE_LOOP('',(#9543,#9552,#9553,#9554));
#9543 = ORIENTED_EDGE('',*,*,#9544,.F.);
#9544 = EDGE_CURVE('',#9499,#9545,#9547,.T.);
#9545 = VERTEX_POINT('',#9546);
#9546 = CARTESIAN_POINT('',(101.2,104.5,-23.5));
#9547 = CIRCLE('',#9548,0.7);
#9548 = AXIS2_PLACEMENT_3D('',#9549,#9550,#9551);
#9549 = CARTESIAN_POINT('',(100.5,104.5,-23.5));
#9550 = DIRECTION('',(0.,-1.,0.));
#9551 = DIRECTION('',(1.,0.,0.));
#9552 = ORIENTED_EDGE('',*,*,#9506,.T.);
#9553 = ORIENTED_EDGE('',*,*,#9214,.F.);
#9554 = ORIENTED_EDGE('',*,*,#9555,.F.);
#9555 = EDGE_CURVE('',#9545,#9204,#9556,.T.);
#9556 = LINE('',#9557,#9558);
#9557 = CARTESIAN_POINT('',(101.2,103.8,-23.5));
#9558 = VECTOR('',#9559,1.);
#9559 = DIRECTION('',(0.,1.,0.));
#9560 = CYLINDRICAL_SURFACE('',#9561,0.7);
#9561 = AXIS2_PLACEMENT_3D('',#9562,#9563,#9564);
#9562 = CARTESIAN_POINT('',(100.5,103.8,-23.5));
#9563 = DIRECTION('',(0.,1.,0.));
#9564 = DIRECTION('',(1.,0.,0.));
#9565 = ADVANCED_FACE('',(#9566),#9585,.F.);
#9566 = FACE_BOUND('',#9567,.F.);
#9567 = EDGE_LOOP('',(#9568,#9569,#9578,#9584));
#9568 = ORIENTED_EDGE('',*,*,#9530,.F.);
#9569 = ORIENTED_EDGE('',*,*,#9570,.T.);
#9570 = EDGE_CURVE('',#9523,#9571,#9573,.T.);
#9571 = VERTEX_POINT('',#9572);
#9572 = CARTESIAN_POINT('',(101.2,104.5,1.5));
#9573 = CIRCLE('',#9574,0.7);
#9574 = AXIS2_PLACEMENT_3D('',#9575,#9576,#9577);
#9575 = CARTESIAN_POINT('',(100.5,104.5,1.5));
#9576 = DIRECTION('',(0.,1.,0.));
#9577 = DIRECTION('',(0.,0.,1.));
#9578 = ORIENTED_EDGE('',*,*,#9579,.T.);
#9579 = EDGE_CURVE('',#9571,#9232,#9580,.T.);
#9580 = LINE('',#9581,#9582);
#9581 = CARTESIAN_POINT('',(101.2,103.8,1.5));
#9582 = VECTOR('',#9583,1.);
#9583 = DIRECTION('',(0.,1.,0.));
#9584 = ORIENTED_EDGE('',*,*,#9240,.F.);
#9585 = CYLINDRICAL_SURFACE('',#9586,0.7);
#9586 = AXIS2_PLACEMENT_3D('',#9587,#9588,#9589);
#9587 = CARTESIAN_POINT('',(100.5,103.8,1.5));
#9588 = DIRECTION('',(0.,1.,0.));
#9589 = DIRECTION('',(0.,0.,1.));
#9590 = ADVANCED_FACE('',(#9591),#9602,.F.);
#9591 = FACE_BOUND('',#9592,.F.);
#9592 = EDGE_LOOP('',(#9593,#9594,#9595,#9601));
#9593 = ORIENTED_EDGE('',*,*,#9256,.T.);
#9594 = ORIENTED_EDGE('',*,*,#9579,.F.);
#9595 = ORIENTED_EDGE('',*,*,#9596,.F.);
#9596 = EDGE_CURVE('',#9545,#9571,#9597,.T.);
#9597 = LINE('',#9598,#9599);
#9598 = CARTESIAN_POINT('',(101.2,104.5,-24.2));
#9599 = VECTOR('',#9600,1.);
#9600 = DIRECTION('',(0.,0.,1.));
#9601 = ORIENTED_EDGE('',*,*,#9555,.T.);
#9602 = PLANE('',#9603);
#9603 = AXIS2_PLACEMENT_3D('',#9604,#9605,#9606);
#9604 = CARTESIAN_POINT('',(101.2,103.8,-24.2));
#9605 = DIRECTION('',(1.,0.,0.));
#9606 = DIRECTION('',(0.,0.,1.));
#9607 = ADVANCED_FACE('',(#9608),#9635,.F.);
#9608 = FACE_BOUND('',#9609,.F.);
#9609 = EDGE_LOOP('',(#9610,#9611,#9620,#9628));
#9610 = ORIENTED_EDGE('',*,*,#9415,.F.);
#9611 = ORIENTED_EDGE('',*,*,#9612,.T.);
#9612 = EDGE_CURVE('',#9416,#9613,#9615,.T.);
#9613 = VERTEX_POINT('',#9614);
#9614 = CARTESIAN_POINT('',(93.5,103.8,-23.5));
#9615 = CIRCLE('',#9616,0.7);
#9616 = AXIS2_PLACEMENT_3D('',#9617,#9618,#9619);
#9617 = CARTESIAN_POINT('',(93.5,104.5,-23.5));
#9618 = DIRECTION('',(0.,0.,1.));
#9619 = DIRECTION('',(-1.,0.,0.));
#9620 = ORIENTED_EDGE('',*,*,#9621,.T.);
#9621 = EDGE_CURVE('',#9613,#9622,#9624,.T.);
#9622 = VERTEX_POINT('',#9623);
#9623 = CARTESIAN_POINT('',(93.5,103.8,1.5));
#9624 = LINE('',#9625,#9626);
#9625 = CARTESIAN_POINT('',(93.5,103.8,-24.2));
#9626 = VECTOR('',#9627,1.);
#9627 = DIRECTION('',(0.,0.,1.));
#9628 = ORIENTED_EDGE('',*,*,#9629,.F.);
#9629 = EDGE_CURVE('',#9408,#9622,#9630,.T.);
#9630 = CIRCLE('',#9631,0.7);
#9631 = AXIS2_PLACEMENT_3D('',#9632,#9633,#9634);
#9632 = CARTESIAN_POINT('',(93.5,104.5,1.5));
#9633 = DIRECTION('',(0.,0.,1.));
#9634 = DIRECTION('',(-1.,0.,0.));
#9635 = CYLINDRICAL_SURFACE('',#9636,0.7);
#9636 = AXIS2_PLACEMENT_3D('',#9637,#9638,#9639);
#9637 = CARTESIAN_POINT('',(93.5,104.5,-24.2));
#9638 = DIRECTION('',(0.,0.,1.));
#9639 = DIRECTION('',(-1.,0.,0.));
#9640 = ADVANCED_FACE('',(#9641),#9652,.F.);
#9641 = FACE_BOUND('',#9642,.F.);
#9642 = EDGE_LOOP('',(#9643,#9644,#9651));
#9643 = ORIENTED_EDGE('',*,*,#9446,.F.);
#9644 = ORIENTED_EDGE('',*,*,#9645,.T.);
#9645 = EDGE_CURVE('',#9447,#9613,#9646,.T.);
#9646 = CIRCLE('',#9647,0.7);
#9647 = AXIS2_PLACEMENT_3D('',#9648,#9649,#9650);
#9648 = CARTESIAN_POINT('',(93.5,104.5,-23.5));
#9649 = DIRECTION('',(-1.,6.123233995737E-17,0.));
#9650 = DIRECTION('',(-6.123233995737E-17,-1.,0.));
#9651 = ORIENTED_EDGE('',*,*,#9612,.F.);
#9652 = SPHERICAL_SURFACE('',#9653,0.7);
#9653 = AXIS2_PLACEMENT_3D('',#9654,#9655,#9656);
#9654 = CARTESIAN_POINT('',(93.5,104.5,-23.5));
#9655 = DIRECTION('',(0.,0.,1.));
#9656 = DIRECTION('',(-1.,0.,0.));
#9657 = ADVANCED_FACE('',(#9658),#9669,.F.);
#9658 = FACE_BOUND('',#9659,.T.);
#9659 = EDGE_LOOP('',(#9660,#9661,#9668));
#9660 = ORIENTED_EDGE('',*,*,#9471,.F.);
#9661 = ORIENTED_EDGE('',*,*,#9662,.T.);
#9662 = EDGE_CURVE('',#9472,#9622,#9663,.T.);
#9663 = CIRCLE('',#9664,0.7);
#9664 = AXIS2_PLACEMENT_3D('',#9665,#9666,#9667);
#9665 = CARTESIAN_POINT('',(93.5,104.5,1.5));
#9666 = DIRECTION('',(1.,-6.123233995737E-17,0.));
#9667 = DIRECTION('',(-6.123233995737E-17,-1.,0.));
#9668 = ORIENTED_EDGE('',*,*,#9629,.F.);
#9669 = SPHERICAL_SURFACE('',#9670,0.7);
#9670 = AXIS2_PLACEMENT_3D('',#9671,#9672,#9673);
#9671 = CARTESIAN_POINT('',(93.5,104.5,1.5));
#9672 = DIRECTION('',(-0.,-0.,-1.));
#9673 = DIRECTION('',(-1.,0.,0.));
#9674 = ADVANCED_FACE('',(#9675),#9694,.F.);
#9675 = FACE_BOUND('',#9676,.T.);
#9676 = EDGE_LOOP('',(#9677,#9678,#9686,#9693));
#9677 = ORIENTED_EDGE('',*,*,#9645,.T.);
#9678 = ORIENTED_EDGE('',*,*,#9679,.T.);
#9679 = EDGE_CURVE('',#9613,#9680,#9682,.T.);
#9680 = VERTEX_POINT('',#9681);
#9681 = CARTESIAN_POINT('',(100.5,103.8,-23.5));
#9682 = LINE('',#9683,#9684);
#9683 = CARTESIAN_POINT('',(92.8,103.8,-23.5));
#9684 = VECTOR('',#9685,1.);
#9685 = DIRECTION('',(1.,0.,0.));
#9686 = ORIENTED_EDGE('',*,*,#9687,.F.);
#9687 = EDGE_CURVE('',#9499,#9680,#9688,.T.);
#9688 = CIRCLE('',#9689,0.7);
#9689 = AXIS2_PLACEMENT_3D('',#9690,#9691,#9692);
#9690 = CARTESIAN_POINT('',(100.5,104.5,-23.5));
#9691 = DIRECTION('',(-1.,-6.123233995737E-17,0.));
#9692 = DIRECTION('',(6.123233995737E-17,-1.,0.));
#9693 = ORIENTED_EDGE('',*,*,#9498,.F.);
#9694 = CYLINDRICAL_SURFACE('',#9695,0.7);
#9695 = AXIS2_PLACEMENT_3D('',#9696,#9697,#9698);
#9696 = CARTESIAN_POINT('',(92.8,104.5,-23.5));
#9697 = DIRECTION('',(1.,0.,0.));
#9698 = DIRECTION('',(0.,0.,-1.));
#9699 = ADVANCED_FACE('',(#9700),#9719,.F.);
#9700 = FACE_BOUND('',#9701,.F.);
#9701 = EDGE_LOOP('',(#9702,#9703,#9711,#9718));
#9702 = ORIENTED_EDGE('',*,*,#9662,.T.);
#9703 = ORIENTED_EDGE('',*,*,#9704,.T.);
#9704 = EDGE_CURVE('',#9622,#9705,#9707,.T.);
#9705 = VERTEX_POINT('',#9706);
#9706 = CARTESIAN_POINT('',(100.5,103.8,1.5));
#9707 = LINE('',#9708,#9709);
#9708 = CARTESIAN_POINT('',(92.8,103.8,1.5));
#9709 = VECTOR('',#9710,1.);
#9710 = DIRECTION('',(1.,0.,0.));
#9711 = ORIENTED_EDGE('',*,*,#9712,.T.);
#9712 = EDGE_CURVE('',#9705,#9523,#9713,.T.);
#9713 = CIRCLE('',#9714,0.7);
#9714 = AXIS2_PLACEMENT_3D('',#9715,#9716,#9717);
#9715 = CARTESIAN_POINT('',(100.5,104.5,1.5));
#9716 = DIRECTION('',(-1.,0.,0.));
#9717 = DIRECTION('',(0.,0.,1.));
#9718 = ORIENTED_EDGE('',*,*,#9522,.F.);
#9719 = CYLINDRICAL_SURFACE('',#9720,0.7);
#9720 = AXIS2_PLACEMENT_3D('',#9721,#9722,#9723);
#9721 = CARTESIAN_POINT('',(92.8,104.5,1.5));
#9722 = DIRECTION('',(1.,0.,0.));
#9723 = DIRECTION('',(0.,0.,1.));
#9724 = ADVANCED_FACE('',(#9725),#9736,.F.);
#9725 = FACE_BOUND('',#9726,.T.);
#9726 = EDGE_LOOP('',(#9727,#9728,#9729));
#9727 = ORIENTED_EDGE('',*,*,#9544,.F.);
#9728 = ORIENTED_EDGE('',*,*,#9687,.T.);
#9729 = ORIENTED_EDGE('',*,*,#9730,.F.);
#9730 = EDGE_CURVE('',#9545,#9680,#9731,.T.);
#9731 = CIRCLE('',#9732,0.7);
#9732 = AXIS2_PLACEMENT_3D('',#9733,#9734,#9735);
#9733 = CARTESIAN_POINT('',(100.5,104.5,-23.5));
#9734 = DIRECTION('',(0.,0.,-1.));
#9735 = DIRECTION('',(1.,0.,0.));
#9736 = SPHERICAL_SURFACE('',#9737,0.7);
#9737 = AXIS2_PLACEMENT_3D('',#9738,#9739,#9740);
#9738 = CARTESIAN_POINT('',(100.5,104.5,-23.5));
#9739 = DIRECTION('',(0.,0.,1.));
#9740 = DIRECTION('',(1.,0.,0.));
#9741 = ADVANCED_FACE('',(#9742),#9753,.F.);
#9742 = FACE_BOUND('',#9743,.F.);
#9743 = EDGE_LOOP('',(#9744,#9745,#9752));
#9744 = ORIENTED_EDGE('',*,*,#9712,.F.);
#9745 = ORIENTED_EDGE('',*,*,#9746,.T.);
#9746 = EDGE_CURVE('',#9705,#9571,#9747,.T.);
#9747 = CIRCLE('',#9748,0.7);
#9748 = AXIS2_PLACEMENT_3D('',#9749,#9750,#9751);
#9749 = CARTESIAN_POINT('',(100.5,104.5,1.5));
#9750 = DIRECTION('',(-2.832769448824E-16,0.,1.));
#9751 = DIRECTION('',(1.,0.,2.832769448824E-16));
#9752 = ORIENTED_EDGE('',*,*,#9570,.F.);
#9753 = SPHERICAL_SURFACE('',#9754,0.7);
#9754 = AXIS2_PLACEMENT_3D('',#9755,#9756,#9757);
#9755 = CARTESIAN_POINT('',(100.5,104.5,1.5));
#9756 = DIRECTION('',(0.,1.,0.));
#9757 = DIRECTION('',(0.,0.,1.));
#9758 = ADVANCED_FACE('',(#9759),#9770,.F.);
#9759 = FACE_BOUND('',#9760,.T.);
#9760 = EDGE_LOOP('',(#9761,#9762,#9763,#9769));
#9761 = ORIENTED_EDGE('',*,*,#9596,.F.);
#9762 = ORIENTED_EDGE('',*,*,#9730,.T.);
#9763 = ORIENTED_EDGE('',*,*,#9764,.T.);
#9764 = EDGE_CURVE('',#9680,#9705,#9765,.T.);
#9765 = LINE('',#9766,#9767);
#9766 = CARTESIAN_POINT('',(100.5,103.8,-24.2));
#9767 = VECTOR('',#9768,1.);
#9768 = DIRECTION('',(0.,0.,1.));
#9769 = ORIENTED_EDGE('',*,*,#9746,.T.);
#9770 = CYLINDRICAL_SURFACE('',#9771,0.7);
#9771 = AXIS2_PLACEMENT_3D('',#9772,#9773,#9774);
#9772 = CARTESIAN_POINT('',(100.5,104.5,-24.2));
#9773 = DIRECTION('',(0.,0.,1.));
#9774 = DIRECTION('',(1.,0.,0.));
#9775 = ADVANCED_FACE('',(#9776),#9782,.T.);
#9776 = FACE_BOUND('',#9777,.T.);
#9777 = EDGE_LOOP('',(#9778,#9779,#9780,#9781));
#9778 = ORIENTED_EDGE('',*,*,#9621,.T.);
#9779 = ORIENTED_EDGE('',*,*,#9704,.T.);
#9780 = ORIENTED_EDGE('',*,*,#9764,.F.);
#9781 = ORIENTED_EDGE('',*,*,#9679,.F.);
#9782 = PLANE('',#9783);
#9783 = AXIS2_PLACEMENT_3D('',#9784,#9785,#9786);
#9784 = CARTESIAN_POINT('',(92.8,103.8,-24.2));
#9785 = DIRECTION('',(0.,1.,0.));
#9786 = DIRECTION('',(0.,0.,1.));
#9787 = MANIFOLD_SOLID_BREP('',#9788);
#9788 = CLOSED_SHELL('',(#9789,#9829,#9869,#9891,#9913,#9925));
#9789 = ADVANCED_FACE('',(#9790),#9824,.F.);
#9790 = FACE_BOUND('',#9791,.F.);
#9791 = EDGE_LOOP('',(#9792,#9802,#9810,#9818));
#9792 = ORIENTED_EDGE('',*,*,#9793,.F.);
#9793 = EDGE_CURVE('',#9794,#9796,#9798,.T.);
#9794 = VERTEX_POINT('',#9795);
#9795 = CARTESIAN_POINT('',(93.5,104.5,-23.5));
#9796 = VERTEX_POINT('',#9797);
#9797 = CARTESIAN_POINT('',(93.5,104.5,1.5));
#9798 = LINE('',#9799,#9800);
#9799 = CARTESIAN_POINT('',(93.5,104.5,-23.5));
#9800 = VECTOR('',#9801,1.);
#9801 = DIRECTION('',(0.,0.,1.));
#9802 = ORIENTED_EDGE('',*,*,#9803,.T.);
#9803 = EDGE_CURVE('',#9794,#9804,#9806,.T.);
#9804 = VERTEX_POINT('',#9805);
#9805 = CARTESIAN_POINT('',(93.5,142.5,-23.5));
#9806 = LINE('',#9807,#9808);
#9807 = CARTESIAN_POINT('',(93.5,104.5,-23.5));
#9808 = VECTOR('',#9809,1.);
#9809 = DIRECTION('',(0.,1.,0.));
#9810 = ORIENTED_EDGE('',*,*,#9811,.T.);
#9811 = EDGE_CURVE('',#9804,#9812,#9814,.T.);
#9812 = VERTEX_POINT('',#9813);
#9813 = CARTESIAN_POINT('',(93.5,142.5,1.5));
#9814 = LINE('',#9815,#9816);
#9815 = CARTESIAN_POINT('',(93.5,142.5,-23.5));
#9816 = VECTOR('',#9817,1.);
#9817 = DIRECTION('',(0.,0.,1.));
#9818 = ORIENTED_EDGE('',*,*,#9819,.F.);
#9819 = EDGE_CURVE('',#9796,#9812,#9820,.T.);
#9820 = LINE('',#9821,#9822);
#9821 = CARTESIAN_POINT('',(93.5,104.5,1.5));
#9822 = VECTOR('',#9823,1.);
#9823 = DIRECTION('',(0.,1.,0.));
#9824 = PLANE('',#9825);
#9825 = AXIS2_PLACEMENT_3D('',#9826,#9827,#9828);
#9826 = CARTESIAN_POINT('',(93.5,104.5,-23.5));
#9827 = DIRECTION('',(1.,0.,0.));
#9828 = DIRECTION('',(0.,0.,1.));
#9829 = ADVANCED_FACE('',(#9830),#9864,.T.);
#9830 = FACE_BOUND('',#9831,.T.);
#9831 = EDGE_LOOP('',(#9832,#9842,#9850,#9858));
#9832 = ORIENTED_EDGE('',*,*,#9833,.F.);
#9833 = EDGE_CURVE('',#9834,#9836,#9838,.T.);
#9834 = VERTEX_POINT('',#9835);
#9835 = CARTESIAN_POINT('',(100.5,104.5,-23.5));
#9836 = VERTEX_POINT('',#9837);
#9837 = CARTESIAN_POINT('',(100.5,104.5,1.5));
#9838 = LINE('',#9839,#9840);
#9839 = CARTESIAN_POINT('',(100.5,104.5,-23.5));
#9840 = VECTOR('',#9841,1.);
#9841 = DIRECTION('',(0.,0.,1.));
#9842 = ORIENTED_EDGE('',*,*,#9843,.T.);
#9843 = EDGE_CURVE('',#9834,#9844,#9846,.T.);
#9844 = VERTEX_POINT('',#9845);
#9845 = CARTESIAN_POINT('',(100.5,142.5,-23.5));
#9846 = LINE('',#9847,#9848);
#9847 = CARTESIAN_POINT('',(100.5,104.5,-23.5));
#9848 = VECTOR('',#9849,1.);
#9849 = DIRECTION('',(0.,1.,0.));
#9850 = ORIENTED_EDGE('',*,*,#9851,.T.);
#9851 = EDGE_CURVE('',#9844,#9852,#9854,.T.);
#9852 = VERTEX_POINT('',#9853);
#9853 = CARTESIAN_POINT('',(100.5,142.5,1.5));
#9854 = LINE('',#9855,#9856);
#9855 = CARTESIAN_POINT('',(100.5,142.5,-23.5));
#9856 = VECTOR('',#9857,1.);
#9857 = DIRECTION('',(0.,0.,1.));
#9858 = ORIENTED_EDGE('',*,*,#9859,.F.);
#9859 = EDGE_CURVE('',#9836,#9852,#9860,.T.);
#9860 = LINE('',#9861,#9862);
#9861 = CARTESIAN_POINT('',(100.5,104.5,1.5));
#9862 = VECTOR('',#9863,1.);
#9863 = DIRECTION('',(0.,1.,0.));
#9864 = PLANE('',#9865);
#9865 = AXIS2_PLACEMENT_3D('',#9866,#9867,#9868);
#9866 = CARTESIAN_POINT('',(100.5,104.5,-23.5));
#9867 = DIRECTION('',(1.,0.,0.));
#9868 = DIRECTION('',(0.,0.,1.));
#9869 = ADVANCED_FACE('',(#9870),#9886,.F.);
#9870 = FACE_BOUND('',#9871,.F.);
#9871 = EDGE_LOOP('',(#9872,#9878,#9879,#9885));
#9872 = ORIENTED_EDGE('',*,*,#9873,.F.);
#9873 = EDGE_CURVE('',#9794,#9834,#9874,.T.);
#9874 = LINE('',#9875,#9876);
#9875 = CARTESIAN_POINT('',(93.5,104.5,-23.5));
#9876 = VECTOR('',#9877,1.);
#9877 = DIRECTION('',(1.,0.,0.));
#9878 = ORIENTED_EDGE('',*,*,#9793,.T.);
#9879 = ORIENTED_EDGE('',*,*,#9880,.T.);
#9880 = EDGE_CURVE('',#9796,#9836,#9881,.T.);
#9881 = LINE('',#9882,#9883);
#9882 = CARTESIAN_POINT('',(93.5,104.5,1.5));
#9883 = VECTOR('',#9884,1.);
#9884 = DIRECTION('',(1.,0.,0.));
#9885 = ORIENTED_EDGE('',*,*,#9833,.F.);
#9886 = PLANE('',#9887);
#9887 = AXIS2_PLACEMENT_3D('',#9888,#9889,#9890);
#9888 = CARTESIAN_POINT('',(93.5,104.5,-23.5));
#9889 = DIRECTION('',(0.,1.,0.));
#9890 = DIRECTION('',(0.,0.,1.));
#9891 = ADVANCED_FACE('',(#9892),#9908,.T.);
#9892 = FACE_BOUND('',#9893,.T.);
#9893 = EDGE_LOOP('',(#9894,#9900,#9901,#9907));
#9894 = ORIENTED_EDGE('',*,*,#9895,.F.);
#9895 = EDGE_CURVE('',#9804,#9844,#9896,.T.);
#9896 = LINE('',#9897,#9898);
#9897 = CARTESIAN_POINT('',(93.5,142.5,-23.5));
#9898 = VECTOR('',#9899,1.);
#9899 = DIRECTION('',(1.,0.,0.));
#9900 = ORIENTED_EDGE('',*,*,#9811,.T.);
#9901 = ORIENTED_EDGE('',*,*,#9902,.T.);
#9902 = EDGE_CURVE('',#9812,#9852,#9903,.T.);
#9903 = LINE('',#9904,#9905);
#9904 = CARTESIAN_POINT('',(93.5,142.5,1.5));
#9905 = VECTOR('',#9906,1.);
#9906 = DIRECTION('',(1.,0.,0.));
#9907 = ORIENTED_EDGE('',*,*,#9851,.F.);
#9908 = PLANE('',#9909);
#9909 = AXIS2_PLACEMENT_3D('',#9910,#9911,#9912);
#9910 = CARTESIAN_POINT('',(93.5,142.5,-23.5));
#9911 = DIRECTION('',(0.,1.,0.));
#9912 = DIRECTION('',(0.,0.,1.));
#9913 = ADVANCED_FACE('',(#9914),#9920,.F.);
#9914 = FACE_BOUND('',#9915,.F.);
#9915 = EDGE_LOOP('',(#9916,#9917,#9918,#9919));
#9916 = ORIENTED_EDGE('',*,*,#9803,.F.);
#9917 = ORIENTED_EDGE('',*,*,#9873,.T.);
#9918 = ORIENTED_EDGE('',*,*,#9843,.T.);
#9919 = ORIENTED_EDGE('',*,*,#9895,.F.);
#9920 = PLANE('',#9921);
#9921 = AXIS2_PLACEMENT_3D('',#9922,#9923,#9924);
#9922 = CARTESIAN_POINT('',(93.5,104.5,-23.5));
#9923 = DIRECTION('',(0.,0.,1.));
#9924 = DIRECTION('',(1.,0.,0.));
#9925 = ADVANCED_FACE('',(#9926),#9932,.T.);
#9926 = FACE_BOUND('',#9927,.T.);
#9927 = EDGE_LOOP('',(#9928,#9929,#9930,#9931));
#9928 = ORIENTED_EDGE('',*,*,#9819,.F.);
#9929 = ORIENTED_EDGE('',*,*,#9880,.T.);
#9930 = ORIENTED_EDGE('',*,*,#9859,.T.);
#9931 = ORIENTED_EDGE('',*,*,#9902,.F.);
#9932 = PLANE('',#9933);
#9933 = AXIS2_PLACEMENT_3D('',#9934,#9935,#9936);
#9934 = CARTESIAN_POINT('',(93.5,104.5,1.5));
#9935 = DIRECTION('',(0.,0.,1.));
#9936 = DIRECTION('',(1.,0.,0.));
#9937 = MANIFOLD_SOLID_BREP('',#9938);
#9938 = CLOSED_SHELL('',(#9939,#9979,#10019,#10041,#10063,#10075));
#9939 = ADVANCED_FACE('',(#9940),#9974,.F.);
#9940 = FACE_BOUND('',#9941,.F.);
#9941 = EDGE_LOOP('',(#9942,#9952,#9960,#9968));
#9942 = ORIENTED_EDGE('',*,*,#9943,.F.);
#9943 = EDGE_CURVE('',#9944,#9946,#9948,.T.);
#9944 = VERTEX_POINT('',#9945);
#9945 = CARTESIAN_POINT('',(92.,105.,22.));
#9946 = VERTEX_POINT('',#9947);
#9947 = CARTESIAN_POINT('',(92.,105.,23.2));
#9948 = LINE('',#9949,#9950);
#9949 = CARTESIAN_POINT('',(92.,105.,22.));
#9950 = VECTOR('',#9951,1.);
#9951 = DIRECTION('',(0.,0.,1.));
#9952 = ORIENTED_EDGE('',*,*,#9953,.T.);
#9953 = EDGE_CURVE('',#9944,#9954,#9956,.T.);
#9954 = VERTEX_POINT('',#9955);
#9955 = CARTESIAN_POINT('',(92.,140.,22.));
#9956 = LINE('',#9957,#9958);
#9957 = CARTESIAN_POINT('',(92.,105.,22.));
#9958 = VECTOR('',#9959,1.);
#9959 = DIRECTION('',(0.,1.,0.));
#9960 = ORIENTED_EDGE('',*,*,#9961,.T.);
#9961 = EDGE_CURVE('',#9954,#9962,#9964,.T.);
#9962 = VERTEX_POINT('',#9963);
#9963 = CARTESIAN_POINT('',(92.,140.,23.2));
#9964 = LINE('',#9965,#9966);
#9965 = CARTESIAN_POINT('',(92.,140.,22.));
#9966 = VECTOR('',#9967,1.);
#9967 = DIRECTION('',(0.,0.,1.));
#9968 = ORIENTED_EDGE('',*,*,#9969,.F.);
#9969 = EDGE_CURVE('',#9946,#9962,#9970,.T.);
#9970 = LINE('',#9971,#9972);
#9971 = CARTESIAN_POINT('',(92.,105.,23.2));
#9972 = VECTOR('',#9973,1.);
#9973 = DIRECTION('',(0.,1.,0.));
#9974 = PLANE('',#9975);
#9975 = AXIS2_PLACEMENT_3D('',#9976,#9977,#9978);
#9976 = CARTESIAN_POINT('',(92.,105.,22.));
#9977 = DIRECTION('',(1.,0.,0.));
#9978 = DIRECTION('',(0.,0.,1.));
#9979 = ADVANCED_FACE('',(#9980),#10014,.T.);
#9980 = FACE_BOUND('',#9981,.T.);
#9981 = EDGE_LOOP('',(#9982,#9992,#10000,#10008));
#9982 = ORIENTED_EDGE('',*,*,#9983,.F.);
#9983 = EDGE_CURVE('',#9984,#9986,#9988,.T.);
#9984 = VERTEX_POINT('',#9985);
#9985 = CARTESIAN_POINT('',(98.,105.,22.));
#9986 = VERTEX_POINT('',#9987);
#9987 = CARTESIAN_POINT('',(98.,105.,23.2));
#9988 = LINE('',#9989,#9990);
#9989 = CARTESIAN_POINT('',(98.,105.,22.));
#9990 = VECTOR('',#9991,1.);
#9991 = DIRECTION('',(0.,0.,1.));
#9992 = ORIENTED_EDGE('',*,*,#9993,.T.);
#9993 = EDGE_CURVE('',#9984,#9994,#9996,.T.);
#9994 = VERTEX_POINT('',#9995);
#9995 = CARTESIAN_POINT('',(98.,140.,22.));
#9996 = LINE('',#9997,#9998);
#9997 = CARTESIAN_POINT('',(98.,105.,22.));
#9998 = VECTOR('',#9999,1.);
#9999 = DIRECTION('',(0.,1.,0.));
#10000 = ORIENTED_EDGE('',*,*,#10001,.T.);
#10001 = EDGE_CURVE('',#9994,#10002,#10004,.T.);
#10002 = VERTEX_POINT('',#10003);
#10003 = CARTESIAN_POINT('',(98.,140.,23.2));
#10004 = LINE('',#10005,#10006);
#10005 = CARTESIAN_POINT('',(98.,140.,22.));
#10006 = VECTOR('',#10007,1.);
#10007 = DIRECTION('',(0.,0.,1.));
#10008 = ORIENTED_EDGE('',*,*,#10009,.F.);
#10009 = EDGE_CURVE('',#9986,#10002,#10010,.T.);
#10010 = LINE('',#10011,#10012);
#10011 = CARTESIAN_POINT('',(98.,105.,23.2));
#10012 = VECTOR('',#10013,1.);
#10013 = DIRECTION('',(0.,1.,0.));
#10014 = PLANE('',#10015);
#10015 = AXIS2_PLACEMENT_3D('',#10016,#10017,#10018);
#10016 = CARTESIAN_POINT('',(98.,105.,22.));
#10017 = DIRECTION('',(1.,0.,0.));
#10018 = DIRECTION('',(0.,0.,1.));
#10019 = ADVANCED_FACE('',(#10020),#10036,.F.);
#10020 = FACE_BOUND('',#10021,.F.);
#10021 = EDGE_LOOP('',(#10022,#10028,#10029,#10035));
#10022 = ORIENTED_EDGE('',*,*,#10023,.F.);
#10023 = EDGE_CURVE('',#9944,#9984,#10024,.T.);
#10024 = LINE('',#10025,#10026);
#10025 = CARTESIAN_POINT('',(92.,105.,22.));
#10026 = VECTOR('',#10027,1.);
#10027 = DIRECTION('',(1.,0.,0.));
#10028 = ORIENTED_EDGE('',*,*,#9943,.T.);
#10029 = ORIENTED_EDGE('',*,*,#10030,.T.);
#10030 = EDGE_CURVE('',#9946,#9986,#10031,.T.);
#10031 = LINE('',#10032,#10033);
#10032 = CARTESIAN_POINT('',(92.,105.,23.2));
#10033 = VECTOR('',#10034,1.);
#10034 = DIRECTION('',(1.,0.,0.));
#10035 = ORIENTED_EDGE('',*,*,#9983,.F.);
#10036 = PLANE('',#10037);
#10037 = AXIS2_PLACEMENT_3D('',#10038,#10039,#10040);
#10038 = CARTESIAN_POINT('',(92.,105.,22.));
#10039 = DIRECTION('',(0.,1.,0.));
#10040 = DIRECTION('',(0.,0.,1.));
#10041 = ADVANCED_FACE('',(#10042),#10058,.T.);
#10042 = FACE_BOUND('',#10043,.T.);
#10043 = EDGE_LOOP('',(#10044,#10050,#10051,#10057));
#10044 = ORIENTED_EDGE('',*,*,#10045,.F.);
#10045 = EDGE_CURVE('',#9954,#9994,#10046,.T.);
#10046 = LINE('',#10047,#10048);
#10047 = CARTESIAN_POINT('',(92.,140.,22.));
#10048 = VECTOR('',#10049,1.);
#10049 = DIRECTION('',(1.,0.,0.));
#10050 = ORIENTED_EDGE('',*,*,#9961,.T.);
#10051 = ORIENTED_EDGE('',*,*,#10052,.T.);
#10052 = EDGE_CURVE('',#9962,#10002,#10053,.T.);
#10053 = LINE('',#10054,#10055);
#10054 = CARTESIAN_POINT('',(92.,140.,23.2));
#10055 = VECTOR('',#10056,1.);
#10056 = DIRECTION('',(1.,0.,0.));
#10057 = ORIENTED_EDGE('',*,*,#10001,.F.);
#10058 = PLANE('',#10059);
#10059 = AXIS2_PLACEMENT_3D('',#10060,#10061,#10062);
#10060 = CARTESIAN_POINT('',(92.,140.,22.));
#10061 = DIRECTION('',(0.,1.,0.));
#10062 = DIRECTION('',(0.,0.,1.));
#10063 = ADVANCED_FACE('',(#10064),#10070,.F.);
#10064 = FACE_BOUND('',#10065,.F.);
#10065 = EDGE_LOOP('',(#10066,#10067,#10068,#10069));
#10066 = ORIENTED_EDGE('',*,*,#9953,.F.);
#10067 = ORIENTED_EDGE('',*,*,#10023,.T.);
#10068 = ORIENTED_EDGE('',*,*,#9993,.T.);
#10069 = ORIENTED_EDGE('',*,*,#10045,.F.);
#10070 = PLANE('',#10071);
#10071 = AXIS2_PLACEMENT_3D('',#10072,#10073,#10074);
#10072 = CARTESIAN_POINT('',(92.,105.,22.));
#10073 = DIRECTION('',(0.,0.,1.));
#10074 = DIRECTION('',(1.,0.,0.));
#10075 = ADVANCED_FACE('',(#10076),#10082,.T.);
#10076 = FACE_BOUND('',#10077,.T.);
#10077 = EDGE_LOOP('',(#10078,#10079,#10080,#10081));
#10078 = ORIENTED_EDGE('',*,*,#9969,.F.);
#10079 = ORIENTED_EDGE('',*,*,#10030,.T.);
#10080 = ORIENTED_EDGE('',*,*,#10009,.T.);
#10081 = ORIENTED_EDGE('',*,*,#10052,.F.);
#10082 = PLANE('',#10083);
#10083 = AXIS2_PLACEMENT_3D('',#10084,#10085,#10086);
#10084 = CARTESIAN_POINT('',(92.,105.,23.2));
#10085 = DIRECTION('',(0.,0.,1.));
#10086 = DIRECTION('',(1.,0.,0.));
#10087 = MANIFOLD_SOLID_BREP('',#10088);
#10088 = CLOSED_SHELL('',(#10089,#10129,#10169,#10191,#10213,#10225));
#10089 = ADVANCED_FACE('',(#10090),#10124,.F.);
#10090 = FACE_BOUND('',#10091,.F.);
#10091 = EDGE_LOOP('',(#10092,#10102,#10110,#10118));
#10092 = ORIENTED_EDGE('',*,*,#10093,.F.);
#10093 = EDGE_CURVE('',#10094,#10096,#10098,.T.);
#10094 = VERTEX_POINT('',#10095);
#10095 = CARTESIAN_POINT('',(78.,10.,12.));
#10096 = VERTEX_POINT('',#10097);
#10097 = CARTESIAN_POINT('',(78.,10.,13.5));
#10098 = LINE('',#10099,#10100);
#10099 = CARTESIAN_POINT('',(78.,10.,12.));
#10100 = VECTOR('',#10101,1.);
#10101 = DIRECTION('',(0.,0.,1.));
#10102 = ORIENTED_EDGE('',*,*,#10103,.T.);
#10103 = EDGE_CURVE('',#10094,#10104,#10106,.T.);
#10104 = VERTEX_POINT('',#10105);
#10105 = CARTESIAN_POINT('',(78.,42.,12.));
#10106 = LINE('',#10107,#10108);
#10107 = CARTESIAN_POINT('',(78.,10.,12.));
#10108 = VECTOR('',#10109,1.);
#10109 = DIRECTION('',(0.,1.,0.));
#10110 = ORIENTED_EDGE('',*,*,#10111,.T.);
#10111 = EDGE_CURVE('',#10104,#10112,#10114,.T.);
#10112 = VERTEX_POINT('',#10113);
#10113 = CARTESIAN_POINT('',(78.,42.,13.5));
#10114 = LINE('',#10115,#10116);
#10115 = CARTESIAN_POINT('',(78.,42.,12.));
#10116 = VECTOR('',#10117,1.);
#10117 = DIRECTION('',(0.,0.,1.));
#10118 = ORIENTED_EDGE('',*,*,#10119,.F.);
#10119 = EDGE_CURVE('',#10096,#10112,#10120,.T.);
#10120 = LINE('',#10121,#10122);
#10121 = CARTESIAN_POINT('',(78.,10.,13.5));
#10122 = VECTOR('',#10123,1.);
#10123 = DIRECTION('',(0.,1.,0.));
#10124 = PLANE('',#10125);
#10125 = AXIS2_PLACEMENT_3D('',#10126,#10127,#10128);
#10126 = CARTESIAN_POINT('',(78.,10.,12.));
#10127 = DIRECTION('',(1.,0.,0.));
#10128 = DIRECTION('',(0.,0.,1.));
#10129 = ADVANCED_FACE('',(#10130),#10164,.T.);
#10130 = FACE_BOUND('',#10131,.T.);
#10131 = EDGE_LOOP('',(#10132,#10142,#10150,#10158));
#10132 = ORIENTED_EDGE('',*,*,#10133,.F.);
#10133 = EDGE_CURVE('',#10134,#10136,#10138,.T.);
#10134 = VERTEX_POINT('',#10135);
#10135 = CARTESIAN_POINT('',(80.,10.,12.));
#10136 = VERTEX_POINT('',#10137);
#10137 = CARTESIAN_POINT('',(80.,10.,13.5));
#10138 = LINE('',#10139,#10140);
#10139 = CARTESIAN_POINT('',(80.,10.,12.));
#10140 = VECTOR('',#10141,1.);
#10141 = DIRECTION('',(0.,0.,1.));
#10142 = ORIENTED_EDGE('',*,*,#10143,.T.);
#10143 = EDGE_CURVE('',#10134,#10144,#10146,.T.);
#10144 = VERTEX_POINT('',#10145);
#10145 = CARTESIAN_POINT('',(80.,42.,12.));
#10146 = LINE('',#10147,#10148);
#10147 = CARTESIAN_POINT('',(80.,10.,12.));
#10148 = VECTOR('',#10149,1.);
#10149 = DIRECTION('',(0.,1.,0.));
#10150 = ORIENTED_EDGE('',*,*,#10151,.T.);
#10151 = EDGE_CURVE('',#10144,#10152,#10154,.T.);
#10152 = VERTEX_POINT('',#10153);
#10153 = CARTESIAN_POINT('',(80.,42.,13.5));
#10154 = LINE('',#10155,#10156);
#10155 = CARTESIAN_POINT('',(80.,42.,12.));
#10156 = VECTOR('',#10157,1.);
#10157 = DIRECTION('',(0.,0.,1.));
#10158 = ORIENTED_EDGE('',*,*,#10159,.F.);
#10159 = EDGE_CURVE('',#10136,#10152,#10160,.T.);
#10160 = LINE('',#10161,#10162);
#10161 = CARTESIAN_POINT('',(80.,10.,13.5));
#10162 = VECTOR('',#10163,1.);
#10163 = DIRECTION('',(0.,1.,0.));
#10164 = PLANE('',#10165);
#10165 = AXIS2_PLACEMENT_3D('',#10166,#10167,#10168);
#10166 = CARTESIAN_POINT('',(80.,10.,12.));
#10167 = DIRECTION('',(1.,0.,0.));
#10168 = DIRECTION('',(0.,0.,1.));
#10169 = ADVANCED_FACE('',(#10170),#10186,.F.);
#10170 = FACE_BOUND('',#10171,.F.);
#10171 = EDGE_LOOP('',(#10172,#10178,#10179,#10185));
#10172 = ORIENTED_EDGE('',*,*,#10173,.F.);
#10173 = EDGE_CURVE('',#10094,#10134,#10174,.T.);
#10174 = LINE('',#10175,#10176);
#10175 = CARTESIAN_POINT('',(78.,10.,12.));
#10176 = VECTOR('',#10177,1.);
#10177 = DIRECTION('',(1.,0.,0.));
#10178 = ORIENTED_EDGE('',*,*,#10093,.T.);
#10179 = ORIENTED_EDGE('',*,*,#10180,.T.);
#10180 = EDGE_CURVE('',#10096,#10136,#10181,.T.);
#10181 = LINE('',#10182,#10183);
#10182 = CARTESIAN_POINT('',(78.,10.,13.5));
#10183 = VECTOR('',#10184,1.);
#10184 = DIRECTION('',(1.,0.,0.));
#10185 = ORIENTED_EDGE('',*,*,#10133,.F.);
#10186 = PLANE('',#10187);
#10187 = AXIS2_PLACEMENT_3D('',#10188,#10189,#10190);
#10188 = CARTESIAN_POINT('',(78.,10.,12.));
#10189 = DIRECTION('',(0.,1.,0.));
#10190 = DIRECTION('',(0.,0.,1.));
#10191 = ADVANCED_FACE('',(#10192),#10208,.T.);
#10192 = FACE_BOUND('',#10193,.T.);
#10193 = EDGE_LOOP('',(#10194,#10200,#10201,#10207));
#10194 = ORIENTED_EDGE('',*,*,#10195,.F.);
#10195 = EDGE_CURVE('',#10104,#10144,#10196,.T.);
#10196 = LINE('',#10197,#10198);
#10197 = CARTESIAN_POINT('',(78.,42.,12.));
#10198 = VECTOR('',#10199,1.);
#10199 = DIRECTION('',(1.,0.,0.));
#10200 = ORIENTED_EDGE('',*,*,#10111,.T.);
#10201 = ORIENTED_EDGE('',*,*,#10202,.T.);
#10202 = EDGE_CURVE('',#10112,#10152,#10203,.T.);
#10203 = LINE('',#10204,#10205);
#10204 = CARTESIAN_POINT('',(78.,42.,13.5));
#10205 = VECTOR('',#10206,1.);
#10206 = DIRECTION('',(1.,0.,0.));
#10207 = ORIENTED_EDGE('',*,*,#10151,.F.);
#10208 = PLANE('',#10209);
#10209 = AXIS2_PLACEMENT_3D('',#10210,#10211,#10212);
#10210 = CARTESIAN_POINT('',(78.,42.,12.));
#10211 = DIRECTION('',(0.,1.,0.));
#10212 = DIRECTION('',(0.,0.,1.));
#10213 = ADVANCED_FACE('',(#10214),#10220,.F.);
#10214 = FACE_BOUND('',#10215,.F.);
#10215 = EDGE_LOOP('',(#10216,#10217,#10218,#10219));
#10216 = ORIENTED_EDGE('',*,*,#10103,.F.);
#10217 = ORIENTED_EDGE('',*,*,#10173,.T.);
#10218 = ORIENTED_EDGE('',*,*,#10143,.T.);
#10219 = ORIENTED_EDGE('',*,*,#10195,.F.);
#10220 = PLANE('',#10221);
#10221 = AXIS2_PLACEMENT_3D('',#10222,#10223,#10224);
#10222 = CARTESIAN_POINT('',(78.,10.,12.));
#10223 = DIRECTION('',(0.,0.,1.));
#10224 = DIRECTION('',(1.,0.,0.));
#10225 = ADVANCED_FACE('',(#10226),#10232,.T.);
#10226 = FACE_BOUND('',#10227,.T.);
#10227 = EDGE_LOOP('',(#10228,#10229,#10230,#10231));
#10228 = ORIENTED_EDGE('',*,*,#10119,.F.);
#10229 = ORIENTED_EDGE('',*,*,#10180,.T.);
#10230 = ORIENTED_EDGE('',*,*,#10159,.T.);
#10231 = ORIENTED_EDGE('',*,*,#10202,.F.);
#10232 = PLANE('',#10233);
#10233 = AXIS2_PLACEMENT_3D('',#10234,#10235,#10236);
#10234 = CARTESIAN_POINT('',(78.,10.,13.5));
#10235 = DIRECTION('',(0.,0.,1.));
#10236 = DIRECTION('',(1.,0.,0.));
#10237 = MANIFOLD_SOLID_BREP('',#10238);
#10238 = CLOSED_SHELL('',(#10239,#10279,#10319,#10341,#10363,#10375));
#10239 = ADVANCED_FACE('',(#10240),#10274,.F.);
#10240 = FACE_BOUND('',#10241,.F.);
#10241 = EDGE_LOOP('',(#10242,#10252,#10260,#10268));
#10242 = ORIENTED_EDGE('',*,*,#10243,.F.);
#10243 = EDGE_CURVE('',#10244,#10246,#10248,.T.);
#10244 = VERTEX_POINT('',#10245);
#10245 = CARTESIAN_POINT('',(88.,35.,10.));
#10246 = VERTEX_POINT('',#10247);
#10247 = CARTESIAN_POINT('',(88.,35.,11.5));
#10248 = LINE('',#10249,#10250);
#10249 = CARTESIAN_POINT('',(88.,35.,10.));
#10250 = VECTOR('',#10251,1.);
#10251 = DIRECTION('',(0.,0.,1.));
#10252 = ORIENTED_EDGE('',*,*,#10253,.T.);
#10253 = EDGE_CURVE('',#10244,#10254,#10256,.T.);
#10254 = VERTEX_POINT('',#10255);
#10255 = CARTESIAN_POINT('',(88.,127.,10.));
#10256 = LINE('',#10257,#10258);
#10257 = CARTESIAN_POINT('',(88.,35.,10.));
#10258 = VECTOR('',#10259,1.);
#10259 = DIRECTION('',(0.,1.,0.));
#10260 = ORIENTED_EDGE('',*,*,#10261,.T.);
#10261 = EDGE_CURVE('',#10254,#10262,#10264,.T.);
#10262 = VERTEX_POINT('',#10263);
#10263 = CARTESIAN_POINT('',(88.,127.,11.5));
#10264 = LINE('',#10265,#10266);
#10265 = CARTESIAN_POINT('',(88.,127.,10.));
#10266 = VECTOR('',#10267,1.);
#10267 = DIRECTION('',(0.,0.,1.));
#10268 = ORIENTED_EDGE('',*,*,#10269,.F.);
#10269 = EDGE_CURVE('',#10246,#10262,#10270,.T.);
#10270 = LINE('',#10271,#10272);
#10271 = CARTESIAN_POINT('',(88.,35.,11.5));
#10272 = VECTOR('',#10273,1.);
#10273 = DIRECTION('',(0.,1.,0.));
#10274 = PLANE('',#10275);
#10275 = AXIS2_PLACEMENT_3D('',#10276,#10277,#10278);
#10276 = CARTESIAN_POINT('',(88.,35.,10.));
#10277 = DIRECTION('',(1.,0.,0.));
#10278 = DIRECTION('',(0.,0.,1.));
#10279 = ADVANCED_FACE('',(#10280),#10314,.T.);
#10280 = FACE_BOUND('',#10281,.T.);
#10281 = EDGE_LOOP('',(#10282,#10292,#10300,#10308));
#10282 = ORIENTED_EDGE('',*,*,#10283,.F.);
#10283 = EDGE_CURVE('',#10284,#10286,#10288,.T.);
#10284 = VERTEX_POINT('',#10285);
#10285 = CARTESIAN_POINT('',(89.5,35.,10.));
#10286 = VERTEX_POINT('',#10287);
#10287 = CARTESIAN_POINT('',(89.5,35.,11.5));
#10288 = LINE('',#10289,#10290);
#10289 = CARTESIAN_POINT('',(89.5,35.,10.));
#10290 = VECTOR('',#10291,1.);
#10291 = DIRECTION('',(0.,0.,1.));
#10292 = ORIENTED_EDGE('',*,*,#10293,.T.);
#10293 = EDGE_CURVE('',#10284,#10294,#10296,.T.);
#10294 = VERTEX_POINT('',#10295);
#10295 = CARTESIAN_POINT('',(89.5,127.,10.));
#10296 = LINE('',#10297,#10298);
#10297 = CARTESIAN_POINT('',(89.5,35.,10.));
#10298 = VECTOR('',#10299,1.);
#10299 = DIRECTION('',(0.,1.,0.));
#10300 = ORIENTED_EDGE('',*,*,#10301,.T.);
#10301 = EDGE_CURVE('',#10294,#10302,#10304,.T.);
#10302 = VERTEX_POINT('',#10303);
#10303 = CARTESIAN_POINT('',(89.5,127.,11.5));
#10304 = LINE('',#10305,#10306);
#10305 = CARTESIAN_POINT('',(89.5,127.,10.));
#10306 = VECTOR('',#10307,1.);
#10307 = DIRECTION('',(0.,0.,1.));
#10308 = ORIENTED_EDGE('',*,*,#10309,.F.);
#10309 = EDGE_CURVE('',#10286,#10302,#10310,.T.);
#10310 = LINE('',#10311,#10312);
#10311 = CARTESIAN_POINT('',(89.5,35.,11.5));
#10312 = VECTOR('',#10313,1.);
#10313 = DIRECTION('',(0.,1.,0.));
#10314 = PLANE('',#10315);
#10315 = AXIS2_PLACEMENT_3D('',#10316,#10317,#10318);
#10316 = CARTESIAN_POINT('',(89.5,35.,10.));
#10317 = DIRECTION('',(1.,0.,0.));
#10318 = DIRECTION('',(0.,0.,1.));
#10319 = ADVANCED_FACE('',(#10320),#10336,.F.);
#10320 = FACE_BOUND('',#10321,.F.);
#10321 = EDGE_LOOP('',(#10322,#10328,#10329,#10335));
#10322 = ORIENTED_EDGE('',*,*,#10323,.F.);
#10323 = EDGE_CURVE('',#10244,#10284,#10324,.T.);
#10324 = LINE('',#10325,#10326);
#10325 = CARTESIAN_POINT('',(88.,35.,10.));
#10326 = VECTOR('',#10327,1.);
#10327 = DIRECTION('',(1.,0.,0.));
#10328 = ORIENTED_EDGE('',*,*,#10243,.T.);
#10329 = ORIENTED_EDGE('',*,*,#10330,.T.);
#10330 = EDGE_CURVE('',#10246,#10286,#10331,.T.);
#10331 = LINE('',#10332,#10333);
#10332 = CARTESIAN_POINT('',(88.,35.,11.5));
#10333 = VECTOR('',#10334,1.);
#10334 = DIRECTION('',(1.,0.,0.));
#10335 = ORIENTED_EDGE('',*,*,#10283,.F.);
#10336 = PLANE('',#10337);
#10337 = AXIS2_PLACEMENT_3D('',#10338,#10339,#10340);
#10338 = CARTESIAN_POINT('',(88.,35.,10.));
#10339 = DIRECTION('',(0.,1.,0.));
#10340 = DIRECTION('',(0.,0.,1.));
#10341 = ADVANCED_FACE('',(#10342),#10358,.T.);
#10342 = FACE_BOUND('',#10343,.T.);
#10343 = EDGE_LOOP('',(#10344,#10350,#10351,#10357));
#10344 = ORIENTED_EDGE('',*,*,#10345,.F.);
#10345 = EDGE_CURVE('',#10254,#10294,#10346,.T.);
#10346 = LINE('',#10347,#10348);
#10347 = CARTESIAN_POINT('',(88.,127.,10.));
#10348 = VECTOR('',#10349,1.);
#10349 = DIRECTION('',(1.,0.,0.));
#10350 = ORIENTED_EDGE('',*,*,#10261,.T.);
#10351 = ORIENTED_EDGE('',*,*,#10352,.T.);
#10352 = EDGE_CURVE('',#10262,#10302,#10353,.T.);
#10353 = LINE('',#10354,#10355);
#10354 = CARTESIAN_POINT('',(88.,127.,11.5));
#10355 = VECTOR('',#10356,1.);
#10356 = DIRECTION('',(1.,0.,0.));
#10357 = ORIENTED_EDGE('',*,*,#10301,.F.);
#10358 = PLANE('',#10359);
#10359 = AXIS2_PLACEMENT_3D('',#10360,#10361,#10362);
#10360 = CARTESIAN_POINT('',(88.,127.,10.));
#10361 = DIRECTION('',(0.,1.,0.));
#10362 = DIRECTION('',(0.,0.,1.));
#10363 = ADVANCED_FACE('',(#10364),#10370,.F.);
#10364 = FACE_BOUND('',#10365,.F.);
#10365 = EDGE_LOOP('',(#10366,#10367,#10368,#10369));
#10366 = ORIENTED_EDGE('',*,*,#10253,.F.);
#10367 = ORIENTED_EDGE('',*,*,#10323,.T.);
#10368 = ORIENTED_EDGE('',*,*,#10293,.T.);
#10369 = ORIENTED_EDGE('',*,*,#10345,.F.);
#10370 = PLANE('',#10371);
#10371 = AXIS2_PLACEMENT_3D('',#10372,#10373,#10374);
#10372 = CARTESIAN_POINT('',(88.,35.,10.));
#10373 = DIRECTION('',(0.,0.,1.));
#10374 = DIRECTION('',(1.,0.,0.));
#10375 = ADVANCED_FACE('',(#10376),#10382,.T.);
#10376 = FACE_BOUND('',#10377,.T.);
#10377 = EDGE_LOOP('',(#10378,#10379,#10380,#10381));
#10378 = ORIENTED_EDGE('',*,*,#10269,.F.);
#10379 = ORIENTED_EDGE('',*,*,#10330,.T.);
#10380 = ORIENTED_EDGE('',*,*,#10309,.T.);
#10381 = ORIENTED_EDGE('',*,*,#10352,.F.);
#10382 = PLANE('',#10383);
#10383 = AXIS2_PLACEMENT_3D('',#10384,#10385,#10386);
#10384 = CARTESIAN_POINT('',(88.,35.,11.5));
#10385 = DIRECTION('',(0.,0.,1.));
#10386 = DIRECTION('',(1.,0.,0.));
#10387 = MANIFOLD_SOLID_BREP('',#10388);
#10388 = CLOSED_SHELL('',(#10389,#10429,#10469,#10509,#10542,#10624,
    #10701,#10734,#10759,#10800,#10833,#10850,#10867,#10898,#10915,
    #10955,#10980,#10997,#11015,#11048,#11097,#11128,#11145,#11208,
    #11237,#11254,#11278,#11296,#11329,#11347,#11372,#11411,#11429,
    #11447,#11464,#11495,#11533,#11560,#11589,#11622,#11657,#11687,
    #11720,#11753,#11771,#11782,#11794,#11805,#11824,#11835,#11847,
    #11858,#11869,#11886,#11903,#11934,#11965,#11982,#11999,#12030,
    #12061,#12079,#12097,#12130,#12148,#12195,#12213,#12244,#12273,
    #12284,#12295,#12330,#12341,#12372,#12383,#12417,#12450,#12484,
    #12517,#12534,#12551,#12598,#12638,#12655,#12672,#12712,#12743,
    #12801,#12819,#12843,#12872,#12890,#12922,#12948,#12996,#13030,
    #13056,#13102,#13142,#13175,#13202,#13235,#13252,#13268,#13301,
    #13312,#13329,#13360,#13378,#13403,#13436,#13453,#13477,#13502,
    #13520,#13551,#13562,#13579,#13596,#13614));
#10389 = ADVANCED_FACE('',(#10390),#10424,.F.);
#10390 = FACE_BOUND('',#10391,.F.);
#10391 = EDGE_LOOP('',(#10392,#10402,#10410,#10418));
#10392 = ORIENTED_EDGE('',*,*,#10393,.F.);
#10393 = EDGE_CURVE('',#10394,#10396,#10398,.T.);
#10394 = VERTEX_POINT('',#10395);
#10395 = CARTESIAN_POINT('',(-65.2,-2.22044604925E-16,9.8));
#10396 = VERTEX_POINT('',#10397);
#10397 = CARTESIAN_POINT('',(-64.,-3.330669073875E-16,9.8));
#10398 = LINE('',#10399,#10400);
#10399 = CARTESIAN_POINT('',(-67.,-2.22044604925E-16,9.8));
#10400 = VECTOR('',#10401,1.);
#10401 = DIRECTION('',(1.,0.,0.));
#10402 = ORIENTED_EDGE('',*,*,#10403,.T.);
#10403 = EDGE_CURVE('',#10394,#10404,#10406,.T.);
#10404 = VERTEX_POINT('',#10405);
#10405 = CARTESIAN_POINT('',(-65.2,-3.330669073875E-16,13.));
#10406 = LINE('',#10407,#10408);
#10407 = CARTESIAN_POINT('',(-65.2,-2.22044604925E-16,8.));
#10408 = VECTOR('',#10409,1.);
#10409 = DIRECTION('',(0.,0.,1.));
#10410 = ORIENTED_EDGE('',*,*,#10411,.T.);
#10411 = EDGE_CURVE('',#10404,#10412,#10414,.T.);
#10412 = VERTEX_POINT('',#10413);
#10413 = CARTESIAN_POINT('',(-64.,-4.440892098501E-16,13.));
#10414 = LINE('',#10415,#10416);
#10415 = CARTESIAN_POINT('',(-80.,-4.440892098501E-16,13.));
#10416 = VECTOR('',#10417,1.);
#10417 = DIRECTION('',(1.,0.,0.));
#10418 = ORIENTED_EDGE('',*,*,#10419,.F.);
#10419 = EDGE_CURVE('',#10396,#10412,#10420,.T.);
#10420 = LINE('',#10421,#10422);
#10421 = CARTESIAN_POINT('',(-64.,-4.440892098501E-16,5.));
#10422 = VECTOR('',#10423,1.);
#10423 = DIRECTION('',(0.,0.,1.));
#10424 = PLANE('',#10425);
#10425 = AXIS2_PLACEMENT_3D('',#10426,#10427,#10428);
#10426 = CARTESIAN_POINT('',(-67.,0.,8.));
#10427 = DIRECTION('',(0.,1.,0.));
#10428 = DIRECTION('',(0.,0.,1.));
#10429 = ADVANCED_FACE('',(#10430),#10464,.F.);
#10430 = FACE_BOUND('',#10431,.F.);
#10431 = EDGE_LOOP('',(#10432,#10442,#10450,#10456,#10457,#10458));
#10432 = ORIENTED_EDGE('',*,*,#10433,.F.);
#10433 = EDGE_CURVE('',#10434,#10436,#10438,.T.);
#10434 = VERTEX_POINT('',#10435);
#10435 = CARTESIAN_POINT('',(-78.,-4.440892098501E-16,7.));
#10436 = VERTEX_POINT('',#10437);
#10437 = CARTESIAN_POINT('',(-64.,-4.440892098501E-16,7.));
#10438 = LINE('',#10439,#10440);
#10439 = CARTESIAN_POINT('',(-80.,-4.440892098501E-16,7.));
#10440 = VECTOR('',#10441,1.);
#10441 = DIRECTION('',(1.,0.,0.));
#10442 = ORIENTED_EDGE('',*,*,#10443,.T.);
#10443 = EDGE_CURVE('',#10434,#10444,#10446,.T.);
#10444 = VERTEX_POINT('',#10445);
#10445 = CARTESIAN_POINT('',(-78.,-4.440892098501E-16,13.));
#10446 = LINE('',#10447,#10448);
#10447 = CARTESIAN_POINT('',(-78.,-4.440892098501E-16,5.));
#10448 = VECTOR('',#10449,1.);
#10449 = DIRECTION('',(0.,0.,1.));
#10450 = ORIENTED_EDGE('',*,*,#10451,.T.);
#10451 = EDGE_CURVE('',#10444,#10404,#10452,.T.);
#10452 = LINE('',#10453,#10454);
#10453 = CARTESIAN_POINT('',(-80.,-4.440892098501E-16,13.));
#10454 = VECTOR('',#10455,1.);
#10455 = DIRECTION('',(1.,0.,0.));
#10456 = ORIENTED_EDGE('',*,*,#10403,.F.);
#10457 = ORIENTED_EDGE('',*,*,#10393,.T.);
#10458 = ORIENTED_EDGE('',*,*,#10459,.F.);
#10459 = EDGE_CURVE('',#10436,#10396,#10460,.T.);
#10460 = LINE('',#10461,#10462);
#10461 = CARTESIAN_POINT('',(-64.,-4.440892098501E-16,5.));
#10462 = VECTOR('',#10463,1.);
#10463 = DIRECTION('',(0.,0.,1.));
#10464 = PLANE('',#10465);
#10465 = AXIS2_PLACEMENT_3D('',#10466,#10467,#10468);
#10466 = CARTESIAN_POINT('',(-80.,0.,5.));
#10467 = DIRECTION('',(0.,1.,0.));
#10468 = DIRECTION('',(0.,0.,1.));
#10469 = ADVANCED_FACE('',(#10470),#10504,.F.);
#10470 = FACE_BOUND('',#10471,.F.);
#10471 = EDGE_LOOP('',(#10472,#10473,#10481,#10489,#10497,#10503));
#10472 = ORIENTED_EDGE('',*,*,#10411,.F.);
#10473 = ORIENTED_EDGE('',*,*,#10474,.T.);
#10474 = EDGE_CURVE('',#10404,#10475,#10477,.T.);
#10475 = VERTEX_POINT('',#10476);
#10476 = CARTESIAN_POINT('',(-65.2,-2.22044604925E-16,14.2));
#10477 = LINE('',#10478,#10479);
#10478 = CARTESIAN_POINT('',(-65.2,-2.22044604925E-16,8.));
#10479 = VECTOR('',#10480,1.);
#10480 = DIRECTION('',(0.,0.,1.));
#10481 = ORIENTED_EDGE('',*,*,#10482,.T.);
#10482 = EDGE_CURVE('',#10475,#10483,#10485,.T.);
#10483 = VERTEX_POINT('',#10484);
#10484 = CARTESIAN_POINT('',(-10.8,-2.22044604925E-16,14.2));
#10485 = LINE('',#10486,#10487);
#10486 = CARTESIAN_POINT('',(-67.,-2.22044604925E-16,14.2));
#10487 = VECTOR('',#10488,1.);
#10488 = DIRECTION('',(1.,0.,0.));
#10489 = ORIENTED_EDGE('',*,*,#10490,.F.);
#10490 = EDGE_CURVE('',#10491,#10483,#10493,.T.);
#10491 = VERTEX_POINT('',#10492);
#10492 = CARTESIAN_POINT('',(-10.8,-2.22044604925E-16,9.8));
#10493 = LINE('',#10494,#10495);
#10494 = CARTESIAN_POINT('',(-10.8,-2.22044604925E-16,8.));
#10495 = VECTOR('',#10496,1.);
#10496 = DIRECTION('',(0.,0.,1.));
#10497 = ORIENTED_EDGE('',*,*,#10498,.F.);
#10498 = EDGE_CURVE('',#10396,#10491,#10499,.T.);
#10499 = LINE('',#10500,#10501);
#10500 = CARTESIAN_POINT('',(-67.,-2.22044604925E-16,9.8));
#10501 = VECTOR('',#10502,1.);
#10502 = DIRECTION('',(1.,0.,0.));
#10503 = ORIENTED_EDGE('',*,*,#10419,.T.);
#10504 = PLANE('',#10505);
#10505 = AXIS2_PLACEMENT_3D('',#10506,#10507,#10508);
#10506 = CARTESIAN_POINT('',(-67.,0.,8.));
#10507 = DIRECTION('',(0.,1.,0.));
#10508 = DIRECTION('',(0.,0.,1.));
#10509 = ADVANCED_FACE('',(#10510),#10537,.T.);
#10510 = FACE_BOUND('',#10511,.T.);
#10511 = EDGE_LOOP('',(#10512,#10521,#10529,#10536));
#10512 = ORIENTED_EDGE('',*,*,#10513,.F.);
#10513 = EDGE_CURVE('',#10514,#10434,#10516,.T.);
#10514 = VERTEX_POINT('',#10515);
#10515 = CARTESIAN_POINT('',(-78.,2.,5.));
#10516 = CIRCLE('',#10517,2.);
#10517 = AXIS2_PLACEMENT_3D('',#10518,#10519,#10520);
#10518 = CARTESIAN_POINT('',(-78.,2.,7.));
#10519 = DIRECTION('',(-1.,6.123233995737E-17,0.));
#10520 = DIRECTION('',(-6.123233995737E-17,-1.,0.));
#10521 = ORIENTED_EDGE('',*,*,#10522,.T.);
#10522 = EDGE_CURVE('',#10514,#10523,#10525,.T.);
#10523 = VERTEX_POINT('',#10524);
#10524 = CARTESIAN_POINT('',(-64.,2.,5.));
#10525 = LINE('',#10526,#10527);
#10526 = CARTESIAN_POINT('',(-80.,2.,5.));
#10527 = VECTOR('',#10528,1.);
#10528 = DIRECTION('',(1.,0.,0.));
#10529 = ORIENTED_EDGE('',*,*,#10530,.T.);
#10530 = EDGE_CURVE('',#10523,#10436,#10531,.T.);
#10531 = CIRCLE('',#10532,2.);
#10532 = AXIS2_PLACEMENT_3D('',#10533,#10534,#10535);
#10533 = CARTESIAN_POINT('',(-64.,2.,7.));
#10534 = DIRECTION('',(-1.,-6.123233995737E-17,0.));
#10535 = DIRECTION('',(6.123233995737E-17,-1.,0.));
#10536 = ORIENTED_EDGE('',*,*,#10433,.F.);
#10537 = CYLINDRICAL_SURFACE('',#10538,2.);
#10538 = AXIS2_PLACEMENT_3D('',#10539,#10540,#10541);
#10539 = CARTESIAN_POINT('',(-80.,2.,7.));
#10540 = DIRECTION('',(1.,0.,0.));
#10541 = DIRECTION('',(0.,-1.,0.));
#10542 = ADVANCED_FACE('',(#10543),#10619,.T.);
#10543 = FACE_BOUND('',#10544,.F.);
#10544 = EDGE_LOOP('',(#10545,#10555,#10562,#10563,#10612));
#10545 = ORIENTED_EDGE('',*,*,#10546,.F.);
#10546 = EDGE_CURVE('',#10547,#10549,#10551,.T.);
#10547 = VERTEX_POINT('',#10548);
#10548 = CARTESIAN_POINT('',(-62.,2.,7.));
#10549 = VERTEX_POINT('',#10550);
#10550 = CARTESIAN_POINT('',(-62.,2.,8.));
#10551 = LINE('',#10552,#10553);
#10552 = CARTESIAN_POINT('',(-62.,2.,5.));
#10553 = VECTOR('',#10554,1.);
#10554 = DIRECTION('',(0.,0.,1.));
#10555 = ORIENTED_EDGE('',*,*,#10556,.T.);
#10556 = EDGE_CURVE('',#10547,#10436,#10557,.T.);
#10557 = CIRCLE('',#10558,2.);
#10558 = AXIS2_PLACEMENT_3D('',#10559,#10560,#10561);
#10559 = CARTESIAN_POINT('',(-64.,2.,7.));
#10560 = DIRECTION('',(0.,0.,-1.));
#10561 = DIRECTION('',(1.,0.,0.));
#10562 = ORIENTED_EDGE('',*,*,#10459,.T.);
#10563 = ORIENTED_EDGE('',*,*,#10564,.T.);
#10564 = EDGE_CURVE('',#10396,#10565,#10567,.T.);
#10565 = VERTEX_POINT('',#10566);
#10566 = CARTESIAN_POINT('',(-62.01002512578,1.8,8.));
#10567 = B_SPLINE_CURVE_WITH_KNOTS('',7,(#10568,#10569,#10570,#10571,
    #10572,#10573,#10574,#10575,#10576,#10577,#10578,#10579,#10580,
    #10581,#10582,#10583,#10584,#10585,#10586,#10587,#10588,#10589,
    #10590,#10591,#10592,#10593,#10594,#10595,#10596,#10597,#10598,
    #10599,#10600,#10601,#10602,#10603,#10604,#10605,#10606,#10607,
    #10608,#10609,#10610,#10611),.UNSPECIFIED.,.F.,.F.,(8,6,6,6,6,6,6,8)
  ,(0.,6.960042873759E-04,1.344007970863E-03,2.01601116672E-03,
    0.597266723632,0.742094816874,0.863156610256,1.),.UNSPECIFIED.);
#10568 = CARTESIAN_POINT('',(-64.,-3.330669073875E-16,9.8));
#10569 = CARTESIAN_POINT('',(-63.99975884232,-3.361787929938E-16,
    9.799771217744));
#10570 = CARTESIAN_POINT('',(-63.99951768464,3.39249304064E-08,
    9.799542435485));
#10571 = CARTESIAN_POINT('',(-63.99927652697,1.017747918845E-07,
    9.799313653228));
#10572 = CARTESIAN_POINT('',(-63.9990353693,2.035495861716E-07,
    9.799084870975));
#10573 = CARTESIAN_POINT('',(-63.99879421164,3.392493174249E-07,
    9.79885608873));
#10574 = CARTESIAN_POINT('',(-63.99855305398,5.088739918851E-07,
    9.798627306494));
#10575 = CARTESIAN_POINT('',(-63.99808737036,9.01935248493E-07,
    9.798185520229));
#10576 = CARTESIAN_POINT('',(-63.99786284439,1.120853854297E-06,
    9.797972516199));
#10577 = CARTESIAN_POINT('',(-63.99763831843,1.369179442001E-06,
    9.79775951218));
#10578 = CARTESIAN_POINT('',(-63.99741379247,1.646912019871E-06,
    9.797546508174));
#10579 = CARTESIAN_POINT('',(-63.99718926654,1.954051597736E-06,
    9.797333504183));
#10580 = CARTESIAN_POINT('',(-63.99696474061,2.290598186978E-06,
    9.797120500209));
#10581 = CARTESIAN_POINT('',(-63.99650737324,3.036058899213E-06,
    9.796686603467));
#10582 = CARTESIAN_POINT('',(-63.99627453179,3.447191600407E-06,
    9.7964657107));
#10583 = CARTESIAN_POINT('',(-63.99604169035,3.889949918605E-06,
    9.796244817955));
#10584 = CARTESIAN_POINT('',(-63.99580884894,4.364333870076E-06,
    9.796023925234));
#10585 = CARTESIAN_POINT('',(-63.99557600755,4.870343472877E-06,
    9.795803032538));
#10586 = CARTESIAN_POINT('',(-63.99534316618,5.407978746852E-06,
    9.79558213987));
#10587 = CARTESIAN_POINT('',(-63.78886283038,5.102203715012E-04,
    9.5996977427));
#10588 = CARTESIAN_POINT('',(-63.58456628017,2.582391858274E-02,
    9.405889519728));
#10589 = CARTESIAN_POINT('',(-63.38160035812,7.51289028857E-02,
    9.21363351752));
#10590 = CARTESIAN_POINT('',(-63.1797958601,0.150006152663,9.02302195146
    ));
#10591 = CARTESIAN_POINT('',(-62.98065096901,0.253519818353,
    8.835875248137));
#10592 = CARTESIAN_POINT('',(-62.78795551275,0.389795837636,
    8.656329110443));
#10593 = CARTESIAN_POINT('',(-62.56581344805,0.604733749564,
    8.452894705885));
#10594 = CARTESIAN_POINT('',(-62.5230771102,0.649053949379,
    8.413939629881));
#10595 = CARTESIAN_POINT('',(-62.48115691717,0.695738992033,
    8.375935793027));
#10596 = CARTESIAN_POINT('',(-62.44016412789,0.744894215186,
    8.339010219737));
#10597 = CARTESIAN_POINT('',(-62.40024026348,0.796621785563,
    8.30332222456));
#10598 = CARTESIAN_POINT('',(-62.36155699057,0.851018635054,
    8.269064344946));
#10599 = CARTESIAN_POINT('',(-62.29318626704,0.955950894231,
    8.209212041014));
#10600 = CARTESIAN_POINT('',(-62.26304212831,1.005689243421,
    8.183099064362));
#10601 = CARTESIAN_POINT('',(-62.23402714369,1.057411807036,
    8.158280260754));
#10602 = CARTESIAN_POINT('',(-62.20629447684,1.111131901345,
    8.13492275612));
#10603 = CARTESIAN_POINT('',(-62.18000654864,1.16685289003,
    8.113205425964));
#10604 = CARTESIAN_POINT('',(-62.15533468579,1.224567277981,
    8.093319435696));
#10605 = CARTESIAN_POINT('',(-62.10660075244,1.351725319214,
    8.055291117694));
#10606 = CARTESIAN_POINT('',(-62.08297528459,1.42187945349,
    8.037665590999));
#10607 = CARTESIAN_POINT('',(-62.06199210329,1.494373481697,
    8.023011073682));
#10608 = CARTESIAN_POINT('',(-62.04398530832,1.568835142061,
    8.011675723297));
#10609 = CARTESIAN_POINT('',(-62.02921314527,1.644869862734,
    8.003936719267));
#10610 = CARTESIAN_POINT('',(-62.01785778877,1.722065987249,8.));
#10611 = CARTESIAN_POINT('',(-62.01002512578,1.8,8.));
#10612 = ORIENTED_EDGE('',*,*,#10613,.T.);
#10613 = EDGE_CURVE('',#10565,#10549,#10614,.T.);
#10614 = CIRCLE('',#10615,2.);
#10615 = AXIS2_PLACEMENT_3D('',#10616,#10617,#10618);
#10616 = CARTESIAN_POINT('',(-64.,2.,8.));
#10617 = DIRECTION('',(0.,0.,1.));
#10618 = DIRECTION('',(1.,0.,0.));
#10619 = CYLINDRICAL_SURFACE('',#10620,2.);
#10620 = AXIS2_PLACEMENT_3D('',#10621,#10622,#10623);
#10621 = CARTESIAN_POINT('',(-64.,2.,5.));
#10622 = DIRECTION('',(0.,0.,1.));
#10623 = DIRECTION('',(1.,0.,0.));
#10624 = ADVANCED_FACE('',(#10625),#10696,.T.);
#10625 = FACE_BOUND('',#10626,.F.);
#10626 = EDGE_LOOP('',(#10627,#10636,#10644,#10657,#10684,#10695));
#10627 = ORIENTED_EDGE('',*,*,#10628,.F.);
#10628 = EDGE_CURVE('',#10629,#10444,#10631,.T.);
#10629 = VERTEX_POINT('',#10630);
#10630 = CARTESIAN_POINT('',(-78.,2.,15.));
#10631 = CIRCLE('',#10632,2.);
#10632 = AXIS2_PLACEMENT_3D('',#10633,#10634,#10635);
#10633 = CARTESIAN_POINT('',(-78.,2.,13.));
#10634 = DIRECTION('',(1.,-6.123233995737E-17,0.));
#10635 = DIRECTION('',(-6.123233995737E-17,-1.,0.));
#10636 = ORIENTED_EDGE('',*,*,#10637,.T.);
#10637 = EDGE_CURVE('',#10629,#10638,#10640,.T.);
#10638 = VERTEX_POINT('',#10639);
#10639 = CARTESIAN_POINT('',(-66.81245154966,2.,15.));
#10640 = LINE('',#10641,#10642);
#10641 = CARTESIAN_POINT('',(-80.,2.,15.));
#10642 = VECTOR('',#10643,1.);
#10643 = DIRECTION('',(1.,0.,0.));
#10644 = ORIENTED_EDGE('',*,*,#10645,.F.);
#10645 = EDGE_CURVE('',#10646,#10638,#10648,.T.);
#10646 = VERTEX_POINT('',#10647);
#10647 = CARTESIAN_POINT('',(-66.81738668787,1.8,14.989974874213));
#10648 = B_SPLINE_CURVE_WITH_KNOTS('',4,(#10649,#10650,#10651,#10652,
    #10653,#10654,#10655,#10656),.UNSPECIFIED.,.F.,.F.,(5,3,5),(0.,
    0.967099875061,1.),.UNSPECIFIED.);
#10649 = CARTESIAN_POINT('',(-66.81738671732,1.7999994,14.989974813911)
  );
#10650 = CARTESIAN_POINT('',(-66.81502045856,1.848202963224,
    14.994819468979));
#10651 = CARTESIAN_POINT('',(-66.81339111933,1.896552282645,
    14.998106214263));
#10652 = CARTESIAN_POINT('',(-66.81253611464,1.944978582891,
    14.999829551031));
#10653 = CARTESIAN_POINT('',(-66.81245424328,1.995057199247,
    14.999994570821));
#10654 = CARTESIAN_POINT('',(-66.81245244753,1.996704797619,
    14.999998190274));
#10655 = CARTESIAN_POINT('',(-66.81245154966,1.998352398809,15.));
#10656 = CARTESIAN_POINT('',(-66.81245154966,2.,15.));
#10657 = ORIENTED_EDGE('',*,*,#10658,.F.);
#10658 = EDGE_CURVE('',#10659,#10646,#10661,.T.);
#10659 = VERTEX_POINT('',#10660);
#10660 = CARTESIAN_POINT('',(-66.33137084989,0.4,14.2));
#10661 = B_SPLINE_CURVE_WITH_KNOTS('',6,(#10662,#10663,#10664,#10665,
    #10666,#10667,#10668,#10669,#10670,#10671,#10672,#10673,#10674,
    #10675,#10676,#10677,#10678,#10679,#10680,#10681,#10682,#10683),
  .UNSPECIFIED.,.F.,.F.,(7,5,5,5,7),(0.,0.387137944913,0.543797935043,
    0.878000591374,1.),.UNSPECIFIED.);
#10662 = CARTESIAN_POINT('',(-66.33137084989,0.4,14.2));
#10663 = CARTESIAN_POINT('',(-66.39601661104,0.45224166409,
    14.26965555212));
#10664 = CARTESIAN_POINT('',(-66.45627043834,0.511014154863,
    14.340437801467));
#10665 = CARTESIAN_POINT('',(-66.51192061327,0.576583333691,
    14.411127394358));
#10666 = CARTESIAN_POINT('',(-66.56271688125,0.649035485139,
    14.480465115567));
#10667 = CARTESIAN_POINT('',(-66.60840747188,0.72820775019,
    14.547194326793));
#10668 = CARTESIAN_POINT('',(-66.66508906411,0.848237916569,
    14.635631038546));
#10669 = CARTESIAN_POINT('',(-66.68054334291,0.883843462041,
    14.660489886383));
#10670 = CARTESIAN_POINT('',(-66.69510693967,0.920444934836,
    14.684652471626));
#10671 = CARTESIAN_POINT('',(-66.70876487049,0.958003988883,
    14.708043800598));
#10672 = CARTESIAN_POINT('',(-66.72150336812,0.996474558461,
    14.730592883541));
#10673 = CARTESIAN_POINT('',(-66.75849781401,1.119701551276,
    14.798400684421));
#10674 = CARTESIAN_POINT('',(-66.7794513309,1.20752226639,14.84044546254
    ));
#10675 = CARTESIAN_POINT('',(-66.79603806603,1.298710881,14.877706091763
    ));
#10676 = CARTESIAN_POINT('',(-66.8081925879,1.392608164389,
    14.909680085446));
#10677 = CARTESIAN_POINT('',(-66.81588551489,1.488498207851,
    14.936031138374));
#10678 = CARTESIAN_POINT('',(-66.82031892901,1.621039447087,
    14.964103252043));
#10679 = CARTESIAN_POINT('',(-66.82091225848,1.65664777914,
    14.970839938679));
#10680 = CARTESIAN_POINT('',(-66.82091411499,1.692383591146,
    14.976798596079));
#10681 = CARTESIAN_POINT('',(-66.82032582101,1.72821111074,
    14.981974603919));
#10682 = CARTESIAN_POINT('',(-66.81914922229,1.764094928911,
    14.986366278793));
#10683 = CARTESIAN_POINT('',(-66.81738668787,1.8,14.989974874213));
#10684 = ORIENTED_EDGE('',*,*,#10685,.T.);
#10685 = EDGE_CURVE('',#10659,#10404,#10686,.T.);
#10686 = B_SPLINE_CURVE_WITH_KNOTS('',7,(#10687,#10688,#10689,#10690,
    #10691,#10692,#10693,#10694),.UNSPECIFIED.,.F.,.F.,(8,8),(0.,1.),
  .PIECEWISE_BEZIER_KNOTS.);
#10687 = CARTESIAN_POINT('',(-66.33137140674,0.40000045,14.2000006));
#10688 = CARTESIAN_POINT('',(-66.18194596324,0.279246358176,
    14.03899527002));
#10689 = CARTESIAN_POINT('',(-66.02443871571,0.182718595648,
    13.870913157387));
#10690 = CARTESIAN_POINT('',(-65.86259335329,0.108293320457,
    13.699168790055));
#10691 = CARTESIAN_POINT('',(-65.69853023926,5.393345780709E-02,
    13.525683252525));
#10692 = CARTESIAN_POINT('',(-65.53326503218,1.809415257173E-02,
    13.351292049921));
#10693 = CARTESIAN_POINT('',(-65.36708743902,1.871422313435E-07,
    13.176125653833));
#10694 = CARTESIAN_POINT('',(-65.2,-3.330669073875E-16,13.));
#10695 = ORIENTED_EDGE('',*,*,#10451,.F.);
#10696 = CYLINDRICAL_SURFACE('',#10697,2.);
#10697 = AXIS2_PLACEMENT_3D('',#10698,#10699,#10700);
#10698 = CARTESIAN_POINT('',(-80.,2.,13.));
#10699 = DIRECTION('',(1.,0.,0.));
#10700 = DIRECTION('',(0.,-1.,0.));
#10701 = ADVANCED_FACE('',(#10702),#10729,.T.);
#10702 = FACE_BOUND('',#10703,.T.);
#10703 = EDGE_LOOP('',(#10704,#10714,#10721,#10722));
#10704 = ORIENTED_EDGE('',*,*,#10705,.F.);
#10705 = EDGE_CURVE('',#10706,#10708,#10710,.T.);
#10706 = VERTEX_POINT('',#10707);
#10707 = CARTESIAN_POINT('',(-80.,2.,7.));
#10708 = VERTEX_POINT('',#10709);
#10709 = CARTESIAN_POINT('',(-80.,2.,13.));
#10710 = LINE('',#10711,#10712);
#10711 = CARTESIAN_POINT('',(-80.,2.,5.));
#10712 = VECTOR('',#10713,1.);
#10713 = DIRECTION('',(0.,0.,1.));
#10714 = ORIENTED_EDGE('',*,*,#10715,.T.);
#10715 = EDGE_CURVE('',#10706,#10434,#10716,.T.);
#10716 = CIRCLE('',#10717,2.);
#10717 = AXIS2_PLACEMENT_3D('',#10718,#10719,#10720);
#10718 = CARTESIAN_POINT('',(-78.,2.,7.));
#10719 = DIRECTION('',(0.,0.,1.));
#10720 = DIRECTION('',(-1.,0.,0.));
#10721 = ORIENTED_EDGE('',*,*,#10443,.T.);
#10722 = ORIENTED_EDGE('',*,*,#10723,.F.);
#10723 = EDGE_CURVE('',#10708,#10444,#10724,.T.);
#10724 = CIRCLE('',#10725,2.);
#10725 = AXIS2_PLACEMENT_3D('',#10726,#10727,#10728);
#10726 = CARTESIAN_POINT('',(-78.,2.,13.));
#10727 = DIRECTION('',(0.,0.,1.));
#10728 = DIRECTION('',(-1.,0.,0.));
#10729 = CYLINDRICAL_SURFACE('',#10730,2.);
#10730 = AXIS2_PLACEMENT_3D('',#10731,#10732,#10733);
#10731 = CARTESIAN_POINT('',(-78.,2.,5.));
#10732 = DIRECTION('',(0.,0.,1.));
#10733 = DIRECTION('',(-1.,0.,0.));
#10734 = ADVANCED_FACE('',(#10735),#10754,.T.);
#10735 = FACE_BOUND('',#10736,.T.);
#10736 = EDGE_LOOP('',(#10737,#10738,#10746,#10753));
#10737 = ORIENTED_EDGE('',*,*,#10564,.T.);
#10738 = ORIENTED_EDGE('',*,*,#10739,.T.);
#10739 = EDGE_CURVE('',#10565,#10740,#10742,.T.);
#10740 = VERTEX_POINT('',#10741);
#10741 = CARTESIAN_POINT('',(-10.8,1.8,8.));
#10742 = LINE('',#10743,#10744);
#10743 = CARTESIAN_POINT('',(-67.,1.8,8.));
#10744 = VECTOR('',#10745,1.);
#10745 = DIRECTION('',(1.,0.,0.));
#10746 = ORIENTED_EDGE('',*,*,#10747,.T.);
#10747 = EDGE_CURVE('',#10740,#10491,#10748,.T.);
#10748 = CIRCLE('',#10749,1.8);
#10749 = AXIS2_PLACEMENT_3D('',#10750,#10751,#10752);
#10750 = CARTESIAN_POINT('',(-10.8,1.8,9.8));
#10751 = DIRECTION('',(-1.,-6.123233995737E-17,0.));
#10752 = DIRECTION('',(6.123233995737E-17,-1.,0.));
#10753 = ORIENTED_EDGE('',*,*,#10498,.F.);
#10754 = CYLINDRICAL_SURFACE('',#10755,1.8);
#10755 = AXIS2_PLACEMENT_3D('',#10756,#10757,#10758);
#10756 = CARTESIAN_POINT('',(-67.,1.8,9.8));
#10757 = DIRECTION('',(1.,0.,0.));
#10758 = DIRECTION('',(0.,-1.,0.));
#10759 = ADVANCED_FACE('',(#10760),#10795,.T.);
#10760 = FACE_BOUND('',#10761,.F.);
#10761 = EDGE_LOOP('',(#10762,#10772,#10779,#10780,#10789));
#10762 = ORIENTED_EDGE('',*,*,#10763,.F.);
#10763 = EDGE_CURVE('',#10764,#10766,#10768,.T.);
#10764 = VERTEX_POINT('',#10765);
#10765 = CARTESIAN_POINT('',(-9.,1.8,9.8));
#10766 = VERTEX_POINT('',#10767);
#10767 = CARTESIAN_POINT('',(-9.,1.8,12.4));
#10768 = LINE('',#10769,#10770);
#10769 = CARTESIAN_POINT('',(-9.,1.8,8.));
#10770 = VECTOR('',#10771,1.);
#10771 = DIRECTION('',(0.,0.,1.));
#10772 = ORIENTED_EDGE('',*,*,#10773,.T.);
#10773 = EDGE_CURVE('',#10764,#10491,#10774,.T.);
#10774 = CIRCLE('',#10775,1.8);
#10775 = AXIS2_PLACEMENT_3D('',#10776,#10777,#10778);
#10776 = CARTESIAN_POINT('',(-10.8,1.8,9.8));
#10777 = DIRECTION('',(0.,0.,-1.));
#10778 = DIRECTION('',(1.,0.,0.));
#10779 = ORIENTED_EDGE('',*,*,#10490,.T.);
#10780 = ORIENTED_EDGE('',*,*,#10781,.F.);
#10781 = EDGE_CURVE('',#10782,#10483,#10784,.T.);
#10782 = VERTEX_POINT('',#10783);
#10783 = CARTESIAN_POINT('',(-9.,1.8,14.2));
#10784 = CIRCLE('',#10785,1.8);
#10785 = AXIS2_PLACEMENT_3D('',#10786,#10787,#10788);
#10786 = CARTESIAN_POINT('',(-10.8,1.8,14.2));
#10787 = DIRECTION('',(0.,0.,-1.));
#10788 = DIRECTION('',(1.,0.,0.));
#10789 = ORIENTED_EDGE('',*,*,#10790,.F.);
#10790 = EDGE_CURVE('',#10766,#10782,#10791,.T.);
#10791 = LINE('',#10792,#10793);
#10792 = CARTESIAN_POINT('',(-9.,1.8,8.));
#10793 = VECTOR('',#10794,1.);
#10794 = DIRECTION('',(0.,0.,1.));
#10795 = CYLINDRICAL_SURFACE('',#10796,1.8);
#10796 = AXIS2_PLACEMENT_3D('',#10797,#10798,#10799);
#10797 = CARTESIAN_POINT('',(-10.8,1.8,8.));
#10798 = DIRECTION('',(0.,0.,1.));
#10799 = DIRECTION('',(1.,0.,0.));
#10800 = ADVANCED_FACE('',(#10801),#10828,.T.);
#10801 = FACE_BOUND('',#10802,.F.);
#10802 = EDGE_LOOP('',(#10803,#10812,#10820,#10827));
#10803 = ORIENTED_EDGE('',*,*,#10804,.F.);
#10804 = EDGE_CURVE('',#10805,#10475,#10807,.T.);
#10805 = VERTEX_POINT('',#10806);
#10806 = CARTESIAN_POINT('',(-65.2,1.8,16.));
#10807 = CIRCLE('',#10808,1.8);
#10808 = AXIS2_PLACEMENT_3D('',#10809,#10810,#10811);
#10809 = CARTESIAN_POINT('',(-65.2,1.8,14.2));
#10810 = DIRECTION('',(1.,-6.123233995737E-17,0.));
#10811 = DIRECTION('',(-6.123233995737E-17,-1.,0.));
#10812 = ORIENTED_EDGE('',*,*,#10813,.T.);
#10813 = EDGE_CURVE('',#10805,#10814,#10816,.T.);
#10814 = VERTEX_POINT('',#10815);
#10815 = CARTESIAN_POINT('',(-10.8,1.8,16.));
#10816 = LINE('',#10817,#10818);
#10817 = CARTESIAN_POINT('',(-67.,1.8,16.));
#10818 = VECTOR('',#10819,1.);
#10819 = DIRECTION('',(1.,0.,0.));
#10820 = ORIENTED_EDGE('',*,*,#10821,.T.);
#10821 = EDGE_CURVE('',#10814,#10483,#10822,.T.);
#10822 = CIRCLE('',#10823,1.8);
#10823 = AXIS2_PLACEMENT_3D('',#10824,#10825,#10826);
#10824 = CARTESIAN_POINT('',(-10.8,1.8,14.2));
#10825 = DIRECTION('',(1.,6.123233995737E-17,0.));
#10826 = DIRECTION('',(6.123233995737E-17,-1.,0.));
#10827 = ORIENTED_EDGE('',*,*,#10482,.F.);
#10828 = CYLINDRICAL_SURFACE('',#10829,1.8);
#10829 = AXIS2_PLACEMENT_3D('',#10830,#10831,#10832);
#10830 = CARTESIAN_POINT('',(-67.,1.8,14.2));
#10831 = DIRECTION('',(1.,0.,0.));
#10832 = DIRECTION('',(0.,-1.,0.));
#10833 = ADVANCED_FACE('',(#10834),#10845,.T.);
#10834 = FACE_BOUND('',#10835,.T.);
#10835 = EDGE_LOOP('',(#10836,#10843,#10844));
#10836 = ORIENTED_EDGE('',*,*,#10837,.F.);
#10837 = EDGE_CURVE('',#10659,#10475,#10838,.T.);
#10838 = CIRCLE('',#10839,1.8);
#10839 = AXIS2_PLACEMENT_3D('',#10840,#10841,#10842);
#10840 = CARTESIAN_POINT('',(-65.2,1.8,14.2));
#10841 = DIRECTION('',(0.,0.,1.));
#10842 = DIRECTION('',(-1.,0.,0.));
#10843 = ORIENTED_EDGE('',*,*,#10685,.T.);
#10844 = ORIENTED_EDGE('',*,*,#10474,.T.);
#10845 = CYLINDRICAL_SURFACE('',#10846,1.8);
#10846 = AXIS2_PLACEMENT_3D('',#10847,#10848,#10849);
#10847 = CARTESIAN_POINT('',(-65.2,1.8,8.));
#10848 = DIRECTION('',(0.,0.,1.));
#10849 = DIRECTION('',(-1.,0.,0.));
#10850 = ADVANCED_FACE('',(#10851),#10862,.T.);
#10851 = FACE_BOUND('',#10852,.T.);
#10852 = EDGE_LOOP('',(#10853,#10860,#10861));
#10853 = ORIENTED_EDGE('',*,*,#10854,.F.);
#10854 = EDGE_CURVE('',#10514,#10706,#10855,.T.);
#10855 = CIRCLE('',#10856,2.);
#10856 = AXIS2_PLACEMENT_3D('',#10857,#10858,#10859);
#10857 = CARTESIAN_POINT('',(-78.,2.,7.));
#10858 = DIRECTION('',(0.,1.,-0.));
#10859 = DIRECTION('',(-1.,0.,0.));
#10860 = ORIENTED_EDGE('',*,*,#10513,.T.);
#10861 = ORIENTED_EDGE('',*,*,#10715,.F.);
#10862 = SPHERICAL_SURFACE('',#10863,2.);
#10863 = AXIS2_PLACEMENT_3D('',#10864,#10865,#10866);
#10864 = CARTESIAN_POINT('',(-78.,2.,7.));
#10865 = DIRECTION('',(0.,0.,1.));
#10866 = DIRECTION('',(-1.,0.,0.));
#10867 = ADVANCED_FACE('',(#10868),#10893,.F.);
#10868 = FACE_BOUND('',#10869,.F.);
#10869 = EDGE_LOOP('',(#10870,#10878,#10879,#10887));
#10870 = ORIENTED_EDGE('',*,*,#10871,.F.);
#10871 = EDGE_CURVE('',#10514,#10872,#10874,.T.);
#10872 = VERTEX_POINT('',#10873);
#10873 = CARTESIAN_POINT('',(-78.,5.,5.));
#10874 = LINE('',#10875,#10876);
#10875 = CARTESIAN_POINT('',(-78.,0.,5.));
#10876 = VECTOR('',#10877,1.);
#10877 = DIRECTION('',(0.,1.,0.));
#10878 = ORIENTED_EDGE('',*,*,#10522,.T.);
#10879 = ORIENTED_EDGE('',*,*,#10880,.T.);
#10880 = EDGE_CURVE('',#10523,#10881,#10883,.T.);
#10881 = VERTEX_POINT('',#10882);
#10882 = CARTESIAN_POINT('',(-64.,5.,5.));
#10883 = LINE('',#10884,#10885);
#10884 = CARTESIAN_POINT('',(-64.,0.,5.));
#10885 = VECTOR('',#10886,1.);
#10886 = DIRECTION('',(0.,1.,0.));
#10887 = ORIENTED_EDGE('',*,*,#10888,.F.);
#10888 = EDGE_CURVE('',#10872,#10881,#10889,.T.);
#10889 = LINE('',#10890,#10891);
#10890 = CARTESIAN_POINT('',(-80.,5.,5.));
#10891 = VECTOR('',#10892,1.);
#10892 = DIRECTION('',(1.,0.,0.));
#10893 = PLANE('',#10894);
#10894 = AXIS2_PLACEMENT_3D('',#10895,#10896,#10897);
#10895 = CARTESIAN_POINT('',(-80.,0.,5.));
#10896 = DIRECTION('',(0.,0.,1.));
#10897 = DIRECTION('',(1.,0.,0.));
#10898 = ADVANCED_FACE('',(#10899),#10910,.T.);
#10899 = FACE_BOUND('',#10900,.F.);
#10900 = EDGE_LOOP('',(#10901,#10908,#10909));
#10901 = ORIENTED_EDGE('',*,*,#10902,.F.);
#10902 = EDGE_CURVE('',#10523,#10547,#10903,.T.);
#10903 = CIRCLE('',#10904,2.);
#10904 = AXIS2_PLACEMENT_3D('',#10905,#10906,#10907);
#10905 = CARTESIAN_POINT('',(-64.,2.,7.));
#10906 = DIRECTION('',(0.,-1.,0.));
#10907 = DIRECTION('',(1.,0.,0.));
#10908 = ORIENTED_EDGE('',*,*,#10530,.T.);
#10909 = ORIENTED_EDGE('',*,*,#10556,.F.);
#10910 = SPHERICAL_SURFACE('',#10911,2.);
#10911 = AXIS2_PLACEMENT_3D('',#10912,#10913,#10914);
#10912 = CARTESIAN_POINT('',(-64.,2.,7.));
#10913 = DIRECTION('',(0.,0.,1.));
#10914 = DIRECTION('',(1.,0.,0.));
#10915 = ADVANCED_FACE('',(#10916),#10950,.T.);
#10916 = FACE_BOUND('',#10917,.T.);
#10917 = EDGE_LOOP('',(#10918,#10919,#10927,#10935,#10944));
#10918 = ORIENTED_EDGE('',*,*,#10546,.F.);
#10919 = ORIENTED_EDGE('',*,*,#10920,.T.);
#10920 = EDGE_CURVE('',#10547,#10921,#10923,.T.);
#10921 = VERTEX_POINT('',#10922);
#10922 = CARTESIAN_POINT('',(-62.,5.,7.));
#10923 = LINE('',#10924,#10925);
#10924 = CARTESIAN_POINT('',(-62.,0.,7.));
#10925 = VECTOR('',#10926,1.);
#10926 = DIRECTION('',(0.,1.,0.));
#10927 = ORIENTED_EDGE('',*,*,#10928,.T.);
#10928 = EDGE_CURVE('',#10921,#10929,#10931,.T.);
#10929 = VERTEX_POINT('',#10930);
#10930 = CARTESIAN_POINT('',(-62.,5.,9.8));
#10931 = LINE('',#10932,#10933);
#10932 = CARTESIAN_POINT('',(-62.,5.,5.));
#10933 = VECTOR('',#10934,1.);
#10934 = DIRECTION('',(0.,0.,1.));
#10935 = ORIENTED_EDGE('',*,*,#10936,.F.);
#10936 = EDGE_CURVE('',#10937,#10929,#10939,.T.);
#10937 = VERTEX_POINT('',#10938);
#10938 = CARTESIAN_POINT('',(-62.,3.2,8.));
#10939 = CIRCLE('',#10940,1.8);
#10940 = AXIS2_PLACEMENT_3D('',#10941,#10942,#10943);
#10941 = CARTESIAN_POINT('',(-62.,3.2,9.8));
#10942 = DIRECTION('',(1.,0.,0.));
#10943 = DIRECTION('',(0.,1.,0.));
#10944 = ORIENTED_EDGE('',*,*,#10945,.F.);
#10945 = EDGE_CURVE('',#10549,#10937,#10946,.T.);
#10946 = LINE('',#10947,#10948);
#10947 = CARTESIAN_POINT('',(-62.,0.,8.));
#10948 = VECTOR('',#10949,1.);
#10949 = DIRECTION('',(0.,1.,0.));
#10950 = PLANE('',#10951);
#10951 = AXIS2_PLACEMENT_3D('',#10952,#10953,#10954);
#10952 = CARTESIAN_POINT('',(-62.,0.,5.));
#10953 = DIRECTION('',(1.,0.,0.));
#10954 = DIRECTION('',(0.,0.,1.));
#10955 = ADVANCED_FACE('',(#10956),#10975,.F.);
#10956 = FACE_BOUND('',#10957,.F.);
#10957 = EDGE_LOOP('',(#10958,#10959,#10960,#10968,#10974));
#10958 = ORIENTED_EDGE('',*,*,#10613,.F.);
#10959 = ORIENTED_EDGE('',*,*,#10739,.T.);
#10960 = ORIENTED_EDGE('',*,*,#10961,.T.);
#10961 = EDGE_CURVE('',#10740,#10962,#10964,.T.);
#10962 = VERTEX_POINT('',#10963);
#10963 = CARTESIAN_POINT('',(-10.8,3.2,8.));
#10964 = LINE('',#10965,#10966);
#10965 = CARTESIAN_POINT('',(-10.8,0.,8.));
#10966 = VECTOR('',#10967,1.);
#10967 = DIRECTION('',(0.,1.,0.));
#10968 = ORIENTED_EDGE('',*,*,#10969,.F.);
#10969 = EDGE_CURVE('',#10937,#10962,#10970,.T.);
#10970 = LINE('',#10971,#10972);
#10971 = CARTESIAN_POINT('',(-67.,3.2,8.));
#10972 = VECTOR('',#10973,1.);
#10973 = DIRECTION('',(1.,0.,0.));
#10974 = ORIENTED_EDGE('',*,*,#10945,.F.);
#10975 = PLANE('',#10976);
#10976 = AXIS2_PLACEMENT_3D('',#10977,#10978,#10979);
#10977 = CARTESIAN_POINT('',(-67.,0.,8.));
#10978 = DIRECTION('',(0.,0.,1.));
#10979 = DIRECTION('',(1.,0.,0.));
#10980 = ADVANCED_FACE('',(#10981),#10992,.T.);
#10981 = FACE_BOUND('',#10982,.F.);
#10982 = EDGE_LOOP('',(#10983,#10990,#10991));
#10983 = ORIENTED_EDGE('',*,*,#10984,.F.);
#10984 = EDGE_CURVE('',#10629,#10708,#10985,.T.);
#10985 = CIRCLE('',#10986,2.);
#10986 = AXIS2_PLACEMENT_3D('',#10987,#10988,#10989);
#10987 = CARTESIAN_POINT('',(-78.,2.,13.));
#10988 = DIRECTION('',(0.,-1.,0.));
#10989 = DIRECTION('',(-1.,0.,0.));
#10990 = ORIENTED_EDGE('',*,*,#10628,.T.);
#10991 = ORIENTED_EDGE('',*,*,#10723,.F.);
#10992 = SPHERICAL_SURFACE('',#10993,2.);
#10993 = AXIS2_PLACEMENT_3D('',#10994,#10995,#10996);
#10994 = CARTESIAN_POINT('',(-78.,2.,13.));
#10995 = DIRECTION('',(-0.,-0.,-1.));
#10996 = DIRECTION('',(-1.,0.,0.));
#10997 = ADVANCED_FACE('',(#10998),#11010,.T.);
#10998 = FACE_BOUND('',#10999,.F.);
#10999 = EDGE_LOOP('',(#11000,#11007,#11008,#11009));
#11000 = ORIENTED_EDGE('',*,*,#11001,.F.);
#11001 = EDGE_CURVE('',#10805,#10646,#11002,.T.);
#11002 = CIRCLE('',#11003,1.8);
#11003 = AXIS2_PLACEMENT_3D('',#11004,#11005,#11006);
#11004 = CARTESIAN_POINT('',(-65.2,1.8,14.2));
#11005 = DIRECTION('',(0.,-1.,0.));
#11006 = DIRECTION('',(-1.,0.,0.));
#11007 = ORIENTED_EDGE('',*,*,#10804,.T.);
#11008 = ORIENTED_EDGE('',*,*,#10837,.F.);
#11009 = ORIENTED_EDGE('',*,*,#10658,.T.);
#11010 = SPHERICAL_SURFACE('',#11011,1.8);
#11011 = AXIS2_PLACEMENT_3D('',#11012,#11013,#11014);
#11012 = CARTESIAN_POINT('',(-65.2,1.8,14.2));
#11013 = DIRECTION('',(-0.,-0.,-1.));
#11014 = DIRECTION('',(-1.,0.,0.));
#11015 = ADVANCED_FACE('',(#11016),#11043,.T.);
#11016 = FACE_BOUND('',#11017,.T.);
#11017 = EDGE_LOOP('',(#11018,#11019,#11027,#11036,#11042));
#11018 = ORIENTED_EDGE('',*,*,#11001,.F.);
#11019 = ORIENTED_EDGE('',*,*,#11020,.T.);
#11020 = EDGE_CURVE('',#10805,#11021,#11023,.T.);
#11021 = VERTEX_POINT('',#11022);
#11022 = CARTESIAN_POINT('',(-65.2,3.2,16.));
#11023 = LINE('',#11024,#11025);
#11024 = CARTESIAN_POINT('',(-65.2,0.,16.));
#11025 = VECTOR('',#11026,1.);
#11026 = DIRECTION('',(0.,1.,0.));
#11027 = ORIENTED_EDGE('',*,*,#11028,.F.);
#11028 = EDGE_CURVE('',#11029,#11021,#11031,.T.);
#11029 = VERTEX_POINT('',#11030);
#11030 = CARTESIAN_POINT('',(-66.81245154966,3.2,15.));
#11031 = CIRCLE('',#11032,1.8);
#11032 = AXIS2_PLACEMENT_3D('',#11033,#11034,#11035);
#11033 = CARTESIAN_POINT('',(-65.2,3.2,14.2));
#11034 = DIRECTION('',(0.,1.,-0.));
#11035 = DIRECTION('',(-1.,0.,0.));
#11036 = ORIENTED_EDGE('',*,*,#11037,.F.);
#11037 = EDGE_CURVE('',#10638,#11029,#11038,.T.);
#11038 = LINE('',#11039,#11040);
#11039 = CARTESIAN_POINT('',(-66.81245154966,0.,15.));
#11040 = VECTOR('',#11041,1.);
#11041 = DIRECTION('',(0.,1.,0.));
#11042 = ORIENTED_EDGE('',*,*,#10645,.F.);
#11043 = CYLINDRICAL_SURFACE('',#11044,1.8);
#11044 = AXIS2_PLACEMENT_3D('',#11045,#11046,#11047);
#11045 = CARTESIAN_POINT('',(-65.2,0.,14.2));
#11046 = DIRECTION('',(0.,1.,0.));
#11047 = DIRECTION('',(-1.,0.,0.));
#11048 = ADVANCED_FACE('',(#11049),#11092,.T.);
#11049 = FACE_BOUND('',#11050,.T.);
#11050 = EDGE_LOOP('',(#11051,#11059,#11060,#11061,#11070,#11078,#11086)
  );
#11051 = ORIENTED_EDGE('',*,*,#11052,.F.);
#11052 = EDGE_CURVE('',#10629,#11053,#11055,.T.);
#11053 = VERTEX_POINT('',#11054);
#11054 = CARTESIAN_POINT('',(-78.,5.,15.));
#11055 = LINE('',#11056,#11057);
#11056 = CARTESIAN_POINT('',(-78.,0.,15.));
#11057 = VECTOR('',#11058,1.);
#11058 = DIRECTION('',(0.,1.,0.));
#11059 = ORIENTED_EDGE('',*,*,#10637,.T.);
#11060 = ORIENTED_EDGE('',*,*,#11037,.T.);
#11061 = ORIENTED_EDGE('',*,*,#11062,.F.);
#11062 = EDGE_CURVE('',#11063,#11029,#11065,.T.);
#11063 = VERTEX_POINT('',#11064);
#11064 = CARTESIAN_POINT('',(-65.2,4.81245154966,15.));
#11065 = CIRCLE('',#11066,1.61245154966);
#11066 = AXIS2_PLACEMENT_3D('',#11067,#11068,#11069);
#11067 = CARTESIAN_POINT('',(-65.2,3.2,15.));
#11068 = DIRECTION('',(-0.,0.,1.));
#11069 = DIRECTION('',(0.,-1.,0.));
#11070 = ORIENTED_EDGE('',*,*,#11071,.T.);
#11071 = EDGE_CURVE('',#11063,#11072,#11074,.T.);
#11072 = VERTEX_POINT('',#11073);
#11073 = CARTESIAN_POINT('',(-64.,4.81245154966,15.));
#11074 = LINE('',#11075,#11076);
#11075 = CARTESIAN_POINT('',(-67.,4.81245154966,15.));
#11076 = VECTOR('',#11077,1.);
#11077 = DIRECTION('',(1.,0.,0.));
#11078 = ORIENTED_EDGE('',*,*,#11079,.T.);
#11079 = EDGE_CURVE('',#11072,#11080,#11082,.T.);
#11080 = VERTEX_POINT('',#11081);
#11081 = CARTESIAN_POINT('',(-64.,5.,15.));
#11082 = LINE('',#11083,#11084);
#11083 = CARTESIAN_POINT('',(-64.,0.,15.));
#11084 = VECTOR('',#11085,1.);
#11085 = DIRECTION('',(0.,1.,0.));
#11086 = ORIENTED_EDGE('',*,*,#11087,.F.);
#11087 = EDGE_CURVE('',#11053,#11080,#11088,.T.);
#11088 = LINE('',#11089,#11090);
#11089 = CARTESIAN_POINT('',(-80.,5.,15.));
#11090 = VECTOR('',#11091,1.);
#11091 = DIRECTION('',(1.,0.,0.));
#11092 = PLANE('',#11093);
#11093 = AXIS2_PLACEMENT_3D('',#11094,#11095,#11096);
#11094 = CARTESIAN_POINT('',(-80.,0.,15.));
#11095 = DIRECTION('',(0.,0.,1.));
#11096 = DIRECTION('',(1.,0.,0.));
#11097 = ADVANCED_FACE('',(#11098),#11123,.F.);
#11098 = FACE_BOUND('',#11099,.F.);
#11099 = EDGE_LOOP('',(#11100,#11101,#11109,#11117));
#11100 = ORIENTED_EDGE('',*,*,#10705,.F.);
#11101 = ORIENTED_EDGE('',*,*,#11102,.T.);
#11102 = EDGE_CURVE('',#10706,#11103,#11105,.T.);
#11103 = VERTEX_POINT('',#11104);
#11104 = CARTESIAN_POINT('',(-80.,5.,7.));
#11105 = LINE('',#11106,#11107);
#11106 = CARTESIAN_POINT('',(-80.,0.,7.));
#11107 = VECTOR('',#11108,1.);
#11108 = DIRECTION('',(0.,1.,0.));
#11109 = ORIENTED_EDGE('',*,*,#11110,.T.);
#11110 = EDGE_CURVE('',#11103,#11111,#11113,.T.);
#11111 = VERTEX_POINT('',#11112);
#11112 = CARTESIAN_POINT('',(-80.,5.,13.));
#11113 = LINE('',#11114,#11115);
#11114 = CARTESIAN_POINT('',(-80.,5.,5.));
#11115 = VECTOR('',#11116,1.);
#11116 = DIRECTION('',(0.,0.,1.));
#11117 = ORIENTED_EDGE('',*,*,#11118,.F.);
#11118 = EDGE_CURVE('',#10708,#11111,#11119,.T.);
#11119 = LINE('',#11120,#11121);
#11120 = CARTESIAN_POINT('',(-80.,0.,13.));
#11121 = VECTOR('',#11122,1.);
#11122 = DIRECTION('',(0.,1.,0.));
#11123 = PLANE('',#11124);
#11124 = AXIS2_PLACEMENT_3D('',#11125,#11126,#11127);
#11125 = CARTESIAN_POINT('',(-80.,0.,5.));
#11126 = DIRECTION('',(1.,0.,0.));
#11127 = DIRECTION('',(0.,0.,1.));
#11128 = ADVANCED_FACE('',(#11129),#11140,.T.);
#11129 = FACE_BOUND('',#11130,.F.);
#11130 = EDGE_LOOP('',(#11131,#11138,#11139));
#11131 = ORIENTED_EDGE('',*,*,#11132,.F.);
#11132 = EDGE_CURVE('',#10740,#10764,#11133,.T.);
#11133 = CIRCLE('',#11134,1.8);
#11134 = AXIS2_PLACEMENT_3D('',#11135,#11136,#11137);
#11135 = CARTESIAN_POINT('',(-10.8,1.8,9.8));
#11136 = DIRECTION('',(0.,-1.,0.));
#11137 = DIRECTION('',(1.,0.,0.));
#11138 = ORIENTED_EDGE('',*,*,#10747,.T.);
#11139 = ORIENTED_EDGE('',*,*,#10773,.F.);
#11140 = SPHERICAL_SURFACE('',#11141,1.8);
#11141 = AXIS2_PLACEMENT_3D('',#11142,#11143,#11144);
#11142 = CARTESIAN_POINT('',(-10.8,1.8,9.8));
#11143 = DIRECTION('',(0.,0.,1.));
#11144 = DIRECTION('',(1.,0.,0.));
#11145 = ADVANCED_FACE('',(#11146),#11203,.F.);
#11146 = FACE_BOUND('',#11147,.F.);
#11147 = EDGE_LOOP('',(#11148,#11158,#11166,#11174,#11182,#11190,#11196,
    #11197));
#11148 = ORIENTED_EDGE('',*,*,#11149,.F.);
#11149 = EDGE_CURVE('',#11150,#11152,#11154,.T.);
#11150 = VERTEX_POINT('',#11151);
#11151 = CARTESIAN_POINT('',(-9.,1.6,8.6));
#11152 = VERTEX_POINT('',#11153);
#11153 = CARTESIAN_POINT('',(-9.,1.6,12.4));
#11154 = LINE('',#11155,#11156);
#11155 = CARTESIAN_POINT('',(-9.,1.6,7.));
#11156 = VECTOR('',#11157,1.);
#11157 = DIRECTION('',(0.,0.,1.));
#11158 = ORIENTED_EDGE('',*,*,#11159,.T.);
#11159 = EDGE_CURVE('',#11150,#11160,#11162,.T.);
#11160 = VERTEX_POINT('',#11161);
#11161 = CARTESIAN_POINT('',(-9.,3.4,8.6));
#11162 = LINE('',#11163,#11164);
#11163 = CARTESIAN_POINT('',(-9.,0.,8.6));
#11164 = VECTOR('',#11165,1.);
#11165 = DIRECTION('',(0.,1.,0.));
#11166 = ORIENTED_EDGE('',*,*,#11167,.T.);
#11167 = EDGE_CURVE('',#11160,#11168,#11170,.T.);
#11168 = VERTEX_POINT('',#11169);
#11169 = CARTESIAN_POINT('',(-9.,3.4,12.4));
#11170 = LINE('',#11171,#11172);
#11171 = CARTESIAN_POINT('',(-9.,3.4,7.));
#11172 = VECTOR('',#11173,1.);
#11173 = DIRECTION('',(0.,0.,1.));
#11174 = ORIENTED_EDGE('',*,*,#11175,.F.);
#11175 = EDGE_CURVE('',#11176,#11168,#11178,.T.);
#11176 = VERTEX_POINT('',#11177);
#11177 = CARTESIAN_POINT('',(-9.,3.2,12.4));
#11178 = LINE('',#11179,#11180);
#11179 = CARTESIAN_POINT('',(-9.,0.,12.4));
#11180 = VECTOR('',#11181,1.);
#11181 = DIRECTION('',(0.,1.,0.));
#11182 = ORIENTED_EDGE('',*,*,#11183,.F.);
#11183 = EDGE_CURVE('',#11184,#11176,#11186,.T.);
#11184 = VERTEX_POINT('',#11185);
#11185 = CARTESIAN_POINT('',(-9.,3.2,9.8));
#11186 = LINE('',#11187,#11188);
#11187 = CARTESIAN_POINT('',(-9.,3.2,8.));
#11188 = VECTOR('',#11189,1.);
#11189 = DIRECTION('',(0.,0.,1.));
#11190 = ORIENTED_EDGE('',*,*,#11191,.F.);
#11191 = EDGE_CURVE('',#10764,#11184,#11192,.T.);
#11192 = LINE('',#11193,#11194);
#11193 = CARTESIAN_POINT('',(-9.,0.,9.8));
#11194 = VECTOR('',#11195,1.);
#11195 = DIRECTION('',(0.,1.,0.));
#11196 = ORIENTED_EDGE('',*,*,#10763,.T.);
#11197 = ORIENTED_EDGE('',*,*,#11198,.F.);
#11198 = EDGE_CURVE('',#11152,#10766,#11199,.T.);
#11199 = LINE('',#11200,#11201);
#11200 = CARTESIAN_POINT('',(-9.,0.,12.4));
#11201 = VECTOR('',#11202,1.);
#11202 = DIRECTION('',(0.,1.,0.));
#11203 = PLANE('',#11204);
#11204 = AXIS2_PLACEMENT_3D('',#11205,#11206,#11207);
#11205 = CARTESIAN_POINT('',(-9.,0.,7.));
#11206 = DIRECTION('',(1.,0.,0.));
#11207 = DIRECTION('',(0.,0.,1.));
#11208 = ADVANCED_FACE('',(#11209),#11232,.T.);
#11209 = FACE_BOUND('',#11210,.T.);
#11210 = EDGE_LOOP('',(#11211,#11212,#11218,#11226));
#11211 = ORIENTED_EDGE('',*,*,#10790,.F.);
#11212 = ORIENTED_EDGE('',*,*,#11213,.T.);
#11213 = EDGE_CURVE('',#10766,#11176,#11214,.T.);
#11214 = LINE('',#11215,#11216);
#11215 = CARTESIAN_POINT('',(-9.,0.,12.4));
#11216 = VECTOR('',#11217,1.);
#11217 = DIRECTION('',(0.,1.,0.));
#11218 = ORIENTED_EDGE('',*,*,#11219,.T.);
#11219 = EDGE_CURVE('',#11176,#11220,#11222,.T.);
#11220 = VERTEX_POINT('',#11221);
#11221 = CARTESIAN_POINT('',(-9.,3.2,14.2));
#11222 = LINE('',#11223,#11224);
#11223 = CARTESIAN_POINT('',(-9.,3.2,8.));
#11224 = VECTOR('',#11225,1.);
#11225 = DIRECTION('',(0.,0.,1.));
#11226 = ORIENTED_EDGE('',*,*,#11227,.F.);
#11227 = EDGE_CURVE('',#10782,#11220,#11228,.T.);
#11228 = LINE('',#11229,#11230);
#11229 = CARTESIAN_POINT('',(-9.,0.,14.2));
#11230 = VECTOR('',#11231,1.);
#11231 = DIRECTION('',(0.,1.,0.));
#11232 = PLANE('',#11233);
#11233 = AXIS2_PLACEMENT_3D('',#11234,#11235,#11236);
#11234 = CARTESIAN_POINT('',(-9.,0.,8.));
#11235 = DIRECTION('',(1.,0.,0.));
#11236 = DIRECTION('',(0.,0.,1.));
#11237 = ADVANCED_FACE('',(#11238),#11249,.T.);
#11238 = FACE_BOUND('',#11239,.T.);
#11239 = EDGE_LOOP('',(#11240,#11247,#11248));
#11240 = ORIENTED_EDGE('',*,*,#11241,.F.);
#11241 = EDGE_CURVE('',#10814,#10782,#11242,.T.);
#11242 = CIRCLE('',#11243,1.8);
#11243 = AXIS2_PLACEMENT_3D('',#11244,#11245,#11246);
#11244 = CARTESIAN_POINT('',(-10.8,1.8,14.2));
#11245 = DIRECTION('',(-0.,1.,0.));
#11246 = DIRECTION('',(1.,0.,0.));
#11247 = ORIENTED_EDGE('',*,*,#10821,.T.);
#11248 = ORIENTED_EDGE('',*,*,#10781,.F.);
#11249 = SPHERICAL_SURFACE('',#11250,1.8);
#11250 = AXIS2_PLACEMENT_3D('',#11251,#11252,#11253);
#11251 = CARTESIAN_POINT('',(-10.8,1.8,14.2));
#11252 = DIRECTION('',(-0.,-0.,-1.));
#11253 = DIRECTION('',(1.,0.,0.));
#11254 = ADVANCED_FACE('',(#11255),#11273,.T.);
#11255 = FACE_BOUND('',#11256,.T.);
#11256 = EDGE_LOOP('',(#11257,#11258,#11259,#11267));
#11257 = ORIENTED_EDGE('',*,*,#11020,.F.);
#11258 = ORIENTED_EDGE('',*,*,#10813,.T.);
#11259 = ORIENTED_EDGE('',*,*,#11260,.T.);
#11260 = EDGE_CURVE('',#10814,#11261,#11263,.T.);
#11261 = VERTEX_POINT('',#11262);
#11262 = CARTESIAN_POINT('',(-10.8,3.2,16.));
#11263 = LINE('',#11264,#11265);
#11264 = CARTESIAN_POINT('',(-10.8,0.,16.));
#11265 = VECTOR('',#11266,1.);
#11266 = DIRECTION('',(0.,1.,0.));
#11267 = ORIENTED_EDGE('',*,*,#11268,.F.);
#11268 = EDGE_CURVE('',#11021,#11261,#11269,.T.);
#11269 = LINE('',#11270,#11271);
#11270 = CARTESIAN_POINT('',(-67.,3.2,16.));
#11271 = VECTOR('',#11272,1.);
#11272 = DIRECTION('',(1.,0.,0.));
#11273 = PLANE('',#11274);
#11274 = AXIS2_PLACEMENT_3D('',#11275,#11276,#11277);
#11275 = CARTESIAN_POINT('',(-67.,0.,16.));
#11276 = DIRECTION('',(0.,0.,1.));
#11277 = DIRECTION('',(1.,0.,0.));
#11278 = ADVANCED_FACE('',(#11279),#11291,.T.);
#11279 = FACE_BOUND('',#11280,.F.);
#11280 = EDGE_LOOP('',(#11281,#11282,#11283,#11290));
#11281 = ORIENTED_EDGE('',*,*,#10854,.F.);
#11282 = ORIENTED_EDGE('',*,*,#10871,.T.);
#11283 = ORIENTED_EDGE('',*,*,#11284,.T.);
#11284 = EDGE_CURVE('',#10872,#11103,#11285,.T.);
#11285 = CIRCLE('',#11286,2.);
#11286 = AXIS2_PLACEMENT_3D('',#11287,#11288,#11289);
#11287 = CARTESIAN_POINT('',(-78.,5.,7.));
#11288 = DIRECTION('',(0.,1.,-0.));
#11289 = DIRECTION('',(-1.,0.,0.));
#11290 = ORIENTED_EDGE('',*,*,#11102,.F.);
#11291 = CYLINDRICAL_SURFACE('',#11292,2.);
#11292 = AXIS2_PLACEMENT_3D('',#11293,#11294,#11295);
#11293 = CARTESIAN_POINT('',(-78.,0.,7.));
#11294 = DIRECTION('',(0.,1.,0.));
#11295 = DIRECTION('',(-1.,0.,0.));
#11296 = ADVANCED_FACE('',(#11297),#11324,.T.);
#11297 = FACE_BOUND('',#11298,.F.);
#11298 = EDGE_LOOP('',(#11299,#11308,#11309,#11318));
#11299 = ORIENTED_EDGE('',*,*,#11300,.F.);
#11300 = EDGE_CURVE('',#10872,#11301,#11303,.T.);
#11301 = VERTEX_POINT('',#11302);
#11302 = CARTESIAN_POINT('',(-78.,7.,7.));
#11303 = CIRCLE('',#11304,2.);
#11304 = AXIS2_PLACEMENT_3D('',#11305,#11306,#11307);
#11305 = CARTESIAN_POINT('',(-78.,5.,7.));
#11306 = DIRECTION('',(1.,6.123233995737E-17,-0.));
#11307 = DIRECTION('',(-6.123233995737E-17,1.,0.));
#11308 = ORIENTED_EDGE('',*,*,#10888,.T.);
#11309 = ORIENTED_EDGE('',*,*,#11310,.T.);
#11310 = EDGE_CURVE('',#10881,#11311,#11313,.T.);
#11311 = VERTEX_POINT('',#11312);
#11312 = CARTESIAN_POINT('',(-64.,7.,7.));
#11313 = CIRCLE('',#11314,2.);
#11314 = AXIS2_PLACEMENT_3D('',#11315,#11316,#11317);
#11315 = CARTESIAN_POINT('',(-64.,5.,7.));
#11316 = DIRECTION('',(1.,-6.123233995737E-17,0.));
#11317 = DIRECTION('',(6.123233995737E-17,1.,0.));
#11318 = ORIENTED_EDGE('',*,*,#11319,.F.);
#11319 = EDGE_CURVE('',#11301,#11311,#11320,.T.);
#11320 = LINE('',#11321,#11322);
#11321 = CARTESIAN_POINT('',(-80.,7.,7.));
#11322 = VECTOR('',#11323,1.);
#11323 = DIRECTION('',(1.,0.,0.));
#11324 = CYLINDRICAL_SURFACE('',#11325,2.);
#11325 = AXIS2_PLACEMENT_3D('',#11326,#11327,#11328);
#11326 = CARTESIAN_POINT('',(-80.,5.,7.));
#11327 = DIRECTION('',(1.,0.,0.));
#11328 = DIRECTION('',(0.,1.,0.));
#11329 = ADVANCED_FACE('',(#11330),#11342,.T.);
#11330 = FACE_BOUND('',#11331,.T.);
#11331 = EDGE_LOOP('',(#11332,#11333,#11334,#11341));
#11332 = ORIENTED_EDGE('',*,*,#10902,.F.);
#11333 = ORIENTED_EDGE('',*,*,#10880,.T.);
#11334 = ORIENTED_EDGE('',*,*,#11335,.T.);
#11335 = EDGE_CURVE('',#10881,#10921,#11336,.T.);
#11336 = CIRCLE('',#11337,2.);
#11337 = AXIS2_PLACEMENT_3D('',#11338,#11339,#11340);
#11338 = CARTESIAN_POINT('',(-64.,5.,7.));
#11339 = DIRECTION('',(0.,-1.,0.));
#11340 = DIRECTION('',(1.,0.,0.));
#11341 = ORIENTED_EDGE('',*,*,#10920,.F.);
#11342 = CYLINDRICAL_SURFACE('',#11343,2.);
#11343 = AXIS2_PLACEMENT_3D('',#11344,#11345,#11346);
#11344 = CARTESIAN_POINT('',(-64.,0.,7.));
#11345 = DIRECTION('',(0.,1.,0.));
#11346 = DIRECTION('',(1.,0.,0.));
#11347 = ADVANCED_FACE('',(#11348),#11367,.T.);
#11348 = FACE_BOUND('',#11349,.F.);
#11349 = EDGE_LOOP('',(#11350,#11351,#11352,#11361));
#11350 = ORIENTED_EDGE('',*,*,#10936,.F.);
#11351 = ORIENTED_EDGE('',*,*,#10969,.T.);
#11352 = ORIENTED_EDGE('',*,*,#11353,.T.);
#11353 = EDGE_CURVE('',#10962,#11354,#11356,.T.);
#11354 = VERTEX_POINT('',#11355);
#11355 = CARTESIAN_POINT('',(-10.8,5.,9.8));
#11356 = CIRCLE('',#11357,1.8);
#11357 = AXIS2_PLACEMENT_3D('',#11358,#11359,#11360);
#11358 = CARTESIAN_POINT('',(-10.8,3.2,9.8));
#11359 = DIRECTION('',(1.,-6.123233995737E-17,0.));
#11360 = DIRECTION('',(6.123233995737E-17,1.,0.));
#11361 = ORIENTED_EDGE('',*,*,#11362,.F.);
#11362 = EDGE_CURVE('',#10929,#11354,#11363,.T.);
#11363 = LINE('',#11364,#11365);
#11364 = CARTESIAN_POINT('',(-67.,5.,9.8));
#11365 = VECTOR('',#11366,1.);
#11366 = DIRECTION('',(1.,0.,0.));
#11367 = CYLINDRICAL_SURFACE('',#11368,1.8);
#11368 = AXIS2_PLACEMENT_3D('',#11369,#11370,#11371);
#11369 = CARTESIAN_POINT('',(-67.,3.2,9.8));
#11370 = DIRECTION('',(1.,0.,0.));
#11371 = DIRECTION('',(0.,1.,0.));
#11372 = ADVANCED_FACE('',(#11373),#11406,.T.);
#11373 = FACE_BOUND('',#11374,.T.);
#11374 = EDGE_LOOP('',(#11375,#11376,#11383,#11391,#11400));
#11375 = ORIENTED_EDGE('',*,*,#10928,.F.);
#11376 = ORIENTED_EDGE('',*,*,#11377,.T.);
#11377 = EDGE_CURVE('',#10921,#11311,#11378,.T.);
#11378 = CIRCLE('',#11379,2.);
#11379 = AXIS2_PLACEMENT_3D('',#11380,#11381,#11382);
#11380 = CARTESIAN_POINT('',(-64.,5.,7.));
#11381 = DIRECTION('',(0.,0.,1.));
#11382 = DIRECTION('',(1.,0.,0.));
#11383 = ORIENTED_EDGE('',*,*,#11384,.T.);
#11384 = EDGE_CURVE('',#11311,#11385,#11387,.T.);
#11385 = VERTEX_POINT('',#11386);
#11386 = CARTESIAN_POINT('',(-64.,7.,13.));
#11387 = LINE('',#11388,#11389);
#11388 = CARTESIAN_POINT('',(-64.,7.,5.));
#11389 = VECTOR('',#11390,1.);
#11390 = DIRECTION('',(0.,0.,1.));
#11391 = ORIENTED_EDGE('',*,*,#11392,.T.);
#11392 = EDGE_CURVE('',#11385,#11393,#11395,.T.);
#11393 = VERTEX_POINT('',#11394);
#11394 = CARTESIAN_POINT('',(-62.,5.,13.));
#11395 = CIRCLE('',#11396,2.);
#11396 = AXIS2_PLACEMENT_3D('',#11397,#11398,#11399);
#11397 = CARTESIAN_POINT('',(-64.,5.,13.));
#11398 = DIRECTION('',(0.,0.,-1.));
#11399 = DIRECTION('',(1.,0.,0.));
#11400 = ORIENTED_EDGE('',*,*,#11401,.F.);
#11401 = EDGE_CURVE('',#10929,#11393,#11402,.T.);
#11402 = LINE('',#11403,#11404);
#11403 = CARTESIAN_POINT('',(-62.,5.,5.));
#11404 = VECTOR('',#11405,1.);
#11405 = DIRECTION('',(0.,0.,1.));
#11406 = CYLINDRICAL_SURFACE('',#11407,2.);
#11407 = AXIS2_PLACEMENT_3D('',#11408,#11409,#11410);
#11408 = CARTESIAN_POINT('',(-64.,5.,5.));
#11409 = DIRECTION('',(0.,0.,1.));
#11410 = DIRECTION('',(1.,0.,0.));
#11411 = ADVANCED_FACE('',(#11412),#11424,.T.);
#11412 = FACE_BOUND('',#11413,.T.);
#11413 = EDGE_LOOP('',(#11414,#11415,#11416,#11423));
#11414 = ORIENTED_EDGE('',*,*,#11132,.F.);
#11415 = ORIENTED_EDGE('',*,*,#10961,.T.);
#11416 = ORIENTED_EDGE('',*,*,#11417,.T.);
#11417 = EDGE_CURVE('',#10962,#11184,#11418,.T.);
#11418 = CIRCLE('',#11419,1.8);
#11419 = AXIS2_PLACEMENT_3D('',#11420,#11421,#11422);
#11420 = CARTESIAN_POINT('',(-10.8,3.2,9.8));
#11421 = DIRECTION('',(0.,-1.,0.));
#11422 = DIRECTION('',(1.,0.,0.));
#11423 = ORIENTED_EDGE('',*,*,#11191,.F.);
#11424 = CYLINDRICAL_SURFACE('',#11425,1.8);
#11425 = AXIS2_PLACEMENT_3D('',#11426,#11427,#11428);
#11426 = CARTESIAN_POINT('',(-10.8,0.,9.8));
#11427 = DIRECTION('',(0.,1.,0.));
#11428 = DIRECTION('',(1.,0.,0.));
#11429 = ADVANCED_FACE('',(#11430),#11442,.T.);
#11430 = FACE_BOUND('',#11431,.T.);
#11431 = EDGE_LOOP('',(#11432,#11433,#11434,#11441));
#11432 = ORIENTED_EDGE('',*,*,#10984,.F.);
#11433 = ORIENTED_EDGE('',*,*,#11052,.T.);
#11434 = ORIENTED_EDGE('',*,*,#11435,.F.);
#11435 = EDGE_CURVE('',#11111,#11053,#11436,.T.);
#11436 = CIRCLE('',#11437,2.);
#11437 = AXIS2_PLACEMENT_3D('',#11438,#11439,#11440);
#11438 = CARTESIAN_POINT('',(-78.,5.,13.));
#11439 = DIRECTION('',(0.,1.,-0.));
#11440 = DIRECTION('',(-1.,0.,0.));
#11441 = ORIENTED_EDGE('',*,*,#11118,.F.);
#11442 = CYLINDRICAL_SURFACE('',#11443,2.);
#11443 = AXIS2_PLACEMENT_3D('',#11444,#11445,#11446);
#11444 = CARTESIAN_POINT('',(-78.,0.,13.));
#11445 = DIRECTION('',(0.,1.,0.));
#11446 = DIRECTION('',(-1.,0.,0.));
#11447 = ADVANCED_FACE('',(#11448),#11459,.T.);
#11448 = FACE_BOUND('',#11449,.F.);
#11449 = EDGE_LOOP('',(#11450,#11451,#11458));
#11450 = ORIENTED_EDGE('',*,*,#11062,.F.);
#11451 = ORIENTED_EDGE('',*,*,#11452,.T.);
#11452 = EDGE_CURVE('',#11063,#11021,#11453,.T.);
#11453 = CIRCLE('',#11454,1.8);
#11454 = AXIS2_PLACEMENT_3D('',#11455,#11456,#11457);
#11455 = CARTESIAN_POINT('',(-65.2,3.2,14.2));
#11456 = DIRECTION('',(1.,0.,6.123233995737E-17));
#11457 = DIRECTION('',(-6.123233995737E-17,0.,1.));
#11458 = ORIENTED_EDGE('',*,*,#11028,.F.);
#11459 = SPHERICAL_SURFACE('',#11460,1.8);
#11460 = AXIS2_PLACEMENT_3D('',#11461,#11462,#11463);
#11461 = CARTESIAN_POINT('',(-65.2,3.2,14.2));
#11462 = DIRECTION('',(0.,-1.,0.));
#11463 = DIRECTION('',(-1.,0.,0.));
#11464 = ADVANCED_FACE('',(#11465),#11490,.T.);
#11465 = FACE_BOUND('',#11466,.T.);
#11466 = EDGE_LOOP('',(#11467,#11476,#11477,#11484));
#11467 = ORIENTED_EDGE('',*,*,#11468,.T.);
#11468 = EDGE_CURVE('',#11469,#11053,#11471,.T.);
#11469 = VERTEX_POINT('',#11470);
#11470 = CARTESIAN_POINT('',(-78.,7.,13.));
#11471 = CIRCLE('',#11472,2.);
#11472 = AXIS2_PLACEMENT_3D('',#11473,#11474,#11475);
#11473 = CARTESIAN_POINT('',(-78.,5.,13.));
#11474 = DIRECTION('',(1.,0.,6.123233995737E-17));
#11475 = DIRECTION('',(-6.123233995737E-17,0.,1.));
#11476 = ORIENTED_EDGE('',*,*,#11087,.T.);
#11477 = ORIENTED_EDGE('',*,*,#11478,.F.);
#11478 = EDGE_CURVE('',#11385,#11080,#11479,.T.);
#11479 = CIRCLE('',#11480,2.);
#11480 = AXIS2_PLACEMENT_3D('',#11481,#11482,#11483);
#11481 = CARTESIAN_POINT('',(-64.,5.,13.));
#11482 = DIRECTION('',(1.,0.,-6.123233995737E-17));
#11483 = DIRECTION('',(6.123233995737E-17,0.,1.));
#11484 = ORIENTED_EDGE('',*,*,#11485,.F.);
#11485 = EDGE_CURVE('',#11469,#11385,#11486,.T.);
#11486 = LINE('',#11487,#11488);
#11487 = CARTESIAN_POINT('',(-80.,7.,13.));
#11488 = VECTOR('',#11489,1.);
#11489 = DIRECTION('',(1.,0.,0.));
#11490 = CYLINDRICAL_SURFACE('',#11491,2.);
#11491 = AXIS2_PLACEMENT_3D('',#11492,#11493,#11494);
#11492 = CARTESIAN_POINT('',(-80.,5.,13.));
#11493 = DIRECTION('',(1.,0.,0.));
#11494 = DIRECTION('',(0.,1.,0.));
#11495 = ADVANCED_FACE('',(#11496),#11528,.T.);
#11496 = FACE_BOUND('',#11497,.F.);
#11497 = EDGE_LOOP('',(#11498,#11520,#11521));
#11498 = ORIENTED_EDGE('',*,*,#11499,.T.);
#11499 = EDGE_CURVE('',#11500,#11072,#11502,.T.);
#11500 = VERTEX_POINT('',#11501);
#11501 = CARTESIAN_POINT('',(-62.4,5.,14.2));
#11502 = B_SPLINE_CURVE_WITH_KNOTS('',6,(#11503,#11504,#11505,#11506,
    #11507,#11508,#11509,#11510,#11511,#11512,#11513,#11514,#11515,
    #11516,#11517,#11518,#11519),.UNSPECIFIED.,.F.,.F.,(7,5,5,7),(0.,
    0.155389883914,0.529141674494,1.),.UNSPECIFIED.);
#11503 = CARTESIAN_POINT('',(-62.4,5.,14.2));
#11504 = CARTESIAN_POINT('',(-62.43112937611,5.,14.241505834817));
#11505 = CARTESIAN_POINT('',(-62.46336010939,4.998851548959,
    14.281788255916));
#11506 = CARTESIAN_POINT('',(-62.49661822464,4.99668144095,
    14.320810851788));
#11507 = CARTESIAN_POINT('',(-62.53082817177,4.993611845036,
    14.358542936012));
#11508 = CARTESIAN_POINT('',(-62.56591282579,4.989760305261,
    14.394959547251));
#11509 = CARTESIAN_POINT('',(-62.68809550974,4.974366644724,
    14.514422255534));
#11510 = CARTESIAN_POINT('',(-62.77900666635,4.959622696409,
    14.59108488597));
#11511 = CARTESIAN_POINT('',(-62.87377797159,4.942534500587,
    14.660094899113));
#11512 = CARTESIAN_POINT('',(-62.97181920055,4.924359670946,
    14.721578948774));
#11513 = CARTESIAN_POINT('',(-63.07268124053,4.906195760577,
    14.775652118021));
#11514 = CARTESIAN_POINT('',(-63.30619358856,4.867289507077,
    14.881234716279));
#11515 = CARTESIAN_POINT('',(-63.44073255141,4.847030966563,
    14.928625440342));
#11516 = CARTESIAN_POINT('',(-63.5783393972,4.830198696095,
    14.964231867924));
#11517 = CARTESIAN_POINT('',(-63.71797290035,4.818387591646,
    14.988034888621));
#11518 = CARTESIAN_POINT('',(-63.85878195758,4.81245154966,15.));
#11519 = CARTESIAN_POINT('',(-64.,4.81245154966,15.));
#11520 = ORIENTED_EDGE('',*,*,#11079,.T.);
#11521 = ORIENTED_EDGE('',*,*,#11522,.F.);
#11522 = EDGE_CURVE('',#11500,#11080,#11523,.T.);
#11523 = CIRCLE('',#11524,2.);
#11524 = AXIS2_PLACEMENT_3D('',#11525,#11526,#11527);
#11525 = CARTESIAN_POINT('',(-64.,5.,13.));
#11526 = DIRECTION('',(0.,-1.,0.));
#11527 = DIRECTION('',(1.,0.,0.));
#11528 = CYLINDRICAL_SURFACE('',#11529,2.);
#11529 = AXIS2_PLACEMENT_3D('',#11530,#11531,#11532);
#11530 = CARTESIAN_POINT('',(-64.,0.,13.));
#11531 = DIRECTION('',(0.,1.,0.));
#11532 = DIRECTION('',(1.,0.,0.));
#11533 = ADVANCED_FACE('',(#11534),#11555,.T.);
#11534 = FACE_BOUND('',#11535,.T.);
#11535 = EDGE_LOOP('',(#11536,#11537,#11538,#11539,#11548,#11554));
#11536 = ORIENTED_EDGE('',*,*,#11071,.F.);
#11537 = ORIENTED_EDGE('',*,*,#11452,.T.);
#11538 = ORIENTED_EDGE('',*,*,#11268,.T.);
#11539 = ORIENTED_EDGE('',*,*,#11540,.F.);
#11540 = EDGE_CURVE('',#11541,#11261,#11543,.T.);
#11541 = VERTEX_POINT('',#11542);
#11542 = CARTESIAN_POINT('',(-10.8,5.,14.2));
#11543 = CIRCLE('',#11544,1.8);
#11544 = AXIS2_PLACEMENT_3D('',#11545,#11546,#11547);
#11545 = CARTESIAN_POINT('',(-10.8,3.2,14.2));
#11546 = DIRECTION('',(1.,0.,-6.123233995737E-17));
#11547 = DIRECTION('',(6.123233995737E-17,0.,1.));
#11548 = ORIENTED_EDGE('',*,*,#11549,.F.);
#11549 = EDGE_CURVE('',#11500,#11541,#11550,.T.);
#11550 = LINE('',#11551,#11552);
#11551 = CARTESIAN_POINT('',(-67.,5.,14.2));
#11552 = VECTOR('',#11553,1.);
#11553 = DIRECTION('',(1.,0.,0.));
#11554 = ORIENTED_EDGE('',*,*,#11499,.T.);
#11555 = CYLINDRICAL_SURFACE('',#11556,1.8);
#11556 = AXIS2_PLACEMENT_3D('',#11557,#11558,#11559);
#11557 = CARTESIAN_POINT('',(-67.,3.2,14.2));
#11558 = DIRECTION('',(1.,0.,0.));
#11559 = DIRECTION('',(0.,1.,0.));
#11560 = ADVANCED_FACE('',(#11561),#11584,.T.);
#11561 = FACE_BOUND('',#11562,.F.);
#11562 = EDGE_LOOP('',(#11563,#11564,#11571,#11577));
#11563 = ORIENTED_EDGE('',*,*,#11110,.F.);
#11564 = ORIENTED_EDGE('',*,*,#11565,.T.);
#11565 = EDGE_CURVE('',#11103,#11301,#11566,.T.);
#11566 = CIRCLE('',#11567,2.);
#11567 = AXIS2_PLACEMENT_3D('',#11568,#11569,#11570);
#11568 = CARTESIAN_POINT('',(-78.,5.,7.));
#11569 = DIRECTION('',(0.,0.,-1.));
#11570 = DIRECTION('',(-1.,0.,0.));
#11571 = ORIENTED_EDGE('',*,*,#11572,.T.);
#11572 = EDGE_CURVE('',#11301,#11469,#11573,.T.);
#11573 = LINE('',#11574,#11575);
#11574 = CARTESIAN_POINT('',(-78.,7.,5.));
#11575 = VECTOR('',#11576,1.);
#11576 = DIRECTION('',(0.,0.,1.));
#11577 = ORIENTED_EDGE('',*,*,#11578,.T.);
#11578 = EDGE_CURVE('',#11469,#11111,#11579,.T.);
#11579 = CIRCLE('',#11580,2.);
#11580 = AXIS2_PLACEMENT_3D('',#11581,#11582,#11583);
#11581 = CARTESIAN_POINT('',(-78.,5.,13.));
#11582 = DIRECTION('',(0.,0.,1.));
#11583 = DIRECTION('',(-1.,0.,0.));
#11584 = CYLINDRICAL_SURFACE('',#11585,2.);
#11585 = AXIS2_PLACEMENT_3D('',#11586,#11587,#11588);
#11586 = CARTESIAN_POINT('',(-78.,5.,5.));
#11587 = DIRECTION('',(0.,0.,1.));
#11588 = DIRECTION('',(-1.,0.,0.));
#11589 = ADVANCED_FACE('',(#11590),#11617,.T.);
#11590 = FACE_BOUND('',#11591,.T.);
#11591 = EDGE_LOOP('',(#11592,#11593,#11602,#11610));
#11592 = ORIENTED_EDGE('',*,*,#11149,.F.);
#11593 = ORIENTED_EDGE('',*,*,#11594,.T.);
#11594 = EDGE_CURVE('',#11150,#11595,#11597,.T.);
#11595 = VERTEX_POINT('',#11596);
#11596 = CARTESIAN_POINT('',(-7.4,-2.22044604925E-16,8.6));
#11597 = CIRCLE('',#11598,1.6);
#11598 = AXIS2_PLACEMENT_3D('',#11599,#11600,#11601);
#11599 = CARTESIAN_POINT('',(-7.4,1.6,8.6));
#11600 = DIRECTION('',(0.,0.,1.));
#11601 = DIRECTION('',(-1.,0.,0.));
#11602 = ORIENTED_EDGE('',*,*,#11603,.T.);
#11603 = EDGE_CURVE('',#11595,#11604,#11606,.T.);
#11604 = VERTEX_POINT('',#11605);
#11605 = CARTESIAN_POINT('',(-7.4,-2.22044604925E-16,12.4));
#11606 = LINE('',#11607,#11608);
#11607 = CARTESIAN_POINT('',(-7.4,-2.22044604925E-16,7.));
#11608 = VECTOR('',#11609,1.);
#11609 = DIRECTION('',(0.,0.,1.));
#11610 = ORIENTED_EDGE('',*,*,#11611,.F.);
#11611 = EDGE_CURVE('',#11152,#11604,#11612,.T.);
#11612 = CIRCLE('',#11613,1.6);
#11613 = AXIS2_PLACEMENT_3D('',#11614,#11615,#11616);
#11614 = CARTESIAN_POINT('',(-7.4,1.6,12.4));
#11615 = DIRECTION('',(0.,0.,1.));
#11616 = DIRECTION('',(-1.,0.,0.));
#11617 = CYLINDRICAL_SURFACE('',#11618,1.6);
#11618 = AXIS2_PLACEMENT_3D('',#11619,#11620,#11621);
#11619 = CARTESIAN_POINT('',(-7.4,1.6,7.));
#11620 = DIRECTION('',(0.,0.,1.));
#11621 = DIRECTION('',(-1.,0.,0.));
#11622 = ADVANCED_FACE('',(#11623),#11652,.T.);
#11623 = FACE_BOUND('',#11624,.T.);
#11624 = EDGE_LOOP('',(#11625,#11634,#11642,#11649,#11650,#11651));
#11625 = ORIENTED_EDGE('',*,*,#11626,.F.);
#11626 = EDGE_CURVE('',#11627,#11152,#11629,.T.);
#11627 = VERTEX_POINT('',#11628);
#11628 = CARTESIAN_POINT('',(-7.4,1.6,14.));
#11629 = CIRCLE('',#11630,1.6);
#11630 = AXIS2_PLACEMENT_3D('',#11631,#11632,#11633);
#11631 = CARTESIAN_POINT('',(-7.4,1.6,12.4));
#11632 = DIRECTION('',(0.,-1.,0.));
#11633 = DIRECTION('',(-1.,0.,0.));
#11634 = ORIENTED_EDGE('',*,*,#11635,.T.);
#11635 = EDGE_CURVE('',#11627,#11636,#11638,.T.);
#11636 = VERTEX_POINT('',#11637);
#11637 = CARTESIAN_POINT('',(-7.4,3.4,14.));
#11638 = LINE('',#11639,#11640);
#11639 = CARTESIAN_POINT('',(-7.4,0.,14.));
#11640 = VECTOR('',#11641,1.);
#11641 = DIRECTION('',(0.,1.,0.));
#11642 = ORIENTED_EDGE('',*,*,#11643,.F.);
#11643 = EDGE_CURVE('',#11168,#11636,#11644,.T.);
#11644 = CIRCLE('',#11645,1.6);
#11645 = AXIS2_PLACEMENT_3D('',#11646,#11647,#11648);
#11646 = CARTESIAN_POINT('',(-7.4,3.4,12.4));
#11647 = DIRECTION('',(0.,1.,-0.));
#11648 = DIRECTION('',(-1.,0.,0.));
#11649 = ORIENTED_EDGE('',*,*,#11175,.F.);
#11650 = ORIENTED_EDGE('',*,*,#11213,.F.);
#11651 = ORIENTED_EDGE('',*,*,#11198,.F.);
#11652 = CYLINDRICAL_SURFACE('',#11653,1.6);
#11653 = AXIS2_PLACEMENT_3D('',#11654,#11655,#11656);
#11654 = CARTESIAN_POINT('',(-7.4,0.,12.4));
#11655 = DIRECTION('',(0.,1.,0.));
#11656 = DIRECTION('',(-1.,0.,0.));
#11657 = ADVANCED_FACE('',(#11658),#11682,.T.);
#11658 = FACE_BOUND('',#11659,.T.);
#11659 = EDGE_LOOP('',(#11660,#11661,#11668,#11674,#11681));
#11660 = ORIENTED_EDGE('',*,*,#11183,.F.);
#11661 = ORIENTED_EDGE('',*,*,#11662,.T.);
#11662 = EDGE_CURVE('',#11184,#11354,#11663,.T.);
#11663 = CIRCLE('',#11664,1.8);
#11664 = AXIS2_PLACEMENT_3D('',#11665,#11666,#11667);
#11665 = CARTESIAN_POINT('',(-10.8,3.2,9.8));
#11666 = DIRECTION('',(0.,0.,1.));
#11667 = DIRECTION('',(1.,0.,0.));
#11668 = ORIENTED_EDGE('',*,*,#11669,.T.);
#11669 = EDGE_CURVE('',#11354,#11541,#11670,.T.);
#11670 = LINE('',#11671,#11672);
#11671 = CARTESIAN_POINT('',(-10.8,5.,8.));
#11672 = VECTOR('',#11673,1.);
#11673 = DIRECTION('',(0.,0.,1.));
#11674 = ORIENTED_EDGE('',*,*,#11675,.T.);
#11675 = EDGE_CURVE('',#11541,#11220,#11676,.T.);
#11676 = CIRCLE('',#11677,1.8);
#11677 = AXIS2_PLACEMENT_3D('',#11678,#11679,#11680);
#11678 = CARTESIAN_POINT('',(-10.8,3.2,14.2));
#11679 = DIRECTION('',(0.,0.,-1.));
#11680 = DIRECTION('',(1.,0.,0.));
#11681 = ORIENTED_EDGE('',*,*,#11219,.F.);
#11682 = CYLINDRICAL_SURFACE('',#11683,1.8);
#11683 = AXIS2_PLACEMENT_3D('',#11684,#11685,#11686);
#11684 = CARTESIAN_POINT('',(-10.8,3.2,8.));
#11685 = DIRECTION('',(0.,0.,1.));
#11686 = DIRECTION('',(1.,0.,0.));
#11687 = ADVANCED_FACE('',(#11688),#11715,.T.);
#11688 = FACE_BOUND('',#11689,.F.);
#11689 = EDGE_LOOP('',(#11690,#11691,#11700,#11708));
#11690 = ORIENTED_EDGE('',*,*,#11167,.F.);
#11691 = ORIENTED_EDGE('',*,*,#11692,.T.);
#11692 = EDGE_CURVE('',#11160,#11693,#11695,.T.);
#11693 = VERTEX_POINT('',#11694);
#11694 = CARTESIAN_POINT('',(-7.4,5.,8.6));
#11695 = CIRCLE('',#11696,1.6);
#11696 = AXIS2_PLACEMENT_3D('',#11697,#11698,#11699);
#11697 = CARTESIAN_POINT('',(-7.4,3.4,8.6));
#11698 = DIRECTION('',(0.,0.,-1.));
#11699 = DIRECTION('',(-1.,0.,0.));
#11700 = ORIENTED_EDGE('',*,*,#11701,.T.);
#11701 = EDGE_CURVE('',#11693,#11702,#11704,.T.);
#11702 = VERTEX_POINT('',#11703);
#11703 = CARTESIAN_POINT('',(-7.4,5.,12.4));
#11704 = LINE('',#11705,#11706);
#11705 = CARTESIAN_POINT('',(-7.4,5.,7.));
#11706 = VECTOR('',#11707,1.);
#11707 = DIRECTION('',(0.,0.,1.));
#11708 = ORIENTED_EDGE('',*,*,#11709,.T.);
#11709 = EDGE_CURVE('',#11702,#11168,#11710,.T.);
#11710 = CIRCLE('',#11711,1.6);
#11711 = AXIS2_PLACEMENT_3D('',#11712,#11713,#11714);
#11712 = CARTESIAN_POINT('',(-7.4,3.4,12.4));
#11713 = DIRECTION('',(0.,0.,1.));
#11714 = DIRECTION('',(-1.,0.,0.));
#11715 = CYLINDRICAL_SURFACE('',#11716,1.6);
#11716 = AXIS2_PLACEMENT_3D('',#11717,#11718,#11719);
#11717 = CARTESIAN_POINT('',(-7.4,3.4,7.));
#11718 = DIRECTION('',(0.,0.,1.));
#11719 = DIRECTION('',(-1.,0.,0.));
#11720 = ADVANCED_FACE('',(#11721),#11748,.T.);
#11721 = FACE_BOUND('',#11722,.F.);
#11722 = EDGE_LOOP('',(#11723,#11732,#11740,#11747));
#11723 = ORIENTED_EDGE('',*,*,#11724,.F.);
#11724 = EDGE_CURVE('',#11725,#11150,#11727,.T.);
#11725 = VERTEX_POINT('',#11726);
#11726 = CARTESIAN_POINT('',(-7.4,1.6,7.));
#11727 = CIRCLE('',#11728,1.6);
#11728 = AXIS2_PLACEMENT_3D('',#11729,#11730,#11731);
#11729 = CARTESIAN_POINT('',(-7.4,1.6,8.6));
#11730 = DIRECTION('',(0.,1.,-0.));
#11731 = DIRECTION('',(-1.,0.,0.));
#11732 = ORIENTED_EDGE('',*,*,#11733,.T.);
#11733 = EDGE_CURVE('',#11725,#11734,#11736,.T.);
#11734 = VERTEX_POINT('',#11735);
#11735 = CARTESIAN_POINT('',(-7.4,3.4,7.));
#11736 = LINE('',#11737,#11738);
#11737 = CARTESIAN_POINT('',(-7.4,0.,7.));
#11738 = VECTOR('',#11739,1.);
#11739 = DIRECTION('',(0.,1.,0.));
#11740 = ORIENTED_EDGE('',*,*,#11741,.T.);
#11741 = EDGE_CURVE('',#11734,#11160,#11742,.T.);
#11742 = CIRCLE('',#11743,1.6);
#11743 = AXIS2_PLACEMENT_3D('',#11744,#11745,#11746);
#11744 = CARTESIAN_POINT('',(-7.4,3.4,8.6));
#11745 = DIRECTION('',(0.,1.,-0.));
#11746 = DIRECTION('',(-1.,0.,0.));
#11747 = ORIENTED_EDGE('',*,*,#11159,.F.);
#11748 = CYLINDRICAL_SURFACE('',#11749,1.6);
#11749 = AXIS2_PLACEMENT_3D('',#11750,#11751,#11752);
#11750 = CARTESIAN_POINT('',(-7.4,0.,8.6));
#11751 = DIRECTION('',(0.,1.,0.));
#11752 = DIRECTION('',(-1.,0.,0.));
#11753 = ADVANCED_FACE('',(#11754),#11766,.T.);
#11754 = FACE_BOUND('',#11755,.F.);
#11755 = EDGE_LOOP('',(#11756,#11757,#11758,#11765));
#11756 = ORIENTED_EDGE('',*,*,#11241,.F.);
#11757 = ORIENTED_EDGE('',*,*,#11260,.T.);
#11758 = ORIENTED_EDGE('',*,*,#11759,.F.);
#11759 = EDGE_CURVE('',#11220,#11261,#11760,.T.);
#11760 = CIRCLE('',#11761,1.8);
#11761 = AXIS2_PLACEMENT_3D('',#11762,#11763,#11764);
#11762 = CARTESIAN_POINT('',(-10.8,3.2,14.2));
#11763 = DIRECTION('',(0.,-1.,0.));
#11764 = DIRECTION('',(1.,0.,0.));
#11765 = ORIENTED_EDGE('',*,*,#11227,.F.);
#11766 = CYLINDRICAL_SURFACE('',#11767,1.8);
#11767 = AXIS2_PLACEMENT_3D('',#11768,#11769,#11770);
#11768 = CARTESIAN_POINT('',(-10.8,0.,14.2));
#11769 = DIRECTION('',(0.,1.,0.));
#11770 = DIRECTION('',(1.,0.,0.));
#11771 = ADVANCED_FACE('',(#11772),#11777,.T.);
#11772 = FACE_BOUND('',#11773,.F.);
#11773 = EDGE_LOOP('',(#11774,#11775,#11776));
#11774 = ORIENTED_EDGE('',*,*,#11284,.F.);
#11775 = ORIENTED_EDGE('',*,*,#11300,.T.);
#11776 = ORIENTED_EDGE('',*,*,#11565,.F.);
#11777 = SPHERICAL_SURFACE('',#11778,2.);
#11778 = AXIS2_PLACEMENT_3D('',#11779,#11780,#11781);
#11779 = CARTESIAN_POINT('',(-78.,5.,7.));
#11780 = DIRECTION('',(0.,0.,1.));
#11781 = DIRECTION('',(-1.,0.,0.));
#11782 = ADVANCED_FACE('',(#11783),#11789,.T.);
#11783 = FACE_BOUND('',#11784,.T.);
#11784 = EDGE_LOOP('',(#11785,#11786,#11787,#11788));
#11785 = ORIENTED_EDGE('',*,*,#11572,.T.);
#11786 = ORIENTED_EDGE('',*,*,#11485,.T.);
#11787 = ORIENTED_EDGE('',*,*,#11384,.F.);
#11788 = ORIENTED_EDGE('',*,*,#11319,.F.);
#11789 = PLANE('',#11790);
#11790 = AXIS2_PLACEMENT_3D('',#11791,#11792,#11793);
#11791 = CARTESIAN_POINT('',(-80.,7.,5.));
#11792 = DIRECTION('',(0.,1.,0.));
#11793 = DIRECTION('',(0.,0.,1.));
#11794 = ADVANCED_FACE('',(#11795),#11800,.T.);
#11795 = FACE_BOUND('',#11796,.T.);
#11796 = EDGE_LOOP('',(#11797,#11798,#11799));
#11797 = ORIENTED_EDGE('',*,*,#11335,.F.);
#11798 = ORIENTED_EDGE('',*,*,#11310,.T.);
#11799 = ORIENTED_EDGE('',*,*,#11377,.F.);
#11800 = SPHERICAL_SURFACE('',#11801,2.);
#11801 = AXIS2_PLACEMENT_3D('',#11802,#11803,#11804);
#11802 = CARTESIAN_POINT('',(-64.,5.,7.));
#11803 = DIRECTION('',(0.,0.,1.));
#11804 = DIRECTION('',(1.,0.,0.));
#11805 = ADVANCED_FACE('',(#11806),#11819,.T.);
#11806 = FACE_BOUND('',#11807,.T.);
#11807 = EDGE_LOOP('',(#11808,#11809,#11810,#11817,#11818));
#11808 = ORIENTED_EDGE('',*,*,#11362,.F.);
#11809 = ORIENTED_EDGE('',*,*,#11401,.T.);
#11810 = ORIENTED_EDGE('',*,*,#11811,.T.);
#11811 = EDGE_CURVE('',#11393,#11500,#11812,.T.);
#11812 = CIRCLE('',#11813,2.);
#11813 = AXIS2_PLACEMENT_3D('',#11814,#11815,#11816);
#11814 = CARTESIAN_POINT('',(-64.,5.,13.));
#11815 = DIRECTION('',(0.,-1.,0.));
#11816 = DIRECTION('',(1.,0.,0.));
#11817 = ORIENTED_EDGE('',*,*,#11549,.T.);
#11818 = ORIENTED_EDGE('',*,*,#11669,.F.);
#11819 = PLANE('',#11820);
#11820 = AXIS2_PLACEMENT_3D('',#11821,#11822,#11823);
#11821 = CARTESIAN_POINT('',(-67.,5.,8.));
#11822 = DIRECTION('',(0.,1.,0.));
#11823 = DIRECTION('',(0.,0.,1.));
#11824 = ADVANCED_FACE('',(#11825),#11830,.T.);
#11825 = FACE_BOUND('',#11826,.T.);
#11826 = EDGE_LOOP('',(#11827,#11828,#11829));
#11827 = ORIENTED_EDGE('',*,*,#11417,.F.);
#11828 = ORIENTED_EDGE('',*,*,#11353,.T.);
#11829 = ORIENTED_EDGE('',*,*,#11662,.F.);
#11830 = SPHERICAL_SURFACE('',#11831,1.8);
#11831 = AXIS2_PLACEMENT_3D('',#11832,#11833,#11834);
#11832 = CARTESIAN_POINT('',(-10.8,3.2,9.8));
#11833 = DIRECTION('',(0.,0.,1.));
#11834 = DIRECTION('',(1.,0.,0.));
#11835 = ADVANCED_FACE('',(#11836),#11842,.T.);
#11836 = FACE_BOUND('',#11837,.T.);
#11837 = EDGE_LOOP('',(#11838,#11839,#11840,#11841));
#11838 = ORIENTED_EDGE('',*,*,#11392,.F.);
#11839 = ORIENTED_EDGE('',*,*,#11478,.T.);
#11840 = ORIENTED_EDGE('',*,*,#11522,.F.);
#11841 = ORIENTED_EDGE('',*,*,#11811,.F.);
#11842 = SPHERICAL_SURFACE('',#11843,2.);
#11843 = AXIS2_PLACEMENT_3D('',#11844,#11845,#11846);
#11844 = CARTESIAN_POINT('',(-64.,5.,13.));
#11845 = DIRECTION('',(0.,-1.,0.));
#11846 = DIRECTION('',(1.,0.,0.));
#11847 = ADVANCED_FACE('',(#11848),#11853,.T.);
#11848 = FACE_BOUND('',#11849,.F.);
#11849 = EDGE_LOOP('',(#11850,#11851,#11852));
#11850 = ORIENTED_EDGE('',*,*,#11578,.F.);
#11851 = ORIENTED_EDGE('',*,*,#11468,.T.);
#11852 = ORIENTED_EDGE('',*,*,#11435,.F.);
#11853 = SPHERICAL_SURFACE('',#11854,2.);
#11854 = AXIS2_PLACEMENT_3D('',#11855,#11856,#11857);
#11855 = CARTESIAN_POINT('',(-78.,5.,13.));
#11856 = DIRECTION('',(0.,-1.,0.));
#11857 = DIRECTION('',(-1.,0.,0.));
#11858 = ADVANCED_FACE('',(#11859),#11864,.T.);
#11859 = FACE_BOUND('',#11860,.T.);
#11860 = EDGE_LOOP('',(#11861,#11862,#11863));
#11861 = ORIENTED_EDGE('',*,*,#11675,.F.);
#11862 = ORIENTED_EDGE('',*,*,#11540,.T.);
#11863 = ORIENTED_EDGE('',*,*,#11759,.F.);
#11864 = SPHERICAL_SURFACE('',#11865,1.8);
#11865 = AXIS2_PLACEMENT_3D('',#11866,#11867,#11868);
#11866 = CARTESIAN_POINT('',(-10.8,3.2,14.2));
#11867 = DIRECTION('',(0.,-1.,0.));
#11868 = DIRECTION('',(1.,0.,0.));
#11869 = ADVANCED_FACE('',(#11870),#11881,.T.);
#11870 = FACE_BOUND('',#11871,.T.);
#11871 = EDGE_LOOP('',(#11872,#11873,#11880));
#11872 = ORIENTED_EDGE('',*,*,#11724,.F.);
#11873 = ORIENTED_EDGE('',*,*,#11874,.T.);
#11874 = EDGE_CURVE('',#11725,#11595,#11875,.T.);
#11875 = CIRCLE('',#11876,1.6);
#11876 = AXIS2_PLACEMENT_3D('',#11877,#11878,#11879);
#11877 = CARTESIAN_POINT('',(-7.4,1.6,8.6));
#11878 = DIRECTION('',(-1.,6.123233995737E-17,0.));
#11879 = DIRECTION('',(-6.123233995737E-17,-1.,0.));
#11880 = ORIENTED_EDGE('',*,*,#11594,.F.);
#11881 = SPHERICAL_SURFACE('',#11882,1.6);
#11882 = AXIS2_PLACEMENT_3D('',#11883,#11884,#11885);
#11883 = CARTESIAN_POINT('',(-7.4,1.6,8.6));
#11884 = DIRECTION('',(0.,0.,1.));
#11885 = DIRECTION('',(-1.,0.,0.));
#11886 = ADVANCED_FACE('',(#11887),#11898,.T.);
#11887 = FACE_BOUND('',#11888,.F.);
#11888 = EDGE_LOOP('',(#11889,#11890,#11897));
#11889 = ORIENTED_EDGE('',*,*,#11626,.F.);
#11890 = ORIENTED_EDGE('',*,*,#11891,.T.);
#11891 = EDGE_CURVE('',#11627,#11604,#11892,.T.);
#11892 = CIRCLE('',#11893,1.6);
#11893 = AXIS2_PLACEMENT_3D('',#11894,#11895,#11896);
#11894 = CARTESIAN_POINT('',(-7.4,1.6,12.4));
#11895 = DIRECTION('',(1.,-6.123233995737E-17,0.));
#11896 = DIRECTION('',(-6.123233995737E-17,-1.,0.));
#11897 = ORIENTED_EDGE('',*,*,#11611,.F.);
#11898 = SPHERICAL_SURFACE('',#11899,1.6);
#11899 = AXIS2_PLACEMENT_3D('',#11900,#11901,#11902);
#11900 = CARTESIAN_POINT('',(-7.4,1.6,12.4));
#11901 = DIRECTION('',(-0.,-0.,-1.));
#11902 = DIRECTION('',(-1.,0.,0.));
#11903 = ADVANCED_FACE('',(#11904),#11929,.F.);
#11904 = FACE_BOUND('',#11905,.F.);
#11905 = EDGE_LOOP('',(#11906,#11907,#11915,#11923));
#11906 = ORIENTED_EDGE('',*,*,#11603,.T.);
#11907 = ORIENTED_EDGE('',*,*,#11908,.T.);
#11908 = EDGE_CURVE('',#11604,#11909,#11911,.T.);
#11909 = VERTEX_POINT('',#11910);
#11910 = CARTESIAN_POINT('',(7.4,-2.22044604925E-16,12.4));
#11911 = LINE('',#11912,#11913);
#11912 = CARTESIAN_POINT('',(-9.,-2.22044604925E-16,12.4));
#11913 = VECTOR('',#11914,1.);
#11914 = DIRECTION('',(1.,0.,0.));
#11915 = ORIENTED_EDGE('',*,*,#11916,.F.);
#11916 = EDGE_CURVE('',#11917,#11909,#11919,.T.);
#11917 = VERTEX_POINT('',#11918);
#11918 = CARTESIAN_POINT('',(7.4,-2.22044604925E-16,8.6));
#11919 = LINE('',#11920,#11921);
#11920 = CARTESIAN_POINT('',(7.4,-2.22044604925E-16,7.));
#11921 = VECTOR('',#11922,1.);
#11922 = DIRECTION('',(0.,0.,1.));
#11923 = ORIENTED_EDGE('',*,*,#11924,.F.);
#11924 = EDGE_CURVE('',#11595,#11917,#11925,.T.);
#11925 = LINE('',#11926,#11927);
#11926 = CARTESIAN_POINT('',(-9.,-2.22044604925E-16,8.6));
#11927 = VECTOR('',#11928,1.);
#11928 = DIRECTION('',(1.,0.,0.));
#11929 = PLANE('',#11930);
#11930 = AXIS2_PLACEMENT_3D('',#11931,#11932,#11933);
#11931 = CARTESIAN_POINT('',(-9.,0.,7.));
#11932 = DIRECTION('',(0.,1.,0.));
#11933 = DIRECTION('',(0.,0.,1.));
#11934 = ADVANCED_FACE('',(#11935),#11960,.T.);
#11935 = FACE_BOUND('',#11936,.T.);
#11936 = EDGE_LOOP('',(#11937,#11938,#11946,#11954));
#11937 = ORIENTED_EDGE('',*,*,#11635,.F.);
#11938 = ORIENTED_EDGE('',*,*,#11939,.T.);
#11939 = EDGE_CURVE('',#11627,#11940,#11942,.T.);
#11940 = VERTEX_POINT('',#11941);
#11941 = CARTESIAN_POINT('',(7.4,1.6,14.));
#11942 = LINE('',#11943,#11944);
#11943 = CARTESIAN_POINT('',(-9.,1.6,14.));
#11944 = VECTOR('',#11945,1.);
#11945 = DIRECTION('',(1.,0.,0.));
#11946 = ORIENTED_EDGE('',*,*,#11947,.T.);
#11947 = EDGE_CURVE('',#11940,#11948,#11950,.T.);
#11948 = VERTEX_POINT('',#11949);
#11949 = CARTESIAN_POINT('',(7.4,3.4,14.));
#11950 = LINE('',#11951,#11952);
#11951 = CARTESIAN_POINT('',(7.4,0.,14.));
#11952 = VECTOR('',#11953,1.);
#11953 = DIRECTION('',(0.,1.,0.));
#11954 = ORIENTED_EDGE('',*,*,#11955,.F.);
#11955 = EDGE_CURVE('',#11636,#11948,#11956,.T.);
#11956 = LINE('',#11957,#11958);
#11957 = CARTESIAN_POINT('',(-9.,3.4,14.));
#11958 = VECTOR('',#11959,1.);
#11959 = DIRECTION('',(1.,0.,0.));
#11960 = PLANE('',#11961);
#11961 = AXIS2_PLACEMENT_3D('',#11962,#11963,#11964);
#11962 = CARTESIAN_POINT('',(-9.,0.,14.));
#11963 = DIRECTION('',(0.,0.,1.));
#11964 = DIRECTION('',(1.,0.,0.));
#11965 = ADVANCED_FACE('',(#11966),#11977,.T.);
#11966 = FACE_BOUND('',#11967,.F.);
#11967 = EDGE_LOOP('',(#11968,#11969,#11976));
#11968 = ORIENTED_EDGE('',*,*,#11709,.F.);
#11969 = ORIENTED_EDGE('',*,*,#11970,.T.);
#11970 = EDGE_CURVE('',#11702,#11636,#11971,.T.);
#11971 = CIRCLE('',#11972,1.6);
#11972 = AXIS2_PLACEMENT_3D('',#11973,#11974,#11975);
#11973 = CARTESIAN_POINT('',(-7.4,3.4,12.4));
#11974 = DIRECTION('',(1.,0.,6.123233995737E-17));
#11975 = DIRECTION('',(-6.123233995737E-17,0.,1.));
#11976 = ORIENTED_EDGE('',*,*,#11643,.F.);
#11977 = SPHERICAL_SURFACE('',#11978,1.6);
#11978 = AXIS2_PLACEMENT_3D('',#11979,#11980,#11981);
#11979 = CARTESIAN_POINT('',(-7.4,3.4,12.4));
#11980 = DIRECTION('',(0.,-1.,0.));
#11981 = DIRECTION('',(-1.,0.,0.));
#11982 = ADVANCED_FACE('',(#11983),#11994,.T.);
#11983 = FACE_BOUND('',#11984,.F.);
#11984 = EDGE_LOOP('',(#11985,#11986,#11993));
#11985 = ORIENTED_EDGE('',*,*,#11741,.F.);
#11986 = ORIENTED_EDGE('',*,*,#11987,.T.);
#11987 = EDGE_CURVE('',#11734,#11693,#11988,.T.);
#11988 = CIRCLE('',#11989,1.6);
#11989 = AXIS2_PLACEMENT_3D('',#11990,#11991,#11992);
#11990 = CARTESIAN_POINT('',(-7.4,3.4,8.6));
#11991 = DIRECTION('',(1.,6.123233995737E-17,-0.));
#11992 = DIRECTION('',(-6.123233995737E-17,1.,0.));
#11993 = ORIENTED_EDGE('',*,*,#11692,.F.);
#11994 = SPHERICAL_SURFACE('',#11995,1.6);
#11995 = AXIS2_PLACEMENT_3D('',#11996,#11997,#11998);
#11996 = CARTESIAN_POINT('',(-7.4,3.4,8.6));
#11997 = DIRECTION('',(0.,0.,1.));
#11998 = DIRECTION('',(-1.,0.,0.));
#11999 = ADVANCED_FACE('',(#12000),#12025,.T.);
#12000 = FACE_BOUND('',#12001,.T.);
#12001 = EDGE_LOOP('',(#12002,#12003,#12011,#12019));
#12002 = ORIENTED_EDGE('',*,*,#11701,.T.);
#12003 = ORIENTED_EDGE('',*,*,#12004,.T.);
#12004 = EDGE_CURVE('',#11702,#12005,#12007,.T.);
#12005 = VERTEX_POINT('',#12006);
#12006 = CARTESIAN_POINT('',(7.4,5.,12.4));
#12007 = LINE('',#12008,#12009);
#12008 = CARTESIAN_POINT('',(-9.,5.,12.4));
#12009 = VECTOR('',#12010,1.);
#12010 = DIRECTION('',(1.,0.,0.));
#12011 = ORIENTED_EDGE('',*,*,#12012,.F.);
#12012 = EDGE_CURVE('',#12013,#12005,#12015,.T.);
#12013 = VERTEX_POINT('',#12014);
#12014 = CARTESIAN_POINT('',(7.4,5.,8.6));
#12015 = LINE('',#12016,#12017);
#12016 = CARTESIAN_POINT('',(7.4,5.,7.));
#12017 = VECTOR('',#12018,1.);
#12018 = DIRECTION('',(0.,0.,1.));
#12019 = ORIENTED_EDGE('',*,*,#12020,.F.);
#12020 = EDGE_CURVE('',#11693,#12013,#12021,.T.);
#12021 = LINE('',#12022,#12023);
#12022 = CARTESIAN_POINT('',(-9.,5.,8.6));
#12023 = VECTOR('',#12024,1.);
#12024 = DIRECTION('',(1.,0.,0.));
#12025 = PLANE('',#12026);
#12026 = AXIS2_PLACEMENT_3D('',#12027,#12028,#12029);
#12027 = CARTESIAN_POINT('',(-9.,5.,7.));
#12028 = DIRECTION('',(0.,1.,0.));
#12029 = DIRECTION('',(0.,0.,1.));
#12030 = ADVANCED_FACE('',(#12031),#12056,.F.);
#12031 = FACE_BOUND('',#12032,.F.);
#12032 = EDGE_LOOP('',(#12033,#12034,#12042,#12050));
#12033 = ORIENTED_EDGE('',*,*,#11733,.F.);
#12034 = ORIENTED_EDGE('',*,*,#12035,.T.);
#12035 = EDGE_CURVE('',#11725,#12036,#12038,.T.);
#12036 = VERTEX_POINT('',#12037);
#12037 = CARTESIAN_POINT('',(7.4,1.6,7.));
#12038 = LINE('',#12039,#12040);
#12039 = CARTESIAN_POINT('',(-9.,1.6,7.));
#12040 = VECTOR('',#12041,1.);
#12041 = DIRECTION('',(1.,0.,0.));
#12042 = ORIENTED_EDGE('',*,*,#12043,.T.);
#12043 = EDGE_CURVE('',#12036,#12044,#12046,.T.);
#12044 = VERTEX_POINT('',#12045);
#12045 = CARTESIAN_POINT('',(7.4,3.4,7.));
#12046 = LINE('',#12047,#12048);
#12047 = CARTESIAN_POINT('',(7.4,0.,7.));
#12048 = VECTOR('',#12049,1.);
#12049 = DIRECTION('',(0.,1.,0.));
#12050 = ORIENTED_EDGE('',*,*,#12051,.F.);
#12051 = EDGE_CURVE('',#11734,#12044,#12052,.T.);
#12052 = LINE('',#12053,#12054);
#12053 = CARTESIAN_POINT('',(-9.,3.4,7.));
#12054 = VECTOR('',#12055,1.);
#12055 = DIRECTION('',(1.,0.,0.));
#12056 = PLANE('',#12057);
#12057 = AXIS2_PLACEMENT_3D('',#12058,#12059,#12060);
#12058 = CARTESIAN_POINT('',(-9.,0.,7.));
#12059 = DIRECTION('',(0.,0.,1.));
#12060 = DIRECTION('',(1.,0.,0.));
#12061 = ADVANCED_FACE('',(#12062),#12074,.T.);
#12062 = FACE_BOUND('',#12063,.T.);
#12063 = EDGE_LOOP('',(#12064,#12065,#12066,#12073));
#12064 = ORIENTED_EDGE('',*,*,#11874,.F.);
#12065 = ORIENTED_EDGE('',*,*,#12035,.T.);
#12066 = ORIENTED_EDGE('',*,*,#12067,.T.);
#12067 = EDGE_CURVE('',#12036,#11917,#12068,.T.);
#12068 = CIRCLE('',#12069,1.6);
#12069 = AXIS2_PLACEMENT_3D('',#12070,#12071,#12072);
#12070 = CARTESIAN_POINT('',(7.4,1.6,8.6));
#12071 = DIRECTION('',(-1.,-6.123233995737E-17,0.));
#12072 = DIRECTION('',(6.123233995737E-17,-1.,0.));
#12073 = ORIENTED_EDGE('',*,*,#11924,.F.);
#12074 = CYLINDRICAL_SURFACE('',#12075,1.6);
#12075 = AXIS2_PLACEMENT_3D('',#12076,#12077,#12078);
#12076 = CARTESIAN_POINT('',(-9.,1.6,8.6));
#12077 = DIRECTION('',(1.,0.,0.));
#12078 = DIRECTION('',(0.,-1.,0.));
#12079 = ADVANCED_FACE('',(#12080),#12092,.T.);
#12080 = FACE_BOUND('',#12081,.F.);
#12081 = EDGE_LOOP('',(#12082,#12083,#12084,#12091));
#12082 = ORIENTED_EDGE('',*,*,#11891,.F.);
#12083 = ORIENTED_EDGE('',*,*,#11939,.T.);
#12084 = ORIENTED_EDGE('',*,*,#12085,.T.);
#12085 = EDGE_CURVE('',#11940,#11909,#12086,.T.);
#12086 = CIRCLE('',#12087,1.6);
#12087 = AXIS2_PLACEMENT_3D('',#12088,#12089,#12090);
#12088 = CARTESIAN_POINT('',(7.4,1.6,12.4));
#12089 = DIRECTION('',(1.,6.123233995737E-17,0.));
#12090 = DIRECTION('',(6.123233995737E-17,-1.,0.));
#12091 = ORIENTED_EDGE('',*,*,#11908,.F.);
#12092 = CYLINDRICAL_SURFACE('',#12093,1.6);
#12093 = AXIS2_PLACEMENT_3D('',#12094,#12095,#12096);
#12094 = CARTESIAN_POINT('',(-9.,1.6,12.4));
#12095 = DIRECTION('',(1.,0.,0.));
#12096 = DIRECTION('',(0.,-1.,0.));
#12097 = ADVANCED_FACE('',(#12098),#12125,.T.);
#12098 = FACE_BOUND('',#12099,.F.);
#12099 = EDGE_LOOP('',(#12100,#12110,#12117,#12118));
#12100 = ORIENTED_EDGE('',*,*,#12101,.F.);
#12101 = EDGE_CURVE('',#12102,#12104,#12106,.T.);
#12102 = VERTEX_POINT('',#12103);
#12103 = CARTESIAN_POINT('',(9.,1.6,8.6));
#12104 = VERTEX_POINT('',#12105);
#12105 = CARTESIAN_POINT('',(9.,1.6,12.4));
#12106 = LINE('',#12107,#12108);
#12107 = CARTESIAN_POINT('',(9.,1.6,7.));
#12108 = VECTOR('',#12109,1.);
#12109 = DIRECTION('',(0.,0.,1.));
#12110 = ORIENTED_EDGE('',*,*,#12111,.T.);
#12111 = EDGE_CURVE('',#12102,#11917,#12112,.T.);
#12112 = CIRCLE('',#12113,1.6);
#12113 = AXIS2_PLACEMENT_3D('',#12114,#12115,#12116);
#12114 = CARTESIAN_POINT('',(7.4,1.6,8.6));
#12115 = DIRECTION('',(0.,0.,-1.));
#12116 = DIRECTION('',(1.,0.,0.));
#12117 = ORIENTED_EDGE('',*,*,#11916,.T.);
#12118 = ORIENTED_EDGE('',*,*,#12119,.F.);
#12119 = EDGE_CURVE('',#12104,#11909,#12120,.T.);
#12120 = CIRCLE('',#12121,1.6);
#12121 = AXIS2_PLACEMENT_3D('',#12122,#12123,#12124);
#12122 = CARTESIAN_POINT('',(7.4,1.6,12.4));
#12123 = DIRECTION('',(0.,0.,-1.));
#12124 = DIRECTION('',(1.,0.,0.));
#12125 = CYLINDRICAL_SURFACE('',#12126,1.6);
#12126 = AXIS2_PLACEMENT_3D('',#12127,#12128,#12129);
#12127 = CARTESIAN_POINT('',(7.4,1.6,7.));
#12128 = DIRECTION('',(0.,0.,1.));
#12129 = DIRECTION('',(1.,0.,0.));
#12130 = ADVANCED_FACE('',(#12131),#12143,.T.);
#12131 = FACE_BOUND('',#12132,.T.);
#12132 = EDGE_LOOP('',(#12133,#12134,#12135,#12142));
#12133 = ORIENTED_EDGE('',*,*,#11970,.T.);
#12134 = ORIENTED_EDGE('',*,*,#11955,.T.);
#12135 = ORIENTED_EDGE('',*,*,#12136,.F.);
#12136 = EDGE_CURVE('',#12005,#11948,#12137,.T.);
#12137 = CIRCLE('',#12138,1.6);
#12138 = AXIS2_PLACEMENT_3D('',#12139,#12140,#12141);
#12139 = CARTESIAN_POINT('',(7.4,3.4,12.4));
#12140 = DIRECTION('',(1.,0.,-6.123233995737E-17));
#12141 = DIRECTION('',(6.123233995737E-17,0.,1.));
#12142 = ORIENTED_EDGE('',*,*,#12004,.F.);
#12143 = CYLINDRICAL_SURFACE('',#12144,1.6);
#12144 = AXIS2_PLACEMENT_3D('',#12145,#12146,#12147);
#12145 = CARTESIAN_POINT('',(-9.,3.4,12.4));
#12146 = DIRECTION('',(1.,0.,0.));
#12147 = DIRECTION('',(0.,1.,0.));
#12148 = ADVANCED_FACE('',(#12149),#12190,.T.);
#12149 = FACE_BOUND('',#12150,.F.);
#12150 = EDGE_LOOP('',(#12151,#12158,#12159,#12168,#12176,#12184));
#12151 = ORIENTED_EDGE('',*,*,#12152,.F.);
#12152 = EDGE_CURVE('',#11940,#12104,#12153,.T.);
#12153 = CIRCLE('',#12154,1.6);
#12154 = AXIS2_PLACEMENT_3D('',#12155,#12156,#12157);
#12155 = CARTESIAN_POINT('',(7.4,1.6,12.4));
#12156 = DIRECTION('',(-0.,1.,0.));
#12157 = DIRECTION('',(1.,0.,0.));
#12158 = ORIENTED_EDGE('',*,*,#11947,.T.);
#12159 = ORIENTED_EDGE('',*,*,#12160,.F.);
#12160 = EDGE_CURVE('',#12161,#11948,#12163,.T.);
#12161 = VERTEX_POINT('',#12162);
#12162 = CARTESIAN_POINT('',(9.,3.4,12.4));
#12163 = CIRCLE('',#12164,1.6);
#12164 = AXIS2_PLACEMENT_3D('',#12165,#12166,#12167);
#12165 = CARTESIAN_POINT('',(7.4,3.4,12.4));
#12166 = DIRECTION('',(0.,-1.,0.));
#12167 = DIRECTION('',(1.,0.,0.));
#12168 = ORIENTED_EDGE('',*,*,#12169,.F.);
#12169 = EDGE_CURVE('',#12170,#12161,#12172,.T.);
#12170 = VERTEX_POINT('',#12171);
#12171 = CARTESIAN_POINT('',(9.,3.2,12.4));
#12172 = LINE('',#12173,#12174);
#12173 = CARTESIAN_POINT('',(9.,0.,12.4));
#12174 = VECTOR('',#12175,1.);
#12175 = DIRECTION('',(0.,1.,0.));
#12176 = ORIENTED_EDGE('',*,*,#12177,.F.);
#12177 = EDGE_CURVE('',#12178,#12170,#12180,.T.);
#12178 = VERTEX_POINT('',#12179);
#12179 = CARTESIAN_POINT('',(9.,1.8,12.4));
#12180 = LINE('',#12181,#12182);
#12181 = CARTESIAN_POINT('',(9.,0.,12.4));
#12182 = VECTOR('',#12183,1.);
#12183 = DIRECTION('',(0.,1.,0.));
#12184 = ORIENTED_EDGE('',*,*,#12185,.F.);
#12185 = EDGE_CURVE('',#12104,#12178,#12186,.T.);
#12186 = LINE('',#12187,#12188);
#12187 = CARTESIAN_POINT('',(9.,0.,12.4));
#12188 = VECTOR('',#12189,1.);
#12189 = DIRECTION('',(0.,1.,0.));
#12190 = CYLINDRICAL_SURFACE('',#12191,1.6);
#12191 = AXIS2_PLACEMENT_3D('',#12192,#12193,#12194);
#12192 = CARTESIAN_POINT('',(7.4,0.,12.4));
#12193 = DIRECTION('',(0.,1.,0.));
#12194 = DIRECTION('',(1.,0.,0.));
#12195 = ADVANCED_FACE('',(#12196),#12208,.T.);
#12196 = FACE_BOUND('',#12197,.F.);
#12197 = EDGE_LOOP('',(#12198,#12199,#12200,#12207));
#12198 = ORIENTED_EDGE('',*,*,#11987,.F.);
#12199 = ORIENTED_EDGE('',*,*,#12051,.T.);
#12200 = ORIENTED_EDGE('',*,*,#12201,.T.);
#12201 = EDGE_CURVE('',#12044,#12013,#12202,.T.);
#12202 = CIRCLE('',#12203,1.6);
#12203 = AXIS2_PLACEMENT_3D('',#12204,#12205,#12206);
#12204 = CARTESIAN_POINT('',(7.4,3.4,8.6));
#12205 = DIRECTION('',(1.,-6.123233995737E-17,0.));
#12206 = DIRECTION('',(6.123233995737E-17,1.,0.));
#12207 = ORIENTED_EDGE('',*,*,#12020,.F.);
#12208 = CYLINDRICAL_SURFACE('',#12209,1.6);
#12209 = AXIS2_PLACEMENT_3D('',#12210,#12211,#12212);
#12210 = CARTESIAN_POINT('',(-9.,3.4,8.6));
#12211 = DIRECTION('',(1.,0.,0.));
#12212 = DIRECTION('',(0.,1.,0.));
#12213 = ADVANCED_FACE('',(#12214),#12239,.T.);
#12214 = FACE_BOUND('',#12215,.T.);
#12215 = EDGE_LOOP('',(#12216,#12224,#12231,#12232));
#12216 = ORIENTED_EDGE('',*,*,#12217,.F.);
#12217 = EDGE_CURVE('',#12218,#12161,#12220,.T.);
#12218 = VERTEX_POINT('',#12219);
#12219 = CARTESIAN_POINT('',(9.,3.4,8.6));
#12220 = LINE('',#12221,#12222);
#12221 = CARTESIAN_POINT('',(9.,3.4,7.));
#12222 = VECTOR('',#12223,1.);
#12223 = DIRECTION('',(0.,0.,1.));
#12224 = ORIENTED_EDGE('',*,*,#12225,.T.);
#12225 = EDGE_CURVE('',#12218,#12013,#12226,.T.);
#12226 = CIRCLE('',#12227,1.6);
#12227 = AXIS2_PLACEMENT_3D('',#12228,#12229,#12230);
#12228 = CARTESIAN_POINT('',(7.4,3.4,8.6));
#12229 = DIRECTION('',(0.,0.,1.));
#12230 = DIRECTION('',(1.,0.,0.));
#12231 = ORIENTED_EDGE('',*,*,#12012,.T.);
#12232 = ORIENTED_EDGE('',*,*,#12233,.T.);
#12233 = EDGE_CURVE('',#12005,#12161,#12234,.T.);
#12234 = CIRCLE('',#12235,1.6);
#12235 = AXIS2_PLACEMENT_3D('',#12236,#12237,#12238);
#12236 = CARTESIAN_POINT('',(7.4,3.4,12.4));
#12237 = DIRECTION('',(0.,0.,-1.));
#12238 = DIRECTION('',(1.,0.,0.));
#12239 = CYLINDRICAL_SURFACE('',#12240,1.6);
#12240 = AXIS2_PLACEMENT_3D('',#12241,#12242,#12243);
#12241 = CARTESIAN_POINT('',(7.4,3.4,7.));
#12242 = DIRECTION('',(0.,0.,1.));
#12243 = DIRECTION('',(1.,0.,0.));
#12244 = ADVANCED_FACE('',(#12245),#12268,.T.);
#12245 = FACE_BOUND('',#12246,.T.);
#12246 = EDGE_LOOP('',(#12247,#12254,#12255,#12262));
#12247 = ORIENTED_EDGE('',*,*,#12248,.F.);
#12248 = EDGE_CURVE('',#12036,#12102,#12249,.T.);
#12249 = CIRCLE('',#12250,1.6);
#12250 = AXIS2_PLACEMENT_3D('',#12251,#12252,#12253);
#12251 = CARTESIAN_POINT('',(7.4,1.6,8.6));
#12252 = DIRECTION('',(0.,-1.,0.));
#12253 = DIRECTION('',(1.,0.,0.));
#12254 = ORIENTED_EDGE('',*,*,#12043,.T.);
#12255 = ORIENTED_EDGE('',*,*,#12256,.T.);
#12256 = EDGE_CURVE('',#12044,#12218,#12257,.T.);
#12257 = CIRCLE('',#12258,1.6);
#12258 = AXIS2_PLACEMENT_3D('',#12259,#12260,#12261);
#12259 = CARTESIAN_POINT('',(7.4,3.4,8.6));
#12260 = DIRECTION('',(0.,-1.,0.));
#12261 = DIRECTION('',(1.,0.,0.));
#12262 = ORIENTED_EDGE('',*,*,#12263,.F.);
#12263 = EDGE_CURVE('',#12102,#12218,#12264,.T.);
#12264 = LINE('',#12265,#12266);
#12265 = CARTESIAN_POINT('',(9.,0.,8.6));
#12266 = VECTOR('',#12267,1.);
#12267 = DIRECTION('',(0.,1.,0.));
#12268 = CYLINDRICAL_SURFACE('',#12269,1.6);
#12269 = AXIS2_PLACEMENT_3D('',#12270,#12271,#12272);
#12270 = CARTESIAN_POINT('',(7.4,0.,8.6));
#12271 = DIRECTION('',(0.,1.,0.));
#12272 = DIRECTION('',(1.,0.,0.));
#12273 = ADVANCED_FACE('',(#12274),#12279,.T.);
#12274 = FACE_BOUND('',#12275,.F.);
#12275 = EDGE_LOOP('',(#12276,#12277,#12278));
#12276 = ORIENTED_EDGE('',*,*,#12248,.F.);
#12277 = ORIENTED_EDGE('',*,*,#12067,.T.);
#12278 = ORIENTED_EDGE('',*,*,#12111,.F.);
#12279 = SPHERICAL_SURFACE('',#12280,1.6);
#12280 = AXIS2_PLACEMENT_3D('',#12281,#12282,#12283);
#12281 = CARTESIAN_POINT('',(7.4,1.6,8.6));
#12282 = DIRECTION('',(0.,0.,1.));
#12283 = DIRECTION('',(1.,0.,0.));
#12284 = ADVANCED_FACE('',(#12285),#12290,.T.);
#12285 = FACE_BOUND('',#12286,.T.);
#12286 = EDGE_LOOP('',(#12287,#12288,#12289));
#12287 = ORIENTED_EDGE('',*,*,#12152,.F.);
#12288 = ORIENTED_EDGE('',*,*,#12085,.T.);
#12289 = ORIENTED_EDGE('',*,*,#12119,.F.);
#12290 = SPHERICAL_SURFACE('',#12291,1.6);
#12291 = AXIS2_PLACEMENT_3D('',#12292,#12293,#12294);
#12292 = CARTESIAN_POINT('',(7.4,1.6,12.4));
#12293 = DIRECTION('',(-0.,-0.,-1.));
#12294 = DIRECTION('',(1.,0.,0.));
#12295 = ADVANCED_FACE('',(#12296),#12325,.T.);
#12296 = FACE_BOUND('',#12297,.T.);
#12297 = EDGE_LOOP('',(#12298,#12299,#12300,#12301,#12302,#12310,#12318,
    #12324));
#12298 = ORIENTED_EDGE('',*,*,#12101,.F.);
#12299 = ORIENTED_EDGE('',*,*,#12263,.T.);
#12300 = ORIENTED_EDGE('',*,*,#12217,.T.);
#12301 = ORIENTED_EDGE('',*,*,#12169,.F.);
#12302 = ORIENTED_EDGE('',*,*,#12303,.F.);
#12303 = EDGE_CURVE('',#12304,#12170,#12306,.T.);
#12304 = VERTEX_POINT('',#12305);
#12305 = CARTESIAN_POINT('',(9.,3.2,9.8));
#12306 = LINE('',#12307,#12308);
#12307 = CARTESIAN_POINT('',(9.,3.2,8.));
#12308 = VECTOR('',#12309,1.);
#12309 = DIRECTION('',(0.,0.,1.));
#12310 = ORIENTED_EDGE('',*,*,#12311,.F.);
#12311 = EDGE_CURVE('',#12312,#12304,#12314,.T.);
#12312 = VERTEX_POINT('',#12313);
#12313 = CARTESIAN_POINT('',(9.,1.8,9.8));
#12314 = LINE('',#12315,#12316);
#12315 = CARTESIAN_POINT('',(9.,0.,9.8));
#12316 = VECTOR('',#12317,1.);
#12317 = DIRECTION('',(0.,1.,0.));
#12318 = ORIENTED_EDGE('',*,*,#12319,.T.);
#12319 = EDGE_CURVE('',#12312,#12178,#12320,.T.);
#12320 = LINE('',#12321,#12322);
#12321 = CARTESIAN_POINT('',(9.,1.8,8.));
#12322 = VECTOR('',#12323,1.);
#12323 = DIRECTION('',(0.,0.,1.));
#12324 = ORIENTED_EDGE('',*,*,#12185,.F.);
#12325 = PLANE('',#12326);
#12326 = AXIS2_PLACEMENT_3D('',#12327,#12328,#12329);
#12327 = CARTESIAN_POINT('',(9.,0.,7.));
#12328 = DIRECTION('',(1.,0.,0.));
#12329 = DIRECTION('',(0.,0.,1.));
#12330 = ADVANCED_FACE('',(#12331),#12336,.T.);
#12331 = FACE_BOUND('',#12332,.T.);
#12332 = EDGE_LOOP('',(#12333,#12334,#12335));
#12333 = ORIENTED_EDGE('',*,*,#12233,.F.);
#12334 = ORIENTED_EDGE('',*,*,#12136,.T.);
#12335 = ORIENTED_EDGE('',*,*,#12160,.F.);
#12336 = SPHERICAL_SURFACE('',#12337,1.6);
#12337 = AXIS2_PLACEMENT_3D('',#12338,#12339,#12340);
#12338 = CARTESIAN_POINT('',(7.4,3.4,12.4));
#12339 = DIRECTION('',(0.,-1.,0.));
#12340 = DIRECTION('',(1.,0.,0.));
#12341 = ADVANCED_FACE('',(#12342),#12367,.F.);
#12342 = FACE_BOUND('',#12343,.F.);
#12343 = EDGE_LOOP('',(#12344,#12352,#12353,#12361));
#12344 = ORIENTED_EDGE('',*,*,#12345,.F.);
#12345 = EDGE_CURVE('',#12178,#12346,#12348,.T.);
#12346 = VERTEX_POINT('',#12347);
#12347 = CARTESIAN_POINT('',(9.,1.8,14.2));
#12348 = LINE('',#12349,#12350);
#12349 = CARTESIAN_POINT('',(9.,1.8,8.));
#12350 = VECTOR('',#12351,1.);
#12351 = DIRECTION('',(0.,0.,1.));
#12352 = ORIENTED_EDGE('',*,*,#12177,.T.);
#12353 = ORIENTED_EDGE('',*,*,#12354,.T.);
#12354 = EDGE_CURVE('',#12170,#12355,#12357,.T.);
#12355 = VERTEX_POINT('',#12356);
#12356 = CARTESIAN_POINT('',(9.,3.2,14.2));
#12357 = LINE('',#12358,#12359);
#12358 = CARTESIAN_POINT('',(9.,3.2,8.));
#12359 = VECTOR('',#12360,1.);
#12360 = DIRECTION('',(0.,0.,1.));
#12361 = ORIENTED_EDGE('',*,*,#12362,.F.);
#12362 = EDGE_CURVE('',#12346,#12355,#12363,.T.);
#12363 = LINE('',#12364,#12365);
#12364 = CARTESIAN_POINT('',(9.,0.,14.2));
#12365 = VECTOR('',#12366,1.);
#12366 = DIRECTION('',(0.,1.,0.));
#12367 = PLANE('',#12368);
#12368 = AXIS2_PLACEMENT_3D('',#12369,#12370,#12371);
#12369 = CARTESIAN_POINT('',(9.,0.,8.));
#12370 = DIRECTION('',(1.,0.,0.));
#12371 = DIRECTION('',(0.,0.,1.));
#12372 = ADVANCED_FACE('',(#12373),#12378,.T.);
#12373 = FACE_BOUND('',#12374,.T.);
#12374 = EDGE_LOOP('',(#12375,#12376,#12377));
#12375 = ORIENTED_EDGE('',*,*,#12256,.F.);
#12376 = ORIENTED_EDGE('',*,*,#12201,.T.);
#12377 = ORIENTED_EDGE('',*,*,#12225,.F.);
#12378 = SPHERICAL_SURFACE('',#12379,1.6);
#12379 = AXIS2_PLACEMENT_3D('',#12380,#12381,#12382);
#12380 = CARTESIAN_POINT('',(7.4,3.4,8.6));
#12381 = DIRECTION('',(0.,0.,1.));
#12382 = DIRECTION('',(1.,0.,0.));
#12383 = ADVANCED_FACE('',(#12384),#12412,.T.);
#12384 = FACE_BOUND('',#12385,.T.);
#12385 = EDGE_LOOP('',(#12386,#12387,#12396,#12404,#12411));
#12386 = ORIENTED_EDGE('',*,*,#12319,.F.);
#12387 = ORIENTED_EDGE('',*,*,#12388,.T.);
#12388 = EDGE_CURVE('',#12312,#12389,#12391,.T.);
#12389 = VERTEX_POINT('',#12390);
#12390 = CARTESIAN_POINT('',(10.8,-2.22044604925E-16,9.8));
#12391 = CIRCLE('',#12392,1.8);
#12392 = AXIS2_PLACEMENT_3D('',#12393,#12394,#12395);
#12393 = CARTESIAN_POINT('',(10.8,1.8,9.8));
#12394 = DIRECTION('',(0.,0.,1.));
#12395 = DIRECTION('',(-1.,0.,0.));
#12396 = ORIENTED_EDGE('',*,*,#12397,.T.);
#12397 = EDGE_CURVE('',#12389,#12398,#12400,.T.);
#12398 = VERTEX_POINT('',#12399);
#12399 = CARTESIAN_POINT('',(10.8,-2.22044604925E-16,14.2));
#12400 = LINE('',#12401,#12402);
#12401 = CARTESIAN_POINT('',(10.8,-2.22044604925E-16,8.));
#12402 = VECTOR('',#12403,1.);
#12403 = DIRECTION('',(0.,0.,1.));
#12404 = ORIENTED_EDGE('',*,*,#12405,.F.);
#12405 = EDGE_CURVE('',#12346,#12398,#12406,.T.);
#12406 = CIRCLE('',#12407,1.8);
#12407 = AXIS2_PLACEMENT_3D('',#12408,#12409,#12410);
#12408 = CARTESIAN_POINT('',(10.8,1.8,14.2));
#12409 = DIRECTION('',(0.,0.,1.));
#12410 = DIRECTION('',(-1.,0.,0.));
#12411 = ORIENTED_EDGE('',*,*,#12345,.F.);
#12412 = CYLINDRICAL_SURFACE('',#12413,1.8);
#12413 = AXIS2_PLACEMENT_3D('',#12414,#12415,#12416);
#12414 = CARTESIAN_POINT('',(10.8,1.8,8.));
#12415 = DIRECTION('',(0.,0.,1.));
#12416 = DIRECTION('',(-1.,0.,0.));
#12417 = ADVANCED_FACE('',(#12418),#12445,.T.);
#12418 = FACE_BOUND('',#12419,.F.);
#12419 = EDGE_LOOP('',(#12420,#12429,#12437,#12444));
#12420 = ORIENTED_EDGE('',*,*,#12421,.F.);
#12421 = EDGE_CURVE('',#12422,#12312,#12424,.T.);
#12422 = VERTEX_POINT('',#12423);
#12423 = CARTESIAN_POINT('',(10.8,1.8,8.));
#12424 = CIRCLE('',#12425,1.8);
#12425 = AXIS2_PLACEMENT_3D('',#12426,#12427,#12428);
#12426 = CARTESIAN_POINT('',(10.8,1.8,9.8));
#12427 = DIRECTION('',(0.,1.,-0.));
#12428 = DIRECTION('',(-1.,0.,0.));
#12429 = ORIENTED_EDGE('',*,*,#12430,.T.);
#12430 = EDGE_CURVE('',#12422,#12431,#12433,.T.);
#12431 = VERTEX_POINT('',#12432);
#12432 = CARTESIAN_POINT('',(10.8,3.2,8.));
#12433 = LINE('',#12434,#12435);
#12434 = CARTESIAN_POINT('',(10.8,0.,8.));
#12435 = VECTOR('',#12436,1.);
#12436 = DIRECTION('',(0.,1.,0.));
#12437 = ORIENTED_EDGE('',*,*,#12438,.T.);
#12438 = EDGE_CURVE('',#12431,#12304,#12439,.T.);
#12439 = CIRCLE('',#12440,1.8);
#12440 = AXIS2_PLACEMENT_3D('',#12441,#12442,#12443);
#12441 = CARTESIAN_POINT('',(10.8,3.2,9.8));
#12442 = DIRECTION('',(0.,1.,-0.));
#12443 = DIRECTION('',(-1.,0.,0.));
#12444 = ORIENTED_EDGE('',*,*,#12311,.F.);
#12445 = CYLINDRICAL_SURFACE('',#12446,1.8);
#12446 = AXIS2_PLACEMENT_3D('',#12447,#12448,#12449);
#12447 = CARTESIAN_POINT('',(10.8,0.,9.8));
#12448 = DIRECTION('',(0.,1.,0.));
#12449 = DIRECTION('',(-1.,0.,0.));
#12450 = ADVANCED_FACE('',(#12451),#12479,.T.);
#12451 = FACE_BOUND('',#12452,.F.);
#12452 = EDGE_LOOP('',(#12453,#12454,#12463,#12471,#12478));
#12453 = ORIENTED_EDGE('',*,*,#12303,.F.);
#12454 = ORIENTED_EDGE('',*,*,#12455,.T.);
#12455 = EDGE_CURVE('',#12304,#12456,#12458,.T.);
#12456 = VERTEX_POINT('',#12457);
#12457 = CARTESIAN_POINT('',(10.8,5.,9.8));
#12458 = CIRCLE('',#12459,1.8);
#12459 = AXIS2_PLACEMENT_3D('',#12460,#12461,#12462);
#12460 = CARTESIAN_POINT('',(10.8,3.2,9.8));
#12461 = DIRECTION('',(0.,0.,-1.));
#12462 = DIRECTION('',(-1.,0.,0.));
#12463 = ORIENTED_EDGE('',*,*,#12464,.T.);
#12464 = EDGE_CURVE('',#12456,#12465,#12467,.T.);
#12465 = VERTEX_POINT('',#12466);
#12466 = CARTESIAN_POINT('',(10.8,5.,14.2));
#12467 = LINE('',#12468,#12469);
#12468 = CARTESIAN_POINT('',(10.8,5.,8.));
#12469 = VECTOR('',#12470,1.);
#12470 = DIRECTION('',(0.,0.,1.));
#12471 = ORIENTED_EDGE('',*,*,#12472,.T.);
#12472 = EDGE_CURVE('',#12465,#12355,#12473,.T.);
#12473 = CIRCLE('',#12474,1.8);
#12474 = AXIS2_PLACEMENT_3D('',#12475,#12476,#12477);
#12475 = CARTESIAN_POINT('',(10.8,3.2,14.2));
#12476 = DIRECTION('',(0.,0.,1.));
#12477 = DIRECTION('',(-1.,0.,0.));
#12478 = ORIENTED_EDGE('',*,*,#12354,.F.);
#12479 = CYLINDRICAL_SURFACE('',#12480,1.8);
#12480 = AXIS2_PLACEMENT_3D('',#12481,#12482,#12483);
#12481 = CARTESIAN_POINT('',(10.8,3.2,8.));
#12482 = DIRECTION('',(0.,0.,1.));
#12483 = DIRECTION('',(-1.,0.,0.));
#12484 = ADVANCED_FACE('',(#12485),#12512,.T.);
#12485 = FACE_BOUND('',#12486,.T.);
#12486 = EDGE_LOOP('',(#12487,#12496,#12504,#12511));
#12487 = ORIENTED_EDGE('',*,*,#12488,.F.);
#12488 = EDGE_CURVE('',#12489,#12346,#12491,.T.);
#12489 = VERTEX_POINT('',#12490);
#12490 = CARTESIAN_POINT('',(10.8,1.8,16.));
#12491 = CIRCLE('',#12492,1.8);
#12492 = AXIS2_PLACEMENT_3D('',#12493,#12494,#12495);
#12493 = CARTESIAN_POINT('',(10.8,1.8,14.2));
#12494 = DIRECTION('',(0.,-1.,0.));
#12495 = DIRECTION('',(-1.,0.,0.));
#12496 = ORIENTED_EDGE('',*,*,#12497,.T.);
#12497 = EDGE_CURVE('',#12489,#12498,#12500,.T.);
#12498 = VERTEX_POINT('',#12499);
#12499 = CARTESIAN_POINT('',(10.8,3.2,16.));
#12500 = LINE('',#12501,#12502);
#12501 = CARTESIAN_POINT('',(10.8,0.,16.));
#12502 = VECTOR('',#12503,1.);
#12503 = DIRECTION('',(0.,1.,0.));
#12504 = ORIENTED_EDGE('',*,*,#12505,.F.);
#12505 = EDGE_CURVE('',#12355,#12498,#12506,.T.);
#12506 = CIRCLE('',#12507,1.8);
#12507 = AXIS2_PLACEMENT_3D('',#12508,#12509,#12510);
#12508 = CARTESIAN_POINT('',(10.8,3.2,14.2));
#12509 = DIRECTION('',(0.,1.,-0.));
#12510 = DIRECTION('',(-1.,0.,0.));
#12511 = ORIENTED_EDGE('',*,*,#12362,.F.);
#12512 = CYLINDRICAL_SURFACE('',#12513,1.8);
#12513 = AXIS2_PLACEMENT_3D('',#12514,#12515,#12516);
#12514 = CARTESIAN_POINT('',(10.8,0.,14.2));
#12515 = DIRECTION('',(0.,1.,0.));
#12516 = DIRECTION('',(-1.,0.,0.));
#12517 = ADVANCED_FACE('',(#12518),#12529,.T.);
#12518 = FACE_BOUND('',#12519,.T.);
#12519 = EDGE_LOOP('',(#12520,#12521,#12528));
#12520 = ORIENTED_EDGE('',*,*,#12421,.F.);
#12521 = ORIENTED_EDGE('',*,*,#12522,.T.);
#12522 = EDGE_CURVE('',#12422,#12389,#12523,.T.);
#12523 = CIRCLE('',#12524,1.8);
#12524 = AXIS2_PLACEMENT_3D('',#12525,#12526,#12527);
#12525 = CARTESIAN_POINT('',(10.8,1.8,9.8));
#12526 = DIRECTION('',(-1.,6.123233995737E-17,0.));
#12527 = DIRECTION('',(-6.123233995737E-17,-1.,0.));
#12528 = ORIENTED_EDGE('',*,*,#12388,.F.);
#12529 = SPHERICAL_SURFACE('',#12530,1.8);
#12530 = AXIS2_PLACEMENT_3D('',#12531,#12532,#12533);
#12531 = CARTESIAN_POINT('',(10.8,1.8,9.8));
#12532 = DIRECTION('',(0.,0.,1.));
#12533 = DIRECTION('',(-1.,0.,0.));
#12534 = ADVANCED_FACE('',(#12535),#12546,.T.);
#12535 = FACE_BOUND('',#12536,.F.);
#12536 = EDGE_LOOP('',(#12537,#12538,#12545));
#12537 = ORIENTED_EDGE('',*,*,#12488,.F.);
#12538 = ORIENTED_EDGE('',*,*,#12539,.T.);
#12539 = EDGE_CURVE('',#12489,#12398,#12540,.T.);
#12540 = CIRCLE('',#12541,1.8);
#12541 = AXIS2_PLACEMENT_3D('',#12542,#12543,#12544);
#12542 = CARTESIAN_POINT('',(10.8,1.8,14.2));
#12543 = DIRECTION('',(1.,-6.123233995737E-17,0.));
#12544 = DIRECTION('',(-6.123233995737E-17,-1.,0.));
#12545 = ORIENTED_EDGE('',*,*,#12405,.F.);
#12546 = SPHERICAL_SURFACE('',#12547,1.8);
#12547 = AXIS2_PLACEMENT_3D('',#12548,#12549,#12550);
#12548 = CARTESIAN_POINT('',(10.8,1.8,14.2));
#12549 = DIRECTION('',(-0.,-0.,-1.));
#12550 = DIRECTION('',(-1.,0.,0.));
#12551 = ADVANCED_FACE('',(#12552),#12593,.F.);
#12552 = FACE_BOUND('',#12553,.F.);
#12553 = EDGE_LOOP('',(#12554,#12562,#12563,#12571,#12579,#12587));
#12554 = ORIENTED_EDGE('',*,*,#12555,.F.);
#12555 = EDGE_CURVE('',#12389,#12556,#12558,.T.);
#12556 = VERTEX_POINT('',#12557);
#12557 = CARTESIAN_POINT('',(64.,-3.330669073875E-16,9.8));
#12558 = LINE('',#12559,#12560);
#12559 = CARTESIAN_POINT('',(9.,-2.22044604925E-16,9.8));
#12560 = VECTOR('',#12561,1.);
#12561 = DIRECTION('',(1.,0.,0.));
#12562 = ORIENTED_EDGE('',*,*,#12397,.T.);
#12563 = ORIENTED_EDGE('',*,*,#12564,.T.);
#12564 = EDGE_CURVE('',#12398,#12565,#12567,.T.);
#12565 = VERTEX_POINT('',#12566);
#12566 = CARTESIAN_POINT('',(65.2,-2.22044604925E-16,14.2));
#12567 = LINE('',#12568,#12569);
#12568 = CARTESIAN_POINT('',(9.,-2.22044604925E-16,14.2));
#12569 = VECTOR('',#12570,1.);
#12570 = DIRECTION('',(1.,0.,0.));
#12571 = ORIENTED_EDGE('',*,*,#12572,.F.);
#12572 = EDGE_CURVE('',#12573,#12565,#12575,.T.);
#12573 = VERTEX_POINT('',#12574);
#12574 = CARTESIAN_POINT('',(65.2,-3.330669073875E-16,13.));
#12575 = LINE('',#12576,#12577);
#12576 = CARTESIAN_POINT('',(65.2,-2.22044604925E-16,8.));
#12577 = VECTOR('',#12578,1.);
#12578 = DIRECTION('',(0.,0.,1.));
#12579 = ORIENTED_EDGE('',*,*,#12580,.F.);
#12580 = EDGE_CURVE('',#12581,#12573,#12583,.T.);
#12581 = VERTEX_POINT('',#12582);
#12582 = CARTESIAN_POINT('',(64.,-4.440892098501E-16,13.));
#12583 = LINE('',#12584,#12585);
#12584 = CARTESIAN_POINT('',(62.,-4.440892098501E-16,13.));
#12585 = VECTOR('',#12586,1.);
#12586 = DIRECTION('',(1.,0.,0.));
#12587 = ORIENTED_EDGE('',*,*,#12588,.F.);
#12588 = EDGE_CURVE('',#12556,#12581,#12589,.T.);
#12589 = LINE('',#12590,#12591);
#12590 = CARTESIAN_POINT('',(64.,-4.440892098501E-16,5.));
#12591 = VECTOR('',#12592,1.);
#12592 = DIRECTION('',(0.,0.,1.));
#12593 = PLANE('',#12594);
#12594 = AXIS2_PLACEMENT_3D('',#12595,#12596,#12597);
#12595 = CARTESIAN_POINT('',(9.,0.,8.));
#12596 = DIRECTION('',(0.,1.,0.));
#12597 = DIRECTION('',(0.,0.,1.));
#12598 = ADVANCED_FACE('',(#12599),#12633,.F.);
#12599 = FACE_BOUND('',#12600,.F.);
#12600 = EDGE_LOOP('',(#12601,#12602,#12610,#12619,#12627));
#12601 = ORIENTED_EDGE('',*,*,#12430,.F.);
#12602 = ORIENTED_EDGE('',*,*,#12603,.T.);
#12603 = EDGE_CURVE('',#12422,#12604,#12606,.T.);
#12604 = VERTEX_POINT('',#12605);
#12605 = CARTESIAN_POINT('',(62.010025125787,1.8,8.));
#12606 = LINE('',#12607,#12608);
#12607 = CARTESIAN_POINT('',(9.,1.8,8.));
#12608 = VECTOR('',#12609,1.);
#12609 = DIRECTION('',(1.,0.,0.));
#12610 = ORIENTED_EDGE('',*,*,#12611,.F.);
#12611 = EDGE_CURVE('',#12612,#12604,#12614,.T.);
#12612 = VERTEX_POINT('',#12613);
#12613 = CARTESIAN_POINT('',(62.,2.,8.));
#12614 = CIRCLE('',#12615,2.);
#12615 = AXIS2_PLACEMENT_3D('',#12616,#12617,#12618);
#12616 = CARTESIAN_POINT('',(64.,2.,8.));
#12617 = DIRECTION('',(0.,0.,1.));
#12618 = DIRECTION('',(-1.,0.,0.));
#12619 = ORIENTED_EDGE('',*,*,#12620,.T.);
#12620 = EDGE_CURVE('',#12612,#12621,#12623,.T.);
#12621 = VERTEX_POINT('',#12622);
#12622 = CARTESIAN_POINT('',(62.,3.2,8.));
#12623 = LINE('',#12624,#12625);
#12624 = CARTESIAN_POINT('',(62.,0.,8.));
#12625 = VECTOR('',#12626,1.);
#12626 = DIRECTION('',(0.,1.,0.));
#12627 = ORIENTED_EDGE('',*,*,#12628,.F.);
#12628 = EDGE_CURVE('',#12431,#12621,#12629,.T.);
#12629 = LINE('',#12630,#12631);
#12630 = CARTESIAN_POINT('',(9.,3.2,8.));
#12631 = VECTOR('',#12632,1.);
#12632 = DIRECTION('',(1.,0.,0.));
#12633 = PLANE('',#12634);
#12634 = AXIS2_PLACEMENT_3D('',#12635,#12636,#12637);
#12635 = CARTESIAN_POINT('',(9.,0.,8.));
#12636 = DIRECTION('',(0.,0.,1.));
#12637 = DIRECTION('',(1.,0.,0.));
#12638 = ADVANCED_FACE('',(#12639),#12650,.T.);
#12639 = FACE_BOUND('',#12640,.F.);
#12640 = EDGE_LOOP('',(#12641,#12642,#12649));
#12641 = ORIENTED_EDGE('',*,*,#12438,.F.);
#12642 = ORIENTED_EDGE('',*,*,#12643,.T.);
#12643 = EDGE_CURVE('',#12431,#12456,#12644,.T.);
#12644 = CIRCLE('',#12645,1.8);
#12645 = AXIS2_PLACEMENT_3D('',#12646,#12647,#12648);
#12646 = CARTESIAN_POINT('',(10.8,3.2,9.8));
#12647 = DIRECTION('',(1.,6.123233995737E-17,-0.));
#12648 = DIRECTION('',(-6.123233995737E-17,1.,0.));
#12649 = ORIENTED_EDGE('',*,*,#12455,.F.);
#12650 = SPHERICAL_SURFACE('',#12651,1.8);
#12651 = AXIS2_PLACEMENT_3D('',#12652,#12653,#12654);
#12652 = CARTESIAN_POINT('',(10.8,3.2,9.8));
#12653 = DIRECTION('',(0.,0.,1.));
#12654 = DIRECTION('',(-1.,0.,0.));
#12655 = ADVANCED_FACE('',(#12656),#12667,.T.);
#12656 = FACE_BOUND('',#12657,.F.);
#12657 = EDGE_LOOP('',(#12658,#12659,#12666));
#12658 = ORIENTED_EDGE('',*,*,#12472,.F.);
#12659 = ORIENTED_EDGE('',*,*,#12660,.T.);
#12660 = EDGE_CURVE('',#12465,#12498,#12661,.T.);
#12661 = CIRCLE('',#12662,1.8);
#12662 = AXIS2_PLACEMENT_3D('',#12663,#12664,#12665);
#12663 = CARTESIAN_POINT('',(10.8,3.2,14.2));
#12664 = DIRECTION('',(1.,0.,6.123233995737E-17));
#12665 = DIRECTION('',(-6.123233995737E-17,0.,1.));
#12666 = ORIENTED_EDGE('',*,*,#12505,.F.);
#12667 = SPHERICAL_SURFACE('',#12668,1.8);
#12668 = AXIS2_PLACEMENT_3D('',#12669,#12670,#12671);
#12669 = CARTESIAN_POINT('',(10.8,3.2,14.2));
#12670 = DIRECTION('',(0.,-1.,0.));
#12671 = DIRECTION('',(-1.,0.,0.));
#12672 = ADVANCED_FACE('',(#12673),#12707,.T.);
#12673 = FACE_BOUND('',#12674,.T.);
#12674 = EDGE_LOOP('',(#12675,#12683,#12684,#12692,#12701));
#12675 = ORIENTED_EDGE('',*,*,#12676,.F.);
#12676 = EDGE_CURVE('',#12456,#12677,#12679,.T.);
#12677 = VERTEX_POINT('',#12678);
#12678 = CARTESIAN_POINT('',(62.,5.,9.8));
#12679 = LINE('',#12680,#12681);
#12680 = CARTESIAN_POINT('',(9.,5.,9.8));
#12681 = VECTOR('',#12682,1.);
#12682 = DIRECTION('',(1.,0.,0.));
#12683 = ORIENTED_EDGE('',*,*,#12464,.T.);
#12684 = ORIENTED_EDGE('',*,*,#12685,.T.);
#12685 = EDGE_CURVE('',#12465,#12686,#12688,.T.);
#12686 = VERTEX_POINT('',#12687);
#12687 = CARTESIAN_POINT('',(62.4,5.,14.2));
#12688 = LINE('',#12689,#12690);
#12689 = CARTESIAN_POINT('',(9.,5.,14.2));
#12690 = VECTOR('',#12691,1.);
#12691 = DIRECTION('',(1.,0.,0.));
#12692 = ORIENTED_EDGE('',*,*,#12693,.F.);
#12693 = EDGE_CURVE('',#12694,#12686,#12696,.T.);
#12694 = VERTEX_POINT('',#12695);
#12695 = CARTESIAN_POINT('',(62.,5.,13.));
#12696 = CIRCLE('',#12697,2.);
#12697 = AXIS2_PLACEMENT_3D('',#12698,#12699,#12700);
#12698 = CARTESIAN_POINT('',(64.,5.,13.));
#12699 = DIRECTION('',(0.,1.,-0.));
#12700 = DIRECTION('',(-1.,0.,0.));
#12701 = ORIENTED_EDGE('',*,*,#12702,.F.);
#12702 = EDGE_CURVE('',#12677,#12694,#12703,.T.);
#12703 = LINE('',#12704,#12705);
#12704 = CARTESIAN_POINT('',(62.,5.,5.));
#12705 = VECTOR('',#12706,1.);
#12706 = DIRECTION('',(0.,0.,1.));
#12707 = PLANE('',#12708);
#12708 = AXIS2_PLACEMENT_3D('',#12709,#12710,#12711);
#12709 = CARTESIAN_POINT('',(9.,5.,8.));
#12710 = DIRECTION('',(0.,1.,0.));
#12711 = DIRECTION('',(0.,0.,1.));
#12712 = ADVANCED_FACE('',(#12713),#12738,.T.);
#12713 = FACE_BOUND('',#12714,.T.);
#12714 = EDGE_LOOP('',(#12715,#12716,#12724,#12732));
#12715 = ORIENTED_EDGE('',*,*,#12497,.F.);
#12716 = ORIENTED_EDGE('',*,*,#12717,.T.);
#12717 = EDGE_CURVE('',#12489,#12718,#12720,.T.);
#12718 = VERTEX_POINT('',#12719);
#12719 = CARTESIAN_POINT('',(65.2,1.8,16.));
#12720 = LINE('',#12721,#12722);
#12721 = CARTESIAN_POINT('',(9.,1.8,16.));
#12722 = VECTOR('',#12723,1.);
#12723 = DIRECTION('',(1.,0.,0.));
#12724 = ORIENTED_EDGE('',*,*,#12725,.T.);
#12725 = EDGE_CURVE('',#12718,#12726,#12728,.T.);
#12726 = VERTEX_POINT('',#12727);
#12727 = CARTESIAN_POINT('',(65.2,3.2,16.));
#12728 = LINE('',#12729,#12730);
#12729 = CARTESIAN_POINT('',(65.2,0.,16.));
#12730 = VECTOR('',#12731,1.);
#12731 = DIRECTION('',(0.,1.,0.));
#12732 = ORIENTED_EDGE('',*,*,#12733,.F.);
#12733 = EDGE_CURVE('',#12498,#12726,#12734,.T.);
#12734 = LINE('',#12735,#12736);
#12735 = CARTESIAN_POINT('',(9.,3.2,16.));
#12736 = VECTOR('',#12737,1.);
#12737 = DIRECTION('',(1.,0.,0.));
#12738 = PLANE('',#12739);
#12739 = AXIS2_PLACEMENT_3D('',#12740,#12741,#12742);
#12740 = CARTESIAN_POINT('',(9.,0.,16.));
#12741 = DIRECTION('',(0.,0.,1.));
#12742 = DIRECTION('',(1.,0.,0.));
#12743 = ADVANCED_FACE('',(#12744),#12796,.T.);
#12744 = FACE_BOUND('',#12745,.T.);
#12745 = EDGE_LOOP('',(#12746,#12747,#12748,#12795));
#12746 = ORIENTED_EDGE('',*,*,#12522,.F.);
#12747 = ORIENTED_EDGE('',*,*,#12603,.T.);
#12748 = ORIENTED_EDGE('',*,*,#12749,.F.);
#12749 = EDGE_CURVE('',#12556,#12604,#12750,.T.);
#12750 = B_SPLINE_CURVE_WITH_KNOTS('',7,(#12751,#12752,#12753,#12754,
    #12755,#12756,#12757,#12758,#12759,#12760,#12761,#12762,#12763,
    #12764,#12765,#12766,#12767,#12768,#12769,#12770,#12771,#12772,
    #12773,#12774,#12775,#12776,#12777,#12778,#12779,#12780,#12781,
    #12782,#12783,#12784,#12785,#12786,#12787,#12788,#12789,#12790,
    #12791,#12792,#12793,#12794),.UNSPECIFIED.,.F.,.F.,(8,6,6,6,6,6,6,8)
  ,(0.,6.960042873809E-04,1.34400797087E-03,2.016011166729E-03,
    0.597266723632,0.742094816874,0.863156610256,1.),.UNSPECIFIED.);
#12751 = CARTESIAN_POINT('',(64.,-3.330669073875E-16,9.8));
#12752 = CARTESIAN_POINT('',(63.999758842323,-3.367905474144E-16,
    9.799771217744));
#12753 = CARTESIAN_POINT('',(63.999517684649,3.392493040643E-08,
    9.799542435485));
#12754 = CARTESIAN_POINT('',(63.999276526977,1.017747918851E-07,
    9.799313653228));
#12755 = CARTESIAN_POINT('',(63.999035369309,2.03549586172E-07,
    9.799084870975));
#12756 = CARTESIAN_POINT('',(63.998794211645,3.392493174245E-07,
    9.79885608873));
#12757 = CARTESIAN_POINT('',(63.998553053988,5.088739918841E-07,
    9.798627306494));
#12758 = CARTESIAN_POINT('',(63.998087370362,9.019352484901E-07,
    9.798185520229));
#12759 = CARTESIAN_POINT('',(63.997862844391,1.120853854297E-06,
    9.797972516199));
#12760 = CARTESIAN_POINT('',(63.99763831843,1.369179442003E-06,
    9.79775951218));
#12761 = CARTESIAN_POINT('',(63.997413792479,1.646912019873E-06,
    9.797546508174));
#12762 = CARTESIAN_POINT('',(63.997189266541,1.954051597734E-06,
    9.797333504183));
#12763 = CARTESIAN_POINT('',(63.996964740617,2.290598186973E-06,
    9.797120500209));
#12764 = CARTESIAN_POINT('',(63.996507373242,3.036058899212E-06,
    9.796686603467));
#12765 = CARTESIAN_POINT('',(63.996274531791,3.447191600407E-06,
    9.7964657107));
#12766 = CARTESIAN_POINT('',(63.996041690359,3.889949918605E-06,
    9.796244817955));
#12767 = CARTESIAN_POINT('',(63.995808848946,4.364333870077E-06,
    9.796023925234));
#12768 = CARTESIAN_POINT('',(63.995576007555,4.870343472878E-06,
    9.795803032538));
#12769 = CARTESIAN_POINT('',(63.995343166187,5.407978746852E-06,
    9.79558213987));
#12770 = CARTESIAN_POINT('',(63.788862830386,5.102203714999E-04,
    9.5996977427));
#12771 = CARTESIAN_POINT('',(63.584566280169,2.582391858252E-02,
    9.405889519727));
#12772 = CARTESIAN_POINT('',(63.381600358127,7.512890288648E-02,
    9.21363351752));
#12773 = CARTESIAN_POINT('',(63.179795860108,0.150006152661,
    9.023021951461));
#12774 = CARTESIAN_POINT('',(62.980650969009,0.253519818354,
    8.835875248136));
#12775 = CARTESIAN_POINT('',(62.787955512753,0.389795837636,
    8.656329110443));
#12776 = CARTESIAN_POINT('',(62.565813448055,0.604733749564,
    8.452894705885));
#12777 = CARTESIAN_POINT('',(62.523077110209,0.649053949379,
    8.413939629881));
#12778 = CARTESIAN_POINT('',(62.481156917171,0.695738992033,
    8.375935793027));
#12779 = CARTESIAN_POINT('',(62.440164127894,0.744894215186,
    8.339010219737));
#12780 = CARTESIAN_POINT('',(62.400240263486,0.796621785563,
    8.30332222456));
#12781 = CARTESIAN_POINT('',(62.361556990572,0.851018635054,
    8.269064344946));
#12782 = CARTESIAN_POINT('',(62.293186267042,0.955950894231,
    8.209212041014));
#12783 = CARTESIAN_POINT('',(62.263042128318,1.005689243421,
    8.183099064362));
#12784 = CARTESIAN_POINT('',(62.234027143691,1.057411807036,
    8.158280260754));
#12785 = CARTESIAN_POINT('',(62.206294476849,1.111131901345,
    8.13492275612));
#12786 = CARTESIAN_POINT('',(62.180006548647,1.16685289003,
    8.113205425964));
#12787 = CARTESIAN_POINT('',(62.155334685794,1.224567277981,
    8.093319435696));
#12788 = CARTESIAN_POINT('',(62.106600752446,1.351725319214,
    8.055291117694));
#12789 = CARTESIAN_POINT('',(62.082975284599,1.42187945349,
    8.037665590999));
#12790 = CARTESIAN_POINT('',(62.061992103292,1.494373481697,
    8.023011073682));
#12791 = CARTESIAN_POINT('',(62.043985308324,1.568835142061,
    8.011675723297));
#12792 = CARTESIAN_POINT('',(62.029213145275,1.644869862734,
    8.003936719267));
#12793 = CARTESIAN_POINT('',(62.017857788778,1.722065987249,8.));
#12794 = CARTESIAN_POINT('',(62.010025125787,1.8,8.));
#12795 = ORIENTED_EDGE('',*,*,#12555,.F.);
#12796 = CYLINDRICAL_SURFACE('',#12797,1.8);
#12797 = AXIS2_PLACEMENT_3D('',#12798,#12799,#12800);
#12798 = CARTESIAN_POINT('',(9.,1.8,9.8));
#12799 = DIRECTION('',(1.,0.,0.));
#12800 = DIRECTION('',(0.,-1.,0.));
#12801 = ADVANCED_FACE('',(#12802),#12814,.T.);
#12802 = FACE_BOUND('',#12803,.F.);
#12803 = EDGE_LOOP('',(#12804,#12805,#12806,#12813));
#12804 = ORIENTED_EDGE('',*,*,#12539,.F.);
#12805 = ORIENTED_EDGE('',*,*,#12717,.T.);
#12806 = ORIENTED_EDGE('',*,*,#12807,.T.);
#12807 = EDGE_CURVE('',#12718,#12565,#12808,.T.);
#12808 = CIRCLE('',#12809,1.8);
#12809 = AXIS2_PLACEMENT_3D('',#12810,#12811,#12812);
#12810 = CARTESIAN_POINT('',(65.2,1.8,14.2));
#12811 = DIRECTION('',(1.,6.123233995737E-17,0.));
#12812 = DIRECTION('',(6.123233995737E-17,-1.,0.));
#12813 = ORIENTED_EDGE('',*,*,#12564,.F.);
#12814 = CYLINDRICAL_SURFACE('',#12815,1.8);
#12815 = AXIS2_PLACEMENT_3D('',#12816,#12817,#12818);
#12816 = CARTESIAN_POINT('',(9.,1.8,14.2));
#12817 = DIRECTION('',(1.,0.,0.));
#12818 = DIRECTION('',(0.,-1.,0.));
#12819 = ADVANCED_FACE('',(#12820),#12838,.F.);
#12820 = FACE_BOUND('',#12821,.F.);
#12821 = EDGE_LOOP('',(#12822,#12830,#12831,#12832));
#12822 = ORIENTED_EDGE('',*,*,#12823,.F.);
#12823 = EDGE_CURVE('',#12556,#12824,#12826,.T.);
#12824 = VERTEX_POINT('',#12825);
#12825 = CARTESIAN_POINT('',(65.2,-2.22044604925E-16,9.8));
#12826 = LINE('',#12827,#12828);
#12827 = CARTESIAN_POINT('',(9.,-2.22044604925E-16,9.8));
#12828 = VECTOR('',#12829,1.);
#12829 = DIRECTION('',(1.,0.,0.));
#12830 = ORIENTED_EDGE('',*,*,#12588,.T.);
#12831 = ORIENTED_EDGE('',*,*,#12580,.T.);
#12832 = ORIENTED_EDGE('',*,*,#12833,.F.);
#12833 = EDGE_CURVE('',#12824,#12573,#12834,.T.);
#12834 = LINE('',#12835,#12836);
#12835 = CARTESIAN_POINT('',(65.2,-2.22044604925E-16,8.));
#12836 = VECTOR('',#12837,1.);
#12837 = DIRECTION('',(0.,0.,1.));
#12838 = PLANE('',#12839);
#12839 = AXIS2_PLACEMENT_3D('',#12840,#12841,#12842);
#12840 = CARTESIAN_POINT('',(9.,0.,8.));
#12841 = DIRECTION('',(0.,1.,0.));
#12842 = DIRECTION('',(0.,0.,1.));
#12843 = ADVANCED_FACE('',(#12844),#12867,.T.);
#12844 = FACE_BOUND('',#12845,.F.);
#12845 = EDGE_LOOP('',(#12846,#12855,#12866));
#12846 = ORIENTED_EDGE('',*,*,#12847,.F.);
#12847 = EDGE_CURVE('',#12848,#12565,#12850,.T.);
#12848 = VERTEX_POINT('',#12849);
#12849 = CARTESIAN_POINT('',(66.331370849898,0.4,14.2));
#12850 = CIRCLE('',#12851,1.8);
#12851 = AXIS2_PLACEMENT_3D('',#12852,#12853,#12854);
#12852 = CARTESIAN_POINT('',(65.2,1.8,14.2));
#12853 = DIRECTION('',(0.,0.,-1.));
#12854 = DIRECTION('',(1.,0.,0.));
#12855 = ORIENTED_EDGE('',*,*,#12856,.T.);
#12856 = EDGE_CURVE('',#12848,#12573,#12857,.T.);
#12857 = B_SPLINE_CURVE_WITH_KNOTS('',7,(#12858,#12859,#12860,#12861,
    #12862,#12863,#12864,#12865),.UNSPECIFIED.,.F.,.F.,(8,8),(0.,1.),
  .PIECEWISE_BEZIER_KNOTS.);
#12858 = CARTESIAN_POINT('',(66.331371406745,0.40000045,14.2000006));
#12859 = CARTESIAN_POINT('',(66.181945963246,0.279246358175,
    14.038995270019));
#12860 = CARTESIAN_POINT('',(66.024438715714,0.18271859565,
    13.870913157389));
#12861 = CARTESIAN_POINT('',(65.862593353291,0.108293320456,
    13.699168790054));
#12862 = CARTESIAN_POINT('',(65.698530239266,5.393345780777E-02,
    13.525683252525));
#12863 = CARTESIAN_POINT('',(65.533265032182,1.809415257146E-02,
    13.35129204992));
#12864 = CARTESIAN_POINT('',(65.367087439025,1.871423193009E-07,
    13.176125653834));
#12865 = CARTESIAN_POINT('',(65.2,-3.330669073875E-16,13.));
#12866 = ORIENTED_EDGE('',*,*,#12572,.T.);
#12867 = CYLINDRICAL_SURFACE('',#12868,1.8);
#12868 = AXIS2_PLACEMENT_3D('',#12869,#12870,#12871);
#12869 = CARTESIAN_POINT('',(65.2,1.8,8.));
#12870 = DIRECTION('',(0.,0.,1.));
#12871 = DIRECTION('',(1.,0.,0.));
#12872 = ADVANCED_FACE('',(#12873),#12885,.T.);
#12873 = FACE_BOUND('',#12874,.F.);
#12874 = EDGE_LOOP('',(#12875,#12876,#12877,#12884));
#12875 = ORIENTED_EDGE('',*,*,#12643,.F.);
#12876 = ORIENTED_EDGE('',*,*,#12628,.T.);
#12877 = ORIENTED_EDGE('',*,*,#12878,.T.);
#12878 = EDGE_CURVE('',#12621,#12677,#12879,.T.);
#12879 = CIRCLE('',#12880,1.8);
#12880 = AXIS2_PLACEMENT_3D('',#12881,#12882,#12883);
#12881 = CARTESIAN_POINT('',(62.,3.2,9.8));
#12882 = DIRECTION('',(1.,0.,0.));
#12883 = DIRECTION('',(0.,1.,0.));
#12884 = ORIENTED_EDGE('',*,*,#12676,.F.);
#12885 = CYLINDRICAL_SURFACE('',#12886,1.8);
#12886 = AXIS2_PLACEMENT_3D('',#12887,#12888,#12889);
#12887 = CARTESIAN_POINT('',(9.,3.2,9.8));
#12888 = DIRECTION('',(1.,0.,0.));
#12889 = DIRECTION('',(0.,1.,0.));
#12890 = ADVANCED_FACE('',(#12891),#12917,.F.);
#12891 = FACE_BOUND('',#12892,.F.);
#12892 = EDGE_LOOP('',(#12893,#12901,#12909,#12915,#12916));
#12893 = ORIENTED_EDGE('',*,*,#12894,.F.);
#12894 = EDGE_CURVE('',#12895,#12612,#12897,.T.);
#12895 = VERTEX_POINT('',#12896);
#12896 = CARTESIAN_POINT('',(62.,2.,7.));
#12897 = LINE('',#12898,#12899);
#12898 = CARTESIAN_POINT('',(62.,2.,5.));
#12899 = VECTOR('',#12900,1.);
#12900 = DIRECTION('',(0.,0.,1.));
#12901 = ORIENTED_EDGE('',*,*,#12902,.T.);
#12902 = EDGE_CURVE('',#12895,#12903,#12905,.T.);
#12903 = VERTEX_POINT('',#12904);
#12904 = CARTESIAN_POINT('',(62.,5.,7.));
#12905 = LINE('',#12906,#12907);
#12906 = CARTESIAN_POINT('',(62.,0.,7.));
#12907 = VECTOR('',#12908,1.);
#12908 = DIRECTION('',(0.,1.,0.));
#12909 = ORIENTED_EDGE('',*,*,#12910,.T.);
#12910 = EDGE_CURVE('',#12903,#12677,#12911,.T.);
#12911 = LINE('',#12912,#12913);
#12912 = CARTESIAN_POINT('',(62.,5.,5.));
#12913 = VECTOR('',#12914,1.);
#12914 = DIRECTION('',(0.,0.,1.));
#12915 = ORIENTED_EDGE('',*,*,#12878,.F.);
#12916 = ORIENTED_EDGE('',*,*,#12620,.F.);
#12917 = PLANE('',#12918);
#12918 = AXIS2_PLACEMENT_3D('',#12919,#12920,#12921);
#12919 = CARTESIAN_POINT('',(62.,0.,5.));
#12920 = DIRECTION('',(1.,0.,0.));
#12921 = DIRECTION('',(0.,0.,1.));
#12922 = ADVANCED_FACE('',(#12923),#12943,.T.);
#12923 = FACE_BOUND('',#12924,.T.);
#12924 = EDGE_LOOP('',(#12925,#12926,#12935,#12941,#12942));
#12925 = ORIENTED_EDGE('',*,*,#12894,.F.);
#12926 = ORIENTED_EDGE('',*,*,#12927,.T.);
#12927 = EDGE_CURVE('',#12895,#12928,#12930,.T.);
#12928 = VERTEX_POINT('',#12929);
#12929 = CARTESIAN_POINT('',(64.,-4.440892098501E-16,7.));
#12930 = CIRCLE('',#12931,2.);
#12931 = AXIS2_PLACEMENT_3D('',#12932,#12933,#12934);
#12932 = CARTESIAN_POINT('',(64.,2.,7.));
#12933 = DIRECTION('',(0.,0.,1.));
#12934 = DIRECTION('',(-1.,0.,0.));
#12935 = ORIENTED_EDGE('',*,*,#12936,.T.);
#12936 = EDGE_CURVE('',#12928,#12556,#12937,.T.);
#12937 = LINE('',#12938,#12939);
#12938 = CARTESIAN_POINT('',(64.,-4.440892098501E-16,5.));
#12939 = VECTOR('',#12940,1.);
#12940 = DIRECTION('',(0.,0.,1.));
#12941 = ORIENTED_EDGE('',*,*,#12749,.T.);
#12942 = ORIENTED_EDGE('',*,*,#12611,.F.);
#12943 = CYLINDRICAL_SURFACE('',#12944,2.);
#12944 = AXIS2_PLACEMENT_3D('',#12945,#12946,#12947);
#12945 = CARTESIAN_POINT('',(64.,2.,5.));
#12946 = DIRECTION('',(0.,0.,1.));
#12947 = DIRECTION('',(-1.,0.,0.));
#12948 = ADVANCED_FACE('',(#12949),#12991,.T.);
#12949 = FACE_BOUND('',#12950,.T.);
#12950 = EDGE_LOOP('',(#12951,#12952,#12953,#12954,#12963,#12971));
#12951 = ORIENTED_EDGE('',*,*,#12685,.F.);
#12952 = ORIENTED_EDGE('',*,*,#12660,.T.);
#12953 = ORIENTED_EDGE('',*,*,#12733,.T.);
#12954 = ORIENTED_EDGE('',*,*,#12955,.F.);
#12955 = EDGE_CURVE('',#12956,#12726,#12958,.T.);
#12956 = VERTEX_POINT('',#12957);
#12957 = CARTESIAN_POINT('',(65.2,4.81245154966,15.));
#12958 = CIRCLE('',#12959,1.8);
#12959 = AXIS2_PLACEMENT_3D('',#12960,#12961,#12962);
#12960 = CARTESIAN_POINT('',(65.2,3.2,14.2));
#12961 = DIRECTION('',(1.,0.,-6.123233995737E-17));
#12962 = DIRECTION('',(6.123233995737E-17,0.,1.));
#12963 = ORIENTED_EDGE('',*,*,#12964,.F.);
#12964 = EDGE_CURVE('',#12965,#12956,#12967,.T.);
#12965 = VERTEX_POINT('',#12966);
#12966 = CARTESIAN_POINT('',(64.,4.81245154966,15.));
#12967 = LINE('',#12968,#12969);
#12968 = CARTESIAN_POINT('',(9.,4.81245154966,15.));
#12969 = VECTOR('',#12970,1.);
#12970 = DIRECTION('',(1.,0.,0.));
#12971 = ORIENTED_EDGE('',*,*,#12972,.F.);
#12972 = EDGE_CURVE('',#12686,#12965,#12973,.T.);
#12973 = B_SPLINE_CURVE_WITH_KNOTS('',6,(#12974,#12975,#12976,#12977,
    #12978,#12979,#12980,#12981,#12982,#12983,#12984,#12985,#12986,
    #12987,#12988,#12989,#12990),.UNSPECIFIED.,.F.,.F.,(7,5,5,7),(0.,
    0.15538988399,0.529141674536,1.),.UNSPECIFIED.);
#12974 = CARTESIAN_POINT('',(62.4,5.,14.2));
#12975 = CARTESIAN_POINT('',(62.431129376094,5.,14.241505834792));
#12976 = CARTESIAN_POINT('',(62.463360109402,4.998851548957,
    14.28178825592));
#12977 = CARTESIAN_POINT('',(62.496618224665,4.996681440949,
    14.32081085181));
#12978 = CARTESIAN_POINT('',(62.530828171776,4.993611845037,
    14.358542936019));
#12979 = CARTESIAN_POINT('',(62.565912825774,4.989760305264,
    14.394959547231));
#12980 = CARTESIAN_POINT('',(62.68809550974,4.974366644724,
    14.514422255534));
#12981 = CARTESIAN_POINT('',(62.779006666355,4.959622696409,
    14.59108488597));
#12982 = CARTESIAN_POINT('',(62.873777971594,4.942534500587,
    14.660094899113));
#12983 = CARTESIAN_POINT('',(62.971819200556,4.924359670946,
    14.721578948774));
#12984 = CARTESIAN_POINT('',(63.072681240531,4.906195760577,
    14.775652118021));
#12985 = CARTESIAN_POINT('',(63.306193588563,4.867289507077,
    14.881234716279));
#12986 = CARTESIAN_POINT('',(63.440732551418,4.847030966563,
    14.928625440342));
#12987 = CARTESIAN_POINT('',(63.578339397204,4.830198696095,
    14.964231867924));
#12988 = CARTESIAN_POINT('',(63.717972900356,4.818387591646,
    14.988034888621));
#12989 = CARTESIAN_POINT('',(63.858781957583,4.81245154966,15.));
#12990 = CARTESIAN_POINT('',(64.,4.81245154966,15.));
#12991 = CYLINDRICAL_SURFACE('',#12992,1.8);
#12992 = AXIS2_PLACEMENT_3D('',#12993,#12994,#12995);
#12993 = CARTESIAN_POINT('',(9.,3.2,14.2));
#12994 = DIRECTION('',(1.,0.,0.));
#12995 = DIRECTION('',(0.,1.,0.));
#12996 = ADVANCED_FACE('',(#12997),#13025,.T.);
#12997 = FACE_BOUND('',#12998,.F.);
#12998 = EDGE_LOOP('',(#12999,#13000,#13009,#13017,#13024));
#12999 = ORIENTED_EDGE('',*,*,#12910,.F.);
#13000 = ORIENTED_EDGE('',*,*,#13001,.T.);
#13001 = EDGE_CURVE('',#12903,#13002,#13004,.T.);
#13002 = VERTEX_POINT('',#13003);
#13003 = CARTESIAN_POINT('',(64.,7.,7.));
#13004 = CIRCLE('',#13005,2.);
#13005 = AXIS2_PLACEMENT_3D('',#13006,#13007,#13008);
#13006 = CARTESIAN_POINT('',(64.,5.,7.));
#13007 = DIRECTION('',(0.,0.,-1.));
#13008 = DIRECTION('',(-1.,0.,0.));
#13009 = ORIENTED_EDGE('',*,*,#13010,.T.);
#13010 = EDGE_CURVE('',#13002,#13011,#13013,.T.);
#13011 = VERTEX_POINT('',#13012);
#13012 = CARTESIAN_POINT('',(64.,7.,13.));
#13013 = LINE('',#13014,#13015);
#13014 = CARTESIAN_POINT('',(64.,7.,5.));
#13015 = VECTOR('',#13016,1.);
#13016 = DIRECTION('',(0.,0.,1.));
#13017 = ORIENTED_EDGE('',*,*,#13018,.T.);
#13018 = EDGE_CURVE('',#13011,#12694,#13019,.T.);
#13019 = CIRCLE('',#13020,2.);
#13020 = AXIS2_PLACEMENT_3D('',#13021,#13022,#13023);
#13021 = CARTESIAN_POINT('',(64.,5.,13.));
#13022 = DIRECTION('',(0.,0.,1.));
#13023 = DIRECTION('',(-1.,0.,0.));
#13024 = ORIENTED_EDGE('',*,*,#12702,.F.);
#13025 = CYLINDRICAL_SURFACE('',#13026,2.);
#13026 = AXIS2_PLACEMENT_3D('',#13027,#13028,#13029);
#13027 = CARTESIAN_POINT('',(64.,5.,5.));
#13028 = DIRECTION('',(0.,0.,1.));
#13029 = DIRECTION('',(-1.,0.,0.));
#13030 = ADVANCED_FACE('',(#13031),#13051,.T.);
#13031 = FACE_BOUND('',#13032,.F.);
#13032 = EDGE_LOOP('',(#13033,#13034,#13043,#13050));
#13033 = ORIENTED_EDGE('',*,*,#13018,.F.);
#13034 = ORIENTED_EDGE('',*,*,#13035,.T.);
#13035 = EDGE_CURVE('',#13011,#13036,#13038,.T.);
#13036 = VERTEX_POINT('',#13037);
#13037 = CARTESIAN_POINT('',(64.,5.,15.));
#13038 = CIRCLE('',#13039,2.);
#13039 = AXIS2_PLACEMENT_3D('',#13040,#13041,#13042);
#13040 = CARTESIAN_POINT('',(64.,5.,13.));
#13041 = DIRECTION('',(1.,0.,6.123233995737E-17));
#13042 = DIRECTION('',(-6.123233995737E-17,0.,1.));
#13043 = ORIENTED_EDGE('',*,*,#13044,.F.);
#13044 = EDGE_CURVE('',#12686,#13036,#13045,.T.);
#13045 = CIRCLE('',#13046,2.);
#13046 = AXIS2_PLACEMENT_3D('',#13047,#13048,#13049);
#13047 = CARTESIAN_POINT('',(64.,5.,13.));
#13048 = DIRECTION('',(0.,1.,-0.));
#13049 = DIRECTION('',(-1.,0.,0.));
#13050 = ORIENTED_EDGE('',*,*,#12693,.F.);
#13051 = SPHERICAL_SURFACE('',#13052,2.);
#13052 = AXIS2_PLACEMENT_3D('',#13053,#13054,#13055);
#13053 = CARTESIAN_POINT('',(64.,5.,13.));
#13054 = DIRECTION('',(0.,-1.,0.));
#13055 = DIRECTION('',(-1.,0.,0.));
#13056 = ADVANCED_FACE('',(#13057),#13097,.T.);
#13057 = FACE_BOUND('',#13058,.F.);
#13058 = EDGE_LOOP('',(#13059,#13068,#13069,#13078,#13086));
#13059 = ORIENTED_EDGE('',*,*,#13060,.F.);
#13060 = EDGE_CURVE('',#12718,#13061,#13063,.T.);
#13061 = VERTEX_POINT('',#13062);
#13062 = CARTESIAN_POINT('',(66.817386687874,1.8,14.989974874213));
#13063 = CIRCLE('',#13064,1.8);
#13064 = AXIS2_PLACEMENT_3D('',#13065,#13066,#13067);
#13065 = CARTESIAN_POINT('',(65.2,1.8,14.2));
#13066 = DIRECTION('',(-0.,1.,0.));
#13067 = DIRECTION('',(1.,0.,0.));
#13068 = ORIENTED_EDGE('',*,*,#12725,.T.);
#13069 = ORIENTED_EDGE('',*,*,#13070,.F.);
#13070 = EDGE_CURVE('',#13071,#12726,#13073,.T.);
#13071 = VERTEX_POINT('',#13072);
#13072 = CARTESIAN_POINT('',(66.81245154966,3.2,15.));
#13073 = CIRCLE('',#13074,1.8);
#13074 = AXIS2_PLACEMENT_3D('',#13075,#13076,#13077);
#13075 = CARTESIAN_POINT('',(65.2,3.2,14.2));
#13076 = DIRECTION('',(0.,-1.,0.));
#13077 = DIRECTION('',(1.,0.,0.));
#13078 = ORIENTED_EDGE('',*,*,#13079,.F.);
#13079 = EDGE_CURVE('',#13080,#13071,#13082,.T.);
#13080 = VERTEX_POINT('',#13081);
#13081 = CARTESIAN_POINT('',(66.812451549659,2.,15.));
#13082 = LINE('',#13083,#13084);
#13083 = CARTESIAN_POINT('',(66.81245154966,0.,15.));
#13084 = VECTOR('',#13085,1.);
#13085 = DIRECTION('',(0.,1.,0.));
#13086 = ORIENTED_EDGE('',*,*,#13087,.F.);
#13087 = EDGE_CURVE('',#13061,#13080,#13088,.T.);
#13088 = B_SPLINE_CURVE_WITH_KNOTS('',4,(#13089,#13090,#13091,#13092,
    #13093,#13094,#13095,#13096),.UNSPECIFIED.,.F.,.F.,(5,3,5),(0.,
    0.967099875061,1.),.UNSPECIFIED.);
#13089 = CARTESIAN_POINT('',(66.817386717327,1.7999994,14.989974813911)
  );
#13090 = CARTESIAN_POINT('',(66.815020458569,1.848202963225,
    14.994819468979));
#13091 = CARTESIAN_POINT('',(66.813391119335,1.896552282645,
    14.998106214263));
#13092 = CARTESIAN_POINT('',(66.812536114645,1.944978582891,
    14.999829551031));
#13093 = CARTESIAN_POINT('',(66.812454243287,1.995057199247,
    14.999994570821));
#13094 = CARTESIAN_POINT('',(66.812452447535,1.996704797619,
    14.999998190274));
#13095 = CARTESIAN_POINT('',(66.81245154966,1.998352398809,15.));
#13096 = CARTESIAN_POINT('',(66.81245154966,2.,15.));
#13097 = CYLINDRICAL_SURFACE('',#13098,1.8);
#13098 = AXIS2_PLACEMENT_3D('',#13099,#13100,#13101);
#13099 = CARTESIAN_POINT('',(65.2,0.,14.2));
#13100 = DIRECTION('',(0.,1.,0.));
#13101 = DIRECTION('',(1.,0.,0.));
#13102 = ADVANCED_FACE('',(#13103),#13137,.T.);
#13103 = FACE_BOUND('',#13104,.T.);
#13104 = EDGE_LOOP('',(#13105,#13106,#13107,#13108));
#13105 = ORIENTED_EDGE('',*,*,#13060,.F.);
#13106 = ORIENTED_EDGE('',*,*,#12807,.T.);
#13107 = ORIENTED_EDGE('',*,*,#12847,.F.);
#13108 = ORIENTED_EDGE('',*,*,#13109,.F.);
#13109 = EDGE_CURVE('',#13061,#12848,#13110,.T.);
#13110 = B_SPLINE_CURVE_WITH_KNOTS('',5,(#13111,#13112,#13113,#13114,
    #13115,#13116,#13117,#13118,#13119,#13120,#13121,#13122,#13123,
    #13124,#13125,#13126,#13127,#13128,#13129,#13130,#13131,#13132,
    #13133,#13134,#13135,#13136),.UNSPECIFIED.,.F.,.F.,(6,4,4,4,4,4,6),(
    0.,0.122894603737,0.289180907246,0.457785728026,0.614619520628,
    0.798694689372,1.),.UNSPECIFIED.);
#13111 = CARTESIAN_POINT('',(66.817386687874,1.8,14.989974874213));
#13112 = CARTESIAN_POINT('',(66.819517246406,1.756597809074,
    14.985612789899));
#13113 = CARTESIAN_POINT('',(66.820755958633,1.713227964565,
    14.980058788792));
#13114 = CARTESIAN_POINT('',(66.821097979068,1.669962116423,
    14.973310305198));
#13115 = CARTESIAN_POINT('',(66.820540081567,1.626873031815,
    14.965373849491));
#13116 = CARTESIAN_POINT('',(66.817105943417,1.526070737752,
    14.943940011597));
#13117 = CARTESIAN_POINT('',(66.813480871182,1.468564433741,
    14.929468558762));
#13118 = CARTESIAN_POINT('',(66.808201273854,1.411700991505,
    14.912889699735));
#13119 = CARTESIAN_POINT('',(66.801271222012,1.355659596859,
    14.894274979666));
#13120 = CARTESIAN_POINT('',(66.78401536346,1.244799523051,
    14.852895418927));
#13121 = CARTESIAN_POINT('',(66.773643471966,1.190006938273,
    14.830075836005));
#13122 = CARTESIAN_POINT('',(66.761600847423,1.136415224861,
    14.805378428192));
#13123 = CARTESIAN_POINT('',(66.747909704588,1.08418335254,
    14.778943099687));
#13124 = CARTESIAN_POINT('',(66.718361131964,0.986251555475,
    14.724882655989));
#13125 = CARTESIAN_POINT('',(66.702721395966,0.940349246687,
    14.697468932759));
#13126 = CARTESIAN_POINT('',(66.685706410189,0.895847161835,
    14.668826431027));
#13127 = CARTESIAN_POINT('',(66.667345455921,0.852829382785,
    14.639103054726));
#13128 = CARTESIAN_POINT('',(66.624577815952,0.762681146706,
    14.572483810863));
#13129 = CARTESIAN_POINT('',(66.599674861689,0.716133958976,
    14.535238693027));
#13130 = CARTESIAN_POINT('',(66.573012421253,0.671813285273,
    14.496971788081));
#13131 = CARTESIAN_POINT('',(66.544644771623,0.62977114691,
    14.457948656847));
#13132 = CARTESIAN_POINT('',(66.481793257758,0.546549679401,
    14.375223319572));
#13133 = CARTESIAN_POINT('',(66.446985928379,0.505820095296,
    14.331425674048));
#13134 = CARTESIAN_POINT('',(66.410269158976,0.467847998447,
    14.287389071417));
#13135 = CARTESIAN_POINT('',(66.371710133776,0.432599064203,
    14.243465418938));
#13136 = CARTESIAN_POINT('',(66.331370849898,0.4,14.2));
#13137 = SPHERICAL_SURFACE('',#13138,1.8);
#13138 = AXIS2_PLACEMENT_3D('',#13139,#13140,#13141);
#13139 = CARTESIAN_POINT('',(65.2,1.8,14.2));
#13140 = DIRECTION('',(-0.,-0.,-1.));
#13141 = DIRECTION('',(1.,0.,0.));
#13142 = ADVANCED_FACE('',(#13143),#13170,.F.);
#13143 = FACE_BOUND('',#13144,.F.);
#13144 = EDGE_LOOP('',(#13145,#13153,#13154,#13155,#13156,#13164));
#13145 = ORIENTED_EDGE('',*,*,#13146,.F.);
#13146 = EDGE_CURVE('',#12928,#13147,#13149,.T.);
#13147 = VERTEX_POINT('',#13148);
#13148 = CARTESIAN_POINT('',(78.,-4.440892098501E-16,7.));
#13149 = LINE('',#13150,#13151);
#13150 = CARTESIAN_POINT('',(62.,-4.440892098501E-16,7.));
#13151 = VECTOR('',#13152,1.);
#13152 = DIRECTION('',(1.,0.,0.));
#13153 = ORIENTED_EDGE('',*,*,#12936,.T.);
#13154 = ORIENTED_EDGE('',*,*,#12823,.T.);
#13155 = ORIENTED_EDGE('',*,*,#12833,.T.);
#13156 = ORIENTED_EDGE('',*,*,#13157,.T.);
#13157 = EDGE_CURVE('',#12573,#13158,#13160,.T.);
#13158 = VERTEX_POINT('',#13159);
#13159 = CARTESIAN_POINT('',(78.,-4.440892098501E-16,13.));
#13160 = LINE('',#13161,#13162);
#13161 = CARTESIAN_POINT('',(62.,-4.440892098501E-16,13.));
#13162 = VECTOR('',#13163,1.);
#13163 = DIRECTION('',(1.,0.,0.));
#13164 = ORIENTED_EDGE('',*,*,#13165,.F.);
#13165 = EDGE_CURVE('',#13147,#13158,#13166,.T.);
#13166 = LINE('',#13167,#13168);
#13167 = CARTESIAN_POINT('',(78.,-4.440892098501E-16,5.));
#13168 = VECTOR('',#13169,1.);
#13169 = DIRECTION('',(0.,0.,1.));
#13170 = PLANE('',#13171);
#13171 = AXIS2_PLACEMENT_3D('',#13172,#13173,#13174);
#13172 = CARTESIAN_POINT('',(62.,0.,5.));
#13173 = DIRECTION('',(0.,1.,0.));
#13174 = DIRECTION('',(0.,0.,1.));
#13175 = ADVANCED_FACE('',(#13176),#13197,.T.);
#13176 = FACE_BOUND('',#13177,.F.);
#13177 = EDGE_LOOP('',(#13178,#13179,#13187,#13194,#13195,#13196));
#13178 = ORIENTED_EDGE('',*,*,#13087,.T.);
#13179 = ORIENTED_EDGE('',*,*,#13180,.T.);
#13180 = EDGE_CURVE('',#13080,#13181,#13183,.T.);
#13181 = VERTEX_POINT('',#13182);
#13182 = CARTESIAN_POINT('',(78.,2.,15.));
#13183 = LINE('',#13184,#13185);
#13184 = CARTESIAN_POINT('',(62.,2.,15.));
#13185 = VECTOR('',#13186,1.);
#13186 = DIRECTION('',(1.,0.,0.));
#13187 = ORIENTED_EDGE('',*,*,#13188,.T.);
#13188 = EDGE_CURVE('',#13181,#13158,#13189,.T.);
#13189 = CIRCLE('',#13190,2.);
#13190 = AXIS2_PLACEMENT_3D('',#13191,#13192,#13193);
#13191 = CARTESIAN_POINT('',(78.,2.,13.));
#13192 = DIRECTION('',(1.,6.123233995737E-17,0.));
#13193 = DIRECTION('',(6.123233995737E-17,-1.,0.));
#13194 = ORIENTED_EDGE('',*,*,#13157,.F.);
#13195 = ORIENTED_EDGE('',*,*,#12856,.F.);
#13196 = ORIENTED_EDGE('',*,*,#13109,.F.);
#13197 = CYLINDRICAL_SURFACE('',#13198,2.);
#13198 = AXIS2_PLACEMENT_3D('',#13199,#13200,#13201);
#13199 = CARTESIAN_POINT('',(62.,2.,13.));
#13200 = DIRECTION('',(1.,0.,0.));
#13201 = DIRECTION('',(0.,-1.,0.));
#13202 = ADVANCED_FACE('',(#13203),#13230,.T.);
#13203 = FACE_BOUND('',#13204,.F.);
#13204 = EDGE_LOOP('',(#13205,#13214,#13222,#13229));
#13205 = ORIENTED_EDGE('',*,*,#13206,.F.);
#13206 = EDGE_CURVE('',#13207,#12895,#13209,.T.);
#13207 = VERTEX_POINT('',#13208);
#13208 = CARTESIAN_POINT('',(64.,2.,5.));
#13209 = CIRCLE('',#13210,2.);
#13210 = AXIS2_PLACEMENT_3D('',#13211,#13212,#13213);
#13211 = CARTESIAN_POINT('',(64.,2.,7.));
#13212 = DIRECTION('',(0.,1.,-0.));
#13213 = DIRECTION('',(-1.,0.,0.));
#13214 = ORIENTED_EDGE('',*,*,#13215,.T.);
#13215 = EDGE_CURVE('',#13207,#13216,#13218,.T.);
#13216 = VERTEX_POINT('',#13217);
#13217 = CARTESIAN_POINT('',(64.,5.,5.));
#13218 = LINE('',#13219,#13220);
#13219 = CARTESIAN_POINT('',(64.,0.,5.));
#13220 = VECTOR('',#13221,1.);
#13221 = DIRECTION('',(0.,1.,0.));
#13222 = ORIENTED_EDGE('',*,*,#13223,.T.);
#13223 = EDGE_CURVE('',#13216,#12903,#13224,.T.);
#13224 = CIRCLE('',#13225,2.);
#13225 = AXIS2_PLACEMENT_3D('',#13226,#13227,#13228);
#13226 = CARTESIAN_POINT('',(64.,5.,7.));
#13227 = DIRECTION('',(0.,1.,-0.));
#13228 = DIRECTION('',(-1.,0.,0.));
#13229 = ORIENTED_EDGE('',*,*,#12902,.F.);
#13230 = CYLINDRICAL_SURFACE('',#13231,2.);
#13231 = AXIS2_PLACEMENT_3D('',#13232,#13233,#13234);
#13232 = CARTESIAN_POINT('',(64.,0.,7.));
#13233 = DIRECTION('',(0.,1.,0.));
#13234 = DIRECTION('',(-1.,0.,0.));
#13235 = ADVANCED_FACE('',(#13236),#13247,.T.);
#13236 = FACE_BOUND('',#13237,.T.);
#13237 = EDGE_LOOP('',(#13238,#13239,#13246));
#13238 = ORIENTED_EDGE('',*,*,#13206,.F.);
#13239 = ORIENTED_EDGE('',*,*,#13240,.T.);
#13240 = EDGE_CURVE('',#13207,#12928,#13241,.T.);
#13241 = CIRCLE('',#13242,2.);
#13242 = AXIS2_PLACEMENT_3D('',#13243,#13244,#13245);
#13243 = CARTESIAN_POINT('',(64.,2.,7.));
#13244 = DIRECTION('',(-1.,6.123233995737E-17,0.));
#13245 = DIRECTION('',(-6.123233995737E-17,-1.,0.));
#13246 = ORIENTED_EDGE('',*,*,#12927,.F.);
#13247 = SPHERICAL_SURFACE('',#13248,2.);
#13248 = AXIS2_PLACEMENT_3D('',#13249,#13250,#13251);
#13249 = CARTESIAN_POINT('',(64.,2.,7.));
#13250 = DIRECTION('',(0.,0.,1.));
#13251 = DIRECTION('',(-1.,0.,0.));
#13252 = ADVANCED_FACE('',(#13253),#13263,.T.);
#13253 = FACE_BOUND('',#13254,.T.);
#13254 = EDGE_LOOP('',(#13255,#13256,#13262));
#13255 = ORIENTED_EDGE('',*,*,#12972,.T.);
#13256 = ORIENTED_EDGE('',*,*,#13257,.T.);
#13257 = EDGE_CURVE('',#12965,#13036,#13258,.T.);
#13258 = LINE('',#13259,#13260);
#13259 = CARTESIAN_POINT('',(64.,0.,15.));
#13260 = VECTOR('',#13261,1.);
#13261 = DIRECTION('',(0.,1.,0.));
#13262 = ORIENTED_EDGE('',*,*,#13044,.F.);
#13263 = CYLINDRICAL_SURFACE('',#13264,2.);
#13264 = AXIS2_PLACEMENT_3D('',#13265,#13266,#13267);
#13265 = CARTESIAN_POINT('',(64.,0.,13.));
#13266 = DIRECTION('',(0.,1.,0.));
#13267 = DIRECTION('',(-1.,0.,0.));
#13268 = ADVANCED_FACE('',(#13269),#13296,.T.);
#13269 = FACE_BOUND('',#13270,.T.);
#13270 = EDGE_LOOP('',(#13271,#13272,#13273,#13280,#13281,#13282,#13290)
  );
#13271 = ORIENTED_EDGE('',*,*,#13257,.F.);
#13272 = ORIENTED_EDGE('',*,*,#12964,.T.);
#13273 = ORIENTED_EDGE('',*,*,#13274,.F.);
#13274 = EDGE_CURVE('',#13071,#12956,#13275,.T.);
#13275 = CIRCLE('',#13276,1.61245154966);
#13276 = AXIS2_PLACEMENT_3D('',#13277,#13278,#13279);
#13277 = CARTESIAN_POINT('',(65.2,3.2,15.));
#13278 = DIRECTION('',(-0.,0.,1.));
#13279 = DIRECTION('',(0.,-1.,0.));
#13280 = ORIENTED_EDGE('',*,*,#13079,.F.);
#13281 = ORIENTED_EDGE('',*,*,#13180,.T.);
#13282 = ORIENTED_EDGE('',*,*,#13283,.T.);
#13283 = EDGE_CURVE('',#13181,#13284,#13286,.T.);
#13284 = VERTEX_POINT('',#13285);
#13285 = CARTESIAN_POINT('',(78.,5.,15.));
#13286 = LINE('',#13287,#13288);
#13287 = CARTESIAN_POINT('',(78.,0.,15.));
#13288 = VECTOR('',#13289,1.);
#13289 = DIRECTION('',(0.,1.,0.));
#13290 = ORIENTED_EDGE('',*,*,#13291,.F.);
#13291 = EDGE_CURVE('',#13036,#13284,#13292,.T.);
#13292 = LINE('',#13293,#13294);
#13293 = CARTESIAN_POINT('',(62.,5.,15.));
#13294 = VECTOR('',#13295,1.);
#13295 = DIRECTION('',(1.,0.,0.));
#13296 = PLANE('',#13297);
#13297 = AXIS2_PLACEMENT_3D('',#13298,#13299,#13300);
#13298 = CARTESIAN_POINT('',(62.,0.,15.));
#13299 = DIRECTION('',(0.,0.,1.));
#13300 = DIRECTION('',(1.,0.,0.));
#13301 = ADVANCED_FACE('',(#13302),#13307,.T.);
#13302 = FACE_BOUND('',#13303,.T.);
#13303 = EDGE_LOOP('',(#13304,#13305,#13306));
#13304 = ORIENTED_EDGE('',*,*,#13274,.T.);
#13305 = ORIENTED_EDGE('',*,*,#12955,.T.);
#13306 = ORIENTED_EDGE('',*,*,#13070,.F.);
#13307 = SPHERICAL_SURFACE('',#13308,1.8);
#13308 = AXIS2_PLACEMENT_3D('',#13309,#13310,#13311);
#13309 = CARTESIAN_POINT('',(65.2,3.2,14.2));
#13310 = DIRECTION('',(0.,-1.,0.));
#13311 = DIRECTION('',(1.,0.,0.));
#13312 = ADVANCED_FACE('',(#13313),#13324,.T.);
#13313 = FACE_BOUND('',#13314,.F.);
#13314 = EDGE_LOOP('',(#13315,#13316,#13323));
#13315 = ORIENTED_EDGE('',*,*,#13223,.F.);
#13316 = ORIENTED_EDGE('',*,*,#13317,.T.);
#13317 = EDGE_CURVE('',#13216,#13002,#13318,.T.);
#13318 = CIRCLE('',#13319,2.);
#13319 = AXIS2_PLACEMENT_3D('',#13320,#13321,#13322);
#13320 = CARTESIAN_POINT('',(64.,5.,7.));
#13321 = DIRECTION('',(1.,6.123233995737E-17,-0.));
#13322 = DIRECTION('',(-6.123233995737E-17,1.,0.));
#13323 = ORIENTED_EDGE('',*,*,#13001,.F.);
#13324 = SPHERICAL_SURFACE('',#13325,2.);
#13325 = AXIS2_PLACEMENT_3D('',#13326,#13327,#13328);
#13326 = CARTESIAN_POINT('',(64.,5.,7.));
#13327 = DIRECTION('',(0.,0.,1.));
#13328 = DIRECTION('',(-1.,0.,0.));
#13329 = ADVANCED_FACE('',(#13330),#13355,.T.);
#13330 = FACE_BOUND('',#13331,.T.);
#13331 = EDGE_LOOP('',(#13332,#13333,#13341,#13349));
#13332 = ORIENTED_EDGE('',*,*,#13010,.T.);
#13333 = ORIENTED_EDGE('',*,*,#13334,.T.);
#13334 = EDGE_CURVE('',#13011,#13335,#13337,.T.);
#13335 = VERTEX_POINT('',#13336);
#13336 = CARTESIAN_POINT('',(78.,7.,13.));
#13337 = LINE('',#13338,#13339);
#13338 = CARTESIAN_POINT('',(62.,7.,13.));
#13339 = VECTOR('',#13340,1.);
#13340 = DIRECTION('',(1.,0.,0.));
#13341 = ORIENTED_EDGE('',*,*,#13342,.F.);
#13342 = EDGE_CURVE('',#13343,#13335,#13345,.T.);
#13343 = VERTEX_POINT('',#13344);
#13344 = CARTESIAN_POINT('',(78.,7.,7.));
#13345 = LINE('',#13346,#13347);
#13346 = CARTESIAN_POINT('',(78.,7.,5.));
#13347 = VECTOR('',#13348,1.);
#13348 = DIRECTION('',(0.,0.,1.));
#13349 = ORIENTED_EDGE('',*,*,#13350,.F.);
#13350 = EDGE_CURVE('',#13002,#13343,#13351,.T.);
#13351 = LINE('',#13352,#13353);
#13352 = CARTESIAN_POINT('',(62.,7.,7.));
#13353 = VECTOR('',#13354,1.);
#13354 = DIRECTION('',(1.,0.,0.));
#13355 = PLANE('',#13356);
#13356 = AXIS2_PLACEMENT_3D('',#13357,#13358,#13359);
#13357 = CARTESIAN_POINT('',(62.,7.,5.));
#13358 = DIRECTION('',(0.,1.,0.));
#13359 = DIRECTION('',(0.,0.,1.));
#13360 = ADVANCED_FACE('',(#13361),#13373,.T.);
#13361 = FACE_BOUND('',#13362,.T.);
#13362 = EDGE_LOOP('',(#13363,#13364,#13365,#13372));
#13363 = ORIENTED_EDGE('',*,*,#13035,.T.);
#13364 = ORIENTED_EDGE('',*,*,#13291,.T.);
#13365 = ORIENTED_EDGE('',*,*,#13366,.F.);
#13366 = EDGE_CURVE('',#13335,#13284,#13367,.T.);
#13367 = CIRCLE('',#13368,2.);
#13368 = AXIS2_PLACEMENT_3D('',#13369,#13370,#13371);
#13369 = CARTESIAN_POINT('',(78.,5.,13.));
#13370 = DIRECTION('',(1.,0.,-6.123233995737E-17));
#13371 = DIRECTION('',(6.123233995737E-17,0.,1.));
#13372 = ORIENTED_EDGE('',*,*,#13334,.F.);
#13373 = CYLINDRICAL_SURFACE('',#13374,2.);
#13374 = AXIS2_PLACEMENT_3D('',#13375,#13376,#13377);
#13375 = CARTESIAN_POINT('',(62.,5.,13.));
#13376 = DIRECTION('',(1.,0.,0.));
#13377 = DIRECTION('',(0.,1.,0.));
#13378 = ADVANCED_FACE('',(#13379),#13398,.T.);
#13379 = FACE_BOUND('',#13380,.T.);
#13380 = EDGE_LOOP('',(#13381,#13382,#13390,#13397));
#13381 = ORIENTED_EDGE('',*,*,#13240,.F.);
#13382 = ORIENTED_EDGE('',*,*,#13383,.T.);
#13383 = EDGE_CURVE('',#13207,#13384,#13386,.T.);
#13384 = VERTEX_POINT('',#13385);
#13385 = CARTESIAN_POINT('',(78.,2.,5.));
#13386 = LINE('',#13387,#13388);
#13387 = CARTESIAN_POINT('',(62.,2.,5.));
#13388 = VECTOR('',#13389,1.);
#13389 = DIRECTION('',(1.,0.,0.));
#13390 = ORIENTED_EDGE('',*,*,#13391,.T.);
#13391 = EDGE_CURVE('',#13384,#13147,#13392,.T.);
#13392 = CIRCLE('',#13393,2.);
#13393 = AXIS2_PLACEMENT_3D('',#13394,#13395,#13396);
#13394 = CARTESIAN_POINT('',(78.,2.,7.));
#13395 = DIRECTION('',(-1.,-6.123233995737E-17,0.));
#13396 = DIRECTION('',(6.123233995737E-17,-1.,0.));
#13397 = ORIENTED_EDGE('',*,*,#13146,.F.);
#13398 = CYLINDRICAL_SURFACE('',#13399,2.);
#13399 = AXIS2_PLACEMENT_3D('',#13400,#13401,#13402);
#13400 = CARTESIAN_POINT('',(62.,2.,7.));
#13401 = DIRECTION('',(1.,0.,0.));
#13402 = DIRECTION('',(0.,-1.,0.));
#13403 = ADVANCED_FACE('',(#13404),#13431,.T.);
#13404 = FACE_BOUND('',#13405,.F.);
#13405 = EDGE_LOOP('',(#13406,#13416,#13423,#13424));
#13406 = ORIENTED_EDGE('',*,*,#13407,.F.);
#13407 = EDGE_CURVE('',#13408,#13410,#13412,.T.);
#13408 = VERTEX_POINT('',#13409);
#13409 = CARTESIAN_POINT('',(80.,2.,7.));
#13410 = VERTEX_POINT('',#13411);
#13411 = CARTESIAN_POINT('',(80.,2.,13.));
#13412 = LINE('',#13413,#13414);
#13413 = CARTESIAN_POINT('',(80.,2.,5.));
#13414 = VECTOR('',#13415,1.);
#13415 = DIRECTION('',(0.,0.,1.));
#13416 = ORIENTED_EDGE('',*,*,#13417,.T.);
#13417 = EDGE_CURVE('',#13408,#13147,#13418,.T.);
#13418 = CIRCLE('',#13419,2.);
#13419 = AXIS2_PLACEMENT_3D('',#13420,#13421,#13422);
#13420 = CARTESIAN_POINT('',(78.,2.,7.));
#13421 = DIRECTION('',(0.,0.,-1.));
#13422 = DIRECTION('',(1.,0.,0.));
#13423 = ORIENTED_EDGE('',*,*,#13165,.T.);
#13424 = ORIENTED_EDGE('',*,*,#13425,.F.);
#13425 = EDGE_CURVE('',#13410,#13158,#13426,.T.);
#13426 = CIRCLE('',#13427,2.);
#13427 = AXIS2_PLACEMENT_3D('',#13428,#13429,#13430);
#13428 = CARTESIAN_POINT('',(78.,2.,13.));
#13429 = DIRECTION('',(0.,0.,-1.));
#13430 = DIRECTION('',(1.,0.,0.));
#13431 = CYLINDRICAL_SURFACE('',#13432,2.);
#13432 = AXIS2_PLACEMENT_3D('',#13433,#13434,#13435);
#13433 = CARTESIAN_POINT('',(78.,2.,5.));
#13434 = DIRECTION('',(0.,0.,1.));
#13435 = DIRECTION('',(1.,0.,0.));
#13436 = ADVANCED_FACE('',(#13437),#13448,.T.);
#13437 = FACE_BOUND('',#13438,.T.);
#13438 = EDGE_LOOP('',(#13439,#13446,#13447));
#13439 = ORIENTED_EDGE('',*,*,#13440,.F.);
#13440 = EDGE_CURVE('',#13181,#13410,#13441,.T.);
#13441 = CIRCLE('',#13442,2.);
#13442 = AXIS2_PLACEMENT_3D('',#13443,#13444,#13445);
#13443 = CARTESIAN_POINT('',(78.,2.,13.));
#13444 = DIRECTION('',(-0.,1.,0.));
#13445 = DIRECTION('',(1.,0.,0.));
#13446 = ORIENTED_EDGE('',*,*,#13188,.T.);
#13447 = ORIENTED_EDGE('',*,*,#13425,.F.);
#13448 = SPHERICAL_SURFACE('',#13449,2.);
#13449 = AXIS2_PLACEMENT_3D('',#13450,#13451,#13452);
#13450 = CARTESIAN_POINT('',(78.,2.,13.));
#13451 = DIRECTION('',(-0.,-0.,-1.));
#13452 = DIRECTION('',(1.,0.,0.));
#13453 = ADVANCED_FACE('',(#13454),#13472,.F.);
#13454 = FACE_BOUND('',#13455,.F.);
#13455 = EDGE_LOOP('',(#13456,#13457,#13458,#13466));
#13456 = ORIENTED_EDGE('',*,*,#13215,.F.);
#13457 = ORIENTED_EDGE('',*,*,#13383,.T.);
#13458 = ORIENTED_EDGE('',*,*,#13459,.T.);
#13459 = EDGE_CURVE('',#13384,#13460,#13462,.T.);
#13460 = VERTEX_POINT('',#13461);
#13461 = CARTESIAN_POINT('',(78.,5.,5.));
#13462 = LINE('',#13463,#13464);
#13463 = CARTESIAN_POINT('',(78.,0.,5.));
#13464 = VECTOR('',#13465,1.);
#13465 = DIRECTION('',(0.,1.,0.));
#13466 = ORIENTED_EDGE('',*,*,#13467,.F.);
#13467 = EDGE_CURVE('',#13216,#13460,#13468,.T.);
#13468 = LINE('',#13469,#13470);
#13469 = CARTESIAN_POINT('',(62.,5.,5.));
#13470 = VECTOR('',#13471,1.);
#13471 = DIRECTION('',(1.,0.,0.));
#13472 = PLANE('',#13473);
#13473 = AXIS2_PLACEMENT_3D('',#13474,#13475,#13476);
#13474 = CARTESIAN_POINT('',(62.,0.,5.));
#13475 = DIRECTION('',(0.,0.,1.));
#13476 = DIRECTION('',(1.,0.,0.));
#13477 = ADVANCED_FACE('',(#13478),#13497,.T.);
#13478 = FACE_BOUND('',#13479,.F.);
#13479 = EDGE_LOOP('',(#13480,#13481,#13482,#13491));
#13480 = ORIENTED_EDGE('',*,*,#13440,.F.);
#13481 = ORIENTED_EDGE('',*,*,#13283,.T.);
#13482 = ORIENTED_EDGE('',*,*,#13483,.F.);
#13483 = EDGE_CURVE('',#13484,#13284,#13486,.T.);
#13484 = VERTEX_POINT('',#13485);
#13485 = CARTESIAN_POINT('',(80.,5.,13.));
#13486 = CIRCLE('',#13487,2.);
#13487 = AXIS2_PLACEMENT_3D('',#13488,#13489,#13490);
#13488 = CARTESIAN_POINT('',(78.,5.,13.));
#13489 = DIRECTION('',(0.,-1.,0.));
#13490 = DIRECTION('',(1.,0.,0.));
#13491 = ORIENTED_EDGE('',*,*,#13492,.F.);
#13492 = EDGE_CURVE('',#13410,#13484,#13493,.T.);
#13493 = LINE('',#13494,#13495);
#13494 = CARTESIAN_POINT('',(80.,0.,13.));
#13495 = VECTOR('',#13496,1.);
#13496 = DIRECTION('',(0.,1.,0.));
#13497 = CYLINDRICAL_SURFACE('',#13498,2.);
#13498 = AXIS2_PLACEMENT_3D('',#13499,#13500,#13501);
#13499 = CARTESIAN_POINT('',(78.,0.,13.));
#13500 = DIRECTION('',(0.,1.,0.));
#13501 = DIRECTION('',(1.,0.,0.));
#13502 = ADVANCED_FACE('',(#13503),#13515,.T.);
#13503 = FACE_BOUND('',#13504,.F.);
#13504 = EDGE_LOOP('',(#13505,#13506,#13507,#13514));
#13505 = ORIENTED_EDGE('',*,*,#13317,.F.);
#13506 = ORIENTED_EDGE('',*,*,#13467,.T.);
#13507 = ORIENTED_EDGE('',*,*,#13508,.T.);
#13508 = EDGE_CURVE('',#13460,#13343,#13509,.T.);
#13509 = CIRCLE('',#13510,2.);
#13510 = AXIS2_PLACEMENT_3D('',#13511,#13512,#13513);
#13511 = CARTESIAN_POINT('',(78.,5.,7.));
#13512 = DIRECTION('',(1.,-6.123233995737E-17,0.));
#13513 = DIRECTION('',(6.123233995737E-17,1.,0.));
#13514 = ORIENTED_EDGE('',*,*,#13350,.F.);
#13515 = CYLINDRICAL_SURFACE('',#13516,2.);
#13516 = AXIS2_PLACEMENT_3D('',#13517,#13518,#13519);
#13517 = CARTESIAN_POINT('',(62.,5.,7.));
#13518 = DIRECTION('',(1.,0.,0.));
#13519 = DIRECTION('',(0.,1.,0.));
#13520 = ADVANCED_FACE('',(#13521),#13546,.T.);
#13521 = FACE_BOUND('',#13522,.T.);
#13522 = EDGE_LOOP('',(#13523,#13531,#13538,#13539));
#13523 = ORIENTED_EDGE('',*,*,#13524,.F.);
#13524 = EDGE_CURVE('',#13525,#13484,#13527,.T.);
#13525 = VERTEX_POINT('',#13526);
#13526 = CARTESIAN_POINT('',(80.,5.,7.));
#13527 = LINE('',#13528,#13529);
#13528 = CARTESIAN_POINT('',(80.,5.,5.));
#13529 = VECTOR('',#13530,1.);
#13530 = DIRECTION('',(0.,0.,1.));
#13531 = ORIENTED_EDGE('',*,*,#13532,.T.);
#13532 = EDGE_CURVE('',#13525,#13343,#13533,.T.);
#13533 = CIRCLE('',#13534,2.);
#13534 = AXIS2_PLACEMENT_3D('',#13535,#13536,#13537);
#13535 = CARTESIAN_POINT('',(78.,5.,7.));
#13536 = DIRECTION('',(0.,0.,1.));
#13537 = DIRECTION('',(1.,0.,0.));
#13538 = ORIENTED_EDGE('',*,*,#13342,.T.);
#13539 = ORIENTED_EDGE('',*,*,#13540,.T.);
#13540 = EDGE_CURVE('',#13335,#13484,#13541,.T.);
#13541 = CIRCLE('',#13542,2.);
#13542 = AXIS2_PLACEMENT_3D('',#13543,#13544,#13545);
#13543 = CARTESIAN_POINT('',(78.,5.,13.));
#13544 = DIRECTION('',(0.,0.,-1.));
#13545 = DIRECTION('',(1.,0.,0.));
#13546 = CYLINDRICAL_SURFACE('',#13547,2.);
#13547 = AXIS2_PLACEMENT_3D('',#13548,#13549,#13550);
#13548 = CARTESIAN_POINT('',(78.,5.,5.));
#13549 = DIRECTION('',(0.,0.,1.));
#13550 = DIRECTION('',(1.,0.,0.));
#13551 = ADVANCED_FACE('',(#13552),#13557,.T.);
#13552 = FACE_BOUND('',#13553,.T.);
#13553 = EDGE_LOOP('',(#13554,#13555,#13556));
#13554 = ORIENTED_EDGE('',*,*,#13540,.F.);
#13555 = ORIENTED_EDGE('',*,*,#13366,.T.);
#13556 = ORIENTED_EDGE('',*,*,#13483,.F.);
#13557 = SPHERICAL_SURFACE('',#13558,2.);
#13558 = AXIS2_PLACEMENT_3D('',#13559,#13560,#13561);
#13559 = CARTESIAN_POINT('',(78.,5.,13.));
#13560 = DIRECTION('',(0.,-1.,0.));
#13561 = DIRECTION('',(1.,0.,0.));
#13562 = ADVANCED_FACE('',(#13563),#13574,.T.);
#13563 = FACE_BOUND('',#13564,.F.);
#13564 = EDGE_LOOP('',(#13565,#13572,#13573));
#13565 = ORIENTED_EDGE('',*,*,#13566,.F.);
#13566 = EDGE_CURVE('',#13384,#13408,#13567,.T.);
#13567 = CIRCLE('',#13568,2.);
#13568 = AXIS2_PLACEMENT_3D('',#13569,#13570,#13571);
#13569 = CARTESIAN_POINT('',(78.,2.,7.));
#13570 = DIRECTION('',(0.,-1.,0.));
#13571 = DIRECTION('',(1.,0.,0.));
#13572 = ORIENTED_EDGE('',*,*,#13391,.T.);
#13573 = ORIENTED_EDGE('',*,*,#13417,.F.);
#13574 = SPHERICAL_SURFACE('',#13575,2.);
#13575 = AXIS2_PLACEMENT_3D('',#13576,#13577,#13578);
#13576 = CARTESIAN_POINT('',(78.,2.,7.));
#13577 = DIRECTION('',(0.,0.,1.));
#13578 = DIRECTION('',(1.,0.,0.));
#13579 = ADVANCED_FACE('',(#13580),#13591,.T.);
#13580 = FACE_BOUND('',#13581,.T.);
#13581 = EDGE_LOOP('',(#13582,#13583,#13589,#13590));
#13582 = ORIENTED_EDGE('',*,*,#13407,.F.);
#13583 = ORIENTED_EDGE('',*,*,#13584,.T.);
#13584 = EDGE_CURVE('',#13408,#13525,#13585,.T.);
#13585 = LINE('',#13586,#13587);
#13586 = CARTESIAN_POINT('',(80.,0.,7.));
#13587 = VECTOR('',#13588,1.);
#13588 = DIRECTION('',(0.,1.,0.));
#13589 = ORIENTED_EDGE('',*,*,#13524,.T.);
#13590 = ORIENTED_EDGE('',*,*,#13492,.F.);
#13591 = PLANE('',#13592);
#13592 = AXIS2_PLACEMENT_3D('',#13593,#13594,#13595);
#13593 = CARTESIAN_POINT('',(80.,0.,5.));
#13594 = DIRECTION('',(1.,0.,0.));
#13595 = DIRECTION('',(0.,0.,1.));
#13596 = ADVANCED_FACE('',(#13597),#13609,.T.);
#13597 = FACE_BOUND('',#13598,.T.);
#13598 = EDGE_LOOP('',(#13599,#13600,#13601,#13608));
#13599 = ORIENTED_EDGE('',*,*,#13566,.F.);
#13600 = ORIENTED_EDGE('',*,*,#13459,.T.);
#13601 = ORIENTED_EDGE('',*,*,#13602,.T.);
#13602 = EDGE_CURVE('',#13460,#13525,#13603,.T.);
#13603 = CIRCLE('',#13604,2.);
#13604 = AXIS2_PLACEMENT_3D('',#13605,#13606,#13607);
#13605 = CARTESIAN_POINT('',(78.,5.,7.));
#13606 = DIRECTION('',(0.,-1.,0.));
#13607 = DIRECTION('',(1.,0.,0.));
#13608 = ORIENTED_EDGE('',*,*,#13584,.F.);
#13609 = CYLINDRICAL_SURFACE('',#13610,2.);
#13610 = AXIS2_PLACEMENT_3D('',#13611,#13612,#13613);
#13611 = CARTESIAN_POINT('',(78.,0.,7.));
#13612 = DIRECTION('',(0.,1.,0.));
#13613 = DIRECTION('',(1.,0.,0.));
#13614 = ADVANCED_FACE('',(#13615),#13620,.T.);
#13615 = FACE_BOUND('',#13616,.T.);
#13616 = EDGE_LOOP('',(#13617,#13618,#13619));
#13617 = ORIENTED_EDGE('',*,*,#13602,.F.);
#13618 = ORIENTED_EDGE('',*,*,#13508,.T.);
#13619 = ORIENTED_EDGE('',*,*,#13532,.F.);
#13620 = SPHERICAL_SURFACE('',#13621,2.);
#13621 = AXIS2_PLACEMENT_3D('',#13622,#13623,#13624);
#13622 = CARTESIAN_POINT('',(78.,5.,7.));
#13623 = DIRECTION('',(0.,0.,1.));
#13624 = DIRECTION('',(1.,0.,0.));
#13625 = MANIFOLD_SOLID_BREP('',#13626);
#13626 = CLOSED_SHELL('',(#13627,#13667,#13700,#13733,#13766,#13797,
    #13814,#13831,#13862,#13901,#13926,#13965,#13990,#14023,#14041,
    #14059,#14092,#14116,#14149,#14180,#14197,#14221,#14254,#14285,
    #14302,#14347,#14358,#14369,#14386,#14404,#14429,#14451,#14468,
    #14486,#14511,#14528,#14757,#14786,#14798,#14809,#14821,#14832));
#13627 = ADVANCED_FACE('',(#13628),#13662,.F.);
#13628 = FACE_BOUND('',#13629,.F.);
#13629 = EDGE_LOOP('',(#13630,#13640,#13648,#13656));
#13630 = ORIENTED_EDGE('',*,*,#13631,.F.);
#13631 = EDGE_CURVE('',#13632,#13634,#13636,.T.);
#13632 = VERTEX_POINT('',#13633);
#13633 = CARTESIAN_POINT('',(-85.,4.,-1.5));
#13634 = VERTEX_POINT('',#13635);
#13635 = CARTESIAN_POINT('',(-85.,4.,1.5));
#13636 = LINE('',#13637,#13638);
#13637 = CARTESIAN_POINT('',(-85.,4.,-3.5));
#13638 = VECTOR('',#13639,1.);
#13639 = DIRECTION('',(0.,0.,1.));
#13640 = ORIENTED_EDGE('',*,*,#13641,.T.);
#13641 = EDGE_CURVE('',#13632,#13642,#13644,.T.);
#13642 = VERTEX_POINT('',#13643);
#13643 = CARTESIAN_POINT('',(-85.,22.,-1.5));
#13644 = LINE('',#13645,#13646);
#13645 = CARTESIAN_POINT('',(-85.,2.,-1.5));
#13646 = VECTOR('',#13647,1.);
#13647 = DIRECTION('',(0.,1.,0.));
#13648 = ORIENTED_EDGE('',*,*,#13649,.T.);
#13649 = EDGE_CURVE('',#13642,#13650,#13652,.T.);
#13650 = VERTEX_POINT('',#13651);
#13651 = CARTESIAN_POINT('',(-85.,22.,1.5));
#13652 = LINE('',#13653,#13654);
#13653 = CARTESIAN_POINT('',(-85.,22.,-3.5));
#13654 = VECTOR('',#13655,1.);
#13655 = DIRECTION('',(0.,0.,1.));
#13656 = ORIENTED_EDGE('',*,*,#13657,.F.);
#13657 = EDGE_CURVE('',#13634,#13650,#13658,.T.);
#13658 = LINE('',#13659,#13660);
#13659 = CARTESIAN_POINT('',(-85.,2.,1.5));
#13660 = VECTOR('',#13661,1.);
#13661 = DIRECTION('',(0.,1.,0.));
#13662 = PLANE('',#13663);
#13663 = AXIS2_PLACEMENT_3D('',#13664,#13665,#13666);
#13664 = CARTESIAN_POINT('',(-85.,2.,-3.5));
#13665 = DIRECTION('',(1.,0.,0.));
#13666 = DIRECTION('',(0.,0.,1.));
#13667 = ADVANCED_FACE('',(#13668),#13695,.T.);
#13668 = FACE_BOUND('',#13669,.T.);
#13669 = EDGE_LOOP('',(#13670,#13671,#13680,#13688));
#13670 = ORIENTED_EDGE('',*,*,#13631,.F.);
#13671 = ORIENTED_EDGE('',*,*,#13672,.T.);
#13672 = EDGE_CURVE('',#13632,#13673,#13675,.T.);
#13673 = VERTEX_POINT('',#13674);
#13674 = CARTESIAN_POINT('',(-83.,2.,-1.5));
#13675 = CIRCLE('',#13676,2.);
#13676 = AXIS2_PLACEMENT_3D('',#13677,#13678,#13679);
#13677 = CARTESIAN_POINT('',(-83.,4.,-1.5));
#13678 = DIRECTION('',(0.,0.,1.));
#13679 = DIRECTION('',(-1.,0.,0.));
#13680 = ORIENTED_EDGE('',*,*,#13681,.T.);
#13681 = EDGE_CURVE('',#13673,#13682,#13684,.T.);
#13682 = VERTEX_POINT('',#13683);
#13683 = CARTESIAN_POINT('',(-83.,2.,1.5));
#13684 = LINE('',#13685,#13686);
#13685 = CARTESIAN_POINT('',(-83.,2.,-3.5));
#13686 = VECTOR('',#13687,1.);
#13687 = DIRECTION('',(0.,0.,1.));
#13688 = ORIENTED_EDGE('',*,*,#13689,.F.);
#13689 = EDGE_CURVE('',#13634,#13682,#13690,.T.);
#13690 = CIRCLE('',#13691,2.);
#13691 = AXIS2_PLACEMENT_3D('',#13692,#13693,#13694);
#13692 = CARTESIAN_POINT('',(-83.,4.,1.5));
#13693 = DIRECTION('',(0.,0.,1.));
#13694 = DIRECTION('',(-1.,0.,0.));
#13695 = CYLINDRICAL_SURFACE('',#13696,2.);
#13696 = AXIS2_PLACEMENT_3D('',#13697,#13698,#13699);
#13697 = CARTESIAN_POINT('',(-83.,4.,-3.5));
#13698 = DIRECTION('',(0.,0.,1.));
#13699 = DIRECTION('',(-1.,0.,0.));
#13700 = ADVANCED_FACE('',(#13701),#13728,.T.);
#13701 = FACE_BOUND('',#13702,.F.);
#13702 = EDGE_LOOP('',(#13703,#13712,#13720,#13727));
#13703 = ORIENTED_EDGE('',*,*,#13704,.F.);
#13704 = EDGE_CURVE('',#13705,#13632,#13707,.T.);
#13705 = VERTEX_POINT('',#13706);
#13706 = CARTESIAN_POINT('',(-83.,4.,-3.5));
#13707 = CIRCLE('',#13708,2.);
#13708 = AXIS2_PLACEMENT_3D('',#13709,#13710,#13711);
#13709 = CARTESIAN_POINT('',(-83.,4.,-1.5));
#13710 = DIRECTION('',(0.,1.,-0.));
#13711 = DIRECTION('',(-1.,0.,0.));
#13712 = ORIENTED_EDGE('',*,*,#13713,.T.);
#13713 = EDGE_CURVE('',#13705,#13714,#13716,.T.);
#13714 = VERTEX_POINT('',#13715);
#13715 = CARTESIAN_POINT('',(-83.,22.,-3.5));
#13716 = LINE('',#13717,#13718);
#13717 = CARTESIAN_POINT('',(-83.,2.,-3.5));
#13718 = VECTOR('',#13719,1.);
#13719 = DIRECTION('',(0.,1.,0.));
#13720 = ORIENTED_EDGE('',*,*,#13721,.T.);
#13721 = EDGE_CURVE('',#13714,#13642,#13722,.T.);
#13722 = CIRCLE('',#13723,2.);
#13723 = AXIS2_PLACEMENT_3D('',#13724,#13725,#13726);
#13724 = CARTESIAN_POINT('',(-83.,22.,-1.5));
#13725 = DIRECTION('',(0.,1.,-0.));
#13726 = DIRECTION('',(-1.,0.,0.));
#13727 = ORIENTED_EDGE('',*,*,#13641,.F.);
#13728 = CYLINDRICAL_SURFACE('',#13729,2.);
#13729 = AXIS2_PLACEMENT_3D('',#13730,#13731,#13732);
#13730 = CARTESIAN_POINT('',(-83.,2.,-1.5));
#13731 = DIRECTION('',(0.,1.,0.));
#13732 = DIRECTION('',(-1.,0.,0.));
#13733 = ADVANCED_FACE('',(#13734),#13761,.T.);
#13734 = FACE_BOUND('',#13735,.T.);
#13735 = EDGE_LOOP('',(#13736,#13745,#13753,#13760));
#13736 = ORIENTED_EDGE('',*,*,#13737,.F.);
#13737 = EDGE_CURVE('',#13738,#13634,#13740,.T.);
#13738 = VERTEX_POINT('',#13739);
#13739 = CARTESIAN_POINT('',(-83.,4.,3.5));
#13740 = CIRCLE('',#13741,2.);
#13741 = AXIS2_PLACEMENT_3D('',#13742,#13743,#13744);
#13742 = CARTESIAN_POINT('',(-83.,4.,1.5));
#13743 = DIRECTION('',(0.,-1.,0.));
#13744 = DIRECTION('',(-1.,0.,0.));
#13745 = ORIENTED_EDGE('',*,*,#13746,.T.);
#13746 = EDGE_CURVE('',#13738,#13747,#13749,.T.);
#13747 = VERTEX_POINT('',#13748);
#13748 = CARTESIAN_POINT('',(-83.,22.,3.5));
#13749 = LINE('',#13750,#13751);
#13750 = CARTESIAN_POINT('',(-83.,2.,3.5));
#13751 = VECTOR('',#13752,1.);
#13752 = DIRECTION('',(0.,1.,0.));
#13753 = ORIENTED_EDGE('',*,*,#13754,.F.);
#13754 = EDGE_CURVE('',#13650,#13747,#13755,.T.);
#13755 = CIRCLE('',#13756,2.);
#13756 = AXIS2_PLACEMENT_3D('',#13757,#13758,#13759);
#13757 = CARTESIAN_POINT('',(-83.,22.,1.5));
#13758 = DIRECTION('',(0.,1.,-0.));
#13759 = DIRECTION('',(-1.,0.,2.22044604925E-16));
#13760 = ORIENTED_EDGE('',*,*,#13657,.F.);
#13761 = CYLINDRICAL_SURFACE('',#13762,2.);
#13762 = AXIS2_PLACEMENT_3D('',#13763,#13764,#13765);
#13763 = CARTESIAN_POINT('',(-83.,2.,1.5));
#13764 = DIRECTION('',(0.,1.,0.));
#13765 = DIRECTION('',(-1.,0.,0.));
#13766 = ADVANCED_FACE('',(#13767),#13792,.F.);
#13767 = FACE_BOUND('',#13768,.F.);
#13768 = EDGE_LOOP('',(#13769,#13770,#13778,#13786));
#13769 = ORIENTED_EDGE('',*,*,#13649,.F.);
#13770 = ORIENTED_EDGE('',*,*,#13771,.T.);
#13771 = EDGE_CURVE('',#13642,#13772,#13774,.T.);
#13772 = VERTEX_POINT('',#13773);
#13773 = CARTESIAN_POINT('',(-85.,110.,-1.5));
#13774 = LINE('',#13775,#13776);
#13775 = CARTESIAN_POINT('',(-85.,20.,-1.5));
#13776 = VECTOR('',#13777,1.);
#13777 = DIRECTION('',(0.,1.,0.));
#13778 = ORIENTED_EDGE('',*,*,#13779,.T.);
#13779 = EDGE_CURVE('',#13772,#13780,#13782,.T.);
#13780 = VERTEX_POINT('',#13781);
#13781 = CARTESIAN_POINT('',(-85.,110.,1.5));
#13782 = LINE('',#13783,#13784);
#13783 = CARTESIAN_POINT('',(-85.,110.,-3.5));
#13784 = VECTOR('',#13785,1.);
#13785 = DIRECTION('',(0.,0.,1.));
#13786 = ORIENTED_EDGE('',*,*,#13787,.F.);
#13787 = EDGE_CURVE('',#13650,#13780,#13788,.T.);
#13788 = LINE('',#13789,#13790);
#13789 = CARTESIAN_POINT('',(-85.,20.,1.5));
#13790 = VECTOR('',#13791,1.);
#13791 = DIRECTION('',(0.,1.,0.));
#13792 = PLANE('',#13793);
#13793 = AXIS2_PLACEMENT_3D('',#13794,#13795,#13796);
#13794 = CARTESIAN_POINT('',(-85.,20.,-3.5));
#13795 = DIRECTION('',(1.,0.,0.));
#13796 = DIRECTION('',(0.,0.,1.));
#13797 = ADVANCED_FACE('',(#13798),#13809,.T.);
#13798 = FACE_BOUND('',#13799,.T.);
#13799 = EDGE_LOOP('',(#13800,#13801,#13808));
#13800 = ORIENTED_EDGE('',*,*,#13704,.F.);
#13801 = ORIENTED_EDGE('',*,*,#13802,.T.);
#13802 = EDGE_CURVE('',#13705,#13673,#13803,.T.);
#13803 = CIRCLE('',#13804,2.);
#13804 = AXIS2_PLACEMENT_3D('',#13805,#13806,#13807);
#13805 = CARTESIAN_POINT('',(-83.,4.,-1.5));
#13806 = DIRECTION('',(-1.,6.123233995737E-17,0.));
#13807 = DIRECTION('',(-6.123233995737E-17,-1.,0.));
#13808 = ORIENTED_EDGE('',*,*,#13672,.F.);
#13809 = SPHERICAL_SURFACE('',#13810,2.);
#13810 = AXIS2_PLACEMENT_3D('',#13811,#13812,#13813);
#13811 = CARTESIAN_POINT('',(-83.,4.,-1.5));
#13812 = DIRECTION('',(0.,0.,1.));
#13813 = DIRECTION('',(-1.,0.,0.));
#13814 = ADVANCED_FACE('',(#13815),#13826,.T.);
#13815 = FACE_BOUND('',#13816,.F.);
#13816 = EDGE_LOOP('',(#13817,#13818,#13825));
#13817 = ORIENTED_EDGE('',*,*,#13737,.F.);
#13818 = ORIENTED_EDGE('',*,*,#13819,.T.);
#13819 = EDGE_CURVE('',#13738,#13682,#13820,.T.);
#13820 = CIRCLE('',#13821,2.);
#13821 = AXIS2_PLACEMENT_3D('',#13822,#13823,#13824);
#13822 = CARTESIAN_POINT('',(-83.,4.,1.5));
#13823 = DIRECTION('',(1.,-6.123233995737E-17,0.));
#13824 = DIRECTION('',(-6.123233995737E-17,-1.,0.));
#13825 = ORIENTED_EDGE('',*,*,#13689,.F.);
#13826 = SPHERICAL_SURFACE('',#13827,2.);
#13827 = AXIS2_PLACEMENT_3D('',#13828,#13829,#13830);
#13828 = CARTESIAN_POINT('',(-83.,4.,1.5));
#13829 = DIRECTION('',(-0.,-0.,-1.));
#13830 = DIRECTION('',(-1.,0.,0.));
#13831 = ADVANCED_FACE('',(#13832),#13857,.F.);
#13832 = FACE_BOUND('',#13833,.F.);
#13833 = EDGE_LOOP('',(#13834,#13835,#13843,#13851));
#13834 = ORIENTED_EDGE('',*,*,#13681,.T.);
#13835 = ORIENTED_EDGE('',*,*,#13836,.T.);
#13836 = EDGE_CURVE('',#13682,#13837,#13839,.T.);
#13837 = VERTEX_POINT('',#13838);
#13838 = CARTESIAN_POINT('',(-72.,2.,1.5));
#13839 = LINE('',#13840,#13841);
#13840 = CARTESIAN_POINT('',(-85.,2.,1.5));
#13841 = VECTOR('',#13842,1.);
#13842 = DIRECTION('',(1.,0.,0.));
#13843 = ORIENTED_EDGE('',*,*,#13844,.F.);
#13844 = EDGE_CURVE('',#13845,#13837,#13847,.T.);
#13845 = VERTEX_POINT('',#13846);
#13846 = CARTESIAN_POINT('',(-72.,2.,-1.5));
#13847 = LINE('',#13848,#13849);
#13848 = CARTESIAN_POINT('',(-72.,2.,-3.5));
#13849 = VECTOR('',#13850,1.);
#13850 = DIRECTION('',(0.,0.,1.));
#13851 = ORIENTED_EDGE('',*,*,#13852,.F.);
#13852 = EDGE_CURVE('',#13673,#13845,#13853,.T.);
#13853 = LINE('',#13854,#13855);
#13854 = CARTESIAN_POINT('',(-85.,2.,-1.5));
#13855 = VECTOR('',#13856,1.);
#13856 = DIRECTION('',(1.,0.,0.));
#13857 = PLANE('',#13858);
#13858 = AXIS2_PLACEMENT_3D('',#13859,#13860,#13861);
#13859 = CARTESIAN_POINT('',(-85.,2.,-3.5));
#13860 = DIRECTION('',(0.,1.,0.));
#13861 = DIRECTION('',(0.,0.,1.));
#13862 = ADVANCED_FACE('',(#13863),#13896,.F.);
#13863 = FACE_BOUND('',#13864,.F.);
#13864 = EDGE_LOOP('',(#13865,#13866,#13874,#13882,#13890));
#13865 = ORIENTED_EDGE('',*,*,#13713,.F.);
#13866 = ORIENTED_EDGE('',*,*,#13867,.T.);
#13867 = EDGE_CURVE('',#13705,#13868,#13870,.T.);
#13868 = VERTEX_POINT('',#13869);
#13869 = CARTESIAN_POINT('',(-72.,4.,-3.5));
#13870 = LINE('',#13871,#13872);
#13871 = CARTESIAN_POINT('',(-85.,4.,-3.5));
#13872 = VECTOR('',#13873,1.);
#13873 = DIRECTION('',(1.,0.,0.));
#13874 = ORIENTED_EDGE('',*,*,#13875,.T.);
#13875 = EDGE_CURVE('',#13868,#13876,#13878,.T.);
#13876 = VERTEX_POINT('',#13877);
#13877 = CARTESIAN_POINT('',(-72.,22.,-3.5));
#13878 = LINE('',#13879,#13880);
#13879 = CARTESIAN_POINT('',(-72.,2.,-3.5));
#13880 = VECTOR('',#13881,1.);
#13881 = DIRECTION('',(0.,1.,0.));
#13882 = ORIENTED_EDGE('',*,*,#13883,.F.);
#13883 = EDGE_CURVE('',#13884,#13876,#13886,.T.);
#13884 = VERTEX_POINT('',#13885);
#13885 = CARTESIAN_POINT('',(-80.6,22.,-3.5));
#13886 = LINE('',#13887,#13888);
#13887 = CARTESIAN_POINT('',(-85.,22.,-3.5));
#13888 = VECTOR('',#13889,1.);
#13889 = DIRECTION('',(1.,0.,0.));
#13890 = ORIENTED_EDGE('',*,*,#13891,.F.);
#13891 = EDGE_CURVE('',#13714,#13884,#13892,.T.);
#13892 = LINE('',#13893,#13894);
#13893 = CARTESIAN_POINT('',(-85.,22.,-3.5));
#13894 = VECTOR('',#13895,1.);
#13895 = DIRECTION('',(1.,0.,0.));
#13896 = PLANE('',#13897);
#13897 = AXIS2_PLACEMENT_3D('',#13898,#13899,#13900);
#13898 = CARTESIAN_POINT('',(-85.,2.,-3.5));
#13899 = DIRECTION('',(0.,0.,1.));
#13900 = DIRECTION('',(1.,0.,0.));
#13901 = ADVANCED_FACE('',(#13902),#13921,.T.);
#13902 = FACE_BOUND('',#13903,.F.);
#13903 = EDGE_LOOP('',(#13904,#13905,#13913,#13920));
#13904 = ORIENTED_EDGE('',*,*,#13721,.F.);
#13905 = ORIENTED_EDGE('',*,*,#13906,.T.);
#13906 = EDGE_CURVE('',#13714,#13907,#13909,.T.);
#13907 = VERTEX_POINT('',#13908);
#13908 = CARTESIAN_POINT('',(-83.,110.,-3.5));
#13909 = LINE('',#13910,#13911);
#13910 = CARTESIAN_POINT('',(-83.,20.,-3.5));
#13911 = VECTOR('',#13912,1.);
#13912 = DIRECTION('',(0.,1.,0.));
#13913 = ORIENTED_EDGE('',*,*,#13914,.T.);
#13914 = EDGE_CURVE('',#13907,#13772,#13915,.T.);
#13915 = CIRCLE('',#13916,2.);
#13916 = AXIS2_PLACEMENT_3D('',#13917,#13918,#13919);
#13917 = CARTESIAN_POINT('',(-83.,110.,-1.5));
#13918 = DIRECTION('',(0.,1.,-0.));
#13919 = DIRECTION('',(-1.,0.,0.));
#13920 = ORIENTED_EDGE('',*,*,#13771,.F.);
#13921 = CYLINDRICAL_SURFACE('',#13922,2.);
#13922 = AXIS2_PLACEMENT_3D('',#13923,#13924,#13925);
#13923 = CARTESIAN_POINT('',(-83.,20.,-1.5));
#13924 = DIRECTION('',(0.,1.,0.));
#13925 = DIRECTION('',(-1.,0.,0.));
#13926 = ADVANCED_FACE('',(#13927),#13960,.T.);
#13927 = FACE_BOUND('',#13928,.T.);
#13928 = EDGE_LOOP('',(#13929,#13930,#13938,#13946,#13954));
#13929 = ORIENTED_EDGE('',*,*,#13746,.F.);
#13930 = ORIENTED_EDGE('',*,*,#13931,.T.);
#13931 = EDGE_CURVE('',#13738,#13932,#13934,.T.);
#13932 = VERTEX_POINT('',#13933);
#13933 = CARTESIAN_POINT('',(-72.,4.,3.5));
#13934 = LINE('',#13935,#13936);
#13935 = CARTESIAN_POINT('',(-85.,4.,3.5));
#13936 = VECTOR('',#13937,1.);
#13937 = DIRECTION('',(1.,0.,0.));
#13938 = ORIENTED_EDGE('',*,*,#13939,.T.);
#13939 = EDGE_CURVE('',#13932,#13940,#13942,.T.);
#13940 = VERTEX_POINT('',#13941);
#13941 = CARTESIAN_POINT('',(-72.,22.,3.5));
#13942 = LINE('',#13943,#13944);
#13943 = CARTESIAN_POINT('',(-72.,2.,3.5));
#13944 = VECTOR('',#13945,1.);
#13945 = DIRECTION('',(0.,1.,0.));
#13946 = ORIENTED_EDGE('',*,*,#13947,.F.);
#13947 = EDGE_CURVE('',#13948,#13940,#13950,.T.);
#13948 = VERTEX_POINT('',#13949);
#13949 = CARTESIAN_POINT('',(-80.6,22.,3.5));
#13950 = LINE('',#13951,#13952);
#13951 = CARTESIAN_POINT('',(-85.,22.,3.5));
#13952 = VECTOR('',#13953,1.);
#13953 = DIRECTION('',(1.,0.,0.));
#13954 = ORIENTED_EDGE('',*,*,#13955,.F.);
#13955 = EDGE_CURVE('',#13747,#13948,#13956,.T.);
#13956 = LINE('',#13957,#13958);
#13957 = CARTESIAN_POINT('',(-85.,22.,3.5));
#13958 = VECTOR('',#13959,1.);
#13959 = DIRECTION('',(1.,0.,0.));
#13960 = PLANE('',#13961);
#13961 = AXIS2_PLACEMENT_3D('',#13962,#13963,#13964);
#13962 = CARTESIAN_POINT('',(-85.,2.,3.5));
#13963 = DIRECTION('',(0.,0.,1.));
#13964 = DIRECTION('',(1.,0.,0.));
#13965 = ADVANCED_FACE('',(#13966),#13985,.T.);
#13966 = FACE_BOUND('',#13967,.T.);
#13967 = EDGE_LOOP('',(#13968,#13969,#13977,#13984));
#13968 = ORIENTED_EDGE('',*,*,#13754,.T.);
#13969 = ORIENTED_EDGE('',*,*,#13970,.T.);
#13970 = EDGE_CURVE('',#13747,#13971,#13973,.T.);
#13971 = VERTEX_POINT('',#13972);
#13972 = CARTESIAN_POINT('',(-83.,110.,3.5));
#13973 = LINE('',#13974,#13975);
#13974 = CARTESIAN_POINT('',(-83.,20.,3.5));
#13975 = VECTOR('',#13976,1.);
#13976 = DIRECTION('',(0.,1.,0.));
#13977 = ORIENTED_EDGE('',*,*,#13978,.F.);
#13978 = EDGE_CURVE('',#13780,#13971,#13979,.T.);
#13979 = CIRCLE('',#13980,2.);
#13980 = AXIS2_PLACEMENT_3D('',#13981,#13982,#13983);
#13981 = CARTESIAN_POINT('',(-83.,110.,1.5));
#13982 = DIRECTION('',(0.,1.,-0.));
#13983 = DIRECTION('',(-1.,0.,2.22044604925E-16));
#13984 = ORIENTED_EDGE('',*,*,#13787,.F.);
#13985 = CYLINDRICAL_SURFACE('',#13986,2.);
#13986 = AXIS2_PLACEMENT_3D('',#13987,#13988,#13989);
#13987 = CARTESIAN_POINT('',(-83.,20.,1.5));
#13988 = DIRECTION('',(0.,1.,0.));
#13989 = DIRECTION('',(-1.,0.,0.));
#13990 = ADVANCED_FACE('',(#13991),#14018,.T.);
#13991 = FACE_BOUND('',#13992,.F.);
#13992 = EDGE_LOOP('',(#13993,#13994,#14003,#14011));
#13993 = ORIENTED_EDGE('',*,*,#13779,.F.);
#13994 = ORIENTED_EDGE('',*,*,#13995,.T.);
#13995 = EDGE_CURVE('',#13772,#13996,#13998,.T.);
#13996 = VERTEX_POINT('',#13997);
#13997 = CARTESIAN_POINT('',(-83.,112.,-1.5));
#13998 = CIRCLE('',#13999,2.);
#13999 = AXIS2_PLACEMENT_3D('',#14000,#14001,#14002);
#14000 = CARTESIAN_POINT('',(-83.,110.,-1.5));
#14001 = DIRECTION('',(0.,0.,-1.));
#14002 = DIRECTION('',(-1.,0.,0.));
#14003 = ORIENTED_EDGE('',*,*,#14004,.T.);
#14004 = EDGE_CURVE('',#13996,#14005,#14007,.T.);
#14005 = VERTEX_POINT('',#14006);
#14006 = CARTESIAN_POINT('',(-83.,112.,1.5));
#14007 = LINE('',#14008,#14009);
#14008 = CARTESIAN_POINT('',(-83.,112.,-3.5));
#14009 = VECTOR('',#14010,1.);
#14010 = DIRECTION('',(0.,0.,1.));
#14011 = ORIENTED_EDGE('',*,*,#14012,.T.);
#14012 = EDGE_CURVE('',#14005,#13780,#14013,.T.);
#14013 = CIRCLE('',#14014,2.);
#14014 = AXIS2_PLACEMENT_3D('',#14015,#14016,#14017);
#14015 = CARTESIAN_POINT('',(-83.,110.,1.5));
#14016 = DIRECTION('',(2.22044604925E-16,0.,1.));
#14017 = DIRECTION('',(-1.,0.,2.22044604925E-16));
#14018 = CYLINDRICAL_SURFACE('',#14019,2.);
#14019 = AXIS2_PLACEMENT_3D('',#14020,#14021,#14022);
#14020 = CARTESIAN_POINT('',(-83.,110.,-3.5));
#14021 = DIRECTION('',(0.,0.,1.));
#14022 = DIRECTION('',(-1.,0.,0.));
#14023 = ADVANCED_FACE('',(#14024),#14036,.T.);
#14024 = FACE_BOUND('',#14025,.T.);
#14025 = EDGE_LOOP('',(#14026,#14027,#14028,#14035));
#14026 = ORIENTED_EDGE('',*,*,#13802,.F.);
#14027 = ORIENTED_EDGE('',*,*,#13867,.T.);
#14028 = ORIENTED_EDGE('',*,*,#14029,.T.);
#14029 = EDGE_CURVE('',#13868,#13845,#14030,.T.);
#14030 = CIRCLE('',#14031,2.);
#14031 = AXIS2_PLACEMENT_3D('',#14032,#14033,#14034);
#14032 = CARTESIAN_POINT('',(-72.,4.,-1.5));
#14033 = DIRECTION('',(-1.,-6.123233995737E-17,0.));
#14034 = DIRECTION('',(6.123233995737E-17,-1.,0.));
#14035 = ORIENTED_EDGE('',*,*,#13852,.F.);
#14036 = CYLINDRICAL_SURFACE('',#14037,2.);
#14037 = AXIS2_PLACEMENT_3D('',#14038,#14039,#14040);
#14038 = CARTESIAN_POINT('',(-85.,4.,-1.5));
#14039 = DIRECTION('',(1.,0.,0.));
#14040 = DIRECTION('',(0.,-1.,0.));
#14041 = ADVANCED_FACE('',(#14042),#14054,.T.);
#14042 = FACE_BOUND('',#14043,.F.);
#14043 = EDGE_LOOP('',(#14044,#14045,#14046,#14053));
#14044 = ORIENTED_EDGE('',*,*,#13819,.F.);
#14045 = ORIENTED_EDGE('',*,*,#13931,.T.);
#14046 = ORIENTED_EDGE('',*,*,#14047,.T.);
#14047 = EDGE_CURVE('',#13932,#13837,#14048,.T.);
#14048 = CIRCLE('',#14049,2.);
#14049 = AXIS2_PLACEMENT_3D('',#14050,#14051,#14052);
#14050 = CARTESIAN_POINT('',(-72.,4.,1.5));
#14051 = DIRECTION('',(1.,6.123233995737E-17,0.));
#14052 = DIRECTION('',(6.123233995737E-17,-1.,0.));
#14053 = ORIENTED_EDGE('',*,*,#13836,.F.);
#14054 = CYLINDRICAL_SURFACE('',#14055,2.);
#14055 = AXIS2_PLACEMENT_3D('',#14056,#14057,#14058);
#14056 = CARTESIAN_POINT('',(-85.,4.,1.5));
#14057 = DIRECTION('',(1.,0.,0.));
#14058 = DIRECTION('',(0.,-1.,0.));
#14059 = ADVANCED_FACE('',(#14060),#14087,.T.);
#14060 = FACE_BOUND('',#14061,.F.);
#14061 = EDGE_LOOP('',(#14062,#14072,#14079,#14080));
#14062 = ORIENTED_EDGE('',*,*,#14063,.F.);
#14063 = EDGE_CURVE('',#14064,#14066,#14068,.T.);
#14064 = VERTEX_POINT('',#14065);
#14065 = CARTESIAN_POINT('',(-70.,4.,-1.5));
#14066 = VERTEX_POINT('',#14067);
#14067 = CARTESIAN_POINT('',(-70.,4.,1.5));
#14068 = LINE('',#14069,#14070);
#14069 = CARTESIAN_POINT('',(-70.,4.,-3.5));
#14070 = VECTOR('',#14071,1.);
#14071 = DIRECTION('',(0.,0.,1.));
#14072 = ORIENTED_EDGE('',*,*,#14073,.T.);
#14073 = EDGE_CURVE('',#14064,#13845,#14074,.T.);
#14074 = CIRCLE('',#14075,2.);
#14075 = AXIS2_PLACEMENT_3D('',#14076,#14077,#14078);
#14076 = CARTESIAN_POINT('',(-72.,4.,-1.5));
#14077 = DIRECTION('',(0.,0.,-1.));
#14078 = DIRECTION('',(1.,0.,0.));
#14079 = ORIENTED_EDGE('',*,*,#13844,.T.);
#14080 = ORIENTED_EDGE('',*,*,#14081,.F.);
#14081 = EDGE_CURVE('',#14066,#13837,#14082,.T.);
#14082 = CIRCLE('',#14083,2.);
#14083 = AXIS2_PLACEMENT_3D('',#14084,#14085,#14086);
#14084 = CARTESIAN_POINT('',(-72.,4.,1.5));
#14085 = DIRECTION('',(0.,0.,-1.));
#14086 = DIRECTION('',(1.,0.,0.));
#14087 = CYLINDRICAL_SURFACE('',#14088,2.);
#14088 = AXIS2_PLACEMENT_3D('',#14089,#14090,#14091);
#14089 = CARTESIAN_POINT('',(-72.,4.,-3.5));
#14090 = DIRECTION('',(0.,0.,1.));
#14091 = DIRECTION('',(1.,0.,0.));
#14092 = ADVANCED_FACE('',(#14093),#14111,.F.);
#14093 = FACE_BOUND('',#14094,.F.);
#14094 = EDGE_LOOP('',(#14095,#14096,#14097,#14105));
#14095 = ORIENTED_EDGE('',*,*,#13906,.F.);
#14096 = ORIENTED_EDGE('',*,*,#13891,.T.);
#14097 = ORIENTED_EDGE('',*,*,#14098,.T.);
#14098 = EDGE_CURVE('',#13884,#14099,#14101,.T.);
#14099 = VERTEX_POINT('',#14100);
#14100 = CARTESIAN_POINT('',(-80.6,110.,-3.5));
#14101 = LINE('',#14102,#14103);
#14102 = CARTESIAN_POINT('',(-80.6,20.,-3.5));
#14103 = VECTOR('',#14104,1.);
#14104 = DIRECTION('',(0.,1.,0.));
#14105 = ORIENTED_EDGE('',*,*,#14106,.F.);
#14106 = EDGE_CURVE('',#13907,#14099,#14107,.T.);
#14107 = LINE('',#14108,#14109);
#14108 = CARTESIAN_POINT('',(-85.,110.,-3.5));
#14109 = VECTOR('',#14110,1.);
#14110 = DIRECTION('',(1.,0.,0.));
#14111 = PLANE('',#14112);
#14112 = AXIS2_PLACEMENT_3D('',#14113,#14114,#14115);
#14113 = CARTESIAN_POINT('',(-85.,20.,-3.5));
#14114 = DIRECTION('',(0.,0.,1.));
#14115 = DIRECTION('',(1.,0.,0.));
#14116 = ADVANCED_FACE('',(#14117),#14144,.T.);
#14117 = FACE_BOUND('',#14118,.F.);
#14118 = EDGE_LOOP('',(#14119,#14128,#14129,#14138));
#14119 = ORIENTED_EDGE('',*,*,#14120,.F.);
#14120 = EDGE_CURVE('',#13884,#14121,#14123,.T.);
#14121 = VERTEX_POINT('',#14122);
#14122 = CARTESIAN_POINT('',(-78.6,24.,-1.5));
#14123 = ELLIPSE('',#14124,2.828427124746,2.);
#14124 = AXIS2_PLACEMENT_3D('',#14125,#14126,#14127);
#14125 = CARTESIAN_POINT('',(-80.6,22.,-1.5));
#14126 = DIRECTION('',(0.707106781187,-0.707106781187,0.));
#14127 = DIRECTION('',(0.707106781187,0.707106781187,0.));
#14128 = ORIENTED_EDGE('',*,*,#13883,.T.);
#14129 = ORIENTED_EDGE('',*,*,#14130,.T.);
#14130 = EDGE_CURVE('',#13876,#14131,#14133,.T.);
#14131 = VERTEX_POINT('',#14132);
#14132 = CARTESIAN_POINT('',(-72.,24.,-1.5));
#14133 = CIRCLE('',#14134,2.);
#14134 = AXIS2_PLACEMENT_3D('',#14135,#14136,#14137);
#14135 = CARTESIAN_POINT('',(-72.,22.,-1.5));
#14136 = DIRECTION('',(1.,-6.123233995737E-17,0.));
#14137 = DIRECTION('',(6.123233995737E-17,1.,0.));
#14138 = ORIENTED_EDGE('',*,*,#14139,.F.);
#14139 = EDGE_CURVE('',#14121,#14131,#14140,.T.);
#14140 = LINE('',#14141,#14142);
#14141 = CARTESIAN_POINT('',(-85.,24.,-1.5));
#14142 = VECTOR('',#14143,1.);
#14143 = DIRECTION('',(1.,0.,0.));
#14144 = CYLINDRICAL_SURFACE('',#14145,2.);
#14145 = AXIS2_PLACEMENT_3D('',#14146,#14147,#14148);
#14146 = CARTESIAN_POINT('',(-85.,22.,-1.5));
#14147 = DIRECTION('',(1.,0.,0.));
#14148 = DIRECTION('',(0.,1.,0.));
#14149 = ADVANCED_FACE('',(#14150),#14175,.T.);
#14150 = FACE_BOUND('',#14151,.T.);
#14151 = EDGE_LOOP('',(#14152,#14159,#14160,#14169));
#14152 = ORIENTED_EDGE('',*,*,#14153,.F.);
#14153 = EDGE_CURVE('',#13868,#14064,#14154,.T.);
#14154 = CIRCLE('',#14155,2.);
#14155 = AXIS2_PLACEMENT_3D('',#14156,#14157,#14158);
#14156 = CARTESIAN_POINT('',(-72.,4.,-1.5));
#14157 = DIRECTION('',(0.,-1.,0.));
#14158 = DIRECTION('',(1.,0.,0.));
#14159 = ORIENTED_EDGE('',*,*,#13875,.T.);
#14160 = ORIENTED_EDGE('',*,*,#14161,.T.);
#14161 = EDGE_CURVE('',#13876,#14162,#14164,.T.);
#14162 = VERTEX_POINT('',#14163);
#14163 = CARTESIAN_POINT('',(-70.,22.,-1.5));
#14164 = CIRCLE('',#14165,2.);
#14165 = AXIS2_PLACEMENT_3D('',#14166,#14167,#14168);
#14166 = CARTESIAN_POINT('',(-72.,22.,-1.5));
#14167 = DIRECTION('',(0.,-1.,0.));
#14168 = DIRECTION('',(1.,0.,0.));
#14169 = ORIENTED_EDGE('',*,*,#14170,.F.);
#14170 = EDGE_CURVE('',#14064,#14162,#14171,.T.);
#14171 = LINE('',#14172,#14173);
#14172 = CARTESIAN_POINT('',(-70.,2.,-1.5));
#14173 = VECTOR('',#14174,1.);
#14174 = DIRECTION('',(0.,1.,0.));
#14175 = CYLINDRICAL_SURFACE('',#14176,2.);
#14176 = AXIS2_PLACEMENT_3D('',#14177,#14178,#14179);
#14177 = CARTESIAN_POINT('',(-72.,2.,-1.5));
#14178 = DIRECTION('',(0.,1.,0.));
#14179 = DIRECTION('',(1.,0.,0.));
#14180 = ADVANCED_FACE('',(#14181),#14192,.T.);
#14181 = FACE_BOUND('',#14182,.F.);
#14182 = EDGE_LOOP('',(#14183,#14184,#14191));
#14183 = ORIENTED_EDGE('',*,*,#13914,.F.);
#14184 = ORIENTED_EDGE('',*,*,#14185,.T.);
#14185 = EDGE_CURVE('',#13907,#13996,#14186,.T.);
#14186 = CIRCLE('',#14187,2.);
#14187 = AXIS2_PLACEMENT_3D('',#14188,#14189,#14190);
#14188 = CARTESIAN_POINT('',(-83.,110.,-1.5));
#14189 = DIRECTION('',(1.,6.123233995737E-17,-0.));
#14190 = DIRECTION('',(-6.123233995737E-17,1.,0.));
#14191 = ORIENTED_EDGE('',*,*,#13995,.F.);
#14192 = SPHERICAL_SURFACE('',#14193,2.);
#14193 = AXIS2_PLACEMENT_3D('',#14194,#14195,#14196);
#14194 = CARTESIAN_POINT('',(-83.,110.,-1.5));
#14195 = DIRECTION('',(0.,0.,1.));
#14196 = DIRECTION('',(-1.,0.,0.));
#14197 = ADVANCED_FACE('',(#14198),#14216,.T.);
#14198 = FACE_BOUND('',#14199,.T.);
#14199 = EDGE_LOOP('',(#14200,#14201,#14202,#14210));
#14200 = ORIENTED_EDGE('',*,*,#13970,.F.);
#14201 = ORIENTED_EDGE('',*,*,#13955,.T.);
#14202 = ORIENTED_EDGE('',*,*,#14203,.T.);
#14203 = EDGE_CURVE('',#13948,#14204,#14206,.T.);
#14204 = VERTEX_POINT('',#14205);
#14205 = CARTESIAN_POINT('',(-80.6,110.,3.5));
#14206 = LINE('',#14207,#14208);
#14207 = CARTESIAN_POINT('',(-80.6,20.,3.5));
#14208 = VECTOR('',#14209,1.);
#14209 = DIRECTION('',(0.,1.,0.));
#14210 = ORIENTED_EDGE('',*,*,#14211,.F.);
#14211 = EDGE_CURVE('',#13971,#14204,#14212,.T.);
#14212 = LINE('',#14213,#14214);
#14213 = CARTESIAN_POINT('',(-85.,110.,3.5));
#14214 = VECTOR('',#14215,1.);
#14215 = DIRECTION('',(1.,0.,0.));
#14216 = PLANE('',#14217);
#14217 = AXIS2_PLACEMENT_3D('',#14218,#14219,#14220);
#14218 = CARTESIAN_POINT('',(-85.,20.,3.5));
#14219 = DIRECTION('',(0.,0.,1.));
#14220 = DIRECTION('',(1.,0.,0.));
#14221 = ADVANCED_FACE('',(#14222),#14249,.T.);
#14222 = FACE_BOUND('',#14223,.T.);
#14223 = EDGE_LOOP('',(#14224,#14234,#14241,#14242));
#14224 = ORIENTED_EDGE('',*,*,#14225,.F.);
#14225 = EDGE_CURVE('',#14226,#14228,#14230,.T.);
#14226 = VERTEX_POINT('',#14227);
#14227 = CARTESIAN_POINT('',(-78.6,24.,1.5));
#14228 = VERTEX_POINT('',#14229);
#14229 = CARTESIAN_POINT('',(-72.,24.,1.5));
#14230 = LINE('',#14231,#14232);
#14231 = CARTESIAN_POINT('',(-85.,24.,1.5));
#14232 = VECTOR('',#14233,1.);
#14233 = DIRECTION('',(1.,0.,0.));
#14234 = ORIENTED_EDGE('',*,*,#14235,.T.);
#14235 = EDGE_CURVE('',#14226,#13948,#14236,.T.);
#14236 = ELLIPSE('',#14237,2.828427124746,2.);
#14237 = AXIS2_PLACEMENT_3D('',#14238,#14239,#14240);
#14238 = CARTESIAN_POINT('',(-80.6,22.,1.5));
#14239 = DIRECTION('',(0.707106781187,-0.707106781187,0.));
#14240 = DIRECTION('',(0.707106781187,0.707106781187,0.));
#14241 = ORIENTED_EDGE('',*,*,#13947,.T.);
#14242 = ORIENTED_EDGE('',*,*,#14243,.F.);
#14243 = EDGE_CURVE('',#14228,#13940,#14244,.T.);
#14244 = CIRCLE('',#14245,2.);
#14245 = AXIS2_PLACEMENT_3D('',#14246,#14247,#14248);
#14246 = CARTESIAN_POINT('',(-72.,22.,1.5));
#14247 = DIRECTION('',(1.,0.,-6.123233995737E-17));
#14248 = DIRECTION('',(6.123233995737E-17,0.,1.));
#14249 = CYLINDRICAL_SURFACE('',#14250,2.);
#14250 = AXIS2_PLACEMENT_3D('',#14251,#14252,#14253);
#14251 = CARTESIAN_POINT('',(-85.,22.,1.5));
#14252 = DIRECTION('',(1.,0.,0.));
#14253 = DIRECTION('',(0.,1.,0.));
#14254 = ADVANCED_FACE('',(#14255),#14280,.T.);
#14255 = FACE_BOUND('',#14256,.F.);
#14256 = EDGE_LOOP('',(#14257,#14264,#14265,#14274));
#14257 = ORIENTED_EDGE('',*,*,#14258,.F.);
#14258 = EDGE_CURVE('',#13932,#14066,#14259,.T.);
#14259 = CIRCLE('',#14260,2.);
#14260 = AXIS2_PLACEMENT_3D('',#14261,#14262,#14263);
#14261 = CARTESIAN_POINT('',(-72.,4.,1.5));
#14262 = DIRECTION('',(-0.,1.,0.));
#14263 = DIRECTION('',(1.,0.,0.));
#14264 = ORIENTED_EDGE('',*,*,#13939,.T.);
#14265 = ORIENTED_EDGE('',*,*,#14266,.F.);
#14266 = EDGE_CURVE('',#14267,#13940,#14269,.T.);
#14267 = VERTEX_POINT('',#14268);
#14268 = CARTESIAN_POINT('',(-70.,22.,1.5));
#14269 = CIRCLE('',#14270,2.);
#14270 = AXIS2_PLACEMENT_3D('',#14271,#14272,#14273);
#14271 = CARTESIAN_POINT('',(-72.,22.,1.5));
#14272 = DIRECTION('',(0.,-1.,0.));
#14273 = DIRECTION('',(1.,0.,2.22044604925E-16));
#14274 = ORIENTED_EDGE('',*,*,#14275,.F.);
#14275 = EDGE_CURVE('',#14066,#14267,#14276,.T.);
#14276 = LINE('',#14277,#14278);
#14277 = CARTESIAN_POINT('',(-70.,2.,1.5));
#14278 = VECTOR('',#14279,1.);
#14279 = DIRECTION('',(0.,1.,0.));
#14280 = CYLINDRICAL_SURFACE('',#14281,2.);
#14281 = AXIS2_PLACEMENT_3D('',#14282,#14283,#14284);
#14282 = CARTESIAN_POINT('',(-72.,2.,1.5));
#14283 = DIRECTION('',(0.,1.,0.));
#14284 = DIRECTION('',(1.,0.,0.));
#14285 = ADVANCED_FACE('',(#14286),#14297,.T.);
#14286 = FACE_BOUND('',#14287,.F.);
#14287 = EDGE_LOOP('',(#14288,#14289,#14296));
#14288 = ORIENTED_EDGE('',*,*,#14012,.F.);
#14289 = ORIENTED_EDGE('',*,*,#14290,.T.);
#14290 = EDGE_CURVE('',#14005,#13971,#14291,.T.);
#14291 = CIRCLE('',#14292,2.);
#14292 = AXIS2_PLACEMENT_3D('',#14293,#14294,#14295);
#14293 = CARTESIAN_POINT('',(-83.,110.,1.5));
#14294 = DIRECTION('',(1.,0.,6.123233995737E-17));
#14295 = DIRECTION('',(-6.123233995737E-17,0.,1.));
#14296 = ORIENTED_EDGE('',*,*,#13978,.F.);
#14297 = SPHERICAL_SURFACE('',#14298,2.);
#14298 = AXIS2_PLACEMENT_3D('',#14299,#14300,#14301);
#14299 = CARTESIAN_POINT('',(-83.,110.,1.5));
#14300 = DIRECTION('',(0.,-1.,0.));
#14301 = DIRECTION('',(-1.,0.,2.22044604925E-16));
#14302 = ADVANCED_FACE('',(#14303,#14317),#14342,.F.);
#14303 = FACE_BOUND('',#14304,.F.);
#14304 = EDGE_LOOP('',(#14305));
#14305 = ORIENTED_EDGE('',*,*,#14306,.T.);
#14306 = EDGE_CURVE('',#14307,#14307,#14309,.T.);
#14307 = VERTEX_POINT('',#14308);
#14308 = CARTESIAN_POINT('',(-78.6,112.,0.));
#14309 = ( BOUNDED_CURVE() B_SPLINE_CURVE(6,(#14310,#14311,#14312,#14313
    ,#14314,#14315,#14316),.UNSPECIFIED.,.T.,.F.) 
B_SPLINE_CURVE_WITH_KNOTS((1,6,6,1),(-6.28318530718,0.,6.28318530718,
12.566370614359),.UNSPECIFIED.) CURVE() GEOMETRIC_REPRESENTATION_ITEM() 
RATIONAL_B_SPLINE_CURVE((1.669078461068,1.03672962321,1.038346699848,
    0.853534330196,1.038346699848,1.03672962321,1.669078461068)) 
REPRESENTATION_ITEM('') );
#14310 = CARTESIAN_POINT('',(-78.6,112.,0.));
#14311 = CARTESIAN_POINT('',(-78.6,112.,-5.316937841827));
#14312 = CARTESIAN_POINT('',(-85.17455420975,112.,-6.080359626386));
#14313 = CARTESIAN_POINT('',(-90.59717414722,112.,-1.06581410364E-14));
#14314 = CARTESIAN_POINT('',(-85.17455420975,112.,6.080359626386));
#14315 = CARTESIAN_POINT('',(-78.6,112.,5.316937841827));
#14316 = CARTESIAN_POINT('',(-78.6,112.,0.));
#14317 = FACE_BOUND('',#14318,.F.);
#14318 = EDGE_LOOP('',(#14319,#14320,#14328,#14336));
#14319 = ORIENTED_EDGE('',*,*,#14004,.F.);
#14320 = ORIENTED_EDGE('',*,*,#14321,.T.);
#14321 = EDGE_CURVE('',#13996,#14322,#14324,.T.);
#14322 = VERTEX_POINT('',#14323);
#14323 = CARTESIAN_POINT('',(-80.6,112.,-1.5));
#14324 = LINE('',#14325,#14326);
#14325 = CARTESIAN_POINT('',(-85.,112.,-1.5));
#14326 = VECTOR('',#14327,1.);
#14327 = DIRECTION('',(1.,0.,0.));
#14328 = ORIENTED_EDGE('',*,*,#14329,.T.);
#14329 = EDGE_CURVE('',#14322,#14330,#14332,.T.);
#14330 = VERTEX_POINT('',#14331);
#14331 = CARTESIAN_POINT('',(-80.6,112.,1.5));
#14332 = LINE('',#14333,#14334);
#14333 = CARTESIAN_POINT('',(-80.6,112.,-3.5));
#14334 = VECTOR('',#14335,1.);
#14335 = DIRECTION('',(0.,0.,1.));
#14336 = ORIENTED_EDGE('',*,*,#14337,.F.);
#14337 = EDGE_CURVE('',#14005,#14330,#14338,.T.);
#14338 = LINE('',#14339,#14340);
#14339 = CARTESIAN_POINT('',(-85.,112.,1.5));
#14340 = VECTOR('',#14341,1.);
#14341 = DIRECTION('',(1.,0.,0.));
#14342 = PLANE('',#14343);
#14343 = AXIS2_PLACEMENT_3D('',#14344,#14345,#14346);
#14344 = CARTESIAN_POINT('',(-81.79949304564,112.,-7.308970748473E-15));
#14345 = DIRECTION('',(-8.899287193265E-15,1.,-7.684790931059E-15));
#14346 = DIRECTION('',(1.,8.899287193265E-15,0.));
#14347 = ADVANCED_FACE('',(#14348),#14353,.T.);
#14348 = FACE_BOUND('',#14349,.F.);
#14349 = EDGE_LOOP('',(#14350,#14351,#14352));
#14350 = ORIENTED_EDGE('',*,*,#14153,.F.);
#14351 = ORIENTED_EDGE('',*,*,#14029,.T.);
#14352 = ORIENTED_EDGE('',*,*,#14073,.F.);
#14353 = SPHERICAL_SURFACE('',#14354,2.);
#14354 = AXIS2_PLACEMENT_3D('',#14355,#14356,#14357);
#14355 = CARTESIAN_POINT('',(-72.,4.,-1.5));
#14356 = DIRECTION('',(0.,0.,1.));
#14357 = DIRECTION('',(1.,0.,0.));
#14358 = ADVANCED_FACE('',(#14359),#14364,.T.);
#14359 = FACE_BOUND('',#14360,.T.);
#14360 = EDGE_LOOP('',(#14361,#14362,#14363));
#14361 = ORIENTED_EDGE('',*,*,#14258,.F.);
#14362 = ORIENTED_EDGE('',*,*,#14047,.T.);
#14363 = ORIENTED_EDGE('',*,*,#14081,.F.);
#14364 = SPHERICAL_SURFACE('',#14365,2.);
#14365 = AXIS2_PLACEMENT_3D('',#14366,#14367,#14368);
#14366 = CARTESIAN_POINT('',(-72.,4.,1.5));
#14367 = DIRECTION('',(-0.,-0.,-1.));
#14368 = DIRECTION('',(1.,0.,0.));
#14369 = ADVANCED_FACE('',(#14370),#14381,.T.);
#14370 = FACE_BOUND('',#14371,.T.);
#14371 = EDGE_LOOP('',(#14372,#14373,#14374,#14380));
#14372 = ORIENTED_EDGE('',*,*,#14063,.F.);
#14373 = ORIENTED_EDGE('',*,*,#14170,.T.);
#14374 = ORIENTED_EDGE('',*,*,#14375,.T.);
#14375 = EDGE_CURVE('',#14162,#14267,#14376,.T.);
#14376 = LINE('',#14377,#14378);
#14377 = CARTESIAN_POINT('',(-70.,22.,-3.5));
#14378 = VECTOR('',#14379,1.);
#14379 = DIRECTION('',(0.,0.,1.));
#14380 = ORIENTED_EDGE('',*,*,#14275,.F.);
#14381 = PLANE('',#14382);
#14382 = AXIS2_PLACEMENT_3D('',#14383,#14384,#14385);
#14383 = CARTESIAN_POINT('',(-70.,2.,-3.5));
#14384 = DIRECTION('',(1.,0.,0.));
#14385 = DIRECTION('',(0.,0.,1.));
#14386 = ADVANCED_FACE('',(#14387),#14399,.T.);
#14387 = FACE_BOUND('',#14388,.F.);
#14388 = EDGE_LOOP('',(#14389,#14390,#14391,#14398));
#14389 = ORIENTED_EDGE('',*,*,#14185,.F.);
#14390 = ORIENTED_EDGE('',*,*,#14106,.T.);
#14391 = ORIENTED_EDGE('',*,*,#14392,.T.);
#14392 = EDGE_CURVE('',#14099,#14322,#14393,.T.);
#14393 = CIRCLE('',#14394,2.);
#14394 = AXIS2_PLACEMENT_3D('',#14395,#14396,#14397);
#14395 = CARTESIAN_POINT('',(-80.6,110.,-1.5));
#14396 = DIRECTION('',(1.,-6.123233995737E-17,0.));
#14397 = DIRECTION('',(6.123233995737E-17,1.,0.));
#14398 = ORIENTED_EDGE('',*,*,#14321,.F.);
#14399 = CYLINDRICAL_SURFACE('',#14400,2.);
#14400 = AXIS2_PLACEMENT_3D('',#14401,#14402,#14403);
#14401 = CARTESIAN_POINT('',(-85.,110.,-1.5));
#14402 = DIRECTION('',(1.,0.,0.));
#14403 = DIRECTION('',(0.,1.,0.));
#14404 = ADVANCED_FACE('',(#14405),#14424,.T.);
#14405 = FACE_BOUND('',#14406,.T.);
#14406 = EDGE_LOOP('',(#14407,#14408,#14409,#14418));
#14407 = ORIENTED_EDGE('',*,*,#14120,.F.);
#14408 = ORIENTED_EDGE('',*,*,#14098,.T.);
#14409 = ORIENTED_EDGE('',*,*,#14410,.T.);
#14410 = EDGE_CURVE('',#14099,#14411,#14413,.T.);
#14411 = VERTEX_POINT('',#14412);
#14412 = CARTESIAN_POINT('',(-78.6,110.,-1.5));
#14413 = CIRCLE('',#14414,2.);
#14414 = AXIS2_PLACEMENT_3D('',#14415,#14416,#14417);
#14415 = CARTESIAN_POINT('',(-80.6,110.,-1.5));
#14416 = DIRECTION('',(0.,-1.,0.));
#14417 = DIRECTION('',(1.,0.,0.));
#14418 = ORIENTED_EDGE('',*,*,#14419,.F.);
#14419 = EDGE_CURVE('',#14121,#14411,#14420,.T.);
#14420 = LINE('',#14421,#14422);
#14421 = CARTESIAN_POINT('',(-78.6,20.,-1.5));
#14422 = VECTOR('',#14423,1.);
#14423 = DIRECTION('',(0.,1.,0.));
#14424 = CYLINDRICAL_SURFACE('',#14425,2.);
#14425 = AXIS2_PLACEMENT_3D('',#14426,#14427,#14428);
#14426 = CARTESIAN_POINT('',(-80.6,20.,-1.5));
#14427 = DIRECTION('',(0.,1.,0.));
#14428 = DIRECTION('',(1.,0.,0.));
#14429 = ADVANCED_FACE('',(#14430),#14446,.T.);
#14430 = FACE_BOUND('',#14431,.T.);
#14431 = EDGE_LOOP('',(#14432,#14433,#14439,#14440));
#14432 = ORIENTED_EDGE('',*,*,#14139,.F.);
#14433 = ORIENTED_EDGE('',*,*,#14434,.F.);
#14434 = EDGE_CURVE('',#14226,#14121,#14435,.T.);
#14435 = LINE('',#14436,#14437);
#14436 = CARTESIAN_POINT('',(-78.6,24.,-3.5));
#14437 = VECTOR('',#14438,1.);
#14438 = DIRECTION('',(0.,0.,-1.));
#14439 = ORIENTED_EDGE('',*,*,#14225,.T.);
#14440 = ORIENTED_EDGE('',*,*,#14441,.F.);
#14441 = EDGE_CURVE('',#14131,#14228,#14442,.T.);
#14442 = LINE('',#14443,#14444);
#14443 = CARTESIAN_POINT('',(-72.,24.,-3.5));
#14444 = VECTOR('',#14445,1.);
#14445 = DIRECTION('',(0.,0.,1.));
#14446 = PLANE('',#14447);
#14447 = AXIS2_PLACEMENT_3D('',#14448,#14449,#14450);
#14448 = CARTESIAN_POINT('',(-85.,24.,-3.5));
#14449 = DIRECTION('',(0.,1.,0.));
#14450 = DIRECTION('',(0.,0.,1.));
#14451 = ADVANCED_FACE('',(#14452),#14463,.T.);
#14452 = FACE_BOUND('',#14453,.T.);
#14453 = EDGE_LOOP('',(#14454,#14455,#14456));
#14454 = ORIENTED_EDGE('',*,*,#14161,.F.);
#14455 = ORIENTED_EDGE('',*,*,#14130,.T.);
#14456 = ORIENTED_EDGE('',*,*,#14457,.F.);
#14457 = EDGE_CURVE('',#14162,#14131,#14458,.T.);
#14458 = CIRCLE('',#14459,2.);
#14459 = AXIS2_PLACEMENT_3D('',#14460,#14461,#14462);
#14460 = CARTESIAN_POINT('',(-72.,22.,-1.5));
#14461 = DIRECTION('',(0.,0.,1.));
#14462 = DIRECTION('',(1.,0.,0.));
#14463 = SPHERICAL_SURFACE('',#14464,2.);
#14464 = AXIS2_PLACEMENT_3D('',#14465,#14466,#14467);
#14465 = CARTESIAN_POINT('',(-72.,22.,-1.5));
#14466 = DIRECTION('',(0.,0.,1.));
#14467 = DIRECTION('',(1.,0.,0.));
#14468 = ADVANCED_FACE('',(#14469),#14481,.T.);
#14469 = FACE_BOUND('',#14470,.T.);
#14470 = EDGE_LOOP('',(#14471,#14472,#14473,#14480));
#14471 = ORIENTED_EDGE('',*,*,#14290,.T.);
#14472 = ORIENTED_EDGE('',*,*,#14211,.T.);
#14473 = ORIENTED_EDGE('',*,*,#14474,.F.);
#14474 = EDGE_CURVE('',#14330,#14204,#14475,.T.);
#14475 = CIRCLE('',#14476,2.);
#14476 = AXIS2_PLACEMENT_3D('',#14477,#14478,#14479);
#14477 = CARTESIAN_POINT('',(-80.6,110.,1.5));
#14478 = DIRECTION('',(1.,0.,-6.123233995737E-17));
#14479 = DIRECTION('',(6.123233995737E-17,0.,1.));
#14480 = ORIENTED_EDGE('',*,*,#14337,.F.);
#14481 = CYLINDRICAL_SURFACE('',#14482,2.);
#14482 = AXIS2_PLACEMENT_3D('',#14483,#14484,#14485);
#14483 = CARTESIAN_POINT('',(-85.,110.,1.5));
#14484 = DIRECTION('',(1.,0.,0.));
#14485 = DIRECTION('',(0.,1.,0.));
#14486 = ADVANCED_FACE('',(#14487),#14506,.T.);
#14487 = FACE_BOUND('',#14488,.F.);
#14488 = EDGE_LOOP('',(#14489,#14490,#14491,#14500));
#14489 = ORIENTED_EDGE('',*,*,#14235,.T.);
#14490 = ORIENTED_EDGE('',*,*,#14203,.T.);
#14491 = ORIENTED_EDGE('',*,*,#14492,.F.);
#14492 = EDGE_CURVE('',#14493,#14204,#14495,.T.);
#14493 = VERTEX_POINT('',#14494);
#14494 = CARTESIAN_POINT('',(-78.6,110.,1.5));
#14495 = CIRCLE('',#14496,2.);
#14496 = AXIS2_PLACEMENT_3D('',#14497,#14498,#14499);
#14497 = CARTESIAN_POINT('',(-80.6,110.,1.5));
#14498 = DIRECTION('',(0.,-1.,0.));
#14499 = DIRECTION('',(1.,0.,2.22044604925E-16));
#14500 = ORIENTED_EDGE('',*,*,#14501,.F.);
#14501 = EDGE_CURVE('',#14226,#14493,#14502,.T.);
#14502 = LINE('',#14503,#14504);
#14503 = CARTESIAN_POINT('',(-78.6,20.,1.5));
#14504 = VECTOR('',#14505,1.);
#14505 = DIRECTION('',(0.,1.,0.));
#14506 = CYLINDRICAL_SURFACE('',#14507,2.);
#14507 = AXIS2_PLACEMENT_3D('',#14508,#14509,#14510);
#14508 = CARTESIAN_POINT('',(-80.6,20.,1.5));
#14509 = DIRECTION('',(0.,1.,0.));
#14510 = DIRECTION('',(1.,0.,0.));
#14511 = ADVANCED_FACE('',(#14512),#14523,.T.);
#14512 = FACE_BOUND('',#14513,.T.);
#14513 = EDGE_LOOP('',(#14514,#14521,#14522));
#14514 = ORIENTED_EDGE('',*,*,#14515,.F.);
#14515 = EDGE_CURVE('',#14228,#14267,#14516,.T.);
#14516 = CIRCLE('',#14517,2.);
#14517 = AXIS2_PLACEMENT_3D('',#14518,#14519,#14520);
#14518 = CARTESIAN_POINT('',(-72.,22.,1.5));
#14519 = DIRECTION('',(2.22044604925E-16,0.,-1.));
#14520 = DIRECTION('',(1.,0.,2.22044604925E-16));
#14521 = ORIENTED_EDGE('',*,*,#14243,.T.);
#14522 = ORIENTED_EDGE('',*,*,#14266,.F.);
#14523 = SPHERICAL_SURFACE('',#14524,2.);
#14524 = AXIS2_PLACEMENT_3D('',#14525,#14526,#14527);
#14525 = CARTESIAN_POINT('',(-72.,22.,1.5));
#14526 = DIRECTION('',(0.,-1.,0.));
#14527 = DIRECTION('',(1.,0.,2.22044604925E-16));
#14528 = ADVANCED_FACE('',(#14529),#14574,.T.);
#14529 = FACE_BOUND('',#14530,.T.);
#14530 = EDGE_LOOP('',(#14531,#14562,#14572,#14573));
#14531 = ORIENTED_EDGE('',*,*,#14532,.T.);
#14532 = EDGE_CURVE('',#14307,#14533,#14535,.T.);
#14533 = VERTEX_POINT('',#14534);
#14534 = CARTESIAN_POINT('',(-78.6,153.,-27.));
#14535 = ( BOUNDED_CURVE() B_SPLINE_CURVE(7,(#14536,#14537,#14538,#14539
    ,#14540,#14541,#14542,#14543,#14544,#14545,#14546,#14547,#14548,
    #14549,#14550,#14551,#14552,#14553,#14554,#14555,#14556,#14557,
    #14558,#14559,#14560,#14561),.UNSPECIFIED.,.F.,.F.) 
B_SPLINE_CURVE_WITH_KNOTS((8,6,6,6,8),(0.,14.035668847618,
27.964057124802,41.417681171876,54.06679181255),.UNSPECIFIED.) CURVE() 
GEOMETRIC_REPRESENTATION_ITEM() RATIONAL_B_SPLINE_CURVE((1.669078461068,
    1.669078461068,1.669078461068,1.669078461068,1.669078461068,
    1.669078461068,1.669078461068,1.669078461068,1.669078461068,
    1.669078461068,1.669078461068,1.669078461068,1.669078461068,
    1.669078461068,1.669078461068,1.669078461068,1.669078461068,
    1.669078461068,1.669078461068,1.669078461068,1.669078461068,
    1.669078461068,1.669078461068,1.669078461068,1.669078461068,
1.669078461068)) REPRESENTATION_ITEM('') );
#14536 = CARTESIAN_POINT('',(-78.6,112.,0.));
#14537 = CARTESIAN_POINT('',(-78.6,113.97620428345,0.127116243434));
#14538 = CARTESIAN_POINT('',(-78.6,115.97705135603,0.166891504796));
#14539 = CARTESIAN_POINT('',(-78.6,117.99251468756,0.117735696071));
#14540 = CARTESIAN_POINT('',(-78.6,120.01256774789,-2.194127075534E-02)
  );
#14541 = CARTESIAN_POINT('',(-78.6,122.02718400685,-0.253729483699));
#14542 = CARTESIAN_POINT('',(-78.6,124.02633693427,-0.579219030776));
#14543 = CARTESIAN_POINT('',(-78.6,127.95857752175,-1.417564761796));
#14544 = CARTESIAN_POINT('',(-78.6,129.89205335229,-1.928969807331));
#14545 = CARTESIAN_POINT('',(-78.6,131.79520157343,-2.537255156861));
#14546 = CARTESIAN_POINT('',(-78.6,133.66279626695,-3.245460830638));
#14547 = CARTESIAN_POINT('',(-78.6,135.48961151469,-4.056626848917));
#14548 = CARTESIAN_POINT('',(-78.6,137.27042139843,-4.973793231953));
#14549 = CARTESIAN_POINT('',(-78.6,140.67062403791,-6.991227396675));
#14550 = CARTESIAN_POINT('',(-78.6,142.29344981771,-8.084188348437));
#14551 = CARTESIAN_POINT('',(-78.6,143.84874577239,-9.276740100042));
#14552 = CARTESIAN_POINT('',(-78.6,145.31678033495,-10.56673989624));
#14553 = CARTESIAN_POINT('',(-78.6,146.67782193841,-11.9520449818));
#14554 = CARTESIAN_POINT('',(-78.6,147.91213901576,-13.43051260146));
#14555 = CARTESIAN_POINT('',(-78.6,150.02280797376,-16.47563360502));
#14556 = CARTESIAN_POINT('',(-78.6,150.91615199781,-18.03172668306));
#14557 = CARTESIAN_POINT('',(-78.6,151.66743456152,-19.66773397218));
#14558 = CARTESIAN_POINT('',(-78.6,152.26405815423,-21.38311021039));
#14559 = CARTESIAN_POINT('',(-78.6,152.69342526531,-23.17731013574));
#14560 = CARTESIAN_POINT('',(-78.6,152.94293838411,-25.04978848627));
#14561 = CARTESIAN_POINT('',(-78.6,153.,-27.));
#14562 = ORIENTED_EDGE('',*,*,#14563,.F.);
#14563 = EDGE_CURVE('',#14533,#14533,#14564,.T.);
#14564 = ( BOUNDED_CURVE() B_SPLINE_CURVE(6,(#14565,#14566,#14567,#14568
    ,#14569,#14570,#14571),.UNSPECIFIED.,.T.,.F.) 
B_SPLINE_CURVE_WITH_KNOTS((1,6,6,1),(-6.28318530718,0.,6.28318530718,
12.566370614359),.UNSPECIFIED.) CURVE() GEOMETRIC_REPRESENTATION_ITEM() 
RATIONAL_B_SPLINE_CURVE((1.669078461068,1.03672962321,1.038346699848,
    0.853534330196,1.038346699848,1.03672962321,1.669078461068)) 
REPRESENTATION_ITEM('') );
#14565 = CARTESIAN_POINT('',(-78.6,153.,-27.));
#14566 = CARTESIAN_POINT('',(-78.6,147.68631549097,-26.81402970008));
#14567 = CARTESIAN_POINT('',(-85.17455420975,146.92336082964,
    -26.78732753006));
#14568 = CARTESIAN_POINT('',(-90.59717414722,153.,-27.));
#14569 = CARTESIAN_POINT('',(-85.17455420975,159.07663917035,
    -27.21267246993));
#14570 = CARTESIAN_POINT('',(-78.6,158.31368450902,-27.18597029991));
#14571 = CARTESIAN_POINT('',(-78.6,153.,-27.));
#14572 = ORIENTED_EDGE('',*,*,#14532,.F.);
#14573 = ORIENTED_EDGE('',*,*,#14306,.T.);
#14574 = ( BOUNDED_SURFACE() B_SPLINE_SURFACE(6,7,(
    (#14575,#14576,#14577,#14578,#14579,#14580,#14581,#14582,#14583
      ,#14584,#14585,#14586,#14587,#14588,#14589,#14590,#14591,#14592
      ,#14593,#14594,#14595,#14596,#14597,#14598,#14599,#14600)
    ,(#14601,#14602,#14603,#14604,#14605,#14606,#14607,#14608,#14609
      ,#14610,#14611,#14612,#14613,#14614,#14615,#14616,#14617,#14618
      ,#14619,#14620,#14621,#14622,#14623,#14624,#14625,#14626)
    ,(#14627,#14628,#14629,#14630,#14631,#14632,#14633,#14634,#14635
      ,#14636,#14637,#14638,#14639,#14640,#14641,#14642,#14643,#14644
      ,#14645,#14646,#14647,#14648,#14649,#14650,#14651,#14652)
    ,(#14653,#14654,#14655,#14656,#14657,#14658,#14659,#14660,#14661
      ,#14662,#14663,#14664,#14665,#14666,#14667,#14668,#14669,#14670
      ,#14671,#14672,#14673,#14674,#14675,#14676,#14677,#14678)
    ,(#14679,#14680,#14681,#14682,#14683,#14684,#14685,#14686,#14687
      ,#14688,#14689,#14690,#14691,#14692,#14693,#14694,#14695,#14696
      ,#14697,#14698,#14699,#14700,#14701,#14702,#14703,#14704)
    ,(#14705,#14706,#14707,#14708,#14709,#14710,#14711,#14712,#14713
      ,#14714,#14715,#14716,#14717,#14718,#14719,#14720,#14721,#14722
      ,#14723,#14724,#14725,#14726,#14727,#14728,#14729,#14730)
    ,(#14731,#14732,#14733,#14734,#14735,#14736,#14737,#14738,#14739
      ,#14740,#14741,#14742,#14743,#14744,#14745,#14746,#14747,#14748
      ,#14749,#14750,#14751,#14752,#14753,#14754,#14755,#14756
)),.UNSPECIFIED.,.T.,.F.,.F.) B_SPLINE_SURFACE_WITH_KNOTS((1,6,6,1),(8,6
    ,6,6,8),(-6.28318530718,0.,6.28318530718,12.566370614359),(0.,
    14.035668847618,27.964057124802,41.417681171876,54.06679181255),
.UNSPECIFIED.) GEOMETRIC_REPRESENTATION_ITEM() RATIONAL_B_SPLINE_SURFACE
((
    (1.669078461068,1.669078461068,1.669078461068,1.669078461068
      ,1.669078461068,1.669078461068,1.669078461068,1.669078461068
      ,1.669078461068,1.669078461068,1.669078461068,1.669078461068
      ,1.669078461068,1.669078461068,1.669078461068,1.669078461068
      ,1.669078461068,1.669078461068,1.669078461068,1.669078461068
      ,1.669078461068,1.669078461068,1.669078461068,1.669078461068
      ,1.669078461068,1.669078461068)
    ,(1.03672962321,1.03672962321,1.03672962321,1.03672962321
      ,1.03672962321,1.03672962321,1.03672962321,1.03672962321
      ,1.03672962321,1.03672962321,1.03672962321,1.03672962321
      ,1.03672962321,1.03672962321,1.03672962321,1.03672962321
      ,1.03672962321,1.03672962321,1.03672962321,1.03672962321
      ,1.03672962321,1.03672962321,1.03672962321,1.03672962321
      ,1.03672962321,1.03672962321)
    ,(1.038346699848,1.038346699848,1.038346699848,1.038346699847
      ,1.038346699848,1.038346699848,1.038346699848,1.038346699848
      ,1.038346699847,1.038346699848,1.038346699847,1.038346699848
      ,1.038346699848,1.038346699848,1.038346699847,1.038346699848
      ,1.038346699847,1.038346699848,1.038346699848,1.038346699848
      ,1.038346699847,1.038346699848,1.038346699847,1.038346699848
      ,1.038346699847,1.038346699848)
    ,(0.853534330196,0.853534330196,0.853534330196,0.853534330196
      ,0.853534330196,0.853534330196,0.853534330196,0.853534330196
      ,0.853534330196,0.853534330196,0.853534330196,0.853534330196
      ,0.853534330196,0.853534330196,0.853534330196,0.853534330196
      ,0.853534330196,0.853534330196,0.853534330196,0.853534330196
      ,0.853534330196,0.853534330196,0.853534330196,0.853534330196
      ,0.853534330196,0.853534330196)
    ,(1.038346699848,1.038346699848,1.038346699848,1.038346699848
      ,1.038346699848,1.038346699848,1.038346699848,1.038346699848
      ,1.038346699847,1.038346699848,1.038346699847,1.038346699848
      ,1.038346699848,1.038346699848,1.038346699847,1.038346699848
      ,1.038346699847,1.038346699848,1.038346699848,1.038346699848
      ,1.038346699847,1.038346699848,1.038346699847,1.038346699848
      ,1.038346699847,1.038346699848)
    ,(1.03672962321,1.03672962321,1.03672962321,1.03672962321
      ,1.03672962321,1.03672962321,1.03672962321,1.03672962321
      ,1.03672962321,1.03672962321,1.03672962321,1.03672962321
      ,1.03672962321,1.03672962321,1.03672962321,1.03672962321
      ,1.03672962321,1.03672962321,1.03672962321,1.03672962321
      ,1.03672962321,1.03672962321,1.03672962321,1.03672962321
      ,1.03672962321,1.03672962321)
    ,(1.669078461068,1.669078461068,1.669078461068,1.669078461068
      ,1.669078461068,1.669078461068,1.669078461068,1.669078461068
      ,1.669078461068,1.669078461068,1.669078461068,1.669078461068
      ,1.669078461068,1.669078461068,1.669078461068,1.669078461068
      ,1.669078461068,1.669078461068,1.669078461068,1.669078461068
      ,1.669078461068,1.669078461068,1.669078461068,1.669078461068
,1.669078461068,1.669078461068))) REPRESENTATION_ITEM('') SURFACE() );
#14575 = CARTESIAN_POINT('',(-78.6,112.,0.));
#14576 = CARTESIAN_POINT('',(-78.6,113.97620428345,0.127116243434));
#14577 = CARTESIAN_POINT('',(-78.6,115.97705135603,0.166891504796));
#14578 = CARTESIAN_POINT('',(-78.6,117.99251468756,0.117735696071));
#14579 = CARTESIAN_POINT('',(-78.6,120.01256774789,-2.194127075534E-02)
  );
#14580 = CARTESIAN_POINT('',(-78.6,122.02718400685,-0.253729483699));
#14581 = CARTESIAN_POINT('',(-78.6,124.02633693427,-0.579219030776));
#14582 = CARTESIAN_POINT('',(-78.6,127.95857752175,-1.417564761796));
#14583 = CARTESIAN_POINT('',(-78.6,129.89205335229,-1.928969807331));
#14584 = CARTESIAN_POINT('',(-78.6,131.79520157343,-2.537255156861));
#14585 = CARTESIAN_POINT('',(-78.6,133.66279626695,-3.245460830638));
#14586 = CARTESIAN_POINT('',(-78.6,135.48961151469,-4.056626848917));
#14587 = CARTESIAN_POINT('',(-78.6,137.27042139843,-4.973793231953));
#14588 = CARTESIAN_POINT('',(-78.6,140.67062403791,-6.991227396675));
#14589 = CARTESIAN_POINT('',(-78.6,142.29344981771,-8.084188348437));
#14590 = CARTESIAN_POINT('',(-78.6,143.84874577239,-9.276740100042));
#14591 = CARTESIAN_POINT('',(-78.6,145.31678033495,-10.56673989624));
#14592 = CARTESIAN_POINT('',(-78.6,146.67782193841,-11.9520449818));
#14593 = CARTESIAN_POINT('',(-78.6,147.91213901576,-13.43051260146));
#14594 = CARTESIAN_POINT('',(-78.6,150.02280797376,-16.47563360502));
#14595 = CARTESIAN_POINT('',(-78.6,150.91615199781,-18.03172668306));
#14596 = CARTESIAN_POINT('',(-78.6,151.66743456152,-19.66773397218));
#14597 = CARTESIAN_POINT('',(-78.6,152.26405815423,-21.38311021039));
#14598 = CARTESIAN_POINT('',(-78.6,152.69342526531,-23.17731013574));
#14599 = CARTESIAN_POINT('',(-78.6,152.94293838411,-25.04978848627));
#14600 = CARTESIAN_POINT('',(-78.6,153.,-27.));
#14601 = CARTESIAN_POINT('',(-78.6,112.,-5.316937841827));
#14602 = CARTESIAN_POINT('',(-78.6,113.77197454996,-5.189821598394));
#14603 = CARTESIAN_POINT('',(-78.6,115.57069901175,-5.140894186647));
#14604 = CARTESIAN_POINT('',(-78.6,117.38444018228,-5.172070682783));
#14605 = CARTESIAN_POINT('',(-78.6,119.20156415613,-5.284748200169));
#14606 = CARTESIAN_POINT('',(-78.6,121.01060594444,-5.479815079239));
#14607 = CARTESIAN_POINT('',(-78.6,122.80033909384,-5.757660077383));
#14608 = CARTESIAN_POINT('',(-78.6,126.30590286454,-6.475947421704));
#14609 = CARTESIAN_POINT('',(-78.6,128.02128094558,-6.91487387756));
#14610 = CARTESIAN_POINT('',(-78.6,129.70141818643,-7.436622843905));
#14611 = CARTESIAN_POINT('',(-78.6,131.34236673664,-8.04279040204));
#14612 = CARTESIAN_POINT('',(-78.6,132.94075391187,-8.735205805297));
#14613 = CARTESIAN_POINT('',(-78.6,134.49374384854,-9.516230487243));
#14614 = CARTESIAN_POINT('',(-78.6,137.45294620752,-11.23213241124));
#14615 = CARTESIAN_POINT('',(-78.6,138.85676304205,-12.15703289859));
#14616 = CARTESIAN_POINT('',(-78.6,140.1890986735,-13.15705919178));
#14617 = CARTESIAN_POINT('',(-78.6,141.42973786665,-14.22474985736));
#14618 = CARTESIAN_POINT('',(-78.6,142.56094693254,-15.35058475585));
#14619 = CARTESIAN_POINT('',(-78.6,143.56883432604,-16.52477443446));
#14620 = CARTESIAN_POINT('',(-78.6,145.26824031179,-18.88669962661));
#14621 = CARTESIAN_POINT('',(-78.6,145.97771403118,-20.07381309046));
#14622 = CARTESIAN_POINT('',(-78.6,146.56940743781,-21.3031824563));
#14623 = CARTESIAN_POINT('',(-78.6,147.04145686264,-22.5781250385));
#14624 = CARTESIAN_POINT('',(-78.6,147.39294741231,-23.91079092871));
#14625 = CARTESIAN_POINT('',(-78.6,147.61335130959,-25.31819835332));
#14626 = CARTESIAN_POINT('',(-78.6,147.68631549097,-26.81402970008));
#14627 = CARTESIAN_POINT('',(-85.17455420975,112.,-6.080359626386));
#14628 = CARTESIAN_POINT('',(-85.17455420975,113.74265063604,
    -5.953243382952));
#14629 = CARTESIAN_POINT('',(-85.17455420975,115.51235373087,
    -5.903001878172));
#14630 = CARTESIAN_POINT('',(-85.17455420975,117.29713103221,
    -5.931596851012));
#14631 = CARTESIAN_POINT('',(-85.17455420975,119.08511784291,
    -6.040397706965));
#14632 = CARTESIAN_POINT('',(-85.17455420975,120.86464263593,
    -6.230192027455));
#14633 = CARTESIAN_POINT('',(-85.17455420975,122.62430666934,
    -6.50119607924));
#14634 = CARTESIAN_POINT('',(-85.17455420975,126.06860691081,
    -7.202245082517));
#14635 = CARTESIAN_POINT('',(-85.17455420975,127.75266986685,
    -7.630764846416));
#14636 = CARTESIAN_POINT('',(-85.17455420975,129.40078652638,
    -8.140088660907));
#14637 = CARTESIAN_POINT('',(-85.17455420975,131.00919254772,
    -8.731605282234));
#14638 = CARTESIAN_POINT('',(-85.17455420975,132.57478133938,
    -9.406970118203));
#14639 = CARTESIAN_POINT('',(-85.17455420975,134.09506020895,
    -10.16844716888));
#14640 = CARTESIAN_POINT('',(-85.17455420975,136.99094243307,
    -11.84105419492));
#14641 = CARTESIAN_POINT('',(-85.17455420975,138.3633133104,
    -12.74182405982));
#14642 = CARTESIAN_POINT('',(-85.17455420975,139.66363563402,
    -13.7142069738));
#14643 = CARTESIAN_POINT('',(-85.17455420975,140.87162472218,
    -14.74997783171));
#14644 = CARTESIAN_POINT('',(-85.17455420975,141.96983374723,
    -15.8385572273));
#14645 = CARTESIAN_POINT('',(-85.17455420975,142.94520969176,
    -16.9690577721));
#14646 = CARTESIAN_POINT('',(-85.17455420975,144.58556531402,
    -19.23288767313));
#14647 = CARTESIAN_POINT('',(-85.17455420975,145.26863838697,
    -20.36702194408));
#14648 = CARTESIAN_POINT('',(-85.17455420975,145.8374175067,
    -21.53800502475));
#14649 = CARTESIAN_POINT('',(-85.17455420975,146.29158020117,
    -22.74970882973));
#14650 = CARTESIAN_POINT('',(-85.17455420975,146.63188900201,
    -24.0161062874));
#14651 = CARTESIAN_POINT('',(-85.17455420975,146.8481133105,
    -25.35673744213));
#14652 = CARTESIAN_POINT('',(-85.17455420975,146.92336082964,
    -26.78732753006));
#14653 = CARTESIAN_POINT('',(-90.59717414722,112.,-1.06581410364E-14));
#14654 = CARTESIAN_POINT('',(-90.59717414722,113.97620428345,
    0.127116243434));
#14655 = CARTESIAN_POINT('',(-90.59717414722,115.97705135603,
    0.166891504796));
#14656 = CARTESIAN_POINT('',(-90.59717414722,117.99251468756,
    0.117735696071));
#14657 = CARTESIAN_POINT('',(-90.59717414722,120.01256774789,
    -2.194127075536E-02));
#14658 = CARTESIAN_POINT('',(-90.59717414722,122.02718400685,
    -0.253729483699));
#14659 = CARTESIAN_POINT('',(-90.59717414722,124.02633693427,
    -0.579219030776));
#14660 = CARTESIAN_POINT('',(-90.59717414722,127.95857752175,
    -1.417564761796));
#14661 = CARTESIAN_POINT('',(-90.59717414722,129.89205335229,
    -1.928969807331));
#14662 = CARTESIAN_POINT('',(-90.59717414722,131.79520157343,
    -2.537255156861));
#14663 = CARTESIAN_POINT('',(-90.59717414722,133.66279626695,
    -3.245460830638));
#14664 = CARTESIAN_POINT('',(-90.59717414722,135.48961151469,
    -4.056626848917));
#14665 = CARTESIAN_POINT('',(-90.59717414722,137.27042139843,
    -4.973793231953));
#14666 = CARTESIAN_POINT('',(-90.59717414722,140.67062403791,
    -6.991227396675));
#14667 = CARTESIAN_POINT('',(-90.59717414722,142.29344981771,
    -8.084188348437));
#14668 = CARTESIAN_POINT('',(-90.59717414722,143.84874577239,
    -9.276740100042));
#14669 = CARTESIAN_POINT('',(-90.59717414722,145.31678033495,
    -10.56673989624));
#14670 = CARTESIAN_POINT('',(-90.59717414722,146.67782193841,
    -11.9520449818));
#14671 = CARTESIAN_POINT('',(-90.59717414722,147.91213901576,
    -13.43051260146));
#14672 = CARTESIAN_POINT('',(-90.59717414722,150.02280797376,
    -16.47563360502));
#14673 = CARTESIAN_POINT('',(-90.59717414722,150.91615199781,
    -18.03172668306));
#14674 = CARTESIAN_POINT('',(-90.59717414722,151.66743456151,
    -19.66773397218));
#14675 = CARTESIAN_POINT('',(-90.59717414722,152.26405815423,
    -21.38311021039));
#14676 = CARTESIAN_POINT('',(-90.59717414722,152.69342526531,
    -23.17731013574));
#14677 = CARTESIAN_POINT('',(-90.59717414722,152.94293838411,
    -25.04978848627));
#14678 = CARTESIAN_POINT('',(-90.59717414722,153.,-27.));
#14679 = CARTESIAN_POINT('',(-85.17455420975,112.,6.080359626386));
#14680 = CARTESIAN_POINT('',(-85.17455420975,114.20975793086,
    6.20747586982));
#14681 = CARTESIAN_POINT('',(-85.17455420975,116.44174898118,
    6.236784887764));
#14682 = CARTESIAN_POINT('',(-85.17455420975,118.68789834291,
    6.167068243154));
#14683 = CARTESIAN_POINT('',(-85.17455420975,120.94001765286,
    5.996515165454));
#14684 = CARTESIAN_POINT('',(-85.17455420975,123.18972537776,
    5.722733060056));
#14685 = CARTESIAN_POINT('',(-85.17455420975,125.4283671992,
    5.342758017688));
#14686 = CARTESIAN_POINT('',(-85.17455420975,129.8485481327,
    4.367115558925));
#14687 = CARTESIAN_POINT('',(-85.17455420975,132.03143683774,
    3.772825231753));
#14688 = CARTESIAN_POINT('',(-85.17455420975,134.18961662047,
    3.065578347186));
#14689 = CARTESIAN_POINT('',(-85.17455420975,136.31639998619,
    2.240683620959));
#14690 = CARTESIAN_POINT('',(-85.17455420975,138.40444169,1.293716420369
    ));
#14691 = CARTESIAN_POINT('',(-85.17455420975,140.44578258792,
    0.220860704976));
#14692 = CARTESIAN_POINT('',(-85.17455420975,144.35030564275,
    -2.14140059842));
#14693 = CARTESIAN_POINT('',(-85.17455420975,146.22358632501,
    -3.426552637051));
#14694 = CARTESIAN_POINT('',(-85.17455420975,148.03385591076,
    -4.839273226281));
#14695 = CARTESIAN_POINT('',(-85.17455420975,149.76193594772,
    -6.383501960771));
#14696 = CARTESIAN_POINT('',(-85.17455420975,151.38581012959,
    -8.065532736303));
#14697 = CARTESIAN_POINT('',(-85.17455420975,152.87906833975,
    -9.891967430829));
#14698 = CARTESIAN_POINT('',(-85.17455420975,155.46005063349,
    -13.7183795369));
#14699 = CARTESIAN_POINT('',(-85.17455420975,156.56366560866,
    -15.69643142205));
#14700 = CARTESIAN_POINT('',(-85.17455420975,157.49745161633,
    -17.79746291961));
#14701 = CARTESIAN_POINT('',(-85.17455420975,158.23653610728,
    -20.01651159106));
#14702 = CARTESIAN_POINT('',(-85.17455420975,158.7549615286,
    -22.33851398409));
#14703 = CARTESIAN_POINT('',(-85.17455420975,159.03776345772,
    -24.7428395304));
#14704 = CARTESIAN_POINT('',(-85.17455420975,159.07663917035,
    -27.21267246993));
#14705 = CARTESIAN_POINT('',(-78.6,112.,5.316937841827));
#14706 = CARTESIAN_POINT('',(-78.6,114.18043401694,5.444054085261));
#14707 = CARTESIAN_POINT('',(-78.6,116.3834037003,5.474677196239));
#14708 = CARTESIAN_POINT('',(-78.6,118.60058919284,5.407542074926));
#14709 = CARTESIAN_POINT('',(-78.6,120.82357133964,5.240865658659));
#14710 = CARTESIAN_POINT('',(-78.6,123.04376206925,4.972356111841));
#14711 = CARTESIAN_POINT('',(-78.6,125.2523347747,4.599222015832));
#14712 = CARTESIAN_POINT('',(-78.6,129.61125217897,3.640817898112));
#14713 = CARTESIAN_POINT('',(-78.6,131.76282575901,3.056934262898));
#14714 = CARTESIAN_POINT('',(-78.6,133.88898496042,2.362112530184));
#14715 = CARTESIAN_POINT('',(-78.6,135.98322579727,1.551868740765));
#14716 = CARTESIAN_POINT('',(-78.6,138.03846911751,0.621952107463));
#14717 = CARTESIAN_POINT('',(-78.6,140.04709894832,-0.431355976663));
#14718 = CARTESIAN_POINT('',(-78.6,143.8883018683,-2.750322382101));
#14719 = CARTESIAN_POINT('',(-78.6,145.73013659336,-4.011343798281));
#14720 = CARTESIAN_POINT('',(-78.6,147.50839287128,-5.396421008295));
#14721 = CARTESIAN_POINT('',(-78.6,149.20382280326,-6.908729935129));
#14722 = CARTESIAN_POINT('',(-78.6,150.79469694428,-8.553505207749));
#14723 = CARTESIAN_POINT('',(-78.6,152.25544370547,-10.33625076847));
#14724 = CARTESIAN_POINT('',(-78.6,154.77737563572,-14.06456758342));
#14725 = CARTESIAN_POINT('',(-78.6,155.85458996445,-15.98964027567));
#14726 = CARTESIAN_POINT('',(-78.6,156.76546168522,-18.03228548806));
#14727 = CARTESIAN_POINT('',(-78.6,157.48665944581,-20.18809538229));
#14728 = CARTESIAN_POINT('',(-78.6,157.99390311831,-22.44382934277));
#14729 = CARTESIAN_POINT('',(-78.6,158.27252545863,-24.78137861921));
#14730 = CARTESIAN_POINT('',(-78.6,158.31368450902,-27.18597029991));
#14731 = CARTESIAN_POINT('',(-78.6,112.,0.));
#14732 = CARTESIAN_POINT('',(-78.6,113.97620428345,0.127116243434));
#14733 = CARTESIAN_POINT('',(-78.6,115.97705135603,0.166891504796));
#14734 = CARTESIAN_POINT('',(-78.6,117.99251468756,0.117735696071));
#14735 = CARTESIAN_POINT('',(-78.6,120.01256774789,-2.194127075534E-02)
  );
#14736 = CARTESIAN_POINT('',(-78.6,122.02718400685,-0.253729483699));
#14737 = CARTESIAN_POINT('',(-78.6,124.02633693427,-0.579219030776));
#14738 = CARTESIAN_POINT('',(-78.6,127.95857752175,-1.417564761796));
#14739 = CARTESIAN_POINT('',(-78.6,129.89205335229,-1.928969807331));
#14740 = CARTESIAN_POINT('',(-78.6,131.79520157343,-2.537255156861));
#14741 = CARTESIAN_POINT('',(-78.6,133.66279626695,-3.245460830638));
#14742 = CARTESIAN_POINT('',(-78.6,135.48961151469,-4.056626848917));
#14743 = CARTESIAN_POINT('',(-78.6,137.27042139843,-4.973793231953));
#14744 = CARTESIAN_POINT('',(-78.6,140.67062403791,-6.991227396675));
#14745 = CARTESIAN_POINT('',(-78.6,142.29344981771,-8.084188348437));
#14746 = CARTESIAN_POINT('',(-78.6,143.84874577239,-9.276740100042));
#14747 = CARTESIAN_POINT('',(-78.6,145.31678033495,-10.56673989624));
#14748 = CARTESIAN_POINT('',(-78.6,146.67782193841,-11.9520449818));
#14749 = CARTESIAN_POINT('',(-78.6,147.91213901576,-13.43051260146));
#14750 = CARTESIAN_POINT('',(-78.6,150.02280797376,-16.47563360502));
#14751 = CARTESIAN_POINT('',(-78.6,150.91615199781,-18.03172668306));
#14752 = CARTESIAN_POINT('',(-78.6,151.66743456152,-19.66773397218));
#14753 = CARTESIAN_POINT('',(-78.6,152.26405815423,-21.38311021039));
#14754 = CARTESIAN_POINT('',(-78.6,152.69342526531,-23.17731013574));
#14755 = CARTESIAN_POINT('',(-78.6,152.94293838411,-25.04978848627));
#14756 = CARTESIAN_POINT('',(-78.6,153.,-27.));
#14757 = ADVANCED_FACE('',(#14758),#14781,.T.);
#14758 = FACE_BOUND('',#14759,.T.);
#14759 = EDGE_LOOP('',(#14760,#14766,#14773,#14774));
#14760 = ORIENTED_EDGE('',*,*,#14761,.F.);
#14761 = EDGE_CURVE('',#14411,#14493,#14762,.T.);
#14762 = LINE('',#14763,#14764);
#14763 = CARTESIAN_POINT('',(-78.6,110.,-3.5));
#14764 = VECTOR('',#14765,1.);
#14765 = DIRECTION('',(0.,0.,1.));
#14766 = ORIENTED_EDGE('',*,*,#14767,.T.);
#14767 = EDGE_CURVE('',#14411,#14322,#14768,.T.);
#14768 = CIRCLE('',#14769,2.);
#14769 = AXIS2_PLACEMENT_3D('',#14770,#14771,#14772);
#14770 = CARTESIAN_POINT('',(-80.6,110.,-1.5));
#14771 = DIRECTION('',(0.,0.,1.));
#14772 = DIRECTION('',(1.,0.,0.));
#14773 = ORIENTED_EDGE('',*,*,#14329,.T.);
#14774 = ORIENTED_EDGE('',*,*,#14775,.T.);
#14775 = EDGE_CURVE('',#14330,#14493,#14776,.T.);
#14776 = CIRCLE('',#14777,2.);
#14777 = AXIS2_PLACEMENT_3D('',#14778,#14779,#14780);
#14778 = CARTESIAN_POINT('',(-80.6,110.,1.5));
#14779 = DIRECTION('',(2.22044604925E-16,0.,-1.));
#14780 = DIRECTION('',(1.,0.,2.22044604925E-16));
#14781 = CYLINDRICAL_SURFACE('',#14782,2.);
#14782 = AXIS2_PLACEMENT_3D('',#14783,#14784,#14785);
#14783 = CARTESIAN_POINT('',(-80.6,110.,-3.5));
#14784 = DIRECTION('',(0.,0.,1.));
#14785 = DIRECTION('',(1.,0.,0.));
#14786 = ADVANCED_FACE('',(#14787),#14793,.T.);
#14787 = FACE_BOUND('',#14788,.T.);
#14788 = EDGE_LOOP('',(#14789,#14790,#14791,#14792));
#14789 = ORIENTED_EDGE('',*,*,#14375,.F.);
#14790 = ORIENTED_EDGE('',*,*,#14457,.T.);
#14791 = ORIENTED_EDGE('',*,*,#14441,.T.);
#14792 = ORIENTED_EDGE('',*,*,#14515,.T.);
#14793 = CYLINDRICAL_SURFACE('',#14794,2.);
#14794 = AXIS2_PLACEMENT_3D('',#14795,#14796,#14797);
#14795 = CARTESIAN_POINT('',(-72.,22.,-3.5));
#14796 = DIRECTION('',(0.,0.,1.));
#14797 = DIRECTION('',(1.,0.,0.));
#14798 = ADVANCED_FACE('',(#14799),#14804,.T.);
#14799 = FACE_BOUND('',#14800,.T.);
#14800 = EDGE_LOOP('',(#14801,#14802,#14803));
#14801 = ORIENTED_EDGE('',*,*,#14410,.F.);
#14802 = ORIENTED_EDGE('',*,*,#14392,.T.);
#14803 = ORIENTED_EDGE('',*,*,#14767,.F.);
#14804 = SPHERICAL_SURFACE('',#14805,2.);
#14805 = AXIS2_PLACEMENT_3D('',#14806,#14807,#14808);
#14806 = CARTESIAN_POINT('',(-80.6,110.,-1.5));
#14807 = DIRECTION('',(0.,0.,1.));
#14808 = DIRECTION('',(1.,0.,0.));
#14809 = ADVANCED_FACE('',(#14810),#14816,.T.);
#14810 = FACE_BOUND('',#14811,.T.);
#14811 = EDGE_LOOP('',(#14812,#14813,#14814,#14815));
#14812 = ORIENTED_EDGE('',*,*,#14434,.T.);
#14813 = ORIENTED_EDGE('',*,*,#14419,.T.);
#14814 = ORIENTED_EDGE('',*,*,#14761,.T.);
#14815 = ORIENTED_EDGE('',*,*,#14501,.F.);
#14816 = PLANE('',#14817);
#14817 = AXIS2_PLACEMENT_3D('',#14818,#14819,#14820);
#14818 = CARTESIAN_POINT('',(-78.6,20.,-3.5));
#14819 = DIRECTION('',(1.,0.,0.));
#14820 = DIRECTION('',(0.,0.,1.));
#14821 = ADVANCED_FACE('',(#14822),#14827,.T.);
#14822 = FACE_BOUND('',#14823,.T.);
#14823 = EDGE_LOOP('',(#14824,#14825,#14826));
#14824 = ORIENTED_EDGE('',*,*,#14775,.F.);
#14825 = ORIENTED_EDGE('',*,*,#14474,.T.);
#14826 = ORIENTED_EDGE('',*,*,#14492,.F.);
#14827 = SPHERICAL_SURFACE('',#14828,2.);
#14828 = AXIS2_PLACEMENT_3D('',#14829,#14830,#14831);
#14829 = CARTESIAN_POINT('',(-80.6,110.,1.5));
#14830 = DIRECTION('',(0.,-1.,0.));
#14831 = DIRECTION('',(1.,0.,2.22044604925E-16));
#14832 = ADVANCED_FACE('',(#14833),#14836,.T.);
#14833 = FACE_BOUND('',#14834,.T.);
#14834 = EDGE_LOOP('',(#14835));
#14835 = ORIENTED_EDGE('',*,*,#14563,.T.);
#14836 = PLANE('',#14837);
#14837 = AXIS2_PLACEMENT_3D('',#14838,#14839,#14840);
#14838 = CARTESIAN_POINT('',(-81.79949304564,153.,-27.));
#14839 = DIRECTION('',(-5.076462865315E-15,-3.497695580642E-02,
    -0.999388119082));
#14840 = DIRECTION('',(-2.465190328816E-32,-0.999388119082,
    3.497695580642E-02));
#14841 = MANIFOLD_SOLID_BREP('',#14842);
#14842 = CLOSED_SHELL('',(#14843,#14883,#14916,#14949,#14982,#15015,
    #15032,#15049,#15080,#15119,#15136,#15175,#15192,#15223,#15241,
    #15259,#15292,#15310,#15349,#15403,#15421,#15460,#15514,#15545,
    #15556,#15567,#15584,#15602,#15619,#15652,#15685,#15703,#15721,
    #15738,#15771,#15804,#15822,#15851,#15868,#15879,#15910,#15927,
    #15944,#15955,#15972,#16201,#16213));
#14843 = ADVANCED_FACE('',(#14844),#14878,.F.);
#14844 = FACE_BOUND('',#14845,.F.);
#14845 = EDGE_LOOP('',(#14846,#14856,#14864,#14872));
#14846 = ORIENTED_EDGE('',*,*,#14847,.F.);
#14847 = EDGE_CURVE('',#14848,#14850,#14852,.T.);
#14848 = VERTEX_POINT('',#14849);
#14849 = CARTESIAN_POINT('',(70.,4.,-1.5));
#14850 = VERTEX_POINT('',#14851);
#14851 = CARTESIAN_POINT('',(70.,4.,1.5));
#14852 = LINE('',#14853,#14854);
#14853 = CARTESIAN_POINT('',(70.,4.,-3.5));
#14854 = VECTOR('',#14855,1.);
#14855 = DIRECTION('',(0.,0.,1.));
#14856 = ORIENTED_EDGE('',*,*,#14857,.T.);
#14857 = EDGE_CURVE('',#14848,#14858,#14860,.T.);
#14858 = VERTEX_POINT('',#14859);
#14859 = CARTESIAN_POINT('',(70.,22.,-1.5));
#14860 = LINE('',#14861,#14862);
#14861 = CARTESIAN_POINT('',(70.,2.,-1.5));
#14862 = VECTOR('',#14863,1.);
#14863 = DIRECTION('',(0.,1.,0.));
#14864 = ORIENTED_EDGE('',*,*,#14865,.T.);
#14865 = EDGE_CURVE('',#14858,#14866,#14868,.T.);
#14866 = VERTEX_POINT('',#14867);
#14867 = CARTESIAN_POINT('',(70.,22.,1.5));
#14868 = LINE('',#14869,#14870);
#14869 = CARTESIAN_POINT('',(70.,22.,-3.5));
#14870 = VECTOR('',#14871,1.);
#14871 = DIRECTION('',(0.,0.,1.));
#14872 = ORIENTED_EDGE('',*,*,#14873,.F.);
#14873 = EDGE_CURVE('',#14850,#14866,#14874,.T.);
#14874 = LINE('',#14875,#14876);
#14875 = CARTESIAN_POINT('',(70.,2.,1.5));
#14876 = VECTOR('',#14877,1.);
#14877 = DIRECTION('',(0.,1.,0.));
#14878 = PLANE('',#14879);
#14879 = AXIS2_PLACEMENT_3D('',#14880,#14881,#14882);
#14880 = CARTESIAN_POINT('',(70.,2.,-3.5));
#14881 = DIRECTION('',(1.,0.,0.));
#14882 = DIRECTION('',(0.,0.,1.));
#14883 = ADVANCED_FACE('',(#14884),#14911,.T.);
#14884 = FACE_BOUND('',#14885,.T.);
#14885 = EDGE_LOOP('',(#14886,#14887,#14896,#14904));
#14886 = ORIENTED_EDGE('',*,*,#14847,.F.);
#14887 = ORIENTED_EDGE('',*,*,#14888,.T.);
#14888 = EDGE_CURVE('',#14848,#14889,#14891,.T.);
#14889 = VERTEX_POINT('',#14890);
#14890 = CARTESIAN_POINT('',(72.,2.,-1.5));
#14891 = CIRCLE('',#14892,2.);
#14892 = AXIS2_PLACEMENT_3D('',#14893,#14894,#14895);
#14893 = CARTESIAN_POINT('',(72.,4.,-1.5));
#14894 = DIRECTION('',(0.,0.,1.));
#14895 = DIRECTION('',(-1.,0.,0.));
#14896 = ORIENTED_EDGE('',*,*,#14897,.T.);
#14897 = EDGE_CURVE('',#14889,#14898,#14900,.T.);
#14898 = VERTEX_POINT('',#14899);
#14899 = CARTESIAN_POINT('',(72.,2.,1.5));
#14900 = LINE('',#14901,#14902);
#14901 = CARTESIAN_POINT('',(72.,2.,-3.5));
#14902 = VECTOR('',#14903,1.);
#14903 = DIRECTION('',(0.,0.,1.));
#14904 = ORIENTED_EDGE('',*,*,#14905,.F.);
#14905 = EDGE_CURVE('',#14850,#14898,#14906,.T.);
#14906 = CIRCLE('',#14907,2.);
#14907 = AXIS2_PLACEMENT_3D('',#14908,#14909,#14910);
#14908 = CARTESIAN_POINT('',(72.,4.,1.5));
#14909 = DIRECTION('',(0.,0.,1.));
#14910 = DIRECTION('',(-1.,0.,0.));
#14911 = CYLINDRICAL_SURFACE('',#14912,2.);
#14912 = AXIS2_PLACEMENT_3D('',#14913,#14914,#14915);
#14913 = CARTESIAN_POINT('',(72.,4.,-3.5));
#14914 = DIRECTION('',(0.,0.,1.));
#14915 = DIRECTION('',(-1.,0.,0.));
#14916 = ADVANCED_FACE('',(#14917),#14944,.T.);
#14917 = FACE_BOUND('',#14918,.F.);
#14918 = EDGE_LOOP('',(#14919,#14928,#14936,#14943));
#14919 = ORIENTED_EDGE('',*,*,#14920,.F.);
#14920 = EDGE_CURVE('',#14921,#14848,#14923,.T.);
#14921 = VERTEX_POINT('',#14922);
#14922 = CARTESIAN_POINT('',(72.,4.,-3.5));
#14923 = CIRCLE('',#14924,2.);
#14924 = AXIS2_PLACEMENT_3D('',#14925,#14926,#14927);
#14925 = CARTESIAN_POINT('',(72.,4.,-1.5));
#14926 = DIRECTION('',(0.,1.,-0.));
#14927 = DIRECTION('',(-1.,0.,0.));
#14928 = ORIENTED_EDGE('',*,*,#14929,.T.);
#14929 = EDGE_CURVE('',#14921,#14930,#14932,.T.);
#14930 = VERTEX_POINT('',#14931);
#14931 = CARTESIAN_POINT('',(72.,22.,-3.5));
#14932 = LINE('',#14933,#14934);
#14933 = CARTESIAN_POINT('',(72.,2.,-3.5));
#14934 = VECTOR('',#14935,1.);
#14935 = DIRECTION('',(0.,1.,0.));
#14936 = ORIENTED_EDGE('',*,*,#14937,.T.);
#14937 = EDGE_CURVE('',#14930,#14858,#14938,.T.);
#14938 = CIRCLE('',#14939,2.);
#14939 = AXIS2_PLACEMENT_3D('',#14940,#14941,#14942);
#14940 = CARTESIAN_POINT('',(72.,22.,-1.5));
#14941 = DIRECTION('',(0.,1.,-0.));
#14942 = DIRECTION('',(-1.,0.,0.));
#14943 = ORIENTED_EDGE('',*,*,#14857,.F.);
#14944 = CYLINDRICAL_SURFACE('',#14945,2.);
#14945 = AXIS2_PLACEMENT_3D('',#14946,#14947,#14948);
#14946 = CARTESIAN_POINT('',(72.,2.,-1.5));
#14947 = DIRECTION('',(0.,1.,0.));
#14948 = DIRECTION('',(-1.,0.,0.));
#14949 = ADVANCED_FACE('',(#14950),#14977,.T.);
#14950 = FACE_BOUND('',#14951,.T.);
#14951 = EDGE_LOOP('',(#14952,#14961,#14969,#14976));
#14952 = ORIENTED_EDGE('',*,*,#14953,.F.);
#14953 = EDGE_CURVE('',#14954,#14850,#14956,.T.);
#14954 = VERTEX_POINT('',#14955);
#14955 = CARTESIAN_POINT('',(72.,4.,3.5));
#14956 = CIRCLE('',#14957,2.);
#14957 = AXIS2_PLACEMENT_3D('',#14958,#14959,#14960);
#14958 = CARTESIAN_POINT('',(72.,4.,1.5));
#14959 = DIRECTION('',(0.,-1.,0.));
#14960 = DIRECTION('',(-1.,0.,0.));
#14961 = ORIENTED_EDGE('',*,*,#14962,.T.);
#14962 = EDGE_CURVE('',#14954,#14963,#14965,.T.);
#14963 = VERTEX_POINT('',#14964);
#14964 = CARTESIAN_POINT('',(72.,22.,3.5));
#14965 = LINE('',#14966,#14967);
#14966 = CARTESIAN_POINT('',(72.,2.,3.5));
#14967 = VECTOR('',#14968,1.);
#14968 = DIRECTION('',(0.,1.,0.));
#14969 = ORIENTED_EDGE('',*,*,#14970,.F.);
#14970 = EDGE_CURVE('',#14866,#14963,#14971,.T.);
#14971 = CIRCLE('',#14972,2.);
#14972 = AXIS2_PLACEMENT_3D('',#14973,#14974,#14975);
#14973 = CARTESIAN_POINT('',(72.,22.,1.5));
#14974 = DIRECTION('',(0.,1.,-0.));
#14975 = DIRECTION('',(-1.,0.,2.22044604925E-16));
#14976 = ORIENTED_EDGE('',*,*,#14873,.F.);
#14977 = CYLINDRICAL_SURFACE('',#14978,2.);
#14978 = AXIS2_PLACEMENT_3D('',#14979,#14980,#14981);
#14979 = CARTESIAN_POINT('',(72.,2.,1.5));
#14980 = DIRECTION('',(0.,1.,0.));
#14981 = DIRECTION('',(-1.,0.,0.));
#14982 = ADVANCED_FACE('',(#14983),#15010,.T.);
#14983 = FACE_BOUND('',#14984,.F.);
#14984 = EDGE_LOOP('',(#14985,#14986,#14995,#15003));
#14985 = ORIENTED_EDGE('',*,*,#14865,.F.);
#14986 = ORIENTED_EDGE('',*,*,#14987,.T.);
#14987 = EDGE_CURVE('',#14858,#14988,#14990,.T.);
#14988 = VERTEX_POINT('',#14989);
#14989 = CARTESIAN_POINT('',(72.,24.,-1.5));
#14990 = CIRCLE('',#14991,2.);
#14991 = AXIS2_PLACEMENT_3D('',#14992,#14993,#14994);
#14992 = CARTESIAN_POINT('',(72.,22.,-1.5));
#14993 = DIRECTION('',(0.,0.,-1.));
#14994 = DIRECTION('',(-1.,0.,0.));
#14995 = ORIENTED_EDGE('',*,*,#14996,.T.);
#14996 = EDGE_CURVE('',#14988,#14997,#14999,.T.);
#14997 = VERTEX_POINT('',#14998);
#14998 = CARTESIAN_POINT('',(72.,24.,1.5));
#14999 = LINE('',#15000,#15001);
#15000 = CARTESIAN_POINT('',(72.,24.,-3.5));
#15001 = VECTOR('',#15002,1.);
#15002 = DIRECTION('',(0.,0.,1.));
#15003 = ORIENTED_EDGE('',*,*,#15004,.T.);
#15004 = EDGE_CURVE('',#14997,#14866,#15005,.T.);
#15005 = CIRCLE('',#15006,2.);
#15006 = AXIS2_PLACEMENT_3D('',#15007,#15008,#15009);
#15007 = CARTESIAN_POINT('',(72.,22.,1.5));
#15008 = DIRECTION('',(2.22044604925E-16,0.,1.));
#15009 = DIRECTION('',(-1.,0.,2.22044604925E-16));
#15010 = CYLINDRICAL_SURFACE('',#15011,2.);
#15011 = AXIS2_PLACEMENT_3D('',#15012,#15013,#15014);
#15012 = CARTESIAN_POINT('',(72.,22.,-3.5));
#15013 = DIRECTION('',(0.,0.,1.));
#15014 = DIRECTION('',(-1.,0.,0.));
#15015 = ADVANCED_FACE('',(#15016),#15027,.T.);
#15016 = FACE_BOUND('',#15017,.T.);
#15017 = EDGE_LOOP('',(#15018,#15019,#15026));
#15018 = ORIENTED_EDGE('',*,*,#14920,.F.);
#15019 = ORIENTED_EDGE('',*,*,#15020,.T.);
#15020 = EDGE_CURVE('',#14921,#14889,#15021,.T.);
#15021 = CIRCLE('',#15022,2.);
#15022 = AXIS2_PLACEMENT_3D('',#15023,#15024,#15025);
#15023 = CARTESIAN_POINT('',(72.,4.,-1.5));
#15024 = DIRECTION('',(-1.,6.123233995737E-17,0.));
#15025 = DIRECTION('',(-6.123233995737E-17,-1.,0.));
#15026 = ORIENTED_EDGE('',*,*,#14888,.F.);
#15027 = SPHERICAL_SURFACE('',#15028,2.);
#15028 = AXIS2_PLACEMENT_3D('',#15029,#15030,#15031);
#15029 = CARTESIAN_POINT('',(72.,4.,-1.5));
#15030 = DIRECTION('',(0.,0.,1.));
#15031 = DIRECTION('',(-1.,0.,0.));
#15032 = ADVANCED_FACE('',(#15033),#15044,.T.);
#15033 = FACE_BOUND('',#15034,.F.);
#15034 = EDGE_LOOP('',(#15035,#15036,#15043));
#15035 = ORIENTED_EDGE('',*,*,#14953,.F.);
#15036 = ORIENTED_EDGE('',*,*,#15037,.T.);
#15037 = EDGE_CURVE('',#14954,#14898,#15038,.T.);
#15038 = CIRCLE('',#15039,2.);
#15039 = AXIS2_PLACEMENT_3D('',#15040,#15041,#15042);
#15040 = CARTESIAN_POINT('',(72.,4.,1.5));
#15041 = DIRECTION('',(1.,-6.123233995737E-17,0.));
#15042 = DIRECTION('',(-6.123233995737E-17,-1.,0.));
#15043 = ORIENTED_EDGE('',*,*,#14905,.F.);
#15044 = SPHERICAL_SURFACE('',#15045,2.);
#15045 = AXIS2_PLACEMENT_3D('',#15046,#15047,#15048);
#15046 = CARTESIAN_POINT('',(72.,4.,1.5));
#15047 = DIRECTION('',(-0.,-0.,-1.));
#15048 = DIRECTION('',(-1.,0.,0.));
#15049 = ADVANCED_FACE('',(#15050),#15075,.F.);
#15050 = FACE_BOUND('',#15051,.F.);
#15051 = EDGE_LOOP('',(#15052,#15053,#15061,#15069));
#15052 = ORIENTED_EDGE('',*,*,#14897,.T.);
#15053 = ORIENTED_EDGE('',*,*,#15054,.T.);
#15054 = EDGE_CURVE('',#14898,#15055,#15057,.T.);
#15055 = VERTEX_POINT('',#15056);
#15056 = CARTESIAN_POINT('',(83.,2.,1.5));
#15057 = LINE('',#15058,#15059);
#15058 = CARTESIAN_POINT('',(70.,2.,1.5));
#15059 = VECTOR('',#15060,1.);
#15060 = DIRECTION('',(1.,0.,0.));
#15061 = ORIENTED_EDGE('',*,*,#15062,.F.);
#15062 = EDGE_CURVE('',#15063,#15055,#15065,.T.);
#15063 = VERTEX_POINT('',#15064);
#15064 = CARTESIAN_POINT('',(83.,2.,-1.5));
#15065 = LINE('',#15066,#15067);
#15066 = CARTESIAN_POINT('',(83.,2.,-3.5));
#15067 = VECTOR('',#15068,1.);
#15068 = DIRECTION('',(0.,0.,1.));
#15069 = ORIENTED_EDGE('',*,*,#15070,.F.);
#15070 = EDGE_CURVE('',#14889,#15063,#15071,.T.);
#15071 = LINE('',#15072,#15073);
#15072 = CARTESIAN_POINT('',(70.,2.,-1.5));
#15073 = VECTOR('',#15074,1.);
#15074 = DIRECTION('',(1.,0.,0.));
#15075 = PLANE('',#15076);
#15076 = AXIS2_PLACEMENT_3D('',#15077,#15078,#15079);
#15077 = CARTESIAN_POINT('',(70.,2.,-3.5));
#15078 = DIRECTION('',(0.,1.,0.));
#15079 = DIRECTION('',(0.,0.,1.));
#15080 = ADVANCED_FACE('',(#15081),#15114,.F.);
#15081 = FACE_BOUND('',#15082,.F.);
#15082 = EDGE_LOOP('',(#15083,#15084,#15092,#15100,#15108));
#15083 = ORIENTED_EDGE('',*,*,#14929,.F.);
#15084 = ORIENTED_EDGE('',*,*,#15085,.T.);
#15085 = EDGE_CURVE('',#14921,#15086,#15088,.T.);
#15086 = VERTEX_POINT('',#15087);
#15087 = CARTESIAN_POINT('',(83.,4.,-3.5));
#15088 = LINE('',#15089,#15090);
#15089 = CARTESIAN_POINT('',(70.,4.,-3.5));
#15090 = VECTOR('',#15091,1.);
#15091 = DIRECTION('',(1.,0.,0.));
#15092 = ORIENTED_EDGE('',*,*,#15093,.T.);
#15093 = EDGE_CURVE('',#15086,#15094,#15096,.T.);
#15094 = VERTEX_POINT('',#15095);
#15095 = CARTESIAN_POINT('',(83.,22.,-3.5));
#15096 = LINE('',#15097,#15098);
#15097 = CARTESIAN_POINT('',(83.,2.,-3.5));
#15098 = VECTOR('',#15099,1.);
#15099 = DIRECTION('',(0.,1.,0.));
#15100 = ORIENTED_EDGE('',*,*,#15101,.F.);
#15101 = EDGE_CURVE('',#15102,#15094,#15104,.T.);
#15102 = VERTEX_POINT('',#15103);
#15103 = CARTESIAN_POINT('',(82.,22.,-3.5));
#15104 = LINE('',#15105,#15106);
#15105 = CARTESIAN_POINT('',(70.,22.,-3.5));
#15106 = VECTOR('',#15107,1.);
#15107 = DIRECTION('',(1.,0.,0.));
#15108 = ORIENTED_EDGE('',*,*,#15109,.F.);
#15109 = EDGE_CURVE('',#14930,#15102,#15110,.T.);
#15110 = LINE('',#15111,#15112);
#15111 = CARTESIAN_POINT('',(70.,22.,-3.5));
#15112 = VECTOR('',#15113,1.);
#15113 = DIRECTION('',(1.,0.,0.));
#15114 = PLANE('',#15115);
#15115 = AXIS2_PLACEMENT_3D('',#15116,#15117,#15118);
#15116 = CARTESIAN_POINT('',(70.,2.,-3.5));
#15117 = DIRECTION('',(0.,0.,1.));
#15118 = DIRECTION('',(1.,0.,0.));
#15119 = ADVANCED_FACE('',(#15120),#15131,.T.);
#15120 = FACE_BOUND('',#15121,.F.);
#15121 = EDGE_LOOP('',(#15122,#15123,#15130));
#15122 = ORIENTED_EDGE('',*,*,#14937,.F.);
#15123 = ORIENTED_EDGE('',*,*,#15124,.T.);
#15124 = EDGE_CURVE('',#14930,#14988,#15125,.T.);
#15125 = CIRCLE('',#15126,2.);
#15126 = AXIS2_PLACEMENT_3D('',#15127,#15128,#15129);
#15127 = CARTESIAN_POINT('',(72.,22.,-1.5));
#15128 = DIRECTION('',(1.,6.123233995737E-17,-0.));
#15129 = DIRECTION('',(-6.123233995737E-17,1.,0.));
#15130 = ORIENTED_EDGE('',*,*,#14987,.F.);
#15131 = SPHERICAL_SURFACE('',#15132,2.);
#15132 = AXIS2_PLACEMENT_3D('',#15133,#15134,#15135);
#15133 = CARTESIAN_POINT('',(72.,22.,-1.5));
#15134 = DIRECTION('',(0.,0.,1.));
#15135 = DIRECTION('',(-1.,0.,0.));
#15136 = ADVANCED_FACE('',(#15137),#15170,.T.);
#15137 = FACE_BOUND('',#15138,.T.);
#15138 = EDGE_LOOP('',(#15139,#15140,#15148,#15156,#15164));
#15139 = ORIENTED_EDGE('',*,*,#14962,.F.);
#15140 = ORIENTED_EDGE('',*,*,#15141,.T.);
#15141 = EDGE_CURVE('',#14954,#15142,#15144,.T.);
#15142 = VERTEX_POINT('',#15143);
#15143 = CARTESIAN_POINT('',(83.,4.,3.5));
#15144 = LINE('',#15145,#15146);
#15145 = CARTESIAN_POINT('',(70.,4.,3.5));
#15146 = VECTOR('',#15147,1.);
#15147 = DIRECTION('',(1.,0.,0.));
#15148 = ORIENTED_EDGE('',*,*,#15149,.T.);
#15149 = EDGE_CURVE('',#15142,#15150,#15152,.T.);
#15150 = VERTEX_POINT('',#15151);
#15151 = CARTESIAN_POINT('',(83.,22.,3.5));
#15152 = LINE('',#15153,#15154);
#15153 = CARTESIAN_POINT('',(83.,2.,3.5));
#15154 = VECTOR('',#15155,1.);
#15155 = DIRECTION('',(0.,1.,0.));
#15156 = ORIENTED_EDGE('',*,*,#15157,.F.);
#15157 = EDGE_CURVE('',#15158,#15150,#15160,.T.);
#15158 = VERTEX_POINT('',#15159);
#15159 = CARTESIAN_POINT('',(82.,22.,3.5));
#15160 = LINE('',#15161,#15162);
#15161 = CARTESIAN_POINT('',(70.,22.,3.5));
#15162 = VECTOR('',#15163,1.);
#15163 = DIRECTION('',(1.,0.,0.));
#15164 = ORIENTED_EDGE('',*,*,#15165,.F.);
#15165 = EDGE_CURVE('',#14963,#15158,#15166,.T.);
#15166 = LINE('',#15167,#15168);
#15167 = CARTESIAN_POINT('',(70.,22.,3.5));
#15168 = VECTOR('',#15169,1.);
#15169 = DIRECTION('',(1.,0.,0.));
#15170 = PLANE('',#15171);
#15171 = AXIS2_PLACEMENT_3D('',#15172,#15173,#15174);
#15172 = CARTESIAN_POINT('',(70.,2.,3.5));
#15173 = DIRECTION('',(0.,0.,1.));
#15174 = DIRECTION('',(1.,0.,0.));
#15175 = ADVANCED_FACE('',(#15176),#15187,.T.);
#15176 = FACE_BOUND('',#15177,.F.);
#15177 = EDGE_LOOP('',(#15178,#15179,#15186));
#15178 = ORIENTED_EDGE('',*,*,#15004,.F.);
#15179 = ORIENTED_EDGE('',*,*,#15180,.T.);
#15180 = EDGE_CURVE('',#14997,#14963,#15181,.T.);
#15181 = CIRCLE('',#15182,2.);
#15182 = AXIS2_PLACEMENT_3D('',#15183,#15184,#15185);
#15183 = CARTESIAN_POINT('',(72.,22.,1.5));
#15184 = DIRECTION('',(1.,0.,6.123233995737E-17));
#15185 = DIRECTION('',(-6.123233995737E-17,0.,1.));
#15186 = ORIENTED_EDGE('',*,*,#14970,.F.);
#15187 = SPHERICAL_SURFACE('',#15188,2.);
#15188 = AXIS2_PLACEMENT_3D('',#15189,#15190,#15191);
#15189 = CARTESIAN_POINT('',(72.,22.,1.5));
#15190 = DIRECTION('',(0.,-1.,0.));
#15191 = DIRECTION('',(-1.,0.,2.22044604925E-16));
#15192 = ADVANCED_FACE('',(#15193),#15218,.T.);
#15193 = FACE_BOUND('',#15194,.T.);
#15194 = EDGE_LOOP('',(#15195,#15203,#15204,#15212));
#15195 = ORIENTED_EDGE('',*,*,#15196,.F.);
#15196 = EDGE_CURVE('',#14988,#15197,#15199,.T.);
#15197 = VERTEX_POINT('',#15198);
#15198 = CARTESIAN_POINT('',(80.,24.,-1.5));
#15199 = LINE('',#15200,#15201);
#15200 = CARTESIAN_POINT('',(70.,24.,-1.5));
#15201 = VECTOR('',#15202,1.);
#15202 = DIRECTION('',(1.,0.,0.));
#15203 = ORIENTED_EDGE('',*,*,#14996,.T.);
#15204 = ORIENTED_EDGE('',*,*,#15205,.T.);
#15205 = EDGE_CURVE('',#14997,#15206,#15208,.T.);
#15206 = VERTEX_POINT('',#15207);
#15207 = CARTESIAN_POINT('',(80.,24.,1.5));
#15208 = LINE('',#15209,#15210);
#15209 = CARTESIAN_POINT('',(70.,24.,1.5));
#15210 = VECTOR('',#15211,1.);
#15211 = DIRECTION('',(1.,0.,0.));
#15212 = ORIENTED_EDGE('',*,*,#15213,.T.);
#15213 = EDGE_CURVE('',#15206,#15197,#15214,.T.);
#15214 = LINE('',#15215,#15216);
#15215 = CARTESIAN_POINT('',(80.,24.,-3.5));
#15216 = VECTOR('',#15217,1.);
#15217 = DIRECTION('',(0.,0.,-1.));
#15218 = PLANE('',#15219);
#15219 = AXIS2_PLACEMENT_3D('',#15220,#15221,#15222);
#15220 = CARTESIAN_POINT('',(70.,24.,-3.5));
#15221 = DIRECTION('',(0.,1.,0.));
#15222 = DIRECTION('',(0.,0.,1.));
#15223 = ADVANCED_FACE('',(#15224),#15236,.T.);
#15224 = FACE_BOUND('',#15225,.T.);
#15225 = EDGE_LOOP('',(#15226,#15227,#15228,#15235));
#15226 = ORIENTED_EDGE('',*,*,#15020,.F.);
#15227 = ORIENTED_EDGE('',*,*,#15085,.T.);
#15228 = ORIENTED_EDGE('',*,*,#15229,.T.);
#15229 = EDGE_CURVE('',#15086,#15063,#15230,.T.);
#15230 = CIRCLE('',#15231,2.);
#15231 = AXIS2_PLACEMENT_3D('',#15232,#15233,#15234);
#15232 = CARTESIAN_POINT('',(83.,4.,-1.5));
#15233 = DIRECTION('',(-1.,-6.123233995737E-17,0.));
#15234 = DIRECTION('',(6.123233995737E-17,-1.,0.));
#15235 = ORIENTED_EDGE('',*,*,#15070,.F.);
#15236 = CYLINDRICAL_SURFACE('',#15237,2.);
#15237 = AXIS2_PLACEMENT_3D('',#15238,#15239,#15240);
#15238 = CARTESIAN_POINT('',(70.,4.,-1.5));
#15239 = DIRECTION('',(1.,0.,0.));
#15240 = DIRECTION('',(0.,-1.,0.));
#15241 = ADVANCED_FACE('',(#15242),#15254,.T.);
#15242 = FACE_BOUND('',#15243,.F.);
#15243 = EDGE_LOOP('',(#15244,#15245,#15246,#15253));
#15244 = ORIENTED_EDGE('',*,*,#15037,.F.);
#15245 = ORIENTED_EDGE('',*,*,#15141,.T.);
#15246 = ORIENTED_EDGE('',*,*,#15247,.T.);
#15247 = EDGE_CURVE('',#15142,#15055,#15248,.T.);
#15248 = CIRCLE('',#15249,2.);
#15249 = AXIS2_PLACEMENT_3D('',#15250,#15251,#15252);
#15250 = CARTESIAN_POINT('',(83.,4.,1.5));
#15251 = DIRECTION('',(1.,6.123233995737E-17,0.));
#15252 = DIRECTION('',(6.123233995737E-17,-1.,0.));
#15253 = ORIENTED_EDGE('',*,*,#15054,.F.);
#15254 = CYLINDRICAL_SURFACE('',#15255,2.);
#15255 = AXIS2_PLACEMENT_3D('',#15256,#15257,#15258);
#15256 = CARTESIAN_POINT('',(70.,4.,1.5));
#15257 = DIRECTION('',(1.,0.,0.));
#15258 = DIRECTION('',(0.,-1.,0.));
#15259 = ADVANCED_FACE('',(#15260),#15287,.T.);
#15260 = FACE_BOUND('',#15261,.F.);
#15261 = EDGE_LOOP('',(#15262,#15272,#15279,#15280));
#15262 = ORIENTED_EDGE('',*,*,#15263,.F.);
#15263 = EDGE_CURVE('',#15264,#15266,#15268,.T.);
#15264 = VERTEX_POINT('',#15265);
#15265 = CARTESIAN_POINT('',(85.,4.,-1.5));
#15266 = VERTEX_POINT('',#15267);
#15267 = CARTESIAN_POINT('',(85.,4.,1.5));
#15268 = LINE('',#15269,#15270);
#15269 = CARTESIAN_POINT('',(85.,4.,-3.5));
#15270 = VECTOR('',#15271,1.);
#15271 = DIRECTION('',(0.,0.,1.));
#15272 = ORIENTED_EDGE('',*,*,#15273,.T.);
#15273 = EDGE_CURVE('',#15264,#15063,#15274,.T.);
#15274 = CIRCLE('',#15275,2.);
#15275 = AXIS2_PLACEMENT_3D('',#15276,#15277,#15278);
#15276 = CARTESIAN_POINT('',(83.,4.,-1.5));
#15277 = DIRECTION('',(0.,0.,-1.));
#15278 = DIRECTION('',(1.,0.,0.));
#15279 = ORIENTED_EDGE('',*,*,#15062,.T.);
#15280 = ORIENTED_EDGE('',*,*,#15281,.F.);
#15281 = EDGE_CURVE('',#15266,#15055,#15282,.T.);
#15282 = CIRCLE('',#15283,2.);
#15283 = AXIS2_PLACEMENT_3D('',#15284,#15285,#15286);
#15284 = CARTESIAN_POINT('',(83.,4.,1.5));
#15285 = DIRECTION('',(0.,0.,-1.));
#15286 = DIRECTION('',(1.,0.,0.));
#15287 = CYLINDRICAL_SURFACE('',#15288,2.);
#15288 = AXIS2_PLACEMENT_3D('',#15289,#15290,#15291);
#15289 = CARTESIAN_POINT('',(83.,4.,-3.5));
#15290 = DIRECTION('',(0.,0.,1.));
#15291 = DIRECTION('',(1.,0.,0.));
#15292 = ADVANCED_FACE('',(#15293),#15305,.T.);
#15293 = FACE_BOUND('',#15294,.F.);
#15294 = EDGE_LOOP('',(#15295,#15296,#15297,#15304));
#15295 = ORIENTED_EDGE('',*,*,#15124,.F.);
#15296 = ORIENTED_EDGE('',*,*,#15109,.T.);
#15297 = ORIENTED_EDGE('',*,*,#15298,.T.);
#15298 = EDGE_CURVE('',#15102,#15197,#15299,.T.);
#15299 = ELLIPSE('',#15300,2.828427124746,2.);
#15300 = AXIS2_PLACEMENT_3D('',#15301,#15302,#15303);
#15301 = CARTESIAN_POINT('',(82.,22.,-1.5));
#15302 = DIRECTION('',(0.707106781187,0.707106781187,0.));
#15303 = DIRECTION('',(0.707106781187,-0.707106781187,0.));
#15304 = ORIENTED_EDGE('',*,*,#15196,.F.);
#15305 = CYLINDRICAL_SURFACE('',#15306,2.);
#15306 = AXIS2_PLACEMENT_3D('',#15307,#15308,#15309);
#15307 = CARTESIAN_POINT('',(70.,22.,-1.5));
#15308 = DIRECTION('',(1.,0.,0.));
#15309 = DIRECTION('',(0.,1.,0.));
#15310 = ADVANCED_FACE('',(#15311),#15344,.F.);
#15311 = FACE_BOUND('',#15312,.F.);
#15312 = EDGE_LOOP('',(#15313,#15321,#15322,#15330,#15338));
#15313 = ORIENTED_EDGE('',*,*,#15314,.F.);
#15314 = EDGE_CURVE('',#15102,#15315,#15317,.T.);
#15315 = VERTEX_POINT('',#15316);
#15316 = CARTESIAN_POINT('',(82.,110.,-3.5));
#15317 = LINE('',#15318,#15319);
#15318 = CARTESIAN_POINT('',(82.,20.,-3.5));
#15319 = VECTOR('',#15320,1.);
#15320 = DIRECTION('',(0.,1.,0.));
#15321 = ORIENTED_EDGE('',*,*,#15101,.T.);
#15322 = ORIENTED_EDGE('',*,*,#15323,.T.);
#15323 = EDGE_CURVE('',#15094,#15324,#15326,.T.);
#15324 = VERTEX_POINT('',#15325);
#15325 = CARTESIAN_POINT('',(84.4,22.,-3.5));
#15326 = LINE('',#15327,#15328);
#15327 = CARTESIAN_POINT('',(80.,22.,-3.5));
#15328 = VECTOR('',#15329,1.);
#15329 = DIRECTION('',(1.,0.,0.));
#15330 = ORIENTED_EDGE('',*,*,#15331,.T.);
#15331 = EDGE_CURVE('',#15324,#15332,#15334,.T.);
#15332 = VERTEX_POINT('',#15333);
#15333 = CARTESIAN_POINT('',(84.4,110.,-3.5));
#15334 = LINE('',#15335,#15336);
#15335 = CARTESIAN_POINT('',(84.4,20.,-3.5));
#15336 = VECTOR('',#15337,1.);
#15337 = DIRECTION('',(0.,1.,0.));
#15338 = ORIENTED_EDGE('',*,*,#15339,.F.);
#15339 = EDGE_CURVE('',#15315,#15332,#15340,.T.);
#15340 = LINE('',#15341,#15342);
#15341 = CARTESIAN_POINT('',(80.,110.,-3.5));
#15342 = VECTOR('',#15343,1.);
#15343 = DIRECTION('',(1.,0.,0.));
#15344 = PLANE('',#15345);
#15345 = AXIS2_PLACEMENT_3D('',#15346,#15347,#15348);
#15346 = CARTESIAN_POINT('',(80.,20.,-3.5));
#15347 = DIRECTION('',(0.,0.,1.));
#15348 = DIRECTION('',(1.,0.,0.));
#15349 = ADVANCED_FACE('',(#15350),#15398,.T.);
#15350 = FACE_BOUND('',#15351,.T.);
#15351 = EDGE_LOOP('',(#15352,#15359,#15360,#15369,#15392));
#15352 = ORIENTED_EDGE('',*,*,#15353,.F.);
#15353 = EDGE_CURVE('',#15086,#15264,#15354,.T.);
#15354 = CIRCLE('',#15355,2.);
#15355 = AXIS2_PLACEMENT_3D('',#15356,#15357,#15358);
#15356 = CARTESIAN_POINT('',(83.,4.,-1.5));
#15357 = DIRECTION('',(0.,-1.,0.));
#15358 = DIRECTION('',(1.,0.,0.));
#15359 = ORIENTED_EDGE('',*,*,#15093,.T.);
#15360 = ORIENTED_EDGE('',*,*,#15361,.F.);
#15361 = EDGE_CURVE('',#15362,#15094,#15364,.T.);
#15362 = VERTEX_POINT('',#15363);
#15363 = CARTESIAN_POINT('',(84.4,20.6,-2.928285685709));
#15364 = ELLIPSE('',#15365,2.828427124746,2.);
#15365 = AXIS2_PLACEMENT_3D('',#15366,#15367,#15368);
#15366 = CARTESIAN_POINT('',(83.,22.,-1.5));
#15367 = DIRECTION('',(0.707106781187,0.707106781187,-0.));
#15368 = DIRECTION('',(-0.707106781187,0.707106781187,0.));
#15369 = ORIENTED_EDGE('',*,*,#15370,.F.);
#15370 = EDGE_CURVE('',#15371,#15362,#15373,.T.);
#15371 = VERTEX_POINT('',#15372);
#15372 = CARTESIAN_POINT('',(85.,20.092121597166,-1.5));
#15373 = B_SPLINE_CURVE_WITH_KNOTS('',5,(#15374,#15375,#15376,#15377,
    #15378,#15379,#15380,#15381,#15382,#15383,#15384,#15385,#15386,
    #15387,#15388,#15389,#15390,#15391),.UNSPECIFIED.,.F.,.F.,(6,4,4,4,6
    ),(0.,0.273897934905,0.560364981389,0.76881691451,1.),
  .UNSPECIFIED.);
#15374 = CARTESIAN_POINT('',(85.,20.092121597166,-1.5));
#15375 = CARTESIAN_POINT('',(85.,20.092121597166,-1.596087632703));
#15376 = CARTESIAN_POINT('',(84.994229333041,20.096356284013,
    -1.692183020457));
#15377 = CARTESIAN_POINT('',(84.982687092597,20.104825193484,
    -1.787427005079));
#15378 = CARTESIAN_POINT('',(84.96561425391,20.117449444518,
    -1.881019169073));
#15379 = CARTESIAN_POINT('',(84.920257945896,20.151480346872,
    -2.067672461557));
#15380 = CARTESIAN_POINT('',(84.89149284984,20.173265656057,
    -2.160524685004));
#15381 = CARTESIAN_POINT('',(84.857642404402,20.199273482708,
    -2.250011463339));
#15382 = CARTESIAN_POINT('',(84.819398751452,20.229278415565,
    -2.335541409173));
#15383 = CARTESIAN_POINT('',(84.747075359331,20.287570790471,
    -2.475778844103));
#15384 = CARTESIAN_POINT('',(84.714696837969,20.314101543029,
    -2.532539404314));
#15385 = CARTESIAN_POINT('',(84.680697848438,20.342512054901,
    -2.586844041522));
#15386 = CARTESIAN_POINT('',(84.645394530977,20.372695844725,
    -2.638600504876));
#15387 = CARTESIAN_POINT('',(84.568854243607,20.439859222886,
    -2.742292021176));
#15388 = CARTESIAN_POINT('',(84.527390254346,20.4772207533,-2.7936308348
    ));
#15389 = CARTESIAN_POINT('',(84.485141832841,20.516474090998,
    -2.841724279059));
#15390 = CARTESIAN_POINT('',(84.442542216388,20.557457783612,
    -2.886585972872));
#15391 = CARTESIAN_POINT('',(84.4,20.6,-2.928285685709));
#15392 = ORIENTED_EDGE('',*,*,#15393,.F.);
#15393 = EDGE_CURVE('',#15264,#15371,#15394,.T.);
#15394 = LINE('',#15395,#15396);
#15395 = CARTESIAN_POINT('',(85.,2.,-1.5));
#15396 = VECTOR('',#15397,1.);
#15397 = DIRECTION('',(0.,1.,0.));
#15398 = CYLINDRICAL_SURFACE('',#15399,2.);
#15399 = AXIS2_PLACEMENT_3D('',#15400,#15401,#15402);
#15400 = CARTESIAN_POINT('',(83.,2.,-1.5));
#15401 = DIRECTION('',(0.,1.,0.));
#15402 = DIRECTION('',(1.,0.,0.));
#15403 = ADVANCED_FACE('',(#15404),#15416,.T.);
#15404 = FACE_BOUND('',#15405,.T.);
#15405 = EDGE_LOOP('',(#15406,#15407,#15408,#15409));
#15406 = ORIENTED_EDGE('',*,*,#15205,.F.);
#15407 = ORIENTED_EDGE('',*,*,#15180,.T.);
#15408 = ORIENTED_EDGE('',*,*,#15165,.T.);
#15409 = ORIENTED_EDGE('',*,*,#15410,.F.);
#15410 = EDGE_CURVE('',#15206,#15158,#15411,.T.);
#15411 = ELLIPSE('',#15412,2.828427124746,2.);
#15412 = AXIS2_PLACEMENT_3D('',#15413,#15414,#15415);
#15413 = CARTESIAN_POINT('',(82.,22.,1.5));
#15414 = DIRECTION('',(0.707106781187,0.707106781187,0.));
#15415 = DIRECTION('',(0.707106781187,-0.707106781187,0.));
#15416 = CYLINDRICAL_SURFACE('',#15417,2.);
#15417 = AXIS2_PLACEMENT_3D('',#15418,#15419,#15420);
#15418 = CARTESIAN_POINT('',(70.,22.,1.5));
#15419 = DIRECTION('',(1.,0.,0.));
#15420 = DIRECTION('',(0.,1.,0.));
#15421 = ADVANCED_FACE('',(#15422),#15455,.T.);
#15422 = FACE_BOUND('',#15423,.T.);
#15423 = EDGE_LOOP('',(#15424,#15432,#15433,#15441,#15449));
#15424 = ORIENTED_EDGE('',*,*,#15425,.F.);
#15425 = EDGE_CURVE('',#15158,#15426,#15428,.T.);
#15426 = VERTEX_POINT('',#15427);
#15427 = CARTESIAN_POINT('',(82.,110.,3.5));
#15428 = LINE('',#15429,#15430);
#15429 = CARTESIAN_POINT('',(82.,20.,3.5));
#15430 = VECTOR('',#15431,1.);
#15431 = DIRECTION('',(0.,1.,0.));
#15432 = ORIENTED_EDGE('',*,*,#15157,.T.);
#15433 = ORIENTED_EDGE('',*,*,#15434,.T.);
#15434 = EDGE_CURVE('',#15150,#15435,#15437,.T.);
#15435 = VERTEX_POINT('',#15436);
#15436 = CARTESIAN_POINT('',(84.4,22.,3.5));
#15437 = LINE('',#15438,#15439);
#15438 = CARTESIAN_POINT('',(80.,22.,3.5));
#15439 = VECTOR('',#15440,1.);
#15440 = DIRECTION('',(1.,0.,0.));
#15441 = ORIENTED_EDGE('',*,*,#15442,.T.);
#15442 = EDGE_CURVE('',#15435,#15443,#15445,.T.);
#15443 = VERTEX_POINT('',#15444);
#15444 = CARTESIAN_POINT('',(84.4,110.,3.5));
#15445 = LINE('',#15446,#15447);
#15446 = CARTESIAN_POINT('',(84.4,20.,3.5));
#15447 = VECTOR('',#15448,1.);
#15448 = DIRECTION('',(0.,1.,0.));
#15449 = ORIENTED_EDGE('',*,*,#15450,.F.);
#15450 = EDGE_CURVE('',#15426,#15443,#15451,.T.);
#15451 = LINE('',#15452,#15453);
#15452 = CARTESIAN_POINT('',(80.,110.,3.5));
#15453 = VECTOR('',#15454,1.);
#15454 = DIRECTION('',(1.,0.,0.));
#15455 = PLANE('',#15456);
#15456 = AXIS2_PLACEMENT_3D('',#15457,#15458,#15459);
#15457 = CARTESIAN_POINT('',(80.,20.,3.5));
#15458 = DIRECTION('',(0.,0.,1.));
#15459 = DIRECTION('',(1.,0.,0.));
#15460 = ADVANCED_FACE('',(#15461),#15509,.T.);
#15461 = FACE_BOUND('',#15462,.F.);
#15462 = EDGE_LOOP('',(#15463,#15470,#15471,#15480,#15503));
#15463 = ORIENTED_EDGE('',*,*,#15464,.F.);
#15464 = EDGE_CURVE('',#15142,#15266,#15465,.T.);
#15465 = CIRCLE('',#15466,2.);
#15466 = AXIS2_PLACEMENT_3D('',#15467,#15468,#15469);
#15467 = CARTESIAN_POINT('',(83.,4.,1.5));
#15468 = DIRECTION('',(-0.,1.,0.));
#15469 = DIRECTION('',(1.,0.,0.));
#15470 = ORIENTED_EDGE('',*,*,#15149,.T.);
#15471 = ORIENTED_EDGE('',*,*,#15472,.T.);
#15472 = EDGE_CURVE('',#15150,#15473,#15475,.T.);
#15473 = VERTEX_POINT('',#15474);
#15474 = CARTESIAN_POINT('',(84.4,20.6,2.928285685709));
#15475 = ELLIPSE('',#15476,2.828427124746,2.);
#15476 = AXIS2_PLACEMENT_3D('',#15477,#15478,#15479);
#15477 = CARTESIAN_POINT('',(83.,22.,1.5));
#15478 = DIRECTION('',(0.707106781187,0.707106781187,-0.));
#15479 = DIRECTION('',(-0.707106781187,0.707106781187,0.));
#15480 = ORIENTED_EDGE('',*,*,#15481,.F.);
#15481 = EDGE_CURVE('',#15482,#15473,#15484,.T.);
#15482 = VERTEX_POINT('',#15483);
#15483 = CARTESIAN_POINT('',(85.,20.092121597166,1.5));
#15484 = B_SPLINE_CURVE_WITH_KNOTS('',5,(#15485,#15486,#15487,#15488,
    #15489,#15490,#15491,#15492,#15493,#15494,#15495,#15496,#15497,
    #15498,#15499,#15500,#15501,#15502),.UNSPECIFIED.,.F.,.F.,(6,4,4,4,6
    ),(0.,0.273897934905,0.560364981389,0.76881691451,1.),
  .UNSPECIFIED.);
#15485 = CARTESIAN_POINT('',(85.,20.092121597166,1.5));
#15486 = CARTESIAN_POINT('',(85.,20.092121597166,1.596087632703));
#15487 = CARTESIAN_POINT('',(84.994229333041,20.096356284013,
    1.692183020457));
#15488 = CARTESIAN_POINT('',(84.982687092597,20.104825193484,
    1.787427005079));
#15489 = CARTESIAN_POINT('',(84.96561425391,20.117449444518,
    1.881019169073));
#15490 = CARTESIAN_POINT('',(84.920257945896,20.151480346872,
    2.067672461557));
#15491 = CARTESIAN_POINT('',(84.89149284984,20.173265656057,
    2.160524685004));
#15492 = CARTESIAN_POINT('',(84.857642404402,20.199273482708,
    2.250011463339));
#15493 = CARTESIAN_POINT('',(84.819398751452,20.229278415565,
    2.335541409173));
#15494 = CARTESIAN_POINT('',(84.747075359331,20.287570790471,
    2.475778844103));
#15495 = CARTESIAN_POINT('',(84.714696837969,20.314101543029,
    2.532539404314));
#15496 = CARTESIAN_POINT('',(84.680697848438,20.342512054901,
    2.586844041522));
#15497 = CARTESIAN_POINT('',(84.645394530977,20.372695844725,
    2.638600504876));
#15498 = CARTESIAN_POINT('',(84.568854243607,20.439859222886,
    2.742292021176));
#15499 = CARTESIAN_POINT('',(84.527390254346,20.4772207533,2.7936308348)
  );
#15500 = CARTESIAN_POINT('',(84.485141832841,20.516474090998,
    2.841724279059));
#15501 = CARTESIAN_POINT('',(84.442542216388,20.557457783612,
    2.886585972872));
#15502 = CARTESIAN_POINT('',(84.4,20.6,2.928285685709));
#15503 = ORIENTED_EDGE('',*,*,#15504,.F.);
#15504 = EDGE_CURVE('',#15266,#15482,#15505,.T.);
#15505 = LINE('',#15506,#15507);
#15506 = CARTESIAN_POINT('',(85.,2.,1.5));
#15507 = VECTOR('',#15508,1.);
#15508 = DIRECTION('',(0.,1.,0.));
#15509 = CYLINDRICAL_SURFACE('',#15510,2.);
#15510 = AXIS2_PLACEMENT_3D('',#15511,#15512,#15513);
#15511 = CARTESIAN_POINT('',(83.,2.,1.5));
#15512 = DIRECTION('',(0.,1.,0.));
#15513 = DIRECTION('',(1.,0.,0.));
#15514 = ADVANCED_FACE('',(#15515),#15540,.F.);
#15515 = FACE_BOUND('',#15516,.F.);
#15516 = EDGE_LOOP('',(#15517,#15518,#15526,#15534));
#15517 = ORIENTED_EDGE('',*,*,#15213,.T.);
#15518 = ORIENTED_EDGE('',*,*,#15519,.T.);
#15519 = EDGE_CURVE('',#15197,#15520,#15522,.T.);
#15520 = VERTEX_POINT('',#15521);
#15521 = CARTESIAN_POINT('',(80.,110.,-1.5));
#15522 = LINE('',#15523,#15524);
#15523 = CARTESIAN_POINT('',(80.,20.,-1.5));
#15524 = VECTOR('',#15525,1.);
#15525 = DIRECTION('',(0.,1.,0.));
#15526 = ORIENTED_EDGE('',*,*,#15527,.T.);
#15527 = EDGE_CURVE('',#15520,#15528,#15530,.T.);
#15528 = VERTEX_POINT('',#15529);
#15529 = CARTESIAN_POINT('',(80.,110.,1.5));
#15530 = LINE('',#15531,#15532);
#15531 = CARTESIAN_POINT('',(80.,110.,-3.5));
#15532 = VECTOR('',#15533,1.);
#15533 = DIRECTION('',(0.,0.,1.));
#15534 = ORIENTED_EDGE('',*,*,#15535,.F.);
#15535 = EDGE_CURVE('',#15206,#15528,#15536,.T.);
#15536 = LINE('',#15537,#15538);
#15537 = CARTESIAN_POINT('',(80.,20.,1.5));
#15538 = VECTOR('',#15539,1.);
#15539 = DIRECTION('',(0.,1.,0.));
#15540 = PLANE('',#15541);
#15541 = AXIS2_PLACEMENT_3D('',#15542,#15543,#15544);
#15542 = CARTESIAN_POINT('',(80.,20.,-3.5));
#15543 = DIRECTION('',(1.,0.,0.));
#15544 = DIRECTION('',(0.,0.,1.));
#15545 = ADVANCED_FACE('',(#15546),#15551,.T.);
#15546 = FACE_BOUND('',#15547,.F.);
#15547 = EDGE_LOOP('',(#15548,#15549,#15550));
#15548 = ORIENTED_EDGE('',*,*,#15353,.F.);
#15549 = ORIENTED_EDGE('',*,*,#15229,.T.);
#15550 = ORIENTED_EDGE('',*,*,#15273,.F.);
#15551 = SPHERICAL_SURFACE('',#15552,2.);
#15552 = AXIS2_PLACEMENT_3D('',#15553,#15554,#15555);
#15553 = CARTESIAN_POINT('',(83.,4.,-1.5));
#15554 = DIRECTION('',(0.,0.,1.));
#15555 = DIRECTION('',(1.,0.,0.));
#15556 = ADVANCED_FACE('',(#15557),#15562,.T.);
#15557 = FACE_BOUND('',#15558,.T.);
#15558 = EDGE_LOOP('',(#15559,#15560,#15561));
#15559 = ORIENTED_EDGE('',*,*,#15464,.F.);
#15560 = ORIENTED_EDGE('',*,*,#15247,.T.);
#15561 = ORIENTED_EDGE('',*,*,#15281,.F.);
#15562 = SPHERICAL_SURFACE('',#15563,2.);
#15563 = AXIS2_PLACEMENT_3D('',#15564,#15565,#15566);
#15564 = CARTESIAN_POINT('',(83.,4.,1.5));
#15565 = DIRECTION('',(-0.,-0.,-1.));
#15566 = DIRECTION('',(1.,0.,0.));
#15567 = ADVANCED_FACE('',(#15568),#15579,.T.);
#15568 = FACE_BOUND('',#15569,.T.);
#15569 = EDGE_LOOP('',(#15570,#15571,#15572,#15578));
#15570 = ORIENTED_EDGE('',*,*,#15263,.F.);
#15571 = ORIENTED_EDGE('',*,*,#15393,.T.);
#15572 = ORIENTED_EDGE('',*,*,#15573,.T.);
#15573 = EDGE_CURVE('',#15371,#15482,#15574,.T.);
#15574 = LINE('',#15575,#15576);
#15575 = CARTESIAN_POINT('',(85.,20.092121597166,-3.5));
#15576 = VECTOR('',#15577,1.);
#15577 = DIRECTION('',(0.,0.,1.));
#15578 = ORIENTED_EDGE('',*,*,#15504,.F.);
#15579 = PLANE('',#15580);
#15580 = AXIS2_PLACEMENT_3D('',#15581,#15582,#15583);
#15581 = CARTESIAN_POINT('',(85.,2.,-3.5));
#15582 = DIRECTION('',(1.,0.,0.));
#15583 = DIRECTION('',(0.,0.,1.));
#15584 = ADVANCED_FACE('',(#15585),#15597,.T.);
#15585 = FACE_BOUND('',#15586,.F.);
#15586 = EDGE_LOOP('',(#15587,#15588,#15589,#15596));
#15587 = ORIENTED_EDGE('',*,*,#15298,.F.);
#15588 = ORIENTED_EDGE('',*,*,#15314,.T.);
#15589 = ORIENTED_EDGE('',*,*,#15590,.T.);
#15590 = EDGE_CURVE('',#15315,#15520,#15591,.T.);
#15591 = CIRCLE('',#15592,2.);
#15592 = AXIS2_PLACEMENT_3D('',#15593,#15594,#15595);
#15593 = CARTESIAN_POINT('',(82.,110.,-1.5));
#15594 = DIRECTION('',(0.,1.,-0.));
#15595 = DIRECTION('',(-1.,0.,0.));
#15596 = ORIENTED_EDGE('',*,*,#15519,.F.);
#15597 = CYLINDRICAL_SURFACE('',#15598,2.);
#15598 = AXIS2_PLACEMENT_3D('',#15599,#15600,#15601);
#15599 = CARTESIAN_POINT('',(82.,20.,-1.5));
#15600 = DIRECTION('',(0.,1.,0.));
#15601 = DIRECTION('',(-1.,0.,0.));
#15602 = ADVANCED_FACE('',(#15603),#15614,.T.);
#15603 = FACE_BOUND('',#15604,.T.);
#15604 = EDGE_LOOP('',(#15605,#15606,#15607));
#15605 = ORIENTED_EDGE('',*,*,#15361,.T.);
#15606 = ORIENTED_EDGE('',*,*,#15323,.T.);
#15607 = ORIENTED_EDGE('',*,*,#15608,.T.);
#15608 = EDGE_CURVE('',#15324,#15362,#15609,.T.);
#15609 = CIRCLE('',#15610,2.);
#15610 = AXIS2_PLACEMENT_3D('',#15611,#15612,#15613);
#15611 = CARTESIAN_POINT('',(84.4,22.,-1.5));
#15612 = DIRECTION('',(-1.,-6.123233995737E-17,0.));
#15613 = DIRECTION('',(6.123233995737E-17,-1.,0.));
#15614 = CYLINDRICAL_SURFACE('',#15615,2.);
#15615 = AXIS2_PLACEMENT_3D('',#15616,#15617,#15618);
#15616 = CARTESIAN_POINT('',(80.,22.,-1.5));
#15617 = DIRECTION('',(1.,0.,0.));
#15618 = DIRECTION('',(0.,-1.,0.));
#15619 = ADVANCED_FACE('',(#15620),#15647,.T.);
#15620 = FACE_BOUND('',#15621,.F.);
#15621 = EDGE_LOOP('',(#15622,#15631,#15632,#15641));
#15622 = ORIENTED_EDGE('',*,*,#15623,.F.);
#15623 = EDGE_CURVE('',#15315,#15624,#15626,.T.);
#15624 = VERTEX_POINT('',#15625);
#15625 = CARTESIAN_POINT('',(82.,112.,-1.5));
#15626 = CIRCLE('',#15627,2.);
#15627 = AXIS2_PLACEMENT_3D('',#15628,#15629,#15630);
#15628 = CARTESIAN_POINT('',(82.,110.,-1.5));
#15629 = DIRECTION('',(1.,6.123233995737E-17,-0.));
#15630 = DIRECTION('',(-6.123233995737E-17,1.,0.));
#15631 = ORIENTED_EDGE('',*,*,#15339,.T.);
#15632 = ORIENTED_EDGE('',*,*,#15633,.T.);
#15633 = EDGE_CURVE('',#15332,#15634,#15636,.T.);
#15634 = VERTEX_POINT('',#15635);
#15635 = CARTESIAN_POINT('',(84.4,112.,-1.5));
#15636 = CIRCLE('',#15637,2.);
#15637 = AXIS2_PLACEMENT_3D('',#15638,#15639,#15640);
#15638 = CARTESIAN_POINT('',(84.4,110.,-1.5));
#15639 = DIRECTION('',(1.,-6.123233995737E-17,0.));
#15640 = DIRECTION('',(6.123233995737E-17,1.,0.));
#15641 = ORIENTED_EDGE('',*,*,#15642,.F.);
#15642 = EDGE_CURVE('',#15624,#15634,#15643,.T.);
#15643 = LINE('',#15644,#15645);
#15644 = CARTESIAN_POINT('',(80.,112.,-1.5));
#15645 = VECTOR('',#15646,1.);
#15646 = DIRECTION('',(1.,0.,0.));
#15647 = CYLINDRICAL_SURFACE('',#15648,2.);
#15648 = AXIS2_PLACEMENT_3D('',#15649,#15650,#15651);
#15649 = CARTESIAN_POINT('',(80.,110.,-1.5));
#15650 = DIRECTION('',(1.,0.,0.));
#15651 = DIRECTION('',(0.,1.,0.));
#15652 = ADVANCED_FACE('',(#15653),#15680,.T.);
#15653 = FACE_BOUND('',#15654,.T.);
#15654 = EDGE_LOOP('',(#15655,#15664,#15665,#15674));
#15655 = ORIENTED_EDGE('',*,*,#15656,.F.);
#15656 = EDGE_CURVE('',#15324,#15657,#15659,.T.);
#15657 = VERTEX_POINT('',#15658);
#15658 = CARTESIAN_POINT('',(86.4,22.,-1.5));
#15659 = CIRCLE('',#15660,2.);
#15660 = AXIS2_PLACEMENT_3D('',#15661,#15662,#15663);
#15661 = CARTESIAN_POINT('',(84.4,22.,-1.5));
#15662 = DIRECTION('',(0.,-1.,0.));
#15663 = DIRECTION('',(1.,0.,0.));
#15664 = ORIENTED_EDGE('',*,*,#15331,.T.);
#15665 = ORIENTED_EDGE('',*,*,#15666,.T.);
#15666 = EDGE_CURVE('',#15332,#15667,#15669,.T.);
#15667 = VERTEX_POINT('',#15668);
#15668 = CARTESIAN_POINT('',(86.4,110.,-1.5));
#15669 = CIRCLE('',#15670,2.);
#15670 = AXIS2_PLACEMENT_3D('',#15671,#15672,#15673);
#15671 = CARTESIAN_POINT('',(84.4,110.,-1.5));
#15672 = DIRECTION('',(0.,-1.,0.));
#15673 = DIRECTION('',(1.,0.,0.));
#15674 = ORIENTED_EDGE('',*,*,#15675,.F.);
#15675 = EDGE_CURVE('',#15657,#15667,#15676,.T.);
#15676 = LINE('',#15677,#15678);
#15677 = CARTESIAN_POINT('',(86.4,20.,-1.5));
#15678 = VECTOR('',#15679,1.);
#15679 = DIRECTION('',(0.,1.,0.));
#15680 = CYLINDRICAL_SURFACE('',#15681,2.);
#15681 = AXIS2_PLACEMENT_3D('',#15682,#15683,#15684);
#15682 = CARTESIAN_POINT('',(84.4,20.,-1.5));
#15683 = DIRECTION('',(0.,1.,0.));
#15684 = DIRECTION('',(1.,0.,0.));
#15685 = ADVANCED_FACE('',(#15686),#15698,.T.);
#15686 = FACE_BOUND('',#15687,.F.);
#15687 = EDGE_LOOP('',(#15688,#15689,#15690,#15691));
#15688 = ORIENTED_EDGE('',*,*,#15656,.F.);
#15689 = ORIENTED_EDGE('',*,*,#15608,.T.);
#15690 = ORIENTED_EDGE('',*,*,#15370,.F.);
#15691 = ORIENTED_EDGE('',*,*,#15692,.F.);
#15692 = EDGE_CURVE('',#15657,#15371,#15693,.T.);
#15693 = CIRCLE('',#15694,2.);
#15694 = AXIS2_PLACEMENT_3D('',#15695,#15696,#15697);
#15695 = CARTESIAN_POINT('',(84.4,22.,-1.5));
#15696 = DIRECTION('',(0.,0.,-1.));
#15697 = DIRECTION('',(1.,0.,0.));
#15698 = SPHERICAL_SURFACE('',#15699,2.);
#15699 = AXIS2_PLACEMENT_3D('',#15700,#15701,#15702);
#15700 = CARTESIAN_POINT('',(84.4,22.,-1.5));
#15701 = DIRECTION('',(0.,0.,1.));
#15702 = DIRECTION('',(1.,0.,0.));
#15703 = ADVANCED_FACE('',(#15704),#15716,.T.);
#15704 = FACE_BOUND('',#15705,.T.);
#15705 = EDGE_LOOP('',(#15706,#15707,#15708,#15715));
#15706 = ORIENTED_EDGE('',*,*,#15410,.T.);
#15707 = ORIENTED_EDGE('',*,*,#15425,.T.);
#15708 = ORIENTED_EDGE('',*,*,#15709,.F.);
#15709 = EDGE_CURVE('',#15528,#15426,#15710,.T.);
#15710 = CIRCLE('',#15711,2.);
#15711 = AXIS2_PLACEMENT_3D('',#15712,#15713,#15714);
#15712 = CARTESIAN_POINT('',(82.,110.,1.5));
#15713 = DIRECTION('',(0.,1.,-0.));
#15714 = DIRECTION('',(-1.,0.,2.22044604925E-16));
#15715 = ORIENTED_EDGE('',*,*,#15535,.F.);
#15716 = CYLINDRICAL_SURFACE('',#15717,2.);
#15717 = AXIS2_PLACEMENT_3D('',#15718,#15719,#15720);
#15718 = CARTESIAN_POINT('',(82.,20.,1.5));
#15719 = DIRECTION('',(0.,1.,0.));
#15720 = DIRECTION('',(-1.,0.,0.));
#15721 = ADVANCED_FACE('',(#15722),#15733,.T.);
#15722 = FACE_BOUND('',#15723,.F.);
#15723 = EDGE_LOOP('',(#15724,#15725,#15726));
#15724 = ORIENTED_EDGE('',*,*,#15472,.F.);
#15725 = ORIENTED_EDGE('',*,*,#15434,.T.);
#15726 = ORIENTED_EDGE('',*,*,#15727,.T.);
#15727 = EDGE_CURVE('',#15435,#15473,#15728,.T.);
#15728 = CIRCLE('',#15729,2.);
#15729 = AXIS2_PLACEMENT_3D('',#15730,#15731,#15732);
#15730 = CARTESIAN_POINT('',(84.4,22.,1.5));
#15731 = DIRECTION('',(1.,6.123233995737E-17,0.));
#15732 = DIRECTION('',(6.123233995737E-17,-1.,0.));
#15733 = CYLINDRICAL_SURFACE('',#15734,2.);
#15734 = AXIS2_PLACEMENT_3D('',#15735,#15736,#15737);
#15735 = CARTESIAN_POINT('',(80.,22.,1.5));
#15736 = DIRECTION('',(1.,0.,0.));
#15737 = DIRECTION('',(0.,-1.,0.));
#15738 = ADVANCED_FACE('',(#15739),#15766,.T.);
#15739 = FACE_BOUND('',#15740,.T.);
#15740 = EDGE_LOOP('',(#15741,#15750,#15751,#15760));
#15741 = ORIENTED_EDGE('',*,*,#15742,.T.);
#15742 = EDGE_CURVE('',#15743,#15426,#15745,.T.);
#15743 = VERTEX_POINT('',#15744);
#15744 = CARTESIAN_POINT('',(82.,112.,1.5));
#15745 = CIRCLE('',#15746,2.);
#15746 = AXIS2_PLACEMENT_3D('',#15747,#15748,#15749);
#15747 = CARTESIAN_POINT('',(82.,110.,1.5));
#15748 = DIRECTION('',(1.,0.,6.123233995737E-17));
#15749 = DIRECTION('',(-6.123233995737E-17,0.,1.));
#15750 = ORIENTED_EDGE('',*,*,#15450,.T.);
#15751 = ORIENTED_EDGE('',*,*,#15752,.F.);
#15752 = EDGE_CURVE('',#15753,#15443,#15755,.T.);
#15753 = VERTEX_POINT('',#15754);
#15754 = CARTESIAN_POINT('',(84.4,112.,1.5));
#15755 = CIRCLE('',#15756,2.);
#15756 = AXIS2_PLACEMENT_3D('',#15757,#15758,#15759);
#15757 = CARTESIAN_POINT('',(84.4,110.,1.5));
#15758 = DIRECTION('',(1.,0.,-6.123233995737E-17));
#15759 = DIRECTION('',(6.123233995737E-17,0.,1.));
#15760 = ORIENTED_EDGE('',*,*,#15761,.F.);
#15761 = EDGE_CURVE('',#15743,#15753,#15762,.T.);
#15762 = LINE('',#15763,#15764);
#15763 = CARTESIAN_POINT('',(80.,112.,1.5));
#15764 = VECTOR('',#15765,1.);
#15765 = DIRECTION('',(1.,0.,0.));
#15766 = CYLINDRICAL_SURFACE('',#15767,2.);
#15767 = AXIS2_PLACEMENT_3D('',#15768,#15769,#15770);
#15768 = CARTESIAN_POINT('',(80.,110.,1.5));
#15769 = DIRECTION('',(1.,0.,0.));
#15770 = DIRECTION('',(0.,1.,0.));
#15771 = ADVANCED_FACE('',(#15772),#15799,.T.);
#15772 = FACE_BOUND('',#15773,.F.);
#15773 = EDGE_LOOP('',(#15774,#15783,#15784,#15793));
#15774 = ORIENTED_EDGE('',*,*,#15775,.F.);
#15775 = EDGE_CURVE('',#15435,#15776,#15778,.T.);
#15776 = VERTEX_POINT('',#15777);
#15777 = CARTESIAN_POINT('',(86.4,22.,1.5));
#15778 = CIRCLE('',#15779,2.);
#15779 = AXIS2_PLACEMENT_3D('',#15780,#15781,#15782);
#15780 = CARTESIAN_POINT('',(84.4,22.,1.5));
#15781 = DIRECTION('',(-0.,1.,0.));
#15782 = DIRECTION('',(1.,0.,0.));
#15783 = ORIENTED_EDGE('',*,*,#15442,.T.);
#15784 = ORIENTED_EDGE('',*,*,#15785,.F.);
#15785 = EDGE_CURVE('',#15786,#15443,#15788,.T.);
#15786 = VERTEX_POINT('',#15787);
#15787 = CARTESIAN_POINT('',(86.4,110.,1.5));
#15788 = CIRCLE('',#15789,2.);
#15789 = AXIS2_PLACEMENT_3D('',#15790,#15791,#15792);
#15790 = CARTESIAN_POINT('',(84.4,110.,1.5));
#15791 = DIRECTION('',(0.,-1.,0.));
#15792 = DIRECTION('',(1.,0.,2.22044604925E-16));
#15793 = ORIENTED_EDGE('',*,*,#15794,.F.);
#15794 = EDGE_CURVE('',#15776,#15786,#15795,.T.);
#15795 = LINE('',#15796,#15797);
#15796 = CARTESIAN_POINT('',(86.4,20.,1.5));
#15797 = VECTOR('',#15798,1.);
#15798 = DIRECTION('',(0.,1.,0.));
#15799 = CYLINDRICAL_SURFACE('',#15800,2.);
#15800 = AXIS2_PLACEMENT_3D('',#15801,#15802,#15803);
#15801 = CARTESIAN_POINT('',(84.4,20.,1.5));
#15802 = DIRECTION('',(0.,1.,0.));
#15803 = DIRECTION('',(1.,0.,0.));
#15804 = ADVANCED_FACE('',(#15805),#15817,.T.);
#15805 = FACE_BOUND('',#15806,.T.);
#15806 = EDGE_LOOP('',(#15807,#15808,#15809,#15810));
#15807 = ORIENTED_EDGE('',*,*,#15775,.F.);
#15808 = ORIENTED_EDGE('',*,*,#15727,.T.);
#15809 = ORIENTED_EDGE('',*,*,#15481,.F.);
#15810 = ORIENTED_EDGE('',*,*,#15811,.F.);
#15811 = EDGE_CURVE('',#15776,#15482,#15812,.T.);
#15812 = CIRCLE('',#15813,2.);
#15813 = AXIS2_PLACEMENT_3D('',#15814,#15815,#15816);
#15814 = CARTESIAN_POINT('',(84.4,22.,1.5));
#15815 = DIRECTION('',(0.,0.,-1.));
#15816 = DIRECTION('',(1.,0.,0.));
#15817 = SPHERICAL_SURFACE('',#15818,2.);
#15818 = AXIS2_PLACEMENT_3D('',#15819,#15820,#15821);
#15819 = CARTESIAN_POINT('',(84.4,22.,1.5));
#15820 = DIRECTION('',(-0.,-0.,-1.));
#15821 = DIRECTION('',(1.,0.,0.));
#15822 = ADVANCED_FACE('',(#15823),#15846,.T.);
#15823 = FACE_BOUND('',#15824,.F.);
#15824 = EDGE_LOOP('',(#15825,#15826,#15833,#15839));
#15825 = ORIENTED_EDGE('',*,*,#15527,.F.);
#15826 = ORIENTED_EDGE('',*,*,#15827,.T.);
#15827 = EDGE_CURVE('',#15520,#15624,#15828,.T.);
#15828 = CIRCLE('',#15829,2.);
#15829 = AXIS2_PLACEMENT_3D('',#15830,#15831,#15832);
#15830 = CARTESIAN_POINT('',(82.,110.,-1.5));
#15831 = DIRECTION('',(0.,0.,-1.));
#15832 = DIRECTION('',(-1.,0.,0.));
#15833 = ORIENTED_EDGE('',*,*,#15834,.T.);
#15834 = EDGE_CURVE('',#15624,#15743,#15835,.T.);
#15835 = LINE('',#15836,#15837);
#15836 = CARTESIAN_POINT('',(82.,112.,-3.5));
#15837 = VECTOR('',#15838,1.);
#15838 = DIRECTION('',(0.,0.,1.));
#15839 = ORIENTED_EDGE('',*,*,#15840,.T.);
#15840 = EDGE_CURVE('',#15743,#15528,#15841,.T.);
#15841 = CIRCLE('',#15842,2.);
#15842 = AXIS2_PLACEMENT_3D('',#15843,#15844,#15845);
#15843 = CARTESIAN_POINT('',(82.,110.,1.5));
#15844 = DIRECTION('',(2.22044604925E-16,0.,1.));
#15845 = DIRECTION('',(-1.,0.,2.22044604925E-16));
#15846 = CYLINDRICAL_SURFACE('',#15847,2.);
#15847 = AXIS2_PLACEMENT_3D('',#15848,#15849,#15850);
#15848 = CARTESIAN_POINT('',(82.,110.,-3.5));
#15849 = DIRECTION('',(0.,0.,1.));
#15850 = DIRECTION('',(-1.,0.,0.));
#15851 = ADVANCED_FACE('',(#15852),#15863,.T.);
#15852 = FACE_BOUND('',#15853,.F.);
#15853 = EDGE_LOOP('',(#15854,#15860,#15861,#15862));
#15854 = ORIENTED_EDGE('',*,*,#15855,.F.);
#15855 = EDGE_CURVE('',#15657,#15776,#15856,.T.);
#15856 = LINE('',#15857,#15858);
#15857 = CARTESIAN_POINT('',(86.4,22.,-3.5));
#15858 = VECTOR('',#15859,1.);
#15859 = DIRECTION('',(0.,0.,1.));
#15860 = ORIENTED_EDGE('',*,*,#15692,.T.);
#15861 = ORIENTED_EDGE('',*,*,#15573,.T.);
#15862 = ORIENTED_EDGE('',*,*,#15811,.F.);
#15863 = CYLINDRICAL_SURFACE('',#15864,2.);
#15864 = AXIS2_PLACEMENT_3D('',#15865,#15866,#15867);
#15865 = CARTESIAN_POINT('',(84.4,22.,-3.5));
#15866 = DIRECTION('',(0.,0.,1.));
#15867 = DIRECTION('',(1.,0.,0.));
#15868 = ADVANCED_FACE('',(#15869),#15874,.T.);
#15869 = FACE_BOUND('',#15870,.F.);
#15870 = EDGE_LOOP('',(#15871,#15872,#15873));
#15871 = ORIENTED_EDGE('',*,*,#15590,.F.);
#15872 = ORIENTED_EDGE('',*,*,#15623,.T.);
#15873 = ORIENTED_EDGE('',*,*,#15827,.F.);
#15874 = SPHERICAL_SURFACE('',#15875,2.);
#15875 = AXIS2_PLACEMENT_3D('',#15876,#15877,#15878);
#15876 = CARTESIAN_POINT('',(82.,110.,-1.5));
#15877 = DIRECTION('',(0.,0.,1.));
#15878 = DIRECTION('',(-1.,0.,0.));
#15879 = ADVANCED_FACE('',(#15880,#15894),#15905,.F.);
#15880 = FACE_BOUND('',#15881,.F.);
#15881 = EDGE_LOOP('',(#15882));
#15882 = ORIENTED_EDGE('',*,*,#15883,.T.);
#15883 = EDGE_CURVE('',#15884,#15884,#15886,.T.);
#15884 = VERTEX_POINT('',#15885);
#15885 = CARTESIAN_POINT('',(86.4,112.,0.));
#15886 = ( BOUNDED_CURVE() B_SPLINE_CURVE(6,(#15887,#15888,#15889,#15890
    ,#15891,#15892,#15893),.UNSPECIFIED.,.T.,.F.) 
B_SPLINE_CURVE_WITH_KNOTS((1,6,6,1),(-6.28318530718,0.,6.28318530718,
12.566370614359),.UNSPECIFIED.) CURVE() GEOMETRIC_REPRESENTATION_ITEM() 
RATIONAL_B_SPLINE_CURVE((1.669078461068,1.03672962321,1.038346699848,
    0.853534330196,1.038346699848,1.03672962321,1.669078461068)) 
REPRESENTATION_ITEM('') );
#15887 = CARTESIAN_POINT('',(86.4,112.,0.));
#15888 = CARTESIAN_POINT('',(86.4,112.,-5.316937841827));
#15889 = CARTESIAN_POINT('',(79.825445790246,112.,-6.080359626386));
#15890 = CARTESIAN_POINT('',(74.402825852773,112.,-8.881784197001E-15));
#15891 = CARTESIAN_POINT('',(79.825445790246,112.,6.080359626386));
#15892 = CARTESIAN_POINT('',(86.4,112.,5.316937841827));
#15893 = CARTESIAN_POINT('',(86.4,112.,0.));
#15894 = FACE_BOUND('',#15895,.F.);
#15895 = EDGE_LOOP('',(#15896,#15897,#15898,#15904));
#15896 = ORIENTED_EDGE('',*,*,#15834,.F.);
#15897 = ORIENTED_EDGE('',*,*,#15642,.T.);
#15898 = ORIENTED_EDGE('',*,*,#15899,.T.);
#15899 = EDGE_CURVE('',#15634,#15753,#15900,.T.);
#15900 = LINE('',#15901,#15902);
#15901 = CARTESIAN_POINT('',(84.4,112.,-3.5));
#15902 = VECTOR('',#15903,1.);
#15903 = DIRECTION('',(0.,0.,1.));
#15904 = ORIENTED_EDGE('',*,*,#15761,.F.);
#15905 = PLANE('',#15906);
#15906 = AXIS2_PLACEMENT_3D('',#15907,#15908,#15909);
#15907 = CARTESIAN_POINT('',(83.200506954352,112.,-8.234156919165E-15));
#15908 = DIRECTION('',(-8.899287193265E-15,1.,-7.684790931059E-15));
#15909 = DIRECTION('',(1.,8.899287193265E-15,0.));
#15910 = ADVANCED_FACE('',(#15911),#15922,.T.);
#15911 = FACE_BOUND('',#15912,.T.);
#15912 = EDGE_LOOP('',(#15913,#15914,#15915));
#15913 = ORIENTED_EDGE('',*,*,#15666,.F.);
#15914 = ORIENTED_EDGE('',*,*,#15633,.T.);
#15915 = ORIENTED_EDGE('',*,*,#15916,.F.);
#15916 = EDGE_CURVE('',#15667,#15634,#15917,.T.);
#15917 = CIRCLE('',#15918,2.);
#15918 = AXIS2_PLACEMENT_3D('',#15919,#15920,#15921);
#15919 = CARTESIAN_POINT('',(84.4,110.,-1.5));
#15920 = DIRECTION('',(0.,0.,1.));
#15921 = DIRECTION('',(1.,0.,0.));
#15922 = SPHERICAL_SURFACE('',#15923,2.);
#15923 = AXIS2_PLACEMENT_3D('',#15924,#15925,#15926);
#15924 = CARTESIAN_POINT('',(84.4,110.,-1.5));
#15925 = DIRECTION('',(0.,0.,1.));
#15926 = DIRECTION('',(1.,0.,0.));
#15927 = ADVANCED_FACE('',(#15928),#15939,.T.);
#15928 = FACE_BOUND('',#15929,.T.);
#15929 = EDGE_LOOP('',(#15930,#15931,#15932,#15938));
#15930 = ORIENTED_EDGE('',*,*,#15855,.F.);
#15931 = ORIENTED_EDGE('',*,*,#15675,.T.);
#15932 = ORIENTED_EDGE('',*,*,#15933,.T.);
#15933 = EDGE_CURVE('',#15667,#15786,#15934,.T.);
#15934 = LINE('',#15935,#15936);
#15935 = CARTESIAN_POINT('',(86.4,110.,-3.5));
#15936 = VECTOR('',#15937,1.);
#15937 = DIRECTION('',(0.,0.,1.));
#15938 = ORIENTED_EDGE('',*,*,#15794,.F.);
#15939 = PLANE('',#15940);
#15940 = AXIS2_PLACEMENT_3D('',#15941,#15942,#15943);
#15941 = CARTESIAN_POINT('',(86.4,20.,-3.5));
#15942 = DIRECTION('',(1.,0.,0.));
#15943 = DIRECTION('',(0.,0.,1.));
#15944 = ADVANCED_FACE('',(#15945),#15950,.T.);
#15945 = FACE_BOUND('',#15946,.F.);
#15946 = EDGE_LOOP('',(#15947,#15948,#15949));
#15947 = ORIENTED_EDGE('',*,*,#15840,.F.);
#15948 = ORIENTED_EDGE('',*,*,#15742,.T.);
#15949 = ORIENTED_EDGE('',*,*,#15709,.F.);
#15950 = SPHERICAL_SURFACE('',#15951,2.);
#15951 = AXIS2_PLACEMENT_3D('',#15952,#15953,#15954);
#15952 = CARTESIAN_POINT('',(82.,110.,1.5));
#15953 = DIRECTION('',(0.,-1.,0.));
#15954 = DIRECTION('',(-1.,0.,2.22044604925E-16));
#15955 = ADVANCED_FACE('',(#15956),#15967,.T.);
#15956 = FACE_BOUND('',#15957,.T.);
#15957 = EDGE_LOOP('',(#15958,#15965,#15966));
#15958 = ORIENTED_EDGE('',*,*,#15959,.F.);
#15959 = EDGE_CURVE('',#15753,#15786,#15960,.T.);
#15960 = CIRCLE('',#15961,2.);
#15961 = AXIS2_PLACEMENT_3D('',#15962,#15963,#15964);
#15962 = CARTESIAN_POINT('',(84.4,110.,1.5));
#15963 = DIRECTION('',(2.22044604925E-16,0.,-1.));
#15964 = DIRECTION('',(1.,0.,2.22044604925E-16));
#15965 = ORIENTED_EDGE('',*,*,#15752,.T.);
#15966 = ORIENTED_EDGE('',*,*,#15785,.F.);
#15967 = SPHERICAL_SURFACE('',#15968,2.);
#15968 = AXIS2_PLACEMENT_3D('',#15969,#15970,#15971);
#15969 = CARTESIAN_POINT('',(84.4,110.,1.5));
#15970 = DIRECTION('',(0.,-1.,0.));
#15971 = DIRECTION('',(1.,0.,2.22044604925E-16));
#15972 = ADVANCED_FACE('',(#15973),#16018,.T.);
#15973 = FACE_BOUND('',#15974,.T.);
#15974 = EDGE_LOOP('',(#15975,#16006,#16016,#16017));
#15975 = ORIENTED_EDGE('',*,*,#15976,.T.);
#15976 = EDGE_CURVE('',#15884,#15977,#15979,.T.);
#15977 = VERTEX_POINT('',#15978);
#15978 = CARTESIAN_POINT('',(86.4,153.,-27.));
#15979 = ( BOUNDED_CURVE() B_SPLINE_CURVE(7,(#15980,#15981,#15982,#15983
    ,#15984,#15985,#15986,#15987,#15988,#15989,#15990,#15991,#15992,
    #15993,#15994,#15995,#15996,#15997,#15998,#15999,#16000,#16001,
    #16002,#16003,#16004,#16005),.UNSPECIFIED.,.F.,.F.) 
B_SPLINE_CURVE_WITH_KNOTS((8,6,6,6,8),(0.,14.035668847618,
27.964057124802,41.417681171876,54.06679181255),.UNSPECIFIED.) CURVE() 
GEOMETRIC_REPRESENTATION_ITEM() RATIONAL_B_SPLINE_CURVE((1.669078461068,
    1.669078461068,1.669078461068,1.669078461068,1.669078461068,
    1.669078461068,1.669078461068,1.669078461068,1.669078461068,
    1.669078461068,1.669078461068,1.669078461068,1.669078461068,
    1.669078461068,1.669078461068,1.669078461068,1.669078461068,
    1.669078461068,1.669078461068,1.669078461068,1.669078461068,
    1.669078461068,1.669078461068,1.669078461068,1.669078461068,
1.669078461068)) REPRESENTATION_ITEM('') );
#15980 = CARTESIAN_POINT('',(86.4,112.,0.));
#15981 = CARTESIAN_POINT('',(86.4,113.97620428345,0.127116243434));
#15982 = CARTESIAN_POINT('',(86.4,115.97705135603,0.166891504796));
#15983 = CARTESIAN_POINT('',(86.4,117.99251468756,0.117735696071));
#15984 = CARTESIAN_POINT('',(86.4,120.01256774789,-2.194127075544E-02));
#15985 = CARTESIAN_POINT('',(86.4,122.02718400685,-0.2537294837));
#15986 = CARTESIAN_POINT('',(86.4,124.02633693427,-0.579219030776));
#15987 = CARTESIAN_POINT('',(86.4,127.95857752175,-1.417564761796));
#15988 = CARTESIAN_POINT('',(86.4,129.89205335229,-1.928969807331));
#15989 = CARTESIAN_POINT('',(86.4,131.79520157343,-2.537255156861));
#15990 = CARTESIAN_POINT('',(86.4,133.66279626695,-3.245460830638));
#15991 = CARTESIAN_POINT('',(86.4,135.48961151469,-4.056626848917));
#15992 = CARTESIAN_POINT('',(86.4,137.27042139843,-4.973793231953));
#15993 = CARTESIAN_POINT('',(86.4,140.67062403791,-6.991227396675));
#15994 = CARTESIAN_POINT('',(86.4,142.29344981771,-8.084188348437));
#15995 = CARTESIAN_POINT('',(86.4,143.84874577239,-9.276740100042));
#15996 = CARTESIAN_POINT('',(86.4,145.31678033495,-10.56673989624));
#15997 = CARTESIAN_POINT('',(86.4,146.67782193841,-11.9520449818));
#15998 = CARTESIAN_POINT('',(86.4,147.91213901575,-13.43051260146));
#15999 = CARTESIAN_POINT('',(86.4,150.02280797376,-16.47563360502));
#16000 = CARTESIAN_POINT('',(86.4,150.91615199781,-18.03172668306));
#16001 = CARTESIAN_POINT('',(86.4,151.66743456151,-19.66773397218));
#16002 = CARTESIAN_POINT('',(86.4,152.26405815423,-21.38311021039));
#16003 = CARTESIAN_POINT('',(86.4,152.69342526531,-23.17731013574));
#16004 = CARTESIAN_POINT('',(86.4,152.94293838411,-25.04978848627));
#16005 = CARTESIAN_POINT('',(86.4,153.,-27.));
#16006 = ORIENTED_EDGE('',*,*,#16007,.F.);
#16007 = EDGE_CURVE('',#15977,#15977,#16008,.T.);
#16008 = ( BOUNDED_CURVE() B_SPLINE_CURVE(6,(#16009,#16010,#16011,#16012
    ,#16013,#16014,#16015),.UNSPECIFIED.,.T.,.F.) 
B_SPLINE_CURVE_WITH_KNOTS((1,6,6,1),(-6.28318530718,0.,6.28318530718,
12.566370614359),.UNSPECIFIED.) CURVE() GEOMETRIC_REPRESENTATION_ITEM() 
RATIONAL_B_SPLINE_CURVE((1.669078461068,1.03672962321,1.038346699848,
    0.853534330196,1.038346699848,1.03672962321,1.669078461068)) 
REPRESENTATION_ITEM('') );
#16009 = CARTESIAN_POINT('',(86.4,153.,-27.));
#16010 = CARTESIAN_POINT('',(86.4,147.68631549097,-26.81402970008));
#16011 = CARTESIAN_POINT('',(79.825445790246,146.92336082964,
    -26.78732753006));
#16012 = CARTESIAN_POINT('',(74.402825852773,153.,-27.));
#16013 = CARTESIAN_POINT('',(79.825445790246,159.07663917035,
    -27.21267246993));
#16014 = CARTESIAN_POINT('',(86.4,158.31368450902,-27.18597029991));
#16015 = CARTESIAN_POINT('',(86.4,153.,-27.));
#16016 = ORIENTED_EDGE('',*,*,#15976,.F.);
#16017 = ORIENTED_EDGE('',*,*,#15883,.T.);
#16018 = ( BOUNDED_SURFACE() B_SPLINE_SURFACE(6,7,(
    (#16019,#16020,#16021,#16022,#16023,#16024,#16025,#16026,#16027
      ,#16028,#16029,#16030,#16031,#16032,#16033,#16034,#16035,#16036
      ,#16037,#16038,#16039,#16040,#16041,#16042,#16043,#16044)
    ,(#16045,#16046,#16047,#16048,#16049,#16050,#16051,#16052,#16053
      ,#16054,#16055,#16056,#16057,#16058,#16059,#16060,#16061,#16062
      ,#16063,#16064,#16065,#16066,#16067,#16068,#16069,#16070)
    ,(#16071,#16072,#16073,#16074,#16075,#16076,#16077,#16078,#16079
      ,#16080,#16081,#16082,#16083,#16084,#16085,#16086,#16087,#16088
      ,#16089,#16090,#16091,#16092,#16093,#16094,#16095,#16096)
    ,(#16097,#16098,#16099,#16100,#16101,#16102,#16103,#16104,#16105
      ,#16106,#16107,#16108,#16109,#16110,#16111,#16112,#16113,#16114
      ,#16115,#16116,#16117,#16118,#16119,#16120,#16121,#16122)
    ,(#16123,#16124,#16125,#16126,#16127,#16128,#16129,#16130,#16131
      ,#16132,#16133,#16134,#16135,#16136,#16137,#16138,#16139,#16140
      ,#16141,#16142,#16143,#16144,#16145,#16146,#16147,#16148)
    ,(#16149,#16150,#16151,#16152,#16153,#16154,#16155,#16156,#16157
      ,#16158,#16159,#16160,#16161,#16162,#16163,#16164,#16165,#16166
      ,#16167,#16168,#16169,#16170,#16171,#16172,#16173,#16174)
    ,(#16175,#16176,#16177,#16178,#16179,#16180,#16181,#16182,#16183
      ,#16184,#16185,#16186,#16187,#16188,#16189,#16190,#16191,#16192
      ,#16193,#16194,#16195,#16196,#16197,#16198,#16199,#16200
)),.UNSPECIFIED.,.T.,.F.,.F.) B_SPLINE_SURFACE_WITH_KNOTS((1,6,6,1),(8,6
    ,6,6,8),(-6.28318530718,0.,6.28318530718,12.566370614359),(0.,
    14.035668847618,27.964057124802,41.417681171876,54.06679181255),
.UNSPECIFIED.) GEOMETRIC_REPRESENTATION_ITEM() RATIONAL_B_SPLINE_SURFACE
((
    (1.669078461068,1.669078461068,1.669078461068,1.669078461068
      ,1.669078461068,1.669078461068,1.669078461068,1.669078461068
      ,1.669078461068,1.669078461068,1.669078461068,1.669078461068
      ,1.669078461068,1.669078461068,1.669078461068,1.669078461068
      ,1.669078461068,1.669078461068,1.669078461068,1.669078461068
      ,1.669078461068,1.669078461068,1.669078461068,1.669078461068
      ,1.669078461068,1.669078461068)
    ,(1.03672962321,1.03672962321,1.03672962321,1.03672962321
      ,1.03672962321,1.03672962321,1.03672962321,1.03672962321
      ,1.03672962321,1.03672962321,1.03672962321,1.03672962321
      ,1.03672962321,1.03672962321,1.03672962321,1.03672962321
      ,1.03672962321,1.03672962321,1.03672962321,1.03672962321
      ,1.03672962321,1.03672962321,1.03672962321,1.03672962321
      ,1.03672962321,1.03672962321)
    ,(1.038346699848,1.038346699848,1.038346699848,1.038346699847
      ,1.038346699848,1.038346699848,1.038346699848,1.038346699848
      ,1.038346699847,1.038346699848,1.038346699847,1.038346699848
      ,1.038346699848,1.038346699848,1.038346699847,1.038346699848
      ,1.038346699847,1.038346699848,1.038346699848,1.038346699848
      ,1.038346699847,1.038346699848,1.038346699847,1.038346699848
      ,1.038346699847,1.038346699848)
    ,(0.853534330196,0.853534330196,0.853534330196,0.853534330196
      ,0.853534330196,0.853534330196,0.853534330196,0.853534330196
      ,0.853534330196,0.853534330196,0.853534330196,0.853534330196
      ,0.853534330196,0.853534330196,0.853534330196,0.853534330196
      ,0.853534330196,0.853534330196,0.853534330196,0.853534330196
      ,0.853534330196,0.853534330196,0.853534330196,0.853534330196
      ,0.853534330196,0.853534330196)
    ,(1.038346699848,1.038346699848,1.038346699848,1.038346699848
      ,1.038346699848,1.038346699848,1.038346699848,1.038346699848
      ,1.038346699847,1.038346699848,1.038346699847,1.038346699848
      ,1.038346699848,1.038346699848,1.038346699847,1.038346699848
      ,1.038346699847,1.038346699848,1.038346699848,1.038346699848
      ,1.038346699847,1.038346699848,1.038346699847,1.038346699848
      ,1.038346699847,1.038346699848)
    ,(1.03672962321,1.03672962321,1.03672962321,1.03672962321
      ,1.03672962321,1.03672962321,1.03672962321,1.03672962321
      ,1.03672962321,1.03672962321,1.03672962321,1.03672962321
      ,1.03672962321,1.03672962321,1.03672962321,1.03672962321
      ,1.03672962321,1.03672962321,1.03672962321,1.03672962321
      ,1.03672962321,1.03672962321,1.03672962321,1.03672962321
      ,1.03672962321,1.03672962321)
    ,(1.669078461068,1.669078461068,1.669078461068,1.669078461068
      ,1.669078461068,1.669078461068,1.669078461068,1.669078461068
      ,1.669078461068,1.669078461068,1.669078461068,1.669078461068
      ,1.669078461068,1.669078461068,1.669078461068,1.669078461068
      ,1.669078461068,1.669078461068,1.669078461068,1.669078461068
      ,1.669078461068,1.669078461068,1.669078461068,1.669078461068
,1.669078461068,1.669078461068))) REPRESENTATION_ITEM('') SURFACE() );
#16019 = CARTESIAN_POINT('',(86.4,112.,0.));
#16020 = CARTESIAN_POINT('',(86.4,113.97620428345,0.127116243434));
#16021 = CARTESIAN_POINT('',(86.4,115.97705135603,0.166891504796));
#16022 = CARTESIAN_POINT('',(86.4,117.99251468756,0.117735696071));
#16023 = CARTESIAN_POINT('',(86.4,120.01256774789,-2.194127075544E-02));
#16024 = CARTESIAN_POINT('',(86.4,122.02718400685,-0.2537294837));
#16025 = CARTESIAN_POINT('',(86.4,124.02633693427,-0.579219030776));
#16026 = CARTESIAN_POINT('',(86.4,127.95857752175,-1.417564761796));
#16027 = CARTESIAN_POINT('',(86.4,129.89205335229,-1.928969807331));
#16028 = CARTESIAN_POINT('',(86.4,131.79520157343,-2.537255156861));
#16029 = CARTESIAN_POINT('',(86.4,133.66279626695,-3.245460830638));
#16030 = CARTESIAN_POINT('',(86.4,135.48961151469,-4.056626848917));
#16031 = CARTESIAN_POINT('',(86.4,137.27042139843,-4.973793231953));
#16032 = CARTESIAN_POINT('',(86.4,140.67062403791,-6.991227396675));
#16033 = CARTESIAN_POINT('',(86.4,142.29344981771,-8.084188348437));
#16034 = CARTESIAN_POINT('',(86.4,143.84874577239,-9.276740100042));
#16035 = CARTESIAN_POINT('',(86.4,145.31678033495,-10.56673989624));
#16036 = CARTESIAN_POINT('',(86.4,146.67782193841,-11.9520449818));
#16037 = CARTESIAN_POINT('',(86.4,147.91213901575,-13.43051260146));
#16038 = CARTESIAN_POINT('',(86.4,150.02280797376,-16.47563360502));
#16039 = CARTESIAN_POINT('',(86.4,150.91615199781,-18.03172668306));
#16040 = CARTESIAN_POINT('',(86.4,151.66743456151,-19.66773397218));
#16041 = CARTESIAN_POINT('',(86.4,152.26405815423,-21.38311021039));
#16042 = CARTESIAN_POINT('',(86.4,152.69342526531,-23.17731013574));
#16043 = CARTESIAN_POINT('',(86.4,152.94293838411,-25.04978848627));
#16044 = CARTESIAN_POINT('',(86.4,153.,-27.));
#16045 = CARTESIAN_POINT('',(86.4,112.,-5.316937841827));
#16046 = CARTESIAN_POINT('',(86.4,113.77197454996,-5.189821598394));
#16047 = CARTESIAN_POINT('',(86.4,115.57069901175,-5.140894186647));
#16048 = CARTESIAN_POINT('',(86.4,117.38444018228,-5.172070682783));
#16049 = CARTESIAN_POINT('',(86.4,119.20156415613,-5.28474820017));
#16050 = CARTESIAN_POINT('',(86.4,121.01060594444,-5.479815079239));
#16051 = CARTESIAN_POINT('',(86.4,122.80033909384,-5.757660077384));
#16052 = CARTESIAN_POINT('',(86.4,126.30590286454,-6.475947421704));
#16053 = CARTESIAN_POINT('',(86.4,128.02128094558,-6.914873877561));
#16054 = CARTESIAN_POINT('',(86.4,129.70141818643,-7.436622843905));
#16055 = CARTESIAN_POINT('',(86.4,131.34236673664,-8.04279040204));
#16056 = CARTESIAN_POINT('',(86.4,132.94075391187,-8.735205805297));
#16057 = CARTESIAN_POINT('',(86.4,134.49374384854,-9.516230487243));
#16058 = CARTESIAN_POINT('',(86.4,137.45294620752,-11.23213241124));
#16059 = CARTESIAN_POINT('',(86.4,138.85676304205,-12.15703289859));
#16060 = CARTESIAN_POINT('',(86.4,140.1890986735,-13.15705919178));
#16061 = CARTESIAN_POINT('',(86.4,141.42973786665,-14.22474985736));
#16062 = CARTESIAN_POINT('',(86.4,142.56094693254,-15.35058475585));
#16063 = CARTESIAN_POINT('',(86.4,143.56883432604,-16.52477443446));
#16064 = CARTESIAN_POINT('',(86.4,145.26824031179,-18.88669962661));
#16065 = CARTESIAN_POINT('',(86.4,145.97771403118,-20.07381309046));
#16066 = CARTESIAN_POINT('',(86.4,146.56940743781,-21.3031824563));
#16067 = CARTESIAN_POINT('',(86.4,147.04145686264,-22.5781250385));
#16068 = CARTESIAN_POINT('',(86.4,147.39294741231,-23.91079092871));
#16069 = CARTESIAN_POINT('',(86.4,147.61335130959,-25.31819835332));
#16070 = CARTESIAN_POINT('',(86.4,147.68631549097,-26.81402970008));
#16071 = CARTESIAN_POINT('',(79.825445790246,112.,-6.080359626386));
#16072 = CARTESIAN_POINT('',(79.825445790246,113.74265063604,
    -5.953243382952));
#16073 = CARTESIAN_POINT('',(79.825445790246,115.51235373087,
    -5.903001878172));
#16074 = CARTESIAN_POINT('',(79.825445790246,117.29713103221,
    -5.931596851012));
#16075 = CARTESIAN_POINT('',(79.825445790246,119.08511784291,
    -6.040397706965));
#16076 = CARTESIAN_POINT('',(79.825445790246,120.86464263593,
    -6.230192027455));
#16077 = CARTESIAN_POINT('',(79.825445790246,122.62430666934,
    -6.50119607924));
#16078 = CARTESIAN_POINT('',(79.825445790246,126.06860691081,
    -7.202245082517));
#16079 = CARTESIAN_POINT('',(79.825445790246,127.75266986685,
    -7.630764846416));
#16080 = CARTESIAN_POINT('',(79.825445790246,129.40078652638,
    -8.140088660907));
#16081 = CARTESIAN_POINT('',(79.825445790246,131.00919254772,
    -8.731605282234));
#16082 = CARTESIAN_POINT('',(79.825445790246,132.57478133938,
    -9.406970118203));
#16083 = CARTESIAN_POINT('',(79.825445790246,134.09506020895,
    -10.16844716888));
#16084 = CARTESIAN_POINT('',(79.825445790246,136.99094243307,
    -11.84105419492));
#16085 = CARTESIAN_POINT('',(79.825445790246,138.3633133104,
    -12.74182405982));
#16086 = CARTESIAN_POINT('',(79.825445790246,139.66363563402,
    -13.7142069738));
#16087 = CARTESIAN_POINT('',(79.825445790246,140.87162472218,
    -14.74997783171));
#16088 = CARTESIAN_POINT('',(79.825445790246,141.96983374723,
    -15.8385572273));
#16089 = CARTESIAN_POINT('',(79.825445790246,142.94520969176,
    -16.9690577721));
#16090 = CARTESIAN_POINT('',(79.825445790246,144.58556531402,
    -19.23288767313));
#16091 = CARTESIAN_POINT('',(79.825445790246,145.26863838697,
    -20.36702194408));
#16092 = CARTESIAN_POINT('',(79.825445790246,145.8374175067,
    -21.53800502475));
#16093 = CARTESIAN_POINT('',(79.825445790246,146.29158020117,
    -22.74970882973));
#16094 = CARTESIAN_POINT('',(79.825445790246,146.63188900201,
    -24.0161062874));
#16095 = CARTESIAN_POINT('',(79.825445790246,146.8481133105,
    -25.35673744213));
#16096 = CARTESIAN_POINT('',(79.825445790246,146.92336082964,
    -26.78732753006));
#16097 = CARTESIAN_POINT('',(74.402825852773,112.,-8.881784197001E-15));
#16098 = CARTESIAN_POINT('',(74.402825852773,113.97620428345,
    0.127116243434));
#16099 = CARTESIAN_POINT('',(74.402825852773,115.97705135603,
    0.166891504796));
#16100 = CARTESIAN_POINT('',(74.402825852773,117.99251468756,
    0.117735696071));
#16101 = CARTESIAN_POINT('',(74.402825852773,120.01256774789,
    -2.194127075508E-02));
#16102 = CARTESIAN_POINT('',(74.402825852773,122.02718400685,
    -0.253729483699));
#16103 = CARTESIAN_POINT('',(74.402825852773,124.02633693427,
    -0.579219030775));
#16104 = CARTESIAN_POINT('',(74.402825852773,127.95857752175,
    -1.417564761796));
#16105 = CARTESIAN_POINT('',(74.402825852773,129.89205335229,
    -1.928969807331));
#16106 = CARTESIAN_POINT('',(74.402825852773,131.79520157343,
    -2.53725515686));
#16107 = CARTESIAN_POINT('',(74.402825852773,133.66279626695,
    -3.245460830637));
#16108 = CARTESIAN_POINT('',(74.402825852773,135.48961151469,
    -4.056626848917));
#16109 = CARTESIAN_POINT('',(74.402825852773,137.27042139843,
    -4.973793231953));
#16110 = CARTESIAN_POINT('',(74.402825852773,140.67062403791,
    -6.991227396674));
#16111 = CARTESIAN_POINT('',(74.402825852773,142.29344981771,
    -8.084188348437));
#16112 = CARTESIAN_POINT('',(74.402825852773,143.84874577239,
    -9.276740100042));
#16113 = CARTESIAN_POINT('',(74.402825852773,145.31678033495,
    -10.56673989624));
#16114 = CARTESIAN_POINT('',(74.402825852773,146.67782193841,
    -11.9520449818));
#16115 = CARTESIAN_POINT('',(74.402825852773,147.91213901576,
    -13.43051260146));
#16116 = CARTESIAN_POINT('',(74.402825852773,150.02280797376,
    -16.47563360501));
#16117 = CARTESIAN_POINT('',(74.402825852773,150.91615199781,
    -18.03172668306));
#16118 = CARTESIAN_POINT('',(74.402825852773,151.66743456152,
    -19.66773397218));
#16119 = CARTESIAN_POINT('',(74.402825852773,152.26405815423,
    -21.38311021039));
#16120 = CARTESIAN_POINT('',(74.402825852773,152.69342526531,
    -23.17731013574));
#16121 = CARTESIAN_POINT('',(74.402825852773,152.94293838411,
    -25.04978848627));
#16122 = CARTESIAN_POINT('',(74.402825852773,153.,-27.));
#16123 = CARTESIAN_POINT('',(79.825445790246,112.,6.080359626386));
#16124 = CARTESIAN_POINT('',(79.825445790246,114.20975793086,
    6.20747586982));
#16125 = CARTESIAN_POINT('',(79.825445790246,116.44174898118,
    6.236784887764));
#16126 = CARTESIAN_POINT('',(79.825445790246,118.68789834291,
    6.167068243155));
#16127 = CARTESIAN_POINT('',(79.825445790246,120.94001765286,
    5.996515165454));
#16128 = CARTESIAN_POINT('',(79.825445790246,123.18972537776,
    5.722733060056));
#16129 = CARTESIAN_POINT('',(79.825445790246,125.4283671992,
    5.342758017689));
#16130 = CARTESIAN_POINT('',(79.825445790246,129.8485481327,
    4.367115558925));
#16131 = CARTESIAN_POINT('',(79.825445790246,132.03143683774,
    3.772825231754));
#16132 = CARTESIAN_POINT('',(79.825445790246,134.18961662047,
    3.065578347186));
#16133 = CARTESIAN_POINT('',(79.825445790246,136.31639998619,
    2.240683620959));
#16134 = CARTESIAN_POINT('',(79.825445790246,138.40444169,1.293716420369
    ));
#16135 = CARTESIAN_POINT('',(79.825445790246,140.44578258792,
    0.220860704976));
#16136 = CARTESIAN_POINT('',(79.825445790246,144.35030564275,
    -2.14140059842));
#16137 = CARTESIAN_POINT('',(79.825445790246,146.22358632501,
    -3.426552637051));
#16138 = CARTESIAN_POINT('',(79.825445790246,148.03385591076,
    -4.839273226281));
#16139 = CARTESIAN_POINT('',(79.825445790246,149.76193594772,
    -6.383501960771));
#16140 = CARTESIAN_POINT('',(79.825445790246,151.38581012959,
    -8.065532736303));
#16141 = CARTESIAN_POINT('',(79.825445790246,152.87906833975,
    -9.891967430829));
#16142 = CARTESIAN_POINT('',(79.825445790246,155.46005063349,
    -13.7183795369));
#16143 = CARTESIAN_POINT('',(79.825445790246,156.56366560866,
    -15.69643142205));
#16144 = CARTESIAN_POINT('',(79.825445790246,157.49745161633,
    -17.79746291961));
#16145 = CARTESIAN_POINT('',(79.825445790246,158.23653610728,
    -20.01651159106));
#16146 = CARTESIAN_POINT('',(79.825445790246,158.75496152861,
    -22.33851398409));
#16147 = CARTESIAN_POINT('',(79.825445790246,159.03776345772,
    -24.7428395304));
#16148 = CARTESIAN_POINT('',(79.825445790246,159.07663917035,
    -27.21267246993));
#16149 = CARTESIAN_POINT('',(86.4,112.,5.316937841827));
#16150 = CARTESIAN_POINT('',(86.4,114.18043401694,5.444054085261));
#16151 = CARTESIAN_POINT('',(86.4,116.3834037003,5.474677196239));
#16152 = CARTESIAN_POINT('',(86.4,118.60058919284,5.407542074925));
#16153 = CARTESIAN_POINT('',(86.4,120.82357133964,5.240865658659));
#16154 = CARTESIAN_POINT('',(86.4,123.04376206925,4.97235611184));
#16155 = CARTESIAN_POINT('',(86.4,125.2523347747,4.599222015832));
#16156 = CARTESIAN_POINT('',(86.4,129.61125217897,3.640817898112));
#16157 = CARTESIAN_POINT('',(86.4,131.76282575901,3.056934262898));
#16158 = CARTESIAN_POINT('',(86.4,133.88898496042,2.362112530183));
#16159 = CARTESIAN_POINT('',(86.4,135.98322579727,1.551868740765));
#16160 = CARTESIAN_POINT('',(86.4,138.03846911751,0.621952107463));
#16161 = CARTESIAN_POINT('',(86.4,140.04709894832,-0.431355976663));
#16162 = CARTESIAN_POINT('',(86.4,143.8883018683,-2.750322382101));
#16163 = CARTESIAN_POINT('',(86.4,145.73013659336,-4.011343798281));
#16164 = CARTESIAN_POINT('',(86.4,147.50839287128,-5.396421008295));
#16165 = CARTESIAN_POINT('',(86.4,149.20382280326,-6.908729935129));
#16166 = CARTESIAN_POINT('',(86.4,150.79469694428,-8.553505207749));
#16167 = CARTESIAN_POINT('',(86.4,152.25544370547,-10.33625076847));
#16168 = CARTESIAN_POINT('',(86.4,154.77737563572,-14.06456758342));
#16169 = CARTESIAN_POINT('',(86.4,155.85458996445,-15.98964027567));
#16170 = CARTESIAN_POINT('',(86.4,156.76546168522,-18.03228548806));
#16171 = CARTESIAN_POINT('',(86.4,157.48665944582,-20.18809538229));
#16172 = CARTESIAN_POINT('',(86.4,157.99390311831,-22.44382934277));
#16173 = CARTESIAN_POINT('',(86.4,158.27252545863,-24.78137861921));
#16174 = CARTESIAN_POINT('',(86.4,158.31368450902,-27.18597029991));
#16175 = CARTESIAN_POINT('',(86.4,112.,0.));
#16176 = CARTESIAN_POINT('',(86.4,113.97620428345,0.127116243434));
#16177 = CARTESIAN_POINT('',(86.4,115.97705135603,0.166891504796));
#16178 = CARTESIAN_POINT('',(86.4,117.99251468756,0.117735696071));
#16179 = CARTESIAN_POINT('',(86.4,120.01256774789,-2.194127075544E-02));
#16180 = CARTESIAN_POINT('',(86.4,122.02718400685,-0.2537294837));
#16181 = CARTESIAN_POINT('',(86.4,124.02633693427,-0.579219030776));
#16182 = CARTESIAN_POINT('',(86.4,127.95857752175,-1.417564761796));
#16183 = CARTESIAN_POINT('',(86.4,129.89205335229,-1.928969807331));
#16184 = CARTESIAN_POINT('',(86.4,131.79520157343,-2.537255156861));
#16185 = CARTESIAN_POINT('',(86.4,133.66279626695,-3.245460830638));
#16186 = CARTESIAN_POINT('',(86.4,135.48961151469,-4.056626848917));
#16187 = CARTESIAN_POINT('',(86.4,137.27042139843,-4.973793231953));
#16188 = CARTESIAN_POINT('',(86.4,140.67062403791,-6.991227396675));
#16189 = CARTESIAN_POINT('',(86.4,142.29344981771,-8.084188348437));
#16190 = CARTESIAN_POINT('',(86.4,143.84874577239,-9.276740100042));
#16191 = CARTESIAN_POINT('',(86.4,145.31678033495,-10.56673989624));
#16192 = CARTESIAN_POINT('',(86.4,146.67782193841,-11.9520449818));
#16193 = CARTESIAN_POINT('',(86.4,147.91213901575,-13.43051260146));
#16194 = CARTESIAN_POINT('',(86.4,150.02280797376,-16.47563360502));
#16195 = CARTESIAN_POINT('',(86.4,150.91615199781,-18.03172668306));
#16196 = CARTESIAN_POINT('',(86.4,151.66743456151,-19.66773397218));
#16197 = CARTESIAN_POINT('',(86.4,152.26405815423,-21.38311021039));
#16198 = CARTESIAN_POINT('',(86.4,152.69342526531,-23.17731013574));
#16199 = CARTESIAN_POINT('',(86.4,152.94293838411,-25.04978848627));
#16200 = CARTESIAN_POINT('',(86.4,153.,-27.));
#16201 = ADVANCED_FACE('',(#16202),#16208,.T.);
#16202 = FACE_BOUND('',#16203,.T.);
#16203 = EDGE_LOOP('',(#16204,#16205,#16206,#16207));
#16204 = ORIENTED_EDGE('',*,*,#15933,.F.);
#16205 = ORIENTED_EDGE('',*,*,#15916,.T.);
#16206 = ORIENTED_EDGE('',*,*,#15899,.T.);
#16207 = ORIENTED_EDGE('',*,*,#15959,.T.);
#16208 = CYLINDRICAL_SURFACE('',#16209,2.);
#16209 = AXIS2_PLACEMENT_3D('',#16210,#16211,#16212);
#16210 = CARTESIAN_POINT('',(84.4,110.,-3.5));
#16211 = DIRECTION('',(0.,0.,1.));
#16212 = DIRECTION('',(1.,0.,0.));
#16213 = ADVANCED_FACE('',(#16214),#16217,.T.);
#16214 = FACE_BOUND('',#16215,.T.);
#16215 = EDGE_LOOP('',(#16216));
#16216 = ORIENTED_EDGE('',*,*,#16007,.T.);
#16217 = PLANE('',#16218);
#16218 = AXIS2_PLACEMENT_3D('',#16219,#16220,#16221);
#16219 = CARTESIAN_POINT('',(83.200506954352,153.,-27.));
#16220 = DIRECTION('',(-1.019529497957E-15,-3.497695580642E-02,
    -0.999388119082));
#16221 = DIRECTION('',(0.,-0.999388119082,3.497695580642E-02));
#16222 = ( GEOMETRIC_REPRESENTATION_CONTEXT(3) 
GLOBAL_UNCERTAINTY_ASSIGNED_CONTEXT((#16226)) 
GLOBAL_UNIT_ASSIGNED_CONTEXT((#16223,#16224,#16225)) 
REPRESENTATION_CONTEXT('Context #1',
  '3D Context with UNIT and UNCERTAINTY') );
#16223 = ( LENGTH_UNIT() NAMED_UNIT(*) SI_UNIT(.MILLI.,.METRE.) );
#16224 = ( NAMED_UNIT(*) PLANE_ANGLE_UNIT() SI_UNIT($,.RADIAN.) );
#16225 = ( NAMED_UNIT(*) SI_UNIT($,.STERADIAN.) SOLID_ANGLE_UNIT() );
#16226 = UNCERTAINTY_MEASURE_WITH_UNIT(LENGTH_MEASURE(1.E-06),#16223,
  'distance_accuracy_value','confusion accuracy');
#16227 = PRODUCT_RELATED_PRODUCT_CATEGORY('part',$,(#7));
ENDSEC;
END-ISO-10303-21;
